ISO-10303-21;
HEADER;
/* Generated by software containing ST-Developer
 * from STEP Tools, Inc. (www.steptools.com) 
 */

FILE_DESCRIPTION(
/* description */ (''),
/* implementation_level */ '2;1');

FILE_NAME(
/* name */ '14_Cupula_Estrutural_2020.step',
/* time_stamp */ '2026-09-24T23:09:36-03:00',
/* author */ (''),
/* organization */ (''),
/* preprocessor_version */ 'ST-DEVELOPER v20.2',
/* originating_system */ 'Autodesk Translation Framework v15.15.0.0',
/* authorisation */ '');

FILE_SCHEMA (('AUTOMOTIVE_DESIGN { 1 0 10303 214 3 1 1 }'));
ENDSEC;

DATA;
#10=MECHANICAL_DESIGN_GEOMETRIC_PRESENTATION_REPRESENTATION('',(#17,#18,
#19,#20,#21,#22,#23,#24,#25,#26,#27,#28,#29,#30,#31,#32,#33,#34),#21261);
#11=SHAPE_REPRESENTATION_RELATIONSHIP('SRR','None',#21268,#12);
#12=ADVANCED_BREP_SHAPE_REPRESENTATION('',(#35,#36,#37,#38,#39,#40,#41,
#42,#43,#44,#45,#46,#47,#48,#49,#50,#51,#52),#21260);
#13=ELLIPSE('',#14159,4.24264068711929,3.);
#14=ELLIPSE('',#14160,4.24264068711929,3.);
#15=ELLIPSE('',#14162,4.24264068711929,3.);
#16=ELLIPSE('',#14163,4.24264068711929,3.);
#17=STYLED_ITEM('',(#21278),#35);
#18=STYLED_ITEM('',(#21278),#36);
#19=STYLED_ITEM('',(#21278),#37);
#20=STYLED_ITEM('',(#21278),#38);
#21=STYLED_ITEM('',(#21278),#39);
#22=STYLED_ITEM('',(#21278),#40);
#23=STYLED_ITEM('',(#21278),#41);
#24=STYLED_ITEM('',(#21278),#42);
#25=STYLED_ITEM('',(#21278),#43);
#26=STYLED_ITEM('',(#21278),#44);
#27=STYLED_ITEM('',(#21278),#45);
#28=STYLED_ITEM('',(#21278),#46);
#29=STYLED_ITEM('',(#21279),#47);
#30=STYLED_ITEM('',(#21279),#48);
#31=STYLED_ITEM('',(#21279),#49);
#32=STYLED_ITEM('',(#21279),#50);
#33=STYLED_ITEM('',(#21279),#51);
#34=STYLED_ITEM('',(#21280),#52);
#35=MANIFOLD_SOLID_BREP('Coluna_2020_Front_Left',#13428);
#36=MANIFOLD_SOLID_BREP('Coluna_2020_Front_Right',#13429);
#37=MANIFOLD_SOLID_BREP('Coluna_2020_Rear_Left',#13430);
#38=MANIFOLD_SOLID_BREP('Coluna_2020_Rear_Right',#13431);
#39=MANIFOLD_SOLID_BREP('Viga_2020_Front_Bottom',#13432);
#40=MANIFOLD_SOLID_BREP('Viga_2020_Rear_Bottom',#13433);
#41=MANIFOLD_SOLID_BREP('Viga_2020_Front_Top',#13434);
#42=MANIFOLD_SOLID_BREP('Viga_2020_Rear_Top',#13435);
#43=MANIFOLD_SOLID_BREP('Travessa_2020_Left_Bottom',#13436);
#44=MANIFOLD_SOLID_BREP('Travessa_2020_Right_Bottom',#13437);
#45=MANIFOLD_SOLID_BREP('Travessa_2020_Left_Top',#13438);
#46=MANIFOLD_SOLID_BREP('Travessa_2020_Right_Top',#13439);
#47=MANIFOLD_SOLID_BREP('Painel_Teto_Policarbonato',#13440);
#48=MANIFOLD_SOLID_BREP('Painel_Frontal_Policarbonato',#13441);
#49=MANIFOLD_SOLID_BREP('Painel_Traseiro_Policarbonato',#13442);
#50=MANIFOLD_SOLID_BREP('Painel_Lateral_Esq_Policarbonato',#13443);
#51=MANIFOLD_SOLID_BREP('Painel_Lateral_Dir_Policarbonato',#13444);
#52=MANIFOLD_SOLID_BREP('Alca_Puxador_Preta',#13445);
#53=FACE_BOUND('',#1456,.T.);
#54=FACE_BOUND('',#1458,.T.);
#55=FACE_BOUND('',#1509,.T.);
#56=FACE_BOUND('',#1511,.T.);
#57=FACE_BOUND('',#1562,.T.);
#58=FACE_BOUND('',#1564,.T.);
#59=FACE_BOUND('',#1615,.T.);
#60=FACE_BOUND('',#1617,.T.);
#61=FACE_BOUND('',#1668,.T.);
#62=FACE_BOUND('',#1670,.T.);
#63=FACE_BOUND('',#1721,.T.);
#64=FACE_BOUND('',#1723,.T.);
#65=FACE_BOUND('',#1774,.T.);
#66=FACE_BOUND('',#1776,.T.);
#67=FACE_BOUND('',#1827,.T.);
#68=FACE_BOUND('',#1829,.T.);
#69=FACE_BOUND('',#1880,.T.);
#70=FACE_BOUND('',#1882,.T.);
#71=FACE_BOUND('',#1933,.T.);
#72=FACE_BOUND('',#1935,.T.);
#73=FACE_BOUND('',#1986,.T.);
#74=FACE_BOUND('',#1988,.T.);
#75=FACE_BOUND('',#2039,.T.);
#76=FACE_BOUND('',#2041,.T.);
#77=FACE_BOUND('',#2056,.T.);
#78=FACE_BOUND('',#2060,.T.);
#79=FACE_BOUND('',#2063,.T.);
#80=FACE_BOUND('',#2067,.T.);
#81=FACE_BOUND('',#2070,.T.);
#82=FACE_BOUND('',#2074,.T.);
#83=FACE_BOUND('',#2080,.T.);
#84=FACE_BOUND('',#2081,.T.);
#85=FACE_BOUND('',#2082,.T.);
#86=FACE_BOUND('',#2084,.T.);
#87=FACE_BOUND('',#2085,.T.);
#88=FACE_BOUND('',#2086,.T.);
#89=PLANE('',#13462);
#90=PLANE('',#13463);
#91=PLANE('',#13464);
#92=PLANE('',#13465);
#93=PLANE('',#13466);
#94=PLANE('',#13467);
#95=PLANE('',#13468);
#96=PLANE('',#13469);
#97=PLANE('',#13470);
#98=PLANE('',#13471);
#99=PLANE('',#13472);
#100=PLANE('',#13473);
#101=PLANE('',#13474);
#102=PLANE('',#13475);
#103=PLANE('',#13476);
#104=PLANE('',#13477);
#105=PLANE('',#13478);
#106=PLANE('',#13479);
#107=PLANE('',#13480);
#108=PLANE('',#13481);
#109=PLANE('',#13482);
#110=PLANE('',#13483);
#111=PLANE('',#13484);
#112=PLANE('',#13485);
#113=PLANE('',#13486);
#114=PLANE('',#13487);
#115=PLANE('',#13488);
#116=PLANE('',#13489);
#117=PLANE('',#13490);
#118=PLANE('',#13491);
#119=PLANE('',#13492);
#120=PLANE('',#13493);
#121=PLANE('',#13494);
#122=PLANE('',#13495);
#123=PLANE('',#13496);
#124=PLANE('',#13497);
#125=PLANE('',#13498);
#126=PLANE('',#13499);
#127=PLANE('',#13500);
#128=PLANE('',#13501);
#129=PLANE('',#13502);
#130=PLANE('',#13503);
#131=PLANE('',#13504);
#132=PLANE('',#13505);
#133=PLANE('',#13506);
#134=PLANE('',#13507);
#135=PLANE('',#13508);
#136=PLANE('',#13509);
#137=PLANE('',#13510);
#138=PLANE('',#13511);
#139=PLANE('',#13515);
#140=PLANE('',#13516);
#141=PLANE('',#13517);
#142=PLANE('',#13518);
#143=PLANE('',#13519);
#144=PLANE('',#13520);
#145=PLANE('',#13521);
#146=PLANE('',#13522);
#147=PLANE('',#13523);
#148=PLANE('',#13524);
#149=PLANE('',#13525);
#150=PLANE('',#13526);
#151=PLANE('',#13527);
#152=PLANE('',#13528);
#153=PLANE('',#13529);
#154=PLANE('',#13530);
#155=PLANE('',#13531);
#156=PLANE('',#13532);
#157=PLANE('',#13533);
#158=PLANE('',#13534);
#159=PLANE('',#13535);
#160=PLANE('',#13536);
#161=PLANE('',#13537);
#162=PLANE('',#13538);
#163=PLANE('',#13539);
#164=PLANE('',#13540);
#165=PLANE('',#13541);
#166=PLANE('',#13542);
#167=PLANE('',#13543);
#168=PLANE('',#13544);
#169=PLANE('',#13545);
#170=PLANE('',#13546);
#171=PLANE('',#13547);
#172=PLANE('',#13548);
#173=PLANE('',#13549);
#174=PLANE('',#13550);
#175=PLANE('',#13551);
#176=PLANE('',#13552);
#177=PLANE('',#13553);
#178=PLANE('',#13554);
#179=PLANE('',#13555);
#180=PLANE('',#13556);
#181=PLANE('',#13557);
#182=PLANE('',#13558);
#183=PLANE('',#13559);
#184=PLANE('',#13560);
#185=PLANE('',#13561);
#186=PLANE('',#13562);
#187=PLANE('',#13563);
#188=PLANE('',#13564);
#189=PLANE('',#13568);
#190=PLANE('',#13569);
#191=PLANE('',#13570);
#192=PLANE('',#13571);
#193=PLANE('',#13572);
#194=PLANE('',#13573);
#195=PLANE('',#13574);
#196=PLANE('',#13575);
#197=PLANE('',#13576);
#198=PLANE('',#13577);
#199=PLANE('',#13578);
#200=PLANE('',#13579);
#201=PLANE('',#13580);
#202=PLANE('',#13581);
#203=PLANE('',#13582);
#204=PLANE('',#13583);
#205=PLANE('',#13584);
#206=PLANE('',#13585);
#207=PLANE('',#13586);
#208=PLANE('',#13587);
#209=PLANE('',#13588);
#210=PLANE('',#13589);
#211=PLANE('',#13590);
#212=PLANE('',#13591);
#213=PLANE('',#13592);
#214=PLANE('',#13593);
#215=PLANE('',#13594);
#216=PLANE('',#13595);
#217=PLANE('',#13596);
#218=PLANE('',#13597);
#219=PLANE('',#13598);
#220=PLANE('',#13599);
#221=PLANE('',#13600);
#222=PLANE('',#13601);
#223=PLANE('',#13602);
#224=PLANE('',#13603);
#225=PLANE('',#13604);
#226=PLANE('',#13605);
#227=PLANE('',#13606);
#228=PLANE('',#13607);
#229=PLANE('',#13608);
#230=PLANE('',#13609);
#231=PLANE('',#13610);
#232=PLANE('',#13611);
#233=PLANE('',#13612);
#234=PLANE('',#13613);
#235=PLANE('',#13614);
#236=PLANE('',#13615);
#237=PLANE('',#13616);
#238=PLANE('',#13617);
#239=PLANE('',#13621);
#240=PLANE('',#13622);
#241=PLANE('',#13623);
#242=PLANE('',#13624);
#243=PLANE('',#13625);
#244=PLANE('',#13626);
#245=PLANE('',#13627);
#246=PLANE('',#13628);
#247=PLANE('',#13629);
#248=PLANE('',#13630);
#249=PLANE('',#13631);
#250=PLANE('',#13632);
#251=PLANE('',#13633);
#252=PLANE('',#13634);
#253=PLANE('',#13635);
#254=PLANE('',#13636);
#255=PLANE('',#13637);
#256=PLANE('',#13638);
#257=PLANE('',#13639);
#258=PLANE('',#13640);
#259=PLANE('',#13641);
#260=PLANE('',#13642);
#261=PLANE('',#13643);
#262=PLANE('',#13644);
#263=PLANE('',#13645);
#264=PLANE('',#13646);
#265=PLANE('',#13647);
#266=PLANE('',#13648);
#267=PLANE('',#13649);
#268=PLANE('',#13650);
#269=PLANE('',#13651);
#270=PLANE('',#13652);
#271=PLANE('',#13653);
#272=PLANE('',#13654);
#273=PLANE('',#13655);
#274=PLANE('',#13656);
#275=PLANE('',#13657);
#276=PLANE('',#13658);
#277=PLANE('',#13659);
#278=PLANE('',#13660);
#279=PLANE('',#13661);
#280=PLANE('',#13662);
#281=PLANE('',#13663);
#282=PLANE('',#13664);
#283=PLANE('',#13665);
#284=PLANE('',#13666);
#285=PLANE('',#13667);
#286=PLANE('',#13668);
#287=PLANE('',#13669);
#288=PLANE('',#13670);
#289=PLANE('',#13674);
#290=PLANE('',#13675);
#291=PLANE('',#13676);
#292=PLANE('',#13677);
#293=PLANE('',#13678);
#294=PLANE('',#13679);
#295=PLANE('',#13680);
#296=PLANE('',#13681);
#297=PLANE('',#13682);
#298=PLANE('',#13683);
#299=PLANE('',#13684);
#300=PLANE('',#13685);
#301=PLANE('',#13686);
#302=PLANE('',#13687);
#303=PLANE('',#13688);
#304=PLANE('',#13689);
#305=PLANE('',#13690);
#306=PLANE('',#13691);
#307=PLANE('',#13692);
#308=PLANE('',#13693);
#309=PLANE('',#13694);
#310=PLANE('',#13695);
#311=PLANE('',#13696);
#312=PLANE('',#13697);
#313=PLANE('',#13698);
#314=PLANE('',#13699);
#315=PLANE('',#13700);
#316=PLANE('',#13701);
#317=PLANE('',#13702);
#318=PLANE('',#13703);
#319=PLANE('',#13704);
#320=PLANE('',#13705);
#321=PLANE('',#13706);
#322=PLANE('',#13707);
#323=PLANE('',#13708);
#324=PLANE('',#13709);
#325=PLANE('',#13710);
#326=PLANE('',#13711);
#327=PLANE('',#13712);
#328=PLANE('',#13713);
#329=PLANE('',#13714);
#330=PLANE('',#13715);
#331=PLANE('',#13716);
#332=PLANE('',#13717);
#333=PLANE('',#13718);
#334=PLANE('',#13719);
#335=PLANE('',#13720);
#336=PLANE('',#13721);
#337=PLANE('',#13722);
#338=PLANE('',#13723);
#339=PLANE('',#13727);
#340=PLANE('',#13728);
#341=PLANE('',#13729);
#342=PLANE('',#13730);
#343=PLANE('',#13731);
#344=PLANE('',#13732);
#345=PLANE('',#13733);
#346=PLANE('',#13734);
#347=PLANE('',#13735);
#348=PLANE('',#13736);
#349=PLANE('',#13737);
#350=PLANE('',#13738);
#351=PLANE('',#13739);
#352=PLANE('',#13740);
#353=PLANE('',#13741);
#354=PLANE('',#13742);
#355=PLANE('',#13743);
#356=PLANE('',#13744);
#357=PLANE('',#13745);
#358=PLANE('',#13746);
#359=PLANE('',#13747);
#360=PLANE('',#13748);
#361=PLANE('',#13749);
#362=PLANE('',#13750);
#363=PLANE('',#13751);
#364=PLANE('',#13752);
#365=PLANE('',#13753);
#366=PLANE('',#13754);
#367=PLANE('',#13755);
#368=PLANE('',#13756);
#369=PLANE('',#13757);
#370=PLANE('',#13758);
#371=PLANE('',#13759);
#372=PLANE('',#13760);
#373=PLANE('',#13761);
#374=PLANE('',#13762);
#375=PLANE('',#13763);
#376=PLANE('',#13764);
#377=PLANE('',#13765);
#378=PLANE('',#13766);
#379=PLANE('',#13767);
#380=PLANE('',#13768);
#381=PLANE('',#13769);
#382=PLANE('',#13770);
#383=PLANE('',#13771);
#384=PLANE('',#13772);
#385=PLANE('',#13773);
#386=PLANE('',#13774);
#387=PLANE('',#13775);
#388=PLANE('',#13776);
#389=PLANE('',#13780);
#390=PLANE('',#13781);
#391=PLANE('',#13782);
#392=PLANE('',#13783);
#393=PLANE('',#13784);
#394=PLANE('',#13785);
#395=PLANE('',#13786);
#396=PLANE('',#13787);
#397=PLANE('',#13788);
#398=PLANE('',#13789);
#399=PLANE('',#13790);
#400=PLANE('',#13791);
#401=PLANE('',#13792);
#402=PLANE('',#13793);
#403=PLANE('',#13794);
#404=PLANE('',#13795);
#405=PLANE('',#13796);
#406=PLANE('',#13797);
#407=PLANE('',#13798);
#408=PLANE('',#13799);
#409=PLANE('',#13800);
#410=PLANE('',#13801);
#411=PLANE('',#13802);
#412=PLANE('',#13803);
#413=PLANE('',#13804);
#414=PLANE('',#13805);
#415=PLANE('',#13806);
#416=PLANE('',#13807);
#417=PLANE('',#13808);
#418=PLANE('',#13809);
#419=PLANE('',#13810);
#420=PLANE('',#13811);
#421=PLANE('',#13812);
#422=PLANE('',#13813);
#423=PLANE('',#13814);
#424=PLANE('',#13815);
#425=PLANE('',#13816);
#426=PLANE('',#13817);
#427=PLANE('',#13818);
#428=PLANE('',#13819);
#429=PLANE('',#13820);
#430=PLANE('',#13821);
#431=PLANE('',#13822);
#432=PLANE('',#13823);
#433=PLANE('',#13824);
#434=PLANE('',#13825);
#435=PLANE('',#13826);
#436=PLANE('',#13827);
#437=PLANE('',#13828);
#438=PLANE('',#13829);
#439=PLANE('',#13833);
#440=PLANE('',#13834);
#441=PLANE('',#13835);
#442=PLANE('',#13836);
#443=PLANE('',#13837);
#444=PLANE('',#13838);
#445=PLANE('',#13839);
#446=PLANE('',#13840);
#447=PLANE('',#13841);
#448=PLANE('',#13842);
#449=PLANE('',#13843);
#450=PLANE('',#13844);
#451=PLANE('',#13845);
#452=PLANE('',#13846);
#453=PLANE('',#13847);
#454=PLANE('',#13848);
#455=PLANE('',#13849);
#456=PLANE('',#13850);
#457=PLANE('',#13851);
#458=PLANE('',#13852);
#459=PLANE('',#13853);
#460=PLANE('',#13854);
#461=PLANE('',#13855);
#462=PLANE('',#13856);
#463=PLANE('',#13857);
#464=PLANE('',#13858);
#465=PLANE('',#13859);
#466=PLANE('',#13860);
#467=PLANE('',#13861);
#468=PLANE('',#13862);
#469=PLANE('',#13863);
#470=PLANE('',#13864);
#471=PLANE('',#13865);
#472=PLANE('',#13866);
#473=PLANE('',#13867);
#474=PLANE('',#13868);
#475=PLANE('',#13869);
#476=PLANE('',#13870);
#477=PLANE('',#13871);
#478=PLANE('',#13872);
#479=PLANE('',#13873);
#480=PLANE('',#13874);
#481=PLANE('',#13875);
#482=PLANE('',#13876);
#483=PLANE('',#13877);
#484=PLANE('',#13878);
#485=PLANE('',#13879);
#486=PLANE('',#13880);
#487=PLANE('',#13881);
#488=PLANE('',#13882);
#489=PLANE('',#13886);
#490=PLANE('',#13887);
#491=PLANE('',#13888);
#492=PLANE('',#13889);
#493=PLANE('',#13890);
#494=PLANE('',#13891);
#495=PLANE('',#13892);
#496=PLANE('',#13893);
#497=PLANE('',#13894);
#498=PLANE('',#13895);
#499=PLANE('',#13896);
#500=PLANE('',#13897);
#501=PLANE('',#13898);
#502=PLANE('',#13899);
#503=PLANE('',#13900);
#504=PLANE('',#13901);
#505=PLANE('',#13902);
#506=PLANE('',#13903);
#507=PLANE('',#13904);
#508=PLANE('',#13905);
#509=PLANE('',#13906);
#510=PLANE('',#13907);
#511=PLANE('',#13908);
#512=PLANE('',#13909);
#513=PLANE('',#13910);
#514=PLANE('',#13911);
#515=PLANE('',#13912);
#516=PLANE('',#13913);
#517=PLANE('',#13914);
#518=PLANE('',#13915);
#519=PLANE('',#13916);
#520=PLANE('',#13917);
#521=PLANE('',#13918);
#522=PLANE('',#13919);
#523=PLANE('',#13920);
#524=PLANE('',#13921);
#525=PLANE('',#13922);
#526=PLANE('',#13923);
#527=PLANE('',#13924);
#528=PLANE('',#13925);
#529=PLANE('',#13926);
#530=PLANE('',#13927);
#531=PLANE('',#13928);
#532=PLANE('',#13929);
#533=PLANE('',#13930);
#534=PLANE('',#13931);
#535=PLANE('',#13932);
#536=PLANE('',#13933);
#537=PLANE('',#13934);
#538=PLANE('',#13935);
#539=PLANE('',#13939);
#540=PLANE('',#13940);
#541=PLANE('',#13941);
#542=PLANE('',#13942);
#543=PLANE('',#13943);
#544=PLANE('',#13944);
#545=PLANE('',#13945);
#546=PLANE('',#13946);
#547=PLANE('',#13947);
#548=PLANE('',#13948);
#549=PLANE('',#13949);
#550=PLANE('',#13950);
#551=PLANE('',#13951);
#552=PLANE('',#13952);
#553=PLANE('',#13953);
#554=PLANE('',#13954);
#555=PLANE('',#13955);
#556=PLANE('',#13956);
#557=PLANE('',#13957);
#558=PLANE('',#13958);
#559=PLANE('',#13959);
#560=PLANE('',#13960);
#561=PLANE('',#13961);
#562=PLANE('',#13962);
#563=PLANE('',#13963);
#564=PLANE('',#13964);
#565=PLANE('',#13965);
#566=PLANE('',#13966);
#567=PLANE('',#13967);
#568=PLANE('',#13968);
#569=PLANE('',#13969);
#570=PLANE('',#13970);
#571=PLANE('',#13971);
#572=PLANE('',#13972);
#573=PLANE('',#13973);
#574=PLANE('',#13974);
#575=PLANE('',#13975);
#576=PLANE('',#13976);
#577=PLANE('',#13977);
#578=PLANE('',#13978);
#579=PLANE('',#13979);
#580=PLANE('',#13980);
#581=PLANE('',#13981);
#582=PLANE('',#13982);
#583=PLANE('',#13983);
#584=PLANE('',#13984);
#585=PLANE('',#13985);
#586=PLANE('',#13986);
#587=PLANE('',#13987);
#588=PLANE('',#13988);
#589=PLANE('',#13992);
#590=PLANE('',#13993);
#591=PLANE('',#13994);
#592=PLANE('',#13995);
#593=PLANE('',#13996);
#594=PLANE('',#13997);
#595=PLANE('',#13998);
#596=PLANE('',#13999);
#597=PLANE('',#14000);
#598=PLANE('',#14001);
#599=PLANE('',#14002);
#600=PLANE('',#14003);
#601=PLANE('',#14004);
#602=PLANE('',#14005);
#603=PLANE('',#14006);
#604=PLANE('',#14007);
#605=PLANE('',#14008);
#606=PLANE('',#14009);
#607=PLANE('',#14010);
#608=PLANE('',#14011);
#609=PLANE('',#14012);
#610=PLANE('',#14013);
#611=PLANE('',#14014);
#612=PLANE('',#14015);
#613=PLANE('',#14016);
#614=PLANE('',#14017);
#615=PLANE('',#14018);
#616=PLANE('',#14019);
#617=PLANE('',#14020);
#618=PLANE('',#14021);
#619=PLANE('',#14022);
#620=PLANE('',#14023);
#621=PLANE('',#14024);
#622=PLANE('',#14025);
#623=PLANE('',#14026);
#624=PLANE('',#14027);
#625=PLANE('',#14028);
#626=PLANE('',#14029);
#627=PLANE('',#14030);
#628=PLANE('',#14031);
#629=PLANE('',#14032);
#630=PLANE('',#14033);
#631=PLANE('',#14034);
#632=PLANE('',#14035);
#633=PLANE('',#14036);
#634=PLANE('',#14037);
#635=PLANE('',#14038);
#636=PLANE('',#14039);
#637=PLANE('',#14040);
#638=PLANE('',#14041);
#639=PLANE('',#14045);
#640=PLANE('',#14046);
#641=PLANE('',#14047);
#642=PLANE('',#14048);
#643=PLANE('',#14049);
#644=PLANE('',#14050);
#645=PLANE('',#14051);
#646=PLANE('',#14052);
#647=PLANE('',#14053);
#648=PLANE('',#14054);
#649=PLANE('',#14055);
#650=PLANE('',#14056);
#651=PLANE('',#14057);
#652=PLANE('',#14058);
#653=PLANE('',#14059);
#654=PLANE('',#14060);
#655=PLANE('',#14061);
#656=PLANE('',#14062);
#657=PLANE('',#14063);
#658=PLANE('',#14064);
#659=PLANE('',#14065);
#660=PLANE('',#14066);
#661=PLANE('',#14067);
#662=PLANE('',#14068);
#663=PLANE('',#14069);
#664=PLANE('',#14070);
#665=PLANE('',#14071);
#666=PLANE('',#14072);
#667=PLANE('',#14073);
#668=PLANE('',#14074);
#669=PLANE('',#14075);
#670=PLANE('',#14076);
#671=PLANE('',#14077);
#672=PLANE('',#14078);
#673=PLANE('',#14079);
#674=PLANE('',#14080);
#675=PLANE('',#14081);
#676=PLANE('',#14082);
#677=PLANE('',#14083);
#678=PLANE('',#14084);
#679=PLANE('',#14085);
#680=PLANE('',#14086);
#681=PLANE('',#14087);
#682=PLANE('',#14088);
#683=PLANE('',#14089);
#684=PLANE('',#14090);
#685=PLANE('',#14091);
#686=PLANE('',#14092);
#687=PLANE('',#14093);
#688=PLANE('',#14094);
#689=PLANE('',#14095);
#690=PLANE('',#14096);
#691=PLANE('',#14097);
#692=PLANE('',#14098);
#693=PLANE('',#14099);
#694=PLANE('',#14100);
#695=PLANE('',#14101);
#696=PLANE('',#14102);
#697=PLANE('',#14103);
#698=PLANE('',#14104);
#699=PLANE('',#14105);
#700=PLANE('',#14106);
#701=PLANE('',#14110);
#702=PLANE('',#14117);
#703=PLANE('',#14121);
#704=PLANE('',#14128);
#705=PLANE('',#14132);
#706=PLANE('',#14139);
#707=PLANE('',#14140);
#708=PLANE('',#14141);
#709=PLANE('',#14142);
#710=PLANE('',#14143);
#711=PLANE('',#14144);
#712=PLANE('',#14145);
#713=PLANE('',#14146);
#714=PLANE('',#14147);
#715=PLANE('',#14148);
#716=PLANE('',#14149);
#717=PLANE('',#14150);
#718=PLANE('',#14151);
#719=PLANE('',#14152);
#720=PLANE('',#14153);
#721=PLANE('',#14154);
#722=PLANE('',#14155);
#723=PLANE('',#14156);
#724=PLANE('',#14157);
#725=PLANE('',#14166);
#726=PLANE('',#14167);
#727=PLANE('',#14168);
#728=PLANE('',#14169);
#729=PLANE('',#14170);
#730=PLANE('',#14171);
#731=PLANE('',#14172);
#732=PLANE('',#14173);
#733=PLANE('',#14174);
#734=PLANE('',#14175);
#735=FACE_OUTER_BOUND('',#1406,.T.);
#736=FACE_OUTER_BOUND('',#1407,.T.);
#737=FACE_OUTER_BOUND('',#1408,.T.);
#738=FACE_OUTER_BOUND('',#1409,.T.);
#739=FACE_OUTER_BOUND('',#1410,.T.);
#740=FACE_OUTER_BOUND('',#1411,.T.);
#741=FACE_OUTER_BOUND('',#1412,.T.);
#742=FACE_OUTER_BOUND('',#1413,.T.);
#743=FACE_OUTER_BOUND('',#1414,.T.);
#744=FACE_OUTER_BOUND('',#1415,.T.);
#745=FACE_OUTER_BOUND('',#1416,.T.);
#746=FACE_OUTER_BOUND('',#1417,.T.);
#747=FACE_OUTER_BOUND('',#1418,.T.);
#748=FACE_OUTER_BOUND('',#1419,.T.);
#749=FACE_OUTER_BOUND('',#1420,.T.);
#750=FACE_OUTER_BOUND('',#1421,.T.);
#751=FACE_OUTER_BOUND('',#1422,.T.);
#752=FACE_OUTER_BOUND('',#1423,.T.);
#753=FACE_OUTER_BOUND('',#1424,.T.);
#754=FACE_OUTER_BOUND('',#1425,.T.);
#755=FACE_OUTER_BOUND('',#1426,.T.);
#756=FACE_OUTER_BOUND('',#1427,.T.);
#757=FACE_OUTER_BOUND('',#1428,.T.);
#758=FACE_OUTER_BOUND('',#1429,.T.);
#759=FACE_OUTER_BOUND('',#1430,.T.);
#760=FACE_OUTER_BOUND('',#1431,.T.);
#761=FACE_OUTER_BOUND('',#1432,.T.);
#762=FACE_OUTER_BOUND('',#1433,.T.);
#763=FACE_OUTER_BOUND('',#1434,.T.);
#764=FACE_OUTER_BOUND('',#1435,.T.);
#765=FACE_OUTER_BOUND('',#1436,.T.);
#766=FACE_OUTER_BOUND('',#1437,.T.);
#767=FACE_OUTER_BOUND('',#1438,.T.);
#768=FACE_OUTER_BOUND('',#1439,.T.);
#769=FACE_OUTER_BOUND('',#1440,.T.);
#770=FACE_OUTER_BOUND('',#1441,.T.);
#771=FACE_OUTER_BOUND('',#1442,.T.);
#772=FACE_OUTER_BOUND('',#1443,.T.);
#773=FACE_OUTER_BOUND('',#1444,.T.);
#774=FACE_OUTER_BOUND('',#1445,.T.);
#775=FACE_OUTER_BOUND('',#1446,.T.);
#776=FACE_OUTER_BOUND('',#1447,.T.);
#777=FACE_OUTER_BOUND('',#1448,.T.);
#778=FACE_OUTER_BOUND('',#1449,.T.);
#779=FACE_OUTER_BOUND('',#1450,.T.);
#780=FACE_OUTER_BOUND('',#1451,.T.);
#781=FACE_OUTER_BOUND('',#1452,.T.);
#782=FACE_OUTER_BOUND('',#1453,.T.);
#783=FACE_OUTER_BOUND('',#1454,.T.);
#784=FACE_OUTER_BOUND('',#1455,.T.);
#785=FACE_OUTER_BOUND('',#1457,.T.);
#786=FACE_OUTER_BOUND('',#1459,.T.);
#787=FACE_OUTER_BOUND('',#1460,.T.);
#788=FACE_OUTER_BOUND('',#1461,.T.);
#789=FACE_OUTER_BOUND('',#1462,.T.);
#790=FACE_OUTER_BOUND('',#1463,.T.);
#791=FACE_OUTER_BOUND('',#1464,.T.);
#792=FACE_OUTER_BOUND('',#1465,.T.);
#793=FACE_OUTER_BOUND('',#1466,.T.);
#794=FACE_OUTER_BOUND('',#1467,.T.);
#795=FACE_OUTER_BOUND('',#1468,.T.);
#796=FACE_OUTER_BOUND('',#1469,.T.);
#797=FACE_OUTER_BOUND('',#1470,.T.);
#798=FACE_OUTER_BOUND('',#1471,.T.);
#799=FACE_OUTER_BOUND('',#1472,.T.);
#800=FACE_OUTER_BOUND('',#1473,.T.);
#801=FACE_OUTER_BOUND('',#1474,.T.);
#802=FACE_OUTER_BOUND('',#1475,.T.);
#803=FACE_OUTER_BOUND('',#1476,.T.);
#804=FACE_OUTER_BOUND('',#1477,.T.);
#805=FACE_OUTER_BOUND('',#1478,.T.);
#806=FACE_OUTER_BOUND('',#1479,.T.);
#807=FACE_OUTER_BOUND('',#1480,.T.);
#808=FACE_OUTER_BOUND('',#1481,.T.);
#809=FACE_OUTER_BOUND('',#1482,.T.);
#810=FACE_OUTER_BOUND('',#1483,.T.);
#811=FACE_OUTER_BOUND('',#1484,.T.);
#812=FACE_OUTER_BOUND('',#1485,.T.);
#813=FACE_OUTER_BOUND('',#1486,.T.);
#814=FACE_OUTER_BOUND('',#1487,.T.);
#815=FACE_OUTER_BOUND('',#1488,.T.);
#816=FACE_OUTER_BOUND('',#1489,.T.);
#817=FACE_OUTER_BOUND('',#1490,.T.);
#818=FACE_OUTER_BOUND('',#1491,.T.);
#819=FACE_OUTER_BOUND('',#1492,.T.);
#820=FACE_OUTER_BOUND('',#1493,.T.);
#821=FACE_OUTER_BOUND('',#1494,.T.);
#822=FACE_OUTER_BOUND('',#1495,.T.);
#823=FACE_OUTER_BOUND('',#1496,.T.);
#824=FACE_OUTER_BOUND('',#1497,.T.);
#825=FACE_OUTER_BOUND('',#1498,.T.);
#826=FACE_OUTER_BOUND('',#1499,.T.);
#827=FACE_OUTER_BOUND('',#1500,.T.);
#828=FACE_OUTER_BOUND('',#1501,.T.);
#829=FACE_OUTER_BOUND('',#1502,.T.);
#830=FACE_OUTER_BOUND('',#1503,.T.);
#831=FACE_OUTER_BOUND('',#1504,.T.);
#832=FACE_OUTER_BOUND('',#1505,.T.);
#833=FACE_OUTER_BOUND('',#1506,.T.);
#834=FACE_OUTER_BOUND('',#1507,.T.);
#835=FACE_OUTER_BOUND('',#1508,.T.);
#836=FACE_OUTER_BOUND('',#1510,.T.);
#837=FACE_OUTER_BOUND('',#1512,.T.);
#838=FACE_OUTER_BOUND('',#1513,.T.);
#839=FACE_OUTER_BOUND('',#1514,.T.);
#840=FACE_OUTER_BOUND('',#1515,.T.);
#841=FACE_OUTER_BOUND('',#1516,.T.);
#842=FACE_OUTER_BOUND('',#1517,.T.);
#843=FACE_OUTER_BOUND('',#1518,.T.);
#844=FACE_OUTER_BOUND('',#1519,.T.);
#845=FACE_OUTER_BOUND('',#1520,.T.);
#846=FACE_OUTER_BOUND('',#1521,.T.);
#847=FACE_OUTER_BOUND('',#1522,.T.);
#848=FACE_OUTER_BOUND('',#1523,.T.);
#849=FACE_OUTER_BOUND('',#1524,.T.);
#850=FACE_OUTER_BOUND('',#1525,.T.);
#851=FACE_OUTER_BOUND('',#1526,.T.);
#852=FACE_OUTER_BOUND('',#1527,.T.);
#853=FACE_OUTER_BOUND('',#1528,.T.);
#854=FACE_OUTER_BOUND('',#1529,.T.);
#855=FACE_OUTER_BOUND('',#1530,.T.);
#856=FACE_OUTER_BOUND('',#1531,.T.);
#857=FACE_OUTER_BOUND('',#1532,.T.);
#858=FACE_OUTER_BOUND('',#1533,.T.);
#859=FACE_OUTER_BOUND('',#1534,.T.);
#860=FACE_OUTER_BOUND('',#1535,.T.);
#861=FACE_OUTER_BOUND('',#1536,.T.);
#862=FACE_OUTER_BOUND('',#1537,.T.);
#863=FACE_OUTER_BOUND('',#1538,.T.);
#864=FACE_OUTER_BOUND('',#1539,.T.);
#865=FACE_OUTER_BOUND('',#1540,.T.);
#866=FACE_OUTER_BOUND('',#1541,.T.);
#867=FACE_OUTER_BOUND('',#1542,.T.);
#868=FACE_OUTER_BOUND('',#1543,.T.);
#869=FACE_OUTER_BOUND('',#1544,.T.);
#870=FACE_OUTER_BOUND('',#1545,.T.);
#871=FACE_OUTER_BOUND('',#1546,.T.);
#872=FACE_OUTER_BOUND('',#1547,.T.);
#873=FACE_OUTER_BOUND('',#1548,.T.);
#874=FACE_OUTER_BOUND('',#1549,.T.);
#875=FACE_OUTER_BOUND('',#1550,.T.);
#876=FACE_OUTER_BOUND('',#1551,.T.);
#877=FACE_OUTER_BOUND('',#1552,.T.);
#878=FACE_OUTER_BOUND('',#1553,.T.);
#879=FACE_OUTER_BOUND('',#1554,.T.);
#880=FACE_OUTER_BOUND('',#1555,.T.);
#881=FACE_OUTER_BOUND('',#1556,.T.);
#882=FACE_OUTER_BOUND('',#1557,.T.);
#883=FACE_OUTER_BOUND('',#1558,.T.);
#884=FACE_OUTER_BOUND('',#1559,.T.);
#885=FACE_OUTER_BOUND('',#1560,.T.);
#886=FACE_OUTER_BOUND('',#1561,.T.);
#887=FACE_OUTER_BOUND('',#1563,.T.);
#888=FACE_OUTER_BOUND('',#1565,.T.);
#889=FACE_OUTER_BOUND('',#1566,.T.);
#890=FACE_OUTER_BOUND('',#1567,.T.);
#891=FACE_OUTER_BOUND('',#1568,.T.);
#892=FACE_OUTER_BOUND('',#1569,.T.);
#893=FACE_OUTER_BOUND('',#1570,.T.);
#894=FACE_OUTER_BOUND('',#1571,.T.);
#895=FACE_OUTER_BOUND('',#1572,.T.);
#896=FACE_OUTER_BOUND('',#1573,.T.);
#897=FACE_OUTER_BOUND('',#1574,.T.);
#898=FACE_OUTER_BOUND('',#1575,.T.);
#899=FACE_OUTER_BOUND('',#1576,.T.);
#900=FACE_OUTER_BOUND('',#1577,.T.);
#901=FACE_OUTER_BOUND('',#1578,.T.);
#902=FACE_OUTER_BOUND('',#1579,.T.);
#903=FACE_OUTER_BOUND('',#1580,.T.);
#904=FACE_OUTER_BOUND('',#1581,.T.);
#905=FACE_OUTER_BOUND('',#1582,.T.);
#906=FACE_OUTER_BOUND('',#1583,.T.);
#907=FACE_OUTER_BOUND('',#1584,.T.);
#908=FACE_OUTER_BOUND('',#1585,.T.);
#909=FACE_OUTER_BOUND('',#1586,.T.);
#910=FACE_OUTER_BOUND('',#1587,.T.);
#911=FACE_OUTER_BOUND('',#1588,.T.);
#912=FACE_OUTER_BOUND('',#1589,.T.);
#913=FACE_OUTER_BOUND('',#1590,.T.);
#914=FACE_OUTER_BOUND('',#1591,.T.);
#915=FACE_OUTER_BOUND('',#1592,.T.);
#916=FACE_OUTER_BOUND('',#1593,.T.);
#917=FACE_OUTER_BOUND('',#1594,.T.);
#918=FACE_OUTER_BOUND('',#1595,.T.);
#919=FACE_OUTER_BOUND('',#1596,.T.);
#920=FACE_OUTER_BOUND('',#1597,.T.);
#921=FACE_OUTER_BOUND('',#1598,.T.);
#922=FACE_OUTER_BOUND('',#1599,.T.);
#923=FACE_OUTER_BOUND('',#1600,.T.);
#924=FACE_OUTER_BOUND('',#1601,.T.);
#925=FACE_OUTER_BOUND('',#1602,.T.);
#926=FACE_OUTER_BOUND('',#1603,.T.);
#927=FACE_OUTER_BOUND('',#1604,.T.);
#928=FACE_OUTER_BOUND('',#1605,.T.);
#929=FACE_OUTER_BOUND('',#1606,.T.);
#930=FACE_OUTER_BOUND('',#1607,.T.);
#931=FACE_OUTER_BOUND('',#1608,.T.);
#932=FACE_OUTER_BOUND('',#1609,.T.);
#933=FACE_OUTER_BOUND('',#1610,.T.);
#934=FACE_OUTER_BOUND('',#1611,.T.);
#935=FACE_OUTER_BOUND('',#1612,.T.);
#936=FACE_OUTER_BOUND('',#1613,.T.);
#937=FACE_OUTER_BOUND('',#1614,.T.);
#938=FACE_OUTER_BOUND('',#1616,.T.);
#939=FACE_OUTER_BOUND('',#1618,.T.);
#940=FACE_OUTER_BOUND('',#1619,.T.);
#941=FACE_OUTER_BOUND('',#1620,.T.);
#942=FACE_OUTER_BOUND('',#1621,.T.);
#943=FACE_OUTER_BOUND('',#1622,.T.);
#944=FACE_OUTER_BOUND('',#1623,.T.);
#945=FACE_OUTER_BOUND('',#1624,.T.);
#946=FACE_OUTER_BOUND('',#1625,.T.);
#947=FACE_OUTER_BOUND('',#1626,.T.);
#948=FACE_OUTER_BOUND('',#1627,.T.);
#949=FACE_OUTER_BOUND('',#1628,.T.);
#950=FACE_OUTER_BOUND('',#1629,.T.);
#951=FACE_OUTER_BOUND('',#1630,.T.);
#952=FACE_OUTER_BOUND('',#1631,.T.);
#953=FACE_OUTER_BOUND('',#1632,.T.);
#954=FACE_OUTER_BOUND('',#1633,.T.);
#955=FACE_OUTER_BOUND('',#1634,.T.);
#956=FACE_OUTER_BOUND('',#1635,.T.);
#957=FACE_OUTER_BOUND('',#1636,.T.);
#958=FACE_OUTER_BOUND('',#1637,.T.);
#959=FACE_OUTER_BOUND('',#1638,.T.);
#960=FACE_OUTER_BOUND('',#1639,.T.);
#961=FACE_OUTER_BOUND('',#1640,.T.);
#962=FACE_OUTER_BOUND('',#1641,.T.);
#963=FACE_OUTER_BOUND('',#1642,.T.);
#964=FACE_OUTER_BOUND('',#1643,.T.);
#965=FACE_OUTER_BOUND('',#1644,.T.);
#966=FACE_OUTER_BOUND('',#1645,.T.);
#967=FACE_OUTER_BOUND('',#1646,.T.);
#968=FACE_OUTER_BOUND('',#1647,.T.);
#969=FACE_OUTER_BOUND('',#1648,.T.);
#970=FACE_OUTER_BOUND('',#1649,.T.);
#971=FACE_OUTER_BOUND('',#1650,.T.);
#972=FACE_OUTER_BOUND('',#1651,.T.);
#973=FACE_OUTER_BOUND('',#1652,.T.);
#974=FACE_OUTER_BOUND('',#1653,.T.);
#975=FACE_OUTER_BOUND('',#1654,.T.);
#976=FACE_OUTER_BOUND('',#1655,.T.);
#977=FACE_OUTER_BOUND('',#1656,.T.);
#978=FACE_OUTER_BOUND('',#1657,.T.);
#979=FACE_OUTER_BOUND('',#1658,.T.);
#980=FACE_OUTER_BOUND('',#1659,.T.);
#981=FACE_OUTER_BOUND('',#1660,.T.);
#982=FACE_OUTER_BOUND('',#1661,.T.);
#983=FACE_OUTER_BOUND('',#1662,.T.);
#984=FACE_OUTER_BOUND('',#1663,.T.);
#985=FACE_OUTER_BOUND('',#1664,.T.);
#986=FACE_OUTER_BOUND('',#1665,.T.);
#987=FACE_OUTER_BOUND('',#1666,.T.);
#988=FACE_OUTER_BOUND('',#1667,.T.);
#989=FACE_OUTER_BOUND('',#1669,.T.);
#990=FACE_OUTER_BOUND('',#1671,.T.);
#991=FACE_OUTER_BOUND('',#1672,.T.);
#992=FACE_OUTER_BOUND('',#1673,.T.);
#993=FACE_OUTER_BOUND('',#1674,.T.);
#994=FACE_OUTER_BOUND('',#1675,.T.);
#995=FACE_OUTER_BOUND('',#1676,.T.);
#996=FACE_OUTER_BOUND('',#1677,.T.);
#997=FACE_OUTER_BOUND('',#1678,.T.);
#998=FACE_OUTER_BOUND('',#1679,.T.);
#999=FACE_OUTER_BOUND('',#1680,.T.);
#1000=FACE_OUTER_BOUND('',#1681,.T.);
#1001=FACE_OUTER_BOUND('',#1682,.T.);
#1002=FACE_OUTER_BOUND('',#1683,.T.);
#1003=FACE_OUTER_BOUND('',#1684,.T.);
#1004=FACE_OUTER_BOUND('',#1685,.T.);
#1005=FACE_OUTER_BOUND('',#1686,.T.);
#1006=FACE_OUTER_BOUND('',#1687,.T.);
#1007=FACE_OUTER_BOUND('',#1688,.T.);
#1008=FACE_OUTER_BOUND('',#1689,.T.);
#1009=FACE_OUTER_BOUND('',#1690,.T.);
#1010=FACE_OUTER_BOUND('',#1691,.T.);
#1011=FACE_OUTER_BOUND('',#1692,.T.);
#1012=FACE_OUTER_BOUND('',#1693,.T.);
#1013=FACE_OUTER_BOUND('',#1694,.T.);
#1014=FACE_OUTER_BOUND('',#1695,.T.);
#1015=FACE_OUTER_BOUND('',#1696,.T.);
#1016=FACE_OUTER_BOUND('',#1697,.T.);
#1017=FACE_OUTER_BOUND('',#1698,.T.);
#1018=FACE_OUTER_BOUND('',#1699,.T.);
#1019=FACE_OUTER_BOUND('',#1700,.T.);
#1020=FACE_OUTER_BOUND('',#1701,.T.);
#1021=FACE_OUTER_BOUND('',#1702,.T.);
#1022=FACE_OUTER_BOUND('',#1703,.T.);
#1023=FACE_OUTER_BOUND('',#1704,.T.);
#1024=FACE_OUTER_BOUND('',#1705,.T.);
#1025=FACE_OUTER_BOUND('',#1706,.T.);
#1026=FACE_OUTER_BOUND('',#1707,.T.);
#1027=FACE_OUTER_BOUND('',#1708,.T.);
#1028=FACE_OUTER_BOUND('',#1709,.T.);
#1029=FACE_OUTER_BOUND('',#1710,.T.);
#1030=FACE_OUTER_BOUND('',#1711,.T.);
#1031=FACE_OUTER_BOUND('',#1712,.T.);
#1032=FACE_OUTER_BOUND('',#1713,.T.);
#1033=FACE_OUTER_BOUND('',#1714,.T.);
#1034=FACE_OUTER_BOUND('',#1715,.T.);
#1035=FACE_OUTER_BOUND('',#1716,.T.);
#1036=FACE_OUTER_BOUND('',#1717,.T.);
#1037=FACE_OUTER_BOUND('',#1718,.T.);
#1038=FACE_OUTER_BOUND('',#1719,.T.);
#1039=FACE_OUTER_BOUND('',#1720,.T.);
#1040=FACE_OUTER_BOUND('',#1722,.T.);
#1041=FACE_OUTER_BOUND('',#1724,.T.);
#1042=FACE_OUTER_BOUND('',#1725,.T.);
#1043=FACE_OUTER_BOUND('',#1726,.T.);
#1044=FACE_OUTER_BOUND('',#1727,.T.);
#1045=FACE_OUTER_BOUND('',#1728,.T.);
#1046=FACE_OUTER_BOUND('',#1729,.T.);
#1047=FACE_OUTER_BOUND('',#1730,.T.);
#1048=FACE_OUTER_BOUND('',#1731,.T.);
#1049=FACE_OUTER_BOUND('',#1732,.T.);
#1050=FACE_OUTER_BOUND('',#1733,.T.);
#1051=FACE_OUTER_BOUND('',#1734,.T.);
#1052=FACE_OUTER_BOUND('',#1735,.T.);
#1053=FACE_OUTER_BOUND('',#1736,.T.);
#1054=FACE_OUTER_BOUND('',#1737,.T.);
#1055=FACE_OUTER_BOUND('',#1738,.T.);
#1056=FACE_OUTER_BOUND('',#1739,.T.);
#1057=FACE_OUTER_BOUND('',#1740,.T.);
#1058=FACE_OUTER_BOUND('',#1741,.T.);
#1059=FACE_OUTER_BOUND('',#1742,.T.);
#1060=FACE_OUTER_BOUND('',#1743,.T.);
#1061=FACE_OUTER_BOUND('',#1744,.T.);
#1062=FACE_OUTER_BOUND('',#1745,.T.);
#1063=FACE_OUTER_BOUND('',#1746,.T.);
#1064=FACE_OUTER_BOUND('',#1747,.T.);
#1065=FACE_OUTER_BOUND('',#1748,.T.);
#1066=FACE_OUTER_BOUND('',#1749,.T.);
#1067=FACE_OUTER_BOUND('',#1750,.T.);
#1068=FACE_OUTER_BOUND('',#1751,.T.);
#1069=FACE_OUTER_BOUND('',#1752,.T.);
#1070=FACE_OUTER_BOUND('',#1753,.T.);
#1071=FACE_OUTER_BOUND('',#1754,.T.);
#1072=FACE_OUTER_BOUND('',#1755,.T.);
#1073=FACE_OUTER_BOUND('',#1756,.T.);
#1074=FACE_OUTER_BOUND('',#1757,.T.);
#1075=FACE_OUTER_BOUND('',#1758,.T.);
#1076=FACE_OUTER_BOUND('',#1759,.T.);
#1077=FACE_OUTER_BOUND('',#1760,.T.);
#1078=FACE_OUTER_BOUND('',#1761,.T.);
#1079=FACE_OUTER_BOUND('',#1762,.T.);
#1080=FACE_OUTER_BOUND('',#1763,.T.);
#1081=FACE_OUTER_BOUND('',#1764,.T.);
#1082=FACE_OUTER_BOUND('',#1765,.T.);
#1083=FACE_OUTER_BOUND('',#1766,.T.);
#1084=FACE_OUTER_BOUND('',#1767,.T.);
#1085=FACE_OUTER_BOUND('',#1768,.T.);
#1086=FACE_OUTER_BOUND('',#1769,.T.);
#1087=FACE_OUTER_BOUND('',#1770,.T.);
#1088=FACE_OUTER_BOUND('',#1771,.T.);
#1089=FACE_OUTER_BOUND('',#1772,.T.);
#1090=FACE_OUTER_BOUND('',#1773,.T.);
#1091=FACE_OUTER_BOUND('',#1775,.T.);
#1092=FACE_OUTER_BOUND('',#1777,.T.);
#1093=FACE_OUTER_BOUND('',#1778,.T.);
#1094=FACE_OUTER_BOUND('',#1779,.T.);
#1095=FACE_OUTER_BOUND('',#1780,.T.);
#1096=FACE_OUTER_BOUND('',#1781,.T.);
#1097=FACE_OUTER_BOUND('',#1782,.T.);
#1098=FACE_OUTER_BOUND('',#1783,.T.);
#1099=FACE_OUTER_BOUND('',#1784,.T.);
#1100=FACE_OUTER_BOUND('',#1785,.T.);
#1101=FACE_OUTER_BOUND('',#1786,.T.);
#1102=FACE_OUTER_BOUND('',#1787,.T.);
#1103=FACE_OUTER_BOUND('',#1788,.T.);
#1104=FACE_OUTER_BOUND('',#1789,.T.);
#1105=FACE_OUTER_BOUND('',#1790,.T.);
#1106=FACE_OUTER_BOUND('',#1791,.T.);
#1107=FACE_OUTER_BOUND('',#1792,.T.);
#1108=FACE_OUTER_BOUND('',#1793,.T.);
#1109=FACE_OUTER_BOUND('',#1794,.T.);
#1110=FACE_OUTER_BOUND('',#1795,.T.);
#1111=FACE_OUTER_BOUND('',#1796,.T.);
#1112=FACE_OUTER_BOUND('',#1797,.T.);
#1113=FACE_OUTER_BOUND('',#1798,.T.);
#1114=FACE_OUTER_BOUND('',#1799,.T.);
#1115=FACE_OUTER_BOUND('',#1800,.T.);
#1116=FACE_OUTER_BOUND('',#1801,.T.);
#1117=FACE_OUTER_BOUND('',#1802,.T.);
#1118=FACE_OUTER_BOUND('',#1803,.T.);
#1119=FACE_OUTER_BOUND('',#1804,.T.);
#1120=FACE_OUTER_BOUND('',#1805,.T.);
#1121=FACE_OUTER_BOUND('',#1806,.T.);
#1122=FACE_OUTER_BOUND('',#1807,.T.);
#1123=FACE_OUTER_BOUND('',#1808,.T.);
#1124=FACE_OUTER_BOUND('',#1809,.T.);
#1125=FACE_OUTER_BOUND('',#1810,.T.);
#1126=FACE_OUTER_BOUND('',#1811,.T.);
#1127=FACE_OUTER_BOUND('',#1812,.T.);
#1128=FACE_OUTER_BOUND('',#1813,.T.);
#1129=FACE_OUTER_BOUND('',#1814,.T.);
#1130=FACE_OUTER_BOUND('',#1815,.T.);
#1131=FACE_OUTER_BOUND('',#1816,.T.);
#1132=FACE_OUTER_BOUND('',#1817,.T.);
#1133=FACE_OUTER_BOUND('',#1818,.T.);
#1134=FACE_OUTER_BOUND('',#1819,.T.);
#1135=FACE_OUTER_BOUND('',#1820,.T.);
#1136=FACE_OUTER_BOUND('',#1821,.T.);
#1137=FACE_OUTER_BOUND('',#1822,.T.);
#1138=FACE_OUTER_BOUND('',#1823,.T.);
#1139=FACE_OUTER_BOUND('',#1824,.T.);
#1140=FACE_OUTER_BOUND('',#1825,.T.);
#1141=FACE_OUTER_BOUND('',#1826,.T.);
#1142=FACE_OUTER_BOUND('',#1828,.T.);
#1143=FACE_OUTER_BOUND('',#1830,.T.);
#1144=FACE_OUTER_BOUND('',#1831,.T.);
#1145=FACE_OUTER_BOUND('',#1832,.T.);
#1146=FACE_OUTER_BOUND('',#1833,.T.);
#1147=FACE_OUTER_BOUND('',#1834,.T.);
#1148=FACE_OUTER_BOUND('',#1835,.T.);
#1149=FACE_OUTER_BOUND('',#1836,.T.);
#1150=FACE_OUTER_BOUND('',#1837,.T.);
#1151=FACE_OUTER_BOUND('',#1838,.T.);
#1152=FACE_OUTER_BOUND('',#1839,.T.);
#1153=FACE_OUTER_BOUND('',#1840,.T.);
#1154=FACE_OUTER_BOUND('',#1841,.T.);
#1155=FACE_OUTER_BOUND('',#1842,.T.);
#1156=FACE_OUTER_BOUND('',#1843,.T.);
#1157=FACE_OUTER_BOUND('',#1844,.T.);
#1158=FACE_OUTER_BOUND('',#1845,.T.);
#1159=FACE_OUTER_BOUND('',#1846,.T.);
#1160=FACE_OUTER_BOUND('',#1847,.T.);
#1161=FACE_OUTER_BOUND('',#1848,.T.);
#1162=FACE_OUTER_BOUND('',#1849,.T.);
#1163=FACE_OUTER_BOUND('',#1850,.T.);
#1164=FACE_OUTER_BOUND('',#1851,.T.);
#1165=FACE_OUTER_BOUND('',#1852,.T.);
#1166=FACE_OUTER_BOUND('',#1853,.T.);
#1167=FACE_OUTER_BOUND('',#1854,.T.);
#1168=FACE_OUTER_BOUND('',#1855,.T.);
#1169=FACE_OUTER_BOUND('',#1856,.T.);
#1170=FACE_OUTER_BOUND('',#1857,.T.);
#1171=FACE_OUTER_BOUND('',#1858,.T.);
#1172=FACE_OUTER_BOUND('',#1859,.T.);
#1173=FACE_OUTER_BOUND('',#1860,.T.);
#1174=FACE_OUTER_BOUND('',#1861,.T.);
#1175=FACE_OUTER_BOUND('',#1862,.T.);
#1176=FACE_OUTER_BOUND('',#1863,.T.);
#1177=FACE_OUTER_BOUND('',#1864,.T.);
#1178=FACE_OUTER_BOUND('',#1865,.T.);
#1179=FACE_OUTER_BOUND('',#1866,.T.);
#1180=FACE_OUTER_BOUND('',#1867,.T.);
#1181=FACE_OUTER_BOUND('',#1868,.T.);
#1182=FACE_OUTER_BOUND('',#1869,.T.);
#1183=FACE_OUTER_BOUND('',#1870,.T.);
#1184=FACE_OUTER_BOUND('',#1871,.T.);
#1185=FACE_OUTER_BOUND('',#1872,.T.);
#1186=FACE_OUTER_BOUND('',#1873,.T.);
#1187=FACE_OUTER_BOUND('',#1874,.T.);
#1188=FACE_OUTER_BOUND('',#1875,.T.);
#1189=FACE_OUTER_BOUND('',#1876,.T.);
#1190=FACE_OUTER_BOUND('',#1877,.T.);
#1191=FACE_OUTER_BOUND('',#1878,.T.);
#1192=FACE_OUTER_BOUND('',#1879,.T.);
#1193=FACE_OUTER_BOUND('',#1881,.T.);
#1194=FACE_OUTER_BOUND('',#1883,.T.);
#1195=FACE_OUTER_BOUND('',#1884,.T.);
#1196=FACE_OUTER_BOUND('',#1885,.T.);
#1197=FACE_OUTER_BOUND('',#1886,.T.);
#1198=FACE_OUTER_BOUND('',#1887,.T.);
#1199=FACE_OUTER_BOUND('',#1888,.T.);
#1200=FACE_OUTER_BOUND('',#1889,.T.);
#1201=FACE_OUTER_BOUND('',#1890,.T.);
#1202=FACE_OUTER_BOUND('',#1891,.T.);
#1203=FACE_OUTER_BOUND('',#1892,.T.);
#1204=FACE_OUTER_BOUND('',#1893,.T.);
#1205=FACE_OUTER_BOUND('',#1894,.T.);
#1206=FACE_OUTER_BOUND('',#1895,.T.);
#1207=FACE_OUTER_BOUND('',#1896,.T.);
#1208=FACE_OUTER_BOUND('',#1897,.T.);
#1209=FACE_OUTER_BOUND('',#1898,.T.);
#1210=FACE_OUTER_BOUND('',#1899,.T.);
#1211=FACE_OUTER_BOUND('',#1900,.T.);
#1212=FACE_OUTER_BOUND('',#1901,.T.);
#1213=FACE_OUTER_BOUND('',#1902,.T.);
#1214=FACE_OUTER_BOUND('',#1903,.T.);
#1215=FACE_OUTER_BOUND('',#1904,.T.);
#1216=FACE_OUTER_BOUND('',#1905,.T.);
#1217=FACE_OUTER_BOUND('',#1906,.T.);
#1218=FACE_OUTER_BOUND('',#1907,.T.);
#1219=FACE_OUTER_BOUND('',#1908,.T.);
#1220=FACE_OUTER_BOUND('',#1909,.T.);
#1221=FACE_OUTER_BOUND('',#1910,.T.);
#1222=FACE_OUTER_BOUND('',#1911,.T.);
#1223=FACE_OUTER_BOUND('',#1912,.T.);
#1224=FACE_OUTER_BOUND('',#1913,.T.);
#1225=FACE_OUTER_BOUND('',#1914,.T.);
#1226=FACE_OUTER_BOUND('',#1915,.T.);
#1227=FACE_OUTER_BOUND('',#1916,.T.);
#1228=FACE_OUTER_BOUND('',#1917,.T.);
#1229=FACE_OUTER_BOUND('',#1918,.T.);
#1230=FACE_OUTER_BOUND('',#1919,.T.);
#1231=FACE_OUTER_BOUND('',#1920,.T.);
#1232=FACE_OUTER_BOUND('',#1921,.T.);
#1233=FACE_OUTER_BOUND('',#1922,.T.);
#1234=FACE_OUTER_BOUND('',#1923,.T.);
#1235=FACE_OUTER_BOUND('',#1924,.T.);
#1236=FACE_OUTER_BOUND('',#1925,.T.);
#1237=FACE_OUTER_BOUND('',#1926,.T.);
#1238=FACE_OUTER_BOUND('',#1927,.T.);
#1239=FACE_OUTER_BOUND('',#1928,.T.);
#1240=FACE_OUTER_BOUND('',#1929,.T.);
#1241=FACE_OUTER_BOUND('',#1930,.T.);
#1242=FACE_OUTER_BOUND('',#1931,.T.);
#1243=FACE_OUTER_BOUND('',#1932,.T.);
#1244=FACE_OUTER_BOUND('',#1934,.T.);
#1245=FACE_OUTER_BOUND('',#1936,.T.);
#1246=FACE_OUTER_BOUND('',#1937,.T.);
#1247=FACE_OUTER_BOUND('',#1938,.T.);
#1248=FACE_OUTER_BOUND('',#1939,.T.);
#1249=FACE_OUTER_BOUND('',#1940,.T.);
#1250=FACE_OUTER_BOUND('',#1941,.T.);
#1251=FACE_OUTER_BOUND('',#1942,.T.);
#1252=FACE_OUTER_BOUND('',#1943,.T.);
#1253=FACE_OUTER_BOUND('',#1944,.T.);
#1254=FACE_OUTER_BOUND('',#1945,.T.);
#1255=FACE_OUTER_BOUND('',#1946,.T.);
#1256=FACE_OUTER_BOUND('',#1947,.T.);
#1257=FACE_OUTER_BOUND('',#1948,.T.);
#1258=FACE_OUTER_BOUND('',#1949,.T.);
#1259=FACE_OUTER_BOUND('',#1950,.T.);
#1260=FACE_OUTER_BOUND('',#1951,.T.);
#1261=FACE_OUTER_BOUND('',#1952,.T.);
#1262=FACE_OUTER_BOUND('',#1953,.T.);
#1263=FACE_OUTER_BOUND('',#1954,.T.);
#1264=FACE_OUTER_BOUND('',#1955,.T.);
#1265=FACE_OUTER_BOUND('',#1956,.T.);
#1266=FACE_OUTER_BOUND('',#1957,.T.);
#1267=FACE_OUTER_BOUND('',#1958,.T.);
#1268=FACE_OUTER_BOUND('',#1959,.T.);
#1269=FACE_OUTER_BOUND('',#1960,.T.);
#1270=FACE_OUTER_BOUND('',#1961,.T.);
#1271=FACE_OUTER_BOUND('',#1962,.T.);
#1272=FACE_OUTER_BOUND('',#1963,.T.);
#1273=FACE_OUTER_BOUND('',#1964,.T.);
#1274=FACE_OUTER_BOUND('',#1965,.T.);
#1275=FACE_OUTER_BOUND('',#1966,.T.);
#1276=FACE_OUTER_BOUND('',#1967,.T.);
#1277=FACE_OUTER_BOUND('',#1968,.T.);
#1278=FACE_OUTER_BOUND('',#1969,.T.);
#1279=FACE_OUTER_BOUND('',#1970,.T.);
#1280=FACE_OUTER_BOUND('',#1971,.T.);
#1281=FACE_OUTER_BOUND('',#1972,.T.);
#1282=FACE_OUTER_BOUND('',#1973,.T.);
#1283=FACE_OUTER_BOUND('',#1974,.T.);
#1284=FACE_OUTER_BOUND('',#1975,.T.);
#1285=FACE_OUTER_BOUND('',#1976,.T.);
#1286=FACE_OUTER_BOUND('',#1977,.T.);
#1287=FACE_OUTER_BOUND('',#1978,.T.);
#1288=FACE_OUTER_BOUND('',#1979,.T.);
#1289=FACE_OUTER_BOUND('',#1980,.T.);
#1290=FACE_OUTER_BOUND('',#1981,.T.);
#1291=FACE_OUTER_BOUND('',#1982,.T.);
#1292=FACE_OUTER_BOUND('',#1983,.T.);
#1293=FACE_OUTER_BOUND('',#1984,.T.);
#1294=FACE_OUTER_BOUND('',#1985,.T.);
#1295=FACE_OUTER_BOUND('',#1987,.T.);
#1296=FACE_OUTER_BOUND('',#1989,.T.);
#1297=FACE_OUTER_BOUND('',#1990,.T.);
#1298=FACE_OUTER_BOUND('',#1991,.T.);
#1299=FACE_OUTER_BOUND('',#1992,.T.);
#1300=FACE_OUTER_BOUND('',#1993,.T.);
#1301=FACE_OUTER_BOUND('',#1994,.T.);
#1302=FACE_OUTER_BOUND('',#1995,.T.);
#1303=FACE_OUTER_BOUND('',#1996,.T.);
#1304=FACE_OUTER_BOUND('',#1997,.T.);
#1305=FACE_OUTER_BOUND('',#1998,.T.);
#1306=FACE_OUTER_BOUND('',#1999,.T.);
#1307=FACE_OUTER_BOUND('',#2000,.T.);
#1308=FACE_OUTER_BOUND('',#2001,.T.);
#1309=FACE_OUTER_BOUND('',#2002,.T.);
#1310=FACE_OUTER_BOUND('',#2003,.T.);
#1311=FACE_OUTER_BOUND('',#2004,.T.);
#1312=FACE_OUTER_BOUND('',#2005,.T.);
#1313=FACE_OUTER_BOUND('',#2006,.T.);
#1314=FACE_OUTER_BOUND('',#2007,.T.);
#1315=FACE_OUTER_BOUND('',#2008,.T.);
#1316=FACE_OUTER_BOUND('',#2009,.T.);
#1317=FACE_OUTER_BOUND('',#2010,.T.);
#1318=FACE_OUTER_BOUND('',#2011,.T.);
#1319=FACE_OUTER_BOUND('',#2012,.T.);
#1320=FACE_OUTER_BOUND('',#2013,.T.);
#1321=FACE_OUTER_BOUND('',#2014,.T.);
#1322=FACE_OUTER_BOUND('',#2015,.T.);
#1323=FACE_OUTER_BOUND('',#2016,.T.);
#1324=FACE_OUTER_BOUND('',#2017,.T.);
#1325=FACE_OUTER_BOUND('',#2018,.T.);
#1326=FACE_OUTER_BOUND('',#2019,.T.);
#1327=FACE_OUTER_BOUND('',#2020,.T.);
#1328=FACE_OUTER_BOUND('',#2021,.T.);
#1329=FACE_OUTER_BOUND('',#2022,.T.);
#1330=FACE_OUTER_BOUND('',#2023,.T.);
#1331=FACE_OUTER_BOUND('',#2024,.T.);
#1332=FACE_OUTER_BOUND('',#2025,.T.);
#1333=FACE_OUTER_BOUND('',#2026,.T.);
#1334=FACE_OUTER_BOUND('',#2027,.T.);
#1335=FACE_OUTER_BOUND('',#2028,.T.);
#1336=FACE_OUTER_BOUND('',#2029,.T.);
#1337=FACE_OUTER_BOUND('',#2030,.T.);
#1338=FACE_OUTER_BOUND('',#2031,.T.);
#1339=FACE_OUTER_BOUND('',#2032,.T.);
#1340=FACE_OUTER_BOUND('',#2033,.T.);
#1341=FACE_OUTER_BOUND('',#2034,.T.);
#1342=FACE_OUTER_BOUND('',#2035,.T.);
#1343=FACE_OUTER_BOUND('',#2036,.T.);
#1344=FACE_OUTER_BOUND('',#2037,.T.);
#1345=FACE_OUTER_BOUND('',#2038,.T.);
#1346=FACE_OUTER_BOUND('',#2040,.T.);
#1347=FACE_OUTER_BOUND('',#2042,.T.);
#1348=FACE_OUTER_BOUND('',#2043,.T.);
#1349=FACE_OUTER_BOUND('',#2044,.T.);
#1350=FACE_OUTER_BOUND('',#2045,.T.);
#1351=FACE_OUTER_BOUND('',#2046,.T.);
#1352=FACE_OUTER_BOUND('',#2047,.T.);
#1353=FACE_OUTER_BOUND('',#2048,.T.);
#1354=FACE_OUTER_BOUND('',#2049,.T.);
#1355=FACE_OUTER_BOUND('',#2050,.T.);
#1356=FACE_OUTER_BOUND('',#2051,.T.);
#1357=FACE_OUTER_BOUND('',#2052,.T.);
#1358=FACE_OUTER_BOUND('',#2053,.T.);
#1359=FACE_OUTER_BOUND('',#2054,.T.);
#1360=FACE_OUTER_BOUND('',#2055,.T.);
#1361=FACE_OUTER_BOUND('',#2057,.T.);
#1362=FACE_OUTER_BOUND('',#2058,.T.);
#1363=FACE_OUTER_BOUND('',#2059,.T.);
#1364=FACE_OUTER_BOUND('',#2061,.T.);
#1365=FACE_OUTER_BOUND('',#2062,.T.);
#1366=FACE_OUTER_BOUND('',#2064,.T.);
#1367=FACE_OUTER_BOUND('',#2065,.T.);
#1368=FACE_OUTER_BOUND('',#2066,.T.);
#1369=FACE_OUTER_BOUND('',#2068,.T.);
#1370=FACE_OUTER_BOUND('',#2069,.T.);
#1371=FACE_OUTER_BOUND('',#2071,.T.);
#1372=FACE_OUTER_BOUND('',#2072,.T.);
#1373=FACE_OUTER_BOUND('',#2073,.T.);
#1374=FACE_OUTER_BOUND('',#2075,.T.);
#1375=FACE_OUTER_BOUND('',#2076,.T.);
#1376=FACE_OUTER_BOUND('',#2077,.T.);
#1377=FACE_OUTER_BOUND('',#2078,.T.);
#1378=FACE_OUTER_BOUND('',#2079,.T.);
#1379=FACE_OUTER_BOUND('',#2083,.T.);
#1380=FACE_OUTER_BOUND('',#2087,.T.);
#1381=FACE_OUTER_BOUND('',#2088,.T.);
#1382=FACE_OUTER_BOUND('',#2089,.T.);
#1383=FACE_OUTER_BOUND('',#2090,.T.);
#1384=FACE_OUTER_BOUND('',#2091,.T.);
#1385=FACE_OUTER_BOUND('',#2092,.T.);
#1386=FACE_OUTER_BOUND('',#2093,.T.);
#1387=FACE_OUTER_BOUND('',#2094,.T.);
#1388=FACE_OUTER_BOUND('',#2095,.T.);
#1389=FACE_OUTER_BOUND('',#2096,.T.);
#1390=FACE_OUTER_BOUND('',#2097,.T.);
#1391=FACE_OUTER_BOUND('',#2098,.T.);
#1392=FACE_OUTER_BOUND('',#2099,.T.);
#1393=FACE_OUTER_BOUND('',#2100,.T.);
#1394=FACE_OUTER_BOUND('',#2101,.T.);
#1395=FACE_OUTER_BOUND('',#2102,.T.);
#1396=FACE_OUTER_BOUND('',#2103,.T.);
#1397=FACE_OUTER_BOUND('',#2104,.T.);
#1398=FACE_OUTER_BOUND('',#2105,.T.);
#1399=FACE_OUTER_BOUND('',#2106,.T.);
#1400=FACE_OUTER_BOUND('',#2107,.T.);
#1401=FACE_OUTER_BOUND('',#2108,.T.);
#1402=FACE_OUTER_BOUND('',#2109,.T.);
#1403=FACE_OUTER_BOUND('',#2110,.T.);
#1404=FACE_OUTER_BOUND('',#2111,.T.);
#1405=FACE_OUTER_BOUND('',#2112,.T.);
#1406=EDGE_LOOP('',(#8966,#8967,#8968,#8969));
#1407=EDGE_LOOP('',(#8970,#8971,#8972,#8973));
#1408=EDGE_LOOP('',(#8974,#8975,#8976,#8977));
#1409=EDGE_LOOP('',(#8978,#8979,#8980,#8981));
#1410=EDGE_LOOP('',(#8982,#8983,#8984,#8985));
#1411=EDGE_LOOP('',(#8986,#8987,#8988,#8989));
#1412=EDGE_LOOP('',(#8990,#8991,#8992,#8993));
#1413=EDGE_LOOP('',(#8994,#8995,#8996,#8997));
#1414=EDGE_LOOP('',(#8998,#8999,#9000,#9001));
#1415=EDGE_LOOP('',(#9002,#9003,#9004,#9005));
#1416=EDGE_LOOP('',(#9006,#9007,#9008,#9009));
#1417=EDGE_LOOP('',(#9010,#9011,#9012,#9013));
#1418=EDGE_LOOP('',(#9014,#9015,#9016,#9017));
#1419=EDGE_LOOP('',(#9018,#9019,#9020,#9021));
#1420=EDGE_LOOP('',(#9022,#9023,#9024,#9025));
#1421=EDGE_LOOP('',(#9026,#9027,#9028,#9029));
#1422=EDGE_LOOP('',(#9030,#9031,#9032,#9033));
#1423=EDGE_LOOP('',(#9034,#9035,#9036,#9037));
#1424=EDGE_LOOP('',(#9038,#9039,#9040,#9041));
#1425=EDGE_LOOP('',(#9042,#9043,#9044,#9045));
#1426=EDGE_LOOP('',(#9046,#9047,#9048,#9049));
#1427=EDGE_LOOP('',(#9050,#9051,#9052,#9053));
#1428=EDGE_LOOP('',(#9054,#9055,#9056,#9057));
#1429=EDGE_LOOP('',(#9058,#9059,#9060,#9061));
#1430=EDGE_LOOP('',(#9062,#9063,#9064,#9065));
#1431=EDGE_LOOP('',(#9066,#9067,#9068,#9069));
#1432=EDGE_LOOP('',(#9070,#9071,#9072,#9073));
#1433=EDGE_LOOP('',(#9074,#9075,#9076,#9077));
#1434=EDGE_LOOP('',(#9078,#9079,#9080,#9081));
#1435=EDGE_LOOP('',(#9082,#9083,#9084,#9085));
#1436=EDGE_LOOP('',(#9086,#9087,#9088,#9089));
#1437=EDGE_LOOP('',(#9090,#9091,#9092,#9093));
#1438=EDGE_LOOP('',(#9094,#9095,#9096,#9097));
#1439=EDGE_LOOP('',(#9098,#9099,#9100,#9101));
#1440=EDGE_LOOP('',(#9102,#9103,#9104,#9105));
#1441=EDGE_LOOP('',(#9106,#9107,#9108,#9109));
#1442=EDGE_LOOP('',(#9110,#9111,#9112,#9113));
#1443=EDGE_LOOP('',(#9114,#9115,#9116,#9117));
#1444=EDGE_LOOP('',(#9118,#9119,#9120,#9121));
#1445=EDGE_LOOP('',(#9122,#9123,#9124,#9125));
#1446=EDGE_LOOP('',(#9126,#9127,#9128,#9129));
#1447=EDGE_LOOP('',(#9130,#9131,#9132,#9133));
#1448=EDGE_LOOP('',(#9134,#9135,#9136,#9137));
#1449=EDGE_LOOP('',(#9138,#9139,#9140,#9141));
#1450=EDGE_LOOP('',(#9142,#9143,#9144,#9145));
#1451=EDGE_LOOP('',(#9146,#9147,#9148,#9149));
#1452=EDGE_LOOP('',(#9150,#9151,#9152,#9153));
#1453=EDGE_LOOP('',(#9154,#9155,#9156,#9157));
#1454=EDGE_LOOP('',(#9158,#9159,#9160,#9161));
#1455=EDGE_LOOP('',(#9162,#9163,#9164,#9165,#9166,#9167,#9168,#9169,#9170,
#9171,#9172,#9173,#9174,#9175,#9176,#9177,#9178,#9179,#9180,#9181,#9182,
#9183,#9184,#9185,#9186,#9187,#9188,#9189,#9190,#9191,#9192,#9193,#9194,
#9195,#9196,#9197,#9198,#9199,#9200,#9201,#9202,#9203,#9204,#9205,#9206,
#9207,#9208,#9209));
#1456=EDGE_LOOP('',(#9210));
#1457=EDGE_LOOP('',(#9211,#9212,#9213,#9214,#9215,#9216,#9217,#9218,#9219,
#9220,#9221,#9222,#9223,#9224,#9225,#9226,#9227,#9228,#9229,#9230,#9231,
#9232,#9233,#9234,#9235,#9236,#9237,#9238,#9239,#9240,#9241,#9242,#9243,
#9244,#9245,#9246,#9247,#9248,#9249,#9250,#9251,#9252,#9253,#9254,#9255,
#9256,#9257,#9258));
#1458=EDGE_LOOP('',(#9259));
#1459=EDGE_LOOP('',(#9260,#9261,#9262,#9263));
#1460=EDGE_LOOP('',(#9264,#9265,#9266,#9267));
#1461=EDGE_LOOP('',(#9268,#9269,#9270,#9271));
#1462=EDGE_LOOP('',(#9272,#9273,#9274,#9275));
#1463=EDGE_LOOP('',(#9276,#9277,#9278,#9279));
#1464=EDGE_LOOP('',(#9280,#9281,#9282,#9283));
#1465=EDGE_LOOP('',(#9284,#9285,#9286,#9287));
#1466=EDGE_LOOP('',(#9288,#9289,#9290,#9291));
#1467=EDGE_LOOP('',(#9292,#9293,#9294,#9295));
#1468=EDGE_LOOP('',(#9296,#9297,#9298,#9299));
#1469=EDGE_LOOP('',(#9300,#9301,#9302,#9303));
#1470=EDGE_LOOP('',(#9304,#9305,#9306,#9307));
#1471=EDGE_LOOP('',(#9308,#9309,#9310,#9311));
#1472=EDGE_LOOP('',(#9312,#9313,#9314,#9315));
#1473=EDGE_LOOP('',(#9316,#9317,#9318,#9319));
#1474=EDGE_LOOP('',(#9320,#9321,#9322,#9323));
#1475=EDGE_LOOP('',(#9324,#9325,#9326,#9327));
#1476=EDGE_LOOP('',(#9328,#9329,#9330,#9331));
#1477=EDGE_LOOP('',(#9332,#9333,#9334,#9335));
#1478=EDGE_LOOP('',(#9336,#9337,#9338,#9339));
#1479=EDGE_LOOP('',(#9340,#9341,#9342,#9343));
#1480=EDGE_LOOP('',(#9344,#9345,#9346,#9347));
#1481=EDGE_LOOP('',(#9348,#9349,#9350,#9351));
#1482=EDGE_LOOP('',(#9352,#9353,#9354,#9355));
#1483=EDGE_LOOP('',(#9356,#9357,#9358,#9359));
#1484=EDGE_LOOP('',(#9360,#9361,#9362,#9363));
#1485=EDGE_LOOP('',(#9364,#9365,#9366,#9367));
#1486=EDGE_LOOP('',(#9368,#9369,#9370,#9371));
#1487=EDGE_LOOP('',(#9372,#9373,#9374,#9375));
#1488=EDGE_LOOP('',(#9376,#9377,#9378,#9379));
#1489=EDGE_LOOP('',(#9380,#9381,#9382,#9383));
#1490=EDGE_LOOP('',(#9384,#9385,#9386,#9387));
#1491=EDGE_LOOP('',(#9388,#9389,#9390,#9391));
#1492=EDGE_LOOP('',(#9392,#9393,#9394,#9395));
#1493=EDGE_LOOP('',(#9396,#9397,#9398,#9399));
#1494=EDGE_LOOP('',(#9400,#9401,#9402,#9403));
#1495=EDGE_LOOP('',(#9404,#9405,#9406,#9407));
#1496=EDGE_LOOP('',(#9408,#9409,#9410,#9411));
#1497=EDGE_LOOP('',(#9412,#9413,#9414,#9415));
#1498=EDGE_LOOP('',(#9416,#9417,#9418,#9419));
#1499=EDGE_LOOP('',(#9420,#9421,#9422,#9423));
#1500=EDGE_LOOP('',(#9424,#9425,#9426,#9427));
#1501=EDGE_LOOP('',(#9428,#9429,#9430,#9431));
#1502=EDGE_LOOP('',(#9432,#9433,#9434,#9435));
#1503=EDGE_LOOP('',(#9436,#9437,#9438,#9439));
#1504=EDGE_LOOP('',(#9440,#9441,#9442,#9443));
#1505=EDGE_LOOP('',(#9444,#9445,#9446,#9447));
#1506=EDGE_LOOP('',(#9448,#9449,#9450,#9451));
#1507=EDGE_LOOP('',(#9452,#9453,#9454,#9455));
#1508=EDGE_LOOP('',(#9456,#9457,#9458,#9459,#9460,#9461,#9462,#9463,#9464,
#9465,#9466,#9467,#9468,#9469,#9470,#9471,#9472,#9473,#9474,#9475,#9476,
#9477,#9478,#9479,#9480,#9481,#9482,#9483,#9484,#9485,#9486,#9487,#9488,
#9489,#9490,#9491,#9492,#9493,#9494,#9495,#9496,#9497,#9498,#9499,#9500,
#9501,#9502,#9503));
#1509=EDGE_LOOP('',(#9504));
#1510=EDGE_LOOP('',(#9505,#9506,#9507,#9508,#9509,#9510,#9511,#9512,#9513,
#9514,#9515,#9516,#9517,#9518,#9519,#9520,#9521,#9522,#9523,#9524,#9525,
#9526,#9527,#9528,#9529,#9530,#9531,#9532,#9533,#9534,#9535,#9536,#9537,
#9538,#9539,#9540,#9541,#9542,#9543,#9544,#9545,#9546,#9547,#9548,#9549,
#9550,#9551,#9552));
#1511=EDGE_LOOP('',(#9553));
#1512=EDGE_LOOP('',(#9554,#9555,#9556,#9557));
#1513=EDGE_LOOP('',(#9558,#9559,#9560,#9561));
#1514=EDGE_LOOP('',(#9562,#9563,#9564,#9565));
#1515=EDGE_LOOP('',(#9566,#9567,#9568,#9569));
#1516=EDGE_LOOP('',(#9570,#9571,#9572,#9573));
#1517=EDGE_LOOP('',(#9574,#9575,#9576,#9577));
#1518=EDGE_LOOP('',(#9578,#9579,#9580,#9581));
#1519=EDGE_LOOP('',(#9582,#9583,#9584,#9585));
#1520=EDGE_LOOP('',(#9586,#9587,#9588,#9589));
#1521=EDGE_LOOP('',(#9590,#9591,#9592,#9593));
#1522=EDGE_LOOP('',(#9594,#9595,#9596,#9597));
#1523=EDGE_LOOP('',(#9598,#9599,#9600,#9601));
#1524=EDGE_LOOP('',(#9602,#9603,#9604,#9605));
#1525=EDGE_LOOP('',(#9606,#9607,#9608,#9609));
#1526=EDGE_LOOP('',(#9610,#9611,#9612,#9613));
#1527=EDGE_LOOP('',(#9614,#9615,#9616,#9617));
#1528=EDGE_LOOP('',(#9618,#9619,#9620,#9621));
#1529=EDGE_LOOP('',(#9622,#9623,#9624,#9625));
#1530=EDGE_LOOP('',(#9626,#9627,#9628,#9629));
#1531=EDGE_LOOP('',(#9630,#9631,#9632,#9633));
#1532=EDGE_LOOP('',(#9634,#9635,#9636,#9637));
#1533=EDGE_LOOP('',(#9638,#9639,#9640,#9641));
#1534=EDGE_LOOP('',(#9642,#9643,#9644,#9645));
#1535=EDGE_LOOP('',(#9646,#9647,#9648,#9649));
#1536=EDGE_LOOP('',(#9650,#9651,#9652,#9653));
#1537=EDGE_LOOP('',(#9654,#9655,#9656,#9657));
#1538=EDGE_LOOP('',(#9658,#9659,#9660,#9661));
#1539=EDGE_LOOP('',(#9662,#9663,#9664,#9665));
#1540=EDGE_LOOP('',(#9666,#9667,#9668,#9669));
#1541=EDGE_LOOP('',(#9670,#9671,#9672,#9673));
#1542=EDGE_LOOP('',(#9674,#9675,#9676,#9677));
#1543=EDGE_LOOP('',(#9678,#9679,#9680,#9681));
#1544=EDGE_LOOP('',(#9682,#9683,#9684,#9685));
#1545=EDGE_LOOP('',(#9686,#9687,#9688,#9689));
#1546=EDGE_LOOP('',(#9690,#9691,#9692,#9693));
#1547=EDGE_LOOP('',(#9694,#9695,#9696,#9697));
#1548=EDGE_LOOP('',(#9698,#9699,#9700,#9701));
#1549=EDGE_LOOP('',(#9702,#9703,#9704,#9705));
#1550=EDGE_LOOP('',(#9706,#9707,#9708,#9709));
#1551=EDGE_LOOP('',(#9710,#9711,#9712,#9713));
#1552=EDGE_LOOP('',(#9714,#9715,#9716,#9717));
#1553=EDGE_LOOP('',(#9718,#9719,#9720,#9721));
#1554=EDGE_LOOP('',(#9722,#9723,#9724,#9725));
#1555=EDGE_LOOP('',(#9726,#9727,#9728,#9729));
#1556=EDGE_LOOP('',(#9730,#9731,#9732,#9733));
#1557=EDGE_LOOP('',(#9734,#9735,#9736,#9737));
#1558=EDGE_LOOP('',(#9738,#9739,#9740,#9741));
#1559=EDGE_LOOP('',(#9742,#9743,#9744,#9745));
#1560=EDGE_LOOP('',(#9746,#9747,#9748,#9749));
#1561=EDGE_LOOP('',(#9750,#9751,#9752,#9753,#9754,#9755,#9756,#9757,#9758,
#9759,#9760,#9761,#9762,#9763,#9764,#9765,#9766,#9767,#9768,#9769,#9770,
#9771,#9772,#9773,#9774,#9775,#9776,#9777,#9778,#9779,#9780,#9781,#9782,
#9783,#9784,#9785,#9786,#9787,#9788,#9789,#9790,#9791,#9792,#9793,#9794,
#9795,#9796,#9797));
#1562=EDGE_LOOP('',(#9798));
#1563=EDGE_LOOP('',(#9799,#9800,#9801,#9802,#9803,#9804,#9805,#9806,#9807,
#9808,#9809,#9810,#9811,#9812,#9813,#9814,#9815,#9816,#9817,#9818,#9819,
#9820,#9821,#9822,#9823,#9824,#9825,#9826,#9827,#9828,#9829,#9830,#9831,
#9832,#9833,#9834,#9835,#9836,#9837,#9838,#9839,#9840,#9841,#9842,#9843,
#9844,#9845,#9846));
#1564=EDGE_LOOP('',(#9847));
#1565=EDGE_LOOP('',(#9848,#9849,#9850,#9851));
#1566=EDGE_LOOP('',(#9852,#9853,#9854,#9855));
#1567=EDGE_LOOP('',(#9856,#9857,#9858,#9859));
#1568=EDGE_LOOP('',(#9860,#9861,#9862,#9863));
#1569=EDGE_LOOP('',(#9864,#9865,#9866,#9867));
#1570=EDGE_LOOP('',(#9868,#9869,#9870,#9871));
#1571=EDGE_LOOP('',(#9872,#9873,#9874,#9875));
#1572=EDGE_LOOP('',(#9876,#9877,#9878,#9879));
#1573=EDGE_LOOP('',(#9880,#9881,#9882,#9883));
#1574=EDGE_LOOP('',(#9884,#9885,#9886,#9887));
#1575=EDGE_LOOP('',(#9888,#9889,#9890,#9891));
#1576=EDGE_LOOP('',(#9892,#9893,#9894,#9895));
#1577=EDGE_LOOP('',(#9896,#9897,#9898,#9899));
#1578=EDGE_LOOP('',(#9900,#9901,#9902,#9903));
#1579=EDGE_LOOP('',(#9904,#9905,#9906,#9907));
#1580=EDGE_LOOP('',(#9908,#9909,#9910,#9911));
#1581=EDGE_LOOP('',(#9912,#9913,#9914,#9915));
#1582=EDGE_LOOP('',(#9916,#9917,#9918,#9919));
#1583=EDGE_LOOP('',(#9920,#9921,#9922,#9923));
#1584=EDGE_LOOP('',(#9924,#9925,#9926,#9927));
#1585=EDGE_LOOP('',(#9928,#9929,#9930,#9931));
#1586=EDGE_LOOP('',(#9932,#9933,#9934,#9935));
#1587=EDGE_LOOP('',(#9936,#9937,#9938,#9939));
#1588=EDGE_LOOP('',(#9940,#9941,#9942,#9943));
#1589=EDGE_LOOP('',(#9944,#9945,#9946,#9947));
#1590=EDGE_LOOP('',(#9948,#9949,#9950,#9951));
#1591=EDGE_LOOP('',(#9952,#9953,#9954,#9955));
#1592=EDGE_LOOP('',(#9956,#9957,#9958,#9959));
#1593=EDGE_LOOP('',(#9960,#9961,#9962,#9963));
#1594=EDGE_LOOP('',(#9964,#9965,#9966,#9967));
#1595=EDGE_LOOP('',(#9968,#9969,#9970,#9971));
#1596=EDGE_LOOP('',(#9972,#9973,#9974,#9975));
#1597=EDGE_LOOP('',(#9976,#9977,#9978,#9979));
#1598=EDGE_LOOP('',(#9980,#9981,#9982,#9983));
#1599=EDGE_LOOP('',(#9984,#9985,#9986,#9987));
#1600=EDGE_LOOP('',(#9988,#9989,#9990,#9991));
#1601=EDGE_LOOP('',(#9992,#9993,#9994,#9995));
#1602=EDGE_LOOP('',(#9996,#9997,#9998,#9999));
#1603=EDGE_LOOP('',(#10000,#10001,#10002,#10003));
#1604=EDGE_LOOP('',(#10004,#10005,#10006,#10007));
#1605=EDGE_LOOP('',(#10008,#10009,#10010,#10011));
#1606=EDGE_LOOP('',(#10012,#10013,#10014,#10015));
#1607=EDGE_LOOP('',(#10016,#10017,#10018,#10019));
#1608=EDGE_LOOP('',(#10020,#10021,#10022,#10023));
#1609=EDGE_LOOP('',(#10024,#10025,#10026,#10027));
#1610=EDGE_LOOP('',(#10028,#10029,#10030,#10031));
#1611=EDGE_LOOP('',(#10032,#10033,#10034,#10035));
#1612=EDGE_LOOP('',(#10036,#10037,#10038,#10039));
#1613=EDGE_LOOP('',(#10040,#10041,#10042,#10043));
#1614=EDGE_LOOP('',(#10044,#10045,#10046,#10047,#10048,#10049,#10050,#10051,
#10052,#10053,#10054,#10055,#10056,#10057,#10058,#10059,#10060,#10061,#10062,
#10063,#10064,#10065,#10066,#10067,#10068,#10069,#10070,#10071,#10072,#10073,
#10074,#10075,#10076,#10077,#10078,#10079,#10080,#10081,#10082,#10083,#10084,
#10085,#10086,#10087,#10088,#10089,#10090,#10091));
#1615=EDGE_LOOP('',(#10092));
#1616=EDGE_LOOP('',(#10093,#10094,#10095,#10096,#10097,#10098,#10099,#10100,
#10101,#10102,#10103,#10104,#10105,#10106,#10107,#10108,#10109,#10110,#10111,
#10112,#10113,#10114,#10115,#10116,#10117,#10118,#10119,#10120,#10121,#10122,
#10123,#10124,#10125,#10126,#10127,#10128,#10129,#10130,#10131,#10132,#10133,
#10134,#10135,#10136,#10137,#10138,#10139,#10140));
#1617=EDGE_LOOP('',(#10141));
#1618=EDGE_LOOP('',(#10142,#10143,#10144,#10145));
#1619=EDGE_LOOP('',(#10146,#10147,#10148,#10149));
#1620=EDGE_LOOP('',(#10150,#10151,#10152,#10153));
#1621=EDGE_LOOP('',(#10154,#10155,#10156,#10157));
#1622=EDGE_LOOP('',(#10158,#10159,#10160,#10161));
#1623=EDGE_LOOP('',(#10162,#10163,#10164,#10165));
#1624=EDGE_LOOP('',(#10166,#10167,#10168,#10169));
#1625=EDGE_LOOP('',(#10170,#10171,#10172,#10173));
#1626=EDGE_LOOP('',(#10174,#10175,#10176,#10177));
#1627=EDGE_LOOP('',(#10178,#10179,#10180,#10181));
#1628=EDGE_LOOP('',(#10182,#10183,#10184,#10185));
#1629=EDGE_LOOP('',(#10186,#10187,#10188,#10189));
#1630=EDGE_LOOP('',(#10190,#10191,#10192,#10193));
#1631=EDGE_LOOP('',(#10194,#10195,#10196,#10197));
#1632=EDGE_LOOP('',(#10198,#10199,#10200,#10201));
#1633=EDGE_LOOP('',(#10202,#10203,#10204,#10205));
#1634=EDGE_LOOP('',(#10206,#10207,#10208,#10209));
#1635=EDGE_LOOP('',(#10210,#10211,#10212,#10213));
#1636=EDGE_LOOP('',(#10214,#10215,#10216,#10217));
#1637=EDGE_LOOP('',(#10218,#10219,#10220,#10221));
#1638=EDGE_LOOP('',(#10222,#10223,#10224,#10225));
#1639=EDGE_LOOP('',(#10226,#10227,#10228,#10229));
#1640=EDGE_LOOP('',(#10230,#10231,#10232,#10233));
#1641=EDGE_LOOP('',(#10234,#10235,#10236,#10237));
#1642=EDGE_LOOP('',(#10238,#10239,#10240,#10241));
#1643=EDGE_LOOP('',(#10242,#10243,#10244,#10245));
#1644=EDGE_LOOP('',(#10246,#10247,#10248,#10249));
#1645=EDGE_LOOP('',(#10250,#10251,#10252,#10253));
#1646=EDGE_LOOP('',(#10254,#10255,#10256,#10257));
#1647=EDGE_LOOP('',(#10258,#10259,#10260,#10261));
#1648=EDGE_LOOP('',(#10262,#10263,#10264,#10265));
#1649=EDGE_LOOP('',(#10266,#10267,#10268,#10269));
#1650=EDGE_LOOP('',(#10270,#10271,#10272,#10273));
#1651=EDGE_LOOP('',(#10274,#10275,#10276,#10277));
#1652=EDGE_LOOP('',(#10278,#10279,#10280,#10281));
#1653=EDGE_LOOP('',(#10282,#10283,#10284,#10285));
#1654=EDGE_LOOP('',(#10286,#10287,#10288,#10289));
#1655=EDGE_LOOP('',(#10290,#10291,#10292,#10293));
#1656=EDGE_LOOP('',(#10294,#10295,#10296,#10297));
#1657=EDGE_LOOP('',(#10298,#10299,#10300,#10301));
#1658=EDGE_LOOP('',(#10302,#10303,#10304,#10305));
#1659=EDGE_LOOP('',(#10306,#10307,#10308,#10309));
#1660=EDGE_LOOP('',(#10310,#10311,#10312,#10313));
#1661=EDGE_LOOP('',(#10314,#10315,#10316,#10317));
#1662=EDGE_LOOP('',(#10318,#10319,#10320,#10321));
#1663=EDGE_LOOP('',(#10322,#10323,#10324,#10325));
#1664=EDGE_LOOP('',(#10326,#10327,#10328,#10329));
#1665=EDGE_LOOP('',(#10330,#10331,#10332,#10333));
#1666=EDGE_LOOP('',(#10334,#10335,#10336,#10337));
#1667=EDGE_LOOP('',(#10338,#10339,#10340,#10341,#10342,#10343,#10344,#10345,
#10346,#10347,#10348,#10349,#10350,#10351,#10352,#10353,#10354,#10355,#10356,
#10357,#10358,#10359,#10360,#10361,#10362,#10363,#10364,#10365,#10366,#10367,
#10368,#10369,#10370,#10371,#10372,#10373,#10374,#10375,#10376,#10377,#10378,
#10379,#10380,#10381,#10382,#10383,#10384,#10385));
#1668=EDGE_LOOP('',(#10386));
#1669=EDGE_LOOP('',(#10387,#10388,#10389,#10390,#10391,#10392,#10393,#10394,
#10395,#10396,#10397,#10398,#10399,#10400,#10401,#10402,#10403,#10404,#10405,
#10406,#10407,#10408,#10409,#10410,#10411,#10412,#10413,#10414,#10415,#10416,
#10417,#10418,#10419,#10420,#10421,#10422,#10423,#10424,#10425,#10426,#10427,
#10428,#10429,#10430,#10431,#10432,#10433,#10434));
#1670=EDGE_LOOP('',(#10435));
#1671=EDGE_LOOP('',(#10436,#10437,#10438,#10439));
#1672=EDGE_LOOP('',(#10440,#10441,#10442,#10443));
#1673=EDGE_LOOP('',(#10444,#10445,#10446,#10447));
#1674=EDGE_LOOP('',(#10448,#10449,#10450,#10451));
#1675=EDGE_LOOP('',(#10452,#10453,#10454,#10455));
#1676=EDGE_LOOP('',(#10456,#10457,#10458,#10459));
#1677=EDGE_LOOP('',(#10460,#10461,#10462,#10463));
#1678=EDGE_LOOP('',(#10464,#10465,#10466,#10467));
#1679=EDGE_LOOP('',(#10468,#10469,#10470,#10471));
#1680=EDGE_LOOP('',(#10472,#10473,#10474,#10475));
#1681=EDGE_LOOP('',(#10476,#10477,#10478,#10479));
#1682=EDGE_LOOP('',(#10480,#10481,#10482,#10483));
#1683=EDGE_LOOP('',(#10484,#10485,#10486,#10487));
#1684=EDGE_LOOP('',(#10488,#10489,#10490,#10491));
#1685=EDGE_LOOP('',(#10492,#10493,#10494,#10495));
#1686=EDGE_LOOP('',(#10496,#10497,#10498,#10499));
#1687=EDGE_LOOP('',(#10500,#10501,#10502,#10503));
#1688=EDGE_LOOP('',(#10504,#10505,#10506,#10507));
#1689=EDGE_LOOP('',(#10508,#10509,#10510,#10511));
#1690=EDGE_LOOP('',(#10512,#10513,#10514,#10515));
#1691=EDGE_LOOP('',(#10516,#10517,#10518,#10519));
#1692=EDGE_LOOP('',(#10520,#10521,#10522,#10523));
#1693=EDGE_LOOP('',(#10524,#10525,#10526,#10527));
#1694=EDGE_LOOP('',(#10528,#10529,#10530,#10531));
#1695=EDGE_LOOP('',(#10532,#10533,#10534,#10535));
#1696=EDGE_LOOP('',(#10536,#10537,#10538,#10539));
#1697=EDGE_LOOP('',(#10540,#10541,#10542,#10543));
#1698=EDGE_LOOP('',(#10544,#10545,#10546,#10547));
#1699=EDGE_LOOP('',(#10548,#10549,#10550,#10551));
#1700=EDGE_LOOP('',(#10552,#10553,#10554,#10555));
#1701=EDGE_LOOP('',(#10556,#10557,#10558,#10559));
#1702=EDGE_LOOP('',(#10560,#10561,#10562,#10563));
#1703=EDGE_LOOP('',(#10564,#10565,#10566,#10567));
#1704=EDGE_LOOP('',(#10568,#10569,#10570,#10571));
#1705=EDGE_LOOP('',(#10572,#10573,#10574,#10575));
#1706=EDGE_LOOP('',(#10576,#10577,#10578,#10579));
#1707=EDGE_LOOP('',(#10580,#10581,#10582,#10583));
#1708=EDGE_LOOP('',(#10584,#10585,#10586,#10587));
#1709=EDGE_LOOP('',(#10588,#10589,#10590,#10591));
#1710=EDGE_LOOP('',(#10592,#10593,#10594,#10595));
#1711=EDGE_LOOP('',(#10596,#10597,#10598,#10599));
#1712=EDGE_LOOP('',(#10600,#10601,#10602,#10603));
#1713=EDGE_LOOP('',(#10604,#10605,#10606,#10607));
#1714=EDGE_LOOP('',(#10608,#10609,#10610,#10611));
#1715=EDGE_LOOP('',(#10612,#10613,#10614,#10615));
#1716=EDGE_LOOP('',(#10616,#10617,#10618,#10619));
#1717=EDGE_LOOP('',(#10620,#10621,#10622,#10623));
#1718=EDGE_LOOP('',(#10624,#10625,#10626,#10627));
#1719=EDGE_LOOP('',(#10628,#10629,#10630,#10631));
#1720=EDGE_LOOP('',(#10632,#10633,#10634,#10635,#10636,#10637,#10638,#10639,
#10640,#10641,#10642,#10643,#10644,#10645,#10646,#10647,#10648,#10649,#10650,
#10651,#10652,#10653,#10654,#10655,#10656,#10657,#10658,#10659,#10660,#10661,
#10662,#10663,#10664,#10665,#10666,#10667,#10668,#10669,#10670,#10671,#10672,
#10673,#10674,#10675,#10676,#10677,#10678,#10679));
#1721=EDGE_LOOP('',(#10680));
#1722=EDGE_LOOP('',(#10681,#10682,#10683,#10684,#10685,#10686,#10687,#10688,
#10689,#10690,#10691,#10692,#10693,#10694,#10695,#10696,#10697,#10698,#10699,
#10700,#10701,#10702,#10703,#10704,#10705,#10706,#10707,#10708,#10709,#10710,
#10711,#10712,#10713,#10714,#10715,#10716,#10717,#10718,#10719,#10720,#10721,
#10722,#10723,#10724,#10725,#10726,#10727,#10728));
#1723=EDGE_LOOP('',(#10729));
#1724=EDGE_LOOP('',(#10730,#10731,#10732,#10733));
#1725=EDGE_LOOP('',(#10734,#10735,#10736,#10737));
#1726=EDGE_LOOP('',(#10738,#10739,#10740,#10741));
#1727=EDGE_LOOP('',(#10742,#10743,#10744,#10745));
#1728=EDGE_LOOP('',(#10746,#10747,#10748,#10749));
#1729=EDGE_LOOP('',(#10750,#10751,#10752,#10753));
#1730=EDGE_LOOP('',(#10754,#10755,#10756,#10757));
#1731=EDGE_LOOP('',(#10758,#10759,#10760,#10761));
#1732=EDGE_LOOP('',(#10762,#10763,#10764,#10765));
#1733=EDGE_LOOP('',(#10766,#10767,#10768,#10769));
#1734=EDGE_LOOP('',(#10770,#10771,#10772,#10773));
#1735=EDGE_LOOP('',(#10774,#10775,#10776,#10777));
#1736=EDGE_LOOP('',(#10778,#10779,#10780,#10781));
#1737=EDGE_LOOP('',(#10782,#10783,#10784,#10785));
#1738=EDGE_LOOP('',(#10786,#10787,#10788,#10789));
#1739=EDGE_LOOP('',(#10790,#10791,#10792,#10793));
#1740=EDGE_LOOP('',(#10794,#10795,#10796,#10797));
#1741=EDGE_LOOP('',(#10798,#10799,#10800,#10801));
#1742=EDGE_LOOP('',(#10802,#10803,#10804,#10805));
#1743=EDGE_LOOP('',(#10806,#10807,#10808,#10809));
#1744=EDGE_LOOP('',(#10810,#10811,#10812,#10813));
#1745=EDGE_LOOP('',(#10814,#10815,#10816,#10817));
#1746=EDGE_LOOP('',(#10818,#10819,#10820,#10821));
#1747=EDGE_LOOP('',(#10822,#10823,#10824,#10825));
#1748=EDGE_LOOP('',(#10826,#10827,#10828,#10829));
#1749=EDGE_LOOP('',(#10830,#10831,#10832,#10833));
#1750=EDGE_LOOP('',(#10834,#10835,#10836,#10837));
#1751=EDGE_LOOP('',(#10838,#10839,#10840,#10841));
#1752=EDGE_LOOP('',(#10842,#10843,#10844,#10845));
#1753=EDGE_LOOP('',(#10846,#10847,#10848,#10849));
#1754=EDGE_LOOP('',(#10850,#10851,#10852,#10853));
#1755=EDGE_LOOP('',(#10854,#10855,#10856,#10857));
#1756=EDGE_LOOP('',(#10858,#10859,#10860,#10861));
#1757=EDGE_LOOP('',(#10862,#10863,#10864,#10865));
#1758=EDGE_LOOP('',(#10866,#10867,#10868,#10869));
#1759=EDGE_LOOP('',(#10870,#10871,#10872,#10873));
#1760=EDGE_LOOP('',(#10874,#10875,#10876,#10877));
#1761=EDGE_LOOP('',(#10878,#10879,#10880,#10881));
#1762=EDGE_LOOP('',(#10882,#10883,#10884,#10885));
#1763=EDGE_LOOP('',(#10886,#10887,#10888,#10889));
#1764=EDGE_LOOP('',(#10890,#10891,#10892,#10893));
#1765=EDGE_LOOP('',(#10894,#10895,#10896,#10897));
#1766=EDGE_LOOP('',(#10898,#10899,#10900,#10901));
#1767=EDGE_LOOP('',(#10902,#10903,#10904,#10905));
#1768=EDGE_LOOP('',(#10906,#10907,#10908,#10909));
#1769=EDGE_LOOP('',(#10910,#10911,#10912,#10913));
#1770=EDGE_LOOP('',(#10914,#10915,#10916,#10917));
#1771=EDGE_LOOP('',(#10918,#10919,#10920,#10921));
#1772=EDGE_LOOP('',(#10922,#10923,#10924,#10925));
#1773=EDGE_LOOP('',(#10926,#10927,#10928,#10929,#10930,#10931,#10932,#10933,
#10934,#10935,#10936,#10937,#10938,#10939,#10940,#10941,#10942,#10943,#10944,
#10945,#10946,#10947,#10948,#10949,#10950,#10951,#10952,#10953,#10954,#10955,
#10956,#10957,#10958,#10959,#10960,#10961,#10962,#10963,#10964,#10965,#10966,
#10967,#10968,#10969,#10970,#10971,#10972,#10973));
#1774=EDGE_LOOP('',(#10974));
#1775=EDGE_LOOP('',(#10975,#10976,#10977,#10978,#10979,#10980,#10981,#10982,
#10983,#10984,#10985,#10986,#10987,#10988,#10989,#10990,#10991,#10992,#10993,
#10994,#10995,#10996,#10997,#10998,#10999,#11000,#11001,#11002,#11003,#11004,
#11005,#11006,#11007,#11008,#11009,#11010,#11011,#11012,#11013,#11014,#11015,
#11016,#11017,#11018,#11019,#11020,#11021,#11022));
#1776=EDGE_LOOP('',(#11023));
#1777=EDGE_LOOP('',(#11024,#11025,#11026,#11027));
#1778=EDGE_LOOP('',(#11028,#11029,#11030,#11031));
#1779=EDGE_LOOP('',(#11032,#11033,#11034,#11035));
#1780=EDGE_LOOP('',(#11036,#11037,#11038,#11039));
#1781=EDGE_LOOP('',(#11040,#11041,#11042,#11043));
#1782=EDGE_LOOP('',(#11044,#11045,#11046,#11047));
#1783=EDGE_LOOP('',(#11048,#11049,#11050,#11051));
#1784=EDGE_LOOP('',(#11052,#11053,#11054,#11055));
#1785=EDGE_LOOP('',(#11056,#11057,#11058,#11059));
#1786=EDGE_LOOP('',(#11060,#11061,#11062,#11063));
#1787=EDGE_LOOP('',(#11064,#11065,#11066,#11067));
#1788=EDGE_LOOP('',(#11068,#11069,#11070,#11071));
#1789=EDGE_LOOP('',(#11072,#11073,#11074,#11075));
#1790=EDGE_LOOP('',(#11076,#11077,#11078,#11079));
#1791=EDGE_LOOP('',(#11080,#11081,#11082,#11083));
#1792=EDGE_LOOP('',(#11084,#11085,#11086,#11087));
#1793=EDGE_LOOP('',(#11088,#11089,#11090,#11091));
#1794=EDGE_LOOP('',(#11092,#11093,#11094,#11095));
#1795=EDGE_LOOP('',(#11096,#11097,#11098,#11099));
#1796=EDGE_LOOP('',(#11100,#11101,#11102,#11103));
#1797=EDGE_LOOP('',(#11104,#11105,#11106,#11107));
#1798=EDGE_LOOP('',(#11108,#11109,#11110,#11111));
#1799=EDGE_LOOP('',(#11112,#11113,#11114,#11115));
#1800=EDGE_LOOP('',(#11116,#11117,#11118,#11119));
#1801=EDGE_LOOP('',(#11120,#11121,#11122,#11123));
#1802=EDGE_LOOP('',(#11124,#11125,#11126,#11127));
#1803=EDGE_LOOP('',(#11128,#11129,#11130,#11131));
#1804=EDGE_LOOP('',(#11132,#11133,#11134,#11135));
#1805=EDGE_LOOP('',(#11136,#11137,#11138,#11139));
#1806=EDGE_LOOP('',(#11140,#11141,#11142,#11143));
#1807=EDGE_LOOP('',(#11144,#11145,#11146,#11147));
#1808=EDGE_LOOP('',(#11148,#11149,#11150,#11151));
#1809=EDGE_LOOP('',(#11152,#11153,#11154,#11155));
#1810=EDGE_LOOP('',(#11156,#11157,#11158,#11159));
#1811=EDGE_LOOP('',(#11160,#11161,#11162,#11163));
#1812=EDGE_LOOP('',(#11164,#11165,#11166,#11167));
#1813=EDGE_LOOP('',(#11168,#11169,#11170,#11171));
#1814=EDGE_LOOP('',(#11172,#11173,#11174,#11175));
#1815=EDGE_LOOP('',(#11176,#11177,#11178,#11179));
#1816=EDGE_LOOP('',(#11180,#11181,#11182,#11183));
#1817=EDGE_LOOP('',(#11184,#11185,#11186,#11187));
#1818=EDGE_LOOP('',(#11188,#11189,#11190,#11191));
#1819=EDGE_LOOP('',(#11192,#11193,#11194,#11195));
#1820=EDGE_LOOP('',(#11196,#11197,#11198,#11199));
#1821=EDGE_LOOP('',(#11200,#11201,#11202,#11203));
#1822=EDGE_LOOP('',(#11204,#11205,#11206,#11207));
#1823=EDGE_LOOP('',(#11208,#11209,#11210,#11211));
#1824=EDGE_LOOP('',(#11212,#11213,#11214,#11215));
#1825=EDGE_LOOP('',(#11216,#11217,#11218,#11219));
#1826=EDGE_LOOP('',(#11220,#11221,#11222,#11223,#11224,#11225,#11226,#11227,
#11228,#11229,#11230,#11231,#11232,#11233,#11234,#11235,#11236,#11237,#11238,
#11239,#11240,#11241,#11242,#11243,#11244,#11245,#11246,#11247,#11248,#11249,
#11250,#11251,#11252,#11253,#11254,#11255,#11256,#11257,#11258,#11259,#11260,
#11261,#11262,#11263,#11264,#11265,#11266,#11267));
#1827=EDGE_LOOP('',(#11268));
#1828=EDGE_LOOP('',(#11269,#11270,#11271,#11272,#11273,#11274,#11275,#11276,
#11277,#11278,#11279,#11280,#11281,#11282,#11283,#11284,#11285,#11286,#11287,
#11288,#11289,#11290,#11291,#11292,#11293,#11294,#11295,#11296,#11297,#11298,
#11299,#11300,#11301,#11302,#11303,#11304,#11305,#11306,#11307,#11308,#11309,
#11310,#11311,#11312,#11313,#11314,#11315,#11316));
#1829=EDGE_LOOP('',(#11317));
#1830=EDGE_LOOP('',(#11318,#11319,#11320,#11321));
#1831=EDGE_LOOP('',(#11322,#11323,#11324,#11325));
#1832=EDGE_LOOP('',(#11326,#11327,#11328,#11329));
#1833=EDGE_LOOP('',(#11330,#11331,#11332,#11333));
#1834=EDGE_LOOP('',(#11334,#11335,#11336,#11337));
#1835=EDGE_LOOP('',(#11338,#11339,#11340,#11341));
#1836=EDGE_LOOP('',(#11342,#11343,#11344,#11345));
#1837=EDGE_LOOP('',(#11346,#11347,#11348,#11349));
#1838=EDGE_LOOP('',(#11350,#11351,#11352,#11353));
#1839=EDGE_LOOP('',(#11354,#11355,#11356,#11357));
#1840=EDGE_LOOP('',(#11358,#11359,#11360,#11361));
#1841=EDGE_LOOP('',(#11362,#11363,#11364,#11365));
#1842=EDGE_LOOP('',(#11366,#11367,#11368,#11369));
#1843=EDGE_LOOP('',(#11370,#11371,#11372,#11373));
#1844=EDGE_LOOP('',(#11374,#11375,#11376,#11377));
#1845=EDGE_LOOP('',(#11378,#11379,#11380,#11381));
#1846=EDGE_LOOP('',(#11382,#11383,#11384,#11385));
#1847=EDGE_LOOP('',(#11386,#11387,#11388,#11389));
#1848=EDGE_LOOP('',(#11390,#11391,#11392,#11393));
#1849=EDGE_LOOP('',(#11394,#11395,#11396,#11397));
#1850=EDGE_LOOP('',(#11398,#11399,#11400,#11401));
#1851=EDGE_LOOP('',(#11402,#11403,#11404,#11405));
#1852=EDGE_LOOP('',(#11406,#11407,#11408,#11409));
#1853=EDGE_LOOP('',(#11410,#11411,#11412,#11413));
#1854=EDGE_LOOP('',(#11414,#11415,#11416,#11417));
#1855=EDGE_LOOP('',(#11418,#11419,#11420,#11421));
#1856=EDGE_LOOP('',(#11422,#11423,#11424,#11425));
#1857=EDGE_LOOP('',(#11426,#11427,#11428,#11429));
#1858=EDGE_LOOP('',(#11430,#11431,#11432,#11433));
#1859=EDGE_LOOP('',(#11434,#11435,#11436,#11437));
#1860=EDGE_LOOP('',(#11438,#11439,#11440,#11441));
#1861=EDGE_LOOP('',(#11442,#11443,#11444,#11445));
#1862=EDGE_LOOP('',(#11446,#11447,#11448,#11449));
#1863=EDGE_LOOP('',(#11450,#11451,#11452,#11453));
#1864=EDGE_LOOP('',(#11454,#11455,#11456,#11457));
#1865=EDGE_LOOP('',(#11458,#11459,#11460,#11461));
#1866=EDGE_LOOP('',(#11462,#11463,#11464,#11465));
#1867=EDGE_LOOP('',(#11466,#11467,#11468,#11469));
#1868=EDGE_LOOP('',(#11470,#11471,#11472,#11473));
#1869=EDGE_LOOP('',(#11474,#11475,#11476,#11477));
#1870=EDGE_LOOP('',(#11478,#11479,#11480,#11481));
#1871=EDGE_LOOP('',(#11482,#11483,#11484,#11485));
#1872=EDGE_LOOP('',(#11486,#11487,#11488,#11489));
#1873=EDGE_LOOP('',(#11490,#11491,#11492,#11493));
#1874=EDGE_LOOP('',(#11494,#11495,#11496,#11497));
#1875=EDGE_LOOP('',(#11498,#11499,#11500,#11501));
#1876=EDGE_LOOP('',(#11502,#11503,#11504,#11505));
#1877=EDGE_LOOP('',(#11506,#11507,#11508,#11509));
#1878=EDGE_LOOP('',(#11510,#11511,#11512,#11513));
#1879=EDGE_LOOP('',(#11514,#11515,#11516,#11517,#11518,#11519,#11520,#11521,
#11522,#11523,#11524,#11525,#11526,#11527,#11528,#11529,#11530,#11531,#11532,
#11533,#11534,#11535,#11536,#11537,#11538,#11539,#11540,#11541,#11542,#11543,
#11544,#11545,#11546,#11547,#11548,#11549,#11550,#11551,#11552,#11553,#11554,
#11555,#11556,#11557,#11558,#11559,#11560,#11561));
#1880=EDGE_LOOP('',(#11562));
#1881=EDGE_LOOP('',(#11563,#11564,#11565,#11566,#11567,#11568,#11569,#11570,
#11571,#11572,#11573,#11574,#11575,#11576,#11577,#11578,#11579,#11580,#11581,
#11582,#11583,#11584,#11585,#11586,#11587,#11588,#11589,#11590,#11591,#11592,
#11593,#11594,#11595,#11596,#11597,#11598,#11599,#11600,#11601,#11602,#11603,
#11604,#11605,#11606,#11607,#11608,#11609,#11610));
#1882=EDGE_LOOP('',(#11611));
#1883=EDGE_LOOP('',(#11612,#11613,#11614,#11615));
#1884=EDGE_LOOP('',(#11616,#11617,#11618,#11619));
#1885=EDGE_LOOP('',(#11620,#11621,#11622,#11623));
#1886=EDGE_LOOP('',(#11624,#11625,#11626,#11627));
#1887=EDGE_LOOP('',(#11628,#11629,#11630,#11631));
#1888=EDGE_LOOP('',(#11632,#11633,#11634,#11635));
#1889=EDGE_LOOP('',(#11636,#11637,#11638,#11639));
#1890=EDGE_LOOP('',(#11640,#11641,#11642,#11643));
#1891=EDGE_LOOP('',(#11644,#11645,#11646,#11647));
#1892=EDGE_LOOP('',(#11648,#11649,#11650,#11651));
#1893=EDGE_LOOP('',(#11652,#11653,#11654,#11655));
#1894=EDGE_LOOP('',(#11656,#11657,#11658,#11659));
#1895=EDGE_LOOP('',(#11660,#11661,#11662,#11663));
#1896=EDGE_LOOP('',(#11664,#11665,#11666,#11667));
#1897=EDGE_LOOP('',(#11668,#11669,#11670,#11671));
#1898=EDGE_LOOP('',(#11672,#11673,#11674,#11675));
#1899=EDGE_LOOP('',(#11676,#11677,#11678,#11679));
#1900=EDGE_LOOP('',(#11680,#11681,#11682,#11683));
#1901=EDGE_LOOP('',(#11684,#11685,#11686,#11687));
#1902=EDGE_LOOP('',(#11688,#11689,#11690,#11691));
#1903=EDGE_LOOP('',(#11692,#11693,#11694,#11695));
#1904=EDGE_LOOP('',(#11696,#11697,#11698,#11699));
#1905=EDGE_LOOP('',(#11700,#11701,#11702,#11703));
#1906=EDGE_LOOP('',(#11704,#11705,#11706,#11707));
#1907=EDGE_LOOP('',(#11708,#11709,#11710,#11711));
#1908=EDGE_LOOP('',(#11712,#11713,#11714,#11715));
#1909=EDGE_LOOP('',(#11716,#11717,#11718,#11719));
#1910=EDGE_LOOP('',(#11720,#11721,#11722,#11723));
#1911=EDGE_LOOP('',(#11724,#11725,#11726,#11727));
#1912=EDGE_LOOP('',(#11728,#11729,#11730,#11731));
#1913=EDGE_LOOP('',(#11732,#11733,#11734,#11735));
#1914=EDGE_LOOP('',(#11736,#11737,#11738,#11739));
#1915=EDGE_LOOP('',(#11740,#11741,#11742,#11743));
#1916=EDGE_LOOP('',(#11744,#11745,#11746,#11747));
#1917=EDGE_LOOP('',(#11748,#11749,#11750,#11751));
#1918=EDGE_LOOP('',(#11752,#11753,#11754,#11755));
#1919=EDGE_LOOP('',(#11756,#11757,#11758,#11759));
#1920=EDGE_LOOP('',(#11760,#11761,#11762,#11763));
#1921=EDGE_LOOP('',(#11764,#11765,#11766,#11767));
#1922=EDGE_LOOP('',(#11768,#11769,#11770,#11771));
#1923=EDGE_LOOP('',(#11772,#11773,#11774,#11775));
#1924=EDGE_LOOP('',(#11776,#11777,#11778,#11779));
#1925=EDGE_LOOP('',(#11780,#11781,#11782,#11783));
#1926=EDGE_LOOP('',(#11784,#11785,#11786,#11787));
#1927=EDGE_LOOP('',(#11788,#11789,#11790,#11791));
#1928=EDGE_LOOP('',(#11792,#11793,#11794,#11795));
#1929=EDGE_LOOP('',(#11796,#11797,#11798,#11799));
#1930=EDGE_LOOP('',(#11800,#11801,#11802,#11803));
#1931=EDGE_LOOP('',(#11804,#11805,#11806,#11807));
#1932=EDGE_LOOP('',(#11808,#11809,#11810,#11811,#11812,#11813,#11814,#11815,
#11816,#11817,#11818,#11819,#11820,#11821,#11822,#11823,#11824,#11825,#11826,
#11827,#11828,#11829,#11830,#11831,#11832,#11833,#11834,#11835,#11836,#11837,
#11838,#11839,#11840,#11841,#11842,#11843,#11844,#11845,#11846,#11847,#11848,
#11849,#11850,#11851,#11852,#11853,#11854,#11855));
#1933=EDGE_LOOP('',(#11856));
#1934=EDGE_LOOP('',(#11857,#11858,#11859,#11860,#11861,#11862,#11863,#11864,
#11865,#11866,#11867,#11868,#11869,#11870,#11871,#11872,#11873,#11874,#11875,
#11876,#11877,#11878,#11879,#11880,#11881,#11882,#11883,#11884,#11885,#11886,
#11887,#11888,#11889,#11890,#11891,#11892,#11893,#11894,#11895,#11896,#11897,
#11898,#11899,#11900,#11901,#11902,#11903,#11904));
#1935=EDGE_LOOP('',(#11905));
#1936=EDGE_LOOP('',(#11906,#11907,#11908,#11909));
#1937=EDGE_LOOP('',(#11910,#11911,#11912,#11913));
#1938=EDGE_LOOP('',(#11914,#11915,#11916,#11917));
#1939=EDGE_LOOP('',(#11918,#11919,#11920,#11921));
#1940=EDGE_LOOP('',(#11922,#11923,#11924,#11925));
#1941=EDGE_LOOP('',(#11926,#11927,#11928,#11929));
#1942=EDGE_LOOP('',(#11930,#11931,#11932,#11933));
#1943=EDGE_LOOP('',(#11934,#11935,#11936,#11937));
#1944=EDGE_LOOP('',(#11938,#11939,#11940,#11941));
#1945=EDGE_LOOP('',(#11942,#11943,#11944,#11945));
#1946=EDGE_LOOP('',(#11946,#11947,#11948,#11949));
#1947=EDGE_LOOP('',(#11950,#11951,#11952,#11953));
#1948=EDGE_LOOP('',(#11954,#11955,#11956,#11957));
#1949=EDGE_LOOP('',(#11958,#11959,#11960,#11961));
#1950=EDGE_LOOP('',(#11962,#11963,#11964,#11965));
#1951=EDGE_LOOP('',(#11966,#11967,#11968,#11969));
#1952=EDGE_LOOP('',(#11970,#11971,#11972,#11973));
#1953=EDGE_LOOP('',(#11974,#11975,#11976,#11977));
#1954=EDGE_LOOP('',(#11978,#11979,#11980,#11981));
#1955=EDGE_LOOP('',(#11982,#11983,#11984,#11985));
#1956=EDGE_LOOP('',(#11986,#11987,#11988,#11989));
#1957=EDGE_LOOP('',(#11990,#11991,#11992,#11993));
#1958=EDGE_LOOP('',(#11994,#11995,#11996,#11997));
#1959=EDGE_LOOP('',(#11998,#11999,#12000,#12001));
#1960=EDGE_LOOP('',(#12002,#12003,#12004,#12005));
#1961=EDGE_LOOP('',(#12006,#12007,#12008,#12009));
#1962=EDGE_LOOP('',(#12010,#12011,#12012,#12013));
#1963=EDGE_LOOP('',(#12014,#12015,#12016,#12017));
#1964=EDGE_LOOP('',(#12018,#12019,#12020,#12021));
#1965=EDGE_LOOP('',(#12022,#12023,#12024,#12025));
#1966=EDGE_LOOP('',(#12026,#12027,#12028,#12029));
#1967=EDGE_LOOP('',(#12030,#12031,#12032,#12033));
#1968=EDGE_LOOP('',(#12034,#12035,#12036,#12037));
#1969=EDGE_LOOP('',(#12038,#12039,#12040,#12041));
#1970=EDGE_LOOP('',(#12042,#12043,#12044,#12045));
#1971=EDGE_LOOP('',(#12046,#12047,#12048,#12049));
#1972=EDGE_LOOP('',(#12050,#12051,#12052,#12053));
#1973=EDGE_LOOP('',(#12054,#12055,#12056,#12057));
#1974=EDGE_LOOP('',(#12058,#12059,#12060,#12061));
#1975=EDGE_LOOP('',(#12062,#12063,#12064,#12065));
#1976=EDGE_LOOP('',(#12066,#12067,#12068,#12069));
#1977=EDGE_LOOP('',(#12070,#12071,#12072,#12073));
#1978=EDGE_LOOP('',(#12074,#12075,#12076,#12077));
#1979=EDGE_LOOP('',(#12078,#12079,#12080,#12081));
#1980=EDGE_LOOP('',(#12082,#12083,#12084,#12085));
#1981=EDGE_LOOP('',(#12086,#12087,#12088,#12089));
#1982=EDGE_LOOP('',(#12090,#12091,#12092,#12093));
#1983=EDGE_LOOP('',(#12094,#12095,#12096,#12097));
#1984=EDGE_LOOP('',(#12098,#12099,#12100,#12101));
#1985=EDGE_LOOP('',(#12102,#12103,#12104,#12105,#12106,#12107,#12108,#12109,
#12110,#12111,#12112,#12113,#12114,#12115,#12116,#12117,#12118,#12119,#12120,
#12121,#12122,#12123,#12124,#12125,#12126,#12127,#12128,#12129,#12130,#12131,
#12132,#12133,#12134,#12135,#12136,#12137,#12138,#12139,#12140,#12141,#12142,
#12143,#12144,#12145,#12146,#12147,#12148,#12149));
#1986=EDGE_LOOP('',(#12150));
#1987=EDGE_LOOP('',(#12151,#12152,#12153,#12154,#12155,#12156,#12157,#12158,
#12159,#12160,#12161,#12162,#12163,#12164,#12165,#12166,#12167,#12168,#12169,
#12170,#12171,#12172,#12173,#12174,#12175,#12176,#12177,#12178,#12179,#12180,
#12181,#12182,#12183,#12184,#12185,#12186,#12187,#12188,#12189,#12190,#12191,
#12192,#12193,#12194,#12195,#12196,#12197,#12198));
#1988=EDGE_LOOP('',(#12199));
#1989=EDGE_LOOP('',(#12200,#12201,#12202,#12203));
#1990=EDGE_LOOP('',(#12204,#12205,#12206,#12207));
#1991=EDGE_LOOP('',(#12208,#12209,#12210,#12211));
#1992=EDGE_LOOP('',(#12212,#12213,#12214,#12215));
#1993=EDGE_LOOP('',(#12216,#12217,#12218,#12219));
#1994=EDGE_LOOP('',(#12220,#12221,#12222,#12223));
#1995=EDGE_LOOP('',(#12224,#12225,#12226,#12227));
#1996=EDGE_LOOP('',(#12228,#12229,#12230,#12231));
#1997=EDGE_LOOP('',(#12232,#12233,#12234,#12235));
#1998=EDGE_LOOP('',(#12236,#12237,#12238,#12239));
#1999=EDGE_LOOP('',(#12240,#12241,#12242,#12243));
#2000=EDGE_LOOP('',(#12244,#12245,#12246,#12247));
#2001=EDGE_LOOP('',(#12248,#12249,#12250,#12251));
#2002=EDGE_LOOP('',(#12252,#12253,#12254,#12255));
#2003=EDGE_LOOP('',(#12256,#12257,#12258,#12259));
#2004=EDGE_LOOP('',(#12260,#12261,#12262,#12263));
#2005=EDGE_LOOP('',(#12264,#12265,#12266,#12267));
#2006=EDGE_LOOP('',(#12268,#12269,#12270,#12271));
#2007=EDGE_LOOP('',(#12272,#12273,#12274,#12275));
#2008=EDGE_LOOP('',(#12276,#12277,#12278,#12279));
#2009=EDGE_LOOP('',(#12280,#12281,#12282,#12283));
#2010=EDGE_LOOP('',(#12284,#12285,#12286,#12287));
#2011=EDGE_LOOP('',(#12288,#12289,#12290,#12291));
#2012=EDGE_LOOP('',(#12292,#12293,#12294,#12295));
#2013=EDGE_LOOP('',(#12296,#12297,#12298,#12299));
#2014=EDGE_LOOP('',(#12300,#12301,#12302,#12303));
#2015=EDGE_LOOP('',(#12304,#12305,#12306,#12307));
#2016=EDGE_LOOP('',(#12308,#12309,#12310,#12311));
#2017=EDGE_LOOP('',(#12312,#12313,#12314,#12315));
#2018=EDGE_LOOP('',(#12316,#12317,#12318,#12319));
#2019=EDGE_LOOP('',(#12320,#12321,#12322,#12323));
#2020=EDGE_LOOP('',(#12324,#12325,#12326,#12327));
#2021=EDGE_LOOP('',(#12328,#12329,#12330,#12331));
#2022=EDGE_LOOP('',(#12332,#12333,#12334,#12335));
#2023=EDGE_LOOP('',(#12336,#12337,#12338,#12339));
#2024=EDGE_LOOP('',(#12340,#12341,#12342,#12343));
#2025=EDGE_LOOP('',(#12344,#12345,#12346,#12347));
#2026=EDGE_LOOP('',(#12348,#12349,#12350,#12351));
#2027=EDGE_LOOP('',(#12352,#12353,#12354,#12355));
#2028=EDGE_LOOP('',(#12356,#12357,#12358,#12359));
#2029=EDGE_LOOP('',(#12360,#12361,#12362,#12363));
#2030=EDGE_LOOP('',(#12364,#12365,#12366,#12367));
#2031=EDGE_LOOP('',(#12368,#12369,#12370,#12371));
#2032=EDGE_LOOP('',(#12372,#12373,#12374,#12375));
#2033=EDGE_LOOP('',(#12376,#12377,#12378,#12379));
#2034=EDGE_LOOP('',(#12380,#12381,#12382,#12383));
#2035=EDGE_LOOP('',(#12384,#12385,#12386,#12387));
#2036=EDGE_LOOP('',(#12388,#12389,#12390,#12391));
#2037=EDGE_LOOP('',(#12392,#12393,#12394,#12395));
#2038=EDGE_LOOP('',(#12396,#12397,#12398,#12399,#12400,#12401,#12402,#12403,
#12404,#12405,#12406,#12407,#12408,#12409,#12410,#12411,#12412,#12413,#12414,
#12415,#12416,#12417,#12418,#12419,#12420,#12421,#12422,#12423,#12424,#12425,
#12426,#12427,#12428,#12429,#12430,#12431,#12432,#12433,#12434,#12435,#12436,
#12437,#12438,#12439,#12440,#12441,#12442,#12443));
#2039=EDGE_LOOP('',(#12444));
#2040=EDGE_LOOP('',(#12445,#12446,#12447,#12448,#12449,#12450,#12451,#12452,
#12453,#12454,#12455,#12456,#12457,#12458,#12459,#12460,#12461,#12462,#12463,
#12464,#12465,#12466,#12467,#12468,#12469,#12470,#12471,#12472,#12473,#12474,
#12475,#12476,#12477,#12478,#12479,#12480,#12481,#12482,#12483,#12484,#12485,
#12486,#12487,#12488,#12489,#12490,#12491,#12492));
#2041=EDGE_LOOP('',(#12493));
#2042=EDGE_LOOP('',(#12494,#12495,#12496,#12497));
#2043=EDGE_LOOP('',(#12498,#12499,#12500,#12501));
#2044=EDGE_LOOP('',(#12502,#12503,#12504,#12505));
#2045=EDGE_LOOP('',(#12506,#12507,#12508,#12509));
#2046=EDGE_LOOP('',(#12510,#12511,#12512,#12513));
#2047=EDGE_LOOP('',(#12514,#12515,#12516,#12517));
#2048=EDGE_LOOP('',(#12518,#12519,#12520,#12521));
#2049=EDGE_LOOP('',(#12522,#12523,#12524,#12525));
#2050=EDGE_LOOP('',(#12526,#12527,#12528,#12529));
#2051=EDGE_LOOP('',(#12530,#12531,#12532,#12533));
#2052=EDGE_LOOP('',(#12534,#12535,#12536,#12537));
#2053=EDGE_LOOP('',(#12538,#12539,#12540,#12541));
#2054=EDGE_LOOP('',(#12542,#12543,#12544,#12545));
#2055=EDGE_LOOP('',(#12546));
#2056=EDGE_LOOP('',(#12547));
#2057=EDGE_LOOP('',(#12548,#12549,#12550,#12551));
#2058=EDGE_LOOP('',(#12552,#12553,#12554,#12555));
#2059=EDGE_LOOP('',(#12556));
#2060=EDGE_LOOP('',(#12557));
#2061=EDGE_LOOP('',(#12558,#12559,#12560,#12561));
#2062=EDGE_LOOP('',(#12562));
#2063=EDGE_LOOP('',(#12563));
#2064=EDGE_LOOP('',(#12564,#12565,#12566,#12567));
#2065=EDGE_LOOP('',(#12568,#12569,#12570,#12571));
#2066=EDGE_LOOP('',(#12572));
#2067=EDGE_LOOP('',(#12573));
#2068=EDGE_LOOP('',(#12574,#12575,#12576,#12577));
#2069=EDGE_LOOP('',(#12578));
#2070=EDGE_LOOP('',(#12579));
#2071=EDGE_LOOP('',(#12580,#12581,#12582,#12583));
#2072=EDGE_LOOP('',(#12584,#12585,#12586,#12587));
#2073=EDGE_LOOP('',(#12588));
#2074=EDGE_LOOP('',(#12589));
#2075=EDGE_LOOP('',(#12590,#12591,#12592,#12593));
#2076=EDGE_LOOP('',(#12594,#12595,#12596,#12597));
#2077=EDGE_LOOP('',(#12598,#12599,#12600,#12601));
#2078=EDGE_LOOP('',(#12602,#12603,#12604,#12605));
#2079=EDGE_LOOP('',(#12606,#12607,#12608,#12609));
#2080=EDGE_LOOP('',(#12610));
#2081=EDGE_LOOP('',(#12611));
#2082=EDGE_LOOP('',(#12612));
#2083=EDGE_LOOP('',(#12613,#12614,#12615,#12616));
#2084=EDGE_LOOP('',(#12617));
#2085=EDGE_LOOP('',(#12618));
#2086=EDGE_LOOP('',(#12619));
#2087=EDGE_LOOP('',(#12620,#12621,#12622,#12623));
#2088=EDGE_LOOP('',(#12624,#12625,#12626,#12627));
#2089=EDGE_LOOP('',(#12628,#12629,#12630,#12631));
#2090=EDGE_LOOP('',(#12632,#12633,#12634,#12635));
#2091=EDGE_LOOP('',(#12636,#12637,#12638,#12639));
#2092=EDGE_LOOP('',(#12640,#12641,#12642,#12643));
#2093=EDGE_LOOP('',(#12644,#12645,#12646,#12647));
#2094=EDGE_LOOP('',(#12648,#12649,#12650,#12651));
#2095=EDGE_LOOP('',(#12652,#12653,#12654,#12655));
#2096=EDGE_LOOP('',(#12656,#12657,#12658,#12659));
#2097=EDGE_LOOP('',(#12660,#12661,#12662,#12663));
#2098=EDGE_LOOP('',(#12664,#12665,#12666,#12667));
#2099=EDGE_LOOP('',(#12668,#12669,#12670,#12671));
#2100=EDGE_LOOP('',(#12672,#12673,#12674,#12675));
#2101=EDGE_LOOP('',(#12676,#12677,#12678,#12679));
#2102=EDGE_LOOP('',(#12680,#12681,#12682,#12683));
#2103=EDGE_LOOP('',(#12684,#12685,#12686,#12687,#12688,#12689,#12690,#12691));
#2104=EDGE_LOOP('',(#12692,#12693,#12694,#12695));
#2105=EDGE_LOOP('',(#12696,#12697,#12698,#12699));
#2106=EDGE_LOOP('',(#12700,#12701,#12702,#12703,#12704,#12705,#12706,#12707));
#2107=EDGE_LOOP('',(#12708,#12709,#12710,#12711));
#2108=EDGE_LOOP('',(#12712,#12713,#12714,#12715));
#2109=EDGE_LOOP('',(#12716,#12717,#12718,#12719));
#2110=EDGE_LOOP('',(#12720,#12721,#12722,#12723));
#2111=EDGE_LOOP('',(#12724,#12725,#12726,#12727));
#2112=EDGE_LOOP('',(#12728,#12729,#12730,#12731));
#2113=LINE('',#17454,#3950);
#2114=LINE('',#17459,#3951);
#2115=LINE('',#17461,#3952);
#2116=LINE('',#17463,#3953);
#2117=LINE('',#17464,#3954);
#2118=LINE('',#17467,#3955);
#2119=LINE('',#17469,#3956);
#2120=LINE('',#17470,#3957);
#2121=LINE('',#17473,#3958);
#2122=LINE('',#17475,#3959);
#2123=LINE('',#17476,#3960);
#2124=LINE('',#17479,#3961);
#2125=LINE('',#17481,#3962);
#2126=LINE('',#17482,#3963);
#2127=LINE('',#17485,#3964);
#2128=LINE('',#17487,#3965);
#2129=LINE('',#17488,#3966);
#2130=LINE('',#17491,#3967);
#2131=LINE('',#17493,#3968);
#2132=LINE('',#17494,#3969);
#2133=LINE('',#17497,#3970);
#2134=LINE('',#17499,#3971);
#2135=LINE('',#17500,#3972);
#2136=LINE('',#17503,#3973);
#2137=LINE('',#17505,#3974);
#2138=LINE('',#17506,#3975);
#2139=LINE('',#17509,#3976);
#2140=LINE('',#17511,#3977);
#2141=LINE('',#17512,#3978);
#2142=LINE('',#17515,#3979);
#2143=LINE('',#17517,#3980);
#2144=LINE('',#17518,#3981);
#2145=LINE('',#17521,#3982);
#2146=LINE('',#17523,#3983);
#2147=LINE('',#17524,#3984);
#2148=LINE('',#17527,#3985);
#2149=LINE('',#17529,#3986);
#2150=LINE('',#17530,#3987);
#2151=LINE('',#17533,#3988);
#2152=LINE('',#17535,#3989);
#2153=LINE('',#17536,#3990);
#2154=LINE('',#17539,#3991);
#2155=LINE('',#17541,#3992);
#2156=LINE('',#17542,#3993);
#2157=LINE('',#17545,#3994);
#2158=LINE('',#17547,#3995);
#2159=LINE('',#17548,#3996);
#2160=LINE('',#17551,#3997);
#2161=LINE('',#17553,#3998);
#2162=LINE('',#17554,#3999);
#2163=LINE('',#17557,#4000);
#2164=LINE('',#17559,#4001);
#2165=LINE('',#17560,#4002);
#2166=LINE('',#17563,#4003);
#2167=LINE('',#17565,#4004);
#2168=LINE('',#17566,#4005);
#2169=LINE('',#17569,#4006);
#2170=LINE('',#17571,#4007);
#2171=LINE('',#17572,#4008);
#2172=LINE('',#17575,#4009);
#2173=LINE('',#17577,#4010);
#2174=LINE('',#17578,#4011);
#2175=LINE('',#17581,#4012);
#2176=LINE('',#17583,#4013);
#2177=LINE('',#17584,#4014);
#2178=LINE('',#17587,#4015);
#2179=LINE('',#17589,#4016);
#2180=LINE('',#17590,#4017);
#2181=LINE('',#17593,#4018);
#2182=LINE('',#17595,#4019);
#2183=LINE('',#17596,#4020);
#2184=LINE('',#17599,#4021);
#2185=LINE('',#17601,#4022);
#2186=LINE('',#17602,#4023);
#2187=LINE('',#17605,#4024);
#2188=LINE('',#17607,#4025);
#2189=LINE('',#17608,#4026);
#2190=LINE('',#17611,#4027);
#2191=LINE('',#17613,#4028);
#2192=LINE('',#17614,#4029);
#2193=LINE('',#17617,#4030);
#2194=LINE('',#17619,#4031);
#2195=LINE('',#17620,#4032);
#2196=LINE('',#17623,#4033);
#2197=LINE('',#17625,#4034);
#2198=LINE('',#17626,#4035);
#2199=LINE('',#17629,#4036);
#2200=LINE('',#17631,#4037);
#2201=LINE('',#17632,#4038);
#2202=LINE('',#17635,#4039);
#2203=LINE('',#17637,#4040);
#2204=LINE('',#17638,#4041);
#2205=LINE('',#17641,#4042);
#2206=LINE('',#17643,#4043);
#2207=LINE('',#17644,#4044);
#2208=LINE('',#17647,#4045);
#2209=LINE('',#17649,#4046);
#2210=LINE('',#17650,#4047);
#2211=LINE('',#17653,#4048);
#2212=LINE('',#17655,#4049);
#2213=LINE('',#17656,#4050);
#2214=LINE('',#17659,#4051);
#2215=LINE('',#17661,#4052);
#2216=LINE('',#17662,#4053);
#2217=LINE('',#17665,#4054);
#2218=LINE('',#17667,#4055);
#2219=LINE('',#17668,#4056);
#2220=LINE('',#17671,#4057);
#2221=LINE('',#17673,#4058);
#2222=LINE('',#17674,#4059);
#2223=LINE('',#17677,#4060);
#2224=LINE('',#17679,#4061);
#2225=LINE('',#17680,#4062);
#2226=LINE('',#17683,#4063);
#2227=LINE('',#17685,#4064);
#2228=LINE('',#17686,#4065);
#2229=LINE('',#17689,#4066);
#2230=LINE('',#17691,#4067);
#2231=LINE('',#17692,#4068);
#2232=LINE('',#17695,#4069);
#2233=LINE('',#17697,#4070);
#2234=LINE('',#17698,#4071);
#2235=LINE('',#17701,#4072);
#2236=LINE('',#17703,#4073);
#2237=LINE('',#17704,#4074);
#2238=LINE('',#17707,#4075);
#2239=LINE('',#17709,#4076);
#2240=LINE('',#17710,#4077);
#2241=LINE('',#17713,#4078);
#2242=LINE('',#17715,#4079);
#2243=LINE('',#17716,#4080);
#2244=LINE('',#17719,#4081);
#2245=LINE('',#17721,#4082);
#2246=LINE('',#17722,#4083);
#2247=LINE('',#17725,#4084);
#2248=LINE('',#17727,#4085);
#2249=LINE('',#17728,#4086);
#2250=LINE('',#17731,#4087);
#2251=LINE('',#17733,#4088);
#2252=LINE('',#17734,#4089);
#2253=LINE('',#17737,#4090);
#2254=LINE('',#17739,#4091);
#2255=LINE('',#17740,#4092);
#2256=LINE('',#17742,#4093);
#2257=LINE('',#17743,#4094);
#2258=LINE('',#17750,#4095);
#2259=LINE('',#17755,#4096);
#2260=LINE('',#17757,#4097);
#2261=LINE('',#17759,#4098);
#2262=LINE('',#17760,#4099);
#2263=LINE('',#17763,#4100);
#2264=LINE('',#17765,#4101);
#2265=LINE('',#17766,#4102);
#2266=LINE('',#17769,#4103);
#2267=LINE('',#17771,#4104);
#2268=LINE('',#17772,#4105);
#2269=LINE('',#17775,#4106);
#2270=LINE('',#17777,#4107);
#2271=LINE('',#17778,#4108);
#2272=LINE('',#17781,#4109);
#2273=LINE('',#17783,#4110);
#2274=LINE('',#17784,#4111);
#2275=LINE('',#17787,#4112);
#2276=LINE('',#17789,#4113);
#2277=LINE('',#17790,#4114);
#2278=LINE('',#17793,#4115);
#2279=LINE('',#17795,#4116);
#2280=LINE('',#17796,#4117);
#2281=LINE('',#17799,#4118);
#2282=LINE('',#17801,#4119);
#2283=LINE('',#17802,#4120);
#2284=LINE('',#17805,#4121);
#2285=LINE('',#17807,#4122);
#2286=LINE('',#17808,#4123);
#2287=LINE('',#17811,#4124);
#2288=LINE('',#17813,#4125);
#2289=LINE('',#17814,#4126);
#2290=LINE('',#17817,#4127);
#2291=LINE('',#17819,#4128);
#2292=LINE('',#17820,#4129);
#2293=LINE('',#17823,#4130);
#2294=LINE('',#17825,#4131);
#2295=LINE('',#17826,#4132);
#2296=LINE('',#17829,#4133);
#2297=LINE('',#17831,#4134);
#2298=LINE('',#17832,#4135);
#2299=LINE('',#17835,#4136);
#2300=LINE('',#17837,#4137);
#2301=LINE('',#17838,#4138);
#2302=LINE('',#17841,#4139);
#2303=LINE('',#17843,#4140);
#2304=LINE('',#17844,#4141);
#2305=LINE('',#17847,#4142);
#2306=LINE('',#17849,#4143);
#2307=LINE('',#17850,#4144);
#2308=LINE('',#17853,#4145);
#2309=LINE('',#17855,#4146);
#2310=LINE('',#17856,#4147);
#2311=LINE('',#17859,#4148);
#2312=LINE('',#17861,#4149);
#2313=LINE('',#17862,#4150);
#2314=LINE('',#17865,#4151);
#2315=LINE('',#17867,#4152);
#2316=LINE('',#17868,#4153);
#2317=LINE('',#17871,#4154);
#2318=LINE('',#17873,#4155);
#2319=LINE('',#17874,#4156);
#2320=LINE('',#17877,#4157);
#2321=LINE('',#17879,#4158);
#2322=LINE('',#17880,#4159);
#2323=LINE('',#17883,#4160);
#2324=LINE('',#17885,#4161);
#2325=LINE('',#17886,#4162);
#2326=LINE('',#17889,#4163);
#2327=LINE('',#17891,#4164);
#2328=LINE('',#17892,#4165);
#2329=LINE('',#17895,#4166);
#2330=LINE('',#17897,#4167);
#2331=LINE('',#17898,#4168);
#2332=LINE('',#17901,#4169);
#2333=LINE('',#17903,#4170);
#2334=LINE('',#17904,#4171);
#2335=LINE('',#17907,#4172);
#2336=LINE('',#17909,#4173);
#2337=LINE('',#17910,#4174);
#2338=LINE('',#17913,#4175);
#2339=LINE('',#17915,#4176);
#2340=LINE('',#17916,#4177);
#2341=LINE('',#17919,#4178);
#2342=LINE('',#17921,#4179);
#2343=LINE('',#17922,#4180);
#2344=LINE('',#17925,#4181);
#2345=LINE('',#17927,#4182);
#2346=LINE('',#17928,#4183);
#2347=LINE('',#17931,#4184);
#2348=LINE('',#17933,#4185);
#2349=LINE('',#17934,#4186);
#2350=LINE('',#17937,#4187);
#2351=LINE('',#17939,#4188);
#2352=LINE('',#17940,#4189);
#2353=LINE('',#17943,#4190);
#2354=LINE('',#17945,#4191);
#2355=LINE('',#17946,#4192);
#2356=LINE('',#17949,#4193);
#2357=LINE('',#17951,#4194);
#2358=LINE('',#17952,#4195);
#2359=LINE('',#17955,#4196);
#2360=LINE('',#17957,#4197);
#2361=LINE('',#17958,#4198);
#2362=LINE('',#17961,#4199);
#2363=LINE('',#17963,#4200);
#2364=LINE('',#17964,#4201);
#2365=LINE('',#17967,#4202);
#2366=LINE('',#17969,#4203);
#2367=LINE('',#17970,#4204);
#2368=LINE('',#17973,#4205);
#2369=LINE('',#17975,#4206);
#2370=LINE('',#17976,#4207);
#2371=LINE('',#17979,#4208);
#2372=LINE('',#17981,#4209);
#2373=LINE('',#17982,#4210);
#2374=LINE('',#17985,#4211);
#2375=LINE('',#17987,#4212);
#2376=LINE('',#17988,#4213);
#2377=LINE('',#17991,#4214);
#2378=LINE('',#17993,#4215);
#2379=LINE('',#17994,#4216);
#2380=LINE('',#17997,#4217);
#2381=LINE('',#17999,#4218);
#2382=LINE('',#18000,#4219);
#2383=LINE('',#18003,#4220);
#2384=LINE('',#18005,#4221);
#2385=LINE('',#18006,#4222);
#2386=LINE('',#18009,#4223);
#2387=LINE('',#18011,#4224);
#2388=LINE('',#18012,#4225);
#2389=LINE('',#18015,#4226);
#2390=LINE('',#18017,#4227);
#2391=LINE('',#18018,#4228);
#2392=LINE('',#18021,#4229);
#2393=LINE('',#18023,#4230);
#2394=LINE('',#18024,#4231);
#2395=LINE('',#18027,#4232);
#2396=LINE('',#18029,#4233);
#2397=LINE('',#18030,#4234);
#2398=LINE('',#18033,#4235);
#2399=LINE('',#18035,#4236);
#2400=LINE('',#18036,#4237);
#2401=LINE('',#18038,#4238);
#2402=LINE('',#18039,#4239);
#2403=LINE('',#18046,#4240);
#2404=LINE('',#18051,#4241);
#2405=LINE('',#18053,#4242);
#2406=LINE('',#18055,#4243);
#2407=LINE('',#18056,#4244);
#2408=LINE('',#18059,#4245);
#2409=LINE('',#18061,#4246);
#2410=LINE('',#18062,#4247);
#2411=LINE('',#18065,#4248);
#2412=LINE('',#18067,#4249);
#2413=LINE('',#18068,#4250);
#2414=LINE('',#18071,#4251);
#2415=LINE('',#18073,#4252);
#2416=LINE('',#18074,#4253);
#2417=LINE('',#18077,#4254);
#2418=LINE('',#18079,#4255);
#2419=LINE('',#18080,#4256);
#2420=LINE('',#18083,#4257);
#2421=LINE('',#18085,#4258);
#2422=LINE('',#18086,#4259);
#2423=LINE('',#18089,#4260);
#2424=LINE('',#18091,#4261);
#2425=LINE('',#18092,#4262);
#2426=LINE('',#18095,#4263);
#2427=LINE('',#18097,#4264);
#2428=LINE('',#18098,#4265);
#2429=LINE('',#18101,#4266);
#2430=LINE('',#18103,#4267);
#2431=LINE('',#18104,#4268);
#2432=LINE('',#18107,#4269);
#2433=LINE('',#18109,#4270);
#2434=LINE('',#18110,#4271);
#2435=LINE('',#18113,#4272);
#2436=LINE('',#18115,#4273);
#2437=LINE('',#18116,#4274);
#2438=LINE('',#18119,#4275);
#2439=LINE('',#18121,#4276);
#2440=LINE('',#18122,#4277);
#2441=LINE('',#18125,#4278);
#2442=LINE('',#18127,#4279);
#2443=LINE('',#18128,#4280);
#2444=LINE('',#18131,#4281);
#2445=LINE('',#18133,#4282);
#2446=LINE('',#18134,#4283);
#2447=LINE('',#18137,#4284);
#2448=LINE('',#18139,#4285);
#2449=LINE('',#18140,#4286);
#2450=LINE('',#18143,#4287);
#2451=LINE('',#18145,#4288);
#2452=LINE('',#18146,#4289);
#2453=LINE('',#18149,#4290);
#2454=LINE('',#18151,#4291);
#2455=LINE('',#18152,#4292);
#2456=LINE('',#18155,#4293);
#2457=LINE('',#18157,#4294);
#2458=LINE('',#18158,#4295);
#2459=LINE('',#18161,#4296);
#2460=LINE('',#18163,#4297);
#2461=LINE('',#18164,#4298);
#2462=LINE('',#18167,#4299);
#2463=LINE('',#18169,#4300);
#2464=LINE('',#18170,#4301);
#2465=LINE('',#18173,#4302);
#2466=LINE('',#18175,#4303);
#2467=LINE('',#18176,#4304);
#2468=LINE('',#18179,#4305);
#2469=LINE('',#18181,#4306);
#2470=LINE('',#18182,#4307);
#2471=LINE('',#18185,#4308);
#2472=LINE('',#18187,#4309);
#2473=LINE('',#18188,#4310);
#2474=LINE('',#18191,#4311);
#2475=LINE('',#18193,#4312);
#2476=LINE('',#18194,#4313);
#2477=LINE('',#18197,#4314);
#2478=LINE('',#18199,#4315);
#2479=LINE('',#18200,#4316);
#2480=LINE('',#18203,#4317);
#2481=LINE('',#18205,#4318);
#2482=LINE('',#18206,#4319);
#2483=LINE('',#18209,#4320);
#2484=LINE('',#18211,#4321);
#2485=LINE('',#18212,#4322);
#2486=LINE('',#18215,#4323);
#2487=LINE('',#18217,#4324);
#2488=LINE('',#18218,#4325);
#2489=LINE('',#18221,#4326);
#2490=LINE('',#18223,#4327);
#2491=LINE('',#18224,#4328);
#2492=LINE('',#18227,#4329);
#2493=LINE('',#18229,#4330);
#2494=LINE('',#18230,#4331);
#2495=LINE('',#18233,#4332);
#2496=LINE('',#18235,#4333);
#2497=LINE('',#18236,#4334);
#2498=LINE('',#18239,#4335);
#2499=LINE('',#18241,#4336);
#2500=LINE('',#18242,#4337);
#2501=LINE('',#18245,#4338);
#2502=LINE('',#18247,#4339);
#2503=LINE('',#18248,#4340);
#2504=LINE('',#18251,#4341);
#2505=LINE('',#18253,#4342);
#2506=LINE('',#18254,#4343);
#2507=LINE('',#18257,#4344);
#2508=LINE('',#18259,#4345);
#2509=LINE('',#18260,#4346);
#2510=LINE('',#18263,#4347);
#2511=LINE('',#18265,#4348);
#2512=LINE('',#18266,#4349);
#2513=LINE('',#18269,#4350);
#2514=LINE('',#18271,#4351);
#2515=LINE('',#18272,#4352);
#2516=LINE('',#18275,#4353);
#2517=LINE('',#18277,#4354);
#2518=LINE('',#18278,#4355);
#2519=LINE('',#18281,#4356);
#2520=LINE('',#18283,#4357);
#2521=LINE('',#18284,#4358);
#2522=LINE('',#18287,#4359);
#2523=LINE('',#18289,#4360);
#2524=LINE('',#18290,#4361);
#2525=LINE('',#18293,#4362);
#2526=LINE('',#18295,#4363);
#2527=LINE('',#18296,#4364);
#2528=LINE('',#18299,#4365);
#2529=LINE('',#18301,#4366);
#2530=LINE('',#18302,#4367);
#2531=LINE('',#18305,#4368);
#2532=LINE('',#18307,#4369);
#2533=LINE('',#18308,#4370);
#2534=LINE('',#18311,#4371);
#2535=LINE('',#18313,#4372);
#2536=LINE('',#18314,#4373);
#2537=LINE('',#18317,#4374);
#2538=LINE('',#18319,#4375);
#2539=LINE('',#18320,#4376);
#2540=LINE('',#18323,#4377);
#2541=LINE('',#18325,#4378);
#2542=LINE('',#18326,#4379);
#2543=LINE('',#18329,#4380);
#2544=LINE('',#18331,#4381);
#2545=LINE('',#18332,#4382);
#2546=LINE('',#18334,#4383);
#2547=LINE('',#18335,#4384);
#2548=LINE('',#18342,#4385);
#2549=LINE('',#18347,#4386);
#2550=LINE('',#18349,#4387);
#2551=LINE('',#18351,#4388);
#2552=LINE('',#18352,#4389);
#2553=LINE('',#18355,#4390);
#2554=LINE('',#18357,#4391);
#2555=LINE('',#18358,#4392);
#2556=LINE('',#18361,#4393);
#2557=LINE('',#18363,#4394);
#2558=LINE('',#18364,#4395);
#2559=LINE('',#18367,#4396);
#2560=LINE('',#18369,#4397);
#2561=LINE('',#18370,#4398);
#2562=LINE('',#18373,#4399);
#2563=LINE('',#18375,#4400);
#2564=LINE('',#18376,#4401);
#2565=LINE('',#18379,#4402);
#2566=LINE('',#18381,#4403);
#2567=LINE('',#18382,#4404);
#2568=LINE('',#18385,#4405);
#2569=LINE('',#18387,#4406);
#2570=LINE('',#18388,#4407);
#2571=LINE('',#18391,#4408);
#2572=LINE('',#18393,#4409);
#2573=LINE('',#18394,#4410);
#2574=LINE('',#18397,#4411);
#2575=LINE('',#18399,#4412);
#2576=LINE('',#18400,#4413);
#2577=LINE('',#18403,#4414);
#2578=LINE('',#18405,#4415);
#2579=LINE('',#18406,#4416);
#2580=LINE('',#18409,#4417);
#2581=LINE('',#18411,#4418);
#2582=LINE('',#18412,#4419);
#2583=LINE('',#18415,#4420);
#2584=LINE('',#18417,#4421);
#2585=LINE('',#18418,#4422);
#2586=LINE('',#18421,#4423);
#2587=LINE('',#18423,#4424);
#2588=LINE('',#18424,#4425);
#2589=LINE('',#18427,#4426);
#2590=LINE('',#18429,#4427);
#2591=LINE('',#18430,#4428);
#2592=LINE('',#18433,#4429);
#2593=LINE('',#18435,#4430);
#2594=LINE('',#18436,#4431);
#2595=LINE('',#18439,#4432);
#2596=LINE('',#18441,#4433);
#2597=LINE('',#18442,#4434);
#2598=LINE('',#18445,#4435);
#2599=LINE('',#18447,#4436);
#2600=LINE('',#18448,#4437);
#2601=LINE('',#18451,#4438);
#2602=LINE('',#18453,#4439);
#2603=LINE('',#18454,#4440);
#2604=LINE('',#18457,#4441);
#2605=LINE('',#18459,#4442);
#2606=LINE('',#18460,#4443);
#2607=LINE('',#18463,#4444);
#2608=LINE('',#18465,#4445);
#2609=LINE('',#18466,#4446);
#2610=LINE('',#18469,#4447);
#2611=LINE('',#18471,#4448);
#2612=LINE('',#18472,#4449);
#2613=LINE('',#18475,#4450);
#2614=LINE('',#18477,#4451);
#2615=LINE('',#18478,#4452);
#2616=LINE('',#18481,#4453);
#2617=LINE('',#18483,#4454);
#2618=LINE('',#18484,#4455);
#2619=LINE('',#18487,#4456);
#2620=LINE('',#18489,#4457);
#2621=LINE('',#18490,#4458);
#2622=LINE('',#18493,#4459);
#2623=LINE('',#18495,#4460);
#2624=LINE('',#18496,#4461);
#2625=LINE('',#18499,#4462);
#2626=LINE('',#18501,#4463);
#2627=LINE('',#18502,#4464);
#2628=LINE('',#18505,#4465);
#2629=LINE('',#18507,#4466);
#2630=LINE('',#18508,#4467);
#2631=LINE('',#18511,#4468);
#2632=LINE('',#18513,#4469);
#2633=LINE('',#18514,#4470);
#2634=LINE('',#18517,#4471);
#2635=LINE('',#18519,#4472);
#2636=LINE('',#18520,#4473);
#2637=LINE('',#18523,#4474);
#2638=LINE('',#18525,#4475);
#2639=LINE('',#18526,#4476);
#2640=LINE('',#18529,#4477);
#2641=LINE('',#18531,#4478);
#2642=LINE('',#18532,#4479);
#2643=LINE('',#18535,#4480);
#2644=LINE('',#18537,#4481);
#2645=LINE('',#18538,#4482);
#2646=LINE('',#18541,#4483);
#2647=LINE('',#18543,#4484);
#2648=LINE('',#18544,#4485);
#2649=LINE('',#18547,#4486);
#2650=LINE('',#18549,#4487);
#2651=LINE('',#18550,#4488);
#2652=LINE('',#18553,#4489);
#2653=LINE('',#18555,#4490);
#2654=LINE('',#18556,#4491);
#2655=LINE('',#18559,#4492);
#2656=LINE('',#18561,#4493);
#2657=LINE('',#18562,#4494);
#2658=LINE('',#18565,#4495);
#2659=LINE('',#18567,#4496);
#2660=LINE('',#18568,#4497);
#2661=LINE('',#18571,#4498);
#2662=LINE('',#18573,#4499);
#2663=LINE('',#18574,#4500);
#2664=LINE('',#18577,#4501);
#2665=LINE('',#18579,#4502);
#2666=LINE('',#18580,#4503);
#2667=LINE('',#18583,#4504);
#2668=LINE('',#18585,#4505);
#2669=LINE('',#18586,#4506);
#2670=LINE('',#18589,#4507);
#2671=LINE('',#18591,#4508);
#2672=LINE('',#18592,#4509);
#2673=LINE('',#18595,#4510);
#2674=LINE('',#18597,#4511);
#2675=LINE('',#18598,#4512);
#2676=LINE('',#18601,#4513);
#2677=LINE('',#18603,#4514);
#2678=LINE('',#18604,#4515);
#2679=LINE('',#18607,#4516);
#2680=LINE('',#18609,#4517);
#2681=LINE('',#18610,#4518);
#2682=LINE('',#18613,#4519);
#2683=LINE('',#18615,#4520);
#2684=LINE('',#18616,#4521);
#2685=LINE('',#18619,#4522);
#2686=LINE('',#18621,#4523);
#2687=LINE('',#18622,#4524);
#2688=LINE('',#18625,#4525);
#2689=LINE('',#18627,#4526);
#2690=LINE('',#18628,#4527);
#2691=LINE('',#18630,#4528);
#2692=LINE('',#18631,#4529);
#2693=LINE('',#18638,#4530);
#2694=LINE('',#18643,#4531);
#2695=LINE('',#18645,#4532);
#2696=LINE('',#18647,#4533);
#2697=LINE('',#18648,#4534);
#2698=LINE('',#18651,#4535);
#2699=LINE('',#18653,#4536);
#2700=LINE('',#18654,#4537);
#2701=LINE('',#18657,#4538);
#2702=LINE('',#18659,#4539);
#2703=LINE('',#18660,#4540);
#2704=LINE('',#18663,#4541);
#2705=LINE('',#18665,#4542);
#2706=LINE('',#18666,#4543);
#2707=LINE('',#18669,#4544);
#2708=LINE('',#18671,#4545);
#2709=LINE('',#18672,#4546);
#2710=LINE('',#18675,#4547);
#2711=LINE('',#18677,#4548);
#2712=LINE('',#18678,#4549);
#2713=LINE('',#18681,#4550);
#2714=LINE('',#18683,#4551);
#2715=LINE('',#18684,#4552);
#2716=LINE('',#18687,#4553);
#2717=LINE('',#18689,#4554);
#2718=LINE('',#18690,#4555);
#2719=LINE('',#18693,#4556);
#2720=LINE('',#18695,#4557);
#2721=LINE('',#18696,#4558);
#2722=LINE('',#18699,#4559);
#2723=LINE('',#18701,#4560);
#2724=LINE('',#18702,#4561);
#2725=LINE('',#18705,#4562);
#2726=LINE('',#18707,#4563);
#2727=LINE('',#18708,#4564);
#2728=LINE('',#18711,#4565);
#2729=LINE('',#18713,#4566);
#2730=LINE('',#18714,#4567);
#2731=LINE('',#18717,#4568);
#2732=LINE('',#18719,#4569);
#2733=LINE('',#18720,#4570);
#2734=LINE('',#18723,#4571);
#2735=LINE('',#18725,#4572);
#2736=LINE('',#18726,#4573);
#2737=LINE('',#18729,#4574);
#2738=LINE('',#18731,#4575);
#2739=LINE('',#18732,#4576);
#2740=LINE('',#18735,#4577);
#2741=LINE('',#18737,#4578);
#2742=LINE('',#18738,#4579);
#2743=LINE('',#18741,#4580);
#2744=LINE('',#18743,#4581);
#2745=LINE('',#18744,#4582);
#2746=LINE('',#18747,#4583);
#2747=LINE('',#18749,#4584);
#2748=LINE('',#18750,#4585);
#2749=LINE('',#18753,#4586);
#2750=LINE('',#18755,#4587);
#2751=LINE('',#18756,#4588);
#2752=LINE('',#18759,#4589);
#2753=LINE('',#18761,#4590);
#2754=LINE('',#18762,#4591);
#2755=LINE('',#18765,#4592);
#2756=LINE('',#18767,#4593);
#2757=LINE('',#18768,#4594);
#2758=LINE('',#18771,#4595);
#2759=LINE('',#18773,#4596);
#2760=LINE('',#18774,#4597);
#2761=LINE('',#18777,#4598);
#2762=LINE('',#18779,#4599);
#2763=LINE('',#18780,#4600);
#2764=LINE('',#18783,#4601);
#2765=LINE('',#18785,#4602);
#2766=LINE('',#18786,#4603);
#2767=LINE('',#18789,#4604);
#2768=LINE('',#18791,#4605);
#2769=LINE('',#18792,#4606);
#2770=LINE('',#18795,#4607);
#2771=LINE('',#18797,#4608);
#2772=LINE('',#18798,#4609);
#2773=LINE('',#18801,#4610);
#2774=LINE('',#18803,#4611);
#2775=LINE('',#18804,#4612);
#2776=LINE('',#18807,#4613);
#2777=LINE('',#18809,#4614);
#2778=LINE('',#18810,#4615);
#2779=LINE('',#18813,#4616);
#2780=LINE('',#18815,#4617);
#2781=LINE('',#18816,#4618);
#2782=LINE('',#18819,#4619);
#2783=LINE('',#18821,#4620);
#2784=LINE('',#18822,#4621);
#2785=LINE('',#18825,#4622);
#2786=LINE('',#18827,#4623);
#2787=LINE('',#18828,#4624);
#2788=LINE('',#18831,#4625);
#2789=LINE('',#18833,#4626);
#2790=LINE('',#18834,#4627);
#2791=LINE('',#18837,#4628);
#2792=LINE('',#18839,#4629);
#2793=LINE('',#18840,#4630);
#2794=LINE('',#18843,#4631);
#2795=LINE('',#18845,#4632);
#2796=LINE('',#18846,#4633);
#2797=LINE('',#18849,#4634);
#2798=LINE('',#18851,#4635);
#2799=LINE('',#18852,#4636);
#2800=LINE('',#18855,#4637);
#2801=LINE('',#18857,#4638);
#2802=LINE('',#18858,#4639);
#2803=LINE('',#18861,#4640);
#2804=LINE('',#18863,#4641);
#2805=LINE('',#18864,#4642);
#2806=LINE('',#18867,#4643);
#2807=LINE('',#18869,#4644);
#2808=LINE('',#18870,#4645);
#2809=LINE('',#18873,#4646);
#2810=LINE('',#18875,#4647);
#2811=LINE('',#18876,#4648);
#2812=LINE('',#18879,#4649);
#2813=LINE('',#18881,#4650);
#2814=LINE('',#18882,#4651);
#2815=LINE('',#18885,#4652);
#2816=LINE('',#18887,#4653);
#2817=LINE('',#18888,#4654);
#2818=LINE('',#18891,#4655);
#2819=LINE('',#18893,#4656);
#2820=LINE('',#18894,#4657);
#2821=LINE('',#18897,#4658);
#2822=LINE('',#18899,#4659);
#2823=LINE('',#18900,#4660);
#2824=LINE('',#18903,#4661);
#2825=LINE('',#18905,#4662);
#2826=LINE('',#18906,#4663);
#2827=LINE('',#18909,#4664);
#2828=LINE('',#18911,#4665);
#2829=LINE('',#18912,#4666);
#2830=LINE('',#18915,#4667);
#2831=LINE('',#18917,#4668);
#2832=LINE('',#18918,#4669);
#2833=LINE('',#18921,#4670);
#2834=LINE('',#18923,#4671);
#2835=LINE('',#18924,#4672);
#2836=LINE('',#18926,#4673);
#2837=LINE('',#18927,#4674);
#2838=LINE('',#18934,#4675);
#2839=LINE('',#18939,#4676);
#2840=LINE('',#18941,#4677);
#2841=LINE('',#18943,#4678);
#2842=LINE('',#18944,#4679);
#2843=LINE('',#18947,#4680);
#2844=LINE('',#18949,#4681);
#2845=LINE('',#18950,#4682);
#2846=LINE('',#18953,#4683);
#2847=LINE('',#18955,#4684);
#2848=LINE('',#18956,#4685);
#2849=LINE('',#18959,#4686);
#2850=LINE('',#18961,#4687);
#2851=LINE('',#18962,#4688);
#2852=LINE('',#18965,#4689);
#2853=LINE('',#18967,#4690);
#2854=LINE('',#18968,#4691);
#2855=LINE('',#18971,#4692);
#2856=LINE('',#18973,#4693);
#2857=LINE('',#18974,#4694);
#2858=LINE('',#18977,#4695);
#2859=LINE('',#18979,#4696);
#2860=LINE('',#18980,#4697);
#2861=LINE('',#18983,#4698);
#2862=LINE('',#18985,#4699);
#2863=LINE('',#18986,#4700);
#2864=LINE('',#18989,#4701);
#2865=LINE('',#18991,#4702);
#2866=LINE('',#18992,#4703);
#2867=LINE('',#18995,#4704);
#2868=LINE('',#18997,#4705);
#2869=LINE('',#18998,#4706);
#2870=LINE('',#19001,#4707);
#2871=LINE('',#19003,#4708);
#2872=LINE('',#19004,#4709);
#2873=LINE('',#19007,#4710);
#2874=LINE('',#19009,#4711);
#2875=LINE('',#19010,#4712);
#2876=LINE('',#19013,#4713);
#2877=LINE('',#19015,#4714);
#2878=LINE('',#19016,#4715);
#2879=LINE('',#19019,#4716);
#2880=LINE('',#19021,#4717);
#2881=LINE('',#19022,#4718);
#2882=LINE('',#19025,#4719);
#2883=LINE('',#19027,#4720);
#2884=LINE('',#19028,#4721);
#2885=LINE('',#19031,#4722);
#2886=LINE('',#19033,#4723);
#2887=LINE('',#19034,#4724);
#2888=LINE('',#19037,#4725);
#2889=LINE('',#19039,#4726);
#2890=LINE('',#19040,#4727);
#2891=LINE('',#19043,#4728);
#2892=LINE('',#19045,#4729);
#2893=LINE('',#19046,#4730);
#2894=LINE('',#19049,#4731);
#2895=LINE('',#19051,#4732);
#2896=LINE('',#19052,#4733);
#2897=LINE('',#19055,#4734);
#2898=LINE('',#19057,#4735);
#2899=LINE('',#19058,#4736);
#2900=LINE('',#19061,#4737);
#2901=LINE('',#19063,#4738);
#2902=LINE('',#19064,#4739);
#2903=LINE('',#19067,#4740);
#2904=LINE('',#19069,#4741);
#2905=LINE('',#19070,#4742);
#2906=LINE('',#19073,#4743);
#2907=LINE('',#19075,#4744);
#2908=LINE('',#19076,#4745);
#2909=LINE('',#19079,#4746);
#2910=LINE('',#19081,#4747);
#2911=LINE('',#19082,#4748);
#2912=LINE('',#19085,#4749);
#2913=LINE('',#19087,#4750);
#2914=LINE('',#19088,#4751);
#2915=LINE('',#19091,#4752);
#2916=LINE('',#19093,#4753);
#2917=LINE('',#19094,#4754);
#2918=LINE('',#19097,#4755);
#2919=LINE('',#19099,#4756);
#2920=LINE('',#19100,#4757);
#2921=LINE('',#19103,#4758);
#2922=LINE('',#19105,#4759);
#2923=LINE('',#19106,#4760);
#2924=LINE('',#19109,#4761);
#2925=LINE('',#19111,#4762);
#2926=LINE('',#19112,#4763);
#2927=LINE('',#19115,#4764);
#2928=LINE('',#19117,#4765);
#2929=LINE('',#19118,#4766);
#2930=LINE('',#19121,#4767);
#2931=LINE('',#19123,#4768);
#2932=LINE('',#19124,#4769);
#2933=LINE('',#19127,#4770);
#2934=LINE('',#19129,#4771);
#2935=LINE('',#19130,#4772);
#2936=LINE('',#19133,#4773);
#2937=LINE('',#19135,#4774);
#2938=LINE('',#19136,#4775);
#2939=LINE('',#19139,#4776);
#2940=LINE('',#19141,#4777);
#2941=LINE('',#19142,#4778);
#2942=LINE('',#19145,#4779);
#2943=LINE('',#19147,#4780);
#2944=LINE('',#19148,#4781);
#2945=LINE('',#19151,#4782);
#2946=LINE('',#19153,#4783);
#2947=LINE('',#19154,#4784);
#2948=LINE('',#19157,#4785);
#2949=LINE('',#19159,#4786);
#2950=LINE('',#19160,#4787);
#2951=LINE('',#19163,#4788);
#2952=LINE('',#19165,#4789);
#2953=LINE('',#19166,#4790);
#2954=LINE('',#19169,#4791);
#2955=LINE('',#19171,#4792);
#2956=LINE('',#19172,#4793);
#2957=LINE('',#19175,#4794);
#2958=LINE('',#19177,#4795);
#2959=LINE('',#19178,#4796);
#2960=LINE('',#19181,#4797);
#2961=LINE('',#19183,#4798);
#2962=LINE('',#19184,#4799);
#2963=LINE('',#19187,#4800);
#2964=LINE('',#19189,#4801);
#2965=LINE('',#19190,#4802);
#2966=LINE('',#19193,#4803);
#2967=LINE('',#19195,#4804);
#2968=LINE('',#19196,#4805);
#2969=LINE('',#19199,#4806);
#2970=LINE('',#19201,#4807);
#2971=LINE('',#19202,#4808);
#2972=LINE('',#19205,#4809);
#2973=LINE('',#19207,#4810);
#2974=LINE('',#19208,#4811);
#2975=LINE('',#19211,#4812);
#2976=LINE('',#19213,#4813);
#2977=LINE('',#19214,#4814);
#2978=LINE('',#19217,#4815);
#2979=LINE('',#19219,#4816);
#2980=LINE('',#19220,#4817);
#2981=LINE('',#19222,#4818);
#2982=LINE('',#19223,#4819);
#2983=LINE('',#19230,#4820);
#2984=LINE('',#19235,#4821);
#2985=LINE('',#19237,#4822);
#2986=LINE('',#19239,#4823);
#2987=LINE('',#19240,#4824);
#2988=LINE('',#19243,#4825);
#2989=LINE('',#19245,#4826);
#2990=LINE('',#19246,#4827);
#2991=LINE('',#19249,#4828);
#2992=LINE('',#19251,#4829);
#2993=LINE('',#19252,#4830);
#2994=LINE('',#19255,#4831);
#2995=LINE('',#19257,#4832);
#2996=LINE('',#19258,#4833);
#2997=LINE('',#19261,#4834);
#2998=LINE('',#19263,#4835);
#2999=LINE('',#19264,#4836);
#3000=LINE('',#19267,#4837);
#3001=LINE('',#19269,#4838);
#3002=LINE('',#19270,#4839);
#3003=LINE('',#19273,#4840);
#3004=LINE('',#19275,#4841);
#3005=LINE('',#19276,#4842);
#3006=LINE('',#19279,#4843);
#3007=LINE('',#19281,#4844);
#3008=LINE('',#19282,#4845);
#3009=LINE('',#19285,#4846);
#3010=LINE('',#19287,#4847);
#3011=LINE('',#19288,#4848);
#3012=LINE('',#19291,#4849);
#3013=LINE('',#19293,#4850);
#3014=LINE('',#19294,#4851);
#3015=LINE('',#19297,#4852);
#3016=LINE('',#19299,#4853);
#3017=LINE('',#19300,#4854);
#3018=LINE('',#19303,#4855);
#3019=LINE('',#19305,#4856);
#3020=LINE('',#19306,#4857);
#3021=LINE('',#19309,#4858);
#3022=LINE('',#19311,#4859);
#3023=LINE('',#19312,#4860);
#3024=LINE('',#19315,#4861);
#3025=LINE('',#19317,#4862);
#3026=LINE('',#19318,#4863);
#3027=LINE('',#19321,#4864);
#3028=LINE('',#19323,#4865);
#3029=LINE('',#19324,#4866);
#3030=LINE('',#19327,#4867);
#3031=LINE('',#19329,#4868);
#3032=LINE('',#19330,#4869);
#3033=LINE('',#19333,#4870);
#3034=LINE('',#19335,#4871);
#3035=LINE('',#19336,#4872);
#3036=LINE('',#19339,#4873);
#3037=LINE('',#19341,#4874);
#3038=LINE('',#19342,#4875);
#3039=LINE('',#19345,#4876);
#3040=LINE('',#19347,#4877);
#3041=LINE('',#19348,#4878);
#3042=LINE('',#19351,#4879);
#3043=LINE('',#19353,#4880);
#3044=LINE('',#19354,#4881);
#3045=LINE('',#19357,#4882);
#3046=LINE('',#19359,#4883);
#3047=LINE('',#19360,#4884);
#3048=LINE('',#19363,#4885);
#3049=LINE('',#19365,#4886);
#3050=LINE('',#19366,#4887);
#3051=LINE('',#19369,#4888);
#3052=LINE('',#19371,#4889);
#3053=LINE('',#19372,#4890);
#3054=LINE('',#19375,#4891);
#3055=LINE('',#19377,#4892);
#3056=LINE('',#19378,#4893);
#3057=LINE('',#19381,#4894);
#3058=LINE('',#19383,#4895);
#3059=LINE('',#19384,#4896);
#3060=LINE('',#19387,#4897);
#3061=LINE('',#19389,#4898);
#3062=LINE('',#19390,#4899);
#3063=LINE('',#19393,#4900);
#3064=LINE('',#19395,#4901);
#3065=LINE('',#19396,#4902);
#3066=LINE('',#19399,#4903);
#3067=LINE('',#19401,#4904);
#3068=LINE('',#19402,#4905);
#3069=LINE('',#19405,#4906);
#3070=LINE('',#19407,#4907);
#3071=LINE('',#19408,#4908);
#3072=LINE('',#19411,#4909);
#3073=LINE('',#19413,#4910);
#3074=LINE('',#19414,#4911);
#3075=LINE('',#19417,#4912);
#3076=LINE('',#19419,#4913);
#3077=LINE('',#19420,#4914);
#3078=LINE('',#19423,#4915);
#3079=LINE('',#19425,#4916);
#3080=LINE('',#19426,#4917);
#3081=LINE('',#19429,#4918);
#3082=LINE('',#19431,#4919);
#3083=LINE('',#19432,#4920);
#3084=LINE('',#19435,#4921);
#3085=LINE('',#19437,#4922);
#3086=LINE('',#19438,#4923);
#3087=LINE('',#19441,#4924);
#3088=LINE('',#19443,#4925);
#3089=LINE('',#19444,#4926);
#3090=LINE('',#19447,#4927);
#3091=LINE('',#19449,#4928);
#3092=LINE('',#19450,#4929);
#3093=LINE('',#19453,#4930);
#3094=LINE('',#19455,#4931);
#3095=LINE('',#19456,#4932);
#3096=LINE('',#19459,#4933);
#3097=LINE('',#19461,#4934);
#3098=LINE('',#19462,#4935);
#3099=LINE('',#19465,#4936);
#3100=LINE('',#19467,#4937);
#3101=LINE('',#19468,#4938);
#3102=LINE('',#19471,#4939);
#3103=LINE('',#19473,#4940);
#3104=LINE('',#19474,#4941);
#3105=LINE('',#19477,#4942);
#3106=LINE('',#19479,#4943);
#3107=LINE('',#19480,#4944);
#3108=LINE('',#19483,#4945);
#3109=LINE('',#19485,#4946);
#3110=LINE('',#19486,#4947);
#3111=LINE('',#19489,#4948);
#3112=LINE('',#19491,#4949);
#3113=LINE('',#19492,#4950);
#3114=LINE('',#19495,#4951);
#3115=LINE('',#19497,#4952);
#3116=LINE('',#19498,#4953);
#3117=LINE('',#19501,#4954);
#3118=LINE('',#19503,#4955);
#3119=LINE('',#19504,#4956);
#3120=LINE('',#19507,#4957);
#3121=LINE('',#19509,#4958);
#3122=LINE('',#19510,#4959);
#3123=LINE('',#19513,#4960);
#3124=LINE('',#19515,#4961);
#3125=LINE('',#19516,#4962);
#3126=LINE('',#19518,#4963);
#3127=LINE('',#19519,#4964);
#3128=LINE('',#19526,#4965);
#3129=LINE('',#19531,#4966);
#3130=LINE('',#19533,#4967);
#3131=LINE('',#19535,#4968);
#3132=LINE('',#19536,#4969);
#3133=LINE('',#19539,#4970);
#3134=LINE('',#19541,#4971);
#3135=LINE('',#19542,#4972);
#3136=LINE('',#19545,#4973);
#3137=LINE('',#19547,#4974);
#3138=LINE('',#19548,#4975);
#3139=LINE('',#19551,#4976);
#3140=LINE('',#19553,#4977);
#3141=LINE('',#19554,#4978);
#3142=LINE('',#19557,#4979);
#3143=LINE('',#19559,#4980);
#3144=LINE('',#19560,#4981);
#3145=LINE('',#19563,#4982);
#3146=LINE('',#19565,#4983);
#3147=LINE('',#19566,#4984);
#3148=LINE('',#19569,#4985);
#3149=LINE('',#19571,#4986);
#3150=LINE('',#19572,#4987);
#3151=LINE('',#19575,#4988);
#3152=LINE('',#19577,#4989);
#3153=LINE('',#19578,#4990);
#3154=LINE('',#19581,#4991);
#3155=LINE('',#19583,#4992);
#3156=LINE('',#19584,#4993);
#3157=LINE('',#19587,#4994);
#3158=LINE('',#19589,#4995);
#3159=LINE('',#19590,#4996);
#3160=LINE('',#19593,#4997);
#3161=LINE('',#19595,#4998);
#3162=LINE('',#19596,#4999);
#3163=LINE('',#19599,#5000);
#3164=LINE('',#19601,#5001);
#3165=LINE('',#19602,#5002);
#3166=LINE('',#19605,#5003);
#3167=LINE('',#19607,#5004);
#3168=LINE('',#19608,#5005);
#3169=LINE('',#19611,#5006);
#3170=LINE('',#19613,#5007);
#3171=LINE('',#19614,#5008);
#3172=LINE('',#19617,#5009);
#3173=LINE('',#19619,#5010);
#3174=LINE('',#19620,#5011);
#3175=LINE('',#19623,#5012);
#3176=LINE('',#19625,#5013);
#3177=LINE('',#19626,#5014);
#3178=LINE('',#19629,#5015);
#3179=LINE('',#19631,#5016);
#3180=LINE('',#19632,#5017);
#3181=LINE('',#19635,#5018);
#3182=LINE('',#19637,#5019);
#3183=LINE('',#19638,#5020);
#3184=LINE('',#19641,#5021);
#3185=LINE('',#19643,#5022);
#3186=LINE('',#19644,#5023);
#3187=LINE('',#19647,#5024);
#3188=LINE('',#19649,#5025);
#3189=LINE('',#19650,#5026);
#3190=LINE('',#19653,#5027);
#3191=LINE('',#19655,#5028);
#3192=LINE('',#19656,#5029);
#3193=LINE('',#19659,#5030);
#3194=LINE('',#19661,#5031);
#3195=LINE('',#19662,#5032);
#3196=LINE('',#19665,#5033);
#3197=LINE('',#19667,#5034);
#3198=LINE('',#19668,#5035);
#3199=LINE('',#19671,#5036);
#3200=LINE('',#19673,#5037);
#3201=LINE('',#19674,#5038);
#3202=LINE('',#19677,#5039);
#3203=LINE('',#19679,#5040);
#3204=LINE('',#19680,#5041);
#3205=LINE('',#19683,#5042);
#3206=LINE('',#19685,#5043);
#3207=LINE('',#19686,#5044);
#3208=LINE('',#19689,#5045);
#3209=LINE('',#19691,#5046);
#3210=LINE('',#19692,#5047);
#3211=LINE('',#19695,#5048);
#3212=LINE('',#19697,#5049);
#3213=LINE('',#19698,#5050);
#3214=LINE('',#19701,#5051);
#3215=LINE('',#19703,#5052);
#3216=LINE('',#19704,#5053);
#3217=LINE('',#19707,#5054);
#3218=LINE('',#19709,#5055);
#3219=LINE('',#19710,#5056);
#3220=LINE('',#19713,#5057);
#3221=LINE('',#19715,#5058);
#3222=LINE('',#19716,#5059);
#3223=LINE('',#19719,#5060);
#3224=LINE('',#19721,#5061);
#3225=LINE('',#19722,#5062);
#3226=LINE('',#19725,#5063);
#3227=LINE('',#19727,#5064);
#3228=LINE('',#19728,#5065);
#3229=LINE('',#19731,#5066);
#3230=LINE('',#19733,#5067);
#3231=LINE('',#19734,#5068);
#3232=LINE('',#19737,#5069);
#3233=LINE('',#19739,#5070);
#3234=LINE('',#19740,#5071);
#3235=LINE('',#19743,#5072);
#3236=LINE('',#19745,#5073);
#3237=LINE('',#19746,#5074);
#3238=LINE('',#19749,#5075);
#3239=LINE('',#19751,#5076);
#3240=LINE('',#19752,#5077);
#3241=LINE('',#19755,#5078);
#3242=LINE('',#19757,#5079);
#3243=LINE('',#19758,#5080);
#3244=LINE('',#19761,#5081);
#3245=LINE('',#19763,#5082);
#3246=LINE('',#19764,#5083);
#3247=LINE('',#19767,#5084);
#3248=LINE('',#19769,#5085);
#3249=LINE('',#19770,#5086);
#3250=LINE('',#19773,#5087);
#3251=LINE('',#19775,#5088);
#3252=LINE('',#19776,#5089);
#3253=LINE('',#19779,#5090);
#3254=LINE('',#19781,#5091);
#3255=LINE('',#19782,#5092);
#3256=LINE('',#19785,#5093);
#3257=LINE('',#19787,#5094);
#3258=LINE('',#19788,#5095);
#3259=LINE('',#19791,#5096);
#3260=LINE('',#19793,#5097);
#3261=LINE('',#19794,#5098);
#3262=LINE('',#19797,#5099);
#3263=LINE('',#19799,#5100);
#3264=LINE('',#19800,#5101);
#3265=LINE('',#19803,#5102);
#3266=LINE('',#19805,#5103);
#3267=LINE('',#19806,#5104);
#3268=LINE('',#19809,#5105);
#3269=LINE('',#19811,#5106);
#3270=LINE('',#19812,#5107);
#3271=LINE('',#19814,#5108);
#3272=LINE('',#19815,#5109);
#3273=LINE('',#19822,#5110);
#3274=LINE('',#19827,#5111);
#3275=LINE('',#19829,#5112);
#3276=LINE('',#19831,#5113);
#3277=LINE('',#19832,#5114);
#3278=LINE('',#19835,#5115);
#3279=LINE('',#19837,#5116);
#3280=LINE('',#19838,#5117);
#3281=LINE('',#19841,#5118);
#3282=LINE('',#19843,#5119);
#3283=LINE('',#19844,#5120);
#3284=LINE('',#19847,#5121);
#3285=LINE('',#19849,#5122);
#3286=LINE('',#19850,#5123);
#3287=LINE('',#19853,#5124);
#3288=LINE('',#19855,#5125);
#3289=LINE('',#19856,#5126);
#3290=LINE('',#19859,#5127);
#3291=LINE('',#19861,#5128);
#3292=LINE('',#19862,#5129);
#3293=LINE('',#19865,#5130);
#3294=LINE('',#19867,#5131);
#3295=LINE('',#19868,#5132);
#3296=LINE('',#19871,#5133);
#3297=LINE('',#19873,#5134);
#3298=LINE('',#19874,#5135);
#3299=LINE('',#19877,#5136);
#3300=LINE('',#19879,#5137);
#3301=LINE('',#19880,#5138);
#3302=LINE('',#19883,#5139);
#3303=LINE('',#19885,#5140);
#3304=LINE('',#19886,#5141);
#3305=LINE('',#19889,#5142);
#3306=LINE('',#19891,#5143);
#3307=LINE('',#19892,#5144);
#3308=LINE('',#19895,#5145);
#3309=LINE('',#19897,#5146);
#3310=LINE('',#19898,#5147);
#3311=LINE('',#19901,#5148);
#3312=LINE('',#19903,#5149);
#3313=LINE('',#19904,#5150);
#3314=LINE('',#19907,#5151);
#3315=LINE('',#19909,#5152);
#3316=LINE('',#19910,#5153);
#3317=LINE('',#19913,#5154);
#3318=LINE('',#19915,#5155);
#3319=LINE('',#19916,#5156);
#3320=LINE('',#19919,#5157);
#3321=LINE('',#19921,#5158);
#3322=LINE('',#19922,#5159);
#3323=LINE('',#19925,#5160);
#3324=LINE('',#19927,#5161);
#3325=LINE('',#19928,#5162);
#3326=LINE('',#19931,#5163);
#3327=LINE('',#19933,#5164);
#3328=LINE('',#19934,#5165);
#3329=LINE('',#19937,#5166);
#3330=LINE('',#19939,#5167);
#3331=LINE('',#19940,#5168);
#3332=LINE('',#19943,#5169);
#3333=LINE('',#19945,#5170);
#3334=LINE('',#19946,#5171);
#3335=LINE('',#19949,#5172);
#3336=LINE('',#19951,#5173);
#3337=LINE('',#19952,#5174);
#3338=LINE('',#19955,#5175);
#3339=LINE('',#19957,#5176);
#3340=LINE('',#19958,#5177);
#3341=LINE('',#19961,#5178);
#3342=LINE('',#19963,#5179);
#3343=LINE('',#19964,#5180);
#3344=LINE('',#19967,#5181);
#3345=LINE('',#19969,#5182);
#3346=LINE('',#19970,#5183);
#3347=LINE('',#19973,#5184);
#3348=LINE('',#19975,#5185);
#3349=LINE('',#19976,#5186);
#3350=LINE('',#19979,#5187);
#3351=LINE('',#19981,#5188);
#3352=LINE('',#19982,#5189);
#3353=LINE('',#19985,#5190);
#3354=LINE('',#19987,#5191);
#3355=LINE('',#19988,#5192);
#3356=LINE('',#19991,#5193);
#3357=LINE('',#19993,#5194);
#3358=LINE('',#19994,#5195);
#3359=LINE('',#19997,#5196);
#3360=LINE('',#19999,#5197);
#3361=LINE('',#20000,#5198);
#3362=LINE('',#20003,#5199);
#3363=LINE('',#20005,#5200);
#3364=LINE('',#20006,#5201);
#3365=LINE('',#20009,#5202);
#3366=LINE('',#20011,#5203);
#3367=LINE('',#20012,#5204);
#3368=LINE('',#20015,#5205);
#3369=LINE('',#20017,#5206);
#3370=LINE('',#20018,#5207);
#3371=LINE('',#20021,#5208);
#3372=LINE('',#20023,#5209);
#3373=LINE('',#20024,#5210);
#3374=LINE('',#20027,#5211);
#3375=LINE('',#20029,#5212);
#3376=LINE('',#20030,#5213);
#3377=LINE('',#20033,#5214);
#3378=LINE('',#20035,#5215);
#3379=LINE('',#20036,#5216);
#3380=LINE('',#20039,#5217);
#3381=LINE('',#20041,#5218);
#3382=LINE('',#20042,#5219);
#3383=LINE('',#20045,#5220);
#3384=LINE('',#20047,#5221);
#3385=LINE('',#20048,#5222);
#3386=LINE('',#20051,#5223);
#3387=LINE('',#20053,#5224);
#3388=LINE('',#20054,#5225);
#3389=LINE('',#20057,#5226);
#3390=LINE('',#20059,#5227);
#3391=LINE('',#20060,#5228);
#3392=LINE('',#20063,#5229);
#3393=LINE('',#20065,#5230);
#3394=LINE('',#20066,#5231);
#3395=LINE('',#20069,#5232);
#3396=LINE('',#20071,#5233);
#3397=LINE('',#20072,#5234);
#3398=LINE('',#20075,#5235);
#3399=LINE('',#20077,#5236);
#3400=LINE('',#20078,#5237);
#3401=LINE('',#20081,#5238);
#3402=LINE('',#20083,#5239);
#3403=LINE('',#20084,#5240);
#3404=LINE('',#20087,#5241);
#3405=LINE('',#20089,#5242);
#3406=LINE('',#20090,#5243);
#3407=LINE('',#20093,#5244);
#3408=LINE('',#20095,#5245);
#3409=LINE('',#20096,#5246);
#3410=LINE('',#20099,#5247);
#3411=LINE('',#20101,#5248);
#3412=LINE('',#20102,#5249);
#3413=LINE('',#20105,#5250);
#3414=LINE('',#20107,#5251);
#3415=LINE('',#20108,#5252);
#3416=LINE('',#20110,#5253);
#3417=LINE('',#20111,#5254);
#3418=LINE('',#20118,#5255);
#3419=LINE('',#20123,#5256);
#3420=LINE('',#20125,#5257);
#3421=LINE('',#20127,#5258);
#3422=LINE('',#20128,#5259);
#3423=LINE('',#20131,#5260);
#3424=LINE('',#20133,#5261);
#3425=LINE('',#20134,#5262);
#3426=LINE('',#20137,#5263);
#3427=LINE('',#20139,#5264);
#3428=LINE('',#20140,#5265);
#3429=LINE('',#20143,#5266);
#3430=LINE('',#20145,#5267);
#3431=LINE('',#20146,#5268);
#3432=LINE('',#20149,#5269);
#3433=LINE('',#20151,#5270);
#3434=LINE('',#20152,#5271);
#3435=LINE('',#20155,#5272);
#3436=LINE('',#20157,#5273);
#3437=LINE('',#20158,#5274);
#3438=LINE('',#20161,#5275);
#3439=LINE('',#20163,#5276);
#3440=LINE('',#20164,#5277);
#3441=LINE('',#20167,#5278);
#3442=LINE('',#20169,#5279);
#3443=LINE('',#20170,#5280);
#3444=LINE('',#20173,#5281);
#3445=LINE('',#20175,#5282);
#3446=LINE('',#20176,#5283);
#3447=LINE('',#20179,#5284);
#3448=LINE('',#20181,#5285);
#3449=LINE('',#20182,#5286);
#3450=LINE('',#20185,#5287);
#3451=LINE('',#20187,#5288);
#3452=LINE('',#20188,#5289);
#3453=LINE('',#20191,#5290);
#3454=LINE('',#20193,#5291);
#3455=LINE('',#20194,#5292);
#3456=LINE('',#20197,#5293);
#3457=LINE('',#20199,#5294);
#3458=LINE('',#20200,#5295);
#3459=LINE('',#20203,#5296);
#3460=LINE('',#20205,#5297);
#3461=LINE('',#20206,#5298);
#3462=LINE('',#20209,#5299);
#3463=LINE('',#20211,#5300);
#3464=LINE('',#20212,#5301);
#3465=LINE('',#20215,#5302);
#3466=LINE('',#20217,#5303);
#3467=LINE('',#20218,#5304);
#3468=LINE('',#20221,#5305);
#3469=LINE('',#20223,#5306);
#3470=LINE('',#20224,#5307);
#3471=LINE('',#20227,#5308);
#3472=LINE('',#20229,#5309);
#3473=LINE('',#20230,#5310);
#3474=LINE('',#20233,#5311);
#3475=LINE('',#20235,#5312);
#3476=LINE('',#20236,#5313);
#3477=LINE('',#20239,#5314);
#3478=LINE('',#20241,#5315);
#3479=LINE('',#20242,#5316);
#3480=LINE('',#20245,#5317);
#3481=LINE('',#20247,#5318);
#3482=LINE('',#20248,#5319);
#3483=LINE('',#20251,#5320);
#3484=LINE('',#20253,#5321);
#3485=LINE('',#20254,#5322);
#3486=LINE('',#20257,#5323);
#3487=LINE('',#20259,#5324);
#3488=LINE('',#20260,#5325);
#3489=LINE('',#20263,#5326);
#3490=LINE('',#20265,#5327);
#3491=LINE('',#20266,#5328);
#3492=LINE('',#20269,#5329);
#3493=LINE('',#20271,#5330);
#3494=LINE('',#20272,#5331);
#3495=LINE('',#20275,#5332);
#3496=LINE('',#20277,#5333);
#3497=LINE('',#20278,#5334);
#3498=LINE('',#20281,#5335);
#3499=LINE('',#20283,#5336);
#3500=LINE('',#20284,#5337);
#3501=LINE('',#20287,#5338);
#3502=LINE('',#20289,#5339);
#3503=LINE('',#20290,#5340);
#3504=LINE('',#20293,#5341);
#3505=LINE('',#20295,#5342);
#3506=LINE('',#20296,#5343);
#3507=LINE('',#20299,#5344);
#3508=LINE('',#20301,#5345);
#3509=LINE('',#20302,#5346);
#3510=LINE('',#20305,#5347);
#3511=LINE('',#20307,#5348);
#3512=LINE('',#20308,#5349);
#3513=LINE('',#20311,#5350);
#3514=LINE('',#20313,#5351);
#3515=LINE('',#20314,#5352);
#3516=LINE('',#20317,#5353);
#3517=LINE('',#20319,#5354);
#3518=LINE('',#20320,#5355);
#3519=LINE('',#20323,#5356);
#3520=LINE('',#20325,#5357);
#3521=LINE('',#20326,#5358);
#3522=LINE('',#20329,#5359);
#3523=LINE('',#20331,#5360);
#3524=LINE('',#20332,#5361);
#3525=LINE('',#20335,#5362);
#3526=LINE('',#20337,#5363);
#3527=LINE('',#20338,#5364);
#3528=LINE('',#20341,#5365);
#3529=LINE('',#20343,#5366);
#3530=LINE('',#20344,#5367);
#3531=LINE('',#20347,#5368);
#3532=LINE('',#20349,#5369);
#3533=LINE('',#20350,#5370);
#3534=LINE('',#20353,#5371);
#3535=LINE('',#20355,#5372);
#3536=LINE('',#20356,#5373);
#3537=LINE('',#20359,#5374);
#3538=LINE('',#20361,#5375);
#3539=LINE('',#20362,#5376);
#3540=LINE('',#20365,#5377);
#3541=LINE('',#20367,#5378);
#3542=LINE('',#20368,#5379);
#3543=LINE('',#20371,#5380);
#3544=LINE('',#20373,#5381);
#3545=LINE('',#20374,#5382);
#3546=LINE('',#20377,#5383);
#3547=LINE('',#20379,#5384);
#3548=LINE('',#20380,#5385);
#3549=LINE('',#20383,#5386);
#3550=LINE('',#20385,#5387);
#3551=LINE('',#20386,#5388);
#3552=LINE('',#20389,#5389);
#3553=LINE('',#20391,#5390);
#3554=LINE('',#20392,#5391);
#3555=LINE('',#20395,#5392);
#3556=LINE('',#20397,#5393);
#3557=LINE('',#20398,#5394);
#3558=LINE('',#20401,#5395);
#3559=LINE('',#20403,#5396);
#3560=LINE('',#20404,#5397);
#3561=LINE('',#20406,#5398);
#3562=LINE('',#20407,#5399);
#3563=LINE('',#20414,#5400);
#3564=LINE('',#20419,#5401);
#3565=LINE('',#20421,#5402);
#3566=LINE('',#20423,#5403);
#3567=LINE('',#20424,#5404);
#3568=LINE('',#20427,#5405);
#3569=LINE('',#20429,#5406);
#3570=LINE('',#20430,#5407);
#3571=LINE('',#20433,#5408);
#3572=LINE('',#20435,#5409);
#3573=LINE('',#20436,#5410);
#3574=LINE('',#20439,#5411);
#3575=LINE('',#20441,#5412);
#3576=LINE('',#20442,#5413);
#3577=LINE('',#20445,#5414);
#3578=LINE('',#20447,#5415);
#3579=LINE('',#20448,#5416);
#3580=LINE('',#20451,#5417);
#3581=LINE('',#20453,#5418);
#3582=LINE('',#20454,#5419);
#3583=LINE('',#20457,#5420);
#3584=LINE('',#20459,#5421);
#3585=LINE('',#20460,#5422);
#3586=LINE('',#20463,#5423);
#3587=LINE('',#20465,#5424);
#3588=LINE('',#20466,#5425);
#3589=LINE('',#20469,#5426);
#3590=LINE('',#20471,#5427);
#3591=LINE('',#20472,#5428);
#3592=LINE('',#20475,#5429);
#3593=LINE('',#20477,#5430);
#3594=LINE('',#20478,#5431);
#3595=LINE('',#20481,#5432);
#3596=LINE('',#20483,#5433);
#3597=LINE('',#20484,#5434);
#3598=LINE('',#20487,#5435);
#3599=LINE('',#20489,#5436);
#3600=LINE('',#20490,#5437);
#3601=LINE('',#20493,#5438);
#3602=LINE('',#20495,#5439);
#3603=LINE('',#20496,#5440);
#3604=LINE('',#20499,#5441);
#3605=LINE('',#20501,#5442);
#3606=LINE('',#20502,#5443);
#3607=LINE('',#20505,#5444);
#3608=LINE('',#20507,#5445);
#3609=LINE('',#20508,#5446);
#3610=LINE('',#20511,#5447);
#3611=LINE('',#20513,#5448);
#3612=LINE('',#20514,#5449);
#3613=LINE('',#20517,#5450);
#3614=LINE('',#20519,#5451);
#3615=LINE('',#20520,#5452);
#3616=LINE('',#20523,#5453);
#3617=LINE('',#20525,#5454);
#3618=LINE('',#20526,#5455);
#3619=LINE('',#20529,#5456);
#3620=LINE('',#20531,#5457);
#3621=LINE('',#20532,#5458);
#3622=LINE('',#20535,#5459);
#3623=LINE('',#20537,#5460);
#3624=LINE('',#20538,#5461);
#3625=LINE('',#20541,#5462);
#3626=LINE('',#20543,#5463);
#3627=LINE('',#20544,#5464);
#3628=LINE('',#20547,#5465);
#3629=LINE('',#20549,#5466);
#3630=LINE('',#20550,#5467);
#3631=LINE('',#20553,#5468);
#3632=LINE('',#20555,#5469);
#3633=LINE('',#20556,#5470);
#3634=LINE('',#20559,#5471);
#3635=LINE('',#20561,#5472);
#3636=LINE('',#20562,#5473);
#3637=LINE('',#20565,#5474);
#3638=LINE('',#20567,#5475);
#3639=LINE('',#20568,#5476);
#3640=LINE('',#20571,#5477);
#3641=LINE('',#20573,#5478);
#3642=LINE('',#20574,#5479);
#3643=LINE('',#20577,#5480);
#3644=LINE('',#20579,#5481);
#3645=LINE('',#20580,#5482);
#3646=LINE('',#20583,#5483);
#3647=LINE('',#20585,#5484);
#3648=LINE('',#20586,#5485);
#3649=LINE('',#20589,#5486);
#3650=LINE('',#20591,#5487);
#3651=LINE('',#20592,#5488);
#3652=LINE('',#20595,#5489);
#3653=LINE('',#20597,#5490);
#3654=LINE('',#20598,#5491);
#3655=LINE('',#20601,#5492);
#3656=LINE('',#20603,#5493);
#3657=LINE('',#20604,#5494);
#3658=LINE('',#20607,#5495);
#3659=LINE('',#20609,#5496);
#3660=LINE('',#20610,#5497);
#3661=LINE('',#20613,#5498);
#3662=LINE('',#20615,#5499);
#3663=LINE('',#20616,#5500);
#3664=LINE('',#20619,#5501);
#3665=LINE('',#20621,#5502);
#3666=LINE('',#20622,#5503);
#3667=LINE('',#20625,#5504);
#3668=LINE('',#20627,#5505);
#3669=LINE('',#20628,#5506);
#3670=LINE('',#20631,#5507);
#3671=LINE('',#20633,#5508);
#3672=LINE('',#20634,#5509);
#3673=LINE('',#20637,#5510);
#3674=LINE('',#20639,#5511);
#3675=LINE('',#20640,#5512);
#3676=LINE('',#20643,#5513);
#3677=LINE('',#20645,#5514);
#3678=LINE('',#20646,#5515);
#3679=LINE('',#20649,#5516);
#3680=LINE('',#20651,#5517);
#3681=LINE('',#20652,#5518);
#3682=LINE('',#20655,#5519);
#3683=LINE('',#20657,#5520);
#3684=LINE('',#20658,#5521);
#3685=LINE('',#20661,#5522);
#3686=LINE('',#20663,#5523);
#3687=LINE('',#20664,#5524);
#3688=LINE('',#20667,#5525);
#3689=LINE('',#20669,#5526);
#3690=LINE('',#20670,#5527);
#3691=LINE('',#20673,#5528);
#3692=LINE('',#20675,#5529);
#3693=LINE('',#20676,#5530);
#3694=LINE('',#20679,#5531);
#3695=LINE('',#20681,#5532);
#3696=LINE('',#20682,#5533);
#3697=LINE('',#20685,#5534);
#3698=LINE('',#20687,#5535);
#3699=LINE('',#20688,#5536);
#3700=LINE('',#20691,#5537);
#3701=LINE('',#20693,#5538);
#3702=LINE('',#20694,#5539);
#3703=LINE('',#20697,#5540);
#3704=LINE('',#20699,#5541);
#3705=LINE('',#20700,#5542);
#3706=LINE('',#20702,#5543);
#3707=LINE('',#20703,#5544);
#3708=LINE('',#20710,#5545);
#3709=LINE('',#20715,#5546);
#3710=LINE('',#20717,#5547);
#3711=LINE('',#20719,#5548);
#3712=LINE('',#20720,#5549);
#3713=LINE('',#20723,#5550);
#3714=LINE('',#20725,#5551);
#3715=LINE('',#20726,#5552);
#3716=LINE('',#20729,#5553);
#3717=LINE('',#20731,#5554);
#3718=LINE('',#20732,#5555);
#3719=LINE('',#20735,#5556);
#3720=LINE('',#20737,#5557);
#3721=LINE('',#20738,#5558);
#3722=LINE('',#20741,#5559);
#3723=LINE('',#20743,#5560);
#3724=LINE('',#20744,#5561);
#3725=LINE('',#20747,#5562);
#3726=LINE('',#20749,#5563);
#3727=LINE('',#20750,#5564);
#3728=LINE('',#20753,#5565);
#3729=LINE('',#20755,#5566);
#3730=LINE('',#20756,#5567);
#3731=LINE('',#20759,#5568);
#3732=LINE('',#20761,#5569);
#3733=LINE('',#20762,#5570);
#3734=LINE('',#20765,#5571);
#3735=LINE('',#20767,#5572);
#3736=LINE('',#20768,#5573);
#3737=LINE('',#20771,#5574);
#3738=LINE('',#20773,#5575);
#3739=LINE('',#20774,#5576);
#3740=LINE('',#20777,#5577);
#3741=LINE('',#20779,#5578);
#3742=LINE('',#20780,#5579);
#3743=LINE('',#20783,#5580);
#3744=LINE('',#20785,#5581);
#3745=LINE('',#20786,#5582);
#3746=LINE('',#20789,#5583);
#3747=LINE('',#20791,#5584);
#3748=LINE('',#20792,#5585);
#3749=LINE('',#20795,#5586);
#3750=LINE('',#20797,#5587);
#3751=LINE('',#20798,#5588);
#3752=LINE('',#20801,#5589);
#3753=LINE('',#20803,#5590);
#3754=LINE('',#20804,#5591);
#3755=LINE('',#20807,#5592);
#3756=LINE('',#20809,#5593);
#3757=LINE('',#20810,#5594);
#3758=LINE('',#20813,#5595);
#3759=LINE('',#20815,#5596);
#3760=LINE('',#20816,#5597);
#3761=LINE('',#20819,#5598);
#3762=LINE('',#20821,#5599);
#3763=LINE('',#20822,#5600);
#3764=LINE('',#20825,#5601);
#3765=LINE('',#20827,#5602);
#3766=LINE('',#20828,#5603);
#3767=LINE('',#20831,#5604);
#3768=LINE('',#20833,#5605);
#3769=LINE('',#20834,#5606);
#3770=LINE('',#20837,#5607);
#3771=LINE('',#20839,#5608);
#3772=LINE('',#20840,#5609);
#3773=LINE('',#20843,#5610);
#3774=LINE('',#20845,#5611);
#3775=LINE('',#20846,#5612);
#3776=LINE('',#20849,#5613);
#3777=LINE('',#20851,#5614);
#3778=LINE('',#20852,#5615);
#3779=LINE('',#20855,#5616);
#3780=LINE('',#20857,#5617);
#3781=LINE('',#20858,#5618);
#3782=LINE('',#20861,#5619);
#3783=LINE('',#20863,#5620);
#3784=LINE('',#20864,#5621);
#3785=LINE('',#20867,#5622);
#3786=LINE('',#20869,#5623);
#3787=LINE('',#20870,#5624);
#3788=LINE('',#20873,#5625);
#3789=LINE('',#20875,#5626);
#3790=LINE('',#20876,#5627);
#3791=LINE('',#20879,#5628);
#3792=LINE('',#20881,#5629);
#3793=LINE('',#20882,#5630);
#3794=LINE('',#20885,#5631);
#3795=LINE('',#20887,#5632);
#3796=LINE('',#20888,#5633);
#3797=LINE('',#20891,#5634);
#3798=LINE('',#20893,#5635);
#3799=LINE('',#20894,#5636);
#3800=LINE('',#20897,#5637);
#3801=LINE('',#20899,#5638);
#3802=LINE('',#20900,#5639);
#3803=LINE('',#20903,#5640);
#3804=LINE('',#20905,#5641);
#3805=LINE('',#20906,#5642);
#3806=LINE('',#20909,#5643);
#3807=LINE('',#20911,#5644);
#3808=LINE('',#20912,#5645);
#3809=LINE('',#20915,#5646);
#3810=LINE('',#20917,#5647);
#3811=LINE('',#20918,#5648);
#3812=LINE('',#20921,#5649);
#3813=LINE('',#20923,#5650);
#3814=LINE('',#20924,#5651);
#3815=LINE('',#20927,#5652);
#3816=LINE('',#20929,#5653);
#3817=LINE('',#20930,#5654);
#3818=LINE('',#20933,#5655);
#3819=LINE('',#20935,#5656);
#3820=LINE('',#20936,#5657);
#3821=LINE('',#20939,#5658);
#3822=LINE('',#20941,#5659);
#3823=LINE('',#20942,#5660);
#3824=LINE('',#20945,#5661);
#3825=LINE('',#20947,#5662);
#3826=LINE('',#20948,#5663);
#3827=LINE('',#20951,#5664);
#3828=LINE('',#20953,#5665);
#3829=LINE('',#20954,#5666);
#3830=LINE('',#20957,#5667);
#3831=LINE('',#20959,#5668);
#3832=LINE('',#20960,#5669);
#3833=LINE('',#20963,#5670);
#3834=LINE('',#20965,#5671);
#3835=LINE('',#20966,#5672);
#3836=LINE('',#20969,#5673);
#3837=LINE('',#20971,#5674);
#3838=LINE('',#20972,#5675);
#3839=LINE('',#20975,#5676);
#3840=LINE('',#20977,#5677);
#3841=LINE('',#20978,#5678);
#3842=LINE('',#20981,#5679);
#3843=LINE('',#20983,#5680);
#3844=LINE('',#20984,#5681);
#3845=LINE('',#20987,#5682);
#3846=LINE('',#20989,#5683);
#3847=LINE('',#20990,#5684);
#3848=LINE('',#20993,#5685);
#3849=LINE('',#20995,#5686);
#3850=LINE('',#20996,#5687);
#3851=LINE('',#20998,#5688);
#3852=LINE('',#20999,#5689);
#3853=LINE('',#21005,#5690);
#3854=LINE('',#21007,#5691);
#3855=LINE('',#21009,#5692);
#3856=LINE('',#21010,#5693);
#3857=LINE('',#21013,#5694);
#3858=LINE('',#21015,#5695);
#3859=LINE('',#21016,#5696);
#3860=LINE('',#21019,#5697);
#3861=LINE('',#21021,#5698);
#3862=LINE('',#21022,#5699);
#3863=LINE('',#21024,#5700);
#3864=LINE('',#21025,#5701);
#3865=LINE('',#21031,#5702);
#3866=LINE('',#21033,#5703);
#3867=LINE('',#21035,#5704);
#3868=LINE('',#21036,#5705);
#3869=LINE('',#21039,#5706);
#3870=LINE('',#21041,#5707);
#3871=LINE('',#21042,#5708);
#3872=LINE('',#21045,#5709);
#3873=LINE('',#21047,#5710);
#3874=LINE('',#21048,#5711);
#3875=LINE('',#21050,#5712);
#3876=LINE('',#21051,#5713);
#3877=LINE('',#21058,#5714);
#3878=LINE('',#21066,#5715);
#3879=LINE('',#21071,#5716);
#3880=LINE('',#21078,#5717);
#3881=LINE('',#21086,#5718);
#3882=LINE('',#21091,#5719);
#3883=LINE('',#21098,#5720);
#3884=LINE('',#21106,#5721);
#3885=LINE('',#21111,#5722);
#3886=LINE('',#21117,#5723);
#3887=LINE('',#21119,#5724);
#3888=LINE('',#21121,#5725);
#3889=LINE('',#21122,#5726);
#3890=LINE('',#21125,#5727);
#3891=LINE('',#21127,#5728);
#3892=LINE('',#21128,#5729);
#3893=LINE('',#21131,#5730);
#3894=LINE('',#21133,#5731);
#3895=LINE('',#21134,#5732);
#3896=LINE('',#21136,#5733);
#3897=LINE('',#21137,#5734);
#3898=LINE('',#21143,#5735);
#3899=LINE('',#21145,#5736);
#3900=LINE('',#21147,#5737);
#3901=LINE('',#21148,#5738);
#3902=LINE('',#21151,#5739);
#3903=LINE('',#21153,#5740);
#3904=LINE('',#21154,#5741);
#3905=LINE('',#21157,#5742);
#3906=LINE('',#21159,#5743);
#3907=LINE('',#21160,#5744);
#3908=LINE('',#21162,#5745);
#3909=LINE('',#21163,#5746);
#3910=LINE('',#21169,#5747);
#3911=LINE('',#21171,#5748);
#3912=LINE('',#21173,#5749);
#3913=LINE('',#21174,#5750);
#3914=LINE('',#21177,#5751);
#3915=LINE('',#21179,#5752);
#3916=LINE('',#21180,#5753);
#3917=LINE('',#21183,#5754);
#3918=LINE('',#21185,#5755);
#3919=LINE('',#21186,#5756);
#3920=LINE('',#21188,#5757);
#3921=LINE('',#21189,#5758);
#3922=LINE('',#21195,#5759);
#3923=LINE('',#21199,#5760);
#3924=LINE('',#21204,#5761);
#3925=LINE('',#21208,#5762);
#3926=LINE('',#21211,#5763);
#3927=LINE('',#21212,#5764);
#3928=LINE('',#21214,#5765);
#3929=LINE('',#21215,#5766);
#3930=LINE('',#21218,#5767);
#3931=LINE('',#21220,#5768);
#3932=LINE('',#21222,#5769);
#3933=LINE('',#21224,#5770);
#3934=LINE('',#21226,#5771);
#3935=LINE('',#21228,#5772);
#3936=LINE('',#21229,#5773);
#3937=LINE('',#21232,#5774);
#3938=LINE('',#21233,#5775);
#3939=LINE('',#21237,#5776);
#3940=LINE('',#21239,#5777);
#3941=LINE('',#21241,#5778);
#3942=LINE('',#21243,#5779);
#3943=LINE('',#21245,#5780);
#3944=LINE('',#21246,#5781);
#3945=LINE('',#21248,#5782);
#3946=LINE('',#21250,#5783);
#3947=LINE('',#21252,#5784);
#3948=LINE('',#21254,#5785);
#3949=LINE('',#21256,#5786);
#3950=VECTOR('',#14182,2.5);
#3951=VECTOR('',#14187,10.);
#3952=VECTOR('',#14188,10.);
#3953=VECTOR('',#14189,10.);
#3954=VECTOR('',#14190,10.);
#3955=VECTOR('',#14193,10.);
#3956=VECTOR('',#14194,10.);
#3957=VECTOR('',#14195,10.);
#3958=VECTOR('',#14198,10.);
#3959=VECTOR('',#14199,10.);
#3960=VECTOR('',#14200,10.);
#3961=VECTOR('',#14203,10.);
#3962=VECTOR('',#14204,10.);
#3963=VECTOR('',#14205,10.);
#3964=VECTOR('',#14208,10.);
#3965=VECTOR('',#14209,10.);
#3966=VECTOR('',#14210,10.);
#3967=VECTOR('',#14213,10.);
#3968=VECTOR('',#14214,10.);
#3969=VECTOR('',#14215,10.);
#3970=VECTOR('',#14218,10.);
#3971=VECTOR('',#14219,10.);
#3972=VECTOR('',#14220,10.);
#3973=VECTOR('',#14223,10.);
#3974=VECTOR('',#14224,10.);
#3975=VECTOR('',#14225,10.);
#3976=VECTOR('',#14228,10.);
#3977=VECTOR('',#14229,10.);
#3978=VECTOR('',#14230,10.);
#3979=VECTOR('',#14233,10.);
#3980=VECTOR('',#14234,10.);
#3981=VECTOR('',#14235,10.);
#3982=VECTOR('',#14238,10.);
#3983=VECTOR('',#14239,10.);
#3984=VECTOR('',#14240,10.);
#3985=VECTOR('',#14243,10.);
#3986=VECTOR('',#14244,10.);
#3987=VECTOR('',#14245,10.);
#3988=VECTOR('',#14248,10.);
#3989=VECTOR('',#14249,10.);
#3990=VECTOR('',#14250,10.);
#3991=VECTOR('',#14253,10.);
#3992=VECTOR('',#14254,10.);
#3993=VECTOR('',#14255,10.);
#3994=VECTOR('',#14258,10.);
#3995=VECTOR('',#14259,10.);
#3996=VECTOR('',#14260,10.);
#3997=VECTOR('',#14263,10.);
#3998=VECTOR('',#14264,10.);
#3999=VECTOR('',#14265,10.);
#4000=VECTOR('',#14268,10.);
#4001=VECTOR('',#14269,10.);
#4002=VECTOR('',#14270,10.);
#4003=VECTOR('',#14273,10.);
#4004=VECTOR('',#14274,10.);
#4005=VECTOR('',#14275,10.);
#4006=VECTOR('',#14278,10.);
#4007=VECTOR('',#14279,10.);
#4008=VECTOR('',#14280,10.);
#4009=VECTOR('',#14283,10.);
#4010=VECTOR('',#14284,10.);
#4011=VECTOR('',#14285,10.);
#4012=VECTOR('',#14288,10.);
#4013=VECTOR('',#14289,10.);
#4014=VECTOR('',#14290,10.);
#4015=VECTOR('',#14293,10.);
#4016=VECTOR('',#14294,10.);
#4017=VECTOR('',#14295,10.);
#4018=VECTOR('',#14298,10.);
#4019=VECTOR('',#14299,10.);
#4020=VECTOR('',#14300,10.);
#4021=VECTOR('',#14303,10.);
#4022=VECTOR('',#14304,10.);
#4023=VECTOR('',#14305,10.);
#4024=VECTOR('',#14308,10.);
#4025=VECTOR('',#14309,10.);
#4026=VECTOR('',#14310,10.);
#4027=VECTOR('',#14313,10.);
#4028=VECTOR('',#14314,10.);
#4029=VECTOR('',#14315,10.);
#4030=VECTOR('',#14318,10.);
#4031=VECTOR('',#14319,10.);
#4032=VECTOR('',#14320,10.);
#4033=VECTOR('',#14323,10.);
#4034=VECTOR('',#14324,10.);
#4035=VECTOR('',#14325,10.);
#4036=VECTOR('',#14328,10.);
#4037=VECTOR('',#14329,10.);
#4038=VECTOR('',#14330,10.);
#4039=VECTOR('',#14333,10.);
#4040=VECTOR('',#14334,10.);
#4041=VECTOR('',#14335,10.);
#4042=VECTOR('',#14338,10.);
#4043=VECTOR('',#14339,10.);
#4044=VECTOR('',#14340,10.);
#4045=VECTOR('',#14343,10.);
#4046=VECTOR('',#14344,10.);
#4047=VECTOR('',#14345,10.);
#4048=VECTOR('',#14348,10.);
#4049=VECTOR('',#14349,10.);
#4050=VECTOR('',#14350,10.);
#4051=VECTOR('',#14353,10.);
#4052=VECTOR('',#14354,10.);
#4053=VECTOR('',#14355,10.);
#4054=VECTOR('',#14358,10.);
#4055=VECTOR('',#14359,10.);
#4056=VECTOR('',#14360,10.);
#4057=VECTOR('',#14363,10.);
#4058=VECTOR('',#14364,10.);
#4059=VECTOR('',#14365,10.);
#4060=VECTOR('',#14368,10.);
#4061=VECTOR('',#14369,10.);
#4062=VECTOR('',#14370,10.);
#4063=VECTOR('',#14373,10.);
#4064=VECTOR('',#14374,10.);
#4065=VECTOR('',#14375,10.);
#4066=VECTOR('',#14378,10.);
#4067=VECTOR('',#14379,10.);
#4068=VECTOR('',#14380,10.);
#4069=VECTOR('',#14383,10.);
#4070=VECTOR('',#14384,10.);
#4071=VECTOR('',#14385,10.);
#4072=VECTOR('',#14388,10.);
#4073=VECTOR('',#14389,10.);
#4074=VECTOR('',#14390,10.);
#4075=VECTOR('',#14393,10.);
#4076=VECTOR('',#14394,10.);
#4077=VECTOR('',#14395,10.);
#4078=VECTOR('',#14398,10.);
#4079=VECTOR('',#14399,10.);
#4080=VECTOR('',#14400,10.);
#4081=VECTOR('',#14403,10.);
#4082=VECTOR('',#14404,10.);
#4083=VECTOR('',#14405,10.);
#4084=VECTOR('',#14408,10.);
#4085=VECTOR('',#14409,10.);
#4086=VECTOR('',#14410,10.);
#4087=VECTOR('',#14413,10.);
#4088=VECTOR('',#14414,10.);
#4089=VECTOR('',#14415,10.);
#4090=VECTOR('',#14418,10.);
#4091=VECTOR('',#14419,10.);
#4092=VECTOR('',#14420,10.);
#4093=VECTOR('',#14423,10.);
#4094=VECTOR('',#14424,10.);
#4095=VECTOR('',#14433,2.5);
#4096=VECTOR('',#14438,10.);
#4097=VECTOR('',#14439,10.);
#4098=VECTOR('',#14440,10.);
#4099=VECTOR('',#14441,10.);
#4100=VECTOR('',#14444,10.);
#4101=VECTOR('',#14445,10.);
#4102=VECTOR('',#14446,10.);
#4103=VECTOR('',#14449,10.);
#4104=VECTOR('',#14450,10.);
#4105=VECTOR('',#14451,10.);
#4106=VECTOR('',#14454,10.);
#4107=VECTOR('',#14455,10.);
#4108=VECTOR('',#14456,10.);
#4109=VECTOR('',#14459,10.);
#4110=VECTOR('',#14460,10.);
#4111=VECTOR('',#14461,10.);
#4112=VECTOR('',#14464,10.);
#4113=VECTOR('',#14465,10.);
#4114=VECTOR('',#14466,10.);
#4115=VECTOR('',#14469,10.);
#4116=VECTOR('',#14470,10.);
#4117=VECTOR('',#14471,10.);
#4118=VECTOR('',#14474,10.);
#4119=VECTOR('',#14475,10.);
#4120=VECTOR('',#14476,10.);
#4121=VECTOR('',#14479,10.);
#4122=VECTOR('',#14480,10.);
#4123=VECTOR('',#14481,10.);
#4124=VECTOR('',#14484,10.);
#4125=VECTOR('',#14485,10.);
#4126=VECTOR('',#14486,10.);
#4127=VECTOR('',#14489,10.);
#4128=VECTOR('',#14490,10.);
#4129=VECTOR('',#14491,10.);
#4130=VECTOR('',#14494,10.);
#4131=VECTOR('',#14495,10.);
#4132=VECTOR('',#14496,10.);
#4133=VECTOR('',#14499,10.);
#4134=VECTOR('',#14500,10.);
#4135=VECTOR('',#14501,10.);
#4136=VECTOR('',#14504,10.);
#4137=VECTOR('',#14505,10.);
#4138=VECTOR('',#14506,10.);
#4139=VECTOR('',#14509,10.);
#4140=VECTOR('',#14510,10.);
#4141=VECTOR('',#14511,10.);
#4142=VECTOR('',#14514,10.);
#4143=VECTOR('',#14515,10.);
#4144=VECTOR('',#14516,10.);
#4145=VECTOR('',#14519,10.);
#4146=VECTOR('',#14520,10.);
#4147=VECTOR('',#14521,10.);
#4148=VECTOR('',#14524,10.);
#4149=VECTOR('',#14525,10.);
#4150=VECTOR('',#14526,10.);
#4151=VECTOR('',#14529,10.);
#4152=VECTOR('',#14530,10.);
#4153=VECTOR('',#14531,10.);
#4154=VECTOR('',#14534,10.);
#4155=VECTOR('',#14535,10.);
#4156=VECTOR('',#14536,10.);
#4157=VECTOR('',#14539,10.);
#4158=VECTOR('',#14540,10.);
#4159=VECTOR('',#14541,10.);
#4160=VECTOR('',#14544,10.);
#4161=VECTOR('',#14545,10.);
#4162=VECTOR('',#14546,10.);
#4163=VECTOR('',#14549,10.);
#4164=VECTOR('',#14550,10.);
#4165=VECTOR('',#14551,10.);
#4166=VECTOR('',#14554,10.);
#4167=VECTOR('',#14555,10.);
#4168=VECTOR('',#14556,10.);
#4169=VECTOR('',#14559,10.);
#4170=VECTOR('',#14560,10.);
#4171=VECTOR('',#14561,10.);
#4172=VECTOR('',#14564,10.);
#4173=VECTOR('',#14565,10.);
#4174=VECTOR('',#14566,10.);
#4175=VECTOR('',#14569,10.);
#4176=VECTOR('',#14570,10.);
#4177=VECTOR('',#14571,10.);
#4178=VECTOR('',#14574,10.);
#4179=VECTOR('',#14575,10.);
#4180=VECTOR('',#14576,10.);
#4181=VECTOR('',#14579,10.);
#4182=VECTOR('',#14580,10.);
#4183=VECTOR('',#14581,10.);
#4184=VECTOR('',#14584,10.);
#4185=VECTOR('',#14585,10.);
#4186=VECTOR('',#14586,10.);
#4187=VECTOR('',#14589,10.);
#4188=VECTOR('',#14590,10.);
#4189=VECTOR('',#14591,10.);
#4190=VECTOR('',#14594,10.);
#4191=VECTOR('',#14595,10.);
#4192=VECTOR('',#14596,10.);
#4193=VECTOR('',#14599,10.);
#4194=VECTOR('',#14600,10.);
#4195=VECTOR('',#14601,10.);
#4196=VECTOR('',#14604,10.);
#4197=VECTOR('',#14605,10.);
#4198=VECTOR('',#14606,10.);
#4199=VECTOR('',#14609,10.);
#4200=VECTOR('',#14610,10.);
#4201=VECTOR('',#14611,10.);
#4202=VECTOR('',#14614,10.);
#4203=VECTOR('',#14615,10.);
#4204=VECTOR('',#14616,10.);
#4205=VECTOR('',#14619,10.);
#4206=VECTOR('',#14620,10.);
#4207=VECTOR('',#14621,10.);
#4208=VECTOR('',#14624,10.);
#4209=VECTOR('',#14625,10.);
#4210=VECTOR('',#14626,10.);
#4211=VECTOR('',#14629,10.);
#4212=VECTOR('',#14630,10.);
#4213=VECTOR('',#14631,10.);
#4214=VECTOR('',#14634,10.);
#4215=VECTOR('',#14635,10.);
#4216=VECTOR('',#14636,10.);
#4217=VECTOR('',#14639,10.);
#4218=VECTOR('',#14640,10.);
#4219=VECTOR('',#14641,10.);
#4220=VECTOR('',#14644,10.);
#4221=VECTOR('',#14645,10.);
#4222=VECTOR('',#14646,10.);
#4223=VECTOR('',#14649,10.);
#4224=VECTOR('',#14650,10.);
#4225=VECTOR('',#14651,10.);
#4226=VECTOR('',#14654,10.);
#4227=VECTOR('',#14655,10.);
#4228=VECTOR('',#14656,10.);
#4229=VECTOR('',#14659,10.);
#4230=VECTOR('',#14660,10.);
#4231=VECTOR('',#14661,10.);
#4232=VECTOR('',#14664,10.);
#4233=VECTOR('',#14665,10.);
#4234=VECTOR('',#14666,10.);
#4235=VECTOR('',#14669,10.);
#4236=VECTOR('',#14670,10.);
#4237=VECTOR('',#14671,10.);
#4238=VECTOR('',#14674,10.);
#4239=VECTOR('',#14675,10.);
#4240=VECTOR('',#14684,2.5);
#4241=VECTOR('',#14689,10.);
#4242=VECTOR('',#14690,10.);
#4243=VECTOR('',#14691,10.);
#4244=VECTOR('',#14692,10.);
#4245=VECTOR('',#14695,10.);
#4246=VECTOR('',#14696,10.);
#4247=VECTOR('',#14697,10.);
#4248=VECTOR('',#14700,10.);
#4249=VECTOR('',#14701,10.);
#4250=VECTOR('',#14702,10.);
#4251=VECTOR('',#14705,10.);
#4252=VECTOR('',#14706,10.);
#4253=VECTOR('',#14707,10.);
#4254=VECTOR('',#14710,10.);
#4255=VECTOR('',#14711,10.);
#4256=VECTOR('',#14712,10.);
#4257=VECTOR('',#14715,10.);
#4258=VECTOR('',#14716,10.);
#4259=VECTOR('',#14717,10.);
#4260=VECTOR('',#14720,10.);
#4261=VECTOR('',#14721,10.);
#4262=VECTOR('',#14722,10.);
#4263=VECTOR('',#14725,10.);
#4264=VECTOR('',#14726,10.);
#4265=VECTOR('',#14727,10.);
#4266=VECTOR('',#14730,10.);
#4267=VECTOR('',#14731,10.);
#4268=VECTOR('',#14732,10.);
#4269=VECTOR('',#14735,10.);
#4270=VECTOR('',#14736,10.);
#4271=VECTOR('',#14737,10.);
#4272=VECTOR('',#14740,10.);
#4273=VECTOR('',#14741,10.);
#4274=VECTOR('',#14742,10.);
#4275=VECTOR('',#14745,10.);
#4276=VECTOR('',#14746,10.);
#4277=VECTOR('',#14747,10.);
#4278=VECTOR('',#14750,10.);
#4279=VECTOR('',#14751,10.);
#4280=VECTOR('',#14752,10.);
#4281=VECTOR('',#14755,10.);
#4282=VECTOR('',#14756,10.);
#4283=VECTOR('',#14757,10.);
#4284=VECTOR('',#14760,10.);
#4285=VECTOR('',#14761,10.);
#4286=VECTOR('',#14762,10.);
#4287=VECTOR('',#14765,10.);
#4288=VECTOR('',#14766,10.);
#4289=VECTOR('',#14767,10.);
#4290=VECTOR('',#14770,10.);
#4291=VECTOR('',#14771,10.);
#4292=VECTOR('',#14772,10.);
#4293=VECTOR('',#14775,10.);
#4294=VECTOR('',#14776,10.);
#4295=VECTOR('',#14777,10.);
#4296=VECTOR('',#14780,10.);
#4297=VECTOR('',#14781,10.);
#4298=VECTOR('',#14782,10.);
#4299=VECTOR('',#14785,10.);
#4300=VECTOR('',#14786,10.);
#4301=VECTOR('',#14787,10.);
#4302=VECTOR('',#14790,10.);
#4303=VECTOR('',#14791,10.);
#4304=VECTOR('',#14792,10.);
#4305=VECTOR('',#14795,10.);
#4306=VECTOR('',#14796,10.);
#4307=VECTOR('',#14797,10.);
#4308=VECTOR('',#14800,10.);
#4309=VECTOR('',#14801,10.);
#4310=VECTOR('',#14802,10.);
#4311=VECTOR('',#14805,10.);
#4312=VECTOR('',#14806,10.);
#4313=VECTOR('',#14807,10.);
#4314=VECTOR('',#14810,10.);
#4315=VECTOR('',#14811,10.);
#4316=VECTOR('',#14812,10.);
#4317=VECTOR('',#14815,10.);
#4318=VECTOR('',#14816,10.);
#4319=VECTOR('',#14817,10.);
#4320=VECTOR('',#14820,10.);
#4321=VECTOR('',#14821,10.);
#4322=VECTOR('',#14822,10.);
#4323=VECTOR('',#14825,10.);
#4324=VECTOR('',#14826,10.);
#4325=VECTOR('',#14827,10.);
#4326=VECTOR('',#14830,10.);
#4327=VECTOR('',#14831,10.);
#4328=VECTOR('',#14832,10.);
#4329=VECTOR('',#14835,10.);
#4330=VECTOR('',#14836,10.);
#4331=VECTOR('',#14837,10.);
#4332=VECTOR('',#14840,10.);
#4333=VECTOR('',#14841,10.);
#4334=VECTOR('',#14842,10.);
#4335=VECTOR('',#14845,10.);
#4336=VECTOR('',#14846,10.);
#4337=VECTOR('',#14847,10.);
#4338=VECTOR('',#14850,10.);
#4339=VECTOR('',#14851,10.);
#4340=VECTOR('',#14852,10.);
#4341=VECTOR('',#14855,10.);
#4342=VECTOR('',#14856,10.);
#4343=VECTOR('',#14857,10.);
#4344=VECTOR('',#14860,10.);
#4345=VECTOR('',#14861,10.);
#4346=VECTOR('',#14862,10.);
#4347=VECTOR('',#14865,10.);
#4348=VECTOR('',#14866,10.);
#4349=VECTOR('',#14867,10.);
#4350=VECTOR('',#14870,10.);
#4351=VECTOR('',#14871,10.);
#4352=VECTOR('',#14872,10.);
#4353=VECTOR('',#14875,10.);
#4354=VECTOR('',#14876,10.);
#4355=VECTOR('',#14877,10.);
#4356=VECTOR('',#14880,10.);
#4357=VECTOR('',#14881,10.);
#4358=VECTOR('',#14882,10.);
#4359=VECTOR('',#14885,10.);
#4360=VECTOR('',#14886,10.);
#4361=VECTOR('',#14887,10.);
#4362=VECTOR('',#14890,10.);
#4363=VECTOR('',#14891,10.);
#4364=VECTOR('',#14892,10.);
#4365=VECTOR('',#14895,10.);
#4366=VECTOR('',#14896,10.);
#4367=VECTOR('',#14897,10.);
#4368=VECTOR('',#14900,10.);
#4369=VECTOR('',#14901,10.);
#4370=VECTOR('',#14902,10.);
#4371=VECTOR('',#14905,10.);
#4372=VECTOR('',#14906,10.);
#4373=VECTOR('',#14907,10.);
#4374=VECTOR('',#14910,10.);
#4375=VECTOR('',#14911,10.);
#4376=VECTOR('',#14912,10.);
#4377=VECTOR('',#14915,10.);
#4378=VECTOR('',#14916,10.);
#4379=VECTOR('',#14917,10.);
#4380=VECTOR('',#14920,10.);
#4381=VECTOR('',#14921,10.);
#4382=VECTOR('',#14922,10.);
#4383=VECTOR('',#14925,10.);
#4384=VECTOR('',#14926,10.);
#4385=VECTOR('',#14935,2.5);
#4386=VECTOR('',#14940,10.);
#4387=VECTOR('',#14941,10.);
#4388=VECTOR('',#14942,10.);
#4389=VECTOR('',#14943,10.);
#4390=VECTOR('',#14946,10.);
#4391=VECTOR('',#14947,10.);
#4392=VECTOR('',#14948,10.);
#4393=VECTOR('',#14951,10.);
#4394=VECTOR('',#14952,10.);
#4395=VECTOR('',#14953,10.);
#4396=VECTOR('',#14956,10.);
#4397=VECTOR('',#14957,10.);
#4398=VECTOR('',#14958,10.);
#4399=VECTOR('',#14961,10.);
#4400=VECTOR('',#14962,10.);
#4401=VECTOR('',#14963,10.);
#4402=VECTOR('',#14966,10.);
#4403=VECTOR('',#14967,10.);
#4404=VECTOR('',#14968,10.);
#4405=VECTOR('',#14971,10.);
#4406=VECTOR('',#14972,10.);
#4407=VECTOR('',#14973,10.);
#4408=VECTOR('',#14976,10.);
#4409=VECTOR('',#14977,10.);
#4410=VECTOR('',#14978,10.);
#4411=VECTOR('',#14981,10.);
#4412=VECTOR('',#14982,10.);
#4413=VECTOR('',#14983,10.);
#4414=VECTOR('',#14986,10.);
#4415=VECTOR('',#14987,10.);
#4416=VECTOR('',#14988,10.);
#4417=VECTOR('',#14991,10.);
#4418=VECTOR('',#14992,10.);
#4419=VECTOR('',#14993,10.);
#4420=VECTOR('',#14996,10.);
#4421=VECTOR('',#14997,10.);
#4422=VECTOR('',#14998,10.);
#4423=VECTOR('',#15001,10.);
#4424=VECTOR('',#15002,10.);
#4425=VECTOR('',#15003,10.);
#4426=VECTOR('',#15006,10.);
#4427=VECTOR('',#15007,10.);
#4428=VECTOR('',#15008,10.);
#4429=VECTOR('',#15011,10.);
#4430=VECTOR('',#15012,10.);
#4431=VECTOR('',#15013,10.);
#4432=VECTOR('',#15016,10.);
#4433=VECTOR('',#15017,10.);
#4434=VECTOR('',#15018,10.);
#4435=VECTOR('',#15021,10.);
#4436=VECTOR('',#15022,10.);
#4437=VECTOR('',#15023,10.);
#4438=VECTOR('',#15026,10.);
#4439=VECTOR('',#15027,10.);
#4440=VECTOR('',#15028,10.);
#4441=VECTOR('',#15031,10.);
#4442=VECTOR('',#15032,10.);
#4443=VECTOR('',#15033,10.);
#4444=VECTOR('',#15036,10.);
#4445=VECTOR('',#15037,10.);
#4446=VECTOR('',#15038,10.);
#4447=VECTOR('',#15041,10.);
#4448=VECTOR('',#15042,10.);
#4449=VECTOR('',#15043,10.);
#4450=VECTOR('',#15046,10.);
#4451=VECTOR('',#15047,10.);
#4452=VECTOR('',#15048,10.);
#4453=VECTOR('',#15051,10.);
#4454=VECTOR('',#15052,10.);
#4455=VECTOR('',#15053,10.);
#4456=VECTOR('',#15056,10.);
#4457=VECTOR('',#15057,10.);
#4458=VECTOR('',#15058,10.);
#4459=VECTOR('',#15061,10.);
#4460=VECTOR('',#15062,10.);
#4461=VECTOR('',#15063,10.);
#4462=VECTOR('',#15066,10.);
#4463=VECTOR('',#15067,10.);
#4464=VECTOR('',#15068,10.);
#4465=VECTOR('',#15071,10.);
#4466=VECTOR('',#15072,10.);
#4467=VECTOR('',#15073,10.);
#4468=VECTOR('',#15076,10.);
#4469=VECTOR('',#15077,10.);
#4470=VECTOR('',#15078,10.);
#4471=VECTOR('',#15081,10.);
#4472=VECTOR('',#15082,10.);
#4473=VECTOR('',#15083,10.);
#4474=VECTOR('',#15086,10.);
#4475=VECTOR('',#15087,10.);
#4476=VECTOR('',#15088,10.);
#4477=VECTOR('',#15091,10.);
#4478=VECTOR('',#15092,10.);
#4479=VECTOR('',#15093,10.);
#4480=VECTOR('',#15096,10.);
#4481=VECTOR('',#15097,10.);
#4482=VECTOR('',#15098,10.);
#4483=VECTOR('',#15101,10.);
#4484=VECTOR('',#15102,10.);
#4485=VECTOR('',#15103,10.);
#4486=VECTOR('',#15106,10.);
#4487=VECTOR('',#15107,10.);
#4488=VECTOR('',#15108,10.);
#4489=VECTOR('',#15111,10.);
#4490=VECTOR('',#15112,10.);
#4491=VECTOR('',#15113,10.);
#4492=VECTOR('',#15116,10.);
#4493=VECTOR('',#15117,10.);
#4494=VECTOR('',#15118,10.);
#4495=VECTOR('',#15121,10.);
#4496=VECTOR('',#15122,10.);
#4497=VECTOR('',#15123,10.);
#4498=VECTOR('',#15126,10.);
#4499=VECTOR('',#15127,10.);
#4500=VECTOR('',#15128,10.);
#4501=VECTOR('',#15131,10.);
#4502=VECTOR('',#15132,10.);
#4503=VECTOR('',#15133,10.);
#4504=VECTOR('',#15136,10.);
#4505=VECTOR('',#15137,10.);
#4506=VECTOR('',#15138,10.);
#4507=VECTOR('',#15141,10.);
#4508=VECTOR('',#15142,10.);
#4509=VECTOR('',#15143,10.);
#4510=VECTOR('',#15146,10.);
#4511=VECTOR('',#15147,10.);
#4512=VECTOR('',#15148,10.);
#4513=VECTOR('',#15151,10.);
#4514=VECTOR('',#15152,10.);
#4515=VECTOR('',#15153,10.);
#4516=VECTOR('',#15156,10.);
#4517=VECTOR('',#15157,10.);
#4518=VECTOR('',#15158,10.);
#4519=VECTOR('',#15161,10.);
#4520=VECTOR('',#15162,10.);
#4521=VECTOR('',#15163,10.);
#4522=VECTOR('',#15166,10.);
#4523=VECTOR('',#15167,10.);
#4524=VECTOR('',#15168,10.);
#4525=VECTOR('',#15171,10.);
#4526=VECTOR('',#15172,10.);
#4527=VECTOR('',#15173,10.);
#4528=VECTOR('',#15176,10.);
#4529=VECTOR('',#15177,10.);
#4530=VECTOR('',#15186,2.5);
#4531=VECTOR('',#15191,10.);
#4532=VECTOR('',#15192,10.);
#4533=VECTOR('',#15193,10.);
#4534=VECTOR('',#15194,10.);
#4535=VECTOR('',#15197,10.);
#4536=VECTOR('',#15198,10.);
#4537=VECTOR('',#15199,10.);
#4538=VECTOR('',#15202,10.);
#4539=VECTOR('',#15203,10.);
#4540=VECTOR('',#15204,10.);
#4541=VECTOR('',#15207,10.);
#4542=VECTOR('',#15208,10.);
#4543=VECTOR('',#15209,10.);
#4544=VECTOR('',#15212,10.);
#4545=VECTOR('',#15213,10.);
#4546=VECTOR('',#15214,10.);
#4547=VECTOR('',#15217,10.);
#4548=VECTOR('',#15218,10.);
#4549=VECTOR('',#15219,10.);
#4550=VECTOR('',#15222,10.);
#4551=VECTOR('',#15223,10.);
#4552=VECTOR('',#15224,10.);
#4553=VECTOR('',#15227,10.);
#4554=VECTOR('',#15228,10.);
#4555=VECTOR('',#15229,10.);
#4556=VECTOR('',#15232,10.);
#4557=VECTOR('',#15233,10.);
#4558=VECTOR('',#15234,10.);
#4559=VECTOR('',#15237,10.);
#4560=VECTOR('',#15238,10.);
#4561=VECTOR('',#15239,10.);
#4562=VECTOR('',#15242,10.);
#4563=VECTOR('',#15243,10.);
#4564=VECTOR('',#15244,10.);
#4565=VECTOR('',#15247,10.);
#4566=VECTOR('',#15248,10.);
#4567=VECTOR('',#15249,10.);
#4568=VECTOR('',#15252,10.);
#4569=VECTOR('',#15253,10.);
#4570=VECTOR('',#15254,10.);
#4571=VECTOR('',#15257,10.);
#4572=VECTOR('',#15258,10.);
#4573=VECTOR('',#15259,10.);
#4574=VECTOR('',#15262,10.);
#4575=VECTOR('',#15263,10.);
#4576=VECTOR('',#15264,10.);
#4577=VECTOR('',#15267,10.);
#4578=VECTOR('',#15268,10.);
#4579=VECTOR('',#15269,10.);
#4580=VECTOR('',#15272,10.);
#4581=VECTOR('',#15273,10.);
#4582=VECTOR('',#15274,10.);
#4583=VECTOR('',#15277,10.);
#4584=VECTOR('',#15278,10.);
#4585=VECTOR('',#15279,10.);
#4586=VECTOR('',#15282,10.);
#4587=VECTOR('',#15283,10.);
#4588=VECTOR('',#15284,10.);
#4589=VECTOR('',#15287,10.);
#4590=VECTOR('',#15288,10.);
#4591=VECTOR('',#15289,10.);
#4592=VECTOR('',#15292,10.);
#4593=VECTOR('',#15293,10.);
#4594=VECTOR('',#15294,10.);
#4595=VECTOR('',#15297,10.);
#4596=VECTOR('',#15298,10.);
#4597=VECTOR('',#15299,10.);
#4598=VECTOR('',#15302,10.);
#4599=VECTOR('',#15303,10.);
#4600=VECTOR('',#15304,10.);
#4601=VECTOR('',#15307,10.);
#4602=VECTOR('',#15308,10.);
#4603=VECTOR('',#15309,10.);
#4604=VECTOR('',#15312,10.);
#4605=VECTOR('',#15313,10.);
#4606=VECTOR('',#15314,10.);
#4607=VECTOR('',#15317,10.);
#4608=VECTOR('',#15318,10.);
#4609=VECTOR('',#15319,10.);
#4610=VECTOR('',#15322,10.);
#4611=VECTOR('',#15323,10.);
#4612=VECTOR('',#15324,10.);
#4613=VECTOR('',#15327,10.);
#4614=VECTOR('',#15328,10.);
#4615=VECTOR('',#15329,10.);
#4616=VECTOR('',#15332,10.);
#4617=VECTOR('',#15333,10.);
#4618=VECTOR('',#15334,10.);
#4619=VECTOR('',#15337,10.);
#4620=VECTOR('',#15338,10.);
#4621=VECTOR('',#15339,10.);
#4622=VECTOR('',#15342,10.);
#4623=VECTOR('',#15343,10.);
#4624=VECTOR('',#15344,10.);
#4625=VECTOR('',#15347,10.);
#4626=VECTOR('',#15348,10.);
#4627=VECTOR('',#15349,10.);
#4628=VECTOR('',#15352,10.);
#4629=VECTOR('',#15353,10.);
#4630=VECTOR('',#15354,10.);
#4631=VECTOR('',#15357,10.);
#4632=VECTOR('',#15358,10.);
#4633=VECTOR('',#15359,10.);
#4634=VECTOR('',#15362,10.);
#4635=VECTOR('',#15363,10.);
#4636=VECTOR('',#15364,10.);
#4637=VECTOR('',#15367,10.);
#4638=VECTOR('',#15368,10.);
#4639=VECTOR('',#15369,10.);
#4640=VECTOR('',#15372,10.);
#4641=VECTOR('',#15373,10.);
#4642=VECTOR('',#15374,10.);
#4643=VECTOR('',#15377,10.);
#4644=VECTOR('',#15378,10.);
#4645=VECTOR('',#15379,10.);
#4646=VECTOR('',#15382,10.);
#4647=VECTOR('',#15383,10.);
#4648=VECTOR('',#15384,10.);
#4649=VECTOR('',#15387,10.);
#4650=VECTOR('',#15388,10.);
#4651=VECTOR('',#15389,10.);
#4652=VECTOR('',#15392,10.);
#4653=VECTOR('',#15393,10.);
#4654=VECTOR('',#15394,10.);
#4655=VECTOR('',#15397,10.);
#4656=VECTOR('',#15398,10.);
#4657=VECTOR('',#15399,10.);
#4658=VECTOR('',#15402,10.);
#4659=VECTOR('',#15403,10.);
#4660=VECTOR('',#15404,10.);
#4661=VECTOR('',#15407,10.);
#4662=VECTOR('',#15408,10.);
#4663=VECTOR('',#15409,10.);
#4664=VECTOR('',#15412,10.);
#4665=VECTOR('',#15413,10.);
#4666=VECTOR('',#15414,10.);
#4667=VECTOR('',#15417,10.);
#4668=VECTOR('',#15418,10.);
#4669=VECTOR('',#15419,10.);
#4670=VECTOR('',#15422,10.);
#4671=VECTOR('',#15423,10.);
#4672=VECTOR('',#15424,10.);
#4673=VECTOR('',#15427,10.);
#4674=VECTOR('',#15428,10.);
#4675=VECTOR('',#15437,2.5);
#4676=VECTOR('',#15442,10.);
#4677=VECTOR('',#15443,10.);
#4678=VECTOR('',#15444,10.);
#4679=VECTOR('',#15445,10.);
#4680=VECTOR('',#15448,10.);
#4681=VECTOR('',#15449,10.);
#4682=VECTOR('',#15450,10.);
#4683=VECTOR('',#15453,10.);
#4684=VECTOR('',#15454,10.);
#4685=VECTOR('',#15455,10.);
#4686=VECTOR('',#15458,10.);
#4687=VECTOR('',#15459,10.);
#4688=VECTOR('',#15460,10.);
#4689=VECTOR('',#15463,10.);
#4690=VECTOR('',#15464,10.);
#4691=VECTOR('',#15465,10.);
#4692=VECTOR('',#15468,10.);
#4693=VECTOR('',#15469,10.);
#4694=VECTOR('',#15470,10.);
#4695=VECTOR('',#15473,10.);
#4696=VECTOR('',#15474,10.);
#4697=VECTOR('',#15475,10.);
#4698=VECTOR('',#15478,10.);
#4699=VECTOR('',#15479,10.);
#4700=VECTOR('',#15480,10.);
#4701=VECTOR('',#15483,10.);
#4702=VECTOR('',#15484,10.);
#4703=VECTOR('',#15485,10.);
#4704=VECTOR('',#15488,10.);
#4705=VECTOR('',#15489,10.);
#4706=VECTOR('',#15490,10.);
#4707=VECTOR('',#15493,10.);
#4708=VECTOR('',#15494,10.);
#4709=VECTOR('',#15495,10.);
#4710=VECTOR('',#15498,10.);
#4711=VECTOR('',#15499,10.);
#4712=VECTOR('',#15500,10.);
#4713=VECTOR('',#15503,10.);
#4714=VECTOR('',#15504,10.);
#4715=VECTOR('',#15505,10.);
#4716=VECTOR('',#15508,10.);
#4717=VECTOR('',#15509,10.);
#4718=VECTOR('',#15510,10.);
#4719=VECTOR('',#15513,10.);
#4720=VECTOR('',#15514,10.);
#4721=VECTOR('',#15515,10.);
#4722=VECTOR('',#15518,10.);
#4723=VECTOR('',#15519,10.);
#4724=VECTOR('',#15520,10.);
#4725=VECTOR('',#15523,10.);
#4726=VECTOR('',#15524,10.);
#4727=VECTOR('',#15525,10.);
#4728=VECTOR('',#15528,10.);
#4729=VECTOR('',#15529,10.);
#4730=VECTOR('',#15530,10.);
#4731=VECTOR('',#15533,10.);
#4732=VECTOR('',#15534,10.);
#4733=VECTOR('',#15535,10.);
#4734=VECTOR('',#15538,10.);
#4735=VECTOR('',#15539,10.);
#4736=VECTOR('',#15540,10.);
#4737=VECTOR('',#15543,10.);
#4738=VECTOR('',#15544,10.);
#4739=VECTOR('',#15545,10.);
#4740=VECTOR('',#15548,10.);
#4741=VECTOR('',#15549,10.);
#4742=VECTOR('',#15550,10.);
#4743=VECTOR('',#15553,10.);
#4744=VECTOR('',#15554,10.);
#4745=VECTOR('',#15555,10.);
#4746=VECTOR('',#15558,10.);
#4747=VECTOR('',#15559,10.);
#4748=VECTOR('',#15560,10.);
#4749=VECTOR('',#15563,10.);
#4750=VECTOR('',#15564,10.);
#4751=VECTOR('',#15565,10.);
#4752=VECTOR('',#15568,10.);
#4753=VECTOR('',#15569,10.);
#4754=VECTOR('',#15570,10.);
#4755=VECTOR('',#15573,10.);
#4756=VECTOR('',#15574,10.);
#4757=VECTOR('',#15575,10.);
#4758=VECTOR('',#15578,10.);
#4759=VECTOR('',#15579,10.);
#4760=VECTOR('',#15580,10.);
#4761=VECTOR('',#15583,10.);
#4762=VECTOR('',#15584,10.);
#4763=VECTOR('',#15585,10.);
#4764=VECTOR('',#15588,10.);
#4765=VECTOR('',#15589,10.);
#4766=VECTOR('',#15590,10.);
#4767=VECTOR('',#15593,10.);
#4768=VECTOR('',#15594,10.);
#4769=VECTOR('',#15595,10.);
#4770=VECTOR('',#15598,10.);
#4771=VECTOR('',#15599,10.);
#4772=VECTOR('',#15600,10.);
#4773=VECTOR('',#15603,10.);
#4774=VECTOR('',#15604,10.);
#4775=VECTOR('',#15605,10.);
#4776=VECTOR('',#15608,10.);
#4777=VECTOR('',#15609,10.);
#4778=VECTOR('',#15610,10.);
#4779=VECTOR('',#15613,10.);
#4780=VECTOR('',#15614,10.);
#4781=VECTOR('',#15615,10.);
#4782=VECTOR('',#15618,10.);
#4783=VECTOR('',#15619,10.);
#4784=VECTOR('',#15620,10.);
#4785=VECTOR('',#15623,10.);
#4786=VECTOR('',#15624,10.);
#4787=VECTOR('',#15625,10.);
#4788=VECTOR('',#15628,10.);
#4789=VECTOR('',#15629,10.);
#4790=VECTOR('',#15630,10.);
#4791=VECTOR('',#15633,10.);
#4792=VECTOR('',#15634,10.);
#4793=VECTOR('',#15635,10.);
#4794=VECTOR('',#15638,10.);
#4795=VECTOR('',#15639,10.);
#4796=VECTOR('',#15640,10.);
#4797=VECTOR('',#15643,10.);
#4798=VECTOR('',#15644,10.);
#4799=VECTOR('',#15645,10.);
#4800=VECTOR('',#15648,10.);
#4801=VECTOR('',#15649,10.);
#4802=VECTOR('',#15650,10.);
#4803=VECTOR('',#15653,10.);
#4804=VECTOR('',#15654,10.);
#4805=VECTOR('',#15655,10.);
#4806=VECTOR('',#15658,10.);
#4807=VECTOR('',#15659,10.);
#4808=VECTOR('',#15660,10.);
#4809=VECTOR('',#15663,10.);
#4810=VECTOR('',#15664,10.);
#4811=VECTOR('',#15665,10.);
#4812=VECTOR('',#15668,10.);
#4813=VECTOR('',#15669,10.);
#4814=VECTOR('',#15670,10.);
#4815=VECTOR('',#15673,10.);
#4816=VECTOR('',#15674,10.);
#4817=VECTOR('',#15675,10.);
#4818=VECTOR('',#15678,10.);
#4819=VECTOR('',#15679,10.);
#4820=VECTOR('',#15688,2.5);
#4821=VECTOR('',#15693,10.);
#4822=VECTOR('',#15694,10.);
#4823=VECTOR('',#15695,10.);
#4824=VECTOR('',#15696,10.);
#4825=VECTOR('',#15699,10.);
#4826=VECTOR('',#15700,10.);
#4827=VECTOR('',#15701,10.);
#4828=VECTOR('',#15704,10.);
#4829=VECTOR('',#15705,10.);
#4830=VECTOR('',#15706,10.);
#4831=VECTOR('',#15709,10.);
#4832=VECTOR('',#15710,10.);
#4833=VECTOR('',#15711,10.);
#4834=VECTOR('',#15714,10.);
#4835=VECTOR('',#15715,10.);
#4836=VECTOR('',#15716,10.);
#4837=VECTOR('',#15719,10.);
#4838=VECTOR('',#15720,10.);
#4839=VECTOR('',#15721,10.);
#4840=VECTOR('',#15724,10.);
#4841=VECTOR('',#15725,10.);
#4842=VECTOR('',#15726,10.);
#4843=VECTOR('',#15729,10.);
#4844=VECTOR('',#15730,10.);
#4845=VECTOR('',#15731,10.);
#4846=VECTOR('',#15734,10.);
#4847=VECTOR('',#15735,10.);
#4848=VECTOR('',#15736,10.);
#4849=VECTOR('',#15739,10.);
#4850=VECTOR('',#15740,10.);
#4851=VECTOR('',#15741,10.);
#4852=VECTOR('',#15744,10.);
#4853=VECTOR('',#15745,10.);
#4854=VECTOR('',#15746,10.);
#4855=VECTOR('',#15749,10.);
#4856=VECTOR('',#15750,10.);
#4857=VECTOR('',#15751,10.);
#4858=VECTOR('',#15754,10.);
#4859=VECTOR('',#15755,10.);
#4860=VECTOR('',#15756,10.);
#4861=VECTOR('',#15759,10.);
#4862=VECTOR('',#15760,10.);
#4863=VECTOR('',#15761,10.);
#4864=VECTOR('',#15764,10.);
#4865=VECTOR('',#15765,10.);
#4866=VECTOR('',#15766,10.);
#4867=VECTOR('',#15769,10.);
#4868=VECTOR('',#15770,10.);
#4869=VECTOR('',#15771,10.);
#4870=VECTOR('',#15774,10.);
#4871=VECTOR('',#15775,10.);
#4872=VECTOR('',#15776,10.);
#4873=VECTOR('',#15779,10.);
#4874=VECTOR('',#15780,10.);
#4875=VECTOR('',#15781,10.);
#4876=VECTOR('',#15784,10.);
#4877=VECTOR('',#15785,10.);
#4878=VECTOR('',#15786,10.);
#4879=VECTOR('',#15789,10.);
#4880=VECTOR('',#15790,10.);
#4881=VECTOR('',#15791,10.);
#4882=VECTOR('',#15794,10.);
#4883=VECTOR('',#15795,10.);
#4884=VECTOR('',#15796,10.);
#4885=VECTOR('',#15799,10.);
#4886=VECTOR('',#15800,10.);
#4887=VECTOR('',#15801,10.);
#4888=VECTOR('',#15804,10.);
#4889=VECTOR('',#15805,10.);
#4890=VECTOR('',#15806,10.);
#4891=VECTOR('',#15809,10.);
#4892=VECTOR('',#15810,10.);
#4893=VECTOR('',#15811,10.);
#4894=VECTOR('',#15814,10.);
#4895=VECTOR('',#15815,10.);
#4896=VECTOR('',#15816,10.);
#4897=VECTOR('',#15819,10.);
#4898=VECTOR('',#15820,10.);
#4899=VECTOR('',#15821,10.);
#4900=VECTOR('',#15824,10.);
#4901=VECTOR('',#15825,10.);
#4902=VECTOR('',#15826,10.);
#4903=VECTOR('',#15829,10.);
#4904=VECTOR('',#15830,10.);
#4905=VECTOR('',#15831,10.);
#4906=VECTOR('',#15834,10.);
#4907=VECTOR('',#15835,10.);
#4908=VECTOR('',#15836,10.);
#4909=VECTOR('',#15839,10.);
#4910=VECTOR('',#15840,10.);
#4911=VECTOR('',#15841,10.);
#4912=VECTOR('',#15844,10.);
#4913=VECTOR('',#15845,10.);
#4914=VECTOR('',#15846,10.);
#4915=VECTOR('',#15849,10.);
#4916=VECTOR('',#15850,10.);
#4917=VECTOR('',#15851,10.);
#4918=VECTOR('',#15854,10.);
#4919=VECTOR('',#15855,10.);
#4920=VECTOR('',#15856,10.);
#4921=VECTOR('',#15859,10.);
#4922=VECTOR('',#15860,10.);
#4923=VECTOR('',#15861,10.);
#4924=VECTOR('',#15864,10.);
#4925=VECTOR('',#15865,10.);
#4926=VECTOR('',#15866,10.);
#4927=VECTOR('',#15869,10.);
#4928=VECTOR('',#15870,10.);
#4929=VECTOR('',#15871,10.);
#4930=VECTOR('',#15874,10.);
#4931=VECTOR('',#15875,10.);
#4932=VECTOR('',#15876,10.);
#4933=VECTOR('',#15879,10.);
#4934=VECTOR('',#15880,10.);
#4935=VECTOR('',#15881,10.);
#4936=VECTOR('',#15884,10.);
#4937=VECTOR('',#15885,10.);
#4938=VECTOR('',#15886,10.);
#4939=VECTOR('',#15889,10.);
#4940=VECTOR('',#15890,10.);
#4941=VECTOR('',#15891,10.);
#4942=VECTOR('',#15894,10.);
#4943=VECTOR('',#15895,10.);
#4944=VECTOR('',#15896,10.);
#4945=VECTOR('',#15899,10.);
#4946=VECTOR('',#15900,10.);
#4947=VECTOR('',#15901,10.);
#4948=VECTOR('',#15904,10.);
#4949=VECTOR('',#15905,10.);
#4950=VECTOR('',#15906,10.);
#4951=VECTOR('',#15909,10.);
#4952=VECTOR('',#15910,10.);
#4953=VECTOR('',#15911,10.);
#4954=VECTOR('',#15914,10.);
#4955=VECTOR('',#15915,10.);
#4956=VECTOR('',#15916,10.);
#4957=VECTOR('',#15919,10.);
#4958=VECTOR('',#15920,10.);
#4959=VECTOR('',#15921,10.);
#4960=VECTOR('',#15924,10.);
#4961=VECTOR('',#15925,10.);
#4962=VECTOR('',#15926,10.);
#4963=VECTOR('',#15929,10.);
#4964=VECTOR('',#15930,10.);
#4965=VECTOR('',#15939,2.5);
#4966=VECTOR('',#15944,10.);
#4967=VECTOR('',#15945,10.);
#4968=VECTOR('',#15946,10.);
#4969=VECTOR('',#15947,10.);
#4970=VECTOR('',#15950,10.);
#4971=VECTOR('',#15951,10.);
#4972=VECTOR('',#15952,10.);
#4973=VECTOR('',#15955,10.);
#4974=VECTOR('',#15956,10.);
#4975=VECTOR('',#15957,10.);
#4976=VECTOR('',#15960,10.);
#4977=VECTOR('',#15961,10.);
#4978=VECTOR('',#15962,10.);
#4979=VECTOR('',#15965,10.);
#4980=VECTOR('',#15966,10.);
#4981=VECTOR('',#15967,10.);
#4982=VECTOR('',#15970,10.);
#4983=VECTOR('',#15971,10.);
#4984=VECTOR('',#15972,10.);
#4985=VECTOR('',#15975,10.);
#4986=VECTOR('',#15976,10.);
#4987=VECTOR('',#15977,10.);
#4988=VECTOR('',#15980,10.);
#4989=VECTOR('',#15981,10.);
#4990=VECTOR('',#15982,10.);
#4991=VECTOR('',#15985,10.);
#4992=VECTOR('',#15986,10.);
#4993=VECTOR('',#15987,10.);
#4994=VECTOR('',#15990,10.);
#4995=VECTOR('',#15991,10.);
#4996=VECTOR('',#15992,10.);
#4997=VECTOR('',#15995,10.);
#4998=VECTOR('',#15996,10.);
#4999=VECTOR('',#15997,10.);
#5000=VECTOR('',#16000,10.);
#5001=VECTOR('',#16001,10.);
#5002=VECTOR('',#16002,10.);
#5003=VECTOR('',#16005,10.);
#5004=VECTOR('',#16006,10.);
#5005=VECTOR('',#16007,10.);
#5006=VECTOR('',#16010,10.);
#5007=VECTOR('',#16011,10.);
#5008=VECTOR('',#16012,10.);
#5009=VECTOR('',#16015,10.);
#5010=VECTOR('',#16016,10.);
#5011=VECTOR('',#16017,10.);
#5012=VECTOR('',#16020,10.);
#5013=VECTOR('',#16021,10.);
#5014=VECTOR('',#16022,10.);
#5015=VECTOR('',#16025,10.);
#5016=VECTOR('',#16026,10.);
#5017=VECTOR('',#16027,10.);
#5018=VECTOR('',#16030,10.);
#5019=VECTOR('',#16031,10.);
#5020=VECTOR('',#16032,10.);
#5021=VECTOR('',#16035,10.);
#5022=VECTOR('',#16036,10.);
#5023=VECTOR('',#16037,10.);
#5024=VECTOR('',#16040,10.);
#5025=VECTOR('',#16041,10.);
#5026=VECTOR('',#16042,10.);
#5027=VECTOR('',#16045,10.);
#5028=VECTOR('',#16046,10.);
#5029=VECTOR('',#16047,10.);
#5030=VECTOR('',#16050,10.);
#5031=VECTOR('',#16051,10.);
#5032=VECTOR('',#16052,10.);
#5033=VECTOR('',#16055,10.);
#5034=VECTOR('',#16056,10.);
#5035=VECTOR('',#16057,10.);
#5036=VECTOR('',#16060,10.);
#5037=VECTOR('',#16061,10.);
#5038=VECTOR('',#16062,10.);
#5039=VECTOR('',#16065,10.);
#5040=VECTOR('',#16066,10.);
#5041=VECTOR('',#16067,10.);
#5042=VECTOR('',#16070,10.);
#5043=VECTOR('',#16071,10.);
#5044=VECTOR('',#16072,10.);
#5045=VECTOR('',#16075,10.);
#5046=VECTOR('',#16076,10.);
#5047=VECTOR('',#16077,10.);
#5048=VECTOR('',#16080,10.);
#5049=VECTOR('',#16081,10.);
#5050=VECTOR('',#16082,10.);
#5051=VECTOR('',#16085,10.);
#5052=VECTOR('',#16086,10.);
#5053=VECTOR('',#16087,10.);
#5054=VECTOR('',#16090,10.);
#5055=VECTOR('',#16091,10.);
#5056=VECTOR('',#16092,10.);
#5057=VECTOR('',#16095,10.);
#5058=VECTOR('',#16096,10.);
#5059=VECTOR('',#16097,10.);
#5060=VECTOR('',#16100,10.);
#5061=VECTOR('',#16101,10.);
#5062=VECTOR('',#16102,10.);
#5063=VECTOR('',#16105,10.);
#5064=VECTOR('',#16106,10.);
#5065=VECTOR('',#16107,10.);
#5066=VECTOR('',#16110,10.);
#5067=VECTOR('',#16111,10.);
#5068=VECTOR('',#16112,10.);
#5069=VECTOR('',#16115,10.);
#5070=VECTOR('',#16116,10.);
#5071=VECTOR('',#16117,10.);
#5072=VECTOR('',#16120,10.);
#5073=VECTOR('',#16121,10.);
#5074=VECTOR('',#16122,10.);
#5075=VECTOR('',#16125,10.);
#5076=VECTOR('',#16126,10.);
#5077=VECTOR('',#16127,10.);
#5078=VECTOR('',#16130,10.);
#5079=VECTOR('',#16131,10.);
#5080=VECTOR('',#16132,10.);
#5081=VECTOR('',#16135,10.);
#5082=VECTOR('',#16136,10.);
#5083=VECTOR('',#16137,10.);
#5084=VECTOR('',#16140,10.);
#5085=VECTOR('',#16141,10.);
#5086=VECTOR('',#16142,10.);
#5087=VECTOR('',#16145,10.);
#5088=VECTOR('',#16146,10.);
#5089=VECTOR('',#16147,10.);
#5090=VECTOR('',#16150,10.);
#5091=VECTOR('',#16151,10.);
#5092=VECTOR('',#16152,10.);
#5093=VECTOR('',#16155,10.);
#5094=VECTOR('',#16156,10.);
#5095=VECTOR('',#16157,10.);
#5096=VECTOR('',#16160,10.);
#5097=VECTOR('',#16161,10.);
#5098=VECTOR('',#16162,10.);
#5099=VECTOR('',#16165,10.);
#5100=VECTOR('',#16166,10.);
#5101=VECTOR('',#16167,10.);
#5102=VECTOR('',#16170,10.);
#5103=VECTOR('',#16171,10.);
#5104=VECTOR('',#16172,10.);
#5105=VECTOR('',#16175,10.);
#5106=VECTOR('',#16176,10.);
#5107=VECTOR('',#16177,10.);
#5108=VECTOR('',#16180,10.);
#5109=VECTOR('',#16181,10.);
#5110=VECTOR('',#16190,2.5);
#5111=VECTOR('',#16195,10.);
#5112=VECTOR('',#16196,10.);
#5113=VECTOR('',#16197,10.);
#5114=VECTOR('',#16198,10.);
#5115=VECTOR('',#16201,10.);
#5116=VECTOR('',#16202,10.);
#5117=VECTOR('',#16203,10.);
#5118=VECTOR('',#16206,10.);
#5119=VECTOR('',#16207,10.);
#5120=VECTOR('',#16208,10.);
#5121=VECTOR('',#16211,10.);
#5122=VECTOR('',#16212,10.);
#5123=VECTOR('',#16213,10.);
#5124=VECTOR('',#16216,10.);
#5125=VECTOR('',#16217,10.);
#5126=VECTOR('',#16218,10.);
#5127=VECTOR('',#16221,10.);
#5128=VECTOR('',#16222,10.);
#5129=VECTOR('',#16223,10.);
#5130=VECTOR('',#16226,10.);
#5131=VECTOR('',#16227,10.);
#5132=VECTOR('',#16228,10.);
#5133=VECTOR('',#16231,10.);
#5134=VECTOR('',#16232,10.);
#5135=VECTOR('',#16233,10.);
#5136=VECTOR('',#16236,10.);
#5137=VECTOR('',#16237,10.);
#5138=VECTOR('',#16238,10.);
#5139=VECTOR('',#16241,10.);
#5140=VECTOR('',#16242,10.);
#5141=VECTOR('',#16243,10.);
#5142=VECTOR('',#16246,10.);
#5143=VECTOR('',#16247,10.);
#5144=VECTOR('',#16248,10.);
#5145=VECTOR('',#16251,10.);
#5146=VECTOR('',#16252,10.);
#5147=VECTOR('',#16253,10.);
#5148=VECTOR('',#16256,10.);
#5149=VECTOR('',#16257,10.);
#5150=VECTOR('',#16258,10.);
#5151=VECTOR('',#16261,10.);
#5152=VECTOR('',#16262,10.);
#5153=VECTOR('',#16263,10.);
#5154=VECTOR('',#16266,10.);
#5155=VECTOR('',#16267,10.);
#5156=VECTOR('',#16268,10.);
#5157=VECTOR('',#16271,10.);
#5158=VECTOR('',#16272,10.);
#5159=VECTOR('',#16273,10.);
#5160=VECTOR('',#16276,10.);
#5161=VECTOR('',#16277,10.);
#5162=VECTOR('',#16278,10.);
#5163=VECTOR('',#16281,10.);
#5164=VECTOR('',#16282,10.);
#5165=VECTOR('',#16283,10.);
#5166=VECTOR('',#16286,10.);
#5167=VECTOR('',#16287,10.);
#5168=VECTOR('',#16288,10.);
#5169=VECTOR('',#16291,10.);
#5170=VECTOR('',#16292,10.);
#5171=VECTOR('',#16293,10.);
#5172=VECTOR('',#16296,10.);
#5173=VECTOR('',#16297,10.);
#5174=VECTOR('',#16298,10.);
#5175=VECTOR('',#16301,10.);
#5176=VECTOR('',#16302,10.);
#5177=VECTOR('',#16303,10.);
#5178=VECTOR('',#16306,10.);
#5179=VECTOR('',#16307,10.);
#5180=VECTOR('',#16308,10.);
#5181=VECTOR('',#16311,10.);
#5182=VECTOR('',#16312,10.);
#5183=VECTOR('',#16313,10.);
#5184=VECTOR('',#16316,10.);
#5185=VECTOR('',#16317,10.);
#5186=VECTOR('',#16318,10.);
#5187=VECTOR('',#16321,10.);
#5188=VECTOR('',#16322,10.);
#5189=VECTOR('',#16323,10.);
#5190=VECTOR('',#16326,10.);
#5191=VECTOR('',#16327,10.);
#5192=VECTOR('',#16328,10.);
#5193=VECTOR('',#16331,10.);
#5194=VECTOR('',#16332,10.);
#5195=VECTOR('',#16333,10.);
#5196=VECTOR('',#16336,10.);
#5197=VECTOR('',#16337,10.);
#5198=VECTOR('',#16338,10.);
#5199=VECTOR('',#16341,10.);
#5200=VECTOR('',#16342,10.);
#5201=VECTOR('',#16343,10.);
#5202=VECTOR('',#16346,10.);
#5203=VECTOR('',#16347,10.);
#5204=VECTOR('',#16348,10.);
#5205=VECTOR('',#16351,10.);
#5206=VECTOR('',#16352,10.);
#5207=VECTOR('',#16353,10.);
#5208=VECTOR('',#16356,10.);
#5209=VECTOR('',#16357,10.);
#5210=VECTOR('',#16358,10.);
#5211=VECTOR('',#16361,10.);
#5212=VECTOR('',#16362,10.);
#5213=VECTOR('',#16363,10.);
#5214=VECTOR('',#16366,10.);
#5215=VECTOR('',#16367,10.);
#5216=VECTOR('',#16368,10.);
#5217=VECTOR('',#16371,10.);
#5218=VECTOR('',#16372,10.);
#5219=VECTOR('',#16373,10.);
#5220=VECTOR('',#16376,10.);
#5221=VECTOR('',#16377,10.);
#5222=VECTOR('',#16378,10.);
#5223=VECTOR('',#16381,10.);
#5224=VECTOR('',#16382,10.);
#5225=VECTOR('',#16383,10.);
#5226=VECTOR('',#16386,10.);
#5227=VECTOR('',#16387,10.);
#5228=VECTOR('',#16388,10.);
#5229=VECTOR('',#16391,10.);
#5230=VECTOR('',#16392,10.);
#5231=VECTOR('',#16393,10.);
#5232=VECTOR('',#16396,10.);
#5233=VECTOR('',#16397,10.);
#5234=VECTOR('',#16398,10.);
#5235=VECTOR('',#16401,10.);
#5236=VECTOR('',#16402,10.);
#5237=VECTOR('',#16403,10.);
#5238=VECTOR('',#16406,10.);
#5239=VECTOR('',#16407,10.);
#5240=VECTOR('',#16408,10.);
#5241=VECTOR('',#16411,10.);
#5242=VECTOR('',#16412,10.);
#5243=VECTOR('',#16413,10.);
#5244=VECTOR('',#16416,10.);
#5245=VECTOR('',#16417,10.);
#5246=VECTOR('',#16418,10.);
#5247=VECTOR('',#16421,10.);
#5248=VECTOR('',#16422,10.);
#5249=VECTOR('',#16423,10.);
#5250=VECTOR('',#16426,10.);
#5251=VECTOR('',#16427,10.);
#5252=VECTOR('',#16428,10.);
#5253=VECTOR('',#16431,10.);
#5254=VECTOR('',#16432,10.);
#5255=VECTOR('',#16441,2.5);
#5256=VECTOR('',#16446,10.);
#5257=VECTOR('',#16447,10.);
#5258=VECTOR('',#16448,10.);
#5259=VECTOR('',#16449,10.);
#5260=VECTOR('',#16452,10.);
#5261=VECTOR('',#16453,10.);
#5262=VECTOR('',#16454,10.);
#5263=VECTOR('',#16457,10.);
#5264=VECTOR('',#16458,10.);
#5265=VECTOR('',#16459,10.);
#5266=VECTOR('',#16462,10.);
#5267=VECTOR('',#16463,10.);
#5268=VECTOR('',#16464,10.);
#5269=VECTOR('',#16467,10.);
#5270=VECTOR('',#16468,10.);
#5271=VECTOR('',#16469,10.);
#5272=VECTOR('',#16472,10.);
#5273=VECTOR('',#16473,10.);
#5274=VECTOR('',#16474,10.);
#5275=VECTOR('',#16477,10.);
#5276=VECTOR('',#16478,10.);
#5277=VECTOR('',#16479,10.);
#5278=VECTOR('',#16482,10.);
#5279=VECTOR('',#16483,10.);
#5280=VECTOR('',#16484,10.);
#5281=VECTOR('',#16487,10.);
#5282=VECTOR('',#16488,10.);
#5283=VECTOR('',#16489,10.);
#5284=VECTOR('',#16492,10.);
#5285=VECTOR('',#16493,10.);
#5286=VECTOR('',#16494,10.);
#5287=VECTOR('',#16497,10.);
#5288=VECTOR('',#16498,10.);
#5289=VECTOR('',#16499,10.);
#5290=VECTOR('',#16502,10.);
#5291=VECTOR('',#16503,10.);
#5292=VECTOR('',#16504,10.);
#5293=VECTOR('',#16507,10.);
#5294=VECTOR('',#16508,10.);
#5295=VECTOR('',#16509,10.);
#5296=VECTOR('',#16512,10.);
#5297=VECTOR('',#16513,10.);
#5298=VECTOR('',#16514,10.);
#5299=VECTOR('',#16517,10.);
#5300=VECTOR('',#16518,10.);
#5301=VECTOR('',#16519,10.);
#5302=VECTOR('',#16522,10.);
#5303=VECTOR('',#16523,10.);
#5304=VECTOR('',#16524,10.);
#5305=VECTOR('',#16527,10.);
#5306=VECTOR('',#16528,10.);
#5307=VECTOR('',#16529,10.);
#5308=VECTOR('',#16532,10.);
#5309=VECTOR('',#16533,10.);
#5310=VECTOR('',#16534,10.);
#5311=VECTOR('',#16537,10.);
#5312=VECTOR('',#16538,10.);
#5313=VECTOR('',#16539,10.);
#5314=VECTOR('',#16542,10.);
#5315=VECTOR('',#16543,10.);
#5316=VECTOR('',#16544,10.);
#5317=VECTOR('',#16547,10.);
#5318=VECTOR('',#16548,10.);
#5319=VECTOR('',#16549,10.);
#5320=VECTOR('',#16552,10.);
#5321=VECTOR('',#16553,10.);
#5322=VECTOR('',#16554,10.);
#5323=VECTOR('',#16557,10.);
#5324=VECTOR('',#16558,10.);
#5325=VECTOR('',#16559,10.);
#5326=VECTOR('',#16562,10.);
#5327=VECTOR('',#16563,10.);
#5328=VECTOR('',#16564,10.);
#5329=VECTOR('',#16567,10.);
#5330=VECTOR('',#16568,10.);
#5331=VECTOR('',#16569,10.);
#5332=VECTOR('',#16572,10.);
#5333=VECTOR('',#16573,10.);
#5334=VECTOR('',#16574,10.);
#5335=VECTOR('',#16577,10.);
#5336=VECTOR('',#16578,10.);
#5337=VECTOR('',#16579,10.);
#5338=VECTOR('',#16582,10.);
#5339=VECTOR('',#16583,10.);
#5340=VECTOR('',#16584,10.);
#5341=VECTOR('',#16587,10.);
#5342=VECTOR('',#16588,10.);
#5343=VECTOR('',#16589,10.);
#5344=VECTOR('',#16592,10.);
#5345=VECTOR('',#16593,10.);
#5346=VECTOR('',#16594,10.);
#5347=VECTOR('',#16597,10.);
#5348=VECTOR('',#16598,10.);
#5349=VECTOR('',#16599,10.);
#5350=VECTOR('',#16602,10.);
#5351=VECTOR('',#16603,10.);
#5352=VECTOR('',#16604,10.);
#5353=VECTOR('',#16607,10.);
#5354=VECTOR('',#16608,10.);
#5355=VECTOR('',#16609,10.);
#5356=VECTOR('',#16612,10.);
#5357=VECTOR('',#16613,10.);
#5358=VECTOR('',#16614,10.);
#5359=VECTOR('',#16617,10.);
#5360=VECTOR('',#16618,10.);
#5361=VECTOR('',#16619,10.);
#5362=VECTOR('',#16622,10.);
#5363=VECTOR('',#16623,10.);
#5364=VECTOR('',#16624,10.);
#5365=VECTOR('',#16627,10.);
#5366=VECTOR('',#16628,10.);
#5367=VECTOR('',#16629,10.);
#5368=VECTOR('',#16632,10.);
#5369=VECTOR('',#16633,10.);
#5370=VECTOR('',#16634,10.);
#5371=VECTOR('',#16637,10.);
#5372=VECTOR('',#16638,10.);
#5373=VECTOR('',#16639,10.);
#5374=VECTOR('',#16642,10.);
#5375=VECTOR('',#16643,10.);
#5376=VECTOR('',#16644,10.);
#5377=VECTOR('',#16647,10.);
#5378=VECTOR('',#16648,10.);
#5379=VECTOR('',#16649,10.);
#5380=VECTOR('',#16652,10.);
#5381=VECTOR('',#16653,10.);
#5382=VECTOR('',#16654,10.);
#5383=VECTOR('',#16657,10.);
#5384=VECTOR('',#16658,10.);
#5385=VECTOR('',#16659,10.);
#5386=VECTOR('',#16662,10.);
#5387=VECTOR('',#16663,10.);
#5388=VECTOR('',#16664,10.);
#5389=VECTOR('',#16667,10.);
#5390=VECTOR('',#16668,10.);
#5391=VECTOR('',#16669,10.);
#5392=VECTOR('',#16672,10.);
#5393=VECTOR('',#16673,10.);
#5394=VECTOR('',#16674,10.);
#5395=VECTOR('',#16677,10.);
#5396=VECTOR('',#16678,10.);
#5397=VECTOR('',#16679,10.);
#5398=VECTOR('',#16682,10.);
#5399=VECTOR('',#16683,10.);
#5400=VECTOR('',#16692,2.5);
#5401=VECTOR('',#16697,10.);
#5402=VECTOR('',#16698,10.);
#5403=VECTOR('',#16699,10.);
#5404=VECTOR('',#16700,10.);
#5405=VECTOR('',#16703,10.);
#5406=VECTOR('',#16704,10.);
#5407=VECTOR('',#16705,10.);
#5408=VECTOR('',#16708,10.);
#5409=VECTOR('',#16709,10.);
#5410=VECTOR('',#16710,10.);
#5411=VECTOR('',#16713,10.);
#5412=VECTOR('',#16714,10.);
#5413=VECTOR('',#16715,10.);
#5414=VECTOR('',#16718,10.);
#5415=VECTOR('',#16719,10.);
#5416=VECTOR('',#16720,10.);
#5417=VECTOR('',#16723,10.);
#5418=VECTOR('',#16724,10.);
#5419=VECTOR('',#16725,10.);
#5420=VECTOR('',#16728,10.);
#5421=VECTOR('',#16729,10.);
#5422=VECTOR('',#16730,10.);
#5423=VECTOR('',#16733,10.);
#5424=VECTOR('',#16734,10.);
#5425=VECTOR('',#16735,10.);
#5426=VECTOR('',#16738,10.);
#5427=VECTOR('',#16739,10.);
#5428=VECTOR('',#16740,10.);
#5429=VECTOR('',#16743,10.);
#5430=VECTOR('',#16744,10.);
#5431=VECTOR('',#16745,10.);
#5432=VECTOR('',#16748,10.);
#5433=VECTOR('',#16749,10.);
#5434=VECTOR('',#16750,10.);
#5435=VECTOR('',#16753,10.);
#5436=VECTOR('',#16754,10.);
#5437=VECTOR('',#16755,10.);
#5438=VECTOR('',#16758,10.);
#5439=VECTOR('',#16759,10.);
#5440=VECTOR('',#16760,10.);
#5441=VECTOR('',#16763,10.);
#5442=VECTOR('',#16764,10.);
#5443=VECTOR('',#16765,10.);
#5444=VECTOR('',#16768,10.);
#5445=VECTOR('',#16769,10.);
#5446=VECTOR('',#16770,10.);
#5447=VECTOR('',#16773,10.);
#5448=VECTOR('',#16774,10.);
#5449=VECTOR('',#16775,10.);
#5450=VECTOR('',#16778,10.);
#5451=VECTOR('',#16779,10.);
#5452=VECTOR('',#16780,10.);
#5453=VECTOR('',#16783,10.);
#5454=VECTOR('',#16784,10.);
#5455=VECTOR('',#16785,10.);
#5456=VECTOR('',#16788,10.);
#5457=VECTOR('',#16789,10.);
#5458=VECTOR('',#16790,10.);
#5459=VECTOR('',#16793,10.);
#5460=VECTOR('',#16794,10.);
#5461=VECTOR('',#16795,10.);
#5462=VECTOR('',#16798,10.);
#5463=VECTOR('',#16799,10.);
#5464=VECTOR('',#16800,10.);
#5465=VECTOR('',#16803,10.);
#5466=VECTOR('',#16804,10.);
#5467=VECTOR('',#16805,10.);
#5468=VECTOR('',#16808,10.);
#5469=VECTOR('',#16809,10.);
#5470=VECTOR('',#16810,10.);
#5471=VECTOR('',#16813,10.);
#5472=VECTOR('',#16814,10.);
#5473=VECTOR('',#16815,10.);
#5474=VECTOR('',#16818,10.);
#5475=VECTOR('',#16819,10.);
#5476=VECTOR('',#16820,10.);
#5477=VECTOR('',#16823,10.);
#5478=VECTOR('',#16824,10.);
#5479=VECTOR('',#16825,10.);
#5480=VECTOR('',#16828,10.);
#5481=VECTOR('',#16829,10.);
#5482=VECTOR('',#16830,10.);
#5483=VECTOR('',#16833,10.);
#5484=VECTOR('',#16834,10.);
#5485=VECTOR('',#16835,10.);
#5486=VECTOR('',#16838,10.);
#5487=VECTOR('',#16839,10.);
#5488=VECTOR('',#16840,10.);
#5489=VECTOR('',#16843,10.);
#5490=VECTOR('',#16844,10.);
#5491=VECTOR('',#16845,10.);
#5492=VECTOR('',#16848,10.);
#5493=VECTOR('',#16849,10.);
#5494=VECTOR('',#16850,10.);
#5495=VECTOR('',#16853,10.);
#5496=VECTOR('',#16854,10.);
#5497=VECTOR('',#16855,10.);
#5498=VECTOR('',#16858,10.);
#5499=VECTOR('',#16859,10.);
#5500=VECTOR('',#16860,10.);
#5501=VECTOR('',#16863,10.);
#5502=VECTOR('',#16864,10.);
#5503=VECTOR('',#16865,10.);
#5504=VECTOR('',#16868,10.);
#5505=VECTOR('',#16869,10.);
#5506=VECTOR('',#16870,10.);
#5507=VECTOR('',#16873,10.);
#5508=VECTOR('',#16874,10.);
#5509=VECTOR('',#16875,10.);
#5510=VECTOR('',#16878,10.);
#5511=VECTOR('',#16879,10.);
#5512=VECTOR('',#16880,10.);
#5513=VECTOR('',#16883,10.);
#5514=VECTOR('',#16884,10.);
#5515=VECTOR('',#16885,10.);
#5516=VECTOR('',#16888,10.);
#5517=VECTOR('',#16889,10.);
#5518=VECTOR('',#16890,10.);
#5519=VECTOR('',#16893,10.);
#5520=VECTOR('',#16894,10.);
#5521=VECTOR('',#16895,10.);
#5522=VECTOR('',#16898,10.);
#5523=VECTOR('',#16899,10.);
#5524=VECTOR('',#16900,10.);
#5525=VECTOR('',#16903,10.);
#5526=VECTOR('',#16904,10.);
#5527=VECTOR('',#16905,10.);
#5528=VECTOR('',#16908,10.);
#5529=VECTOR('',#16909,10.);
#5530=VECTOR('',#16910,10.);
#5531=VECTOR('',#16913,10.);
#5532=VECTOR('',#16914,10.);
#5533=VECTOR('',#16915,10.);
#5534=VECTOR('',#16918,10.);
#5535=VECTOR('',#16919,10.);
#5536=VECTOR('',#16920,10.);
#5537=VECTOR('',#16923,10.);
#5538=VECTOR('',#16924,10.);
#5539=VECTOR('',#16925,10.);
#5540=VECTOR('',#16928,10.);
#5541=VECTOR('',#16929,10.);
#5542=VECTOR('',#16930,10.);
#5543=VECTOR('',#16933,10.);
#5544=VECTOR('',#16934,10.);
#5545=VECTOR('',#16943,2.5);
#5546=VECTOR('',#16948,10.);
#5547=VECTOR('',#16949,10.);
#5548=VECTOR('',#16950,10.);
#5549=VECTOR('',#16951,10.);
#5550=VECTOR('',#16954,10.);
#5551=VECTOR('',#16955,10.);
#5552=VECTOR('',#16956,10.);
#5553=VECTOR('',#16959,10.);
#5554=VECTOR('',#16960,10.);
#5555=VECTOR('',#16961,10.);
#5556=VECTOR('',#16964,10.);
#5557=VECTOR('',#16965,10.);
#5558=VECTOR('',#16966,10.);
#5559=VECTOR('',#16969,10.);
#5560=VECTOR('',#16970,10.);
#5561=VECTOR('',#16971,10.);
#5562=VECTOR('',#16974,10.);
#5563=VECTOR('',#16975,10.);
#5564=VECTOR('',#16976,10.);
#5565=VECTOR('',#16979,10.);
#5566=VECTOR('',#16980,10.);
#5567=VECTOR('',#16981,10.);
#5568=VECTOR('',#16984,10.);
#5569=VECTOR('',#16985,10.);
#5570=VECTOR('',#16986,10.);
#5571=VECTOR('',#16989,10.);
#5572=VECTOR('',#16990,10.);
#5573=VECTOR('',#16991,10.);
#5574=VECTOR('',#16994,10.);
#5575=VECTOR('',#16995,10.);
#5576=VECTOR('',#16996,10.);
#5577=VECTOR('',#16999,10.);
#5578=VECTOR('',#17000,10.);
#5579=VECTOR('',#17001,10.);
#5580=VECTOR('',#17004,10.);
#5581=VECTOR('',#17005,10.);
#5582=VECTOR('',#17006,10.);
#5583=VECTOR('',#17009,10.);
#5584=VECTOR('',#17010,10.);
#5585=VECTOR('',#17011,10.);
#5586=VECTOR('',#17014,10.);
#5587=VECTOR('',#17015,10.);
#5588=VECTOR('',#17016,10.);
#5589=VECTOR('',#17019,10.);
#5590=VECTOR('',#17020,10.);
#5591=VECTOR('',#17021,10.);
#5592=VECTOR('',#17024,10.);
#5593=VECTOR('',#17025,10.);
#5594=VECTOR('',#17026,10.);
#5595=VECTOR('',#17029,10.);
#5596=VECTOR('',#17030,10.);
#5597=VECTOR('',#17031,10.);
#5598=VECTOR('',#17034,10.);
#5599=VECTOR('',#17035,10.);
#5600=VECTOR('',#17036,10.);
#5601=VECTOR('',#17039,10.);
#5602=VECTOR('',#17040,10.);
#5603=VECTOR('',#17041,10.);
#5604=VECTOR('',#17044,10.);
#5605=VECTOR('',#17045,10.);
#5606=VECTOR('',#17046,10.);
#5607=VECTOR('',#17049,10.);
#5608=VECTOR('',#17050,10.);
#5609=VECTOR('',#17051,10.);
#5610=VECTOR('',#17054,10.);
#5611=VECTOR('',#17055,10.);
#5612=VECTOR('',#17056,10.);
#5613=VECTOR('',#17059,10.);
#5614=VECTOR('',#17060,10.);
#5615=VECTOR('',#17061,10.);
#5616=VECTOR('',#17064,10.);
#5617=VECTOR('',#17065,10.);
#5618=VECTOR('',#17066,10.);
#5619=VECTOR('',#17069,10.);
#5620=VECTOR('',#17070,10.);
#5621=VECTOR('',#17071,10.);
#5622=VECTOR('',#17074,10.);
#5623=VECTOR('',#17075,10.);
#5624=VECTOR('',#17076,10.);
#5625=VECTOR('',#17079,10.);
#5626=VECTOR('',#17080,10.);
#5627=VECTOR('',#17081,10.);
#5628=VECTOR('',#17084,10.);
#5629=VECTOR('',#17085,10.);
#5630=VECTOR('',#17086,10.);
#5631=VECTOR('',#17089,10.);
#5632=VECTOR('',#17090,10.);
#5633=VECTOR('',#17091,10.);
#5634=VECTOR('',#17094,10.);
#5635=VECTOR('',#17095,10.);
#5636=VECTOR('',#17096,10.);
#5637=VECTOR('',#17099,10.);
#5638=VECTOR('',#17100,10.);
#5639=VECTOR('',#17101,10.);
#5640=VECTOR('',#17104,10.);
#5641=VECTOR('',#17105,10.);
#5642=VECTOR('',#17106,10.);
#5643=VECTOR('',#17109,10.);
#5644=VECTOR('',#17110,10.);
#5645=VECTOR('',#17111,10.);
#5646=VECTOR('',#17114,10.);
#5647=VECTOR('',#17115,10.);
#5648=VECTOR('',#17116,10.);
#5649=VECTOR('',#17119,10.);
#5650=VECTOR('',#17120,10.);
#5651=VECTOR('',#17121,10.);
#5652=VECTOR('',#17124,10.);
#5653=VECTOR('',#17125,10.);
#5654=VECTOR('',#17126,10.);
#5655=VECTOR('',#17129,10.);
#5656=VECTOR('',#17130,10.);
#5657=VECTOR('',#17131,10.);
#5658=VECTOR('',#17134,10.);
#5659=VECTOR('',#17135,10.);
#5660=VECTOR('',#17136,10.);
#5661=VECTOR('',#17139,10.);
#5662=VECTOR('',#17140,10.);
#5663=VECTOR('',#17141,10.);
#5664=VECTOR('',#17144,10.);
#5665=VECTOR('',#17145,10.);
#5666=VECTOR('',#17146,10.);
#5667=VECTOR('',#17149,10.);
#5668=VECTOR('',#17150,10.);
#5669=VECTOR('',#17151,10.);
#5670=VECTOR('',#17154,10.);
#5671=VECTOR('',#17155,10.);
#5672=VECTOR('',#17156,10.);
#5673=VECTOR('',#17159,10.);
#5674=VECTOR('',#17160,10.);
#5675=VECTOR('',#17161,10.);
#5676=VECTOR('',#17164,10.);
#5677=VECTOR('',#17165,10.);
#5678=VECTOR('',#17166,10.);
#5679=VECTOR('',#17169,10.);
#5680=VECTOR('',#17170,10.);
#5681=VECTOR('',#17171,10.);
#5682=VECTOR('',#17174,10.);
#5683=VECTOR('',#17175,10.);
#5684=VECTOR('',#17176,10.);
#5685=VECTOR('',#17179,10.);
#5686=VECTOR('',#17180,10.);
#5687=VECTOR('',#17181,10.);
#5688=VECTOR('',#17184,10.);
#5689=VECTOR('',#17185,10.);
#5690=VECTOR('',#17192,10.);
#5691=VECTOR('',#17193,10.);
#5692=VECTOR('',#17194,10.);
#5693=VECTOR('',#17195,10.);
#5694=VECTOR('',#17198,10.);
#5695=VECTOR('',#17199,10.);
#5696=VECTOR('',#17200,10.);
#5697=VECTOR('',#17203,10.);
#5698=VECTOR('',#17204,10.);
#5699=VECTOR('',#17205,10.);
#5700=VECTOR('',#17208,10.);
#5701=VECTOR('',#17209,10.);
#5702=VECTOR('',#17216,10.);
#5703=VECTOR('',#17217,10.);
#5704=VECTOR('',#17218,10.);
#5705=VECTOR('',#17219,10.);
#5706=VECTOR('',#17222,10.);
#5707=VECTOR('',#17223,10.);
#5708=VECTOR('',#17224,10.);
#5709=VECTOR('',#17227,10.);
#5710=VECTOR('',#17228,10.);
#5711=VECTOR('',#17229,10.);
#5712=VECTOR('',#17232,10.);
#5713=VECTOR('',#17233,10.);
#5714=VECTOR('',#17242,12.);
#5715=VECTOR('',#17253,3.5);
#5716=VECTOR('',#17258,12.);
#5717=VECTOR('',#17267,12.);
#5718=VECTOR('',#17278,3.5);
#5719=VECTOR('',#17283,12.);
#5720=VECTOR('',#17292,12.);
#5721=VECTOR('',#17303,3.5);
#5722=VECTOR('',#17308,12.);
#5723=VECTOR('',#17315,10.);
#5724=VECTOR('',#17316,10.);
#5725=VECTOR('',#17317,10.);
#5726=VECTOR('',#17318,10.);
#5727=VECTOR('',#17321,10.);
#5728=VECTOR('',#17322,10.);
#5729=VECTOR('',#17323,10.);
#5730=VECTOR('',#17326,10.);
#5731=VECTOR('',#17327,10.);
#5732=VECTOR('',#17328,10.);
#5733=VECTOR('',#17331,10.);
#5734=VECTOR('',#17332,10.);
#5735=VECTOR('',#17339,10.);
#5736=VECTOR('',#17340,10.);
#5737=VECTOR('',#17341,10.);
#5738=VECTOR('',#17342,10.);
#5739=VECTOR('',#17345,10.);
#5740=VECTOR('',#17346,10.);
#5741=VECTOR('',#17347,10.);
#5742=VECTOR('',#17350,10.);
#5743=VECTOR('',#17351,10.);
#5744=VECTOR('',#17352,10.);
#5745=VECTOR('',#17355,10.);
#5746=VECTOR('',#17356,10.);
#5747=VECTOR('',#17363,10.);
#5748=VECTOR('',#17364,10.);
#5749=VECTOR('',#17365,10.);
#5750=VECTOR('',#17366,10.);
#5751=VECTOR('',#17369,10.);
#5752=VECTOR('',#17370,10.);
#5753=VECTOR('',#17371,10.);
#5754=VECTOR('',#17374,10.);
#5755=VECTOR('',#17375,10.);
#5756=VECTOR('',#17376,10.);
#5757=VECTOR('',#17379,10.);
#5758=VECTOR('',#17380,10.);
#5759=VECTOR('',#17387,10.);
#5760=VECTOR('',#17390,10.);
#5761=VECTOR('',#17395,10.);
#5762=VECTOR('',#17398,10.);
#5763=VECTOR('',#17403,10.);
#5764=VECTOR('',#17404,10.);
#5765=VECTOR('',#17407,10.);
#5766=VECTOR('',#17408,10.);
#5767=VECTOR('',#17411,10.);
#5768=VECTOR('',#17412,10.);
#5769=VECTOR('',#17413,10.);
#5770=VECTOR('',#17414,10.);
#5771=VECTOR('',#17415,10.);
#5772=VECTOR('',#17416,10.);
#5773=VECTOR('',#17417,10.);
#5774=VECTOR('',#17420,10.);
#5775=VECTOR('',#17421,10.);
#5776=VECTOR('',#17426,10.);
#5777=VECTOR('',#17427,10.);
#5778=VECTOR('',#17428,10.);
#5779=VECTOR('',#17429,10.);
#5780=VECTOR('',#17430,10.);
#5781=VECTOR('',#17431,10.);
#5782=VECTOR('',#17434,10.);
#5783=VECTOR('',#17437,10.);
#5784=VECTOR('',#17440,10.);
#5785=VECTOR('',#17443,10.);
#5786=VECTOR('',#17446,10.);
#5787=CIRCLE('',#13460,2.5);
#5788=CIRCLE('',#13461,2.5);
#5789=CIRCLE('',#13513,2.5);
#5790=CIRCLE('',#13514,2.5);
#5791=CIRCLE('',#13566,2.5);
#5792=CIRCLE('',#13567,2.5);
#5793=CIRCLE('',#13619,2.5);
#5794=CIRCLE('',#13620,2.5);
#5795=CIRCLE('',#13672,2.5);
#5796=CIRCLE('',#13673,2.5);
#5797=CIRCLE('',#13725,2.5);
#5798=CIRCLE('',#13726,2.5);
#5799=CIRCLE('',#13778,2.5);
#5800=CIRCLE('',#13779,2.5);
#5801=CIRCLE('',#13831,2.5);
#5802=CIRCLE('',#13832,2.5);
#5803=CIRCLE('',#13884,2.5);
#5804=CIRCLE('',#13885,2.5);
#5805=CIRCLE('',#13937,2.5);
#5806=CIRCLE('',#13938,2.5);
#5807=CIRCLE('',#13990,2.5);
#5808=CIRCLE('',#13991,2.5);
#5809=CIRCLE('',#14043,2.5);
#5810=CIRCLE('',#14044,2.5);
#5811=CIRCLE('',#14108,12.);
#5812=CIRCLE('',#14109,12.);
#5813=CIRCLE('',#14111,3.5);
#5814=CIRCLE('',#14113,3.5);
#5815=CIRCLE('',#14115,12.);
#5816=CIRCLE('',#14116,12.);
#5817=CIRCLE('',#14119,12.);
#5818=CIRCLE('',#14120,12.);
#5819=CIRCLE('',#14122,3.5);
#5820=CIRCLE('',#14124,3.5);
#5821=CIRCLE('',#14126,12.);
#5822=CIRCLE('',#14127,12.);
#5823=CIRCLE('',#14130,12.);
#5824=CIRCLE('',#14131,12.);
#5825=CIRCLE('',#14133,3.5);
#5826=CIRCLE('',#14135,3.5);
#5827=CIRCLE('',#14137,12.);
#5828=CIRCLE('',#14138,12.);
#5829=VERTEX_POINT('',#17451);
#5830=VERTEX_POINT('',#17453);
#5831=VERTEX_POINT('',#17457);
#5832=VERTEX_POINT('',#17458);
#5833=VERTEX_POINT('',#17460);
#5834=VERTEX_POINT('',#17462);
#5835=VERTEX_POINT('',#17466);
#5836=VERTEX_POINT('',#17468);
#5837=VERTEX_POINT('',#17472);
#5838=VERTEX_POINT('',#17474);
#5839=VERTEX_POINT('',#17478);
#5840=VERTEX_POINT('',#17480);
#5841=VERTEX_POINT('',#17484);
#5842=VERTEX_POINT('',#17486);
#5843=VERTEX_POINT('',#17490);
#5844=VERTEX_POINT('',#17492);
#5845=VERTEX_POINT('',#17496);
#5846=VERTEX_POINT('',#17498);
#5847=VERTEX_POINT('',#17502);
#5848=VERTEX_POINT('',#17504);
#5849=VERTEX_POINT('',#17508);
#5850=VERTEX_POINT('',#17510);
#5851=VERTEX_POINT('',#17514);
#5852=VERTEX_POINT('',#17516);
#5853=VERTEX_POINT('',#17520);
#5854=VERTEX_POINT('',#17522);
#5855=VERTEX_POINT('',#17526);
#5856=VERTEX_POINT('',#17528);
#5857=VERTEX_POINT('',#17532);
#5858=VERTEX_POINT('',#17534);
#5859=VERTEX_POINT('',#17538);
#5860=VERTEX_POINT('',#17540);
#5861=VERTEX_POINT('',#17544);
#5862=VERTEX_POINT('',#17546);
#5863=VERTEX_POINT('',#17550);
#5864=VERTEX_POINT('',#17552);
#5865=VERTEX_POINT('',#17556);
#5866=VERTEX_POINT('',#17558);
#5867=VERTEX_POINT('',#17562);
#5868=VERTEX_POINT('',#17564);
#5869=VERTEX_POINT('',#17568);
#5870=VERTEX_POINT('',#17570);
#5871=VERTEX_POINT('',#17574);
#5872=VERTEX_POINT('',#17576);
#5873=VERTEX_POINT('',#17580);
#5874=VERTEX_POINT('',#17582);
#5875=VERTEX_POINT('',#17586);
#5876=VERTEX_POINT('',#17588);
#5877=VERTEX_POINT('',#17592);
#5878=VERTEX_POINT('',#17594);
#5879=VERTEX_POINT('',#17598);
#5880=VERTEX_POINT('',#17600);
#5881=VERTEX_POINT('',#17604);
#5882=VERTEX_POINT('',#17606);
#5883=VERTEX_POINT('',#17610);
#5884=VERTEX_POINT('',#17612);
#5885=VERTEX_POINT('',#17616);
#5886=VERTEX_POINT('',#17618);
#5887=VERTEX_POINT('',#17622);
#5888=VERTEX_POINT('',#17624);
#5889=VERTEX_POINT('',#17628);
#5890=VERTEX_POINT('',#17630);
#5891=VERTEX_POINT('',#17634);
#5892=VERTEX_POINT('',#17636);
#5893=VERTEX_POINT('',#17640);
#5894=VERTEX_POINT('',#17642);
#5895=VERTEX_POINT('',#17646);
#5896=VERTEX_POINT('',#17648);
#5897=VERTEX_POINT('',#17652);
#5898=VERTEX_POINT('',#17654);
#5899=VERTEX_POINT('',#17658);
#5900=VERTEX_POINT('',#17660);
#5901=VERTEX_POINT('',#17664);
#5902=VERTEX_POINT('',#17666);
#5903=VERTEX_POINT('',#17670);
#5904=VERTEX_POINT('',#17672);
#5905=VERTEX_POINT('',#17676);
#5906=VERTEX_POINT('',#17678);
#5907=VERTEX_POINT('',#17682);
#5908=VERTEX_POINT('',#17684);
#5909=VERTEX_POINT('',#17688);
#5910=VERTEX_POINT('',#17690);
#5911=VERTEX_POINT('',#17694);
#5912=VERTEX_POINT('',#17696);
#5913=VERTEX_POINT('',#17700);
#5914=VERTEX_POINT('',#17702);
#5915=VERTEX_POINT('',#17706);
#5916=VERTEX_POINT('',#17708);
#5917=VERTEX_POINT('',#17712);
#5918=VERTEX_POINT('',#17714);
#5919=VERTEX_POINT('',#17718);
#5920=VERTEX_POINT('',#17720);
#5921=VERTEX_POINT('',#17724);
#5922=VERTEX_POINT('',#17726);
#5923=VERTEX_POINT('',#17730);
#5924=VERTEX_POINT('',#17732);
#5925=VERTEX_POINT('',#17736);
#5926=VERTEX_POINT('',#17738);
#5927=VERTEX_POINT('',#17747);
#5928=VERTEX_POINT('',#17749);
#5929=VERTEX_POINT('',#17753);
#5930=VERTEX_POINT('',#17754);
#5931=VERTEX_POINT('',#17756);
#5932=VERTEX_POINT('',#17758);
#5933=VERTEX_POINT('',#17762);
#5934=VERTEX_POINT('',#17764);
#5935=VERTEX_POINT('',#17768);
#5936=VERTEX_POINT('',#17770);
#5937=VERTEX_POINT('',#17774);
#5938=VERTEX_POINT('',#17776);
#5939=VERTEX_POINT('',#17780);
#5940=VERTEX_POINT('',#17782);
#5941=VERTEX_POINT('',#17786);
#5942=VERTEX_POINT('',#17788);
#5943=VERTEX_POINT('',#17792);
#5944=VERTEX_POINT('',#17794);
#5945=VERTEX_POINT('',#17798);
#5946=VERTEX_POINT('',#17800);
#5947=VERTEX_POINT('',#17804);
#5948=VERTEX_POINT('',#17806);
#5949=VERTEX_POINT('',#17810);
#5950=VERTEX_POINT('',#17812);
#5951=VERTEX_POINT('',#17816);
#5952=VERTEX_POINT('',#17818);
#5953=VERTEX_POINT('',#17822);
#5954=VERTEX_POINT('',#17824);
#5955=VERTEX_POINT('',#17828);
#5956=VERTEX_POINT('',#17830);
#5957=VERTEX_POINT('',#17834);
#5958=VERTEX_POINT('',#17836);
#5959=VERTEX_POINT('',#17840);
#5960=VERTEX_POINT('',#17842);
#5961=VERTEX_POINT('',#17846);
#5962=VERTEX_POINT('',#17848);
#5963=VERTEX_POINT('',#17852);
#5964=VERTEX_POINT('',#17854);
#5965=VERTEX_POINT('',#17858);
#5966=VERTEX_POINT('',#17860);
#5967=VERTEX_POINT('',#17864);
#5968=VERTEX_POINT('',#17866);
#5969=VERTEX_POINT('',#17870);
#5970=VERTEX_POINT('',#17872);
#5971=VERTEX_POINT('',#17876);
#5972=VERTEX_POINT('',#17878);
#5973=VERTEX_POINT('',#17882);
#5974=VERTEX_POINT('',#17884);
#5975=VERTEX_POINT('',#17888);
#5976=VERTEX_POINT('',#17890);
#5977=VERTEX_POINT('',#17894);
#5978=VERTEX_POINT('',#17896);
#5979=VERTEX_POINT('',#17900);
#5980=VERTEX_POINT('',#17902);
#5981=VERTEX_POINT('',#17906);
#5982=VERTEX_POINT('',#17908);
#5983=VERTEX_POINT('',#17912);
#5984=VERTEX_POINT('',#17914);
#5985=VERTEX_POINT('',#17918);
#5986=VERTEX_POINT('',#17920);
#5987=VERTEX_POINT('',#17924);
#5988=VERTEX_POINT('',#17926);
#5989=VERTEX_POINT('',#17930);
#5990=VERTEX_POINT('',#17932);
#5991=VERTEX_POINT('',#17936);
#5992=VERTEX_POINT('',#17938);
#5993=VERTEX_POINT('',#17942);
#5994=VERTEX_POINT('',#17944);
#5995=VERTEX_POINT('',#17948);
#5996=VERTEX_POINT('',#17950);
#5997=VERTEX_POINT('',#17954);
#5998=VERTEX_POINT('',#17956);
#5999=VERTEX_POINT('',#17960);
#6000=VERTEX_POINT('',#17962);
#6001=VERTEX_POINT('',#17966);
#6002=VERTEX_POINT('',#17968);
#6003=VERTEX_POINT('',#17972);
#6004=VERTEX_POINT('',#17974);
#6005=VERTEX_POINT('',#17978);
#6006=VERTEX_POINT('',#17980);
#6007=VERTEX_POINT('',#17984);
#6008=VERTEX_POINT('',#17986);
#6009=VERTEX_POINT('',#17990);
#6010=VERTEX_POINT('',#17992);
#6011=VERTEX_POINT('',#17996);
#6012=VERTEX_POINT('',#17998);
#6013=VERTEX_POINT('',#18002);
#6014=VERTEX_POINT('',#18004);
#6015=VERTEX_POINT('',#18008);
#6016=VERTEX_POINT('',#18010);
#6017=VERTEX_POINT('',#18014);
#6018=VERTEX_POINT('',#18016);
#6019=VERTEX_POINT('',#18020);
#6020=VERTEX_POINT('',#18022);
#6021=VERTEX_POINT('',#18026);
#6022=VERTEX_POINT('',#18028);
#6023=VERTEX_POINT('',#18032);
#6024=VERTEX_POINT('',#18034);
#6025=VERTEX_POINT('',#18043);
#6026=VERTEX_POINT('',#18045);
#6027=VERTEX_POINT('',#18049);
#6028=VERTEX_POINT('',#18050);
#6029=VERTEX_POINT('',#18052);
#6030=VERTEX_POINT('',#18054);
#6031=VERTEX_POINT('',#18058);
#6032=VERTEX_POINT('',#18060);
#6033=VERTEX_POINT('',#18064);
#6034=VERTEX_POINT('',#18066);
#6035=VERTEX_POINT('',#18070);
#6036=VERTEX_POINT('',#18072);
#6037=VERTEX_POINT('',#18076);
#6038=VERTEX_POINT('',#18078);
#6039=VERTEX_POINT('',#18082);
#6040=VERTEX_POINT('',#18084);
#6041=VERTEX_POINT('',#18088);
#6042=VERTEX_POINT('',#18090);
#6043=VERTEX_POINT('',#18094);
#6044=VERTEX_POINT('',#18096);
#6045=VERTEX_POINT('',#18100);
#6046=VERTEX_POINT('',#18102);
#6047=VERTEX_POINT('',#18106);
#6048=VERTEX_POINT('',#18108);
#6049=VERTEX_POINT('',#18112);
#6050=VERTEX_POINT('',#18114);
#6051=VERTEX_POINT('',#18118);
#6052=VERTEX_POINT('',#18120);
#6053=VERTEX_POINT('',#18124);
#6054=VERTEX_POINT('',#18126);
#6055=VERTEX_POINT('',#18130);
#6056=VERTEX_POINT('',#18132);
#6057=VERTEX_POINT('',#18136);
#6058=VERTEX_POINT('',#18138);
#6059=VERTEX_POINT('',#18142);
#6060=VERTEX_POINT('',#18144);
#6061=VERTEX_POINT('',#18148);
#6062=VERTEX_POINT('',#18150);
#6063=VERTEX_POINT('',#18154);
#6064=VERTEX_POINT('',#18156);
#6065=VERTEX_POINT('',#18160);
#6066=VERTEX_POINT('',#18162);
#6067=VERTEX_POINT('',#18166);
#6068=VERTEX_POINT('',#18168);
#6069=VERTEX_POINT('',#18172);
#6070=VERTEX_POINT('',#18174);
#6071=VERTEX_POINT('',#18178);
#6072=VERTEX_POINT('',#18180);
#6073=VERTEX_POINT('',#18184);
#6074=VERTEX_POINT('',#18186);
#6075=VERTEX_POINT('',#18190);
#6076=VERTEX_POINT('',#18192);
#6077=VERTEX_POINT('',#18196);
#6078=VERTEX_POINT('',#18198);
#6079=VERTEX_POINT('',#18202);
#6080=VERTEX_POINT('',#18204);
#6081=VERTEX_POINT('',#18208);
#6082=VERTEX_POINT('',#18210);
#6083=VERTEX_POINT('',#18214);
#6084=VERTEX_POINT('',#18216);
#6085=VERTEX_POINT('',#18220);
#6086=VERTEX_POINT('',#18222);
#6087=VERTEX_POINT('',#18226);
#6088=VERTEX_POINT('',#18228);
#6089=VERTEX_POINT('',#18232);
#6090=VERTEX_POINT('',#18234);
#6091=VERTEX_POINT('',#18238);
#6092=VERTEX_POINT('',#18240);
#6093=VERTEX_POINT('',#18244);
#6094=VERTEX_POINT('',#18246);
#6095=VERTEX_POINT('',#18250);
#6096=VERTEX_POINT('',#18252);
#6097=VERTEX_POINT('',#18256);
#6098=VERTEX_POINT('',#18258);
#6099=VERTEX_POINT('',#18262);
#6100=VERTEX_POINT('',#18264);
#6101=VERTEX_POINT('',#18268);
#6102=VERTEX_POINT('',#18270);
#6103=VERTEX_POINT('',#18274);
#6104=VERTEX_POINT('',#18276);
#6105=VERTEX_POINT('',#18280);
#6106=VERTEX_POINT('',#18282);
#6107=VERTEX_POINT('',#18286);
#6108=VERTEX_POINT('',#18288);
#6109=VERTEX_POINT('',#18292);
#6110=VERTEX_POINT('',#18294);
#6111=VERTEX_POINT('',#18298);
#6112=VERTEX_POINT('',#18300);
#6113=VERTEX_POINT('',#18304);
#6114=VERTEX_POINT('',#18306);
#6115=VERTEX_POINT('',#18310);
#6116=VERTEX_POINT('',#18312);
#6117=VERTEX_POINT('',#18316);
#6118=VERTEX_POINT('',#18318);
#6119=VERTEX_POINT('',#18322);
#6120=VERTEX_POINT('',#18324);
#6121=VERTEX_POINT('',#18328);
#6122=VERTEX_POINT('',#18330);
#6123=VERTEX_POINT('',#18339);
#6124=VERTEX_POINT('',#18341);
#6125=VERTEX_POINT('',#18345);
#6126=VERTEX_POINT('',#18346);
#6127=VERTEX_POINT('',#18348);
#6128=VERTEX_POINT('',#18350);
#6129=VERTEX_POINT('',#18354);
#6130=VERTEX_POINT('',#18356);
#6131=VERTEX_POINT('',#18360);
#6132=VERTEX_POINT('',#18362);
#6133=VERTEX_POINT('',#18366);
#6134=VERTEX_POINT('',#18368);
#6135=VERTEX_POINT('',#18372);
#6136=VERTEX_POINT('',#18374);
#6137=VERTEX_POINT('',#18378);
#6138=VERTEX_POINT('',#18380);
#6139=VERTEX_POINT('',#18384);
#6140=VERTEX_POINT('',#18386);
#6141=VERTEX_POINT('',#18390);
#6142=VERTEX_POINT('',#18392);
#6143=VERTEX_POINT('',#18396);
#6144=VERTEX_POINT('',#18398);
#6145=VERTEX_POINT('',#18402);
#6146=VERTEX_POINT('',#18404);
#6147=VERTEX_POINT('',#18408);
#6148=VERTEX_POINT('',#18410);
#6149=VERTEX_POINT('',#18414);
#6150=VERTEX_POINT('',#18416);
#6151=VERTEX_POINT('',#18420);
#6152=VERTEX_POINT('',#18422);
#6153=VERTEX_POINT('',#18426);
#6154=VERTEX_POINT('',#18428);
#6155=VERTEX_POINT('',#18432);
#6156=VERTEX_POINT('',#18434);
#6157=VERTEX_POINT('',#18438);
#6158=VERTEX_POINT('',#18440);
#6159=VERTEX_POINT('',#18444);
#6160=VERTEX_POINT('',#18446);
#6161=VERTEX_POINT('',#18450);
#6162=VERTEX_POINT('',#18452);
#6163=VERTEX_POINT('',#18456);
#6164=VERTEX_POINT('',#18458);
#6165=VERTEX_POINT('',#18462);
#6166=VERTEX_POINT('',#18464);
#6167=VERTEX_POINT('',#18468);
#6168=VERTEX_POINT('',#18470);
#6169=VERTEX_POINT('',#18474);
#6170=VERTEX_POINT('',#18476);
#6171=VERTEX_POINT('',#18480);
#6172=VERTEX_POINT('',#18482);
#6173=VERTEX_POINT('',#18486);
#6174=VERTEX_POINT('',#18488);
#6175=VERTEX_POINT('',#18492);
#6176=VERTEX_POINT('',#18494);
#6177=VERTEX_POINT('',#18498);
#6178=VERTEX_POINT('',#18500);
#6179=VERTEX_POINT('',#18504);
#6180=VERTEX_POINT('',#18506);
#6181=VERTEX_POINT('',#18510);
#6182=VERTEX_POINT('',#18512);
#6183=VERTEX_POINT('',#18516);
#6184=VERTEX_POINT('',#18518);
#6185=VERTEX_POINT('',#18522);
#6186=VERTEX_POINT('',#18524);
#6187=VERTEX_POINT('',#18528);
#6188=VERTEX_POINT('',#18530);
#6189=VERTEX_POINT('',#18534);
#6190=VERTEX_POINT('',#18536);
#6191=VERTEX_POINT('',#18540);
#6192=VERTEX_POINT('',#18542);
#6193=VERTEX_POINT('',#18546);
#6194=VERTEX_POINT('',#18548);
#6195=VERTEX_POINT('',#18552);
#6196=VERTEX_POINT('',#18554);
#6197=VERTEX_POINT('',#18558);
#6198=VERTEX_POINT('',#18560);
#6199=VERTEX_POINT('',#18564);
#6200=VERTEX_POINT('',#18566);
#6201=VERTEX_POINT('',#18570);
#6202=VERTEX_POINT('',#18572);
#6203=VERTEX_POINT('',#18576);
#6204=VERTEX_POINT('',#18578);
#6205=VERTEX_POINT('',#18582);
#6206=VERTEX_POINT('',#18584);
#6207=VERTEX_POINT('',#18588);
#6208=VERTEX_POINT('',#18590);
#6209=VERTEX_POINT('',#18594);
#6210=VERTEX_POINT('',#18596);
#6211=VERTEX_POINT('',#18600);
#6212=VERTEX_POINT('',#18602);
#6213=VERTEX_POINT('',#18606);
#6214=VERTEX_POINT('',#18608);
#6215=VERTEX_POINT('',#18612);
#6216=VERTEX_POINT('',#18614);
#6217=VERTEX_POINT('',#18618);
#6218=VERTEX_POINT('',#18620);
#6219=VERTEX_POINT('',#18624);
#6220=VERTEX_POINT('',#18626);
#6221=VERTEX_POINT('',#18635);
#6222=VERTEX_POINT('',#18637);
#6223=VERTEX_POINT('',#18641);
#6224=VERTEX_POINT('',#18642);
#6225=VERTEX_POINT('',#18644);
#6226=VERTEX_POINT('',#18646);
#6227=VERTEX_POINT('',#18650);
#6228=VERTEX_POINT('',#18652);
#6229=VERTEX_POINT('',#18656);
#6230=VERTEX_POINT('',#18658);
#6231=VERTEX_POINT('',#18662);
#6232=VERTEX_POINT('',#18664);
#6233=VERTEX_POINT('',#18668);
#6234=VERTEX_POINT('',#18670);
#6235=VERTEX_POINT('',#18674);
#6236=VERTEX_POINT('',#18676);
#6237=VERTEX_POINT('',#18680);
#6238=VERTEX_POINT('',#18682);
#6239=VERTEX_POINT('',#18686);
#6240=VERTEX_POINT('',#18688);
#6241=VERTEX_POINT('',#18692);
#6242=VERTEX_POINT('',#18694);
#6243=VERTEX_POINT('',#18698);
#6244=VERTEX_POINT('',#18700);
#6245=VERTEX_POINT('',#18704);
#6246=VERTEX_POINT('',#18706);
#6247=VERTEX_POINT('',#18710);
#6248=VERTEX_POINT('',#18712);
#6249=VERTEX_POINT('',#18716);
#6250=VERTEX_POINT('',#18718);
#6251=VERTEX_POINT('',#18722);
#6252=VERTEX_POINT('',#18724);
#6253=VERTEX_POINT('',#18728);
#6254=VERTEX_POINT('',#18730);
#6255=VERTEX_POINT('',#18734);
#6256=VERTEX_POINT('',#18736);
#6257=VERTEX_POINT('',#18740);
#6258=VERTEX_POINT('',#18742);
#6259=VERTEX_POINT('',#18746);
#6260=VERTEX_POINT('',#18748);
#6261=VERTEX_POINT('',#18752);
#6262=VERTEX_POINT('',#18754);
#6263=VERTEX_POINT('',#18758);
#6264=VERTEX_POINT('',#18760);
#6265=VERTEX_POINT('',#18764);
#6266=VERTEX_POINT('',#18766);
#6267=VERTEX_POINT('',#18770);
#6268=VERTEX_POINT('',#18772);
#6269=VERTEX_POINT('',#18776);
#6270=VERTEX_POINT('',#18778);
#6271=VERTEX_POINT('',#18782);
#6272=VERTEX_POINT('',#18784);
#6273=VERTEX_POINT('',#18788);
#6274=VERTEX_POINT('',#18790);
#6275=VERTEX_POINT('',#18794);
#6276=VERTEX_POINT('',#18796);
#6277=VERTEX_POINT('',#18800);
#6278=VERTEX_POINT('',#18802);
#6279=VERTEX_POINT('',#18806);
#6280=VERTEX_POINT('',#18808);
#6281=VERTEX_POINT('',#18812);
#6282=VERTEX_POINT('',#18814);
#6283=VERTEX_POINT('',#18818);
#6284=VERTEX_POINT('',#18820);
#6285=VERTEX_POINT('',#18824);
#6286=VERTEX_POINT('',#18826);
#6287=VERTEX_POINT('',#18830);
#6288=VERTEX_POINT('',#18832);
#6289=VERTEX_POINT('',#18836);
#6290=VERTEX_POINT('',#18838);
#6291=VERTEX_POINT('',#18842);
#6292=VERTEX_POINT('',#18844);
#6293=VERTEX_POINT('',#18848);
#6294=VERTEX_POINT('',#18850);
#6295=VERTEX_POINT('',#18854);
#6296=VERTEX_POINT('',#18856);
#6297=VERTEX_POINT('',#18860);
#6298=VERTEX_POINT('',#18862);
#6299=VERTEX_POINT('',#18866);
#6300=VERTEX_POINT('',#18868);
#6301=VERTEX_POINT('',#18872);
#6302=VERTEX_POINT('',#18874);
#6303=VERTEX_POINT('',#18878);
#6304=VERTEX_POINT('',#18880);
#6305=VERTEX_POINT('',#18884);
#6306=VERTEX_POINT('',#18886);
#6307=VERTEX_POINT('',#18890);
#6308=VERTEX_POINT('',#18892);
#6309=VERTEX_POINT('',#18896);
#6310=VERTEX_POINT('',#18898);
#6311=VERTEX_POINT('',#18902);
#6312=VERTEX_POINT('',#18904);
#6313=VERTEX_POINT('',#18908);
#6314=VERTEX_POINT('',#18910);
#6315=VERTEX_POINT('',#18914);
#6316=VERTEX_POINT('',#18916);
#6317=VERTEX_POINT('',#18920);
#6318=VERTEX_POINT('',#18922);
#6319=VERTEX_POINT('',#18931);
#6320=VERTEX_POINT('',#18933);
#6321=VERTEX_POINT('',#18937);
#6322=VERTEX_POINT('',#18938);
#6323=VERTEX_POINT('',#18940);
#6324=VERTEX_POINT('',#18942);
#6325=VERTEX_POINT('',#18946);
#6326=VERTEX_POINT('',#18948);
#6327=VERTEX_POINT('',#18952);
#6328=VERTEX_POINT('',#18954);
#6329=VERTEX_POINT('',#18958);
#6330=VERTEX_POINT('',#18960);
#6331=VERTEX_POINT('',#18964);
#6332=VERTEX_POINT('',#18966);
#6333=VERTEX_POINT('',#18970);
#6334=VERTEX_POINT('',#18972);
#6335=VERTEX_POINT('',#18976);
#6336=VERTEX_POINT('',#18978);
#6337=VERTEX_POINT('',#18982);
#6338=VERTEX_POINT('',#18984);
#6339=VERTEX_POINT('',#18988);
#6340=VERTEX_POINT('',#18990);
#6341=VERTEX_POINT('',#18994);
#6342=VERTEX_POINT('',#18996);
#6343=VERTEX_POINT('',#19000);
#6344=VERTEX_POINT('',#19002);
#6345=VERTEX_POINT('',#19006);
#6346=VERTEX_POINT('',#19008);
#6347=VERTEX_POINT('',#19012);
#6348=VERTEX_POINT('',#19014);
#6349=VERTEX_POINT('',#19018);
#6350=VERTEX_POINT('',#19020);
#6351=VERTEX_POINT('',#19024);
#6352=VERTEX_POINT('',#19026);
#6353=VERTEX_POINT('',#19030);
#6354=VERTEX_POINT('',#19032);
#6355=VERTEX_POINT('',#19036);
#6356=VERTEX_POINT('',#19038);
#6357=VERTEX_POINT('',#19042);
#6358=VERTEX_POINT('',#19044);
#6359=VERTEX_POINT('',#19048);
#6360=VERTEX_POINT('',#19050);
#6361=VERTEX_POINT('',#19054);
#6362=VERTEX_POINT('',#19056);
#6363=VERTEX_POINT('',#19060);
#6364=VERTEX_POINT('',#19062);
#6365=VERTEX_POINT('',#19066);
#6366=VERTEX_POINT('',#19068);
#6367=VERTEX_POINT('',#19072);
#6368=VERTEX_POINT('',#19074);
#6369=VERTEX_POINT('',#19078);
#6370=VERTEX_POINT('',#19080);
#6371=VERTEX_POINT('',#19084);
#6372=VERTEX_POINT('',#19086);
#6373=VERTEX_POINT('',#19090);
#6374=VERTEX_POINT('',#19092);
#6375=VERTEX_POINT('',#19096);
#6376=VERTEX_POINT('',#19098);
#6377=VERTEX_POINT('',#19102);
#6378=VERTEX_POINT('',#19104);
#6379=VERTEX_POINT('',#19108);
#6380=VERTEX_POINT('',#19110);
#6381=VERTEX_POINT('',#19114);
#6382=VERTEX_POINT('',#19116);
#6383=VERTEX_POINT('',#19120);
#6384=VERTEX_POINT('',#19122);
#6385=VERTEX_POINT('',#19126);
#6386=VERTEX_POINT('',#19128);
#6387=VERTEX_POINT('',#19132);
#6388=VERTEX_POINT('',#19134);
#6389=VERTEX_POINT('',#19138);
#6390=VERTEX_POINT('',#19140);
#6391=VERTEX_POINT('',#19144);
#6392=VERTEX_POINT('',#19146);
#6393=VERTEX_POINT('',#19150);
#6394=VERTEX_POINT('',#19152);
#6395=VERTEX_POINT('',#19156);
#6396=VERTEX_POINT('',#19158);
#6397=VERTEX_POINT('',#19162);
#6398=VERTEX_POINT('',#19164);
#6399=VERTEX_POINT('',#19168);
#6400=VERTEX_POINT('',#19170);
#6401=VERTEX_POINT('',#19174);
#6402=VERTEX_POINT('',#19176);
#6403=VERTEX_POINT('',#19180);
#6404=VERTEX_POINT('',#19182);
#6405=VERTEX_POINT('',#19186);
#6406=VERTEX_POINT('',#19188);
#6407=VERTEX_POINT('',#19192);
#6408=VERTEX_POINT('',#19194);
#6409=VERTEX_POINT('',#19198);
#6410=VERTEX_POINT('',#19200);
#6411=VERTEX_POINT('',#19204);
#6412=VERTEX_POINT('',#19206);
#6413=VERTEX_POINT('',#19210);
#6414=VERTEX_POINT('',#19212);
#6415=VERTEX_POINT('',#19216);
#6416=VERTEX_POINT('',#19218);
#6417=VERTEX_POINT('',#19227);
#6418=VERTEX_POINT('',#19229);
#6419=VERTEX_POINT('',#19233);
#6420=VERTEX_POINT('',#19234);
#6421=VERTEX_POINT('',#19236);
#6422=VERTEX_POINT('',#19238);
#6423=VERTEX_POINT('',#19242);
#6424=VERTEX_POINT('',#19244);
#6425=VERTEX_POINT('',#19248);
#6426=VERTEX_POINT('',#19250);
#6427=VERTEX_POINT('',#19254);
#6428=VERTEX_POINT('',#19256);
#6429=VERTEX_POINT('',#19260);
#6430=VERTEX_POINT('',#19262);
#6431=VERTEX_POINT('',#19266);
#6432=VERTEX_POINT('',#19268);
#6433=VERTEX_POINT('',#19272);
#6434=VERTEX_POINT('',#19274);
#6435=VERTEX_POINT('',#19278);
#6436=VERTEX_POINT('',#19280);
#6437=VERTEX_POINT('',#19284);
#6438=VERTEX_POINT('',#19286);
#6439=VERTEX_POINT('',#19290);
#6440=VERTEX_POINT('',#19292);
#6441=VERTEX_POINT('',#19296);
#6442=VERTEX_POINT('',#19298);
#6443=VERTEX_POINT('',#19302);
#6444=VERTEX_POINT('',#19304);
#6445=VERTEX_POINT('',#19308);
#6446=VERTEX_POINT('',#19310);
#6447=VERTEX_POINT('',#19314);
#6448=VERTEX_POINT('',#19316);
#6449=VERTEX_POINT('',#19320);
#6450=VERTEX_POINT('',#19322);
#6451=VERTEX_POINT('',#19326);
#6452=VERTEX_POINT('',#19328);
#6453=VERTEX_POINT('',#19332);
#6454=VERTEX_POINT('',#19334);
#6455=VERTEX_POINT('',#19338);
#6456=VERTEX_POINT('',#19340);
#6457=VERTEX_POINT('',#19344);
#6458=VERTEX_POINT('',#19346);
#6459=VERTEX_POINT('',#19350);
#6460=VERTEX_POINT('',#19352);
#6461=VERTEX_POINT('',#19356);
#6462=VERTEX_POINT('',#19358);
#6463=VERTEX_POINT('',#19362);
#6464=VERTEX_POINT('',#19364);
#6465=VERTEX_POINT('',#19368);
#6466=VERTEX_POINT('',#19370);
#6467=VERTEX_POINT('',#19374);
#6468=VERTEX_POINT('',#19376);
#6469=VERTEX_POINT('',#19380);
#6470=VERTEX_POINT('',#19382);
#6471=VERTEX_POINT('',#19386);
#6472=VERTEX_POINT('',#19388);
#6473=VERTEX_POINT('',#19392);
#6474=VERTEX_POINT('',#19394);
#6475=VERTEX_POINT('',#19398);
#6476=VERTEX_POINT('',#19400);
#6477=VERTEX_POINT('',#19404);
#6478=VERTEX_POINT('',#19406);
#6479=VERTEX_POINT('',#19410);
#6480=VERTEX_POINT('',#19412);
#6481=VERTEX_POINT('',#19416);
#6482=VERTEX_POINT('',#19418);
#6483=VERTEX_POINT('',#19422);
#6484=VERTEX_POINT('',#19424);
#6485=VERTEX_POINT('',#19428);
#6486=VERTEX_POINT('',#19430);
#6487=VERTEX_POINT('',#19434);
#6488=VERTEX_POINT('',#19436);
#6489=VERTEX_POINT('',#19440);
#6490=VERTEX_POINT('',#19442);
#6491=VERTEX_POINT('',#19446);
#6492=VERTEX_POINT('',#19448);
#6493=VERTEX_POINT('',#19452);
#6494=VERTEX_POINT('',#19454);
#6495=VERTEX_POINT('',#19458);
#6496=VERTEX_POINT('',#19460);
#6497=VERTEX_POINT('',#19464);
#6498=VERTEX_POINT('',#19466);
#6499=VERTEX_POINT('',#19470);
#6500=VERTEX_POINT('',#19472);
#6501=VERTEX_POINT('',#19476);
#6502=VERTEX_POINT('',#19478);
#6503=VERTEX_POINT('',#19482);
#6504=VERTEX_POINT('',#19484);
#6505=VERTEX_POINT('',#19488);
#6506=VERTEX_POINT('',#19490);
#6507=VERTEX_POINT('',#19494);
#6508=VERTEX_POINT('',#19496);
#6509=VERTEX_POINT('',#19500);
#6510=VERTEX_POINT('',#19502);
#6511=VERTEX_POINT('',#19506);
#6512=VERTEX_POINT('',#19508);
#6513=VERTEX_POINT('',#19512);
#6514=VERTEX_POINT('',#19514);
#6515=VERTEX_POINT('',#19523);
#6516=VERTEX_POINT('',#19525);
#6517=VERTEX_POINT('',#19529);
#6518=VERTEX_POINT('',#19530);
#6519=VERTEX_POINT('',#19532);
#6520=VERTEX_POINT('',#19534);
#6521=VERTEX_POINT('',#19538);
#6522=VERTEX_POINT('',#19540);
#6523=VERTEX_POINT('',#19544);
#6524=VERTEX_POINT('',#19546);
#6525=VERTEX_POINT('',#19550);
#6526=VERTEX_POINT('',#19552);
#6527=VERTEX_POINT('',#19556);
#6528=VERTEX_POINT('',#19558);
#6529=VERTEX_POINT('',#19562);
#6530=VERTEX_POINT('',#19564);
#6531=VERTEX_POINT('',#19568);
#6532=VERTEX_POINT('',#19570);
#6533=VERTEX_POINT('',#19574);
#6534=VERTEX_POINT('',#19576);
#6535=VERTEX_POINT('',#19580);
#6536=VERTEX_POINT('',#19582);
#6537=VERTEX_POINT('',#19586);
#6538=VERTEX_POINT('',#19588);
#6539=VERTEX_POINT('',#19592);
#6540=VERTEX_POINT('',#19594);
#6541=VERTEX_POINT('',#19598);
#6542=VERTEX_POINT('',#19600);
#6543=VERTEX_POINT('',#19604);
#6544=VERTEX_POINT('',#19606);
#6545=VERTEX_POINT('',#19610);
#6546=VERTEX_POINT('',#19612);
#6547=VERTEX_POINT('',#19616);
#6548=VERTEX_POINT('',#19618);
#6549=VERTEX_POINT('',#19622);
#6550=VERTEX_POINT('',#19624);
#6551=VERTEX_POINT('',#19628);
#6552=VERTEX_POINT('',#19630);
#6553=VERTEX_POINT('',#19634);
#6554=VERTEX_POINT('',#19636);
#6555=VERTEX_POINT('',#19640);
#6556=VERTEX_POINT('',#19642);
#6557=VERTEX_POINT('',#19646);
#6558=VERTEX_POINT('',#19648);
#6559=VERTEX_POINT('',#19652);
#6560=VERTEX_POINT('',#19654);
#6561=VERTEX_POINT('',#19658);
#6562=VERTEX_POINT('',#19660);
#6563=VERTEX_POINT('',#19664);
#6564=VERTEX_POINT('',#19666);
#6565=VERTEX_POINT('',#19670);
#6566=VERTEX_POINT('',#19672);
#6567=VERTEX_POINT('',#19676);
#6568=VERTEX_POINT('',#19678);
#6569=VERTEX_POINT('',#19682);
#6570=VERTEX_POINT('',#19684);
#6571=VERTEX_POINT('',#19688);
#6572=VERTEX_POINT('',#19690);
#6573=VERTEX_POINT('',#19694);
#6574=VERTEX_POINT('',#19696);
#6575=VERTEX_POINT('',#19700);
#6576=VERTEX_POINT('',#19702);
#6577=VERTEX_POINT('',#19706);
#6578=VERTEX_POINT('',#19708);
#6579=VERTEX_POINT('',#19712);
#6580=VERTEX_POINT('',#19714);
#6581=VERTEX_POINT('',#19718);
#6582=VERTEX_POINT('',#19720);
#6583=VERTEX_POINT('',#19724);
#6584=VERTEX_POINT('',#19726);
#6585=VERTEX_POINT('',#19730);
#6586=VERTEX_POINT('',#19732);
#6587=VERTEX_POINT('',#19736);
#6588=VERTEX_POINT('',#19738);
#6589=VERTEX_POINT('',#19742);
#6590=VERTEX_POINT('',#19744);
#6591=VERTEX_POINT('',#19748);
#6592=VERTEX_POINT('',#19750);
#6593=VERTEX_POINT('',#19754);
#6594=VERTEX_POINT('',#19756);
#6595=VERTEX_POINT('',#19760);
#6596=VERTEX_POINT('',#19762);
#6597=VERTEX_POINT('',#19766);
#6598=VERTEX_POINT('',#19768);
#6599=VERTEX_POINT('',#19772);
#6600=VERTEX_POINT('',#19774);
#6601=VERTEX_POINT('',#19778);
#6602=VERTEX_POINT('',#19780);
#6603=VERTEX_POINT('',#19784);
#6604=VERTEX_POINT('',#19786);
#6605=VERTEX_POINT('',#19790);
#6606=VERTEX_POINT('',#19792);
#6607=VERTEX_POINT('',#19796);
#6608=VERTEX_POINT('',#19798);
#6609=VERTEX_POINT('',#19802);
#6610=VERTEX_POINT('',#19804);
#6611=VERTEX_POINT('',#19808);
#6612=VERTEX_POINT('',#19810);
#6613=VERTEX_POINT('',#19819);
#6614=VERTEX_POINT('',#19821);
#6615=VERTEX_POINT('',#19825);
#6616=VERTEX_POINT('',#19826);
#6617=VERTEX_POINT('',#19828);
#6618=VERTEX_POINT('',#19830);
#6619=VERTEX_POINT('',#19834);
#6620=VERTEX_POINT('',#19836);
#6621=VERTEX_POINT('',#19840);
#6622=VERTEX_POINT('',#19842);
#6623=VERTEX_POINT('',#19846);
#6624=VERTEX_POINT('',#19848);
#6625=VERTEX_POINT('',#19852);
#6626=VERTEX_POINT('',#19854);
#6627=VERTEX_POINT('',#19858);
#6628=VERTEX_POINT('',#19860);
#6629=VERTEX_POINT('',#19864);
#6630=VERTEX_POINT('',#19866);
#6631=VERTEX_POINT('',#19870);
#6632=VERTEX_POINT('',#19872);
#6633=VERTEX_POINT('',#19876);
#6634=VERTEX_POINT('',#19878);
#6635=VERTEX_POINT('',#19882);
#6636=VERTEX_POINT('',#19884);
#6637=VERTEX_POINT('',#19888);
#6638=VERTEX_POINT('',#19890);
#6639=VERTEX_POINT('',#19894);
#6640=VERTEX_POINT('',#19896);
#6641=VERTEX_POINT('',#19900);
#6642=VERTEX_POINT('',#19902);
#6643=VERTEX_POINT('',#19906);
#6644=VERTEX_POINT('',#19908);
#6645=VERTEX_POINT('',#19912);
#6646=VERTEX_POINT('',#19914);
#6647=VERTEX_POINT('',#19918);
#6648=VERTEX_POINT('',#19920);
#6649=VERTEX_POINT('',#19924);
#6650=VERTEX_POINT('',#19926);
#6651=VERTEX_POINT('',#19930);
#6652=VERTEX_POINT('',#19932);
#6653=VERTEX_POINT('',#19936);
#6654=VERTEX_POINT('',#19938);
#6655=VERTEX_POINT('',#19942);
#6656=VERTEX_POINT('',#19944);
#6657=VERTEX_POINT('',#19948);
#6658=VERTEX_POINT('',#19950);
#6659=VERTEX_POINT('',#19954);
#6660=VERTEX_POINT('',#19956);
#6661=VERTEX_POINT('',#19960);
#6662=VERTEX_POINT('',#19962);
#6663=VERTEX_POINT('',#19966);
#6664=VERTEX_POINT('',#19968);
#6665=VERTEX_POINT('',#19972);
#6666=VERTEX_POINT('',#19974);
#6667=VERTEX_POINT('',#19978);
#6668=VERTEX_POINT('',#19980);
#6669=VERTEX_POINT('',#19984);
#6670=VERTEX_POINT('',#19986);
#6671=VERTEX_POINT('',#19990);
#6672=VERTEX_POINT('',#19992);
#6673=VERTEX_POINT('',#19996);
#6674=VERTEX_POINT('',#19998);
#6675=VERTEX_POINT('',#20002);
#6676=VERTEX_POINT('',#20004);
#6677=VERTEX_POINT('',#20008);
#6678=VERTEX_POINT('',#20010);
#6679=VERTEX_POINT('',#20014);
#6680=VERTEX_POINT('',#20016);
#6681=VERTEX_POINT('',#20020);
#6682=VERTEX_POINT('',#20022);
#6683=VERTEX_POINT('',#20026);
#6684=VERTEX_POINT('',#20028);
#6685=VERTEX_POINT('',#20032);
#6686=VERTEX_POINT('',#20034);
#6687=VERTEX_POINT('',#20038);
#6688=VERTEX_POINT('',#20040);
#6689=VERTEX_POINT('',#20044);
#6690=VERTEX_POINT('',#20046);
#6691=VERTEX_POINT('',#20050);
#6692=VERTEX_POINT('',#20052);
#6693=VERTEX_POINT('',#20056);
#6694=VERTEX_POINT('',#20058);
#6695=VERTEX_POINT('',#20062);
#6696=VERTEX_POINT('',#20064);
#6697=VERTEX_POINT('',#20068);
#6698=VERTEX_POINT('',#20070);
#6699=VERTEX_POINT('',#20074);
#6700=VERTEX_POINT('',#20076);
#6701=VERTEX_POINT('',#20080);
#6702=VERTEX_POINT('',#20082);
#6703=VERTEX_POINT('',#20086);
#6704=VERTEX_POINT('',#20088);
#6705=VERTEX_POINT('',#20092);
#6706=VERTEX_POINT('',#20094);
#6707=VERTEX_POINT('',#20098);
#6708=VERTEX_POINT('',#20100);
#6709=VERTEX_POINT('',#20104);
#6710=VERTEX_POINT('',#20106);
#6711=VERTEX_POINT('',#20115);
#6712=VERTEX_POINT('',#20117);
#6713=VERTEX_POINT('',#20121);
#6714=VERTEX_POINT('',#20122);
#6715=VERTEX_POINT('',#20124);
#6716=VERTEX_POINT('',#20126);
#6717=VERTEX_POINT('',#20130);
#6718=VERTEX_POINT('',#20132);
#6719=VERTEX_POINT('',#20136);
#6720=VERTEX_POINT('',#20138);
#6721=VERTEX_POINT('',#20142);
#6722=VERTEX_POINT('',#20144);
#6723=VERTEX_POINT('',#20148);
#6724=VERTEX_POINT('',#20150);
#6725=VERTEX_POINT('',#20154);
#6726=VERTEX_POINT('',#20156);
#6727=VERTEX_POINT('',#20160);
#6728=VERTEX_POINT('',#20162);
#6729=VERTEX_POINT('',#20166);
#6730=VERTEX_POINT('',#20168);
#6731=VERTEX_POINT('',#20172);
#6732=VERTEX_POINT('',#20174);
#6733=VERTEX_POINT('',#20178);
#6734=VERTEX_POINT('',#20180);
#6735=VERTEX_POINT('',#20184);
#6736=VERTEX_POINT('',#20186);
#6737=VERTEX_POINT('',#20190);
#6738=VERTEX_POINT('',#20192);
#6739=VERTEX_POINT('',#20196);
#6740=VERTEX_POINT('',#20198);
#6741=VERTEX_POINT('',#20202);
#6742=VERTEX_POINT('',#20204);
#6743=VERTEX_POINT('',#20208);
#6744=VERTEX_POINT('',#20210);
#6745=VERTEX_POINT('',#20214);
#6746=VERTEX_POINT('',#20216);
#6747=VERTEX_POINT('',#20220);
#6748=VERTEX_POINT('',#20222);
#6749=VERTEX_POINT('',#20226);
#6750=VERTEX_POINT('',#20228);
#6751=VERTEX_POINT('',#20232);
#6752=VERTEX_POINT('',#20234);
#6753=VERTEX_POINT('',#20238);
#6754=VERTEX_POINT('',#20240);
#6755=VERTEX_POINT('',#20244);
#6756=VERTEX_POINT('',#20246);
#6757=VERTEX_POINT('',#20250);
#6758=VERTEX_POINT('',#20252);
#6759=VERTEX_POINT('',#20256);
#6760=VERTEX_POINT('',#20258);
#6761=VERTEX_POINT('',#20262);
#6762=VERTEX_POINT('',#20264);
#6763=VERTEX_POINT('',#20268);
#6764=VERTEX_POINT('',#20270);
#6765=VERTEX_POINT('',#20274);
#6766=VERTEX_POINT('',#20276);
#6767=VERTEX_POINT('',#20280);
#6768=VERTEX_POINT('',#20282);
#6769=VERTEX_POINT('',#20286);
#6770=VERTEX_POINT('',#20288);
#6771=VERTEX_POINT('',#20292);
#6772=VERTEX_POINT('',#20294);
#6773=VERTEX_POINT('',#20298);
#6774=VERTEX_POINT('',#20300);
#6775=VERTEX_POINT('',#20304);
#6776=VERTEX_POINT('',#20306);
#6777=VERTEX_POINT('',#20310);
#6778=VERTEX_POINT('',#20312);
#6779=VERTEX_POINT('',#20316);
#6780=VERTEX_POINT('',#20318);
#6781=VERTEX_POINT('',#20322);
#6782=VERTEX_POINT('',#20324);
#6783=VERTEX_POINT('',#20328);
#6784=VERTEX_POINT('',#20330);
#6785=VERTEX_POINT('',#20334);
#6786=VERTEX_POINT('',#20336);
#6787=VERTEX_POINT('',#20340);
#6788=VERTEX_POINT('',#20342);
#6789=VERTEX_POINT('',#20346);
#6790=VERTEX_POINT('',#20348);
#6791=VERTEX_POINT('',#20352);
#6792=VERTEX_POINT('',#20354);
#6793=VERTEX_POINT('',#20358);
#6794=VERTEX_POINT('',#20360);
#6795=VERTEX_POINT('',#20364);
#6796=VERTEX_POINT('',#20366);
#6797=VERTEX_POINT('',#20370);
#6798=VERTEX_POINT('',#20372);
#6799=VERTEX_POINT('',#20376);
#6800=VERTEX_POINT('',#20378);
#6801=VERTEX_POINT('',#20382);
#6802=VERTEX_POINT('',#20384);
#6803=VERTEX_POINT('',#20388);
#6804=VERTEX_POINT('',#20390);
#6805=VERTEX_POINT('',#20394);
#6806=VERTEX_POINT('',#20396);
#6807=VERTEX_POINT('',#20400);
#6808=VERTEX_POINT('',#20402);
#6809=VERTEX_POINT('',#20411);
#6810=VERTEX_POINT('',#20413);
#6811=VERTEX_POINT('',#20417);
#6812=VERTEX_POINT('',#20418);
#6813=VERTEX_POINT('',#20420);
#6814=VERTEX_POINT('',#20422);
#6815=VERTEX_POINT('',#20426);
#6816=VERTEX_POINT('',#20428);
#6817=VERTEX_POINT('',#20432);
#6818=VERTEX_POINT('',#20434);
#6819=VERTEX_POINT('',#20438);
#6820=VERTEX_POINT('',#20440);
#6821=VERTEX_POINT('',#20444);
#6822=VERTEX_POINT('',#20446);
#6823=VERTEX_POINT('',#20450);
#6824=VERTEX_POINT('',#20452);
#6825=VERTEX_POINT('',#20456);
#6826=VERTEX_POINT('',#20458);
#6827=VERTEX_POINT('',#20462);
#6828=VERTEX_POINT('',#20464);
#6829=VERTEX_POINT('',#20468);
#6830=VERTEX_POINT('',#20470);
#6831=VERTEX_POINT('',#20474);
#6832=VERTEX_POINT('',#20476);
#6833=VERTEX_POINT('',#20480);
#6834=VERTEX_POINT('',#20482);
#6835=VERTEX_POINT('',#20486);
#6836=VERTEX_POINT('',#20488);
#6837=VERTEX_POINT('',#20492);
#6838=VERTEX_POINT('',#20494);
#6839=VERTEX_POINT('',#20498);
#6840=VERTEX_POINT('',#20500);
#6841=VERTEX_POINT('',#20504);
#6842=VERTEX_POINT('',#20506);
#6843=VERTEX_POINT('',#20510);
#6844=VERTEX_POINT('',#20512);
#6845=VERTEX_POINT('',#20516);
#6846=VERTEX_POINT('',#20518);
#6847=VERTEX_POINT('',#20522);
#6848=VERTEX_POINT('',#20524);
#6849=VERTEX_POINT('',#20528);
#6850=VERTEX_POINT('',#20530);
#6851=VERTEX_POINT('',#20534);
#6852=VERTEX_POINT('',#20536);
#6853=VERTEX_POINT('',#20540);
#6854=VERTEX_POINT('',#20542);
#6855=VERTEX_POINT('',#20546);
#6856=VERTEX_POINT('',#20548);
#6857=VERTEX_POINT('',#20552);
#6858=VERTEX_POINT('',#20554);
#6859=VERTEX_POINT('',#20558);
#6860=VERTEX_POINT('',#20560);
#6861=VERTEX_POINT('',#20564);
#6862=VERTEX_POINT('',#20566);
#6863=VERTEX_POINT('',#20570);
#6864=VERTEX_POINT('',#20572);
#6865=VERTEX_POINT('',#20576);
#6866=VERTEX_POINT('',#20578);
#6867=VERTEX_POINT('',#20582);
#6868=VERTEX_POINT('',#20584);
#6869=VERTEX_POINT('',#20588);
#6870=VERTEX_POINT('',#20590);
#6871=VERTEX_POINT('',#20594);
#6872=VERTEX_POINT('',#20596);
#6873=VERTEX_POINT('',#20600);
#6874=VERTEX_POINT('',#20602);
#6875=VERTEX_POINT('',#20606);
#6876=VERTEX_POINT('',#20608);
#6877=VERTEX_POINT('',#20612);
#6878=VERTEX_POINT('',#20614);
#6879=VERTEX_POINT('',#20618);
#6880=VERTEX_POINT('',#20620);
#6881=VERTEX_POINT('',#20624);
#6882=VERTEX_POINT('',#20626);
#6883=VERTEX_POINT('',#20630);
#6884=VERTEX_POINT('',#20632);
#6885=VERTEX_POINT('',#20636);
#6886=VERTEX_POINT('',#20638);
#6887=VERTEX_POINT('',#20642);
#6888=VERTEX_POINT('',#20644);
#6889=VERTEX_POINT('',#20648);
#6890=VERTEX_POINT('',#20650);
#6891=VERTEX_POINT('',#20654);
#6892=VERTEX_POINT('',#20656);
#6893=VERTEX_POINT('',#20660);
#6894=VERTEX_POINT('',#20662);
#6895=VERTEX_POINT('',#20666);
#6896=VERTEX_POINT('',#20668);
#6897=VERTEX_POINT('',#20672);
#6898=VERTEX_POINT('',#20674);
#6899=VERTEX_POINT('',#20678);
#6900=VERTEX_POINT('',#20680);
#6901=VERTEX_POINT('',#20684);
#6902=VERTEX_POINT('',#20686);
#6903=VERTEX_POINT('',#20690);
#6904=VERTEX_POINT('',#20692);
#6905=VERTEX_POINT('',#20696);
#6906=VERTEX_POINT('',#20698);
#6907=VERTEX_POINT('',#20707);
#6908=VERTEX_POINT('',#20709);
#6909=VERTEX_POINT('',#20713);
#6910=VERTEX_POINT('',#20714);
#6911=VERTEX_POINT('',#20716);
#6912=VERTEX_POINT('',#20718);
#6913=VERTEX_POINT('',#20722);
#6914=VERTEX_POINT('',#20724);
#6915=VERTEX_POINT('',#20728);
#6916=VERTEX_POINT('',#20730);
#6917=VERTEX_POINT('',#20734);
#6918=VERTEX_POINT('',#20736);
#6919=VERTEX_POINT('',#20740);
#6920=VERTEX_POINT('',#20742);
#6921=VERTEX_POINT('',#20746);
#6922=VERTEX_POINT('',#20748);
#6923=VERTEX_POINT('',#20752);
#6924=VERTEX_POINT('',#20754);
#6925=VERTEX_POINT('',#20758);
#6926=VERTEX_POINT('',#20760);
#6927=VERTEX_POINT('',#20764);
#6928=VERTEX_POINT('',#20766);
#6929=VERTEX_POINT('',#20770);
#6930=VERTEX_POINT('',#20772);
#6931=VERTEX_POINT('',#20776);
#6932=VERTEX_POINT('',#20778);
#6933=VERTEX_POINT('',#20782);
#6934=VERTEX_POINT('',#20784);
#6935=VERTEX_POINT('',#20788);
#6936=VERTEX_POINT('',#20790);
#6937=VERTEX_POINT('',#20794);
#6938=VERTEX_POINT('',#20796);
#6939=VERTEX_POINT('',#20800);
#6940=VERTEX_POINT('',#20802);
#6941=VERTEX_POINT('',#20806);
#6942=VERTEX_POINT('',#20808);
#6943=VERTEX_POINT('',#20812);
#6944=VERTEX_POINT('',#20814);
#6945=VERTEX_POINT('',#20818);
#6946=VERTEX_POINT('',#20820);
#6947=VERTEX_POINT('',#20824);
#6948=VERTEX_POINT('',#20826);
#6949=VERTEX_POINT('',#20830);
#6950=VERTEX_POINT('',#20832);
#6951=VERTEX_POINT('',#20836);
#6952=VERTEX_POINT('',#20838);
#6953=VERTEX_POINT('',#20842);
#6954=VERTEX_POINT('',#20844);
#6955=VERTEX_POINT('',#20848);
#6956=VERTEX_POINT('',#20850);
#6957=VERTEX_POINT('',#20854);
#6958=VERTEX_POINT('',#20856);
#6959=VERTEX_POINT('',#20860);
#6960=VERTEX_POINT('',#20862);
#6961=VERTEX_POINT('',#20866);
#6962=VERTEX_POINT('',#20868);
#6963=VERTEX_POINT('',#20872);
#6964=VERTEX_POINT('',#20874);
#6965=VERTEX_POINT('',#20878);
#6966=VERTEX_POINT('',#20880);
#6967=VERTEX_POINT('',#20884);
#6968=VERTEX_POINT('',#20886);
#6969=VERTEX_POINT('',#20890);
#6970=VERTEX_POINT('',#20892);
#6971=VERTEX_POINT('',#20896);
#6972=VERTEX_POINT('',#20898);
#6973=VERTEX_POINT('',#20902);
#6974=VERTEX_POINT('',#20904);
#6975=VERTEX_POINT('',#20908);
#6976=VERTEX_POINT('',#20910);
#6977=VERTEX_POINT('',#20914);
#6978=VERTEX_POINT('',#20916);
#6979=VERTEX_POINT('',#20920);
#6980=VERTEX_POINT('',#20922);
#6981=VERTEX_POINT('',#20926);
#6982=VERTEX_POINT('',#20928);
#6983=VERTEX_POINT('',#20932);
#6984=VERTEX_POINT('',#20934);
#6985=VERTEX_POINT('',#20938);
#6986=VERTEX_POINT('',#20940);
#6987=VERTEX_POINT('',#20944);
#6988=VERTEX_POINT('',#20946);
#6989=VERTEX_POINT('',#20950);
#6990=VERTEX_POINT('',#20952);
#6991=VERTEX_POINT('',#20956);
#6992=VERTEX_POINT('',#20958);
#6993=VERTEX_POINT('',#20962);
#6994=VERTEX_POINT('',#20964);
#6995=VERTEX_POINT('',#20968);
#6996=VERTEX_POINT('',#20970);
#6997=VERTEX_POINT('',#20974);
#6998=VERTEX_POINT('',#20976);
#6999=VERTEX_POINT('',#20980);
#7000=VERTEX_POINT('',#20982);
#7001=VERTEX_POINT('',#20986);
#7002=VERTEX_POINT('',#20988);
#7003=VERTEX_POINT('',#20992);
#7004=VERTEX_POINT('',#20994);
#7005=VERTEX_POINT('',#21003);
#7006=VERTEX_POINT('',#21004);
#7007=VERTEX_POINT('',#21006);
#7008=VERTEX_POINT('',#21008);
#7009=VERTEX_POINT('',#21012);
#7010=VERTEX_POINT('',#21014);
#7011=VERTEX_POINT('',#21018);
#7012=VERTEX_POINT('',#21020);
#7013=VERTEX_POINT('',#21029);
#7014=VERTEX_POINT('',#21030);
#7015=VERTEX_POINT('',#21032);
#7016=VERTEX_POINT('',#21034);
#7017=VERTEX_POINT('',#21038);
#7018=VERTEX_POINT('',#21040);
#7019=VERTEX_POINT('',#21044);
#7020=VERTEX_POINT('',#21046);
#7021=VERTEX_POINT('',#21055);
#7022=VERTEX_POINT('',#21057);
#7023=VERTEX_POINT('',#21061);
#7024=VERTEX_POINT('',#21064);
#7025=VERTEX_POINT('',#21068);
#7026=VERTEX_POINT('',#21070);
#7027=VERTEX_POINT('',#21075);
#7028=VERTEX_POINT('',#21077);
#7029=VERTEX_POINT('',#21081);
#7030=VERTEX_POINT('',#21084);
#7031=VERTEX_POINT('',#21088);
#7032=VERTEX_POINT('',#21090);
#7033=VERTEX_POINT('',#21095);
#7034=VERTEX_POINT('',#21097);
#7035=VERTEX_POINT('',#21101);
#7036=VERTEX_POINT('',#21104);
#7037=VERTEX_POINT('',#21108);
#7038=VERTEX_POINT('',#21110);
#7039=VERTEX_POINT('',#21115);
#7040=VERTEX_POINT('',#21116);
#7041=VERTEX_POINT('',#21118);
#7042=VERTEX_POINT('',#21120);
#7043=VERTEX_POINT('',#21124);
#7044=VERTEX_POINT('',#21126);
#7045=VERTEX_POINT('',#21130);
#7046=VERTEX_POINT('',#21132);
#7047=VERTEX_POINT('',#21141);
#7048=VERTEX_POINT('',#21142);
#7049=VERTEX_POINT('',#21144);
#7050=VERTEX_POINT('',#21146);
#7051=VERTEX_POINT('',#21150);
#7052=VERTEX_POINT('',#21152);
#7053=VERTEX_POINT('',#21156);
#7054=VERTEX_POINT('',#21158);
#7055=VERTEX_POINT('',#21167);
#7056=VERTEX_POINT('',#21168);
#7057=VERTEX_POINT('',#21170);
#7058=VERTEX_POINT('',#21172);
#7059=VERTEX_POINT('',#21176);
#7060=VERTEX_POINT('',#21178);
#7061=VERTEX_POINT('',#21182);
#7062=VERTEX_POINT('',#21184);
#7063=VERTEX_POINT('',#21193);
#7064=VERTEX_POINT('',#21194);
#7065=VERTEX_POINT('',#21196);
#7066=VERTEX_POINT('',#21198);
#7067=VERTEX_POINT('',#21202);
#7068=VERTEX_POINT('',#21203);
#7069=VERTEX_POINT('',#21205);
#7070=VERTEX_POINT('',#21207);
#7071=VERTEX_POINT('',#21217);
#7072=VERTEX_POINT('',#21219);
#7073=VERTEX_POINT('',#21221);
#7074=VERTEX_POINT('',#21223);
#7075=VERTEX_POINT('',#21225);
#7076=VERTEX_POINT('',#21227);
#7077=VERTEX_POINT('',#21231);
#7078=VERTEX_POINT('',#21236);
#7079=VERTEX_POINT('',#21238);
#7080=VERTEX_POINT('',#21240);
#7081=VERTEX_POINT('',#21242);
#7082=VERTEX_POINT('',#21244);
#7083=EDGE_CURVE('',#5829,#5829,#5787,.T.);
#7084=EDGE_CURVE('',#5829,#5830,#2113,.T.);
#7085=EDGE_CURVE('',#5830,#5830,#5788,.T.);
#7086=EDGE_CURVE('',#5831,#5832,#2114,.T.);
#7087=EDGE_CURVE('',#5832,#5833,#2115,.T.);
#7088=EDGE_CURVE('',#5834,#5833,#2116,.T.);
#7089=EDGE_CURVE('',#5831,#5834,#2117,.T.);
#7090=EDGE_CURVE('',#5835,#5831,#2118,.T.);
#7091=EDGE_CURVE('',#5836,#5834,#2119,.T.);
#7092=EDGE_CURVE('',#5835,#5836,#2120,.T.);
#7093=EDGE_CURVE('',#5837,#5835,#2121,.T.);
#7094=EDGE_CURVE('',#5838,#5836,#2122,.T.);
#7095=EDGE_CURVE('',#5837,#5838,#2123,.T.);
#7096=EDGE_CURVE('',#5839,#5837,#2124,.T.);
#7097=EDGE_CURVE('',#5840,#5838,#2125,.T.);
#7098=EDGE_CURVE('',#5839,#5840,#2126,.T.);
#7099=EDGE_CURVE('',#5841,#5839,#2127,.T.);
#7100=EDGE_CURVE('',#5842,#5840,#2128,.T.);
#7101=EDGE_CURVE('',#5841,#5842,#2129,.T.);
#7102=EDGE_CURVE('',#5843,#5841,#2130,.T.);
#7103=EDGE_CURVE('',#5844,#5842,#2131,.T.);
#7104=EDGE_CURVE('',#5843,#5844,#2132,.T.);
#7105=EDGE_CURVE('',#5845,#5843,#2133,.T.);
#7106=EDGE_CURVE('',#5846,#5844,#2134,.T.);
#7107=EDGE_CURVE('',#5845,#5846,#2135,.T.);
#7108=EDGE_CURVE('',#5847,#5845,#2136,.T.);
#7109=EDGE_CURVE('',#5848,#5846,#2137,.T.);
#7110=EDGE_CURVE('',#5847,#5848,#2138,.T.);
#7111=EDGE_CURVE('',#5849,#5847,#2139,.T.);
#7112=EDGE_CURVE('',#5850,#5848,#2140,.T.);
#7113=EDGE_CURVE('',#5849,#5850,#2141,.T.);
#7114=EDGE_CURVE('',#5851,#5849,#2142,.T.);
#7115=EDGE_CURVE('',#5852,#5850,#2143,.T.);
#7116=EDGE_CURVE('',#5851,#5852,#2144,.T.);
#7117=EDGE_CURVE('',#5853,#5851,#2145,.T.);
#7118=EDGE_CURVE('',#5854,#5852,#2146,.T.);
#7119=EDGE_CURVE('',#5853,#5854,#2147,.T.);
#7120=EDGE_CURVE('',#5855,#5853,#2148,.T.);
#7121=EDGE_CURVE('',#5856,#5854,#2149,.T.);
#7122=EDGE_CURVE('',#5855,#5856,#2150,.T.);
#7123=EDGE_CURVE('',#5857,#5855,#2151,.T.);
#7124=EDGE_CURVE('',#5858,#5856,#2152,.T.);
#7125=EDGE_CURVE('',#5857,#5858,#2153,.T.);
#7126=EDGE_CURVE('',#5859,#5857,#2154,.T.);
#7127=EDGE_CURVE('',#5860,#5858,#2155,.T.);
#7128=EDGE_CURVE('',#5859,#5860,#2156,.T.);
#7129=EDGE_CURVE('',#5861,#5859,#2157,.T.);
#7130=EDGE_CURVE('',#5862,#5860,#2158,.T.);
#7131=EDGE_CURVE('',#5861,#5862,#2159,.T.);
#7132=EDGE_CURVE('',#5863,#5861,#2160,.T.);
#7133=EDGE_CURVE('',#5864,#5862,#2161,.T.);
#7134=EDGE_CURVE('',#5863,#5864,#2162,.T.);
#7135=EDGE_CURVE('',#5865,#5863,#2163,.T.);
#7136=EDGE_CURVE('',#5866,#5864,#2164,.T.);
#7137=EDGE_CURVE('',#5865,#5866,#2165,.T.);
#7138=EDGE_CURVE('',#5867,#5865,#2166,.T.);
#7139=EDGE_CURVE('',#5868,#5866,#2167,.T.);
#7140=EDGE_CURVE('',#5867,#5868,#2168,.T.);
#7141=EDGE_CURVE('',#5869,#5867,#2169,.T.);
#7142=EDGE_CURVE('',#5870,#5868,#2170,.T.);
#7143=EDGE_CURVE('',#5869,#5870,#2171,.T.);
#7144=EDGE_CURVE('',#5871,#5869,#2172,.T.);
#7145=EDGE_CURVE('',#5872,#5870,#2173,.T.);
#7146=EDGE_CURVE('',#5871,#5872,#2174,.T.);
#7147=EDGE_CURVE('',#5873,#5871,#2175,.T.);
#7148=EDGE_CURVE('',#5874,#5872,#2176,.T.);
#7149=EDGE_CURVE('',#5873,#5874,#2177,.T.);
#7150=EDGE_CURVE('',#5875,#5873,#2178,.T.);
#7151=EDGE_CURVE('',#5876,#5874,#2179,.T.);
#7152=EDGE_CURVE('',#5875,#5876,#2180,.T.);
#7153=EDGE_CURVE('',#5877,#5875,#2181,.T.);
#7154=EDGE_CURVE('',#5878,#5876,#2182,.T.);
#7155=EDGE_CURVE('',#5877,#5878,#2183,.T.);
#7156=EDGE_CURVE('',#5879,#5877,#2184,.T.);
#7157=EDGE_CURVE('',#5880,#5878,#2185,.T.);
#7158=EDGE_CURVE('',#5879,#5880,#2186,.T.);
#7159=EDGE_CURVE('',#5881,#5879,#2187,.T.);
#7160=EDGE_CURVE('',#5882,#5880,#2188,.T.);
#7161=EDGE_CURVE('',#5881,#5882,#2189,.T.);
#7162=EDGE_CURVE('',#5883,#5881,#2190,.T.);
#7163=EDGE_CURVE('',#5884,#5882,#2191,.T.);
#7164=EDGE_CURVE('',#5883,#5884,#2192,.T.);
#7165=EDGE_CURVE('',#5885,#5883,#2193,.T.);
#7166=EDGE_CURVE('',#5886,#5884,#2194,.T.);
#7167=EDGE_CURVE('',#5885,#5886,#2195,.T.);
#7168=EDGE_CURVE('',#5887,#5885,#2196,.T.);
#7169=EDGE_CURVE('',#5888,#5886,#2197,.T.);
#7170=EDGE_CURVE('',#5887,#5888,#2198,.T.);
#7171=EDGE_CURVE('',#5889,#5887,#2199,.T.);
#7172=EDGE_CURVE('',#5890,#5888,#2200,.T.);
#7173=EDGE_CURVE('',#5889,#5890,#2201,.T.);
#7174=EDGE_CURVE('',#5891,#5889,#2202,.T.);
#7175=EDGE_CURVE('',#5892,#5890,#2203,.T.);
#7176=EDGE_CURVE('',#5891,#5892,#2204,.T.);
#7177=EDGE_CURVE('',#5893,#5891,#2205,.T.);
#7178=EDGE_CURVE('',#5894,#5892,#2206,.T.);
#7179=EDGE_CURVE('',#5893,#5894,#2207,.T.);
#7180=EDGE_CURVE('',#5895,#5893,#2208,.T.);
#7181=EDGE_CURVE('',#5896,#5894,#2209,.T.);
#7182=EDGE_CURVE('',#5895,#5896,#2210,.T.);
#7183=EDGE_CURVE('',#5897,#5895,#2211,.T.);
#7184=EDGE_CURVE('',#5898,#5896,#2212,.T.);
#7185=EDGE_CURVE('',#5897,#5898,#2213,.T.);
#7186=EDGE_CURVE('',#5899,#5897,#2214,.T.);
#7187=EDGE_CURVE('',#5900,#5898,#2215,.T.);
#7188=EDGE_CURVE('',#5899,#5900,#2216,.T.);
#7189=EDGE_CURVE('',#5901,#5899,#2217,.T.);
#7190=EDGE_CURVE('',#5902,#5900,#2218,.T.);
#7191=EDGE_CURVE('',#5901,#5902,#2219,.T.);
#7192=EDGE_CURVE('',#5903,#5901,#2220,.T.);
#7193=EDGE_CURVE('',#5904,#5902,#2221,.T.);
#7194=EDGE_CURVE('',#5903,#5904,#2222,.T.);
#7195=EDGE_CURVE('',#5905,#5903,#2223,.T.);
#7196=EDGE_CURVE('',#5906,#5904,#2224,.T.);
#7197=EDGE_CURVE('',#5905,#5906,#2225,.T.);
#7198=EDGE_CURVE('',#5907,#5905,#2226,.T.);
#7199=EDGE_CURVE('',#5908,#5906,#2227,.T.);
#7200=EDGE_CURVE('',#5907,#5908,#2228,.T.);
#7201=EDGE_CURVE('',#5909,#5907,#2229,.T.);
#7202=EDGE_CURVE('',#5910,#5908,#2230,.T.);
#7203=EDGE_CURVE('',#5909,#5910,#2231,.T.);
#7204=EDGE_CURVE('',#5911,#5909,#2232,.T.);
#7205=EDGE_CURVE('',#5912,#5910,#2233,.T.);
#7206=EDGE_CURVE('',#5911,#5912,#2234,.T.);
#7207=EDGE_CURVE('',#5913,#5911,#2235,.T.);
#7208=EDGE_CURVE('',#5914,#5912,#2236,.T.);
#7209=EDGE_CURVE('',#5913,#5914,#2237,.T.);
#7210=EDGE_CURVE('',#5915,#5913,#2238,.T.);
#7211=EDGE_CURVE('',#5916,#5914,#2239,.T.);
#7212=EDGE_CURVE('',#5915,#5916,#2240,.T.);
#7213=EDGE_CURVE('',#5917,#5915,#2241,.T.);
#7214=EDGE_CURVE('',#5918,#5916,#2242,.T.);
#7215=EDGE_CURVE('',#5917,#5918,#2243,.T.);
#7216=EDGE_CURVE('',#5919,#5917,#2244,.T.);
#7217=EDGE_CURVE('',#5920,#5918,#2245,.T.);
#7218=EDGE_CURVE('',#5919,#5920,#2246,.T.);
#7219=EDGE_CURVE('',#5921,#5919,#2247,.T.);
#7220=EDGE_CURVE('',#5922,#5920,#2248,.T.);
#7221=EDGE_CURVE('',#5921,#5922,#2249,.T.);
#7222=EDGE_CURVE('',#5923,#5921,#2250,.T.);
#7223=EDGE_CURVE('',#5924,#5922,#2251,.T.);
#7224=EDGE_CURVE('',#5923,#5924,#2252,.T.);
#7225=EDGE_CURVE('',#5925,#5923,#2253,.T.);
#7226=EDGE_CURVE('',#5926,#5924,#2254,.T.);
#7227=EDGE_CURVE('',#5925,#5926,#2255,.T.);
#7228=EDGE_CURVE('',#5832,#5925,#2256,.T.);
#7229=EDGE_CURVE('',#5833,#5926,#2257,.T.);
#7230=EDGE_CURVE('',#5927,#5927,#5789,.T.);
#7231=EDGE_CURVE('',#5927,#5928,#2258,.T.);
#7232=EDGE_CURVE('',#5928,#5928,#5790,.T.);
#7233=EDGE_CURVE('',#5929,#5930,#2259,.T.);
#7234=EDGE_CURVE('',#5930,#5931,#2260,.T.);
#7235=EDGE_CURVE('',#5932,#5931,#2261,.T.);
#7236=EDGE_CURVE('',#5929,#5932,#2262,.T.);
#7237=EDGE_CURVE('',#5933,#5929,#2263,.T.);
#7238=EDGE_CURVE('',#5934,#5932,#2264,.T.);
#7239=EDGE_CURVE('',#5933,#5934,#2265,.T.);
#7240=EDGE_CURVE('',#5935,#5933,#2266,.T.);
#7241=EDGE_CURVE('',#5936,#5934,#2267,.T.);
#7242=EDGE_CURVE('',#5935,#5936,#2268,.T.);
#7243=EDGE_CURVE('',#5937,#5935,#2269,.T.);
#7244=EDGE_CURVE('',#5938,#5936,#2270,.T.);
#7245=EDGE_CURVE('',#5937,#5938,#2271,.T.);
#7246=EDGE_CURVE('',#5939,#5937,#2272,.T.);
#7247=EDGE_CURVE('',#5940,#5938,#2273,.T.);
#7248=EDGE_CURVE('',#5939,#5940,#2274,.T.);
#7249=EDGE_CURVE('',#5941,#5939,#2275,.T.);
#7250=EDGE_CURVE('',#5942,#5940,#2276,.T.);
#7251=EDGE_CURVE('',#5941,#5942,#2277,.T.);
#7252=EDGE_CURVE('',#5943,#5941,#2278,.T.);
#7253=EDGE_CURVE('',#5944,#5942,#2279,.T.);
#7254=EDGE_CURVE('',#5943,#5944,#2280,.T.);
#7255=EDGE_CURVE('',#5945,#5943,#2281,.T.);
#7256=EDGE_CURVE('',#5946,#5944,#2282,.T.);
#7257=EDGE_CURVE('',#5945,#5946,#2283,.T.);
#7258=EDGE_CURVE('',#5947,#5945,#2284,.T.);
#7259=EDGE_CURVE('',#5948,#5946,#2285,.T.);
#7260=EDGE_CURVE('',#5947,#5948,#2286,.T.);
#7261=EDGE_CURVE('',#5949,#5947,#2287,.T.);
#7262=EDGE_CURVE('',#5950,#5948,#2288,.T.);
#7263=EDGE_CURVE('',#5949,#5950,#2289,.T.);
#7264=EDGE_CURVE('',#5951,#5949,#2290,.T.);
#7265=EDGE_CURVE('',#5952,#5950,#2291,.T.);
#7266=EDGE_CURVE('',#5951,#5952,#2292,.T.);
#7267=EDGE_CURVE('',#5953,#5951,#2293,.T.);
#7268=EDGE_CURVE('',#5954,#5952,#2294,.T.);
#7269=EDGE_CURVE('',#5953,#5954,#2295,.T.);
#7270=EDGE_CURVE('',#5955,#5953,#2296,.T.);
#7271=EDGE_CURVE('',#5956,#5954,#2297,.T.);
#7272=EDGE_CURVE('',#5955,#5956,#2298,.T.);
#7273=EDGE_CURVE('',#5957,#5955,#2299,.T.);
#7274=EDGE_CURVE('',#5958,#5956,#2300,.T.);
#7275=EDGE_CURVE('',#5957,#5958,#2301,.T.);
#7276=EDGE_CURVE('',#5959,#5957,#2302,.T.);
#7277=EDGE_CURVE('',#5960,#5958,#2303,.T.);
#7278=EDGE_CURVE('',#5959,#5960,#2304,.T.);
#7279=EDGE_CURVE('',#5961,#5959,#2305,.T.);
#7280=EDGE_CURVE('',#5962,#5960,#2306,.T.);
#7281=EDGE_CURVE('',#5961,#5962,#2307,.T.);
#7282=EDGE_CURVE('',#5963,#5961,#2308,.T.);
#7283=EDGE_CURVE('',#5964,#5962,#2309,.T.);
#7284=EDGE_CURVE('',#5963,#5964,#2310,.T.);
#7285=EDGE_CURVE('',#5965,#5963,#2311,.T.);
#7286=EDGE_CURVE('',#5966,#5964,#2312,.T.);
#7287=EDGE_CURVE('',#5965,#5966,#2313,.T.);
#7288=EDGE_CURVE('',#5967,#5965,#2314,.T.);
#7289=EDGE_CURVE('',#5968,#5966,#2315,.T.);
#7290=EDGE_CURVE('',#5967,#5968,#2316,.T.);
#7291=EDGE_CURVE('',#5969,#5967,#2317,.T.);
#7292=EDGE_CURVE('',#5970,#5968,#2318,.T.);
#7293=EDGE_CURVE('',#5969,#5970,#2319,.T.);
#7294=EDGE_CURVE('',#5971,#5969,#2320,.T.);
#7295=EDGE_CURVE('',#5972,#5970,#2321,.T.);
#7296=EDGE_CURVE('',#5971,#5972,#2322,.T.);
#7297=EDGE_CURVE('',#5973,#5971,#2323,.T.);
#7298=EDGE_CURVE('',#5974,#5972,#2324,.T.);
#7299=EDGE_CURVE('',#5973,#5974,#2325,.T.);
#7300=EDGE_CURVE('',#5975,#5973,#2326,.T.);
#7301=EDGE_CURVE('',#5976,#5974,#2327,.T.);
#7302=EDGE_CURVE('',#5975,#5976,#2328,.T.);
#7303=EDGE_CURVE('',#5977,#5975,#2329,.T.);
#7304=EDGE_CURVE('',#5978,#5976,#2330,.T.);
#7305=EDGE_CURVE('',#5977,#5978,#2331,.T.);
#7306=EDGE_CURVE('',#5979,#5977,#2332,.T.);
#7307=EDGE_CURVE('',#5980,#5978,#2333,.T.);
#7308=EDGE_CURVE('',#5979,#5980,#2334,.T.);
#7309=EDGE_CURVE('',#5981,#5979,#2335,.T.);
#7310=EDGE_CURVE('',#5982,#5980,#2336,.T.);
#7311=EDGE_CURVE('',#5981,#5982,#2337,.T.);
#7312=EDGE_CURVE('',#5983,#5981,#2338,.T.);
#7313=EDGE_CURVE('',#5984,#5982,#2339,.T.);
#7314=EDGE_CURVE('',#5983,#5984,#2340,.T.);
#7315=EDGE_CURVE('',#5985,#5983,#2341,.T.);
#7316=EDGE_CURVE('',#5986,#5984,#2342,.T.);
#7317=EDGE_CURVE('',#5985,#5986,#2343,.T.);
#7318=EDGE_CURVE('',#5987,#5985,#2344,.T.);
#7319=EDGE_CURVE('',#5988,#5986,#2345,.T.);
#7320=EDGE_CURVE('',#5987,#5988,#2346,.T.);
#7321=EDGE_CURVE('',#5989,#5987,#2347,.T.);
#7322=EDGE_CURVE('',#5990,#5988,#2348,.T.);
#7323=EDGE_CURVE('',#5989,#5990,#2349,.T.);
#7324=EDGE_CURVE('',#5991,#5989,#2350,.T.);
#7325=EDGE_CURVE('',#5992,#5990,#2351,.T.);
#7326=EDGE_CURVE('',#5991,#5992,#2352,.T.);
#7327=EDGE_CURVE('',#5993,#5991,#2353,.T.);
#7328=EDGE_CURVE('',#5994,#5992,#2354,.T.);
#7329=EDGE_CURVE('',#5993,#5994,#2355,.T.);
#7330=EDGE_CURVE('',#5995,#5993,#2356,.T.);
#7331=EDGE_CURVE('',#5996,#5994,#2357,.T.);
#7332=EDGE_CURVE('',#5995,#5996,#2358,.T.);
#7333=EDGE_CURVE('',#5997,#5995,#2359,.T.);
#7334=EDGE_CURVE('',#5998,#5996,#2360,.T.);
#7335=EDGE_CURVE('',#5997,#5998,#2361,.T.);
#7336=EDGE_CURVE('',#5999,#5997,#2362,.T.);
#7337=EDGE_CURVE('',#6000,#5998,#2363,.T.);
#7338=EDGE_CURVE('',#5999,#6000,#2364,.T.);
#7339=EDGE_CURVE('',#6001,#5999,#2365,.T.);
#7340=EDGE_CURVE('',#6002,#6000,#2366,.T.);
#7341=EDGE_CURVE('',#6001,#6002,#2367,.T.);
#7342=EDGE_CURVE('',#6003,#6001,#2368,.T.);
#7343=EDGE_CURVE('',#6004,#6002,#2369,.T.);
#7344=EDGE_CURVE('',#6003,#6004,#2370,.T.);
#7345=EDGE_CURVE('',#6005,#6003,#2371,.T.);
#7346=EDGE_CURVE('',#6006,#6004,#2372,.T.);
#7347=EDGE_CURVE('',#6005,#6006,#2373,.T.);
#7348=EDGE_CURVE('',#6007,#6005,#2374,.T.);
#7349=EDGE_CURVE('',#6008,#6006,#2375,.T.);
#7350=EDGE_CURVE('',#6007,#6008,#2376,.T.);
#7351=EDGE_CURVE('',#6009,#6007,#2377,.T.);
#7352=EDGE_CURVE('',#6010,#6008,#2378,.T.);
#7353=EDGE_CURVE('',#6009,#6010,#2379,.T.);
#7354=EDGE_CURVE('',#6011,#6009,#2380,.T.);
#7355=EDGE_CURVE('',#6012,#6010,#2381,.T.);
#7356=EDGE_CURVE('',#6011,#6012,#2382,.T.);
#7357=EDGE_CURVE('',#6013,#6011,#2383,.T.);
#7358=EDGE_CURVE('',#6014,#6012,#2384,.T.);
#7359=EDGE_CURVE('',#6013,#6014,#2385,.T.);
#7360=EDGE_CURVE('',#6015,#6013,#2386,.T.);
#7361=EDGE_CURVE('',#6016,#6014,#2387,.T.);
#7362=EDGE_CURVE('',#6015,#6016,#2388,.T.);
#7363=EDGE_CURVE('',#6017,#6015,#2389,.T.);
#7364=EDGE_CURVE('',#6018,#6016,#2390,.T.);
#7365=EDGE_CURVE('',#6017,#6018,#2391,.T.);
#7366=EDGE_CURVE('',#6019,#6017,#2392,.T.);
#7367=EDGE_CURVE('',#6020,#6018,#2393,.T.);
#7368=EDGE_CURVE('',#6019,#6020,#2394,.T.);
#7369=EDGE_CURVE('',#6021,#6019,#2395,.T.);
#7370=EDGE_CURVE('',#6022,#6020,#2396,.T.);
#7371=EDGE_CURVE('',#6021,#6022,#2397,.T.);
#7372=EDGE_CURVE('',#6023,#6021,#2398,.T.);
#7373=EDGE_CURVE('',#6024,#6022,#2399,.T.);
#7374=EDGE_CURVE('',#6023,#6024,#2400,.T.);
#7375=EDGE_CURVE('',#5930,#6023,#2401,.T.);
#7376=EDGE_CURVE('',#5931,#6024,#2402,.T.);
#7377=EDGE_CURVE('',#6025,#6025,#5791,.T.);
#7378=EDGE_CURVE('',#6025,#6026,#2403,.T.);
#7379=EDGE_CURVE('',#6026,#6026,#5792,.T.);
#7380=EDGE_CURVE('',#6027,#6028,#2404,.T.);
#7381=EDGE_CURVE('',#6028,#6029,#2405,.T.);
#7382=EDGE_CURVE('',#6030,#6029,#2406,.T.);
#7383=EDGE_CURVE('',#6027,#6030,#2407,.T.);
#7384=EDGE_CURVE('',#6031,#6027,#2408,.T.);
#7385=EDGE_CURVE('',#6032,#6030,#2409,.T.);
#7386=EDGE_CURVE('',#6031,#6032,#2410,.T.);
#7387=EDGE_CURVE('',#6033,#6031,#2411,.T.);
#7388=EDGE_CURVE('',#6034,#6032,#2412,.T.);
#7389=EDGE_CURVE('',#6033,#6034,#2413,.T.);
#7390=EDGE_CURVE('',#6035,#6033,#2414,.T.);
#7391=EDGE_CURVE('',#6036,#6034,#2415,.T.);
#7392=EDGE_CURVE('',#6035,#6036,#2416,.T.);
#7393=EDGE_CURVE('',#6037,#6035,#2417,.T.);
#7394=EDGE_CURVE('',#6038,#6036,#2418,.T.);
#7395=EDGE_CURVE('',#6037,#6038,#2419,.T.);
#7396=EDGE_CURVE('',#6039,#6037,#2420,.T.);
#7397=EDGE_CURVE('',#6040,#6038,#2421,.T.);
#7398=EDGE_CURVE('',#6039,#6040,#2422,.T.);
#7399=EDGE_CURVE('',#6041,#6039,#2423,.T.);
#7400=EDGE_CURVE('',#6042,#6040,#2424,.T.);
#7401=EDGE_CURVE('',#6041,#6042,#2425,.T.);
#7402=EDGE_CURVE('',#6043,#6041,#2426,.T.);
#7403=EDGE_CURVE('',#6044,#6042,#2427,.T.);
#7404=EDGE_CURVE('',#6043,#6044,#2428,.T.);
#7405=EDGE_CURVE('',#6045,#6043,#2429,.T.);
#7406=EDGE_CURVE('',#6046,#6044,#2430,.T.);
#7407=EDGE_CURVE('',#6045,#6046,#2431,.T.);
#7408=EDGE_CURVE('',#6047,#6045,#2432,.T.);
#7409=EDGE_CURVE('',#6048,#6046,#2433,.T.);
#7410=EDGE_CURVE('',#6047,#6048,#2434,.T.);
#7411=EDGE_CURVE('',#6049,#6047,#2435,.T.);
#7412=EDGE_CURVE('',#6050,#6048,#2436,.T.);
#7413=EDGE_CURVE('',#6049,#6050,#2437,.T.);
#7414=EDGE_CURVE('',#6051,#6049,#2438,.T.);
#7415=EDGE_CURVE('',#6052,#6050,#2439,.T.);
#7416=EDGE_CURVE('',#6051,#6052,#2440,.T.);
#7417=EDGE_CURVE('',#6053,#6051,#2441,.T.);
#7418=EDGE_CURVE('',#6054,#6052,#2442,.T.);
#7419=EDGE_CURVE('',#6053,#6054,#2443,.T.);
#7420=EDGE_CURVE('',#6055,#6053,#2444,.T.);
#7421=EDGE_CURVE('',#6056,#6054,#2445,.T.);
#7422=EDGE_CURVE('',#6055,#6056,#2446,.T.);
#7423=EDGE_CURVE('',#6057,#6055,#2447,.T.);
#7424=EDGE_CURVE('',#6058,#6056,#2448,.T.);
#7425=EDGE_CURVE('',#6057,#6058,#2449,.T.);
#7426=EDGE_CURVE('',#6059,#6057,#2450,.T.);
#7427=EDGE_CURVE('',#6060,#6058,#2451,.T.);
#7428=EDGE_CURVE('',#6059,#6060,#2452,.T.);
#7429=EDGE_CURVE('',#6061,#6059,#2453,.T.);
#7430=EDGE_CURVE('',#6062,#6060,#2454,.T.);
#7431=EDGE_CURVE('',#6061,#6062,#2455,.T.);
#7432=EDGE_CURVE('',#6063,#6061,#2456,.T.);
#7433=EDGE_CURVE('',#6064,#6062,#2457,.T.);
#7434=EDGE_CURVE('',#6063,#6064,#2458,.T.);
#7435=EDGE_CURVE('',#6065,#6063,#2459,.T.);
#7436=EDGE_CURVE('',#6066,#6064,#2460,.T.);
#7437=EDGE_CURVE('',#6065,#6066,#2461,.T.);
#7438=EDGE_CURVE('',#6067,#6065,#2462,.T.);
#7439=EDGE_CURVE('',#6068,#6066,#2463,.T.);
#7440=EDGE_CURVE('',#6067,#6068,#2464,.T.);
#7441=EDGE_CURVE('',#6069,#6067,#2465,.T.);
#7442=EDGE_CURVE('',#6070,#6068,#2466,.T.);
#7443=EDGE_CURVE('',#6069,#6070,#2467,.T.);
#7444=EDGE_CURVE('',#6071,#6069,#2468,.T.);
#7445=EDGE_CURVE('',#6072,#6070,#2469,.T.);
#7446=EDGE_CURVE('',#6071,#6072,#2470,.T.);
#7447=EDGE_CURVE('',#6073,#6071,#2471,.T.);
#7448=EDGE_CURVE('',#6074,#6072,#2472,.T.);
#7449=EDGE_CURVE('',#6073,#6074,#2473,.T.);
#7450=EDGE_CURVE('',#6075,#6073,#2474,.T.);
#7451=EDGE_CURVE('',#6076,#6074,#2475,.T.);
#7452=EDGE_CURVE('',#6075,#6076,#2476,.T.);
#7453=EDGE_CURVE('',#6077,#6075,#2477,.T.);
#7454=EDGE_CURVE('',#6078,#6076,#2478,.T.);
#7455=EDGE_CURVE('',#6077,#6078,#2479,.T.);
#7456=EDGE_CURVE('',#6079,#6077,#2480,.T.);
#7457=EDGE_CURVE('',#6080,#6078,#2481,.T.);
#7458=EDGE_CURVE('',#6079,#6080,#2482,.T.);
#7459=EDGE_CURVE('',#6081,#6079,#2483,.T.);
#7460=EDGE_CURVE('',#6082,#6080,#2484,.T.);
#7461=EDGE_CURVE('',#6081,#6082,#2485,.T.);
#7462=EDGE_CURVE('',#6083,#6081,#2486,.T.);
#7463=EDGE_CURVE('',#6084,#6082,#2487,.T.);
#7464=EDGE_CURVE('',#6083,#6084,#2488,.T.);
#7465=EDGE_CURVE('',#6085,#6083,#2489,.T.);
#7466=EDGE_CURVE('',#6086,#6084,#2490,.T.);
#7467=EDGE_CURVE('',#6085,#6086,#2491,.T.);
#7468=EDGE_CURVE('',#6087,#6085,#2492,.T.);
#7469=EDGE_CURVE('',#6088,#6086,#2493,.T.);
#7470=EDGE_CURVE('',#6087,#6088,#2494,.T.);
#7471=EDGE_CURVE('',#6089,#6087,#2495,.T.);
#7472=EDGE_CURVE('',#6090,#6088,#2496,.T.);
#7473=EDGE_CURVE('',#6089,#6090,#2497,.T.);
#7474=EDGE_CURVE('',#6091,#6089,#2498,.T.);
#7475=EDGE_CURVE('',#6092,#6090,#2499,.T.);
#7476=EDGE_CURVE('',#6091,#6092,#2500,.T.);
#7477=EDGE_CURVE('',#6093,#6091,#2501,.T.);
#7478=EDGE_CURVE('',#6094,#6092,#2502,.T.);
#7479=EDGE_CURVE('',#6093,#6094,#2503,.T.);
#7480=EDGE_CURVE('',#6095,#6093,#2504,.T.);
#7481=EDGE_CURVE('',#6096,#6094,#2505,.T.);
#7482=EDGE_CURVE('',#6095,#6096,#2506,.T.);
#7483=EDGE_CURVE('',#6097,#6095,#2507,.T.);
#7484=EDGE_CURVE('',#6098,#6096,#2508,.T.);
#7485=EDGE_CURVE('',#6097,#6098,#2509,.T.);
#7486=EDGE_CURVE('',#6099,#6097,#2510,.T.);
#7487=EDGE_CURVE('',#6100,#6098,#2511,.T.);
#7488=EDGE_CURVE('',#6099,#6100,#2512,.T.);
#7489=EDGE_CURVE('',#6101,#6099,#2513,.T.);
#7490=EDGE_CURVE('',#6102,#6100,#2514,.T.);
#7491=EDGE_CURVE('',#6101,#6102,#2515,.T.);
#7492=EDGE_CURVE('',#6103,#6101,#2516,.T.);
#7493=EDGE_CURVE('',#6104,#6102,#2517,.T.);
#7494=EDGE_CURVE('',#6103,#6104,#2518,.T.);
#7495=EDGE_CURVE('',#6105,#6103,#2519,.T.);
#7496=EDGE_CURVE('',#6106,#6104,#2520,.T.);
#7497=EDGE_CURVE('',#6105,#6106,#2521,.T.);
#7498=EDGE_CURVE('',#6107,#6105,#2522,.T.);
#7499=EDGE_CURVE('',#6108,#6106,#2523,.T.);
#7500=EDGE_CURVE('',#6107,#6108,#2524,.T.);
#7501=EDGE_CURVE('',#6109,#6107,#2525,.T.);
#7502=EDGE_CURVE('',#6110,#6108,#2526,.T.);
#7503=EDGE_CURVE('',#6109,#6110,#2527,.T.);
#7504=EDGE_CURVE('',#6111,#6109,#2528,.T.);
#7505=EDGE_CURVE('',#6112,#6110,#2529,.T.);
#7506=EDGE_CURVE('',#6111,#6112,#2530,.T.);
#7507=EDGE_CURVE('',#6113,#6111,#2531,.T.);
#7508=EDGE_CURVE('',#6114,#6112,#2532,.T.);
#7509=EDGE_CURVE('',#6113,#6114,#2533,.T.);
#7510=EDGE_CURVE('',#6115,#6113,#2534,.T.);
#7511=EDGE_CURVE('',#6116,#6114,#2535,.T.);
#7512=EDGE_CURVE('',#6115,#6116,#2536,.T.);
#7513=EDGE_CURVE('',#6117,#6115,#2537,.T.);
#7514=EDGE_CURVE('',#6118,#6116,#2538,.T.);
#7515=EDGE_CURVE('',#6117,#6118,#2539,.T.);
#7516=EDGE_CURVE('',#6119,#6117,#2540,.T.);
#7517=EDGE_CURVE('',#6120,#6118,#2541,.T.);
#7518=EDGE_CURVE('',#6119,#6120,#2542,.T.);
#7519=EDGE_CURVE('',#6121,#6119,#2543,.T.);
#7520=EDGE_CURVE('',#6122,#6120,#2544,.T.);
#7521=EDGE_CURVE('',#6121,#6122,#2545,.T.);
#7522=EDGE_CURVE('',#6028,#6121,#2546,.T.);
#7523=EDGE_CURVE('',#6029,#6122,#2547,.T.);
#7524=EDGE_CURVE('',#6123,#6123,#5793,.T.);
#7525=EDGE_CURVE('',#6123,#6124,#2548,.T.);
#7526=EDGE_CURVE('',#6124,#6124,#5794,.T.);
#7527=EDGE_CURVE('',#6125,#6126,#2549,.T.);
#7528=EDGE_CURVE('',#6126,#6127,#2550,.T.);
#7529=EDGE_CURVE('',#6128,#6127,#2551,.T.);
#7530=EDGE_CURVE('',#6125,#6128,#2552,.T.);
#7531=EDGE_CURVE('',#6129,#6125,#2553,.T.);
#7532=EDGE_CURVE('',#6130,#6128,#2554,.T.);
#7533=EDGE_CURVE('',#6129,#6130,#2555,.T.);
#7534=EDGE_CURVE('',#6131,#6129,#2556,.T.);
#7535=EDGE_CURVE('',#6132,#6130,#2557,.T.);
#7536=EDGE_CURVE('',#6131,#6132,#2558,.T.);
#7537=EDGE_CURVE('',#6133,#6131,#2559,.T.);
#7538=EDGE_CURVE('',#6134,#6132,#2560,.T.);
#7539=EDGE_CURVE('',#6133,#6134,#2561,.T.);
#7540=EDGE_CURVE('',#6135,#6133,#2562,.T.);
#7541=EDGE_CURVE('',#6136,#6134,#2563,.T.);
#7542=EDGE_CURVE('',#6135,#6136,#2564,.T.);
#7543=EDGE_CURVE('',#6137,#6135,#2565,.T.);
#7544=EDGE_CURVE('',#6138,#6136,#2566,.T.);
#7545=EDGE_CURVE('',#6137,#6138,#2567,.T.);
#7546=EDGE_CURVE('',#6139,#6137,#2568,.T.);
#7547=EDGE_CURVE('',#6140,#6138,#2569,.T.);
#7548=EDGE_CURVE('',#6139,#6140,#2570,.T.);
#7549=EDGE_CURVE('',#6141,#6139,#2571,.T.);
#7550=EDGE_CURVE('',#6142,#6140,#2572,.T.);
#7551=EDGE_CURVE('',#6141,#6142,#2573,.T.);
#7552=EDGE_CURVE('',#6143,#6141,#2574,.T.);
#7553=EDGE_CURVE('',#6144,#6142,#2575,.T.);
#7554=EDGE_CURVE('',#6143,#6144,#2576,.T.);
#7555=EDGE_CURVE('',#6145,#6143,#2577,.T.);
#7556=EDGE_CURVE('',#6146,#6144,#2578,.T.);
#7557=EDGE_CURVE('',#6145,#6146,#2579,.T.);
#7558=EDGE_CURVE('',#6147,#6145,#2580,.T.);
#7559=EDGE_CURVE('',#6148,#6146,#2581,.T.);
#7560=EDGE_CURVE('',#6147,#6148,#2582,.T.);
#7561=EDGE_CURVE('',#6149,#6147,#2583,.T.);
#7562=EDGE_CURVE('',#6150,#6148,#2584,.T.);
#7563=EDGE_CURVE('',#6149,#6150,#2585,.T.);
#7564=EDGE_CURVE('',#6151,#6149,#2586,.T.);
#7565=EDGE_CURVE('',#6152,#6150,#2587,.T.);
#7566=EDGE_CURVE('',#6151,#6152,#2588,.T.);
#7567=EDGE_CURVE('',#6153,#6151,#2589,.T.);
#7568=EDGE_CURVE('',#6154,#6152,#2590,.T.);
#7569=EDGE_CURVE('',#6153,#6154,#2591,.T.);
#7570=EDGE_CURVE('',#6155,#6153,#2592,.T.);
#7571=EDGE_CURVE('',#6156,#6154,#2593,.T.);
#7572=EDGE_CURVE('',#6155,#6156,#2594,.T.);
#7573=EDGE_CURVE('',#6157,#6155,#2595,.T.);
#7574=EDGE_CURVE('',#6158,#6156,#2596,.T.);
#7575=EDGE_CURVE('',#6157,#6158,#2597,.T.);
#7576=EDGE_CURVE('',#6159,#6157,#2598,.T.);
#7577=EDGE_CURVE('',#6160,#6158,#2599,.T.);
#7578=EDGE_CURVE('',#6159,#6160,#2600,.T.);
#7579=EDGE_CURVE('',#6161,#6159,#2601,.T.);
#7580=EDGE_CURVE('',#6162,#6160,#2602,.T.);
#7581=EDGE_CURVE('',#6161,#6162,#2603,.T.);
#7582=EDGE_CURVE('',#6163,#6161,#2604,.T.);
#7583=EDGE_CURVE('',#6164,#6162,#2605,.T.);
#7584=EDGE_CURVE('',#6163,#6164,#2606,.T.);
#7585=EDGE_CURVE('',#6165,#6163,#2607,.T.);
#7586=EDGE_CURVE('',#6166,#6164,#2608,.T.);
#7587=EDGE_CURVE('',#6165,#6166,#2609,.T.);
#7588=EDGE_CURVE('',#6167,#6165,#2610,.T.);
#7589=EDGE_CURVE('',#6168,#6166,#2611,.T.);
#7590=EDGE_CURVE('',#6167,#6168,#2612,.T.);
#7591=EDGE_CURVE('',#6169,#6167,#2613,.T.);
#7592=EDGE_CURVE('',#6170,#6168,#2614,.T.);
#7593=EDGE_CURVE('',#6169,#6170,#2615,.T.);
#7594=EDGE_CURVE('',#6171,#6169,#2616,.T.);
#7595=EDGE_CURVE('',#6172,#6170,#2617,.T.);
#7596=EDGE_CURVE('',#6171,#6172,#2618,.T.);
#7597=EDGE_CURVE('',#6173,#6171,#2619,.T.);
#7598=EDGE_CURVE('',#6174,#6172,#2620,.T.);
#7599=EDGE_CURVE('',#6173,#6174,#2621,.T.);
#7600=EDGE_CURVE('',#6175,#6173,#2622,.T.);
#7601=EDGE_CURVE('',#6176,#6174,#2623,.T.);
#7602=EDGE_CURVE('',#6175,#6176,#2624,.T.);
#7603=EDGE_CURVE('',#6177,#6175,#2625,.T.);
#7604=EDGE_CURVE('',#6178,#6176,#2626,.T.);
#7605=EDGE_CURVE('',#6177,#6178,#2627,.T.);
#7606=EDGE_CURVE('',#6179,#6177,#2628,.T.);
#7607=EDGE_CURVE('',#6180,#6178,#2629,.T.);
#7608=EDGE_CURVE('',#6179,#6180,#2630,.T.);
#7609=EDGE_CURVE('',#6181,#6179,#2631,.T.);
#7610=EDGE_CURVE('',#6182,#6180,#2632,.T.);
#7611=EDGE_CURVE('',#6181,#6182,#2633,.T.);
#7612=EDGE_CURVE('',#6183,#6181,#2634,.T.);
#7613=EDGE_CURVE('',#6184,#6182,#2635,.T.);
#7614=EDGE_CURVE('',#6183,#6184,#2636,.T.);
#7615=EDGE_CURVE('',#6185,#6183,#2637,.T.);
#7616=EDGE_CURVE('',#6186,#6184,#2638,.T.);
#7617=EDGE_CURVE('',#6185,#6186,#2639,.T.);
#7618=EDGE_CURVE('',#6187,#6185,#2640,.T.);
#7619=EDGE_CURVE('',#6188,#6186,#2641,.T.);
#7620=EDGE_CURVE('',#6187,#6188,#2642,.T.);
#7621=EDGE_CURVE('',#6189,#6187,#2643,.T.);
#7622=EDGE_CURVE('',#6190,#6188,#2644,.T.);
#7623=EDGE_CURVE('',#6189,#6190,#2645,.T.);
#7624=EDGE_CURVE('',#6191,#6189,#2646,.T.);
#7625=EDGE_CURVE('',#6192,#6190,#2647,.T.);
#7626=EDGE_CURVE('',#6191,#6192,#2648,.T.);
#7627=EDGE_CURVE('',#6193,#6191,#2649,.T.);
#7628=EDGE_CURVE('',#6194,#6192,#2650,.T.);
#7629=EDGE_CURVE('',#6193,#6194,#2651,.T.);
#7630=EDGE_CURVE('',#6195,#6193,#2652,.T.);
#7631=EDGE_CURVE('',#6196,#6194,#2653,.T.);
#7632=EDGE_CURVE('',#6195,#6196,#2654,.T.);
#7633=EDGE_CURVE('',#6197,#6195,#2655,.T.);
#7634=EDGE_CURVE('',#6198,#6196,#2656,.T.);
#7635=EDGE_CURVE('',#6197,#6198,#2657,.T.);
#7636=EDGE_CURVE('',#6199,#6197,#2658,.T.);
#7637=EDGE_CURVE('',#6200,#6198,#2659,.T.);
#7638=EDGE_CURVE('',#6199,#6200,#2660,.T.);
#7639=EDGE_CURVE('',#6201,#6199,#2661,.T.);
#7640=EDGE_CURVE('',#6202,#6200,#2662,.T.);
#7641=EDGE_CURVE('',#6201,#6202,#2663,.T.);
#7642=EDGE_CURVE('',#6203,#6201,#2664,.T.);
#7643=EDGE_CURVE('',#6204,#6202,#2665,.T.);
#7644=EDGE_CURVE('',#6203,#6204,#2666,.T.);
#7645=EDGE_CURVE('',#6205,#6203,#2667,.T.);
#7646=EDGE_CURVE('',#6206,#6204,#2668,.T.);
#7647=EDGE_CURVE('',#6205,#6206,#2669,.T.);
#7648=EDGE_CURVE('',#6207,#6205,#2670,.T.);
#7649=EDGE_CURVE('',#6208,#6206,#2671,.T.);
#7650=EDGE_CURVE('',#6207,#6208,#2672,.T.);
#7651=EDGE_CURVE('',#6209,#6207,#2673,.T.);
#7652=EDGE_CURVE('',#6210,#6208,#2674,.T.);
#7653=EDGE_CURVE('',#6209,#6210,#2675,.T.);
#7654=EDGE_CURVE('',#6211,#6209,#2676,.T.);
#7655=EDGE_CURVE('',#6212,#6210,#2677,.T.);
#7656=EDGE_CURVE('',#6211,#6212,#2678,.T.);
#7657=EDGE_CURVE('',#6213,#6211,#2679,.T.);
#7658=EDGE_CURVE('',#6214,#6212,#2680,.T.);
#7659=EDGE_CURVE('',#6213,#6214,#2681,.T.);
#7660=EDGE_CURVE('',#6215,#6213,#2682,.T.);
#7661=EDGE_CURVE('',#6216,#6214,#2683,.T.);
#7662=EDGE_CURVE('',#6215,#6216,#2684,.T.);
#7663=EDGE_CURVE('',#6217,#6215,#2685,.T.);
#7664=EDGE_CURVE('',#6218,#6216,#2686,.T.);
#7665=EDGE_CURVE('',#6217,#6218,#2687,.T.);
#7666=EDGE_CURVE('',#6219,#6217,#2688,.T.);
#7667=EDGE_CURVE('',#6220,#6218,#2689,.T.);
#7668=EDGE_CURVE('',#6219,#6220,#2690,.T.);
#7669=EDGE_CURVE('',#6126,#6219,#2691,.T.);
#7670=EDGE_CURVE('',#6127,#6220,#2692,.T.);
#7671=EDGE_CURVE('',#6221,#6221,#5795,.T.);
#7672=EDGE_CURVE('',#6221,#6222,#2693,.T.);
#7673=EDGE_CURVE('',#6222,#6222,#5796,.T.);
#7674=EDGE_CURVE('',#6223,#6224,#2694,.T.);
#7675=EDGE_CURVE('',#6224,#6225,#2695,.T.);
#7676=EDGE_CURVE('',#6226,#6225,#2696,.T.);
#7677=EDGE_CURVE('',#6223,#6226,#2697,.T.);
#7678=EDGE_CURVE('',#6227,#6223,#2698,.T.);
#7679=EDGE_CURVE('',#6228,#6226,#2699,.T.);
#7680=EDGE_CURVE('',#6227,#6228,#2700,.T.);
#7681=EDGE_CURVE('',#6229,#6227,#2701,.T.);
#7682=EDGE_CURVE('',#6230,#6228,#2702,.T.);
#7683=EDGE_CURVE('',#6229,#6230,#2703,.T.);
#7684=EDGE_CURVE('',#6231,#6229,#2704,.T.);
#7685=EDGE_CURVE('',#6232,#6230,#2705,.T.);
#7686=EDGE_CURVE('',#6231,#6232,#2706,.T.);
#7687=EDGE_CURVE('',#6233,#6231,#2707,.T.);
#7688=EDGE_CURVE('',#6234,#6232,#2708,.T.);
#7689=EDGE_CURVE('',#6233,#6234,#2709,.T.);
#7690=EDGE_CURVE('',#6235,#6233,#2710,.T.);
#7691=EDGE_CURVE('',#6236,#6234,#2711,.T.);
#7692=EDGE_CURVE('',#6235,#6236,#2712,.T.);
#7693=EDGE_CURVE('',#6237,#6235,#2713,.T.);
#7694=EDGE_CURVE('',#6238,#6236,#2714,.T.);
#7695=EDGE_CURVE('',#6237,#6238,#2715,.T.);
#7696=EDGE_CURVE('',#6239,#6237,#2716,.T.);
#7697=EDGE_CURVE('',#6240,#6238,#2717,.T.);
#7698=EDGE_CURVE('',#6239,#6240,#2718,.T.);
#7699=EDGE_CURVE('',#6241,#6239,#2719,.T.);
#7700=EDGE_CURVE('',#6242,#6240,#2720,.T.);
#7701=EDGE_CURVE('',#6241,#6242,#2721,.T.);
#7702=EDGE_CURVE('',#6243,#6241,#2722,.T.);
#7703=EDGE_CURVE('',#6244,#6242,#2723,.T.);
#7704=EDGE_CURVE('',#6243,#6244,#2724,.T.);
#7705=EDGE_CURVE('',#6245,#6243,#2725,.T.);
#7706=EDGE_CURVE('',#6246,#6244,#2726,.T.);
#7707=EDGE_CURVE('',#6245,#6246,#2727,.T.);
#7708=EDGE_CURVE('',#6247,#6245,#2728,.T.);
#7709=EDGE_CURVE('',#6248,#6246,#2729,.T.);
#7710=EDGE_CURVE('',#6247,#6248,#2730,.T.);
#7711=EDGE_CURVE('',#6249,#6247,#2731,.T.);
#7712=EDGE_CURVE('',#6250,#6248,#2732,.T.);
#7713=EDGE_CURVE('',#6249,#6250,#2733,.T.);
#7714=EDGE_CURVE('',#6251,#6249,#2734,.T.);
#7715=EDGE_CURVE('',#6252,#6250,#2735,.T.);
#7716=EDGE_CURVE('',#6251,#6252,#2736,.T.);
#7717=EDGE_CURVE('',#6253,#6251,#2737,.T.);
#7718=EDGE_CURVE('',#6254,#6252,#2738,.T.);
#7719=EDGE_CURVE('',#6253,#6254,#2739,.T.);
#7720=EDGE_CURVE('',#6255,#6253,#2740,.T.);
#7721=EDGE_CURVE('',#6256,#6254,#2741,.T.);
#7722=EDGE_CURVE('',#6255,#6256,#2742,.T.);
#7723=EDGE_CURVE('',#6257,#6255,#2743,.T.);
#7724=EDGE_CURVE('',#6258,#6256,#2744,.T.);
#7725=EDGE_CURVE('',#6257,#6258,#2745,.T.);
#7726=EDGE_CURVE('',#6259,#6257,#2746,.T.);
#7727=EDGE_CURVE('',#6260,#6258,#2747,.T.);
#7728=EDGE_CURVE('',#6259,#6260,#2748,.T.);
#7729=EDGE_CURVE('',#6261,#6259,#2749,.T.);
#7730=EDGE_CURVE('',#6262,#6260,#2750,.T.);
#7731=EDGE_CURVE('',#6261,#6262,#2751,.T.);
#7732=EDGE_CURVE('',#6263,#6261,#2752,.T.);
#7733=EDGE_CURVE('',#6264,#6262,#2753,.T.);
#7734=EDGE_CURVE('',#6263,#6264,#2754,.T.);
#7735=EDGE_CURVE('',#6265,#6263,#2755,.T.);
#7736=EDGE_CURVE('',#6266,#6264,#2756,.T.);
#7737=EDGE_CURVE('',#6265,#6266,#2757,.T.);
#7738=EDGE_CURVE('',#6267,#6265,#2758,.T.);
#7739=EDGE_CURVE('',#6268,#6266,#2759,.T.);
#7740=EDGE_CURVE('',#6267,#6268,#2760,.T.);
#7741=EDGE_CURVE('',#6269,#6267,#2761,.T.);
#7742=EDGE_CURVE('',#6270,#6268,#2762,.T.);
#7743=EDGE_CURVE('',#6269,#6270,#2763,.T.);
#7744=EDGE_CURVE('',#6271,#6269,#2764,.T.);
#7745=EDGE_CURVE('',#6272,#6270,#2765,.T.);
#7746=EDGE_CURVE('',#6271,#6272,#2766,.T.);
#7747=EDGE_CURVE('',#6273,#6271,#2767,.T.);
#7748=EDGE_CURVE('',#6274,#6272,#2768,.T.);
#7749=EDGE_CURVE('',#6273,#6274,#2769,.T.);
#7750=EDGE_CURVE('',#6275,#6273,#2770,.T.);
#7751=EDGE_CURVE('',#6276,#6274,#2771,.T.);
#7752=EDGE_CURVE('',#6275,#6276,#2772,.T.);
#7753=EDGE_CURVE('',#6277,#6275,#2773,.T.);
#7754=EDGE_CURVE('',#6278,#6276,#2774,.T.);
#7755=EDGE_CURVE('',#6277,#6278,#2775,.T.);
#7756=EDGE_CURVE('',#6279,#6277,#2776,.T.);
#7757=EDGE_CURVE('',#6280,#6278,#2777,.T.);
#7758=EDGE_CURVE('',#6279,#6280,#2778,.T.);
#7759=EDGE_CURVE('',#6281,#6279,#2779,.T.);
#7760=EDGE_CURVE('',#6282,#6280,#2780,.T.);
#7761=EDGE_CURVE('',#6281,#6282,#2781,.T.);
#7762=EDGE_CURVE('',#6283,#6281,#2782,.T.);
#7763=EDGE_CURVE('',#6284,#6282,#2783,.T.);
#7764=EDGE_CURVE('',#6283,#6284,#2784,.T.);
#7765=EDGE_CURVE('',#6285,#6283,#2785,.T.);
#7766=EDGE_CURVE('',#6286,#6284,#2786,.T.);
#7767=EDGE_CURVE('',#6285,#6286,#2787,.T.);
#7768=EDGE_CURVE('',#6287,#6285,#2788,.T.);
#7769=EDGE_CURVE('',#6288,#6286,#2789,.T.);
#7770=EDGE_CURVE('',#6287,#6288,#2790,.T.);
#7771=EDGE_CURVE('',#6289,#6287,#2791,.T.);
#7772=EDGE_CURVE('',#6290,#6288,#2792,.T.);
#7773=EDGE_CURVE('',#6289,#6290,#2793,.T.);
#7774=EDGE_CURVE('',#6291,#6289,#2794,.T.);
#7775=EDGE_CURVE('',#6292,#6290,#2795,.T.);
#7776=EDGE_CURVE('',#6291,#6292,#2796,.T.);
#7777=EDGE_CURVE('',#6293,#6291,#2797,.T.);
#7778=EDGE_CURVE('',#6294,#6292,#2798,.T.);
#7779=EDGE_CURVE('',#6293,#6294,#2799,.T.);
#7780=EDGE_CURVE('',#6295,#6293,#2800,.T.);
#7781=EDGE_CURVE('',#6296,#6294,#2801,.T.);
#7782=EDGE_CURVE('',#6295,#6296,#2802,.T.);
#7783=EDGE_CURVE('',#6297,#6295,#2803,.T.);
#7784=EDGE_CURVE('',#6298,#6296,#2804,.T.);
#7785=EDGE_CURVE('',#6297,#6298,#2805,.T.);
#7786=EDGE_CURVE('',#6299,#6297,#2806,.T.);
#7787=EDGE_CURVE('',#6300,#6298,#2807,.T.);
#7788=EDGE_CURVE('',#6299,#6300,#2808,.T.);
#7789=EDGE_CURVE('',#6301,#6299,#2809,.T.);
#7790=EDGE_CURVE('',#6302,#6300,#2810,.T.);
#7791=EDGE_CURVE('',#6301,#6302,#2811,.T.);
#7792=EDGE_CURVE('',#6303,#6301,#2812,.T.);
#7793=EDGE_CURVE('',#6304,#6302,#2813,.T.);
#7794=EDGE_CURVE('',#6303,#6304,#2814,.T.);
#7795=EDGE_CURVE('',#6305,#6303,#2815,.T.);
#7796=EDGE_CURVE('',#6306,#6304,#2816,.T.);
#7797=EDGE_CURVE('',#6305,#6306,#2817,.T.);
#7798=EDGE_CURVE('',#6307,#6305,#2818,.T.);
#7799=EDGE_CURVE('',#6308,#6306,#2819,.T.);
#7800=EDGE_CURVE('',#6307,#6308,#2820,.T.);
#7801=EDGE_CURVE('',#6309,#6307,#2821,.T.);
#7802=EDGE_CURVE('',#6310,#6308,#2822,.T.);
#7803=EDGE_CURVE('',#6309,#6310,#2823,.T.);
#7804=EDGE_CURVE('',#6311,#6309,#2824,.T.);
#7805=EDGE_CURVE('',#6312,#6310,#2825,.T.);
#7806=EDGE_CURVE('',#6311,#6312,#2826,.T.);
#7807=EDGE_CURVE('',#6313,#6311,#2827,.T.);
#7808=EDGE_CURVE('',#6314,#6312,#2828,.T.);
#7809=EDGE_CURVE('',#6313,#6314,#2829,.T.);
#7810=EDGE_CURVE('',#6315,#6313,#2830,.T.);
#7811=EDGE_CURVE('',#6316,#6314,#2831,.T.);
#7812=EDGE_CURVE('',#6315,#6316,#2832,.T.);
#7813=EDGE_CURVE('',#6317,#6315,#2833,.T.);
#7814=EDGE_CURVE('',#6318,#6316,#2834,.T.);
#7815=EDGE_CURVE('',#6317,#6318,#2835,.T.);
#7816=EDGE_CURVE('',#6224,#6317,#2836,.T.);
#7817=EDGE_CURVE('',#6225,#6318,#2837,.T.);
#7818=EDGE_CURVE('',#6319,#6319,#5797,.T.);
#7819=EDGE_CURVE('',#6319,#6320,#2838,.T.);
#7820=EDGE_CURVE('',#6320,#6320,#5798,.T.);
#7821=EDGE_CURVE('',#6321,#6322,#2839,.T.);
#7822=EDGE_CURVE('',#6322,#6323,#2840,.T.);
#7823=EDGE_CURVE('',#6324,#6323,#2841,.T.);
#7824=EDGE_CURVE('',#6321,#6324,#2842,.T.);
#7825=EDGE_CURVE('',#6325,#6321,#2843,.T.);
#7826=EDGE_CURVE('',#6326,#6324,#2844,.T.);
#7827=EDGE_CURVE('',#6325,#6326,#2845,.T.);
#7828=EDGE_CURVE('',#6327,#6325,#2846,.T.);
#7829=EDGE_CURVE('',#6328,#6326,#2847,.T.);
#7830=EDGE_CURVE('',#6327,#6328,#2848,.T.);
#7831=EDGE_CURVE('',#6329,#6327,#2849,.T.);
#7832=EDGE_CURVE('',#6330,#6328,#2850,.T.);
#7833=EDGE_CURVE('',#6329,#6330,#2851,.T.);
#7834=EDGE_CURVE('',#6331,#6329,#2852,.T.);
#7835=EDGE_CURVE('',#6332,#6330,#2853,.T.);
#7836=EDGE_CURVE('',#6331,#6332,#2854,.T.);
#7837=EDGE_CURVE('',#6333,#6331,#2855,.T.);
#7838=EDGE_CURVE('',#6334,#6332,#2856,.T.);
#7839=EDGE_CURVE('',#6333,#6334,#2857,.T.);
#7840=EDGE_CURVE('',#6335,#6333,#2858,.T.);
#7841=EDGE_CURVE('',#6336,#6334,#2859,.T.);
#7842=EDGE_CURVE('',#6335,#6336,#2860,.T.);
#7843=EDGE_CURVE('',#6337,#6335,#2861,.T.);
#7844=EDGE_CURVE('',#6338,#6336,#2862,.T.);
#7845=EDGE_CURVE('',#6337,#6338,#2863,.T.);
#7846=EDGE_CURVE('',#6339,#6337,#2864,.T.);
#7847=EDGE_CURVE('',#6340,#6338,#2865,.T.);
#7848=EDGE_CURVE('',#6339,#6340,#2866,.T.);
#7849=EDGE_CURVE('',#6341,#6339,#2867,.T.);
#7850=EDGE_CURVE('',#6342,#6340,#2868,.T.);
#7851=EDGE_CURVE('',#6341,#6342,#2869,.T.);
#7852=EDGE_CURVE('',#6343,#6341,#2870,.T.);
#7853=EDGE_CURVE('',#6344,#6342,#2871,.T.);
#7854=EDGE_CURVE('',#6343,#6344,#2872,.T.);
#7855=EDGE_CURVE('',#6345,#6343,#2873,.T.);
#7856=EDGE_CURVE('',#6346,#6344,#2874,.T.);
#7857=EDGE_CURVE('',#6345,#6346,#2875,.T.);
#7858=EDGE_CURVE('',#6347,#6345,#2876,.T.);
#7859=EDGE_CURVE('',#6348,#6346,#2877,.T.);
#7860=EDGE_CURVE('',#6347,#6348,#2878,.T.);
#7861=EDGE_CURVE('',#6349,#6347,#2879,.T.);
#7862=EDGE_CURVE('',#6350,#6348,#2880,.T.);
#7863=EDGE_CURVE('',#6349,#6350,#2881,.T.);
#7864=EDGE_CURVE('',#6351,#6349,#2882,.T.);
#7865=EDGE_CURVE('',#6352,#6350,#2883,.T.);
#7866=EDGE_CURVE('',#6351,#6352,#2884,.T.);
#7867=EDGE_CURVE('',#6353,#6351,#2885,.T.);
#7868=EDGE_CURVE('',#6354,#6352,#2886,.T.);
#7869=EDGE_CURVE('',#6353,#6354,#2887,.T.);
#7870=EDGE_CURVE('',#6355,#6353,#2888,.T.);
#7871=EDGE_CURVE('',#6356,#6354,#2889,.T.);
#7872=EDGE_CURVE('',#6355,#6356,#2890,.T.);
#7873=EDGE_CURVE('',#6357,#6355,#2891,.T.);
#7874=EDGE_CURVE('',#6358,#6356,#2892,.T.);
#7875=EDGE_CURVE('',#6357,#6358,#2893,.T.);
#7876=EDGE_CURVE('',#6359,#6357,#2894,.T.);
#7877=EDGE_CURVE('',#6360,#6358,#2895,.T.);
#7878=EDGE_CURVE('',#6359,#6360,#2896,.T.);
#7879=EDGE_CURVE('',#6361,#6359,#2897,.T.);
#7880=EDGE_CURVE('',#6362,#6360,#2898,.T.);
#7881=EDGE_CURVE('',#6361,#6362,#2899,.T.);
#7882=EDGE_CURVE('',#6363,#6361,#2900,.T.);
#7883=EDGE_CURVE('',#6364,#6362,#2901,.T.);
#7884=EDGE_CURVE('',#6363,#6364,#2902,.T.);
#7885=EDGE_CURVE('',#6365,#6363,#2903,.T.);
#7886=EDGE_CURVE('',#6366,#6364,#2904,.T.);
#7887=EDGE_CURVE('',#6365,#6366,#2905,.T.);
#7888=EDGE_CURVE('',#6367,#6365,#2906,.T.);
#7889=EDGE_CURVE('',#6368,#6366,#2907,.T.);
#7890=EDGE_CURVE('',#6367,#6368,#2908,.T.);
#7891=EDGE_CURVE('',#6369,#6367,#2909,.T.);
#7892=EDGE_CURVE('',#6370,#6368,#2910,.T.);
#7893=EDGE_CURVE('',#6369,#6370,#2911,.T.);
#7894=EDGE_CURVE('',#6371,#6369,#2912,.T.);
#7895=EDGE_CURVE('',#6372,#6370,#2913,.T.);
#7896=EDGE_CURVE('',#6371,#6372,#2914,.T.);
#7897=EDGE_CURVE('',#6373,#6371,#2915,.T.);
#7898=EDGE_CURVE('',#6374,#6372,#2916,.T.);
#7899=EDGE_CURVE('',#6373,#6374,#2917,.T.);
#7900=EDGE_CURVE('',#6375,#6373,#2918,.T.);
#7901=EDGE_CURVE('',#6376,#6374,#2919,.T.);
#7902=EDGE_CURVE('',#6375,#6376,#2920,.T.);
#7903=EDGE_CURVE('',#6377,#6375,#2921,.T.);
#7904=EDGE_CURVE('',#6378,#6376,#2922,.T.);
#7905=EDGE_CURVE('',#6377,#6378,#2923,.T.);
#7906=EDGE_CURVE('',#6379,#6377,#2924,.T.);
#7907=EDGE_CURVE('',#6380,#6378,#2925,.T.);
#7908=EDGE_CURVE('',#6379,#6380,#2926,.T.);
#7909=EDGE_CURVE('',#6381,#6379,#2927,.T.);
#7910=EDGE_CURVE('',#6382,#6380,#2928,.T.);
#7911=EDGE_CURVE('',#6381,#6382,#2929,.T.);
#7912=EDGE_CURVE('',#6383,#6381,#2930,.T.);
#7913=EDGE_CURVE('',#6384,#6382,#2931,.T.);
#7914=EDGE_CURVE('',#6383,#6384,#2932,.T.);
#7915=EDGE_CURVE('',#6385,#6383,#2933,.T.);
#7916=EDGE_CURVE('',#6386,#6384,#2934,.T.);
#7917=EDGE_CURVE('',#6385,#6386,#2935,.T.);
#7918=EDGE_CURVE('',#6387,#6385,#2936,.T.);
#7919=EDGE_CURVE('',#6388,#6386,#2937,.T.);
#7920=EDGE_CURVE('',#6387,#6388,#2938,.T.);
#7921=EDGE_CURVE('',#6389,#6387,#2939,.T.);
#7922=EDGE_CURVE('',#6390,#6388,#2940,.T.);
#7923=EDGE_CURVE('',#6389,#6390,#2941,.T.);
#7924=EDGE_CURVE('',#6391,#6389,#2942,.T.);
#7925=EDGE_CURVE('',#6392,#6390,#2943,.T.);
#7926=EDGE_CURVE('',#6391,#6392,#2944,.T.);
#7927=EDGE_CURVE('',#6393,#6391,#2945,.T.);
#7928=EDGE_CURVE('',#6394,#6392,#2946,.T.);
#7929=EDGE_CURVE('',#6393,#6394,#2947,.T.);
#7930=EDGE_CURVE('',#6395,#6393,#2948,.T.);
#7931=EDGE_CURVE('',#6396,#6394,#2949,.T.);
#7932=EDGE_CURVE('',#6395,#6396,#2950,.T.);
#7933=EDGE_CURVE('',#6397,#6395,#2951,.T.);
#7934=EDGE_CURVE('',#6398,#6396,#2952,.T.);
#7935=EDGE_CURVE('',#6397,#6398,#2953,.T.);
#7936=EDGE_CURVE('',#6399,#6397,#2954,.T.);
#7937=EDGE_CURVE('',#6400,#6398,#2955,.T.);
#7938=EDGE_CURVE('',#6399,#6400,#2956,.T.);
#7939=EDGE_CURVE('',#6401,#6399,#2957,.T.);
#7940=EDGE_CURVE('',#6402,#6400,#2958,.T.);
#7941=EDGE_CURVE('',#6401,#6402,#2959,.T.);
#7942=EDGE_CURVE('',#6403,#6401,#2960,.T.);
#7943=EDGE_CURVE('',#6404,#6402,#2961,.T.);
#7944=EDGE_CURVE('',#6403,#6404,#2962,.T.);
#7945=EDGE_CURVE('',#6405,#6403,#2963,.T.);
#7946=EDGE_CURVE('',#6406,#6404,#2964,.T.);
#7947=EDGE_CURVE('',#6405,#6406,#2965,.T.);
#7948=EDGE_CURVE('',#6407,#6405,#2966,.T.);
#7949=EDGE_CURVE('',#6408,#6406,#2967,.T.);
#7950=EDGE_CURVE('',#6407,#6408,#2968,.T.);
#7951=EDGE_CURVE('',#6409,#6407,#2969,.T.);
#7952=EDGE_CURVE('',#6410,#6408,#2970,.T.);
#7953=EDGE_CURVE('',#6409,#6410,#2971,.T.);
#7954=EDGE_CURVE('',#6411,#6409,#2972,.T.);
#7955=EDGE_CURVE('',#6412,#6410,#2973,.T.);
#7956=EDGE_CURVE('',#6411,#6412,#2974,.T.);
#7957=EDGE_CURVE('',#6413,#6411,#2975,.T.);
#7958=EDGE_CURVE('',#6414,#6412,#2976,.T.);
#7959=EDGE_CURVE('',#6413,#6414,#2977,.T.);
#7960=EDGE_CURVE('',#6415,#6413,#2978,.T.);
#7961=EDGE_CURVE('',#6416,#6414,#2979,.T.);
#7962=EDGE_CURVE('',#6415,#6416,#2980,.T.);
#7963=EDGE_CURVE('',#6322,#6415,#2981,.T.);
#7964=EDGE_CURVE('',#6323,#6416,#2982,.T.);
#7965=EDGE_CURVE('',#6417,#6417,#5799,.T.);
#7966=EDGE_CURVE('',#6417,#6418,#2983,.T.);
#7967=EDGE_CURVE('',#6418,#6418,#5800,.T.);
#7968=EDGE_CURVE('',#6419,#6420,#2984,.T.);
#7969=EDGE_CURVE('',#6420,#6421,#2985,.T.);
#7970=EDGE_CURVE('',#6422,#6421,#2986,.T.);
#7971=EDGE_CURVE('',#6419,#6422,#2987,.T.);
#7972=EDGE_CURVE('',#6423,#6419,#2988,.T.);
#7973=EDGE_CURVE('',#6424,#6422,#2989,.T.);
#7974=EDGE_CURVE('',#6423,#6424,#2990,.T.);
#7975=EDGE_CURVE('',#6425,#6423,#2991,.T.);
#7976=EDGE_CURVE('',#6426,#6424,#2992,.T.);
#7977=EDGE_CURVE('',#6425,#6426,#2993,.T.);
#7978=EDGE_CURVE('',#6427,#6425,#2994,.T.);
#7979=EDGE_CURVE('',#6428,#6426,#2995,.T.);
#7980=EDGE_CURVE('',#6427,#6428,#2996,.T.);
#7981=EDGE_CURVE('',#6429,#6427,#2997,.T.);
#7982=EDGE_CURVE('',#6430,#6428,#2998,.T.);
#7983=EDGE_CURVE('',#6429,#6430,#2999,.T.);
#7984=EDGE_CURVE('',#6431,#6429,#3000,.T.);
#7985=EDGE_CURVE('',#6432,#6430,#3001,.T.);
#7986=EDGE_CURVE('',#6431,#6432,#3002,.T.);
#7987=EDGE_CURVE('',#6433,#6431,#3003,.T.);
#7988=EDGE_CURVE('',#6434,#6432,#3004,.T.);
#7989=EDGE_CURVE('',#6433,#6434,#3005,.T.);
#7990=EDGE_CURVE('',#6435,#6433,#3006,.T.);
#7991=EDGE_CURVE('',#6436,#6434,#3007,.T.);
#7992=EDGE_CURVE('',#6435,#6436,#3008,.T.);
#7993=EDGE_CURVE('',#6437,#6435,#3009,.T.);
#7994=EDGE_CURVE('',#6438,#6436,#3010,.T.);
#7995=EDGE_CURVE('',#6437,#6438,#3011,.T.);
#7996=EDGE_CURVE('',#6439,#6437,#3012,.T.);
#7997=EDGE_CURVE('',#6440,#6438,#3013,.T.);
#7998=EDGE_CURVE('',#6439,#6440,#3014,.T.);
#7999=EDGE_CURVE('',#6441,#6439,#3015,.T.);
#8000=EDGE_CURVE('',#6442,#6440,#3016,.T.);
#8001=EDGE_CURVE('',#6441,#6442,#3017,.T.);
#8002=EDGE_CURVE('',#6443,#6441,#3018,.T.);
#8003=EDGE_CURVE('',#6444,#6442,#3019,.T.);
#8004=EDGE_CURVE('',#6443,#6444,#3020,.T.);
#8005=EDGE_CURVE('',#6445,#6443,#3021,.T.);
#8006=EDGE_CURVE('',#6446,#6444,#3022,.T.);
#8007=EDGE_CURVE('',#6445,#6446,#3023,.T.);
#8008=EDGE_CURVE('',#6447,#6445,#3024,.T.);
#8009=EDGE_CURVE('',#6448,#6446,#3025,.T.);
#8010=EDGE_CURVE('',#6447,#6448,#3026,.T.);
#8011=EDGE_CURVE('',#6449,#6447,#3027,.T.);
#8012=EDGE_CURVE('',#6450,#6448,#3028,.T.);
#8013=EDGE_CURVE('',#6449,#6450,#3029,.T.);
#8014=EDGE_CURVE('',#6451,#6449,#3030,.T.);
#8015=EDGE_CURVE('',#6452,#6450,#3031,.T.);
#8016=EDGE_CURVE('',#6451,#6452,#3032,.T.);
#8017=EDGE_CURVE('',#6453,#6451,#3033,.T.);
#8018=EDGE_CURVE('',#6454,#6452,#3034,.T.);
#8019=EDGE_CURVE('',#6453,#6454,#3035,.T.);
#8020=EDGE_CURVE('',#6455,#6453,#3036,.T.);
#8021=EDGE_CURVE('',#6456,#6454,#3037,.T.);
#8022=EDGE_CURVE('',#6455,#6456,#3038,.T.);
#8023=EDGE_CURVE('',#6457,#6455,#3039,.T.);
#8024=EDGE_CURVE('',#6458,#6456,#3040,.T.);
#8025=EDGE_CURVE('',#6457,#6458,#3041,.T.);
#8026=EDGE_CURVE('',#6459,#6457,#3042,.T.);
#8027=EDGE_CURVE('',#6460,#6458,#3043,.T.);
#8028=EDGE_CURVE('',#6459,#6460,#3044,.T.);
#8029=EDGE_CURVE('',#6461,#6459,#3045,.T.);
#8030=EDGE_CURVE('',#6462,#6460,#3046,.T.);
#8031=EDGE_CURVE('',#6461,#6462,#3047,.T.);
#8032=EDGE_CURVE('',#6463,#6461,#3048,.T.);
#8033=EDGE_CURVE('',#6464,#6462,#3049,.T.);
#8034=EDGE_CURVE('',#6463,#6464,#3050,.T.);
#8035=EDGE_CURVE('',#6465,#6463,#3051,.T.);
#8036=EDGE_CURVE('',#6466,#6464,#3052,.T.);
#8037=EDGE_CURVE('',#6465,#6466,#3053,.T.);
#8038=EDGE_CURVE('',#6467,#6465,#3054,.T.);
#8039=EDGE_CURVE('',#6468,#6466,#3055,.T.);
#8040=EDGE_CURVE('',#6467,#6468,#3056,.T.);
#8041=EDGE_CURVE('',#6469,#6467,#3057,.T.);
#8042=EDGE_CURVE('',#6470,#6468,#3058,.T.);
#8043=EDGE_CURVE('',#6469,#6470,#3059,.T.);
#8044=EDGE_CURVE('',#6471,#6469,#3060,.T.);
#8045=EDGE_CURVE('',#6472,#6470,#3061,.T.);
#8046=EDGE_CURVE('',#6471,#6472,#3062,.T.);
#8047=EDGE_CURVE('',#6473,#6471,#3063,.T.);
#8048=EDGE_CURVE('',#6474,#6472,#3064,.T.);
#8049=EDGE_CURVE('',#6473,#6474,#3065,.T.);
#8050=EDGE_CURVE('',#6475,#6473,#3066,.T.);
#8051=EDGE_CURVE('',#6476,#6474,#3067,.T.);
#8052=EDGE_CURVE('',#6475,#6476,#3068,.T.);
#8053=EDGE_CURVE('',#6477,#6475,#3069,.T.);
#8054=EDGE_CURVE('',#6478,#6476,#3070,.T.);
#8055=EDGE_CURVE('',#6477,#6478,#3071,.T.);
#8056=EDGE_CURVE('',#6479,#6477,#3072,.T.);
#8057=EDGE_CURVE('',#6480,#6478,#3073,.T.);
#8058=EDGE_CURVE('',#6479,#6480,#3074,.T.);
#8059=EDGE_CURVE('',#6481,#6479,#3075,.T.);
#8060=EDGE_CURVE('',#6482,#6480,#3076,.T.);
#8061=EDGE_CURVE('',#6481,#6482,#3077,.T.);
#8062=EDGE_CURVE('',#6483,#6481,#3078,.T.);
#8063=EDGE_CURVE('',#6484,#6482,#3079,.T.);
#8064=EDGE_CURVE('',#6483,#6484,#3080,.T.);
#8065=EDGE_CURVE('',#6485,#6483,#3081,.T.);
#8066=EDGE_CURVE('',#6486,#6484,#3082,.T.);
#8067=EDGE_CURVE('',#6485,#6486,#3083,.T.);
#8068=EDGE_CURVE('',#6487,#6485,#3084,.T.);
#8069=EDGE_CURVE('',#6488,#6486,#3085,.T.);
#8070=EDGE_CURVE('',#6487,#6488,#3086,.T.);
#8071=EDGE_CURVE('',#6489,#6487,#3087,.T.);
#8072=EDGE_CURVE('',#6490,#6488,#3088,.T.);
#8073=EDGE_CURVE('',#6489,#6490,#3089,.T.);
#8074=EDGE_CURVE('',#6491,#6489,#3090,.T.);
#8075=EDGE_CURVE('',#6492,#6490,#3091,.T.);
#8076=EDGE_CURVE('',#6491,#6492,#3092,.T.);
#8077=EDGE_CURVE('',#6493,#6491,#3093,.T.);
#8078=EDGE_CURVE('',#6494,#6492,#3094,.T.);
#8079=EDGE_CURVE('',#6493,#6494,#3095,.T.);
#8080=EDGE_CURVE('',#6495,#6493,#3096,.T.);
#8081=EDGE_CURVE('',#6496,#6494,#3097,.T.);
#8082=EDGE_CURVE('',#6495,#6496,#3098,.T.);
#8083=EDGE_CURVE('',#6497,#6495,#3099,.T.);
#8084=EDGE_CURVE('',#6498,#6496,#3100,.T.);
#8085=EDGE_CURVE('',#6497,#6498,#3101,.T.);
#8086=EDGE_CURVE('',#6499,#6497,#3102,.T.);
#8087=EDGE_CURVE('',#6500,#6498,#3103,.T.);
#8088=EDGE_CURVE('',#6499,#6500,#3104,.T.);
#8089=EDGE_CURVE('',#6501,#6499,#3105,.T.);
#8090=EDGE_CURVE('',#6502,#6500,#3106,.T.);
#8091=EDGE_CURVE('',#6501,#6502,#3107,.T.);
#8092=EDGE_CURVE('',#6503,#6501,#3108,.T.);
#8093=EDGE_CURVE('',#6504,#6502,#3109,.T.);
#8094=EDGE_CURVE('',#6503,#6504,#3110,.T.);
#8095=EDGE_CURVE('',#6505,#6503,#3111,.T.);
#8096=EDGE_CURVE('',#6506,#6504,#3112,.T.);
#8097=EDGE_CURVE('',#6505,#6506,#3113,.T.);
#8098=EDGE_CURVE('',#6507,#6505,#3114,.T.);
#8099=EDGE_CURVE('',#6508,#6506,#3115,.T.);
#8100=EDGE_CURVE('',#6507,#6508,#3116,.T.);
#8101=EDGE_CURVE('',#6509,#6507,#3117,.T.);
#8102=EDGE_CURVE('',#6510,#6508,#3118,.T.);
#8103=EDGE_CURVE('',#6509,#6510,#3119,.T.);
#8104=EDGE_CURVE('',#6511,#6509,#3120,.T.);
#8105=EDGE_CURVE('',#6512,#6510,#3121,.T.);
#8106=EDGE_CURVE('',#6511,#6512,#3122,.T.);
#8107=EDGE_CURVE('',#6513,#6511,#3123,.T.);
#8108=EDGE_CURVE('',#6514,#6512,#3124,.T.);
#8109=EDGE_CURVE('',#6513,#6514,#3125,.T.);
#8110=EDGE_CURVE('',#6420,#6513,#3126,.T.);
#8111=EDGE_CURVE('',#6421,#6514,#3127,.T.);
#8112=EDGE_CURVE('',#6515,#6515,#5801,.T.);
#8113=EDGE_CURVE('',#6515,#6516,#3128,.T.);
#8114=EDGE_CURVE('',#6516,#6516,#5802,.T.);
#8115=EDGE_CURVE('',#6517,#6518,#3129,.T.);
#8116=EDGE_CURVE('',#6518,#6519,#3130,.T.);
#8117=EDGE_CURVE('',#6520,#6519,#3131,.T.);
#8118=EDGE_CURVE('',#6517,#6520,#3132,.T.);
#8119=EDGE_CURVE('',#6521,#6517,#3133,.T.);
#8120=EDGE_CURVE('',#6522,#6520,#3134,.T.);
#8121=EDGE_CURVE('',#6521,#6522,#3135,.T.);
#8122=EDGE_CURVE('',#6523,#6521,#3136,.T.);
#8123=EDGE_CURVE('',#6524,#6522,#3137,.T.);
#8124=EDGE_CURVE('',#6523,#6524,#3138,.T.);
#8125=EDGE_CURVE('',#6525,#6523,#3139,.T.);
#8126=EDGE_CURVE('',#6526,#6524,#3140,.T.);
#8127=EDGE_CURVE('',#6525,#6526,#3141,.T.);
#8128=EDGE_CURVE('',#6527,#6525,#3142,.T.);
#8129=EDGE_CURVE('',#6528,#6526,#3143,.T.);
#8130=EDGE_CURVE('',#6527,#6528,#3144,.T.);
#8131=EDGE_CURVE('',#6529,#6527,#3145,.T.);
#8132=EDGE_CURVE('',#6530,#6528,#3146,.T.);
#8133=EDGE_CURVE('',#6529,#6530,#3147,.T.);
#8134=EDGE_CURVE('',#6531,#6529,#3148,.T.);
#8135=EDGE_CURVE('',#6532,#6530,#3149,.T.);
#8136=EDGE_CURVE('',#6531,#6532,#3150,.T.);
#8137=EDGE_CURVE('',#6533,#6531,#3151,.T.);
#8138=EDGE_CURVE('',#6534,#6532,#3152,.T.);
#8139=EDGE_CURVE('',#6533,#6534,#3153,.T.);
#8140=EDGE_CURVE('',#6535,#6533,#3154,.T.);
#8141=EDGE_CURVE('',#6536,#6534,#3155,.T.);
#8142=EDGE_CURVE('',#6535,#6536,#3156,.T.);
#8143=EDGE_CURVE('',#6537,#6535,#3157,.T.);
#8144=EDGE_CURVE('',#6538,#6536,#3158,.T.);
#8145=EDGE_CURVE('',#6537,#6538,#3159,.T.);
#8146=EDGE_CURVE('',#6539,#6537,#3160,.T.);
#8147=EDGE_CURVE('',#6540,#6538,#3161,.T.);
#8148=EDGE_CURVE('',#6539,#6540,#3162,.T.);
#8149=EDGE_CURVE('',#6541,#6539,#3163,.T.);
#8150=EDGE_CURVE('',#6542,#6540,#3164,.T.);
#8151=EDGE_CURVE('',#6541,#6542,#3165,.T.);
#8152=EDGE_CURVE('',#6543,#6541,#3166,.T.);
#8153=EDGE_CURVE('',#6544,#6542,#3167,.T.);
#8154=EDGE_CURVE('',#6543,#6544,#3168,.T.);
#8155=EDGE_CURVE('',#6545,#6543,#3169,.T.);
#8156=EDGE_CURVE('',#6546,#6544,#3170,.T.);
#8157=EDGE_CURVE('',#6545,#6546,#3171,.T.);
#8158=EDGE_CURVE('',#6547,#6545,#3172,.T.);
#8159=EDGE_CURVE('',#6548,#6546,#3173,.T.);
#8160=EDGE_CURVE('',#6547,#6548,#3174,.T.);
#8161=EDGE_CURVE('',#6549,#6547,#3175,.T.);
#8162=EDGE_CURVE('',#6550,#6548,#3176,.T.);
#8163=EDGE_CURVE('',#6549,#6550,#3177,.T.);
#8164=EDGE_CURVE('',#6551,#6549,#3178,.T.);
#8165=EDGE_CURVE('',#6552,#6550,#3179,.T.);
#8166=EDGE_CURVE('',#6551,#6552,#3180,.T.);
#8167=EDGE_CURVE('',#6553,#6551,#3181,.T.);
#8168=EDGE_CURVE('',#6554,#6552,#3182,.T.);
#8169=EDGE_CURVE('',#6553,#6554,#3183,.T.);
#8170=EDGE_CURVE('',#6555,#6553,#3184,.T.);
#8171=EDGE_CURVE('',#6556,#6554,#3185,.T.);
#8172=EDGE_CURVE('',#6555,#6556,#3186,.T.);
#8173=EDGE_CURVE('',#6557,#6555,#3187,.T.);
#8174=EDGE_CURVE('',#6558,#6556,#3188,.T.);
#8175=EDGE_CURVE('',#6557,#6558,#3189,.T.);
#8176=EDGE_CURVE('',#6559,#6557,#3190,.T.);
#8177=EDGE_CURVE('',#6560,#6558,#3191,.T.);
#8178=EDGE_CURVE('',#6559,#6560,#3192,.T.);
#8179=EDGE_CURVE('',#6561,#6559,#3193,.T.);
#8180=EDGE_CURVE('',#6562,#6560,#3194,.T.);
#8181=EDGE_CURVE('',#6561,#6562,#3195,.T.);
#8182=EDGE_CURVE('',#6563,#6561,#3196,.T.);
#8183=EDGE_CURVE('',#6564,#6562,#3197,.T.);
#8184=EDGE_CURVE('',#6563,#6564,#3198,.T.);
#8185=EDGE_CURVE('',#6565,#6563,#3199,.T.);
#8186=EDGE_CURVE('',#6566,#6564,#3200,.T.);
#8187=EDGE_CURVE('',#6565,#6566,#3201,.T.);
#8188=EDGE_CURVE('',#6567,#6565,#3202,.T.);
#8189=EDGE_CURVE('',#6568,#6566,#3203,.T.);
#8190=EDGE_CURVE('',#6567,#6568,#3204,.T.);
#8191=EDGE_CURVE('',#6569,#6567,#3205,.T.);
#8192=EDGE_CURVE('',#6570,#6568,#3206,.T.);
#8193=EDGE_CURVE('',#6569,#6570,#3207,.T.);
#8194=EDGE_CURVE('',#6571,#6569,#3208,.T.);
#8195=EDGE_CURVE('',#6572,#6570,#3209,.T.);
#8196=EDGE_CURVE('',#6571,#6572,#3210,.T.);
#8197=EDGE_CURVE('',#6573,#6571,#3211,.T.);
#8198=EDGE_CURVE('',#6574,#6572,#3212,.T.);
#8199=EDGE_CURVE('',#6573,#6574,#3213,.T.);
#8200=EDGE_CURVE('',#6575,#6573,#3214,.T.);
#8201=EDGE_CURVE('',#6576,#6574,#3215,.T.);
#8202=EDGE_CURVE('',#6575,#6576,#3216,.T.);
#8203=EDGE_CURVE('',#6577,#6575,#3217,.T.);
#8204=EDGE_CURVE('',#6578,#6576,#3218,.T.);
#8205=EDGE_CURVE('',#6577,#6578,#3219,.T.);
#8206=EDGE_CURVE('',#6579,#6577,#3220,.T.);
#8207=EDGE_CURVE('',#6580,#6578,#3221,.T.);
#8208=EDGE_CURVE('',#6579,#6580,#3222,.T.);
#8209=EDGE_CURVE('',#6581,#6579,#3223,.T.);
#8210=EDGE_CURVE('',#6582,#6580,#3224,.T.);
#8211=EDGE_CURVE('',#6581,#6582,#3225,.T.);
#8212=EDGE_CURVE('',#6583,#6581,#3226,.T.);
#8213=EDGE_CURVE('',#6584,#6582,#3227,.T.);
#8214=EDGE_CURVE('',#6583,#6584,#3228,.T.);
#8215=EDGE_CURVE('',#6585,#6583,#3229,.T.);
#8216=EDGE_CURVE('',#6586,#6584,#3230,.T.);
#8217=EDGE_CURVE('',#6585,#6586,#3231,.T.);
#8218=EDGE_CURVE('',#6587,#6585,#3232,.T.);
#8219=EDGE_CURVE('',#6588,#6586,#3233,.T.);
#8220=EDGE_CURVE('',#6587,#6588,#3234,.T.);
#8221=EDGE_CURVE('',#6589,#6587,#3235,.T.);
#8222=EDGE_CURVE('',#6590,#6588,#3236,.T.);
#8223=EDGE_CURVE('',#6589,#6590,#3237,.T.);
#8224=EDGE_CURVE('',#6591,#6589,#3238,.T.);
#8225=EDGE_CURVE('',#6592,#6590,#3239,.T.);
#8226=EDGE_CURVE('',#6591,#6592,#3240,.T.);
#8227=EDGE_CURVE('',#6593,#6591,#3241,.T.);
#8228=EDGE_CURVE('',#6594,#6592,#3242,.T.);
#8229=EDGE_CURVE('',#6593,#6594,#3243,.T.);
#8230=EDGE_CURVE('',#6595,#6593,#3244,.T.);
#8231=EDGE_CURVE('',#6596,#6594,#3245,.T.);
#8232=EDGE_CURVE('',#6595,#6596,#3246,.T.);
#8233=EDGE_CURVE('',#6597,#6595,#3247,.T.);
#8234=EDGE_CURVE('',#6598,#6596,#3248,.T.);
#8235=EDGE_CURVE('',#6597,#6598,#3249,.T.);
#8236=EDGE_CURVE('',#6599,#6597,#3250,.T.);
#8237=EDGE_CURVE('',#6600,#6598,#3251,.T.);
#8238=EDGE_CURVE('',#6599,#6600,#3252,.T.);
#8239=EDGE_CURVE('',#6601,#6599,#3253,.T.);
#8240=EDGE_CURVE('',#6602,#6600,#3254,.T.);
#8241=EDGE_CURVE('',#6601,#6602,#3255,.T.);
#8242=EDGE_CURVE('',#6603,#6601,#3256,.T.);
#8243=EDGE_CURVE('',#6604,#6602,#3257,.T.);
#8244=EDGE_CURVE('',#6603,#6604,#3258,.T.);
#8245=EDGE_CURVE('',#6605,#6603,#3259,.T.);
#8246=EDGE_CURVE('',#6606,#6604,#3260,.T.);
#8247=EDGE_CURVE('',#6605,#6606,#3261,.T.);
#8248=EDGE_CURVE('',#6607,#6605,#3262,.T.);
#8249=EDGE_CURVE('',#6608,#6606,#3263,.T.);
#8250=EDGE_CURVE('',#6607,#6608,#3264,.T.);
#8251=EDGE_CURVE('',#6609,#6607,#3265,.T.);
#8252=EDGE_CURVE('',#6610,#6608,#3266,.T.);
#8253=EDGE_CURVE('',#6609,#6610,#3267,.T.);
#8254=EDGE_CURVE('',#6611,#6609,#3268,.T.);
#8255=EDGE_CURVE('',#6612,#6610,#3269,.T.);
#8256=EDGE_CURVE('',#6611,#6612,#3270,.T.);
#8257=EDGE_CURVE('',#6518,#6611,#3271,.T.);
#8258=EDGE_CURVE('',#6519,#6612,#3272,.T.);
#8259=EDGE_CURVE('',#6613,#6613,#5803,.T.);
#8260=EDGE_CURVE('',#6613,#6614,#3273,.T.);
#8261=EDGE_CURVE('',#6614,#6614,#5804,.T.);
#8262=EDGE_CURVE('',#6615,#6616,#3274,.T.);
#8263=EDGE_CURVE('',#6615,#6617,#3275,.T.);
#8264=EDGE_CURVE('',#6618,#6617,#3276,.T.);
#8265=EDGE_CURVE('',#6616,#6618,#3277,.T.);
#8266=EDGE_CURVE('',#6616,#6619,#3278,.T.);
#8267=EDGE_CURVE('',#6620,#6618,#3279,.T.);
#8268=EDGE_CURVE('',#6619,#6620,#3280,.T.);
#8269=EDGE_CURVE('',#6619,#6621,#3281,.T.);
#8270=EDGE_CURVE('',#6622,#6620,#3282,.T.);
#8271=EDGE_CURVE('',#6621,#6622,#3283,.T.);
#8272=EDGE_CURVE('',#6621,#6623,#3284,.T.);
#8273=EDGE_CURVE('',#6624,#6622,#3285,.T.);
#8274=EDGE_CURVE('',#6623,#6624,#3286,.T.);
#8275=EDGE_CURVE('',#6623,#6625,#3287,.T.);
#8276=EDGE_CURVE('',#6626,#6624,#3288,.T.);
#8277=EDGE_CURVE('',#6625,#6626,#3289,.T.);
#8278=EDGE_CURVE('',#6625,#6627,#3290,.T.);
#8279=EDGE_CURVE('',#6628,#6626,#3291,.T.);
#8280=EDGE_CURVE('',#6627,#6628,#3292,.T.);
#8281=EDGE_CURVE('',#6627,#6629,#3293,.T.);
#8282=EDGE_CURVE('',#6630,#6628,#3294,.T.);
#8283=EDGE_CURVE('',#6629,#6630,#3295,.T.);
#8284=EDGE_CURVE('',#6629,#6631,#3296,.T.);
#8285=EDGE_CURVE('',#6632,#6630,#3297,.T.);
#8286=EDGE_CURVE('',#6631,#6632,#3298,.T.);
#8287=EDGE_CURVE('',#6631,#6633,#3299,.T.);
#8288=EDGE_CURVE('',#6634,#6632,#3300,.T.);
#8289=EDGE_CURVE('',#6633,#6634,#3301,.T.);
#8290=EDGE_CURVE('',#6633,#6635,#3302,.T.);
#8291=EDGE_CURVE('',#6636,#6634,#3303,.T.);
#8292=EDGE_CURVE('',#6635,#6636,#3304,.T.);
#8293=EDGE_CURVE('',#6635,#6637,#3305,.T.);
#8294=EDGE_CURVE('',#6638,#6636,#3306,.T.);
#8295=EDGE_CURVE('',#6637,#6638,#3307,.T.);
#8296=EDGE_CURVE('',#6637,#6639,#3308,.T.);
#8297=EDGE_CURVE('',#6640,#6638,#3309,.T.);
#8298=EDGE_CURVE('',#6639,#6640,#3310,.T.);
#8299=EDGE_CURVE('',#6639,#6641,#3311,.T.);
#8300=EDGE_CURVE('',#6642,#6640,#3312,.T.);
#8301=EDGE_CURVE('',#6641,#6642,#3313,.T.);
#8302=EDGE_CURVE('',#6641,#6643,#3314,.T.);
#8303=EDGE_CURVE('',#6644,#6642,#3315,.T.);
#8304=EDGE_CURVE('',#6643,#6644,#3316,.T.);
#8305=EDGE_CURVE('',#6643,#6645,#3317,.T.);
#8306=EDGE_CURVE('',#6646,#6644,#3318,.T.);
#8307=EDGE_CURVE('',#6645,#6646,#3319,.T.);
#8308=EDGE_CURVE('',#6645,#6647,#3320,.T.);
#8309=EDGE_CURVE('',#6648,#6646,#3321,.T.);
#8310=EDGE_CURVE('',#6647,#6648,#3322,.T.);
#8311=EDGE_CURVE('',#6647,#6649,#3323,.T.);
#8312=EDGE_CURVE('',#6650,#6648,#3324,.T.);
#8313=EDGE_CURVE('',#6649,#6650,#3325,.T.);
#8314=EDGE_CURVE('',#6649,#6651,#3326,.T.);
#8315=EDGE_CURVE('',#6652,#6650,#3327,.T.);
#8316=EDGE_CURVE('',#6651,#6652,#3328,.T.);
#8317=EDGE_CURVE('',#6651,#6653,#3329,.T.);
#8318=EDGE_CURVE('',#6654,#6652,#3330,.T.);
#8319=EDGE_CURVE('',#6653,#6654,#3331,.T.);
#8320=EDGE_CURVE('',#6653,#6655,#3332,.T.);
#8321=EDGE_CURVE('',#6656,#6654,#3333,.T.);
#8322=EDGE_CURVE('',#6655,#6656,#3334,.T.);
#8323=EDGE_CURVE('',#6655,#6657,#3335,.T.);
#8324=EDGE_CURVE('',#6658,#6656,#3336,.T.);
#8325=EDGE_CURVE('',#6657,#6658,#3337,.T.);
#8326=EDGE_CURVE('',#6657,#6659,#3338,.T.);
#8327=EDGE_CURVE('',#6660,#6658,#3339,.T.);
#8328=EDGE_CURVE('',#6659,#6660,#3340,.T.);
#8329=EDGE_CURVE('',#6659,#6661,#3341,.T.);
#8330=EDGE_CURVE('',#6662,#6660,#3342,.T.);
#8331=EDGE_CURVE('',#6661,#6662,#3343,.T.);
#8332=EDGE_CURVE('',#6661,#6663,#3344,.T.);
#8333=EDGE_CURVE('',#6664,#6662,#3345,.T.);
#8334=EDGE_CURVE('',#6663,#6664,#3346,.T.);
#8335=EDGE_CURVE('',#6663,#6665,#3347,.T.);
#8336=EDGE_CURVE('',#6666,#6664,#3348,.T.);
#8337=EDGE_CURVE('',#6665,#6666,#3349,.T.);
#8338=EDGE_CURVE('',#6665,#6667,#3350,.T.);
#8339=EDGE_CURVE('',#6668,#6666,#3351,.T.);
#8340=EDGE_CURVE('',#6667,#6668,#3352,.T.);
#8341=EDGE_CURVE('',#6667,#6669,#3353,.T.);
#8342=EDGE_CURVE('',#6670,#6668,#3354,.T.);
#8343=EDGE_CURVE('',#6669,#6670,#3355,.T.);
#8344=EDGE_CURVE('',#6669,#6671,#3356,.T.);
#8345=EDGE_CURVE('',#6672,#6670,#3357,.T.);
#8346=EDGE_CURVE('',#6671,#6672,#3358,.T.);
#8347=EDGE_CURVE('',#6671,#6673,#3359,.T.);
#8348=EDGE_CURVE('',#6674,#6672,#3360,.T.);
#8349=EDGE_CURVE('',#6673,#6674,#3361,.T.);
#8350=EDGE_CURVE('',#6673,#6675,#3362,.T.);
#8351=EDGE_CURVE('',#6676,#6674,#3363,.T.);
#8352=EDGE_CURVE('',#6675,#6676,#3364,.T.);
#8353=EDGE_CURVE('',#6675,#6677,#3365,.T.);
#8354=EDGE_CURVE('',#6678,#6676,#3366,.T.);
#8355=EDGE_CURVE('',#6677,#6678,#3367,.T.);
#8356=EDGE_CURVE('',#6677,#6679,#3368,.T.);
#8357=EDGE_CURVE('',#6680,#6678,#3369,.T.);
#8358=EDGE_CURVE('',#6679,#6680,#3370,.T.);
#8359=EDGE_CURVE('',#6679,#6681,#3371,.T.);
#8360=EDGE_CURVE('',#6682,#6680,#3372,.T.);
#8361=EDGE_CURVE('',#6681,#6682,#3373,.T.);
#8362=EDGE_CURVE('',#6681,#6683,#3374,.T.);
#8363=EDGE_CURVE('',#6684,#6682,#3375,.T.);
#8364=EDGE_CURVE('',#6683,#6684,#3376,.T.);
#8365=EDGE_CURVE('',#6683,#6685,#3377,.T.);
#8366=EDGE_CURVE('',#6686,#6684,#3378,.T.);
#8367=EDGE_CURVE('',#6685,#6686,#3379,.T.);
#8368=EDGE_CURVE('',#6685,#6687,#3380,.T.);
#8369=EDGE_CURVE('',#6688,#6686,#3381,.T.);
#8370=EDGE_CURVE('',#6687,#6688,#3382,.T.);
#8371=EDGE_CURVE('',#6687,#6689,#3383,.T.);
#8372=EDGE_CURVE('',#6690,#6688,#3384,.T.);
#8373=EDGE_CURVE('',#6689,#6690,#3385,.T.);
#8374=EDGE_CURVE('',#6689,#6691,#3386,.T.);
#8375=EDGE_CURVE('',#6692,#6690,#3387,.T.);
#8376=EDGE_CURVE('',#6691,#6692,#3388,.T.);
#8377=EDGE_CURVE('',#6691,#6693,#3389,.T.);
#8378=EDGE_CURVE('',#6694,#6692,#3390,.T.);
#8379=EDGE_CURVE('',#6693,#6694,#3391,.T.);
#8380=EDGE_CURVE('',#6693,#6695,#3392,.T.);
#8381=EDGE_CURVE('',#6696,#6694,#3393,.T.);
#8382=EDGE_CURVE('',#6695,#6696,#3394,.T.);
#8383=EDGE_CURVE('',#6695,#6697,#3395,.T.);
#8384=EDGE_CURVE('',#6698,#6696,#3396,.T.);
#8385=EDGE_CURVE('',#6697,#6698,#3397,.T.);
#8386=EDGE_CURVE('',#6697,#6699,#3398,.T.);
#8387=EDGE_CURVE('',#6700,#6698,#3399,.T.);
#8388=EDGE_CURVE('',#6699,#6700,#3400,.T.);
#8389=EDGE_CURVE('',#6699,#6701,#3401,.T.);
#8390=EDGE_CURVE('',#6702,#6700,#3402,.T.);
#8391=EDGE_CURVE('',#6701,#6702,#3403,.T.);
#8392=EDGE_CURVE('',#6701,#6703,#3404,.T.);
#8393=EDGE_CURVE('',#6704,#6702,#3405,.T.);
#8394=EDGE_CURVE('',#6703,#6704,#3406,.T.);
#8395=EDGE_CURVE('',#6703,#6705,#3407,.T.);
#8396=EDGE_CURVE('',#6706,#6704,#3408,.T.);
#8397=EDGE_CURVE('',#6705,#6706,#3409,.T.);
#8398=EDGE_CURVE('',#6705,#6707,#3410,.T.);
#8399=EDGE_CURVE('',#6708,#6706,#3411,.T.);
#8400=EDGE_CURVE('',#6707,#6708,#3412,.T.);
#8401=EDGE_CURVE('',#6707,#6709,#3413,.T.);
#8402=EDGE_CURVE('',#6710,#6708,#3414,.T.);
#8403=EDGE_CURVE('',#6709,#6710,#3415,.T.);
#8404=EDGE_CURVE('',#6709,#6615,#3416,.T.);
#8405=EDGE_CURVE('',#6617,#6710,#3417,.T.);
#8406=EDGE_CURVE('',#6711,#6711,#5805,.T.);
#8407=EDGE_CURVE('',#6711,#6712,#3418,.T.);
#8408=EDGE_CURVE('',#6712,#6712,#5806,.T.);
#8409=EDGE_CURVE('',#6713,#6714,#3419,.T.);
#8410=EDGE_CURVE('',#6713,#6715,#3420,.T.);
#8411=EDGE_CURVE('',#6716,#6715,#3421,.T.);
#8412=EDGE_CURVE('',#6714,#6716,#3422,.T.);
#8413=EDGE_CURVE('',#6714,#6717,#3423,.T.);
#8414=EDGE_CURVE('',#6718,#6716,#3424,.T.);
#8415=EDGE_CURVE('',#6717,#6718,#3425,.T.);
#8416=EDGE_CURVE('',#6717,#6719,#3426,.T.);
#8417=EDGE_CURVE('',#6720,#6718,#3427,.T.);
#8418=EDGE_CURVE('',#6719,#6720,#3428,.T.);
#8419=EDGE_CURVE('',#6719,#6721,#3429,.T.);
#8420=EDGE_CURVE('',#6722,#6720,#3430,.T.);
#8421=EDGE_CURVE('',#6721,#6722,#3431,.T.);
#8422=EDGE_CURVE('',#6721,#6723,#3432,.T.);
#8423=EDGE_CURVE('',#6724,#6722,#3433,.T.);
#8424=EDGE_CURVE('',#6723,#6724,#3434,.T.);
#8425=EDGE_CURVE('',#6723,#6725,#3435,.T.);
#8426=EDGE_CURVE('',#6726,#6724,#3436,.T.);
#8427=EDGE_CURVE('',#6725,#6726,#3437,.T.);
#8428=EDGE_CURVE('',#6725,#6727,#3438,.T.);
#8429=EDGE_CURVE('',#6728,#6726,#3439,.T.);
#8430=EDGE_CURVE('',#6727,#6728,#3440,.T.);
#8431=EDGE_CURVE('',#6727,#6729,#3441,.T.);
#8432=EDGE_CURVE('',#6730,#6728,#3442,.T.);
#8433=EDGE_CURVE('',#6729,#6730,#3443,.T.);
#8434=EDGE_CURVE('',#6729,#6731,#3444,.T.);
#8435=EDGE_CURVE('',#6732,#6730,#3445,.T.);
#8436=EDGE_CURVE('',#6731,#6732,#3446,.T.);
#8437=EDGE_CURVE('',#6731,#6733,#3447,.T.);
#8438=EDGE_CURVE('',#6734,#6732,#3448,.T.);
#8439=EDGE_CURVE('',#6733,#6734,#3449,.T.);
#8440=EDGE_CURVE('',#6733,#6735,#3450,.T.);
#8441=EDGE_CURVE('',#6736,#6734,#3451,.T.);
#8442=EDGE_CURVE('',#6735,#6736,#3452,.T.);
#8443=EDGE_CURVE('',#6735,#6737,#3453,.T.);
#8444=EDGE_CURVE('',#6738,#6736,#3454,.T.);
#8445=EDGE_CURVE('',#6737,#6738,#3455,.T.);
#8446=EDGE_CURVE('',#6737,#6739,#3456,.T.);
#8447=EDGE_CURVE('',#6740,#6738,#3457,.T.);
#8448=EDGE_CURVE('',#6739,#6740,#3458,.T.);
#8449=EDGE_CURVE('',#6739,#6741,#3459,.T.);
#8450=EDGE_CURVE('',#6742,#6740,#3460,.T.);
#8451=EDGE_CURVE('',#6741,#6742,#3461,.T.);
#8452=EDGE_CURVE('',#6741,#6743,#3462,.T.);
#8453=EDGE_CURVE('',#6744,#6742,#3463,.T.);
#8454=EDGE_CURVE('',#6743,#6744,#3464,.T.);
#8455=EDGE_CURVE('',#6743,#6745,#3465,.T.);
#8456=EDGE_CURVE('',#6746,#6744,#3466,.T.);
#8457=EDGE_CURVE('',#6745,#6746,#3467,.T.);
#8458=EDGE_CURVE('',#6745,#6747,#3468,.T.);
#8459=EDGE_CURVE('',#6748,#6746,#3469,.T.);
#8460=EDGE_CURVE('',#6747,#6748,#3470,.T.);
#8461=EDGE_CURVE('',#6747,#6749,#3471,.T.);
#8462=EDGE_CURVE('',#6750,#6748,#3472,.T.);
#8463=EDGE_CURVE('',#6749,#6750,#3473,.T.);
#8464=EDGE_CURVE('',#6749,#6751,#3474,.T.);
#8465=EDGE_CURVE('',#6752,#6750,#3475,.T.);
#8466=EDGE_CURVE('',#6751,#6752,#3476,.T.);
#8467=EDGE_CURVE('',#6751,#6753,#3477,.T.);
#8468=EDGE_CURVE('',#6754,#6752,#3478,.T.);
#8469=EDGE_CURVE('',#6753,#6754,#3479,.T.);
#8470=EDGE_CURVE('',#6753,#6755,#3480,.T.);
#8471=EDGE_CURVE('',#6756,#6754,#3481,.T.);
#8472=EDGE_CURVE('',#6755,#6756,#3482,.T.);
#8473=EDGE_CURVE('',#6755,#6757,#3483,.T.);
#8474=EDGE_CURVE('',#6758,#6756,#3484,.T.);
#8475=EDGE_CURVE('',#6757,#6758,#3485,.T.);
#8476=EDGE_CURVE('',#6757,#6759,#3486,.T.);
#8477=EDGE_CURVE('',#6760,#6758,#3487,.T.);
#8478=EDGE_CURVE('',#6759,#6760,#3488,.T.);
#8479=EDGE_CURVE('',#6759,#6761,#3489,.T.);
#8480=EDGE_CURVE('',#6762,#6760,#3490,.T.);
#8481=EDGE_CURVE('',#6761,#6762,#3491,.T.);
#8482=EDGE_CURVE('',#6761,#6763,#3492,.T.);
#8483=EDGE_CURVE('',#6764,#6762,#3493,.T.);
#8484=EDGE_CURVE('',#6763,#6764,#3494,.T.);
#8485=EDGE_CURVE('',#6763,#6765,#3495,.T.);
#8486=EDGE_CURVE('',#6766,#6764,#3496,.T.);
#8487=EDGE_CURVE('',#6765,#6766,#3497,.T.);
#8488=EDGE_CURVE('',#6765,#6767,#3498,.T.);
#8489=EDGE_CURVE('',#6768,#6766,#3499,.T.);
#8490=EDGE_CURVE('',#6767,#6768,#3500,.T.);
#8491=EDGE_CURVE('',#6767,#6769,#3501,.T.);
#8492=EDGE_CURVE('',#6770,#6768,#3502,.T.);
#8493=EDGE_CURVE('',#6769,#6770,#3503,.T.);
#8494=EDGE_CURVE('',#6769,#6771,#3504,.T.);
#8495=EDGE_CURVE('',#6772,#6770,#3505,.T.);
#8496=EDGE_CURVE('',#6771,#6772,#3506,.T.);
#8497=EDGE_CURVE('',#6771,#6773,#3507,.T.);
#8498=EDGE_CURVE('',#6774,#6772,#3508,.T.);
#8499=EDGE_CURVE('',#6773,#6774,#3509,.T.);
#8500=EDGE_CURVE('',#6773,#6775,#3510,.T.);
#8501=EDGE_CURVE('',#6776,#6774,#3511,.T.);
#8502=EDGE_CURVE('',#6775,#6776,#3512,.T.);
#8503=EDGE_CURVE('',#6775,#6777,#3513,.T.);
#8504=EDGE_CURVE('',#6778,#6776,#3514,.T.);
#8505=EDGE_CURVE('',#6777,#6778,#3515,.T.);
#8506=EDGE_CURVE('',#6777,#6779,#3516,.T.);
#8507=EDGE_CURVE('',#6780,#6778,#3517,.T.);
#8508=EDGE_CURVE('',#6779,#6780,#3518,.T.);
#8509=EDGE_CURVE('',#6779,#6781,#3519,.T.);
#8510=EDGE_CURVE('',#6782,#6780,#3520,.T.);
#8511=EDGE_CURVE('',#6781,#6782,#3521,.T.);
#8512=EDGE_CURVE('',#6781,#6783,#3522,.T.);
#8513=EDGE_CURVE('',#6784,#6782,#3523,.T.);
#8514=EDGE_CURVE('',#6783,#6784,#3524,.T.);
#8515=EDGE_CURVE('',#6783,#6785,#3525,.T.);
#8516=EDGE_CURVE('',#6786,#6784,#3526,.T.);
#8517=EDGE_CURVE('',#6785,#6786,#3527,.T.);
#8518=EDGE_CURVE('',#6785,#6787,#3528,.T.);
#8519=EDGE_CURVE('',#6788,#6786,#3529,.T.);
#8520=EDGE_CURVE('',#6787,#6788,#3530,.T.);
#8521=EDGE_CURVE('',#6787,#6789,#3531,.T.);
#8522=EDGE_CURVE('',#6790,#6788,#3532,.T.);
#8523=EDGE_CURVE('',#6789,#6790,#3533,.T.);
#8524=EDGE_CURVE('',#6789,#6791,#3534,.T.);
#8525=EDGE_CURVE('',#6792,#6790,#3535,.T.);
#8526=EDGE_CURVE('',#6791,#6792,#3536,.T.);
#8527=EDGE_CURVE('',#6791,#6793,#3537,.T.);
#8528=EDGE_CURVE('',#6794,#6792,#3538,.T.);
#8529=EDGE_CURVE('',#6793,#6794,#3539,.T.);
#8530=EDGE_CURVE('',#6793,#6795,#3540,.T.);
#8531=EDGE_CURVE('',#6796,#6794,#3541,.T.);
#8532=EDGE_CURVE('',#6795,#6796,#3542,.T.);
#8533=EDGE_CURVE('',#6795,#6797,#3543,.T.);
#8534=EDGE_CURVE('',#6798,#6796,#3544,.T.);
#8535=EDGE_CURVE('',#6797,#6798,#3545,.T.);
#8536=EDGE_CURVE('',#6797,#6799,#3546,.T.);
#8537=EDGE_CURVE('',#6800,#6798,#3547,.T.);
#8538=EDGE_CURVE('',#6799,#6800,#3548,.T.);
#8539=EDGE_CURVE('',#6799,#6801,#3549,.T.);
#8540=EDGE_CURVE('',#6802,#6800,#3550,.T.);
#8541=EDGE_CURVE('',#6801,#6802,#3551,.T.);
#8542=EDGE_CURVE('',#6801,#6803,#3552,.T.);
#8543=EDGE_CURVE('',#6804,#6802,#3553,.T.);
#8544=EDGE_CURVE('',#6803,#6804,#3554,.T.);
#8545=EDGE_CURVE('',#6803,#6805,#3555,.T.);
#8546=EDGE_CURVE('',#6806,#6804,#3556,.T.);
#8547=EDGE_CURVE('',#6805,#6806,#3557,.T.);
#8548=EDGE_CURVE('',#6805,#6807,#3558,.T.);
#8549=EDGE_CURVE('',#6808,#6806,#3559,.T.);
#8550=EDGE_CURVE('',#6807,#6808,#3560,.T.);
#8551=EDGE_CURVE('',#6807,#6713,#3561,.T.);
#8552=EDGE_CURVE('',#6715,#6808,#3562,.T.);
#8553=EDGE_CURVE('',#6809,#6809,#5807,.T.);
#8554=EDGE_CURVE('',#6809,#6810,#3563,.T.);
#8555=EDGE_CURVE('',#6810,#6810,#5808,.T.);
#8556=EDGE_CURVE('',#6811,#6812,#3564,.T.);
#8557=EDGE_CURVE('',#6811,#6813,#3565,.T.);
#8558=EDGE_CURVE('',#6814,#6813,#3566,.T.);
#8559=EDGE_CURVE('',#6812,#6814,#3567,.T.);
#8560=EDGE_CURVE('',#6812,#6815,#3568,.T.);
#8561=EDGE_CURVE('',#6816,#6814,#3569,.T.);
#8562=EDGE_CURVE('',#6815,#6816,#3570,.T.);
#8563=EDGE_CURVE('',#6815,#6817,#3571,.T.);
#8564=EDGE_CURVE('',#6818,#6816,#3572,.T.);
#8565=EDGE_CURVE('',#6817,#6818,#3573,.T.);
#8566=EDGE_CURVE('',#6817,#6819,#3574,.T.);
#8567=EDGE_CURVE('',#6820,#6818,#3575,.T.);
#8568=EDGE_CURVE('',#6819,#6820,#3576,.T.);
#8569=EDGE_CURVE('',#6819,#6821,#3577,.T.);
#8570=EDGE_CURVE('',#6822,#6820,#3578,.T.);
#8571=EDGE_CURVE('',#6821,#6822,#3579,.T.);
#8572=EDGE_CURVE('',#6821,#6823,#3580,.T.);
#8573=EDGE_CURVE('',#6824,#6822,#3581,.T.);
#8574=EDGE_CURVE('',#6823,#6824,#3582,.T.);
#8575=EDGE_CURVE('',#6823,#6825,#3583,.T.);
#8576=EDGE_CURVE('',#6826,#6824,#3584,.T.);
#8577=EDGE_CURVE('',#6825,#6826,#3585,.T.);
#8578=EDGE_CURVE('',#6825,#6827,#3586,.T.);
#8579=EDGE_CURVE('',#6828,#6826,#3587,.T.);
#8580=EDGE_CURVE('',#6827,#6828,#3588,.T.);
#8581=EDGE_CURVE('',#6827,#6829,#3589,.T.);
#8582=EDGE_CURVE('',#6830,#6828,#3590,.T.);
#8583=EDGE_CURVE('',#6829,#6830,#3591,.T.);
#8584=EDGE_CURVE('',#6829,#6831,#3592,.T.);
#8585=EDGE_CURVE('',#6832,#6830,#3593,.T.);
#8586=EDGE_CURVE('',#6831,#6832,#3594,.T.);
#8587=EDGE_CURVE('',#6831,#6833,#3595,.T.);
#8588=EDGE_CURVE('',#6834,#6832,#3596,.T.);
#8589=EDGE_CURVE('',#6833,#6834,#3597,.T.);
#8590=EDGE_CURVE('',#6833,#6835,#3598,.T.);
#8591=EDGE_CURVE('',#6836,#6834,#3599,.T.);
#8592=EDGE_CURVE('',#6835,#6836,#3600,.T.);
#8593=EDGE_CURVE('',#6835,#6837,#3601,.T.);
#8594=EDGE_CURVE('',#6838,#6836,#3602,.T.);
#8595=EDGE_CURVE('',#6837,#6838,#3603,.T.);
#8596=EDGE_CURVE('',#6837,#6839,#3604,.T.);
#8597=EDGE_CURVE('',#6840,#6838,#3605,.T.);
#8598=EDGE_CURVE('',#6839,#6840,#3606,.T.);
#8599=EDGE_CURVE('',#6839,#6841,#3607,.T.);
#8600=EDGE_CURVE('',#6842,#6840,#3608,.T.);
#8601=EDGE_CURVE('',#6841,#6842,#3609,.T.);
#8602=EDGE_CURVE('',#6841,#6843,#3610,.T.);
#8603=EDGE_CURVE('',#6844,#6842,#3611,.T.);
#8604=EDGE_CURVE('',#6843,#6844,#3612,.T.);
#8605=EDGE_CURVE('',#6843,#6845,#3613,.T.);
#8606=EDGE_CURVE('',#6846,#6844,#3614,.T.);
#8607=EDGE_CURVE('',#6845,#6846,#3615,.T.);
#8608=EDGE_CURVE('',#6845,#6847,#3616,.T.);
#8609=EDGE_CURVE('',#6848,#6846,#3617,.T.);
#8610=EDGE_CURVE('',#6847,#6848,#3618,.T.);
#8611=EDGE_CURVE('',#6847,#6849,#3619,.T.);
#8612=EDGE_CURVE('',#6850,#6848,#3620,.T.);
#8613=EDGE_CURVE('',#6849,#6850,#3621,.T.);
#8614=EDGE_CURVE('',#6849,#6851,#3622,.T.);
#8615=EDGE_CURVE('',#6852,#6850,#3623,.T.);
#8616=EDGE_CURVE('',#6851,#6852,#3624,.T.);
#8617=EDGE_CURVE('',#6851,#6853,#3625,.T.);
#8618=EDGE_CURVE('',#6854,#6852,#3626,.T.);
#8619=EDGE_CURVE('',#6853,#6854,#3627,.T.);
#8620=EDGE_CURVE('',#6853,#6855,#3628,.T.);
#8621=EDGE_CURVE('',#6856,#6854,#3629,.T.);
#8622=EDGE_CURVE('',#6855,#6856,#3630,.T.);
#8623=EDGE_CURVE('',#6855,#6857,#3631,.T.);
#8624=EDGE_CURVE('',#6858,#6856,#3632,.T.);
#8625=EDGE_CURVE('',#6857,#6858,#3633,.T.);
#8626=EDGE_CURVE('',#6857,#6859,#3634,.T.);
#8627=EDGE_CURVE('',#6860,#6858,#3635,.T.);
#8628=EDGE_CURVE('',#6859,#6860,#3636,.T.);
#8629=EDGE_CURVE('',#6859,#6861,#3637,.T.);
#8630=EDGE_CURVE('',#6862,#6860,#3638,.T.);
#8631=EDGE_CURVE('',#6861,#6862,#3639,.T.);
#8632=EDGE_CURVE('',#6861,#6863,#3640,.T.);
#8633=EDGE_CURVE('',#6864,#6862,#3641,.T.);
#8634=EDGE_CURVE('',#6863,#6864,#3642,.T.);
#8635=EDGE_CURVE('',#6863,#6865,#3643,.T.);
#8636=EDGE_CURVE('',#6866,#6864,#3644,.T.);
#8637=EDGE_CURVE('',#6865,#6866,#3645,.T.);
#8638=EDGE_CURVE('',#6865,#6867,#3646,.T.);
#8639=EDGE_CURVE('',#6868,#6866,#3647,.T.);
#8640=EDGE_CURVE('',#6867,#6868,#3648,.T.);
#8641=EDGE_CURVE('',#6867,#6869,#3649,.T.);
#8642=EDGE_CURVE('',#6870,#6868,#3650,.T.);
#8643=EDGE_CURVE('',#6869,#6870,#3651,.T.);
#8644=EDGE_CURVE('',#6869,#6871,#3652,.T.);
#8645=EDGE_CURVE('',#6872,#6870,#3653,.T.);
#8646=EDGE_CURVE('',#6871,#6872,#3654,.T.);
#8647=EDGE_CURVE('',#6871,#6873,#3655,.T.);
#8648=EDGE_CURVE('',#6874,#6872,#3656,.T.);
#8649=EDGE_CURVE('',#6873,#6874,#3657,.T.);
#8650=EDGE_CURVE('',#6873,#6875,#3658,.T.);
#8651=EDGE_CURVE('',#6876,#6874,#3659,.T.);
#8652=EDGE_CURVE('',#6875,#6876,#3660,.T.);
#8653=EDGE_CURVE('',#6875,#6877,#3661,.T.);
#8654=EDGE_CURVE('',#6878,#6876,#3662,.T.);
#8655=EDGE_CURVE('',#6877,#6878,#3663,.T.);
#8656=EDGE_CURVE('',#6877,#6879,#3664,.T.);
#8657=EDGE_CURVE('',#6880,#6878,#3665,.T.);
#8658=EDGE_CURVE('',#6879,#6880,#3666,.T.);
#8659=EDGE_CURVE('',#6879,#6881,#3667,.T.);
#8660=EDGE_CURVE('',#6882,#6880,#3668,.T.);
#8661=EDGE_CURVE('',#6881,#6882,#3669,.T.);
#8662=EDGE_CURVE('',#6881,#6883,#3670,.T.);
#8663=EDGE_CURVE('',#6884,#6882,#3671,.T.);
#8664=EDGE_CURVE('',#6883,#6884,#3672,.T.);
#8665=EDGE_CURVE('',#6883,#6885,#3673,.T.);
#8666=EDGE_CURVE('',#6886,#6884,#3674,.T.);
#8667=EDGE_CURVE('',#6885,#6886,#3675,.T.);
#8668=EDGE_CURVE('',#6885,#6887,#3676,.T.);
#8669=EDGE_CURVE('',#6888,#6886,#3677,.T.);
#8670=EDGE_CURVE('',#6887,#6888,#3678,.T.);
#8671=EDGE_CURVE('',#6887,#6889,#3679,.T.);
#8672=EDGE_CURVE('',#6890,#6888,#3680,.T.);
#8673=EDGE_CURVE('',#6889,#6890,#3681,.T.);
#8674=EDGE_CURVE('',#6889,#6891,#3682,.T.);
#8675=EDGE_CURVE('',#6892,#6890,#3683,.T.);
#8676=EDGE_CURVE('',#6891,#6892,#3684,.T.);
#8677=EDGE_CURVE('',#6891,#6893,#3685,.T.);
#8678=EDGE_CURVE('',#6894,#6892,#3686,.T.);
#8679=EDGE_CURVE('',#6893,#6894,#3687,.T.);
#8680=EDGE_CURVE('',#6893,#6895,#3688,.T.);
#8681=EDGE_CURVE('',#6896,#6894,#3689,.T.);
#8682=EDGE_CURVE('',#6895,#6896,#3690,.T.);
#8683=EDGE_CURVE('',#6895,#6897,#3691,.T.);
#8684=EDGE_CURVE('',#6898,#6896,#3692,.T.);
#8685=EDGE_CURVE('',#6897,#6898,#3693,.T.);
#8686=EDGE_CURVE('',#6897,#6899,#3694,.T.);
#8687=EDGE_CURVE('',#6900,#6898,#3695,.T.);
#8688=EDGE_CURVE('',#6899,#6900,#3696,.T.);
#8689=EDGE_CURVE('',#6899,#6901,#3697,.T.);
#8690=EDGE_CURVE('',#6902,#6900,#3698,.T.);
#8691=EDGE_CURVE('',#6901,#6902,#3699,.T.);
#8692=EDGE_CURVE('',#6901,#6903,#3700,.T.);
#8693=EDGE_CURVE('',#6904,#6902,#3701,.T.);
#8694=EDGE_CURVE('',#6903,#6904,#3702,.T.);
#8695=EDGE_CURVE('',#6903,#6905,#3703,.T.);
#8696=EDGE_CURVE('',#6906,#6904,#3704,.T.);
#8697=EDGE_CURVE('',#6905,#6906,#3705,.T.);
#8698=EDGE_CURVE('',#6905,#6811,#3706,.T.);
#8699=EDGE_CURVE('',#6813,#6906,#3707,.T.);
#8700=EDGE_CURVE('',#6907,#6907,#5809,.T.);
#8701=EDGE_CURVE('',#6907,#6908,#3708,.T.);
#8702=EDGE_CURVE('',#6908,#6908,#5810,.T.);
#8703=EDGE_CURVE('',#6909,#6910,#3709,.T.);
#8704=EDGE_CURVE('',#6909,#6911,#3710,.T.);
#8705=EDGE_CURVE('',#6912,#6911,#3711,.T.);
#8706=EDGE_CURVE('',#6910,#6912,#3712,.T.);
#8707=EDGE_CURVE('',#6910,#6913,#3713,.T.);
#8708=EDGE_CURVE('',#6914,#6912,#3714,.T.);
#8709=EDGE_CURVE('',#6913,#6914,#3715,.T.);
#8710=EDGE_CURVE('',#6913,#6915,#3716,.T.);
#8711=EDGE_CURVE('',#6916,#6914,#3717,.T.);
#8712=EDGE_CURVE('',#6915,#6916,#3718,.T.);
#8713=EDGE_CURVE('',#6915,#6917,#3719,.T.);
#8714=EDGE_CURVE('',#6918,#6916,#3720,.T.);
#8715=EDGE_CURVE('',#6917,#6918,#3721,.T.);
#8716=EDGE_CURVE('',#6917,#6919,#3722,.T.);
#8717=EDGE_CURVE('',#6920,#6918,#3723,.T.);
#8718=EDGE_CURVE('',#6919,#6920,#3724,.T.);
#8719=EDGE_CURVE('',#6919,#6921,#3725,.T.);
#8720=EDGE_CURVE('',#6922,#6920,#3726,.T.);
#8721=EDGE_CURVE('',#6921,#6922,#3727,.T.);
#8722=EDGE_CURVE('',#6921,#6923,#3728,.T.);
#8723=EDGE_CURVE('',#6924,#6922,#3729,.T.);
#8724=EDGE_CURVE('',#6923,#6924,#3730,.T.);
#8725=EDGE_CURVE('',#6923,#6925,#3731,.T.);
#8726=EDGE_CURVE('',#6926,#6924,#3732,.T.);
#8727=EDGE_CURVE('',#6925,#6926,#3733,.T.);
#8728=EDGE_CURVE('',#6925,#6927,#3734,.T.);
#8729=EDGE_CURVE('',#6928,#6926,#3735,.T.);
#8730=EDGE_CURVE('',#6927,#6928,#3736,.T.);
#8731=EDGE_CURVE('',#6927,#6929,#3737,.T.);
#8732=EDGE_CURVE('',#6930,#6928,#3738,.T.);
#8733=EDGE_CURVE('',#6929,#6930,#3739,.T.);
#8734=EDGE_CURVE('',#6929,#6931,#3740,.T.);
#8735=EDGE_CURVE('',#6932,#6930,#3741,.T.);
#8736=EDGE_CURVE('',#6931,#6932,#3742,.T.);
#8737=EDGE_CURVE('',#6931,#6933,#3743,.T.);
#8738=EDGE_CURVE('',#6934,#6932,#3744,.T.);
#8739=EDGE_CURVE('',#6933,#6934,#3745,.T.);
#8740=EDGE_CURVE('',#6933,#6935,#3746,.T.);
#8741=EDGE_CURVE('',#6936,#6934,#3747,.T.);
#8742=EDGE_CURVE('',#6935,#6936,#3748,.T.);
#8743=EDGE_CURVE('',#6935,#6937,#3749,.T.);
#8744=EDGE_CURVE('',#6938,#6936,#3750,.T.);
#8745=EDGE_CURVE('',#6937,#6938,#3751,.T.);
#8746=EDGE_CURVE('',#6937,#6939,#3752,.T.);
#8747=EDGE_CURVE('',#6940,#6938,#3753,.T.);
#8748=EDGE_CURVE('',#6939,#6940,#3754,.T.);
#8749=EDGE_CURVE('',#6939,#6941,#3755,.T.);
#8750=EDGE_CURVE('',#6942,#6940,#3756,.T.);
#8751=EDGE_CURVE('',#6941,#6942,#3757,.T.);
#8752=EDGE_CURVE('',#6941,#6943,#3758,.T.);
#8753=EDGE_CURVE('',#6944,#6942,#3759,.T.);
#8754=EDGE_CURVE('',#6943,#6944,#3760,.T.);
#8755=EDGE_CURVE('',#6943,#6945,#3761,.T.);
#8756=EDGE_CURVE('',#6946,#6944,#3762,.T.);
#8757=EDGE_CURVE('',#6945,#6946,#3763,.T.);
#8758=EDGE_CURVE('',#6945,#6947,#3764,.T.);
#8759=EDGE_CURVE('',#6948,#6946,#3765,.T.);
#8760=EDGE_CURVE('',#6947,#6948,#3766,.T.);
#8761=EDGE_CURVE('',#6947,#6949,#3767,.T.);
#8762=EDGE_CURVE('',#6950,#6948,#3768,.T.);
#8763=EDGE_CURVE('',#6949,#6950,#3769,.T.);
#8764=EDGE_CURVE('',#6949,#6951,#3770,.T.);
#8765=EDGE_CURVE('',#6952,#6950,#3771,.T.);
#8766=EDGE_CURVE('',#6951,#6952,#3772,.T.);
#8767=EDGE_CURVE('',#6951,#6953,#3773,.T.);
#8768=EDGE_CURVE('',#6954,#6952,#3774,.T.);
#8769=EDGE_CURVE('',#6953,#6954,#3775,.T.);
#8770=EDGE_CURVE('',#6953,#6955,#3776,.T.);
#8771=EDGE_CURVE('',#6956,#6954,#3777,.T.);
#8772=EDGE_CURVE('',#6955,#6956,#3778,.T.);
#8773=EDGE_CURVE('',#6955,#6957,#3779,.T.);
#8774=EDGE_CURVE('',#6958,#6956,#3780,.T.);
#8775=EDGE_CURVE('',#6957,#6958,#3781,.T.);
#8776=EDGE_CURVE('',#6957,#6959,#3782,.T.);
#8777=EDGE_CURVE('',#6960,#6958,#3783,.T.);
#8778=EDGE_CURVE('',#6959,#6960,#3784,.T.);
#8779=EDGE_CURVE('',#6959,#6961,#3785,.T.);
#8780=EDGE_CURVE('',#6962,#6960,#3786,.T.);
#8781=EDGE_CURVE('',#6961,#6962,#3787,.T.);
#8782=EDGE_CURVE('',#6961,#6963,#3788,.T.);
#8783=EDGE_CURVE('',#6964,#6962,#3789,.T.);
#8784=EDGE_CURVE('',#6963,#6964,#3790,.T.);
#8785=EDGE_CURVE('',#6963,#6965,#3791,.T.);
#8786=EDGE_CURVE('',#6966,#6964,#3792,.T.);
#8787=EDGE_CURVE('',#6965,#6966,#3793,.T.);
#8788=EDGE_CURVE('',#6965,#6967,#3794,.T.);
#8789=EDGE_CURVE('',#6968,#6966,#3795,.T.);
#8790=EDGE_CURVE('',#6967,#6968,#3796,.T.);
#8791=EDGE_CURVE('',#6967,#6969,#3797,.T.);
#8792=EDGE_CURVE('',#6970,#6968,#3798,.T.);
#8793=EDGE_CURVE('',#6969,#6970,#3799,.T.);
#8794=EDGE_CURVE('',#6969,#6971,#3800,.T.);
#8795=EDGE_CURVE('',#6972,#6970,#3801,.T.);
#8796=EDGE_CURVE('',#6971,#6972,#3802,.T.);
#8797=EDGE_CURVE('',#6971,#6973,#3803,.T.);
#8798=EDGE_CURVE('',#6974,#6972,#3804,.T.);
#8799=EDGE_CURVE('',#6973,#6974,#3805,.T.);
#8800=EDGE_CURVE('',#6973,#6975,#3806,.T.);
#8801=EDGE_CURVE('',#6976,#6974,#3807,.T.);
#8802=EDGE_CURVE('',#6975,#6976,#3808,.T.);
#8803=EDGE_CURVE('',#6975,#6977,#3809,.T.);
#8804=EDGE_CURVE('',#6978,#6976,#3810,.T.);
#8805=EDGE_CURVE('',#6977,#6978,#3811,.T.);
#8806=EDGE_CURVE('',#6977,#6979,#3812,.T.);
#8807=EDGE_CURVE('',#6980,#6978,#3813,.T.);
#8808=EDGE_CURVE('',#6979,#6980,#3814,.T.);
#8809=EDGE_CURVE('',#6979,#6981,#3815,.T.);
#8810=EDGE_CURVE('',#6982,#6980,#3816,.T.);
#8811=EDGE_CURVE('',#6981,#6982,#3817,.T.);
#8812=EDGE_CURVE('',#6981,#6983,#3818,.T.);
#8813=EDGE_CURVE('',#6984,#6982,#3819,.T.);
#8814=EDGE_CURVE('',#6983,#6984,#3820,.T.);
#8815=EDGE_CURVE('',#6983,#6985,#3821,.T.);
#8816=EDGE_CURVE('',#6986,#6984,#3822,.T.);
#8817=EDGE_CURVE('',#6985,#6986,#3823,.T.);
#8818=EDGE_CURVE('',#6985,#6987,#3824,.T.);
#8819=EDGE_CURVE('',#6988,#6986,#3825,.T.);
#8820=EDGE_CURVE('',#6987,#6988,#3826,.T.);
#8821=EDGE_CURVE('',#6987,#6989,#3827,.T.);
#8822=EDGE_CURVE('',#6990,#6988,#3828,.T.);
#8823=EDGE_CURVE('',#6989,#6990,#3829,.T.);
#8824=EDGE_CURVE('',#6989,#6991,#3830,.T.);
#8825=EDGE_CURVE('',#6992,#6990,#3831,.T.);
#8826=EDGE_CURVE('',#6991,#6992,#3832,.T.);
#8827=EDGE_CURVE('',#6991,#6993,#3833,.T.);
#8828=EDGE_CURVE('',#6994,#6992,#3834,.T.);
#8829=EDGE_CURVE('',#6993,#6994,#3835,.T.);
#8830=EDGE_CURVE('',#6993,#6995,#3836,.T.);
#8831=EDGE_CURVE('',#6996,#6994,#3837,.T.);
#8832=EDGE_CURVE('',#6995,#6996,#3838,.T.);
#8833=EDGE_CURVE('',#6995,#6997,#3839,.T.);
#8834=EDGE_CURVE('',#6998,#6996,#3840,.T.);
#8835=EDGE_CURVE('',#6997,#6998,#3841,.T.);
#8836=EDGE_CURVE('',#6997,#6999,#3842,.T.);
#8837=EDGE_CURVE('',#7000,#6998,#3843,.T.);
#8838=EDGE_CURVE('',#6999,#7000,#3844,.T.);
#8839=EDGE_CURVE('',#6999,#7001,#3845,.T.);
#8840=EDGE_CURVE('',#7002,#7000,#3846,.T.);
#8841=EDGE_CURVE('',#7001,#7002,#3847,.T.);
#8842=EDGE_CURVE('',#7001,#7003,#3848,.T.);
#8843=EDGE_CURVE('',#7004,#7002,#3849,.T.);
#8844=EDGE_CURVE('',#7003,#7004,#3850,.T.);
#8845=EDGE_CURVE('',#7003,#6909,#3851,.T.);
#8846=EDGE_CURVE('',#6911,#7004,#3852,.T.);
#8847=EDGE_CURVE('',#7005,#7006,#3853,.T.);
#8848=EDGE_CURVE('',#7006,#7007,#3854,.T.);
#8849=EDGE_CURVE('',#7008,#7007,#3855,.T.);
#8850=EDGE_CURVE('',#7005,#7008,#3856,.T.);
#8851=EDGE_CURVE('',#7009,#7005,#3857,.T.);
#8852=EDGE_CURVE('',#7010,#7008,#3858,.T.);
#8853=EDGE_CURVE('',#7009,#7010,#3859,.T.);
#8854=EDGE_CURVE('',#7011,#7009,#3860,.T.);
#8855=EDGE_CURVE('',#7012,#7010,#3861,.T.);
#8856=EDGE_CURVE('',#7011,#7012,#3862,.T.);
#8857=EDGE_CURVE('',#7006,#7011,#3863,.T.);
#8858=EDGE_CURVE('',#7007,#7012,#3864,.T.);
#8859=EDGE_CURVE('',#7013,#7014,#3865,.T.);
#8860=EDGE_CURVE('',#7013,#7015,#3866,.T.);
#8861=EDGE_CURVE('',#7016,#7015,#3867,.T.);
#8862=EDGE_CURVE('',#7014,#7016,#3868,.T.);
#8863=EDGE_CURVE('',#7014,#7017,#3869,.T.);
#8864=EDGE_CURVE('',#7018,#7016,#3870,.T.);
#8865=EDGE_CURVE('',#7017,#7018,#3871,.T.);
#8866=EDGE_CURVE('',#7017,#7019,#3872,.T.);
#8867=EDGE_CURVE('',#7020,#7018,#3873,.T.);
#8868=EDGE_CURVE('',#7019,#7020,#3874,.T.);
#8869=EDGE_CURVE('',#7019,#7013,#3875,.T.);
#8870=EDGE_CURVE('',#7015,#7020,#3876,.T.);
#8871=EDGE_CURVE('',#7021,#7021,#5811,.T.);
#8872=EDGE_CURVE('',#7021,#7022,#3877,.T.);
#8873=EDGE_CURVE('',#7022,#7022,#5812,.T.);
#8874=EDGE_CURVE('',#7023,#7023,#5813,.T.);
#8875=EDGE_CURVE('',#7024,#7024,#5814,.T.);
#8876=EDGE_CURVE('',#7024,#7023,#3878,.T.);
#8877=EDGE_CURVE('',#7025,#7025,#5815,.T.);
#8878=EDGE_CURVE('',#7025,#7026,#3879,.T.);
#8879=EDGE_CURVE('',#7026,#7026,#5816,.T.);
#8880=EDGE_CURVE('',#7027,#7027,#5817,.T.);
#8881=EDGE_CURVE('',#7027,#7028,#3880,.T.);
#8882=EDGE_CURVE('',#7028,#7028,#5818,.T.);
#8883=EDGE_CURVE('',#7029,#7029,#5819,.T.);
#8884=EDGE_CURVE('',#7030,#7030,#5820,.T.);
#8885=EDGE_CURVE('',#7030,#7029,#3881,.T.);
#8886=EDGE_CURVE('',#7031,#7031,#5821,.T.);
#8887=EDGE_CURVE('',#7031,#7032,#3882,.T.);
#8888=EDGE_CURVE('',#7032,#7032,#5822,.T.);
#8889=EDGE_CURVE('',#7033,#7033,#5823,.T.);
#8890=EDGE_CURVE('',#7033,#7034,#3883,.T.);
#8891=EDGE_CURVE('',#7034,#7034,#5824,.T.);
#8892=EDGE_CURVE('',#7035,#7035,#5825,.T.);
#8893=EDGE_CURVE('',#7036,#7036,#5826,.T.);
#8894=EDGE_CURVE('',#7036,#7035,#3884,.T.);
#8895=EDGE_CURVE('',#7037,#7037,#5827,.T.);
#8896=EDGE_CURVE('',#7037,#7038,#3885,.T.);
#8897=EDGE_CURVE('',#7038,#7038,#5828,.T.);
#8898=EDGE_CURVE('',#7039,#7040,#3886,.T.);
#8899=EDGE_CURVE('',#7039,#7041,#3887,.T.);
#8900=EDGE_CURVE('',#7042,#7041,#3888,.T.);
#8901=EDGE_CURVE('',#7040,#7042,#3889,.T.);
#8902=EDGE_CURVE('',#7040,#7043,#3890,.T.);
#8903=EDGE_CURVE('',#7044,#7042,#3891,.T.);
#8904=EDGE_CURVE('',#7043,#7044,#3892,.T.);
#8905=EDGE_CURVE('',#7043,#7045,#3893,.T.);
#8906=EDGE_CURVE('',#7046,#7044,#3894,.T.);
#8907=EDGE_CURVE('',#7045,#7046,#3895,.T.);
#8908=EDGE_CURVE('',#7045,#7039,#3896,.T.);
#8909=EDGE_CURVE('',#7041,#7046,#3897,.T.);
#8910=EDGE_CURVE('',#7047,#7048,#3898,.T.);
#8911=EDGE_CURVE('',#7047,#7049,#3899,.T.);
#8912=EDGE_CURVE('',#7050,#7049,#3900,.T.);
#8913=EDGE_CURVE('',#7048,#7050,#3901,.T.);
#8914=EDGE_CURVE('',#7048,#7051,#3902,.T.);
#8915=EDGE_CURVE('',#7052,#7050,#3903,.T.);
#8916=EDGE_CURVE('',#7051,#7052,#3904,.T.);
#8917=EDGE_CURVE('',#7051,#7053,#3905,.T.);
#8918=EDGE_CURVE('',#7054,#7052,#3906,.T.);
#8919=EDGE_CURVE('',#7053,#7054,#3907,.T.);
#8920=EDGE_CURVE('',#7053,#7047,#3908,.T.);
#8921=EDGE_CURVE('',#7049,#7054,#3909,.T.);
#8922=EDGE_CURVE('',#7055,#7056,#3910,.T.);
#8923=EDGE_CURVE('',#7055,#7057,#3911,.T.);
#8924=EDGE_CURVE('',#7058,#7057,#3912,.T.);
#8925=EDGE_CURVE('',#7056,#7058,#3913,.T.);
#8926=EDGE_CURVE('',#7056,#7059,#3914,.T.);
#8927=EDGE_CURVE('',#7060,#7058,#3915,.T.);
#8928=EDGE_CURVE('',#7059,#7060,#3916,.T.);
#8929=EDGE_CURVE('',#7059,#7061,#3917,.T.);
#8930=EDGE_CURVE('',#7062,#7060,#3918,.T.);
#8931=EDGE_CURVE('',#7061,#7062,#3919,.T.);
#8932=EDGE_CURVE('',#7061,#7055,#3920,.T.);
#8933=EDGE_CURVE('',#7057,#7062,#3921,.T.);
#8934=EDGE_CURVE('',#7063,#7064,#3922,.T.);
#8935=EDGE_CURVE('',#7064,#7065,#13,.T.);
#8936=EDGE_CURVE('',#7065,#7066,#3923,.T.);
#8937=EDGE_CURVE('',#7066,#7063,#14,.T.);
#8938=EDGE_CURVE('',#7067,#7068,#3924,.T.);
#8939=EDGE_CURVE('',#7068,#7069,#15,.T.);
#8940=EDGE_CURVE('',#7069,#7070,#3925,.T.);
#8941=EDGE_CURVE('',#7070,#7067,#16,.T.);
#8942=EDGE_CURVE('',#7064,#7069,#3926,.T.);
#8943=EDGE_CURVE('',#7068,#7065,#3927,.T.);
#8944=EDGE_CURVE('',#7070,#7063,#3928,.T.);
#8945=EDGE_CURVE('',#7066,#7067,#3929,.T.);
#8946=EDGE_CURVE('',#7070,#7071,#3930,.T.);
#8947=EDGE_CURVE('',#7071,#7072,#3931,.T.);
#8948=EDGE_CURVE('',#7072,#7073,#3932,.T.);
#8949=EDGE_CURVE('',#7073,#7074,#3933,.T.);
#8950=EDGE_CURVE('',#7074,#7075,#3934,.T.);
#8951=EDGE_CURVE('',#7075,#7076,#3935,.T.);
#8952=EDGE_CURVE('',#7076,#7063,#3936,.T.);
#8953=EDGE_CURVE('',#7077,#7069,#3937,.T.);
#8954=EDGE_CURVE('',#7077,#7071,#3938,.T.);
#8955=EDGE_CURVE('',#7064,#7078,#3939,.T.);
#8956=EDGE_CURVE('',#7078,#7079,#3940,.T.);
#8957=EDGE_CURVE('',#7079,#7080,#3941,.T.);
#8958=EDGE_CURVE('',#7080,#7081,#3942,.T.);
#8959=EDGE_CURVE('',#7081,#7082,#3943,.T.);
#8960=EDGE_CURVE('',#7082,#7077,#3944,.T.);
#8961=EDGE_CURVE('',#7072,#7082,#3945,.T.);
#8962=EDGE_CURVE('',#7078,#7076,#3946,.T.);
#8963=EDGE_CURVE('',#7079,#7075,#3947,.T.);
#8964=EDGE_CURVE('',#7080,#7074,#3948,.T.);
#8965=EDGE_CURVE('',#7081,#7073,#3949,.T.);
#8966=ORIENTED_EDGE('',*,*,#7083,.F.);
#8967=ORIENTED_EDGE('',*,*,#7084,.T.);
#8968=ORIENTED_EDGE('',*,*,#7085,.T.);
#8969=ORIENTED_EDGE('',*,*,#7084,.F.);
#8970=ORIENTED_EDGE('',*,*,#7086,.T.);
#8971=ORIENTED_EDGE('',*,*,#7087,.T.);
#8972=ORIENTED_EDGE('',*,*,#7088,.F.);
#8973=ORIENTED_EDGE('',*,*,#7089,.F.);
#8974=ORIENTED_EDGE('',*,*,#7090,.T.);
#8975=ORIENTED_EDGE('',*,*,#7089,.T.);
#8976=ORIENTED_EDGE('',*,*,#7091,.F.);
#8977=ORIENTED_EDGE('',*,*,#7092,.F.);
#8978=ORIENTED_EDGE('',*,*,#7093,.T.);
#8979=ORIENTED_EDGE('',*,*,#7092,.T.);
#8980=ORIENTED_EDGE('',*,*,#7094,.F.);
#8981=ORIENTED_EDGE('',*,*,#7095,.F.);
#8982=ORIENTED_EDGE('',*,*,#7096,.T.);
#8983=ORIENTED_EDGE('',*,*,#7095,.T.);
#8984=ORIENTED_EDGE('',*,*,#7097,.F.);
#8985=ORIENTED_EDGE('',*,*,#7098,.F.);
#8986=ORIENTED_EDGE('',*,*,#7099,.T.);
#8987=ORIENTED_EDGE('',*,*,#7098,.T.);
#8988=ORIENTED_EDGE('',*,*,#7100,.F.);
#8989=ORIENTED_EDGE('',*,*,#7101,.F.);
#8990=ORIENTED_EDGE('',*,*,#7102,.T.);
#8991=ORIENTED_EDGE('',*,*,#7101,.T.);
#8992=ORIENTED_EDGE('',*,*,#7103,.F.);
#8993=ORIENTED_EDGE('',*,*,#7104,.F.);
#8994=ORIENTED_EDGE('',*,*,#7105,.T.);
#8995=ORIENTED_EDGE('',*,*,#7104,.T.);
#8996=ORIENTED_EDGE('',*,*,#7106,.F.);
#8997=ORIENTED_EDGE('',*,*,#7107,.F.);
#8998=ORIENTED_EDGE('',*,*,#7108,.T.);
#8999=ORIENTED_EDGE('',*,*,#7107,.T.);
#9000=ORIENTED_EDGE('',*,*,#7109,.F.);
#9001=ORIENTED_EDGE('',*,*,#7110,.F.);
#9002=ORIENTED_EDGE('',*,*,#7111,.T.);
#9003=ORIENTED_EDGE('',*,*,#7110,.T.);
#9004=ORIENTED_EDGE('',*,*,#7112,.F.);
#9005=ORIENTED_EDGE('',*,*,#7113,.F.);
#9006=ORIENTED_EDGE('',*,*,#7114,.T.);
#9007=ORIENTED_EDGE('',*,*,#7113,.T.);
#9008=ORIENTED_EDGE('',*,*,#7115,.F.);
#9009=ORIENTED_EDGE('',*,*,#7116,.F.);
#9010=ORIENTED_EDGE('',*,*,#7117,.T.);
#9011=ORIENTED_EDGE('',*,*,#7116,.T.);
#9012=ORIENTED_EDGE('',*,*,#7118,.F.);
#9013=ORIENTED_EDGE('',*,*,#7119,.F.);
#9014=ORIENTED_EDGE('',*,*,#7120,.T.);
#9015=ORIENTED_EDGE('',*,*,#7119,.T.);
#9016=ORIENTED_EDGE('',*,*,#7121,.F.);
#9017=ORIENTED_EDGE('',*,*,#7122,.F.);
#9018=ORIENTED_EDGE('',*,*,#7123,.T.);
#9019=ORIENTED_EDGE('',*,*,#7122,.T.);
#9020=ORIENTED_EDGE('',*,*,#7124,.F.);
#9021=ORIENTED_EDGE('',*,*,#7125,.F.);
#9022=ORIENTED_EDGE('',*,*,#7126,.T.);
#9023=ORIENTED_EDGE('',*,*,#7125,.T.);
#9024=ORIENTED_EDGE('',*,*,#7127,.F.);
#9025=ORIENTED_EDGE('',*,*,#7128,.F.);
#9026=ORIENTED_EDGE('',*,*,#7129,.T.);
#9027=ORIENTED_EDGE('',*,*,#7128,.T.);
#9028=ORIENTED_EDGE('',*,*,#7130,.F.);
#9029=ORIENTED_EDGE('',*,*,#7131,.F.);
#9030=ORIENTED_EDGE('',*,*,#7132,.T.);
#9031=ORIENTED_EDGE('',*,*,#7131,.T.);
#9032=ORIENTED_EDGE('',*,*,#7133,.F.);
#9033=ORIENTED_EDGE('',*,*,#7134,.F.);
#9034=ORIENTED_EDGE('',*,*,#7135,.T.);
#9035=ORIENTED_EDGE('',*,*,#7134,.T.);
#9036=ORIENTED_EDGE('',*,*,#7136,.F.);
#9037=ORIENTED_EDGE('',*,*,#7137,.F.);
#9038=ORIENTED_EDGE('',*,*,#7138,.T.);
#9039=ORIENTED_EDGE('',*,*,#7137,.T.);
#9040=ORIENTED_EDGE('',*,*,#7139,.F.);
#9041=ORIENTED_EDGE('',*,*,#7140,.F.);
#9042=ORIENTED_EDGE('',*,*,#7141,.T.);
#9043=ORIENTED_EDGE('',*,*,#7140,.T.);
#9044=ORIENTED_EDGE('',*,*,#7142,.F.);
#9045=ORIENTED_EDGE('',*,*,#7143,.F.);
#9046=ORIENTED_EDGE('',*,*,#7144,.T.);
#9047=ORIENTED_EDGE('',*,*,#7143,.T.);
#9048=ORIENTED_EDGE('',*,*,#7145,.F.);
#9049=ORIENTED_EDGE('',*,*,#7146,.F.);
#9050=ORIENTED_EDGE('',*,*,#7147,.T.);
#9051=ORIENTED_EDGE('',*,*,#7146,.T.);
#9052=ORIENTED_EDGE('',*,*,#7148,.F.);
#9053=ORIENTED_EDGE('',*,*,#7149,.F.);
#9054=ORIENTED_EDGE('',*,*,#7150,.T.);
#9055=ORIENTED_EDGE('',*,*,#7149,.T.);
#9056=ORIENTED_EDGE('',*,*,#7151,.F.);
#9057=ORIENTED_EDGE('',*,*,#7152,.F.);
#9058=ORIENTED_EDGE('',*,*,#7153,.T.);
#9059=ORIENTED_EDGE('',*,*,#7152,.T.);
#9060=ORIENTED_EDGE('',*,*,#7154,.F.);
#9061=ORIENTED_EDGE('',*,*,#7155,.F.);
#9062=ORIENTED_EDGE('',*,*,#7156,.T.);
#9063=ORIENTED_EDGE('',*,*,#7155,.T.);
#9064=ORIENTED_EDGE('',*,*,#7157,.F.);
#9065=ORIENTED_EDGE('',*,*,#7158,.F.);
#9066=ORIENTED_EDGE('',*,*,#7159,.T.);
#9067=ORIENTED_EDGE('',*,*,#7158,.T.);
#9068=ORIENTED_EDGE('',*,*,#7160,.F.);
#9069=ORIENTED_EDGE('',*,*,#7161,.F.);
#9070=ORIENTED_EDGE('',*,*,#7162,.T.);
#9071=ORIENTED_EDGE('',*,*,#7161,.T.);
#9072=ORIENTED_EDGE('',*,*,#7163,.F.);
#9073=ORIENTED_EDGE('',*,*,#7164,.F.);
#9074=ORIENTED_EDGE('',*,*,#7165,.T.);
#9075=ORIENTED_EDGE('',*,*,#7164,.T.);
#9076=ORIENTED_EDGE('',*,*,#7166,.F.);
#9077=ORIENTED_EDGE('',*,*,#7167,.F.);
#9078=ORIENTED_EDGE('',*,*,#7168,.T.);
#9079=ORIENTED_EDGE('',*,*,#7167,.T.);
#9080=ORIENTED_EDGE('',*,*,#7169,.F.);
#9081=ORIENTED_EDGE('',*,*,#7170,.F.);
#9082=ORIENTED_EDGE('',*,*,#7171,.T.);
#9083=ORIENTED_EDGE('',*,*,#7170,.T.);
#9084=ORIENTED_EDGE('',*,*,#7172,.F.);
#9085=ORIENTED_EDGE('',*,*,#7173,.F.);
#9086=ORIENTED_EDGE('',*,*,#7174,.T.);
#9087=ORIENTED_EDGE('',*,*,#7173,.T.);
#9088=ORIENTED_EDGE('',*,*,#7175,.F.);
#9089=ORIENTED_EDGE('',*,*,#7176,.F.);
#9090=ORIENTED_EDGE('',*,*,#7177,.T.);
#9091=ORIENTED_EDGE('',*,*,#7176,.T.);
#9092=ORIENTED_EDGE('',*,*,#7178,.F.);
#9093=ORIENTED_EDGE('',*,*,#7179,.F.);
#9094=ORIENTED_EDGE('',*,*,#7180,.T.);
#9095=ORIENTED_EDGE('',*,*,#7179,.T.);
#9096=ORIENTED_EDGE('',*,*,#7181,.F.);
#9097=ORIENTED_EDGE('',*,*,#7182,.F.);
#9098=ORIENTED_EDGE('',*,*,#7183,.T.);
#9099=ORIENTED_EDGE('',*,*,#7182,.T.);
#9100=ORIENTED_EDGE('',*,*,#7184,.F.);
#9101=ORIENTED_EDGE('',*,*,#7185,.F.);
#9102=ORIENTED_EDGE('',*,*,#7186,.T.);
#9103=ORIENTED_EDGE('',*,*,#7185,.T.);
#9104=ORIENTED_EDGE('',*,*,#7187,.F.);
#9105=ORIENTED_EDGE('',*,*,#7188,.F.);
#9106=ORIENTED_EDGE('',*,*,#7189,.T.);
#9107=ORIENTED_EDGE('',*,*,#7188,.T.);
#9108=ORIENTED_EDGE('',*,*,#7190,.F.);
#9109=ORIENTED_EDGE('',*,*,#7191,.F.);
#9110=ORIENTED_EDGE('',*,*,#7192,.T.);
#9111=ORIENTED_EDGE('',*,*,#7191,.T.);
#9112=ORIENTED_EDGE('',*,*,#7193,.F.);
#9113=ORIENTED_EDGE('',*,*,#7194,.F.);
#9114=ORIENTED_EDGE('',*,*,#7195,.T.);
#9115=ORIENTED_EDGE('',*,*,#7194,.T.);
#9116=ORIENTED_EDGE('',*,*,#7196,.F.);
#9117=ORIENTED_EDGE('',*,*,#7197,.F.);
#9118=ORIENTED_EDGE('',*,*,#7198,.T.);
#9119=ORIENTED_EDGE('',*,*,#7197,.T.);
#9120=ORIENTED_EDGE('',*,*,#7199,.F.);
#9121=ORIENTED_EDGE('',*,*,#7200,.F.);
#9122=ORIENTED_EDGE('',*,*,#7201,.T.);
#9123=ORIENTED_EDGE('',*,*,#7200,.T.);
#9124=ORIENTED_EDGE('',*,*,#7202,.F.);
#9125=ORIENTED_EDGE('',*,*,#7203,.F.);
#9126=ORIENTED_EDGE('',*,*,#7204,.T.);
#9127=ORIENTED_EDGE('',*,*,#7203,.T.);
#9128=ORIENTED_EDGE('',*,*,#7205,.F.);
#9129=ORIENTED_EDGE('',*,*,#7206,.F.);
#9130=ORIENTED_EDGE('',*,*,#7207,.T.);
#9131=ORIENTED_EDGE('',*,*,#7206,.T.);
#9132=ORIENTED_EDGE('',*,*,#7208,.F.);
#9133=ORIENTED_EDGE('',*,*,#7209,.F.);
#9134=ORIENTED_EDGE('',*,*,#7210,.T.);
#9135=ORIENTED_EDGE('',*,*,#7209,.T.);
#9136=ORIENTED_EDGE('',*,*,#7211,.F.);
#9137=ORIENTED_EDGE('',*,*,#7212,.F.);
#9138=ORIENTED_EDGE('',*,*,#7213,.T.);
#9139=ORIENTED_EDGE('',*,*,#7212,.T.);
#9140=ORIENTED_EDGE('',*,*,#7214,.F.);
#9141=ORIENTED_EDGE('',*,*,#7215,.F.);
#9142=ORIENTED_EDGE('',*,*,#7216,.T.);
#9143=ORIENTED_EDGE('',*,*,#7215,.T.);
#9144=ORIENTED_EDGE('',*,*,#7217,.F.);
#9145=ORIENTED_EDGE('',*,*,#7218,.F.);
#9146=ORIENTED_EDGE('',*,*,#7219,.T.);
#9147=ORIENTED_EDGE('',*,*,#7218,.T.);
#9148=ORIENTED_EDGE('',*,*,#7220,.F.);
#9149=ORIENTED_EDGE('',*,*,#7221,.F.);
#9150=ORIENTED_EDGE('',*,*,#7222,.T.);
#9151=ORIENTED_EDGE('',*,*,#7221,.T.);
#9152=ORIENTED_EDGE('',*,*,#7223,.F.);
#9153=ORIENTED_EDGE('',*,*,#7224,.F.);
#9154=ORIENTED_EDGE('',*,*,#7225,.T.);
#9155=ORIENTED_EDGE('',*,*,#7224,.T.);
#9156=ORIENTED_EDGE('',*,*,#7226,.F.);
#9157=ORIENTED_EDGE('',*,*,#7227,.F.);
#9158=ORIENTED_EDGE('',*,*,#7228,.T.);
#9159=ORIENTED_EDGE('',*,*,#7227,.T.);
#9160=ORIENTED_EDGE('',*,*,#7229,.F.);
#9161=ORIENTED_EDGE('',*,*,#7087,.F.);
#9162=ORIENTED_EDGE('',*,*,#7229,.T.);
#9163=ORIENTED_EDGE('',*,*,#7226,.T.);
#9164=ORIENTED_EDGE('',*,*,#7223,.T.);
#9165=ORIENTED_EDGE('',*,*,#7220,.T.);
#9166=ORIENTED_EDGE('',*,*,#7217,.T.);
#9167=ORIENTED_EDGE('',*,*,#7214,.T.);
#9168=ORIENTED_EDGE('',*,*,#7211,.T.);
#9169=ORIENTED_EDGE('',*,*,#7208,.T.);
#9170=ORIENTED_EDGE('',*,*,#7205,.T.);
#9171=ORIENTED_EDGE('',*,*,#7202,.T.);
#9172=ORIENTED_EDGE('',*,*,#7199,.T.);
#9173=ORIENTED_EDGE('',*,*,#7196,.T.);
#9174=ORIENTED_EDGE('',*,*,#7193,.T.);
#9175=ORIENTED_EDGE('',*,*,#7190,.T.);
#9176=ORIENTED_EDGE('',*,*,#7187,.T.);
#9177=ORIENTED_EDGE('',*,*,#7184,.T.);
#9178=ORIENTED_EDGE('',*,*,#7181,.T.);
#9179=ORIENTED_EDGE('',*,*,#7178,.T.);
#9180=ORIENTED_EDGE('',*,*,#7175,.T.);
#9181=ORIENTED_EDGE('',*,*,#7172,.T.);
#9182=ORIENTED_EDGE('',*,*,#7169,.T.);
#9183=ORIENTED_EDGE('',*,*,#7166,.T.);
#9184=ORIENTED_EDGE('',*,*,#7163,.T.);
#9185=ORIENTED_EDGE('',*,*,#7160,.T.);
#9186=ORIENTED_EDGE('',*,*,#7157,.T.);
#9187=ORIENTED_EDGE('',*,*,#7154,.T.);
#9188=ORIENTED_EDGE('',*,*,#7151,.T.);
#9189=ORIENTED_EDGE('',*,*,#7148,.T.);
#9190=ORIENTED_EDGE('',*,*,#7145,.T.);
#9191=ORIENTED_EDGE('',*,*,#7142,.T.);
#9192=ORIENTED_EDGE('',*,*,#7139,.T.);
#9193=ORIENTED_EDGE('',*,*,#7136,.T.);
#9194=ORIENTED_EDGE('',*,*,#7133,.T.);
#9195=ORIENTED_EDGE('',*,*,#7130,.T.);
#9196=ORIENTED_EDGE('',*,*,#7127,.T.);
#9197=ORIENTED_EDGE('',*,*,#7124,.T.);
#9198=ORIENTED_EDGE('',*,*,#7121,.T.);
#9199=ORIENTED_EDGE('',*,*,#7118,.T.);
#9200=ORIENTED_EDGE('',*,*,#7115,.T.);
#9201=ORIENTED_EDGE('',*,*,#7112,.T.);
#9202=ORIENTED_EDGE('',*,*,#7109,.T.);
#9203=ORIENTED_EDGE('',*,*,#7106,.T.);
#9204=ORIENTED_EDGE('',*,*,#7103,.T.);
#9205=ORIENTED_EDGE('',*,*,#7100,.T.);
#9206=ORIENTED_EDGE('',*,*,#7097,.T.);
#9207=ORIENTED_EDGE('',*,*,#7094,.T.);
#9208=ORIENTED_EDGE('',*,*,#7091,.T.);
#9209=ORIENTED_EDGE('',*,*,#7088,.T.);
#9210=ORIENTED_EDGE('',*,*,#7083,.T.);
#9211=ORIENTED_EDGE('',*,*,#7228,.F.);
#9212=ORIENTED_EDGE('',*,*,#7086,.F.);
#9213=ORIENTED_EDGE('',*,*,#7090,.F.);
#9214=ORIENTED_EDGE('',*,*,#7093,.F.);
#9215=ORIENTED_EDGE('',*,*,#7096,.F.);
#9216=ORIENTED_EDGE('',*,*,#7099,.F.);
#9217=ORIENTED_EDGE('',*,*,#7102,.F.);
#9218=ORIENTED_EDGE('',*,*,#7105,.F.);
#9219=ORIENTED_EDGE('',*,*,#7108,.F.);
#9220=ORIENTED_EDGE('',*,*,#7111,.F.);
#9221=ORIENTED_EDGE('',*,*,#7114,.F.);
#9222=ORIENTED_EDGE('',*,*,#7117,.F.);
#9223=ORIENTED_EDGE('',*,*,#7120,.F.);
#9224=ORIENTED_EDGE('',*,*,#7123,.F.);
#9225=ORIENTED_EDGE('',*,*,#7126,.F.);
#9226=ORIENTED_EDGE('',*,*,#7129,.F.);
#9227=ORIENTED_EDGE('',*,*,#7132,.F.);
#9228=ORIENTED_EDGE('',*,*,#7135,.F.);
#9229=ORIENTED_EDGE('',*,*,#7138,.F.);
#9230=ORIENTED_EDGE('',*,*,#7141,.F.);
#9231=ORIENTED_EDGE('',*,*,#7144,.F.);
#9232=ORIENTED_EDGE('',*,*,#7147,.F.);
#9233=ORIENTED_EDGE('',*,*,#7150,.F.);
#9234=ORIENTED_EDGE('',*,*,#7153,.F.);
#9235=ORIENTED_EDGE('',*,*,#7156,.F.);
#9236=ORIENTED_EDGE('',*,*,#7159,.F.);
#9237=ORIENTED_EDGE('',*,*,#7162,.F.);
#9238=ORIENTED_EDGE('',*,*,#7165,.F.);
#9239=ORIENTED_EDGE('',*,*,#7168,.F.);
#9240=ORIENTED_EDGE('',*,*,#7171,.F.);
#9241=ORIENTED_EDGE('',*,*,#7174,.F.);
#9242=ORIENTED_EDGE('',*,*,#7177,.F.);
#9243=ORIENTED_EDGE('',*,*,#7180,.F.);
#9244=ORIENTED_EDGE('',*,*,#7183,.F.);
#9245=ORIENTED_EDGE('',*,*,#7186,.F.);
#9246=ORIENTED_EDGE('',*,*,#7189,.F.);
#9247=ORIENTED_EDGE('',*,*,#7192,.F.);
#9248=ORIENTED_EDGE('',*,*,#7195,.F.);
#9249=ORIENTED_EDGE('',*,*,#7198,.F.);
#9250=ORIENTED_EDGE('',*,*,#7201,.F.);
#9251=ORIENTED_EDGE('',*,*,#7204,.F.);
#9252=ORIENTED_EDGE('',*,*,#7207,.F.);
#9253=ORIENTED_EDGE('',*,*,#7210,.F.);
#9254=ORIENTED_EDGE('',*,*,#7213,.F.);
#9255=ORIENTED_EDGE('',*,*,#7216,.F.);
#9256=ORIENTED_EDGE('',*,*,#7219,.F.);
#9257=ORIENTED_EDGE('',*,*,#7222,.F.);
#9258=ORIENTED_EDGE('',*,*,#7225,.F.);
#9259=ORIENTED_EDGE('',*,*,#7085,.F.);
#9260=ORIENTED_EDGE('',*,*,#7230,.F.);
#9261=ORIENTED_EDGE('',*,*,#7231,.T.);
#9262=ORIENTED_EDGE('',*,*,#7232,.T.);
#9263=ORIENTED_EDGE('',*,*,#7231,.F.);
#9264=ORIENTED_EDGE('',*,*,#7233,.T.);
#9265=ORIENTED_EDGE('',*,*,#7234,.T.);
#9266=ORIENTED_EDGE('',*,*,#7235,.F.);
#9267=ORIENTED_EDGE('',*,*,#7236,.F.);
#9268=ORIENTED_EDGE('',*,*,#7237,.T.);
#9269=ORIENTED_EDGE('',*,*,#7236,.T.);
#9270=ORIENTED_EDGE('',*,*,#7238,.F.);
#9271=ORIENTED_EDGE('',*,*,#7239,.F.);
#9272=ORIENTED_EDGE('',*,*,#7240,.T.);
#9273=ORIENTED_EDGE('',*,*,#7239,.T.);
#9274=ORIENTED_EDGE('',*,*,#7241,.F.);
#9275=ORIENTED_EDGE('',*,*,#7242,.F.);
#9276=ORIENTED_EDGE('',*,*,#7243,.T.);
#9277=ORIENTED_EDGE('',*,*,#7242,.T.);
#9278=ORIENTED_EDGE('',*,*,#7244,.F.);
#9279=ORIENTED_EDGE('',*,*,#7245,.F.);
#9280=ORIENTED_EDGE('',*,*,#7246,.T.);
#9281=ORIENTED_EDGE('',*,*,#7245,.T.);
#9282=ORIENTED_EDGE('',*,*,#7247,.F.);
#9283=ORIENTED_EDGE('',*,*,#7248,.F.);
#9284=ORIENTED_EDGE('',*,*,#7249,.T.);
#9285=ORIENTED_EDGE('',*,*,#7248,.T.);
#9286=ORIENTED_EDGE('',*,*,#7250,.F.);
#9287=ORIENTED_EDGE('',*,*,#7251,.F.);
#9288=ORIENTED_EDGE('',*,*,#7252,.T.);
#9289=ORIENTED_EDGE('',*,*,#7251,.T.);
#9290=ORIENTED_EDGE('',*,*,#7253,.F.);
#9291=ORIENTED_EDGE('',*,*,#7254,.F.);
#9292=ORIENTED_EDGE('',*,*,#7255,.T.);
#9293=ORIENTED_EDGE('',*,*,#7254,.T.);
#9294=ORIENTED_EDGE('',*,*,#7256,.F.);
#9295=ORIENTED_EDGE('',*,*,#7257,.F.);
#9296=ORIENTED_EDGE('',*,*,#7258,.T.);
#9297=ORIENTED_EDGE('',*,*,#7257,.T.);
#9298=ORIENTED_EDGE('',*,*,#7259,.F.);
#9299=ORIENTED_EDGE('',*,*,#7260,.F.);
#9300=ORIENTED_EDGE('',*,*,#7261,.T.);
#9301=ORIENTED_EDGE('',*,*,#7260,.T.);
#9302=ORIENTED_EDGE('',*,*,#7262,.F.);
#9303=ORIENTED_EDGE('',*,*,#7263,.F.);
#9304=ORIENTED_EDGE('',*,*,#7264,.T.);
#9305=ORIENTED_EDGE('',*,*,#7263,.T.);
#9306=ORIENTED_EDGE('',*,*,#7265,.F.);
#9307=ORIENTED_EDGE('',*,*,#7266,.F.);
#9308=ORIENTED_EDGE('',*,*,#7267,.T.);
#9309=ORIENTED_EDGE('',*,*,#7266,.T.);
#9310=ORIENTED_EDGE('',*,*,#7268,.F.);
#9311=ORIENTED_EDGE('',*,*,#7269,.F.);
#9312=ORIENTED_EDGE('',*,*,#7270,.T.);
#9313=ORIENTED_EDGE('',*,*,#7269,.T.);
#9314=ORIENTED_EDGE('',*,*,#7271,.F.);
#9315=ORIENTED_EDGE('',*,*,#7272,.F.);
#9316=ORIENTED_EDGE('',*,*,#7273,.T.);
#9317=ORIENTED_EDGE('',*,*,#7272,.T.);
#9318=ORIENTED_EDGE('',*,*,#7274,.F.);
#9319=ORIENTED_EDGE('',*,*,#7275,.F.);
#9320=ORIENTED_EDGE('',*,*,#7276,.T.);
#9321=ORIENTED_EDGE('',*,*,#7275,.T.);
#9322=ORIENTED_EDGE('',*,*,#7277,.F.);
#9323=ORIENTED_EDGE('',*,*,#7278,.F.);
#9324=ORIENTED_EDGE('',*,*,#7279,.T.);
#9325=ORIENTED_EDGE('',*,*,#7278,.T.);
#9326=ORIENTED_EDGE('',*,*,#7280,.F.);
#9327=ORIENTED_EDGE('',*,*,#7281,.F.);
#9328=ORIENTED_EDGE('',*,*,#7282,.T.);
#9329=ORIENTED_EDGE('',*,*,#7281,.T.);
#9330=ORIENTED_EDGE('',*,*,#7283,.F.);
#9331=ORIENTED_EDGE('',*,*,#7284,.F.);
#9332=ORIENTED_EDGE('',*,*,#7285,.T.);
#9333=ORIENTED_EDGE('',*,*,#7284,.T.);
#9334=ORIENTED_EDGE('',*,*,#7286,.F.);
#9335=ORIENTED_EDGE('',*,*,#7287,.F.);
#9336=ORIENTED_EDGE('',*,*,#7288,.T.);
#9337=ORIENTED_EDGE('',*,*,#7287,.T.);
#9338=ORIENTED_EDGE('',*,*,#7289,.F.);
#9339=ORIENTED_EDGE('',*,*,#7290,.F.);
#9340=ORIENTED_EDGE('',*,*,#7291,.T.);
#9341=ORIENTED_EDGE('',*,*,#7290,.T.);
#9342=ORIENTED_EDGE('',*,*,#7292,.F.);
#9343=ORIENTED_EDGE('',*,*,#7293,.F.);
#9344=ORIENTED_EDGE('',*,*,#7294,.T.);
#9345=ORIENTED_EDGE('',*,*,#7293,.T.);
#9346=ORIENTED_EDGE('',*,*,#7295,.F.);
#9347=ORIENTED_EDGE('',*,*,#7296,.F.);
#9348=ORIENTED_EDGE('',*,*,#7297,.T.);
#9349=ORIENTED_EDGE('',*,*,#7296,.T.);
#9350=ORIENTED_EDGE('',*,*,#7298,.F.);
#9351=ORIENTED_EDGE('',*,*,#7299,.F.);
#9352=ORIENTED_EDGE('',*,*,#7300,.T.);
#9353=ORIENTED_EDGE('',*,*,#7299,.T.);
#9354=ORIENTED_EDGE('',*,*,#7301,.F.);
#9355=ORIENTED_EDGE('',*,*,#7302,.F.);
#9356=ORIENTED_EDGE('',*,*,#7303,.T.);
#9357=ORIENTED_EDGE('',*,*,#7302,.T.);
#9358=ORIENTED_EDGE('',*,*,#7304,.F.);
#9359=ORIENTED_EDGE('',*,*,#7305,.F.);
#9360=ORIENTED_EDGE('',*,*,#7306,.T.);
#9361=ORIENTED_EDGE('',*,*,#7305,.T.);
#9362=ORIENTED_EDGE('',*,*,#7307,.F.);
#9363=ORIENTED_EDGE('',*,*,#7308,.F.);
#9364=ORIENTED_EDGE('',*,*,#7309,.T.);
#9365=ORIENTED_EDGE('',*,*,#7308,.T.);
#9366=ORIENTED_EDGE('',*,*,#7310,.F.);
#9367=ORIENTED_EDGE('',*,*,#7311,.F.);
#9368=ORIENTED_EDGE('',*,*,#7312,.T.);
#9369=ORIENTED_EDGE('',*,*,#7311,.T.);
#9370=ORIENTED_EDGE('',*,*,#7313,.F.);
#9371=ORIENTED_EDGE('',*,*,#7314,.F.);
#9372=ORIENTED_EDGE('',*,*,#7315,.T.);
#9373=ORIENTED_EDGE('',*,*,#7314,.T.);
#9374=ORIENTED_EDGE('',*,*,#7316,.F.);
#9375=ORIENTED_EDGE('',*,*,#7317,.F.);
#9376=ORIENTED_EDGE('',*,*,#7318,.T.);
#9377=ORIENTED_EDGE('',*,*,#7317,.T.);
#9378=ORIENTED_EDGE('',*,*,#7319,.F.);
#9379=ORIENTED_EDGE('',*,*,#7320,.F.);
#9380=ORIENTED_EDGE('',*,*,#7321,.T.);
#9381=ORIENTED_EDGE('',*,*,#7320,.T.);
#9382=ORIENTED_EDGE('',*,*,#7322,.F.);
#9383=ORIENTED_EDGE('',*,*,#7323,.F.);
#9384=ORIENTED_EDGE('',*,*,#7324,.T.);
#9385=ORIENTED_EDGE('',*,*,#7323,.T.);
#9386=ORIENTED_EDGE('',*,*,#7325,.F.);
#9387=ORIENTED_EDGE('',*,*,#7326,.F.);
#9388=ORIENTED_EDGE('',*,*,#7327,.T.);
#9389=ORIENTED_EDGE('',*,*,#7326,.T.);
#9390=ORIENTED_EDGE('',*,*,#7328,.F.);
#9391=ORIENTED_EDGE('',*,*,#7329,.F.);
#9392=ORIENTED_EDGE('',*,*,#7330,.T.);
#9393=ORIENTED_EDGE('',*,*,#7329,.T.);
#9394=ORIENTED_EDGE('',*,*,#7331,.F.);
#9395=ORIENTED_EDGE('',*,*,#7332,.F.);
#9396=ORIENTED_EDGE('',*,*,#7333,.T.);
#9397=ORIENTED_EDGE('',*,*,#7332,.T.);
#9398=ORIENTED_EDGE('',*,*,#7334,.F.);
#9399=ORIENTED_EDGE('',*,*,#7335,.F.);
#9400=ORIENTED_EDGE('',*,*,#7336,.T.);
#9401=ORIENTED_EDGE('',*,*,#7335,.T.);
#9402=ORIENTED_EDGE('',*,*,#7337,.F.);
#9403=ORIENTED_EDGE('',*,*,#7338,.F.);
#9404=ORIENTED_EDGE('',*,*,#7339,.T.);
#9405=ORIENTED_EDGE('',*,*,#7338,.T.);
#9406=ORIENTED_EDGE('',*,*,#7340,.F.);
#9407=ORIENTED_EDGE('',*,*,#7341,.F.);
#9408=ORIENTED_EDGE('',*,*,#7342,.T.);
#9409=ORIENTED_EDGE('',*,*,#7341,.T.);
#9410=ORIENTED_EDGE('',*,*,#7343,.F.);
#9411=ORIENTED_EDGE('',*,*,#7344,.F.);
#9412=ORIENTED_EDGE('',*,*,#7345,.T.);
#9413=ORIENTED_EDGE('',*,*,#7344,.T.);
#9414=ORIENTED_EDGE('',*,*,#7346,.F.);
#9415=ORIENTED_EDGE('',*,*,#7347,.F.);
#9416=ORIENTED_EDGE('',*,*,#7348,.T.);
#9417=ORIENTED_EDGE('',*,*,#7347,.T.);
#9418=ORIENTED_EDGE('',*,*,#7349,.F.);
#9419=ORIENTED_EDGE('',*,*,#7350,.F.);
#9420=ORIENTED_EDGE('',*,*,#7351,.T.);
#9421=ORIENTED_EDGE('',*,*,#7350,.T.);
#9422=ORIENTED_EDGE('',*,*,#7352,.F.);
#9423=ORIENTED_EDGE('',*,*,#7353,.F.);
#9424=ORIENTED_EDGE('',*,*,#7354,.T.);
#9425=ORIENTED_EDGE('',*,*,#7353,.T.);
#9426=ORIENTED_EDGE('',*,*,#7355,.F.);
#9427=ORIENTED_EDGE('',*,*,#7356,.F.);
#9428=ORIENTED_EDGE('',*,*,#7357,.T.);
#9429=ORIENTED_EDGE('',*,*,#7356,.T.);
#9430=ORIENTED_EDGE('',*,*,#7358,.F.);
#9431=ORIENTED_EDGE('',*,*,#7359,.F.);
#9432=ORIENTED_EDGE('',*,*,#7360,.T.);
#9433=ORIENTED_EDGE('',*,*,#7359,.T.);
#9434=ORIENTED_EDGE('',*,*,#7361,.F.);
#9435=ORIENTED_EDGE('',*,*,#7362,.F.);
#9436=ORIENTED_EDGE('',*,*,#7363,.T.);
#9437=ORIENTED_EDGE('',*,*,#7362,.T.);
#9438=ORIENTED_EDGE('',*,*,#7364,.F.);
#9439=ORIENTED_EDGE('',*,*,#7365,.F.);
#9440=ORIENTED_EDGE('',*,*,#7366,.T.);
#9441=ORIENTED_EDGE('',*,*,#7365,.T.);
#9442=ORIENTED_EDGE('',*,*,#7367,.F.);
#9443=ORIENTED_EDGE('',*,*,#7368,.F.);
#9444=ORIENTED_EDGE('',*,*,#7369,.T.);
#9445=ORIENTED_EDGE('',*,*,#7368,.T.);
#9446=ORIENTED_EDGE('',*,*,#7370,.F.);
#9447=ORIENTED_EDGE('',*,*,#7371,.F.);
#9448=ORIENTED_EDGE('',*,*,#7372,.T.);
#9449=ORIENTED_EDGE('',*,*,#7371,.T.);
#9450=ORIENTED_EDGE('',*,*,#7373,.F.);
#9451=ORIENTED_EDGE('',*,*,#7374,.F.);
#9452=ORIENTED_EDGE('',*,*,#7375,.T.);
#9453=ORIENTED_EDGE('',*,*,#7374,.T.);
#9454=ORIENTED_EDGE('',*,*,#7376,.F.);
#9455=ORIENTED_EDGE('',*,*,#7234,.F.);
#9456=ORIENTED_EDGE('',*,*,#7376,.T.);
#9457=ORIENTED_EDGE('',*,*,#7373,.T.);
#9458=ORIENTED_EDGE('',*,*,#7370,.T.);
#9459=ORIENTED_EDGE('',*,*,#7367,.T.);
#9460=ORIENTED_EDGE('',*,*,#7364,.T.);
#9461=ORIENTED_EDGE('',*,*,#7361,.T.);
#9462=ORIENTED_EDGE('',*,*,#7358,.T.);
#9463=ORIENTED_EDGE('',*,*,#7355,.T.);
#9464=ORIENTED_EDGE('',*,*,#7352,.T.);
#9465=ORIENTED_EDGE('',*,*,#7349,.T.);
#9466=ORIENTED_EDGE('',*,*,#7346,.T.);
#9467=ORIENTED_EDGE('',*,*,#7343,.T.);
#9468=ORIENTED_EDGE('',*,*,#7340,.T.);
#9469=ORIENTED_EDGE('',*,*,#7337,.T.);
#9470=ORIENTED_EDGE('',*,*,#7334,.T.);
#9471=ORIENTED_EDGE('',*,*,#7331,.T.);
#9472=ORIENTED_EDGE('',*,*,#7328,.T.);
#9473=ORIENTED_EDGE('',*,*,#7325,.T.);
#9474=ORIENTED_EDGE('',*,*,#7322,.T.);
#9475=ORIENTED_EDGE('',*,*,#7319,.T.);
#9476=ORIENTED_EDGE('',*,*,#7316,.T.);
#9477=ORIENTED_EDGE('',*,*,#7313,.T.);
#9478=ORIENTED_EDGE('',*,*,#7310,.T.);
#9479=ORIENTED_EDGE('',*,*,#7307,.T.);
#9480=ORIENTED_EDGE('',*,*,#7304,.T.);
#9481=ORIENTED_EDGE('',*,*,#7301,.T.);
#9482=ORIENTED_EDGE('',*,*,#7298,.T.);
#9483=ORIENTED_EDGE('',*,*,#7295,.T.);
#9484=ORIENTED_EDGE('',*,*,#7292,.T.);
#9485=ORIENTED_EDGE('',*,*,#7289,.T.);
#9486=ORIENTED_EDGE('',*,*,#7286,.T.);
#9487=ORIENTED_EDGE('',*,*,#7283,.T.);
#9488=ORIENTED_EDGE('',*,*,#7280,.T.);
#9489=ORIENTED_EDGE('',*,*,#7277,.T.);
#9490=ORIENTED_EDGE('',*,*,#7274,.T.);
#9491=ORIENTED_EDGE('',*,*,#7271,.T.);
#9492=ORIENTED_EDGE('',*,*,#7268,.T.);
#9493=ORIENTED_EDGE('',*,*,#7265,.T.);
#9494=ORIENTED_EDGE('',*,*,#7262,.T.);
#9495=ORIENTED_EDGE('',*,*,#7259,.T.);
#9496=ORIENTED_EDGE('',*,*,#7256,.T.);
#9497=ORIENTED_EDGE('',*,*,#7253,.T.);
#9498=ORIENTED_EDGE('',*,*,#7250,.T.);
#9499=ORIENTED_EDGE('',*,*,#7247,.T.);
#9500=ORIENTED_EDGE('',*,*,#7244,.T.);
#9501=ORIENTED_EDGE('',*,*,#7241,.T.);
#9502=ORIENTED_EDGE('',*,*,#7238,.T.);
#9503=ORIENTED_EDGE('',*,*,#7235,.T.);
#9504=ORIENTED_EDGE('',*,*,#7230,.T.);
#9505=ORIENTED_EDGE('',*,*,#7375,.F.);
#9506=ORIENTED_EDGE('',*,*,#7233,.F.);
#9507=ORIENTED_EDGE('',*,*,#7237,.F.);
#9508=ORIENTED_EDGE('',*,*,#7240,.F.);
#9509=ORIENTED_EDGE('',*,*,#7243,.F.);
#9510=ORIENTED_EDGE('',*,*,#7246,.F.);
#9511=ORIENTED_EDGE('',*,*,#7249,.F.);
#9512=ORIENTED_EDGE('',*,*,#7252,.F.);
#9513=ORIENTED_EDGE('',*,*,#7255,.F.);
#9514=ORIENTED_EDGE('',*,*,#7258,.F.);
#9515=ORIENTED_EDGE('',*,*,#7261,.F.);
#9516=ORIENTED_EDGE('',*,*,#7264,.F.);
#9517=ORIENTED_EDGE('',*,*,#7267,.F.);
#9518=ORIENTED_EDGE('',*,*,#7270,.F.);
#9519=ORIENTED_EDGE('',*,*,#7273,.F.);
#9520=ORIENTED_EDGE('',*,*,#7276,.F.);
#9521=ORIENTED_EDGE('',*,*,#7279,.F.);
#9522=ORIENTED_EDGE('',*,*,#7282,.F.);
#9523=ORIENTED_EDGE('',*,*,#7285,.F.);
#9524=ORIENTED_EDGE('',*,*,#7288,.F.);
#9525=ORIENTED_EDGE('',*,*,#7291,.F.);
#9526=ORIENTED_EDGE('',*,*,#7294,.F.);
#9527=ORIENTED_EDGE('',*,*,#7297,.F.);
#9528=ORIENTED_EDGE('',*,*,#7300,.F.);
#9529=ORIENTED_EDGE('',*,*,#7303,.F.);
#9530=ORIENTED_EDGE('',*,*,#7306,.F.);
#9531=ORIENTED_EDGE('',*,*,#7309,.F.);
#9532=ORIENTED_EDGE('',*,*,#7312,.F.);
#9533=ORIENTED_EDGE('',*,*,#7315,.F.);
#9534=ORIENTED_EDGE('',*,*,#7318,.F.);
#9535=ORIENTED_EDGE('',*,*,#7321,.F.);
#9536=ORIENTED_EDGE('',*,*,#7324,.F.);
#9537=ORIENTED_EDGE('',*,*,#7327,.F.);
#9538=ORIENTED_EDGE('',*,*,#7330,.F.);
#9539=ORIENTED_EDGE('',*,*,#7333,.F.);
#9540=ORIENTED_EDGE('',*,*,#7336,.F.);
#9541=ORIENTED_EDGE('',*,*,#7339,.F.);
#9542=ORIENTED_EDGE('',*,*,#7342,.F.);
#9543=ORIENTED_EDGE('',*,*,#7345,.F.);
#9544=ORIENTED_EDGE('',*,*,#7348,.F.);
#9545=ORIENTED_EDGE('',*,*,#7351,.F.);
#9546=ORIENTED_EDGE('',*,*,#7354,.F.);
#9547=ORIENTED_EDGE('',*,*,#7357,.F.);
#9548=ORIENTED_EDGE('',*,*,#7360,.F.);
#9549=ORIENTED_EDGE('',*,*,#7363,.F.);
#9550=ORIENTED_EDGE('',*,*,#7366,.F.);
#9551=ORIENTED_EDGE('',*,*,#7369,.F.);
#9552=ORIENTED_EDGE('',*,*,#7372,.F.);
#9553=ORIENTED_EDGE('',*,*,#7232,.F.);
#9554=ORIENTED_EDGE('',*,*,#7377,.F.);
#9555=ORIENTED_EDGE('',*,*,#7378,.T.);
#9556=ORIENTED_EDGE('',*,*,#7379,.T.);
#9557=ORIENTED_EDGE('',*,*,#7378,.F.);
#9558=ORIENTED_EDGE('',*,*,#7380,.T.);
#9559=ORIENTED_EDGE('',*,*,#7381,.T.);
#9560=ORIENTED_EDGE('',*,*,#7382,.F.);
#9561=ORIENTED_EDGE('',*,*,#7383,.F.);
#9562=ORIENTED_EDGE('',*,*,#7384,.T.);
#9563=ORIENTED_EDGE('',*,*,#7383,.T.);
#9564=ORIENTED_EDGE('',*,*,#7385,.F.);
#9565=ORIENTED_EDGE('',*,*,#7386,.F.);
#9566=ORIENTED_EDGE('',*,*,#7387,.T.);
#9567=ORIENTED_EDGE('',*,*,#7386,.T.);
#9568=ORIENTED_EDGE('',*,*,#7388,.F.);
#9569=ORIENTED_EDGE('',*,*,#7389,.F.);
#9570=ORIENTED_EDGE('',*,*,#7390,.T.);
#9571=ORIENTED_EDGE('',*,*,#7389,.T.);
#9572=ORIENTED_EDGE('',*,*,#7391,.F.);
#9573=ORIENTED_EDGE('',*,*,#7392,.F.);
#9574=ORIENTED_EDGE('',*,*,#7393,.T.);
#9575=ORIENTED_EDGE('',*,*,#7392,.T.);
#9576=ORIENTED_EDGE('',*,*,#7394,.F.);
#9577=ORIENTED_EDGE('',*,*,#7395,.F.);
#9578=ORIENTED_EDGE('',*,*,#7396,.T.);
#9579=ORIENTED_EDGE('',*,*,#7395,.T.);
#9580=ORIENTED_EDGE('',*,*,#7397,.F.);
#9581=ORIENTED_EDGE('',*,*,#7398,.F.);
#9582=ORIENTED_EDGE('',*,*,#7399,.T.);
#9583=ORIENTED_EDGE('',*,*,#7398,.T.);
#9584=ORIENTED_EDGE('',*,*,#7400,.F.);
#9585=ORIENTED_EDGE('',*,*,#7401,.F.);
#9586=ORIENTED_EDGE('',*,*,#7402,.T.);
#9587=ORIENTED_EDGE('',*,*,#7401,.T.);
#9588=ORIENTED_EDGE('',*,*,#7403,.F.);
#9589=ORIENTED_EDGE('',*,*,#7404,.F.);
#9590=ORIENTED_EDGE('',*,*,#7405,.T.);
#9591=ORIENTED_EDGE('',*,*,#7404,.T.);
#9592=ORIENTED_EDGE('',*,*,#7406,.F.);
#9593=ORIENTED_EDGE('',*,*,#7407,.F.);
#9594=ORIENTED_EDGE('',*,*,#7408,.T.);
#9595=ORIENTED_EDGE('',*,*,#7407,.T.);
#9596=ORIENTED_EDGE('',*,*,#7409,.F.);
#9597=ORIENTED_EDGE('',*,*,#7410,.F.);
#9598=ORIENTED_EDGE('',*,*,#7411,.T.);
#9599=ORIENTED_EDGE('',*,*,#7410,.T.);
#9600=ORIENTED_EDGE('',*,*,#7412,.F.);
#9601=ORIENTED_EDGE('',*,*,#7413,.F.);
#9602=ORIENTED_EDGE('',*,*,#7414,.T.);
#9603=ORIENTED_EDGE('',*,*,#7413,.T.);
#9604=ORIENTED_EDGE('',*,*,#7415,.F.);
#9605=ORIENTED_EDGE('',*,*,#7416,.F.);
#9606=ORIENTED_EDGE('',*,*,#7417,.T.);
#9607=ORIENTED_EDGE('',*,*,#7416,.T.);
#9608=ORIENTED_EDGE('',*,*,#7418,.F.);
#9609=ORIENTED_EDGE('',*,*,#7419,.F.);
#9610=ORIENTED_EDGE('',*,*,#7420,.T.);
#9611=ORIENTED_EDGE('',*,*,#7419,.T.);
#9612=ORIENTED_EDGE('',*,*,#7421,.F.);
#9613=ORIENTED_EDGE('',*,*,#7422,.F.);
#9614=ORIENTED_EDGE('',*,*,#7423,.T.);
#9615=ORIENTED_EDGE('',*,*,#7422,.T.);
#9616=ORIENTED_EDGE('',*,*,#7424,.F.);
#9617=ORIENTED_EDGE('',*,*,#7425,.F.);
#9618=ORIENTED_EDGE('',*,*,#7426,.T.);
#9619=ORIENTED_EDGE('',*,*,#7425,.T.);
#9620=ORIENTED_EDGE('',*,*,#7427,.F.);
#9621=ORIENTED_EDGE('',*,*,#7428,.F.);
#9622=ORIENTED_EDGE('',*,*,#7429,.T.);
#9623=ORIENTED_EDGE('',*,*,#7428,.T.);
#9624=ORIENTED_EDGE('',*,*,#7430,.F.);
#9625=ORIENTED_EDGE('',*,*,#7431,.F.);
#9626=ORIENTED_EDGE('',*,*,#7432,.T.);
#9627=ORIENTED_EDGE('',*,*,#7431,.T.);
#9628=ORIENTED_EDGE('',*,*,#7433,.F.);
#9629=ORIENTED_EDGE('',*,*,#7434,.F.);
#9630=ORIENTED_EDGE('',*,*,#7435,.T.);
#9631=ORIENTED_EDGE('',*,*,#7434,.T.);
#9632=ORIENTED_EDGE('',*,*,#7436,.F.);
#9633=ORIENTED_EDGE('',*,*,#7437,.F.);
#9634=ORIENTED_EDGE('',*,*,#7438,.T.);
#9635=ORIENTED_EDGE('',*,*,#7437,.T.);
#9636=ORIENTED_EDGE('',*,*,#7439,.F.);
#9637=ORIENTED_EDGE('',*,*,#7440,.F.);
#9638=ORIENTED_EDGE('',*,*,#7441,.T.);
#9639=ORIENTED_EDGE('',*,*,#7440,.T.);
#9640=ORIENTED_EDGE('',*,*,#7442,.F.);
#9641=ORIENTED_EDGE('',*,*,#7443,.F.);
#9642=ORIENTED_EDGE('',*,*,#7444,.T.);
#9643=ORIENTED_EDGE('',*,*,#7443,.T.);
#9644=ORIENTED_EDGE('',*,*,#7445,.F.);
#9645=ORIENTED_EDGE('',*,*,#7446,.F.);
#9646=ORIENTED_EDGE('',*,*,#7447,.T.);
#9647=ORIENTED_EDGE('',*,*,#7446,.T.);
#9648=ORIENTED_EDGE('',*,*,#7448,.F.);
#9649=ORIENTED_EDGE('',*,*,#7449,.F.);
#9650=ORIENTED_EDGE('',*,*,#7450,.T.);
#9651=ORIENTED_EDGE('',*,*,#7449,.T.);
#9652=ORIENTED_EDGE('',*,*,#7451,.F.);
#9653=ORIENTED_EDGE('',*,*,#7452,.F.);
#9654=ORIENTED_EDGE('',*,*,#7453,.T.);
#9655=ORIENTED_EDGE('',*,*,#7452,.T.);
#9656=ORIENTED_EDGE('',*,*,#7454,.F.);
#9657=ORIENTED_EDGE('',*,*,#7455,.F.);
#9658=ORIENTED_EDGE('',*,*,#7456,.T.);
#9659=ORIENTED_EDGE('',*,*,#7455,.T.);
#9660=ORIENTED_EDGE('',*,*,#7457,.F.);
#9661=ORIENTED_EDGE('',*,*,#7458,.F.);
#9662=ORIENTED_EDGE('',*,*,#7459,.T.);
#9663=ORIENTED_EDGE('',*,*,#7458,.T.);
#9664=ORIENTED_EDGE('',*,*,#7460,.F.);
#9665=ORIENTED_EDGE('',*,*,#7461,.F.);
#9666=ORIENTED_EDGE('',*,*,#7462,.T.);
#9667=ORIENTED_EDGE('',*,*,#7461,.T.);
#9668=ORIENTED_EDGE('',*,*,#7463,.F.);
#9669=ORIENTED_EDGE('',*,*,#7464,.F.);
#9670=ORIENTED_EDGE('',*,*,#7465,.T.);
#9671=ORIENTED_EDGE('',*,*,#7464,.T.);
#9672=ORIENTED_EDGE('',*,*,#7466,.F.);
#9673=ORIENTED_EDGE('',*,*,#7467,.F.);
#9674=ORIENTED_EDGE('',*,*,#7468,.T.);
#9675=ORIENTED_EDGE('',*,*,#7467,.T.);
#9676=ORIENTED_EDGE('',*,*,#7469,.F.);
#9677=ORIENTED_EDGE('',*,*,#7470,.F.);
#9678=ORIENTED_EDGE('',*,*,#7471,.T.);
#9679=ORIENTED_EDGE('',*,*,#7470,.T.);
#9680=ORIENTED_EDGE('',*,*,#7472,.F.);
#9681=ORIENTED_EDGE('',*,*,#7473,.F.);
#9682=ORIENTED_EDGE('',*,*,#7474,.T.);
#9683=ORIENTED_EDGE('',*,*,#7473,.T.);
#9684=ORIENTED_EDGE('',*,*,#7475,.F.);
#9685=ORIENTED_EDGE('',*,*,#7476,.F.);
#9686=ORIENTED_EDGE('',*,*,#7477,.T.);
#9687=ORIENTED_EDGE('',*,*,#7476,.T.);
#9688=ORIENTED_EDGE('',*,*,#7478,.F.);
#9689=ORIENTED_EDGE('',*,*,#7479,.F.);
#9690=ORIENTED_EDGE('',*,*,#7480,.T.);
#9691=ORIENTED_EDGE('',*,*,#7479,.T.);
#9692=ORIENTED_EDGE('',*,*,#7481,.F.);
#9693=ORIENTED_EDGE('',*,*,#7482,.F.);
#9694=ORIENTED_EDGE('',*,*,#7483,.T.);
#9695=ORIENTED_EDGE('',*,*,#7482,.T.);
#9696=ORIENTED_EDGE('',*,*,#7484,.F.);
#9697=ORIENTED_EDGE('',*,*,#7485,.F.);
#9698=ORIENTED_EDGE('',*,*,#7486,.T.);
#9699=ORIENTED_EDGE('',*,*,#7485,.T.);
#9700=ORIENTED_EDGE('',*,*,#7487,.F.);
#9701=ORIENTED_EDGE('',*,*,#7488,.F.);
#9702=ORIENTED_EDGE('',*,*,#7489,.T.);
#9703=ORIENTED_EDGE('',*,*,#7488,.T.);
#9704=ORIENTED_EDGE('',*,*,#7490,.F.);
#9705=ORIENTED_EDGE('',*,*,#7491,.F.);
#9706=ORIENTED_EDGE('',*,*,#7492,.T.);
#9707=ORIENTED_EDGE('',*,*,#7491,.T.);
#9708=ORIENTED_EDGE('',*,*,#7493,.F.);
#9709=ORIENTED_EDGE('',*,*,#7494,.F.);
#9710=ORIENTED_EDGE('',*,*,#7495,.T.);
#9711=ORIENTED_EDGE('',*,*,#7494,.T.);
#9712=ORIENTED_EDGE('',*,*,#7496,.F.);
#9713=ORIENTED_EDGE('',*,*,#7497,.F.);
#9714=ORIENTED_EDGE('',*,*,#7498,.T.);
#9715=ORIENTED_EDGE('',*,*,#7497,.T.);
#9716=ORIENTED_EDGE('',*,*,#7499,.F.);
#9717=ORIENTED_EDGE('',*,*,#7500,.F.);
#9718=ORIENTED_EDGE('',*,*,#7501,.T.);
#9719=ORIENTED_EDGE('',*,*,#7500,.T.);
#9720=ORIENTED_EDGE('',*,*,#7502,.F.);
#9721=ORIENTED_EDGE('',*,*,#7503,.F.);
#9722=ORIENTED_EDGE('',*,*,#7504,.T.);
#9723=ORIENTED_EDGE('',*,*,#7503,.T.);
#9724=ORIENTED_EDGE('',*,*,#7505,.F.);
#9725=ORIENTED_EDGE('',*,*,#7506,.F.);
#9726=ORIENTED_EDGE('',*,*,#7507,.T.);
#9727=ORIENTED_EDGE('',*,*,#7506,.T.);
#9728=ORIENTED_EDGE('',*,*,#7508,.F.);
#9729=ORIENTED_EDGE('',*,*,#7509,.F.);
#9730=ORIENTED_EDGE('',*,*,#7510,.T.);
#9731=ORIENTED_EDGE('',*,*,#7509,.T.);
#9732=ORIENTED_EDGE('',*,*,#7511,.F.);
#9733=ORIENTED_EDGE('',*,*,#7512,.F.);
#9734=ORIENTED_EDGE('',*,*,#7513,.T.);
#9735=ORIENTED_EDGE('',*,*,#7512,.T.);
#9736=ORIENTED_EDGE('',*,*,#7514,.F.);
#9737=ORIENTED_EDGE('',*,*,#7515,.F.);
#9738=ORIENTED_EDGE('',*,*,#7516,.T.);
#9739=ORIENTED_EDGE('',*,*,#7515,.T.);
#9740=ORIENTED_EDGE('',*,*,#7517,.F.);
#9741=ORIENTED_EDGE('',*,*,#7518,.F.);
#9742=ORIENTED_EDGE('',*,*,#7519,.T.);
#9743=ORIENTED_EDGE('',*,*,#7518,.T.);
#9744=ORIENTED_EDGE('',*,*,#7520,.F.);
#9745=ORIENTED_EDGE('',*,*,#7521,.F.);
#9746=ORIENTED_EDGE('',*,*,#7522,.T.);
#9747=ORIENTED_EDGE('',*,*,#7521,.T.);
#9748=ORIENTED_EDGE('',*,*,#7523,.F.);
#9749=ORIENTED_EDGE('',*,*,#7381,.F.);
#9750=ORIENTED_EDGE('',*,*,#7523,.T.);
#9751=ORIENTED_EDGE('',*,*,#7520,.T.);
#9752=ORIENTED_EDGE('',*,*,#7517,.T.);
#9753=ORIENTED_EDGE('',*,*,#7514,.T.);
#9754=ORIENTED_EDGE('',*,*,#7511,.T.);
#9755=ORIENTED_EDGE('',*,*,#7508,.T.);
#9756=ORIENTED_EDGE('',*,*,#7505,.T.);
#9757=ORIENTED_EDGE('',*,*,#7502,.T.);
#9758=ORIENTED_EDGE('',*,*,#7499,.T.);
#9759=ORIENTED_EDGE('',*,*,#7496,.T.);
#9760=ORIENTED_EDGE('',*,*,#7493,.T.);
#9761=ORIENTED_EDGE('',*,*,#7490,.T.);
#9762=ORIENTED_EDGE('',*,*,#7487,.T.);
#9763=ORIENTED_EDGE('',*,*,#7484,.T.);
#9764=ORIENTED_EDGE('',*,*,#7481,.T.);
#9765=ORIENTED_EDGE('',*,*,#7478,.T.);
#9766=ORIENTED_EDGE('',*,*,#7475,.T.);
#9767=ORIENTED_EDGE('',*,*,#7472,.T.);
#9768=ORIENTED_EDGE('',*,*,#7469,.T.);
#9769=ORIENTED_EDGE('',*,*,#7466,.T.);
#9770=ORIENTED_EDGE('',*,*,#7463,.T.);
#9771=ORIENTED_EDGE('',*,*,#7460,.T.);
#9772=ORIENTED_EDGE('',*,*,#7457,.T.);
#9773=ORIENTED_EDGE('',*,*,#7454,.T.);
#9774=ORIENTED_EDGE('',*,*,#7451,.T.);
#9775=ORIENTED_EDGE('',*,*,#7448,.T.);
#9776=ORIENTED_EDGE('',*,*,#7445,.T.);
#9777=ORIENTED_EDGE('',*,*,#7442,.T.);
#9778=ORIENTED_EDGE('',*,*,#7439,.T.);
#9779=ORIENTED_EDGE('',*,*,#7436,.T.);
#9780=ORIENTED_EDGE('',*,*,#7433,.T.);
#9781=ORIENTED_EDGE('',*,*,#7430,.T.);
#9782=ORIENTED_EDGE('',*,*,#7427,.T.);
#9783=ORIENTED_EDGE('',*,*,#7424,.T.);
#9784=ORIENTED_EDGE('',*,*,#7421,.T.);
#9785=ORIENTED_EDGE('',*,*,#7418,.T.);
#9786=ORIENTED_EDGE('',*,*,#7415,.T.);
#9787=ORIENTED_EDGE('',*,*,#7412,.T.);
#9788=ORIENTED_EDGE('',*,*,#7409,.T.);
#9789=ORIENTED_EDGE('',*,*,#7406,.T.);
#9790=ORIENTED_EDGE('',*,*,#7403,.T.);
#9791=ORIENTED_EDGE('',*,*,#7400,.T.);
#9792=ORIENTED_EDGE('',*,*,#7397,.T.);
#9793=ORIENTED_EDGE('',*,*,#7394,.T.);
#9794=ORIENTED_EDGE('',*,*,#7391,.T.);
#9795=ORIENTED_EDGE('',*,*,#7388,.T.);
#9796=ORIENTED_EDGE('',*,*,#7385,.T.);
#9797=ORIENTED_EDGE('',*,*,#7382,.T.);
#9798=ORIENTED_EDGE('',*,*,#7377,.T.);
#9799=ORIENTED_EDGE('',*,*,#7522,.F.);
#9800=ORIENTED_EDGE('',*,*,#7380,.F.);
#9801=ORIENTED_EDGE('',*,*,#7384,.F.);
#9802=ORIENTED_EDGE('',*,*,#7387,.F.);
#9803=ORIENTED_EDGE('',*,*,#7390,.F.);
#9804=ORIENTED_EDGE('',*,*,#7393,.F.);
#9805=ORIENTED_EDGE('',*,*,#7396,.F.);
#9806=ORIENTED_EDGE('',*,*,#7399,.F.);
#9807=ORIENTED_EDGE('',*,*,#7402,.F.);
#9808=ORIENTED_EDGE('',*,*,#7405,.F.);
#9809=ORIENTED_EDGE('',*,*,#7408,.F.);
#9810=ORIENTED_EDGE('',*,*,#7411,.F.);
#9811=ORIENTED_EDGE('',*,*,#7414,.F.);
#9812=ORIENTED_EDGE('',*,*,#7417,.F.);
#9813=ORIENTED_EDGE('',*,*,#7420,.F.);
#9814=ORIENTED_EDGE('',*,*,#7423,.F.);
#9815=ORIENTED_EDGE('',*,*,#7426,.F.);
#9816=ORIENTED_EDGE('',*,*,#7429,.F.);
#9817=ORIENTED_EDGE('',*,*,#7432,.F.);
#9818=ORIENTED_EDGE('',*,*,#7435,.F.);
#9819=ORIENTED_EDGE('',*,*,#7438,.F.);
#9820=ORIENTED_EDGE('',*,*,#7441,.F.);
#9821=ORIENTED_EDGE('',*,*,#7444,.F.);
#9822=ORIENTED_EDGE('',*,*,#7447,.F.);
#9823=ORIENTED_EDGE('',*,*,#7450,.F.);
#9824=ORIENTED_EDGE('',*,*,#7453,.F.);
#9825=ORIENTED_EDGE('',*,*,#7456,.F.);
#9826=ORIENTED_EDGE('',*,*,#7459,.F.);
#9827=ORIENTED_EDGE('',*,*,#7462,.F.);
#9828=ORIENTED_EDGE('',*,*,#7465,.F.);
#9829=ORIENTED_EDGE('',*,*,#7468,.F.);
#9830=ORIENTED_EDGE('',*,*,#7471,.F.);
#9831=ORIENTED_EDGE('',*,*,#7474,.F.);
#9832=ORIENTED_EDGE('',*,*,#7477,.F.);
#9833=ORIENTED_EDGE('',*,*,#7480,.F.);
#9834=ORIENTED_EDGE('',*,*,#7483,.F.);
#9835=ORIENTED_EDGE('',*,*,#7486,.F.);
#9836=ORIENTED_EDGE('',*,*,#7489,.F.);
#9837=ORIENTED_EDGE('',*,*,#7492,.F.);
#9838=ORIENTED_EDGE('',*,*,#7495,.F.);
#9839=ORIENTED_EDGE('',*,*,#7498,.F.);
#9840=ORIENTED_EDGE('',*,*,#7501,.F.);
#9841=ORIENTED_EDGE('',*,*,#7504,.F.);
#9842=ORIENTED_EDGE('',*,*,#7507,.F.);
#9843=ORIENTED_EDGE('',*,*,#7510,.F.);
#9844=ORIENTED_EDGE('',*,*,#7513,.F.);
#9845=ORIENTED_EDGE('',*,*,#7516,.F.);
#9846=ORIENTED_EDGE('',*,*,#7519,.F.);
#9847=ORIENTED_EDGE('',*,*,#7379,.F.);
#9848=ORIENTED_EDGE('',*,*,#7524,.F.);
#9849=ORIENTED_EDGE('',*,*,#7525,.T.);
#9850=ORIENTED_EDGE('',*,*,#7526,.T.);
#9851=ORIENTED_EDGE('',*,*,#7525,.F.);
#9852=ORIENTED_EDGE('',*,*,#7527,.T.);
#9853=ORIENTED_EDGE('',*,*,#7528,.T.);
#9854=ORIENTED_EDGE('',*,*,#7529,.F.);
#9855=ORIENTED_EDGE('',*,*,#7530,.F.);
#9856=ORIENTED_EDGE('',*,*,#7531,.T.);
#9857=ORIENTED_EDGE('',*,*,#7530,.T.);
#9858=ORIENTED_EDGE('',*,*,#7532,.F.);
#9859=ORIENTED_EDGE('',*,*,#7533,.F.);
#9860=ORIENTED_EDGE('',*,*,#7534,.T.);
#9861=ORIENTED_EDGE('',*,*,#7533,.T.);
#9862=ORIENTED_EDGE('',*,*,#7535,.F.);
#9863=ORIENTED_EDGE('',*,*,#7536,.F.);
#9864=ORIENTED_EDGE('',*,*,#7537,.T.);
#9865=ORIENTED_EDGE('',*,*,#7536,.T.);
#9866=ORIENTED_EDGE('',*,*,#7538,.F.);
#9867=ORIENTED_EDGE('',*,*,#7539,.F.);
#9868=ORIENTED_EDGE('',*,*,#7540,.T.);
#9869=ORIENTED_EDGE('',*,*,#7539,.T.);
#9870=ORIENTED_EDGE('',*,*,#7541,.F.);
#9871=ORIENTED_EDGE('',*,*,#7542,.F.);
#9872=ORIENTED_EDGE('',*,*,#7543,.T.);
#9873=ORIENTED_EDGE('',*,*,#7542,.T.);
#9874=ORIENTED_EDGE('',*,*,#7544,.F.);
#9875=ORIENTED_EDGE('',*,*,#7545,.F.);
#9876=ORIENTED_EDGE('',*,*,#7546,.T.);
#9877=ORIENTED_EDGE('',*,*,#7545,.T.);
#9878=ORIENTED_EDGE('',*,*,#7547,.F.);
#9879=ORIENTED_EDGE('',*,*,#7548,.F.);
#9880=ORIENTED_EDGE('',*,*,#7549,.T.);
#9881=ORIENTED_EDGE('',*,*,#7548,.T.);
#9882=ORIENTED_EDGE('',*,*,#7550,.F.);
#9883=ORIENTED_EDGE('',*,*,#7551,.F.);
#9884=ORIENTED_EDGE('',*,*,#7552,.T.);
#9885=ORIENTED_EDGE('',*,*,#7551,.T.);
#9886=ORIENTED_EDGE('',*,*,#7553,.F.);
#9887=ORIENTED_EDGE('',*,*,#7554,.F.);
#9888=ORIENTED_EDGE('',*,*,#7555,.T.);
#9889=ORIENTED_EDGE('',*,*,#7554,.T.);
#9890=ORIENTED_EDGE('',*,*,#7556,.F.);
#9891=ORIENTED_EDGE('',*,*,#7557,.F.);
#9892=ORIENTED_EDGE('',*,*,#7558,.T.);
#9893=ORIENTED_EDGE('',*,*,#7557,.T.);
#9894=ORIENTED_EDGE('',*,*,#7559,.F.);
#9895=ORIENTED_EDGE('',*,*,#7560,.F.);
#9896=ORIENTED_EDGE('',*,*,#7561,.T.);
#9897=ORIENTED_EDGE('',*,*,#7560,.T.);
#9898=ORIENTED_EDGE('',*,*,#7562,.F.);
#9899=ORIENTED_EDGE('',*,*,#7563,.F.);
#9900=ORIENTED_EDGE('',*,*,#7564,.T.);
#9901=ORIENTED_EDGE('',*,*,#7563,.T.);
#9902=ORIENTED_EDGE('',*,*,#7565,.F.);
#9903=ORIENTED_EDGE('',*,*,#7566,.F.);
#9904=ORIENTED_EDGE('',*,*,#7567,.T.);
#9905=ORIENTED_EDGE('',*,*,#7566,.T.);
#9906=ORIENTED_EDGE('',*,*,#7568,.F.);
#9907=ORIENTED_EDGE('',*,*,#7569,.F.);
#9908=ORIENTED_EDGE('',*,*,#7570,.T.);
#9909=ORIENTED_EDGE('',*,*,#7569,.T.);
#9910=ORIENTED_EDGE('',*,*,#7571,.F.);
#9911=ORIENTED_EDGE('',*,*,#7572,.F.);
#9912=ORIENTED_EDGE('',*,*,#7573,.T.);
#9913=ORIENTED_EDGE('',*,*,#7572,.T.);
#9914=ORIENTED_EDGE('',*,*,#7574,.F.);
#9915=ORIENTED_EDGE('',*,*,#7575,.F.);
#9916=ORIENTED_EDGE('',*,*,#7576,.T.);
#9917=ORIENTED_EDGE('',*,*,#7575,.T.);
#9918=ORIENTED_EDGE('',*,*,#7577,.F.);
#9919=ORIENTED_EDGE('',*,*,#7578,.F.);
#9920=ORIENTED_EDGE('',*,*,#7579,.T.);
#9921=ORIENTED_EDGE('',*,*,#7578,.T.);
#9922=ORIENTED_EDGE('',*,*,#7580,.F.);
#9923=ORIENTED_EDGE('',*,*,#7581,.F.);
#9924=ORIENTED_EDGE('',*,*,#7582,.T.);
#9925=ORIENTED_EDGE('',*,*,#7581,.T.);
#9926=ORIENTED_EDGE('',*,*,#7583,.F.);
#9927=ORIENTED_EDGE('',*,*,#7584,.F.);
#9928=ORIENTED_EDGE('',*,*,#7585,.T.);
#9929=ORIENTED_EDGE('',*,*,#7584,.T.);
#9930=ORIENTED_EDGE('',*,*,#7586,.F.);
#9931=ORIENTED_EDGE('',*,*,#7587,.F.);
#9932=ORIENTED_EDGE('',*,*,#7588,.T.);
#9933=ORIENTED_EDGE('',*,*,#7587,.T.);
#9934=ORIENTED_EDGE('',*,*,#7589,.F.);
#9935=ORIENTED_EDGE('',*,*,#7590,.F.);
#9936=ORIENTED_EDGE('',*,*,#7591,.T.);
#9937=ORIENTED_EDGE('',*,*,#7590,.T.);
#9938=ORIENTED_EDGE('',*,*,#7592,.F.);
#9939=ORIENTED_EDGE('',*,*,#7593,.F.);
#9940=ORIENTED_EDGE('',*,*,#7594,.T.);
#9941=ORIENTED_EDGE('',*,*,#7593,.T.);
#9942=ORIENTED_EDGE('',*,*,#7595,.F.);
#9943=ORIENTED_EDGE('',*,*,#7596,.F.);
#9944=ORIENTED_EDGE('',*,*,#7597,.T.);
#9945=ORIENTED_EDGE('',*,*,#7596,.T.);
#9946=ORIENTED_EDGE('',*,*,#7598,.F.);
#9947=ORIENTED_EDGE('',*,*,#7599,.F.);
#9948=ORIENTED_EDGE('',*,*,#7600,.T.);
#9949=ORIENTED_EDGE('',*,*,#7599,.T.);
#9950=ORIENTED_EDGE('',*,*,#7601,.F.);
#9951=ORIENTED_EDGE('',*,*,#7602,.F.);
#9952=ORIENTED_EDGE('',*,*,#7603,.T.);
#9953=ORIENTED_EDGE('',*,*,#7602,.T.);
#9954=ORIENTED_EDGE('',*,*,#7604,.F.);
#9955=ORIENTED_EDGE('',*,*,#7605,.F.);
#9956=ORIENTED_EDGE('',*,*,#7606,.T.);
#9957=ORIENTED_EDGE('',*,*,#7605,.T.);
#9958=ORIENTED_EDGE('',*,*,#7607,.F.);
#9959=ORIENTED_EDGE('',*,*,#7608,.F.);
#9960=ORIENTED_EDGE('',*,*,#7609,.T.);
#9961=ORIENTED_EDGE('',*,*,#7608,.T.);
#9962=ORIENTED_EDGE('',*,*,#7610,.F.);
#9963=ORIENTED_EDGE('',*,*,#7611,.F.);
#9964=ORIENTED_EDGE('',*,*,#7612,.T.);
#9965=ORIENTED_EDGE('',*,*,#7611,.T.);
#9966=ORIENTED_EDGE('',*,*,#7613,.F.);
#9967=ORIENTED_EDGE('',*,*,#7614,.F.);
#9968=ORIENTED_EDGE('',*,*,#7615,.T.);
#9969=ORIENTED_EDGE('',*,*,#7614,.T.);
#9970=ORIENTED_EDGE('',*,*,#7616,.F.);
#9971=ORIENTED_EDGE('',*,*,#7617,.F.);
#9972=ORIENTED_EDGE('',*,*,#7618,.T.);
#9973=ORIENTED_EDGE('',*,*,#7617,.T.);
#9974=ORIENTED_EDGE('',*,*,#7619,.F.);
#9975=ORIENTED_EDGE('',*,*,#7620,.F.);
#9976=ORIENTED_EDGE('',*,*,#7621,.T.);
#9977=ORIENTED_EDGE('',*,*,#7620,.T.);
#9978=ORIENTED_EDGE('',*,*,#7622,.F.);
#9979=ORIENTED_EDGE('',*,*,#7623,.F.);
#9980=ORIENTED_EDGE('',*,*,#7624,.T.);
#9981=ORIENTED_EDGE('',*,*,#7623,.T.);
#9982=ORIENTED_EDGE('',*,*,#7625,.F.);
#9983=ORIENTED_EDGE('',*,*,#7626,.F.);
#9984=ORIENTED_EDGE('',*,*,#7627,.T.);
#9985=ORIENTED_EDGE('',*,*,#7626,.T.);
#9986=ORIENTED_EDGE('',*,*,#7628,.F.);
#9987=ORIENTED_EDGE('',*,*,#7629,.F.);
#9988=ORIENTED_EDGE('',*,*,#7630,.T.);
#9989=ORIENTED_EDGE('',*,*,#7629,.T.);
#9990=ORIENTED_EDGE('',*,*,#7631,.F.);
#9991=ORIENTED_EDGE('',*,*,#7632,.F.);
#9992=ORIENTED_EDGE('',*,*,#7633,.T.);
#9993=ORIENTED_EDGE('',*,*,#7632,.T.);
#9994=ORIENTED_EDGE('',*,*,#7634,.F.);
#9995=ORIENTED_EDGE('',*,*,#7635,.F.);
#9996=ORIENTED_EDGE('',*,*,#7636,.T.);
#9997=ORIENTED_EDGE('',*,*,#7635,.T.);
#9998=ORIENTED_EDGE('',*,*,#7637,.F.);
#9999=ORIENTED_EDGE('',*,*,#7638,.F.);
#10000=ORIENTED_EDGE('',*,*,#7639,.T.);
#10001=ORIENTED_EDGE('',*,*,#7638,.T.);
#10002=ORIENTED_EDGE('',*,*,#7640,.F.);
#10003=ORIENTED_EDGE('',*,*,#7641,.F.);
#10004=ORIENTED_EDGE('',*,*,#7642,.T.);
#10005=ORIENTED_EDGE('',*,*,#7641,.T.);
#10006=ORIENTED_EDGE('',*,*,#7643,.F.);
#10007=ORIENTED_EDGE('',*,*,#7644,.F.);
#10008=ORIENTED_EDGE('',*,*,#7645,.T.);
#10009=ORIENTED_EDGE('',*,*,#7644,.T.);
#10010=ORIENTED_EDGE('',*,*,#7646,.F.);
#10011=ORIENTED_EDGE('',*,*,#7647,.F.);
#10012=ORIENTED_EDGE('',*,*,#7648,.T.);
#10013=ORIENTED_EDGE('',*,*,#7647,.T.);
#10014=ORIENTED_EDGE('',*,*,#7649,.F.);
#10015=ORIENTED_EDGE('',*,*,#7650,.F.);
#10016=ORIENTED_EDGE('',*,*,#7651,.T.);
#10017=ORIENTED_EDGE('',*,*,#7650,.T.);
#10018=ORIENTED_EDGE('',*,*,#7652,.F.);
#10019=ORIENTED_EDGE('',*,*,#7653,.F.);
#10020=ORIENTED_EDGE('',*,*,#7654,.T.);
#10021=ORIENTED_EDGE('',*,*,#7653,.T.);
#10022=ORIENTED_EDGE('',*,*,#7655,.F.);
#10023=ORIENTED_EDGE('',*,*,#7656,.F.);
#10024=ORIENTED_EDGE('',*,*,#7657,.T.);
#10025=ORIENTED_EDGE('',*,*,#7656,.T.);
#10026=ORIENTED_EDGE('',*,*,#7658,.F.);
#10027=ORIENTED_EDGE('',*,*,#7659,.F.);
#10028=ORIENTED_EDGE('',*,*,#7660,.T.);
#10029=ORIENTED_EDGE('',*,*,#7659,.T.);
#10030=ORIENTED_EDGE('',*,*,#7661,.F.);
#10031=ORIENTED_EDGE('',*,*,#7662,.F.);
#10032=ORIENTED_EDGE('',*,*,#7663,.T.);
#10033=ORIENTED_EDGE('',*,*,#7662,.T.);
#10034=ORIENTED_EDGE('',*,*,#7664,.F.);
#10035=ORIENTED_EDGE('',*,*,#7665,.F.);
#10036=ORIENTED_EDGE('',*,*,#7666,.T.);
#10037=ORIENTED_EDGE('',*,*,#7665,.T.);
#10038=ORIENTED_EDGE('',*,*,#7667,.F.);
#10039=ORIENTED_EDGE('',*,*,#7668,.F.);
#10040=ORIENTED_EDGE('',*,*,#7669,.T.);
#10041=ORIENTED_EDGE('',*,*,#7668,.T.);
#10042=ORIENTED_EDGE('',*,*,#7670,.F.);
#10043=ORIENTED_EDGE('',*,*,#7528,.F.);
#10044=ORIENTED_EDGE('',*,*,#7670,.T.);
#10045=ORIENTED_EDGE('',*,*,#7667,.T.);
#10046=ORIENTED_EDGE('',*,*,#7664,.T.);
#10047=ORIENTED_EDGE('',*,*,#7661,.T.);
#10048=ORIENTED_EDGE('',*,*,#7658,.T.);
#10049=ORIENTED_EDGE('',*,*,#7655,.T.);
#10050=ORIENTED_EDGE('',*,*,#7652,.T.);
#10051=ORIENTED_EDGE('',*,*,#7649,.T.);
#10052=ORIENTED_EDGE('',*,*,#7646,.T.);
#10053=ORIENTED_EDGE('',*,*,#7643,.T.);
#10054=ORIENTED_EDGE('',*,*,#7640,.T.);
#10055=ORIENTED_EDGE('',*,*,#7637,.T.);
#10056=ORIENTED_EDGE('',*,*,#7634,.T.);
#10057=ORIENTED_EDGE('',*,*,#7631,.T.);
#10058=ORIENTED_EDGE('',*,*,#7628,.T.);
#10059=ORIENTED_EDGE('',*,*,#7625,.T.);
#10060=ORIENTED_EDGE('',*,*,#7622,.T.);
#10061=ORIENTED_EDGE('',*,*,#7619,.T.);
#10062=ORIENTED_EDGE('',*,*,#7616,.T.);
#10063=ORIENTED_EDGE('',*,*,#7613,.T.);
#10064=ORIENTED_EDGE('',*,*,#7610,.T.);
#10065=ORIENTED_EDGE('',*,*,#7607,.T.);
#10066=ORIENTED_EDGE('',*,*,#7604,.T.);
#10067=ORIENTED_EDGE('',*,*,#7601,.T.);
#10068=ORIENTED_EDGE('',*,*,#7598,.T.);
#10069=ORIENTED_EDGE('',*,*,#7595,.T.);
#10070=ORIENTED_EDGE('',*,*,#7592,.T.);
#10071=ORIENTED_EDGE('',*,*,#7589,.T.);
#10072=ORIENTED_EDGE('',*,*,#7586,.T.);
#10073=ORIENTED_EDGE('',*,*,#7583,.T.);
#10074=ORIENTED_EDGE('',*,*,#7580,.T.);
#10075=ORIENTED_EDGE('',*,*,#7577,.T.);
#10076=ORIENTED_EDGE('',*,*,#7574,.T.);
#10077=ORIENTED_EDGE('',*,*,#7571,.T.);
#10078=ORIENTED_EDGE('',*,*,#7568,.T.);
#10079=ORIENTED_EDGE('',*,*,#7565,.T.);
#10080=ORIENTED_EDGE('',*,*,#7562,.T.);
#10081=ORIENTED_EDGE('',*,*,#7559,.T.);
#10082=ORIENTED_EDGE('',*,*,#7556,.T.);
#10083=ORIENTED_EDGE('',*,*,#7553,.T.);
#10084=ORIENTED_EDGE('',*,*,#7550,.T.);
#10085=ORIENTED_EDGE('',*,*,#7547,.T.);
#10086=ORIENTED_EDGE('',*,*,#7544,.T.);
#10087=ORIENTED_EDGE('',*,*,#7541,.T.);
#10088=ORIENTED_EDGE('',*,*,#7538,.T.);
#10089=ORIENTED_EDGE('',*,*,#7535,.T.);
#10090=ORIENTED_EDGE('',*,*,#7532,.T.);
#10091=ORIENTED_EDGE('',*,*,#7529,.T.);
#10092=ORIENTED_EDGE('',*,*,#7524,.T.);
#10093=ORIENTED_EDGE('',*,*,#7669,.F.);
#10094=ORIENTED_EDGE('',*,*,#7527,.F.);
#10095=ORIENTED_EDGE('',*,*,#7531,.F.);
#10096=ORIENTED_EDGE('',*,*,#7534,.F.);
#10097=ORIENTED_EDGE('',*,*,#7537,.F.);
#10098=ORIENTED_EDGE('',*,*,#7540,.F.);
#10099=ORIENTED_EDGE('',*,*,#7543,.F.);
#10100=ORIENTED_EDGE('',*,*,#7546,.F.);
#10101=ORIENTED_EDGE('',*,*,#7549,.F.);
#10102=ORIENTED_EDGE('',*,*,#7552,.F.);
#10103=ORIENTED_EDGE('',*,*,#7555,.F.);
#10104=ORIENTED_EDGE('',*,*,#7558,.F.);
#10105=ORIENTED_EDGE('',*,*,#7561,.F.);
#10106=ORIENTED_EDGE('',*,*,#7564,.F.);
#10107=ORIENTED_EDGE('',*,*,#7567,.F.);
#10108=ORIENTED_EDGE('',*,*,#7570,.F.);
#10109=ORIENTED_EDGE('',*,*,#7573,.F.);
#10110=ORIENTED_EDGE('',*,*,#7576,.F.);
#10111=ORIENTED_EDGE('',*,*,#7579,.F.);
#10112=ORIENTED_EDGE('',*,*,#7582,.F.);
#10113=ORIENTED_EDGE('',*,*,#7585,.F.);
#10114=ORIENTED_EDGE('',*,*,#7588,.F.);
#10115=ORIENTED_EDGE('',*,*,#7591,.F.);
#10116=ORIENTED_EDGE('',*,*,#7594,.F.);
#10117=ORIENTED_EDGE('',*,*,#7597,.F.);
#10118=ORIENTED_EDGE('',*,*,#7600,.F.);
#10119=ORIENTED_EDGE('',*,*,#7603,.F.);
#10120=ORIENTED_EDGE('',*,*,#7606,.F.);
#10121=ORIENTED_EDGE('',*,*,#7609,.F.);
#10122=ORIENTED_EDGE('',*,*,#7612,.F.);
#10123=ORIENTED_EDGE('',*,*,#7615,.F.);
#10124=ORIENTED_EDGE('',*,*,#7618,.F.);
#10125=ORIENTED_EDGE('',*,*,#7621,.F.);
#10126=ORIENTED_EDGE('',*,*,#7624,.F.);
#10127=ORIENTED_EDGE('',*,*,#7627,.F.);
#10128=ORIENTED_EDGE('',*,*,#7630,.F.);
#10129=ORIENTED_EDGE('',*,*,#7633,.F.);
#10130=ORIENTED_EDGE('',*,*,#7636,.F.);
#10131=ORIENTED_EDGE('',*,*,#7639,.F.);
#10132=ORIENTED_EDGE('',*,*,#7642,.F.);
#10133=ORIENTED_EDGE('',*,*,#7645,.F.);
#10134=ORIENTED_EDGE('',*,*,#7648,.F.);
#10135=ORIENTED_EDGE('',*,*,#7651,.F.);
#10136=ORIENTED_EDGE('',*,*,#7654,.F.);
#10137=ORIENTED_EDGE('',*,*,#7657,.F.);
#10138=ORIENTED_EDGE('',*,*,#7660,.F.);
#10139=ORIENTED_EDGE('',*,*,#7663,.F.);
#10140=ORIENTED_EDGE('',*,*,#7666,.F.);
#10141=ORIENTED_EDGE('',*,*,#7526,.F.);
#10142=ORIENTED_EDGE('',*,*,#7671,.F.);
#10143=ORIENTED_EDGE('',*,*,#7672,.T.);
#10144=ORIENTED_EDGE('',*,*,#7673,.T.);
#10145=ORIENTED_EDGE('',*,*,#7672,.F.);
#10146=ORIENTED_EDGE('',*,*,#7674,.T.);
#10147=ORIENTED_EDGE('',*,*,#7675,.T.);
#10148=ORIENTED_EDGE('',*,*,#7676,.F.);
#10149=ORIENTED_EDGE('',*,*,#7677,.F.);
#10150=ORIENTED_EDGE('',*,*,#7678,.T.);
#10151=ORIENTED_EDGE('',*,*,#7677,.T.);
#10152=ORIENTED_EDGE('',*,*,#7679,.F.);
#10153=ORIENTED_EDGE('',*,*,#7680,.F.);
#10154=ORIENTED_EDGE('',*,*,#7681,.T.);
#10155=ORIENTED_EDGE('',*,*,#7680,.T.);
#10156=ORIENTED_EDGE('',*,*,#7682,.F.);
#10157=ORIENTED_EDGE('',*,*,#7683,.F.);
#10158=ORIENTED_EDGE('',*,*,#7684,.T.);
#10159=ORIENTED_EDGE('',*,*,#7683,.T.);
#10160=ORIENTED_EDGE('',*,*,#7685,.F.);
#10161=ORIENTED_EDGE('',*,*,#7686,.F.);
#10162=ORIENTED_EDGE('',*,*,#7687,.T.);
#10163=ORIENTED_EDGE('',*,*,#7686,.T.);
#10164=ORIENTED_EDGE('',*,*,#7688,.F.);
#10165=ORIENTED_EDGE('',*,*,#7689,.F.);
#10166=ORIENTED_EDGE('',*,*,#7690,.T.);
#10167=ORIENTED_EDGE('',*,*,#7689,.T.);
#10168=ORIENTED_EDGE('',*,*,#7691,.F.);
#10169=ORIENTED_EDGE('',*,*,#7692,.F.);
#10170=ORIENTED_EDGE('',*,*,#7693,.T.);
#10171=ORIENTED_EDGE('',*,*,#7692,.T.);
#10172=ORIENTED_EDGE('',*,*,#7694,.F.);
#10173=ORIENTED_EDGE('',*,*,#7695,.F.);
#10174=ORIENTED_EDGE('',*,*,#7696,.T.);
#10175=ORIENTED_EDGE('',*,*,#7695,.T.);
#10176=ORIENTED_EDGE('',*,*,#7697,.F.);
#10177=ORIENTED_EDGE('',*,*,#7698,.F.);
#10178=ORIENTED_EDGE('',*,*,#7699,.T.);
#10179=ORIENTED_EDGE('',*,*,#7698,.T.);
#10180=ORIENTED_EDGE('',*,*,#7700,.F.);
#10181=ORIENTED_EDGE('',*,*,#7701,.F.);
#10182=ORIENTED_EDGE('',*,*,#7702,.T.);
#10183=ORIENTED_EDGE('',*,*,#7701,.T.);
#10184=ORIENTED_EDGE('',*,*,#7703,.F.);
#10185=ORIENTED_EDGE('',*,*,#7704,.F.);
#10186=ORIENTED_EDGE('',*,*,#7705,.T.);
#10187=ORIENTED_EDGE('',*,*,#7704,.T.);
#10188=ORIENTED_EDGE('',*,*,#7706,.F.);
#10189=ORIENTED_EDGE('',*,*,#7707,.F.);
#10190=ORIENTED_EDGE('',*,*,#7708,.T.);
#10191=ORIENTED_EDGE('',*,*,#7707,.T.);
#10192=ORIENTED_EDGE('',*,*,#7709,.F.);
#10193=ORIENTED_EDGE('',*,*,#7710,.F.);
#10194=ORIENTED_EDGE('',*,*,#7711,.T.);
#10195=ORIENTED_EDGE('',*,*,#7710,.T.);
#10196=ORIENTED_EDGE('',*,*,#7712,.F.);
#10197=ORIENTED_EDGE('',*,*,#7713,.F.);
#10198=ORIENTED_EDGE('',*,*,#7714,.T.);
#10199=ORIENTED_EDGE('',*,*,#7713,.T.);
#10200=ORIENTED_EDGE('',*,*,#7715,.F.);
#10201=ORIENTED_EDGE('',*,*,#7716,.F.);
#10202=ORIENTED_EDGE('',*,*,#7717,.T.);
#10203=ORIENTED_EDGE('',*,*,#7716,.T.);
#10204=ORIENTED_EDGE('',*,*,#7718,.F.);
#10205=ORIENTED_EDGE('',*,*,#7719,.F.);
#10206=ORIENTED_EDGE('',*,*,#7720,.T.);
#10207=ORIENTED_EDGE('',*,*,#7719,.T.);
#10208=ORIENTED_EDGE('',*,*,#7721,.F.);
#10209=ORIENTED_EDGE('',*,*,#7722,.F.);
#10210=ORIENTED_EDGE('',*,*,#7723,.T.);
#10211=ORIENTED_EDGE('',*,*,#7722,.T.);
#10212=ORIENTED_EDGE('',*,*,#7724,.F.);
#10213=ORIENTED_EDGE('',*,*,#7725,.F.);
#10214=ORIENTED_EDGE('',*,*,#7726,.T.);
#10215=ORIENTED_EDGE('',*,*,#7725,.T.);
#10216=ORIENTED_EDGE('',*,*,#7727,.F.);
#10217=ORIENTED_EDGE('',*,*,#7728,.F.);
#10218=ORIENTED_EDGE('',*,*,#7729,.T.);
#10219=ORIENTED_EDGE('',*,*,#7728,.T.);
#10220=ORIENTED_EDGE('',*,*,#7730,.F.);
#10221=ORIENTED_EDGE('',*,*,#7731,.F.);
#10222=ORIENTED_EDGE('',*,*,#7732,.T.);
#10223=ORIENTED_EDGE('',*,*,#7731,.T.);
#10224=ORIENTED_EDGE('',*,*,#7733,.F.);
#10225=ORIENTED_EDGE('',*,*,#7734,.F.);
#10226=ORIENTED_EDGE('',*,*,#7735,.T.);
#10227=ORIENTED_EDGE('',*,*,#7734,.T.);
#10228=ORIENTED_EDGE('',*,*,#7736,.F.);
#10229=ORIENTED_EDGE('',*,*,#7737,.F.);
#10230=ORIENTED_EDGE('',*,*,#7738,.T.);
#10231=ORIENTED_EDGE('',*,*,#7737,.T.);
#10232=ORIENTED_EDGE('',*,*,#7739,.F.);
#10233=ORIENTED_EDGE('',*,*,#7740,.F.);
#10234=ORIENTED_EDGE('',*,*,#7741,.T.);
#10235=ORIENTED_EDGE('',*,*,#7740,.T.);
#10236=ORIENTED_EDGE('',*,*,#7742,.F.);
#10237=ORIENTED_EDGE('',*,*,#7743,.F.);
#10238=ORIENTED_EDGE('',*,*,#7744,.T.);
#10239=ORIENTED_EDGE('',*,*,#7743,.T.);
#10240=ORIENTED_EDGE('',*,*,#7745,.F.);
#10241=ORIENTED_EDGE('',*,*,#7746,.F.);
#10242=ORIENTED_EDGE('',*,*,#7747,.T.);
#10243=ORIENTED_EDGE('',*,*,#7746,.T.);
#10244=ORIENTED_EDGE('',*,*,#7748,.F.);
#10245=ORIENTED_EDGE('',*,*,#7749,.F.);
#10246=ORIENTED_EDGE('',*,*,#7750,.T.);
#10247=ORIENTED_EDGE('',*,*,#7749,.T.);
#10248=ORIENTED_EDGE('',*,*,#7751,.F.);
#10249=ORIENTED_EDGE('',*,*,#7752,.F.);
#10250=ORIENTED_EDGE('',*,*,#7753,.T.);
#10251=ORIENTED_EDGE('',*,*,#7752,.T.);
#10252=ORIENTED_EDGE('',*,*,#7754,.F.);
#10253=ORIENTED_EDGE('',*,*,#7755,.F.);
#10254=ORIENTED_EDGE('',*,*,#7756,.T.);
#10255=ORIENTED_EDGE('',*,*,#7755,.T.);
#10256=ORIENTED_EDGE('',*,*,#7757,.F.);
#10257=ORIENTED_EDGE('',*,*,#7758,.F.);
#10258=ORIENTED_EDGE('',*,*,#7759,.T.);
#10259=ORIENTED_EDGE('',*,*,#7758,.T.);
#10260=ORIENTED_EDGE('',*,*,#7760,.F.);
#10261=ORIENTED_EDGE('',*,*,#7761,.F.);
#10262=ORIENTED_EDGE('',*,*,#7762,.T.);
#10263=ORIENTED_EDGE('',*,*,#7761,.T.);
#10264=ORIENTED_EDGE('',*,*,#7763,.F.);
#10265=ORIENTED_EDGE('',*,*,#7764,.F.);
#10266=ORIENTED_EDGE('',*,*,#7765,.T.);
#10267=ORIENTED_EDGE('',*,*,#7764,.T.);
#10268=ORIENTED_EDGE('',*,*,#7766,.F.);
#10269=ORIENTED_EDGE('',*,*,#7767,.F.);
#10270=ORIENTED_EDGE('',*,*,#7768,.T.);
#10271=ORIENTED_EDGE('',*,*,#7767,.T.);
#10272=ORIENTED_EDGE('',*,*,#7769,.F.);
#10273=ORIENTED_EDGE('',*,*,#7770,.F.);
#10274=ORIENTED_EDGE('',*,*,#7771,.T.);
#10275=ORIENTED_EDGE('',*,*,#7770,.T.);
#10276=ORIENTED_EDGE('',*,*,#7772,.F.);
#10277=ORIENTED_EDGE('',*,*,#7773,.F.);
#10278=ORIENTED_EDGE('',*,*,#7774,.T.);
#10279=ORIENTED_EDGE('',*,*,#7773,.T.);
#10280=ORIENTED_EDGE('',*,*,#7775,.F.);
#10281=ORIENTED_EDGE('',*,*,#7776,.F.);
#10282=ORIENTED_EDGE('',*,*,#7777,.T.);
#10283=ORIENTED_EDGE('',*,*,#7776,.T.);
#10284=ORIENTED_EDGE('',*,*,#7778,.F.);
#10285=ORIENTED_EDGE('',*,*,#7779,.F.);
#10286=ORIENTED_EDGE('',*,*,#7780,.T.);
#10287=ORIENTED_EDGE('',*,*,#7779,.T.);
#10288=ORIENTED_EDGE('',*,*,#7781,.F.);
#10289=ORIENTED_EDGE('',*,*,#7782,.F.);
#10290=ORIENTED_EDGE('',*,*,#7783,.T.);
#10291=ORIENTED_EDGE('',*,*,#7782,.T.);
#10292=ORIENTED_EDGE('',*,*,#7784,.F.);
#10293=ORIENTED_EDGE('',*,*,#7785,.F.);
#10294=ORIENTED_EDGE('',*,*,#7786,.T.);
#10295=ORIENTED_EDGE('',*,*,#7785,.T.);
#10296=ORIENTED_EDGE('',*,*,#7787,.F.);
#10297=ORIENTED_EDGE('',*,*,#7788,.F.);
#10298=ORIENTED_EDGE('',*,*,#7789,.T.);
#10299=ORIENTED_EDGE('',*,*,#7788,.T.);
#10300=ORIENTED_EDGE('',*,*,#7790,.F.);
#10301=ORIENTED_EDGE('',*,*,#7791,.F.);
#10302=ORIENTED_EDGE('',*,*,#7792,.T.);
#10303=ORIENTED_EDGE('',*,*,#7791,.T.);
#10304=ORIENTED_EDGE('',*,*,#7793,.F.);
#10305=ORIENTED_EDGE('',*,*,#7794,.F.);
#10306=ORIENTED_EDGE('',*,*,#7795,.T.);
#10307=ORIENTED_EDGE('',*,*,#7794,.T.);
#10308=ORIENTED_EDGE('',*,*,#7796,.F.);
#10309=ORIENTED_EDGE('',*,*,#7797,.F.);
#10310=ORIENTED_EDGE('',*,*,#7798,.T.);
#10311=ORIENTED_EDGE('',*,*,#7797,.T.);
#10312=ORIENTED_EDGE('',*,*,#7799,.F.);
#10313=ORIENTED_EDGE('',*,*,#7800,.F.);
#10314=ORIENTED_EDGE('',*,*,#7801,.T.);
#10315=ORIENTED_EDGE('',*,*,#7800,.T.);
#10316=ORIENTED_EDGE('',*,*,#7802,.F.);
#10317=ORIENTED_EDGE('',*,*,#7803,.F.);
#10318=ORIENTED_EDGE('',*,*,#7804,.T.);
#10319=ORIENTED_EDGE('',*,*,#7803,.T.);
#10320=ORIENTED_EDGE('',*,*,#7805,.F.);
#10321=ORIENTED_EDGE('',*,*,#7806,.F.);
#10322=ORIENTED_EDGE('',*,*,#7807,.T.);
#10323=ORIENTED_EDGE('',*,*,#7806,.T.);
#10324=ORIENTED_EDGE('',*,*,#7808,.F.);
#10325=ORIENTED_EDGE('',*,*,#7809,.F.);
#10326=ORIENTED_EDGE('',*,*,#7810,.T.);
#10327=ORIENTED_EDGE('',*,*,#7809,.T.);
#10328=ORIENTED_EDGE('',*,*,#7811,.F.);
#10329=ORIENTED_EDGE('',*,*,#7812,.F.);
#10330=ORIENTED_EDGE('',*,*,#7813,.T.);
#10331=ORIENTED_EDGE('',*,*,#7812,.T.);
#10332=ORIENTED_EDGE('',*,*,#7814,.F.);
#10333=ORIENTED_EDGE('',*,*,#7815,.F.);
#10334=ORIENTED_EDGE('',*,*,#7816,.T.);
#10335=ORIENTED_EDGE('',*,*,#7815,.T.);
#10336=ORIENTED_EDGE('',*,*,#7817,.F.);
#10337=ORIENTED_EDGE('',*,*,#7675,.F.);
#10338=ORIENTED_EDGE('',*,*,#7817,.T.);
#10339=ORIENTED_EDGE('',*,*,#7814,.T.);
#10340=ORIENTED_EDGE('',*,*,#7811,.T.);
#10341=ORIENTED_EDGE('',*,*,#7808,.T.);
#10342=ORIENTED_EDGE('',*,*,#7805,.T.);
#10343=ORIENTED_EDGE('',*,*,#7802,.T.);
#10344=ORIENTED_EDGE('',*,*,#7799,.T.);
#10345=ORIENTED_EDGE('',*,*,#7796,.T.);
#10346=ORIENTED_EDGE('',*,*,#7793,.T.);
#10347=ORIENTED_EDGE('',*,*,#7790,.T.);
#10348=ORIENTED_EDGE('',*,*,#7787,.T.);
#10349=ORIENTED_EDGE('',*,*,#7784,.T.);
#10350=ORIENTED_EDGE('',*,*,#7781,.T.);
#10351=ORIENTED_EDGE('',*,*,#7778,.T.);
#10352=ORIENTED_EDGE('',*,*,#7775,.T.);
#10353=ORIENTED_EDGE('',*,*,#7772,.T.);
#10354=ORIENTED_EDGE('',*,*,#7769,.T.);
#10355=ORIENTED_EDGE('',*,*,#7766,.T.);
#10356=ORIENTED_EDGE('',*,*,#7763,.T.);
#10357=ORIENTED_EDGE('',*,*,#7760,.T.);
#10358=ORIENTED_EDGE('',*,*,#7757,.T.);
#10359=ORIENTED_EDGE('',*,*,#7754,.T.);
#10360=ORIENTED_EDGE('',*,*,#7751,.T.);
#10361=ORIENTED_EDGE('',*,*,#7748,.T.);
#10362=ORIENTED_EDGE('',*,*,#7745,.T.);
#10363=ORIENTED_EDGE('',*,*,#7742,.T.);
#10364=ORIENTED_EDGE('',*,*,#7739,.T.);
#10365=ORIENTED_EDGE('',*,*,#7736,.T.);
#10366=ORIENTED_EDGE('',*,*,#7733,.T.);
#10367=ORIENTED_EDGE('',*,*,#7730,.T.);
#10368=ORIENTED_EDGE('',*,*,#7727,.T.);
#10369=ORIENTED_EDGE('',*,*,#7724,.T.);
#10370=ORIENTED_EDGE('',*,*,#7721,.T.);
#10371=ORIENTED_EDGE('',*,*,#7718,.T.);
#10372=ORIENTED_EDGE('',*,*,#7715,.T.);
#10373=ORIENTED_EDGE('',*,*,#7712,.T.);
#10374=ORIENTED_EDGE('',*,*,#7709,.T.);
#10375=ORIENTED_EDGE('',*,*,#7706,.T.);
#10376=ORIENTED_EDGE('',*,*,#7703,.T.);
#10377=ORIENTED_EDGE('',*,*,#7700,.T.);
#10378=ORIENTED_EDGE('',*,*,#7697,.T.);
#10379=ORIENTED_EDGE('',*,*,#7694,.T.);
#10380=ORIENTED_EDGE('',*,*,#7691,.T.);
#10381=ORIENTED_EDGE('',*,*,#7688,.T.);
#10382=ORIENTED_EDGE('',*,*,#7685,.T.);
#10383=ORIENTED_EDGE('',*,*,#7682,.T.);
#10384=ORIENTED_EDGE('',*,*,#7679,.T.);
#10385=ORIENTED_EDGE('',*,*,#7676,.T.);
#10386=ORIENTED_EDGE('',*,*,#7671,.T.);
#10387=ORIENTED_EDGE('',*,*,#7816,.F.);
#10388=ORIENTED_EDGE('',*,*,#7674,.F.);
#10389=ORIENTED_EDGE('',*,*,#7678,.F.);
#10390=ORIENTED_EDGE('',*,*,#7681,.F.);
#10391=ORIENTED_EDGE('',*,*,#7684,.F.);
#10392=ORIENTED_EDGE('',*,*,#7687,.F.);
#10393=ORIENTED_EDGE('',*,*,#7690,.F.);
#10394=ORIENTED_EDGE('',*,*,#7693,.F.);
#10395=ORIENTED_EDGE('',*,*,#7696,.F.);
#10396=ORIENTED_EDGE('',*,*,#7699,.F.);
#10397=ORIENTED_EDGE('',*,*,#7702,.F.);
#10398=ORIENTED_EDGE('',*,*,#7705,.F.);
#10399=ORIENTED_EDGE('',*,*,#7708,.F.);
#10400=ORIENTED_EDGE('',*,*,#7711,.F.);
#10401=ORIENTED_EDGE('',*,*,#7714,.F.);
#10402=ORIENTED_EDGE('',*,*,#7717,.F.);
#10403=ORIENTED_EDGE('',*,*,#7720,.F.);
#10404=ORIENTED_EDGE('',*,*,#7723,.F.);
#10405=ORIENTED_EDGE('',*,*,#7726,.F.);
#10406=ORIENTED_EDGE('',*,*,#7729,.F.);
#10407=ORIENTED_EDGE('',*,*,#7732,.F.);
#10408=ORIENTED_EDGE('',*,*,#7735,.F.);
#10409=ORIENTED_EDGE('',*,*,#7738,.F.);
#10410=ORIENTED_EDGE('',*,*,#7741,.F.);
#10411=ORIENTED_EDGE('',*,*,#7744,.F.);
#10412=ORIENTED_EDGE('',*,*,#7747,.F.);
#10413=ORIENTED_EDGE('',*,*,#7750,.F.);
#10414=ORIENTED_EDGE('',*,*,#7753,.F.);
#10415=ORIENTED_EDGE('',*,*,#7756,.F.);
#10416=ORIENTED_EDGE('',*,*,#7759,.F.);
#10417=ORIENTED_EDGE('',*,*,#7762,.F.);
#10418=ORIENTED_EDGE('',*,*,#7765,.F.);
#10419=ORIENTED_EDGE('',*,*,#7768,.F.);
#10420=ORIENTED_EDGE('',*,*,#7771,.F.);
#10421=ORIENTED_EDGE('',*,*,#7774,.F.);
#10422=ORIENTED_EDGE('',*,*,#7777,.F.);
#10423=ORIENTED_EDGE('',*,*,#7780,.F.);
#10424=ORIENTED_EDGE('',*,*,#7783,.F.);
#10425=ORIENTED_EDGE('',*,*,#7786,.F.);
#10426=ORIENTED_EDGE('',*,*,#7789,.F.);
#10427=ORIENTED_EDGE('',*,*,#7792,.F.);
#10428=ORIENTED_EDGE('',*,*,#7795,.F.);
#10429=ORIENTED_EDGE('',*,*,#7798,.F.);
#10430=ORIENTED_EDGE('',*,*,#7801,.F.);
#10431=ORIENTED_EDGE('',*,*,#7804,.F.);
#10432=ORIENTED_EDGE('',*,*,#7807,.F.);
#10433=ORIENTED_EDGE('',*,*,#7810,.F.);
#10434=ORIENTED_EDGE('',*,*,#7813,.F.);
#10435=ORIENTED_EDGE('',*,*,#7673,.F.);
#10436=ORIENTED_EDGE('',*,*,#7818,.F.);
#10437=ORIENTED_EDGE('',*,*,#7819,.T.);
#10438=ORIENTED_EDGE('',*,*,#7820,.T.);
#10439=ORIENTED_EDGE('',*,*,#7819,.F.);
#10440=ORIENTED_EDGE('',*,*,#7821,.T.);
#10441=ORIENTED_EDGE('',*,*,#7822,.T.);
#10442=ORIENTED_EDGE('',*,*,#7823,.F.);
#10443=ORIENTED_EDGE('',*,*,#7824,.F.);
#10444=ORIENTED_EDGE('',*,*,#7825,.T.);
#10445=ORIENTED_EDGE('',*,*,#7824,.T.);
#10446=ORIENTED_EDGE('',*,*,#7826,.F.);
#10447=ORIENTED_EDGE('',*,*,#7827,.F.);
#10448=ORIENTED_EDGE('',*,*,#7828,.T.);
#10449=ORIENTED_EDGE('',*,*,#7827,.T.);
#10450=ORIENTED_EDGE('',*,*,#7829,.F.);
#10451=ORIENTED_EDGE('',*,*,#7830,.F.);
#10452=ORIENTED_EDGE('',*,*,#7831,.T.);
#10453=ORIENTED_EDGE('',*,*,#7830,.T.);
#10454=ORIENTED_EDGE('',*,*,#7832,.F.);
#10455=ORIENTED_EDGE('',*,*,#7833,.F.);
#10456=ORIENTED_EDGE('',*,*,#7834,.T.);
#10457=ORIENTED_EDGE('',*,*,#7833,.T.);
#10458=ORIENTED_EDGE('',*,*,#7835,.F.);
#10459=ORIENTED_EDGE('',*,*,#7836,.F.);
#10460=ORIENTED_EDGE('',*,*,#7837,.T.);
#10461=ORIENTED_EDGE('',*,*,#7836,.T.);
#10462=ORIENTED_EDGE('',*,*,#7838,.F.);
#10463=ORIENTED_EDGE('',*,*,#7839,.F.);
#10464=ORIENTED_EDGE('',*,*,#7840,.T.);
#10465=ORIENTED_EDGE('',*,*,#7839,.T.);
#10466=ORIENTED_EDGE('',*,*,#7841,.F.);
#10467=ORIENTED_EDGE('',*,*,#7842,.F.);
#10468=ORIENTED_EDGE('',*,*,#7843,.T.);
#10469=ORIENTED_EDGE('',*,*,#7842,.T.);
#10470=ORIENTED_EDGE('',*,*,#7844,.F.);
#10471=ORIENTED_EDGE('',*,*,#7845,.F.);
#10472=ORIENTED_EDGE('',*,*,#7846,.T.);
#10473=ORIENTED_EDGE('',*,*,#7845,.T.);
#10474=ORIENTED_EDGE('',*,*,#7847,.F.);
#10475=ORIENTED_EDGE('',*,*,#7848,.F.);
#10476=ORIENTED_EDGE('',*,*,#7849,.T.);
#10477=ORIENTED_EDGE('',*,*,#7848,.T.);
#10478=ORIENTED_EDGE('',*,*,#7850,.F.);
#10479=ORIENTED_EDGE('',*,*,#7851,.F.);
#10480=ORIENTED_EDGE('',*,*,#7852,.T.);
#10481=ORIENTED_EDGE('',*,*,#7851,.T.);
#10482=ORIENTED_EDGE('',*,*,#7853,.F.);
#10483=ORIENTED_EDGE('',*,*,#7854,.F.);
#10484=ORIENTED_EDGE('',*,*,#7855,.T.);
#10485=ORIENTED_EDGE('',*,*,#7854,.T.);
#10486=ORIENTED_EDGE('',*,*,#7856,.F.);
#10487=ORIENTED_EDGE('',*,*,#7857,.F.);
#10488=ORIENTED_EDGE('',*,*,#7858,.T.);
#10489=ORIENTED_EDGE('',*,*,#7857,.T.);
#10490=ORIENTED_EDGE('',*,*,#7859,.F.);
#10491=ORIENTED_EDGE('',*,*,#7860,.F.);
#10492=ORIENTED_EDGE('',*,*,#7861,.T.);
#10493=ORIENTED_EDGE('',*,*,#7860,.T.);
#10494=ORIENTED_EDGE('',*,*,#7862,.F.);
#10495=ORIENTED_EDGE('',*,*,#7863,.F.);
#10496=ORIENTED_EDGE('',*,*,#7864,.T.);
#10497=ORIENTED_EDGE('',*,*,#7863,.T.);
#10498=ORIENTED_EDGE('',*,*,#7865,.F.);
#10499=ORIENTED_EDGE('',*,*,#7866,.F.);
#10500=ORIENTED_EDGE('',*,*,#7867,.T.);
#10501=ORIENTED_EDGE('',*,*,#7866,.T.);
#10502=ORIENTED_EDGE('',*,*,#7868,.F.);
#10503=ORIENTED_EDGE('',*,*,#7869,.F.);
#10504=ORIENTED_EDGE('',*,*,#7870,.T.);
#10505=ORIENTED_EDGE('',*,*,#7869,.T.);
#10506=ORIENTED_EDGE('',*,*,#7871,.F.);
#10507=ORIENTED_EDGE('',*,*,#7872,.F.);
#10508=ORIENTED_EDGE('',*,*,#7873,.T.);
#10509=ORIENTED_EDGE('',*,*,#7872,.T.);
#10510=ORIENTED_EDGE('',*,*,#7874,.F.);
#10511=ORIENTED_EDGE('',*,*,#7875,.F.);
#10512=ORIENTED_EDGE('',*,*,#7876,.T.);
#10513=ORIENTED_EDGE('',*,*,#7875,.T.);
#10514=ORIENTED_EDGE('',*,*,#7877,.F.);
#10515=ORIENTED_EDGE('',*,*,#7878,.F.);
#10516=ORIENTED_EDGE('',*,*,#7879,.T.);
#10517=ORIENTED_EDGE('',*,*,#7878,.T.);
#10518=ORIENTED_EDGE('',*,*,#7880,.F.);
#10519=ORIENTED_EDGE('',*,*,#7881,.F.);
#10520=ORIENTED_EDGE('',*,*,#7882,.T.);
#10521=ORIENTED_EDGE('',*,*,#7881,.T.);
#10522=ORIENTED_EDGE('',*,*,#7883,.F.);
#10523=ORIENTED_EDGE('',*,*,#7884,.F.);
#10524=ORIENTED_EDGE('',*,*,#7885,.T.);
#10525=ORIENTED_EDGE('',*,*,#7884,.T.);
#10526=ORIENTED_EDGE('',*,*,#7886,.F.);
#10527=ORIENTED_EDGE('',*,*,#7887,.F.);
#10528=ORIENTED_EDGE('',*,*,#7888,.T.);
#10529=ORIENTED_EDGE('',*,*,#7887,.T.);
#10530=ORIENTED_EDGE('',*,*,#7889,.F.);
#10531=ORIENTED_EDGE('',*,*,#7890,.F.);
#10532=ORIENTED_EDGE('',*,*,#7891,.T.);
#10533=ORIENTED_EDGE('',*,*,#7890,.T.);
#10534=ORIENTED_EDGE('',*,*,#7892,.F.);
#10535=ORIENTED_EDGE('',*,*,#7893,.F.);
#10536=ORIENTED_EDGE('',*,*,#7894,.T.);
#10537=ORIENTED_EDGE('',*,*,#7893,.T.);
#10538=ORIENTED_EDGE('',*,*,#7895,.F.);
#10539=ORIENTED_EDGE('',*,*,#7896,.F.);
#10540=ORIENTED_EDGE('',*,*,#7897,.T.);
#10541=ORIENTED_EDGE('',*,*,#7896,.T.);
#10542=ORIENTED_EDGE('',*,*,#7898,.F.);
#10543=ORIENTED_EDGE('',*,*,#7899,.F.);
#10544=ORIENTED_EDGE('',*,*,#7900,.T.);
#10545=ORIENTED_EDGE('',*,*,#7899,.T.);
#10546=ORIENTED_EDGE('',*,*,#7901,.F.);
#10547=ORIENTED_EDGE('',*,*,#7902,.F.);
#10548=ORIENTED_EDGE('',*,*,#7903,.T.);
#10549=ORIENTED_EDGE('',*,*,#7902,.T.);
#10550=ORIENTED_EDGE('',*,*,#7904,.F.);
#10551=ORIENTED_EDGE('',*,*,#7905,.F.);
#10552=ORIENTED_EDGE('',*,*,#7906,.T.);
#10553=ORIENTED_EDGE('',*,*,#7905,.T.);
#10554=ORIENTED_EDGE('',*,*,#7907,.F.);
#10555=ORIENTED_EDGE('',*,*,#7908,.F.);
#10556=ORIENTED_EDGE('',*,*,#7909,.T.);
#10557=ORIENTED_EDGE('',*,*,#7908,.T.);
#10558=ORIENTED_EDGE('',*,*,#7910,.F.);
#10559=ORIENTED_EDGE('',*,*,#7911,.F.);
#10560=ORIENTED_EDGE('',*,*,#7912,.T.);
#10561=ORIENTED_EDGE('',*,*,#7911,.T.);
#10562=ORIENTED_EDGE('',*,*,#7913,.F.);
#10563=ORIENTED_EDGE('',*,*,#7914,.F.);
#10564=ORIENTED_EDGE('',*,*,#7915,.T.);
#10565=ORIENTED_EDGE('',*,*,#7914,.T.);
#10566=ORIENTED_EDGE('',*,*,#7916,.F.);
#10567=ORIENTED_EDGE('',*,*,#7917,.F.);
#10568=ORIENTED_EDGE('',*,*,#7918,.T.);
#10569=ORIENTED_EDGE('',*,*,#7917,.T.);
#10570=ORIENTED_EDGE('',*,*,#7919,.F.);
#10571=ORIENTED_EDGE('',*,*,#7920,.F.);
#10572=ORIENTED_EDGE('',*,*,#7921,.T.);
#10573=ORIENTED_EDGE('',*,*,#7920,.T.);
#10574=ORIENTED_EDGE('',*,*,#7922,.F.);
#10575=ORIENTED_EDGE('',*,*,#7923,.F.);
#10576=ORIENTED_EDGE('',*,*,#7924,.T.);
#10577=ORIENTED_EDGE('',*,*,#7923,.T.);
#10578=ORIENTED_EDGE('',*,*,#7925,.F.);
#10579=ORIENTED_EDGE('',*,*,#7926,.F.);
#10580=ORIENTED_EDGE('',*,*,#7927,.T.);
#10581=ORIENTED_EDGE('',*,*,#7926,.T.);
#10582=ORIENTED_EDGE('',*,*,#7928,.F.);
#10583=ORIENTED_EDGE('',*,*,#7929,.F.);
#10584=ORIENTED_EDGE('',*,*,#7930,.T.);
#10585=ORIENTED_EDGE('',*,*,#7929,.T.);
#10586=ORIENTED_EDGE('',*,*,#7931,.F.);
#10587=ORIENTED_EDGE('',*,*,#7932,.F.);
#10588=ORIENTED_EDGE('',*,*,#7933,.T.);
#10589=ORIENTED_EDGE('',*,*,#7932,.T.);
#10590=ORIENTED_EDGE('',*,*,#7934,.F.);
#10591=ORIENTED_EDGE('',*,*,#7935,.F.);
#10592=ORIENTED_EDGE('',*,*,#7936,.T.);
#10593=ORIENTED_EDGE('',*,*,#7935,.T.);
#10594=ORIENTED_EDGE('',*,*,#7937,.F.);
#10595=ORIENTED_EDGE('',*,*,#7938,.F.);
#10596=ORIENTED_EDGE('',*,*,#7939,.T.);
#10597=ORIENTED_EDGE('',*,*,#7938,.T.);
#10598=ORIENTED_EDGE('',*,*,#7940,.F.);
#10599=ORIENTED_EDGE('',*,*,#7941,.F.);
#10600=ORIENTED_EDGE('',*,*,#7942,.T.);
#10601=ORIENTED_EDGE('',*,*,#7941,.T.);
#10602=ORIENTED_EDGE('',*,*,#7943,.F.);
#10603=ORIENTED_EDGE('',*,*,#7944,.F.);
#10604=ORIENTED_EDGE('',*,*,#7945,.T.);
#10605=ORIENTED_EDGE('',*,*,#7944,.T.);
#10606=ORIENTED_EDGE('',*,*,#7946,.F.);
#10607=ORIENTED_EDGE('',*,*,#7947,.F.);
#10608=ORIENTED_EDGE('',*,*,#7948,.T.);
#10609=ORIENTED_EDGE('',*,*,#7947,.T.);
#10610=ORIENTED_EDGE('',*,*,#7949,.F.);
#10611=ORIENTED_EDGE('',*,*,#7950,.F.);
#10612=ORIENTED_EDGE('',*,*,#7951,.T.);
#10613=ORIENTED_EDGE('',*,*,#7950,.T.);
#10614=ORIENTED_EDGE('',*,*,#7952,.F.);
#10615=ORIENTED_EDGE('',*,*,#7953,.F.);
#10616=ORIENTED_EDGE('',*,*,#7954,.T.);
#10617=ORIENTED_EDGE('',*,*,#7953,.T.);
#10618=ORIENTED_EDGE('',*,*,#7955,.F.);
#10619=ORIENTED_EDGE('',*,*,#7956,.F.);
#10620=ORIENTED_EDGE('',*,*,#7957,.T.);
#10621=ORIENTED_EDGE('',*,*,#7956,.T.);
#10622=ORIENTED_EDGE('',*,*,#7958,.F.);
#10623=ORIENTED_EDGE('',*,*,#7959,.F.);
#10624=ORIENTED_EDGE('',*,*,#7960,.T.);
#10625=ORIENTED_EDGE('',*,*,#7959,.T.);
#10626=ORIENTED_EDGE('',*,*,#7961,.F.);
#10627=ORIENTED_EDGE('',*,*,#7962,.F.);
#10628=ORIENTED_EDGE('',*,*,#7963,.T.);
#10629=ORIENTED_EDGE('',*,*,#7962,.T.);
#10630=ORIENTED_EDGE('',*,*,#7964,.F.);
#10631=ORIENTED_EDGE('',*,*,#7822,.F.);
#10632=ORIENTED_EDGE('',*,*,#7964,.T.);
#10633=ORIENTED_EDGE('',*,*,#7961,.T.);
#10634=ORIENTED_EDGE('',*,*,#7958,.T.);
#10635=ORIENTED_EDGE('',*,*,#7955,.T.);
#10636=ORIENTED_EDGE('',*,*,#7952,.T.);
#10637=ORIENTED_EDGE('',*,*,#7949,.T.);
#10638=ORIENTED_EDGE('',*,*,#7946,.T.);
#10639=ORIENTED_EDGE('',*,*,#7943,.T.);
#10640=ORIENTED_EDGE('',*,*,#7940,.T.);
#10641=ORIENTED_EDGE('',*,*,#7937,.T.);
#10642=ORIENTED_EDGE('',*,*,#7934,.T.);
#10643=ORIENTED_EDGE('',*,*,#7931,.T.);
#10644=ORIENTED_EDGE('',*,*,#7928,.T.);
#10645=ORIENTED_EDGE('',*,*,#7925,.T.);
#10646=ORIENTED_EDGE('',*,*,#7922,.T.);
#10647=ORIENTED_EDGE('',*,*,#7919,.T.);
#10648=ORIENTED_EDGE('',*,*,#7916,.T.);
#10649=ORIENTED_EDGE('',*,*,#7913,.T.);
#10650=ORIENTED_EDGE('',*,*,#7910,.T.);
#10651=ORIENTED_EDGE('',*,*,#7907,.T.);
#10652=ORIENTED_EDGE('',*,*,#7904,.T.);
#10653=ORIENTED_EDGE('',*,*,#7901,.T.);
#10654=ORIENTED_EDGE('',*,*,#7898,.T.);
#10655=ORIENTED_EDGE('',*,*,#7895,.T.);
#10656=ORIENTED_EDGE('',*,*,#7892,.T.);
#10657=ORIENTED_EDGE('',*,*,#7889,.T.);
#10658=ORIENTED_EDGE('',*,*,#7886,.T.);
#10659=ORIENTED_EDGE('',*,*,#7883,.T.);
#10660=ORIENTED_EDGE('',*,*,#7880,.T.);
#10661=ORIENTED_EDGE('',*,*,#7877,.T.);
#10662=ORIENTED_EDGE('',*,*,#7874,.T.);
#10663=ORIENTED_EDGE('',*,*,#7871,.T.);
#10664=ORIENTED_EDGE('',*,*,#7868,.T.);
#10665=ORIENTED_EDGE('',*,*,#7865,.T.);
#10666=ORIENTED_EDGE('',*,*,#7862,.T.);
#10667=ORIENTED_EDGE('',*,*,#7859,.T.);
#10668=ORIENTED_EDGE('',*,*,#7856,.T.);
#10669=ORIENTED_EDGE('',*,*,#7853,.T.);
#10670=ORIENTED_EDGE('',*,*,#7850,.T.);
#10671=ORIENTED_EDGE('',*,*,#7847,.T.);
#10672=ORIENTED_EDGE('',*,*,#7844,.T.);
#10673=ORIENTED_EDGE('',*,*,#7841,.T.);
#10674=ORIENTED_EDGE('',*,*,#7838,.T.);
#10675=ORIENTED_EDGE('',*,*,#7835,.T.);
#10676=ORIENTED_EDGE('',*,*,#7832,.T.);
#10677=ORIENTED_EDGE('',*,*,#7829,.T.);
#10678=ORIENTED_EDGE('',*,*,#7826,.T.);
#10679=ORIENTED_EDGE('',*,*,#7823,.T.);
#10680=ORIENTED_EDGE('',*,*,#7818,.T.);
#10681=ORIENTED_EDGE('',*,*,#7963,.F.);
#10682=ORIENTED_EDGE('',*,*,#7821,.F.);
#10683=ORIENTED_EDGE('',*,*,#7825,.F.);
#10684=ORIENTED_EDGE('',*,*,#7828,.F.);
#10685=ORIENTED_EDGE('',*,*,#7831,.F.);
#10686=ORIENTED_EDGE('',*,*,#7834,.F.);
#10687=ORIENTED_EDGE('',*,*,#7837,.F.);
#10688=ORIENTED_EDGE('',*,*,#7840,.F.);
#10689=ORIENTED_EDGE('',*,*,#7843,.F.);
#10690=ORIENTED_EDGE('',*,*,#7846,.F.);
#10691=ORIENTED_EDGE('',*,*,#7849,.F.);
#10692=ORIENTED_EDGE('',*,*,#7852,.F.);
#10693=ORIENTED_EDGE('',*,*,#7855,.F.);
#10694=ORIENTED_EDGE('',*,*,#7858,.F.);
#10695=ORIENTED_EDGE('',*,*,#7861,.F.);
#10696=ORIENTED_EDGE('',*,*,#7864,.F.);
#10697=ORIENTED_EDGE('',*,*,#7867,.F.);
#10698=ORIENTED_EDGE('',*,*,#7870,.F.);
#10699=ORIENTED_EDGE('',*,*,#7873,.F.);
#10700=ORIENTED_EDGE('',*,*,#7876,.F.);
#10701=ORIENTED_EDGE('',*,*,#7879,.F.);
#10702=ORIENTED_EDGE('',*,*,#7882,.F.);
#10703=ORIENTED_EDGE('',*,*,#7885,.F.);
#10704=ORIENTED_EDGE('',*,*,#7888,.F.);
#10705=ORIENTED_EDGE('',*,*,#7891,.F.);
#10706=ORIENTED_EDGE('',*,*,#7894,.F.);
#10707=ORIENTED_EDGE('',*,*,#7897,.F.);
#10708=ORIENTED_EDGE('',*,*,#7900,.F.);
#10709=ORIENTED_EDGE('',*,*,#7903,.F.);
#10710=ORIENTED_EDGE('',*,*,#7906,.F.);
#10711=ORIENTED_EDGE('',*,*,#7909,.F.);
#10712=ORIENTED_EDGE('',*,*,#7912,.F.);
#10713=ORIENTED_EDGE('',*,*,#7915,.F.);
#10714=ORIENTED_EDGE('',*,*,#7918,.F.);
#10715=ORIENTED_EDGE('',*,*,#7921,.F.);
#10716=ORIENTED_EDGE('',*,*,#7924,.F.);
#10717=ORIENTED_EDGE('',*,*,#7927,.F.);
#10718=ORIENTED_EDGE('',*,*,#7930,.F.);
#10719=ORIENTED_EDGE('',*,*,#7933,.F.);
#10720=ORIENTED_EDGE('',*,*,#7936,.F.);
#10721=ORIENTED_EDGE('',*,*,#7939,.F.);
#10722=ORIENTED_EDGE('',*,*,#7942,.F.);
#10723=ORIENTED_EDGE('',*,*,#7945,.F.);
#10724=ORIENTED_EDGE('',*,*,#7948,.F.);
#10725=ORIENTED_EDGE('',*,*,#7951,.F.);
#10726=ORIENTED_EDGE('',*,*,#7954,.F.);
#10727=ORIENTED_EDGE('',*,*,#7957,.F.);
#10728=ORIENTED_EDGE('',*,*,#7960,.F.);
#10729=ORIENTED_EDGE('',*,*,#7820,.F.);
#10730=ORIENTED_EDGE('',*,*,#7965,.F.);
#10731=ORIENTED_EDGE('',*,*,#7966,.T.);
#10732=ORIENTED_EDGE('',*,*,#7967,.T.);
#10733=ORIENTED_EDGE('',*,*,#7966,.F.);
#10734=ORIENTED_EDGE('',*,*,#7968,.T.);
#10735=ORIENTED_EDGE('',*,*,#7969,.T.);
#10736=ORIENTED_EDGE('',*,*,#7970,.F.);
#10737=ORIENTED_EDGE('',*,*,#7971,.F.);
#10738=ORIENTED_EDGE('',*,*,#7972,.T.);
#10739=ORIENTED_EDGE('',*,*,#7971,.T.);
#10740=ORIENTED_EDGE('',*,*,#7973,.F.);
#10741=ORIENTED_EDGE('',*,*,#7974,.F.);
#10742=ORIENTED_EDGE('',*,*,#7975,.T.);
#10743=ORIENTED_EDGE('',*,*,#7974,.T.);
#10744=ORIENTED_EDGE('',*,*,#7976,.F.);
#10745=ORIENTED_EDGE('',*,*,#7977,.F.);
#10746=ORIENTED_EDGE('',*,*,#7978,.T.);
#10747=ORIENTED_EDGE('',*,*,#7977,.T.);
#10748=ORIENTED_EDGE('',*,*,#7979,.F.);
#10749=ORIENTED_EDGE('',*,*,#7980,.F.);
#10750=ORIENTED_EDGE('',*,*,#7981,.T.);
#10751=ORIENTED_EDGE('',*,*,#7980,.T.);
#10752=ORIENTED_EDGE('',*,*,#7982,.F.);
#10753=ORIENTED_EDGE('',*,*,#7983,.F.);
#10754=ORIENTED_EDGE('',*,*,#7984,.T.);
#10755=ORIENTED_EDGE('',*,*,#7983,.T.);
#10756=ORIENTED_EDGE('',*,*,#7985,.F.);
#10757=ORIENTED_EDGE('',*,*,#7986,.F.);
#10758=ORIENTED_EDGE('',*,*,#7987,.T.);
#10759=ORIENTED_EDGE('',*,*,#7986,.T.);
#10760=ORIENTED_EDGE('',*,*,#7988,.F.);
#10761=ORIENTED_EDGE('',*,*,#7989,.F.);
#10762=ORIENTED_EDGE('',*,*,#7990,.T.);
#10763=ORIENTED_EDGE('',*,*,#7989,.T.);
#10764=ORIENTED_EDGE('',*,*,#7991,.F.);
#10765=ORIENTED_EDGE('',*,*,#7992,.F.);
#10766=ORIENTED_EDGE('',*,*,#7993,.T.);
#10767=ORIENTED_EDGE('',*,*,#7992,.T.);
#10768=ORIENTED_EDGE('',*,*,#7994,.F.);
#10769=ORIENTED_EDGE('',*,*,#7995,.F.);
#10770=ORIENTED_EDGE('',*,*,#7996,.T.);
#10771=ORIENTED_EDGE('',*,*,#7995,.T.);
#10772=ORIENTED_EDGE('',*,*,#7997,.F.);
#10773=ORIENTED_EDGE('',*,*,#7998,.F.);
#10774=ORIENTED_EDGE('',*,*,#7999,.T.);
#10775=ORIENTED_EDGE('',*,*,#7998,.T.);
#10776=ORIENTED_EDGE('',*,*,#8000,.F.);
#10777=ORIENTED_EDGE('',*,*,#8001,.F.);
#10778=ORIENTED_EDGE('',*,*,#8002,.T.);
#10779=ORIENTED_EDGE('',*,*,#8001,.T.);
#10780=ORIENTED_EDGE('',*,*,#8003,.F.);
#10781=ORIENTED_EDGE('',*,*,#8004,.F.);
#10782=ORIENTED_EDGE('',*,*,#8005,.T.);
#10783=ORIENTED_EDGE('',*,*,#8004,.T.);
#10784=ORIENTED_EDGE('',*,*,#8006,.F.);
#10785=ORIENTED_EDGE('',*,*,#8007,.F.);
#10786=ORIENTED_EDGE('',*,*,#8008,.T.);
#10787=ORIENTED_EDGE('',*,*,#8007,.T.);
#10788=ORIENTED_EDGE('',*,*,#8009,.F.);
#10789=ORIENTED_EDGE('',*,*,#8010,.F.);
#10790=ORIENTED_EDGE('',*,*,#8011,.T.);
#10791=ORIENTED_EDGE('',*,*,#8010,.T.);
#10792=ORIENTED_EDGE('',*,*,#8012,.F.);
#10793=ORIENTED_EDGE('',*,*,#8013,.F.);
#10794=ORIENTED_EDGE('',*,*,#8014,.T.);
#10795=ORIENTED_EDGE('',*,*,#8013,.T.);
#10796=ORIENTED_EDGE('',*,*,#8015,.F.);
#10797=ORIENTED_EDGE('',*,*,#8016,.F.);
#10798=ORIENTED_EDGE('',*,*,#8017,.T.);
#10799=ORIENTED_EDGE('',*,*,#8016,.T.);
#10800=ORIENTED_EDGE('',*,*,#8018,.F.);
#10801=ORIENTED_EDGE('',*,*,#8019,.F.);
#10802=ORIENTED_EDGE('',*,*,#8020,.T.);
#10803=ORIENTED_EDGE('',*,*,#8019,.T.);
#10804=ORIENTED_EDGE('',*,*,#8021,.F.);
#10805=ORIENTED_EDGE('',*,*,#8022,.F.);
#10806=ORIENTED_EDGE('',*,*,#8023,.T.);
#10807=ORIENTED_EDGE('',*,*,#8022,.T.);
#10808=ORIENTED_EDGE('',*,*,#8024,.F.);
#10809=ORIENTED_EDGE('',*,*,#8025,.F.);
#10810=ORIENTED_EDGE('',*,*,#8026,.T.);
#10811=ORIENTED_EDGE('',*,*,#8025,.T.);
#10812=ORIENTED_EDGE('',*,*,#8027,.F.);
#10813=ORIENTED_EDGE('',*,*,#8028,.F.);
#10814=ORIENTED_EDGE('',*,*,#8029,.T.);
#10815=ORIENTED_EDGE('',*,*,#8028,.T.);
#10816=ORIENTED_EDGE('',*,*,#8030,.F.);
#10817=ORIENTED_EDGE('',*,*,#8031,.F.);
#10818=ORIENTED_EDGE('',*,*,#8032,.T.);
#10819=ORIENTED_EDGE('',*,*,#8031,.T.);
#10820=ORIENTED_EDGE('',*,*,#8033,.F.);
#10821=ORIENTED_EDGE('',*,*,#8034,.F.);
#10822=ORIENTED_EDGE('',*,*,#8035,.T.);
#10823=ORIENTED_EDGE('',*,*,#8034,.T.);
#10824=ORIENTED_EDGE('',*,*,#8036,.F.);
#10825=ORIENTED_EDGE('',*,*,#8037,.F.);
#10826=ORIENTED_EDGE('',*,*,#8038,.T.);
#10827=ORIENTED_EDGE('',*,*,#8037,.T.);
#10828=ORIENTED_EDGE('',*,*,#8039,.F.);
#10829=ORIENTED_EDGE('',*,*,#8040,.F.);
#10830=ORIENTED_EDGE('',*,*,#8041,.T.);
#10831=ORIENTED_EDGE('',*,*,#8040,.T.);
#10832=ORIENTED_EDGE('',*,*,#8042,.F.);
#10833=ORIENTED_EDGE('',*,*,#8043,.F.);
#10834=ORIENTED_EDGE('',*,*,#8044,.T.);
#10835=ORIENTED_EDGE('',*,*,#8043,.T.);
#10836=ORIENTED_EDGE('',*,*,#8045,.F.);
#10837=ORIENTED_EDGE('',*,*,#8046,.F.);
#10838=ORIENTED_EDGE('',*,*,#8047,.T.);
#10839=ORIENTED_EDGE('',*,*,#8046,.T.);
#10840=ORIENTED_EDGE('',*,*,#8048,.F.);
#10841=ORIENTED_EDGE('',*,*,#8049,.F.);
#10842=ORIENTED_EDGE('',*,*,#8050,.T.);
#10843=ORIENTED_EDGE('',*,*,#8049,.T.);
#10844=ORIENTED_EDGE('',*,*,#8051,.F.);
#10845=ORIENTED_EDGE('',*,*,#8052,.F.);
#10846=ORIENTED_EDGE('',*,*,#8053,.T.);
#10847=ORIENTED_EDGE('',*,*,#8052,.T.);
#10848=ORIENTED_EDGE('',*,*,#8054,.F.);
#10849=ORIENTED_EDGE('',*,*,#8055,.F.);
#10850=ORIENTED_EDGE('',*,*,#8056,.T.);
#10851=ORIENTED_EDGE('',*,*,#8055,.T.);
#10852=ORIENTED_EDGE('',*,*,#8057,.F.);
#10853=ORIENTED_EDGE('',*,*,#8058,.F.);
#10854=ORIENTED_EDGE('',*,*,#8059,.T.);
#10855=ORIENTED_EDGE('',*,*,#8058,.T.);
#10856=ORIENTED_EDGE('',*,*,#8060,.F.);
#10857=ORIENTED_EDGE('',*,*,#8061,.F.);
#10858=ORIENTED_EDGE('',*,*,#8062,.T.);
#10859=ORIENTED_EDGE('',*,*,#8061,.T.);
#10860=ORIENTED_EDGE('',*,*,#8063,.F.);
#10861=ORIENTED_EDGE('',*,*,#8064,.F.);
#10862=ORIENTED_EDGE('',*,*,#8065,.T.);
#10863=ORIENTED_EDGE('',*,*,#8064,.T.);
#10864=ORIENTED_EDGE('',*,*,#8066,.F.);
#10865=ORIENTED_EDGE('',*,*,#8067,.F.);
#10866=ORIENTED_EDGE('',*,*,#8068,.T.);
#10867=ORIENTED_EDGE('',*,*,#8067,.T.);
#10868=ORIENTED_EDGE('',*,*,#8069,.F.);
#10869=ORIENTED_EDGE('',*,*,#8070,.F.);
#10870=ORIENTED_EDGE('',*,*,#8071,.T.);
#10871=ORIENTED_EDGE('',*,*,#8070,.T.);
#10872=ORIENTED_EDGE('',*,*,#8072,.F.);
#10873=ORIENTED_EDGE('',*,*,#8073,.F.);
#10874=ORIENTED_EDGE('',*,*,#8074,.T.);
#10875=ORIENTED_EDGE('',*,*,#8073,.T.);
#10876=ORIENTED_EDGE('',*,*,#8075,.F.);
#10877=ORIENTED_EDGE('',*,*,#8076,.F.);
#10878=ORIENTED_EDGE('',*,*,#8077,.T.);
#10879=ORIENTED_EDGE('',*,*,#8076,.T.);
#10880=ORIENTED_EDGE('',*,*,#8078,.F.);
#10881=ORIENTED_EDGE('',*,*,#8079,.F.);
#10882=ORIENTED_EDGE('',*,*,#8080,.T.);
#10883=ORIENTED_EDGE('',*,*,#8079,.T.);
#10884=ORIENTED_EDGE('',*,*,#8081,.F.);
#10885=ORIENTED_EDGE('',*,*,#8082,.F.);
#10886=ORIENTED_EDGE('',*,*,#8083,.T.);
#10887=ORIENTED_EDGE('',*,*,#8082,.T.);
#10888=ORIENTED_EDGE('',*,*,#8084,.F.);
#10889=ORIENTED_EDGE('',*,*,#8085,.F.);
#10890=ORIENTED_EDGE('',*,*,#8086,.T.);
#10891=ORIENTED_EDGE('',*,*,#8085,.T.);
#10892=ORIENTED_EDGE('',*,*,#8087,.F.);
#10893=ORIENTED_EDGE('',*,*,#8088,.F.);
#10894=ORIENTED_EDGE('',*,*,#8089,.T.);
#10895=ORIENTED_EDGE('',*,*,#8088,.T.);
#10896=ORIENTED_EDGE('',*,*,#8090,.F.);
#10897=ORIENTED_EDGE('',*,*,#8091,.F.);
#10898=ORIENTED_EDGE('',*,*,#8092,.T.);
#10899=ORIENTED_EDGE('',*,*,#8091,.T.);
#10900=ORIENTED_EDGE('',*,*,#8093,.F.);
#10901=ORIENTED_EDGE('',*,*,#8094,.F.);
#10902=ORIENTED_EDGE('',*,*,#8095,.T.);
#10903=ORIENTED_EDGE('',*,*,#8094,.T.);
#10904=ORIENTED_EDGE('',*,*,#8096,.F.);
#10905=ORIENTED_EDGE('',*,*,#8097,.F.);
#10906=ORIENTED_EDGE('',*,*,#8098,.T.);
#10907=ORIENTED_EDGE('',*,*,#8097,.T.);
#10908=ORIENTED_EDGE('',*,*,#8099,.F.);
#10909=ORIENTED_EDGE('',*,*,#8100,.F.);
#10910=ORIENTED_EDGE('',*,*,#8101,.T.);
#10911=ORIENTED_EDGE('',*,*,#8100,.T.);
#10912=ORIENTED_EDGE('',*,*,#8102,.F.);
#10913=ORIENTED_EDGE('',*,*,#8103,.F.);
#10914=ORIENTED_EDGE('',*,*,#8104,.T.);
#10915=ORIENTED_EDGE('',*,*,#8103,.T.);
#10916=ORIENTED_EDGE('',*,*,#8105,.F.);
#10917=ORIENTED_EDGE('',*,*,#8106,.F.);
#10918=ORIENTED_EDGE('',*,*,#8107,.T.);
#10919=ORIENTED_EDGE('',*,*,#8106,.T.);
#10920=ORIENTED_EDGE('',*,*,#8108,.F.);
#10921=ORIENTED_EDGE('',*,*,#8109,.F.);
#10922=ORIENTED_EDGE('',*,*,#8110,.T.);
#10923=ORIENTED_EDGE('',*,*,#8109,.T.);
#10924=ORIENTED_EDGE('',*,*,#8111,.F.);
#10925=ORIENTED_EDGE('',*,*,#7969,.F.);
#10926=ORIENTED_EDGE('',*,*,#8111,.T.);
#10927=ORIENTED_EDGE('',*,*,#8108,.T.);
#10928=ORIENTED_EDGE('',*,*,#8105,.T.);
#10929=ORIENTED_EDGE('',*,*,#8102,.T.);
#10930=ORIENTED_EDGE('',*,*,#8099,.T.);
#10931=ORIENTED_EDGE('',*,*,#8096,.T.);
#10932=ORIENTED_EDGE('',*,*,#8093,.T.);
#10933=ORIENTED_EDGE('',*,*,#8090,.T.);
#10934=ORIENTED_EDGE('',*,*,#8087,.T.);
#10935=ORIENTED_EDGE('',*,*,#8084,.T.);
#10936=ORIENTED_EDGE('',*,*,#8081,.T.);
#10937=ORIENTED_EDGE('',*,*,#8078,.T.);
#10938=ORIENTED_EDGE('',*,*,#8075,.T.);
#10939=ORIENTED_EDGE('',*,*,#8072,.T.);
#10940=ORIENTED_EDGE('',*,*,#8069,.T.);
#10941=ORIENTED_EDGE('',*,*,#8066,.T.);
#10942=ORIENTED_EDGE('',*,*,#8063,.T.);
#10943=ORIENTED_EDGE('',*,*,#8060,.T.);
#10944=ORIENTED_EDGE('',*,*,#8057,.T.);
#10945=ORIENTED_EDGE('',*,*,#8054,.T.);
#10946=ORIENTED_EDGE('',*,*,#8051,.T.);
#10947=ORIENTED_EDGE('',*,*,#8048,.T.);
#10948=ORIENTED_EDGE('',*,*,#8045,.T.);
#10949=ORIENTED_EDGE('',*,*,#8042,.T.);
#10950=ORIENTED_EDGE('',*,*,#8039,.T.);
#10951=ORIENTED_EDGE('',*,*,#8036,.T.);
#10952=ORIENTED_EDGE('',*,*,#8033,.T.);
#10953=ORIENTED_EDGE('',*,*,#8030,.T.);
#10954=ORIENTED_EDGE('',*,*,#8027,.T.);
#10955=ORIENTED_EDGE('',*,*,#8024,.T.);
#10956=ORIENTED_EDGE('',*,*,#8021,.T.);
#10957=ORIENTED_EDGE('',*,*,#8018,.T.);
#10958=ORIENTED_EDGE('',*,*,#8015,.T.);
#10959=ORIENTED_EDGE('',*,*,#8012,.T.);
#10960=ORIENTED_EDGE('',*,*,#8009,.T.);
#10961=ORIENTED_EDGE('',*,*,#8006,.T.);
#10962=ORIENTED_EDGE('',*,*,#8003,.T.);
#10963=ORIENTED_EDGE('',*,*,#8000,.T.);
#10964=ORIENTED_EDGE('',*,*,#7997,.T.);
#10965=ORIENTED_EDGE('',*,*,#7994,.T.);
#10966=ORIENTED_EDGE('',*,*,#7991,.T.);
#10967=ORIENTED_EDGE('',*,*,#7988,.T.);
#10968=ORIENTED_EDGE('',*,*,#7985,.T.);
#10969=ORIENTED_EDGE('',*,*,#7982,.T.);
#10970=ORIENTED_EDGE('',*,*,#7979,.T.);
#10971=ORIENTED_EDGE('',*,*,#7976,.T.);
#10972=ORIENTED_EDGE('',*,*,#7973,.T.);
#10973=ORIENTED_EDGE('',*,*,#7970,.T.);
#10974=ORIENTED_EDGE('',*,*,#7965,.T.);
#10975=ORIENTED_EDGE('',*,*,#8110,.F.);
#10976=ORIENTED_EDGE('',*,*,#7968,.F.);
#10977=ORIENTED_EDGE('',*,*,#7972,.F.);
#10978=ORIENTED_EDGE('',*,*,#7975,.F.);
#10979=ORIENTED_EDGE('',*,*,#7978,.F.);
#10980=ORIENTED_EDGE('',*,*,#7981,.F.);
#10981=ORIENTED_EDGE('',*,*,#7984,.F.);
#10982=ORIENTED_EDGE('',*,*,#7987,.F.);
#10983=ORIENTED_EDGE('',*,*,#7990,.F.);
#10984=ORIENTED_EDGE('',*,*,#7993,.F.);
#10985=ORIENTED_EDGE('',*,*,#7996,.F.);
#10986=ORIENTED_EDGE('',*,*,#7999,.F.);
#10987=ORIENTED_EDGE('',*,*,#8002,.F.);
#10988=ORIENTED_EDGE('',*,*,#8005,.F.);
#10989=ORIENTED_EDGE('',*,*,#8008,.F.);
#10990=ORIENTED_EDGE('',*,*,#8011,.F.);
#10991=ORIENTED_EDGE('',*,*,#8014,.F.);
#10992=ORIENTED_EDGE('',*,*,#8017,.F.);
#10993=ORIENTED_EDGE('',*,*,#8020,.F.);
#10994=ORIENTED_EDGE('',*,*,#8023,.F.);
#10995=ORIENTED_EDGE('',*,*,#8026,.F.);
#10996=ORIENTED_EDGE('',*,*,#8029,.F.);
#10997=ORIENTED_EDGE('',*,*,#8032,.F.);
#10998=ORIENTED_EDGE('',*,*,#8035,.F.);
#10999=ORIENTED_EDGE('',*,*,#8038,.F.);
#11000=ORIENTED_EDGE('',*,*,#8041,.F.);
#11001=ORIENTED_EDGE('',*,*,#8044,.F.);
#11002=ORIENTED_EDGE('',*,*,#8047,.F.);
#11003=ORIENTED_EDGE('',*,*,#8050,.F.);
#11004=ORIENTED_EDGE('',*,*,#8053,.F.);
#11005=ORIENTED_EDGE('',*,*,#8056,.F.);
#11006=ORIENTED_EDGE('',*,*,#8059,.F.);
#11007=ORIENTED_EDGE('',*,*,#8062,.F.);
#11008=ORIENTED_EDGE('',*,*,#8065,.F.);
#11009=ORIENTED_EDGE('',*,*,#8068,.F.);
#11010=ORIENTED_EDGE('',*,*,#8071,.F.);
#11011=ORIENTED_EDGE('',*,*,#8074,.F.);
#11012=ORIENTED_EDGE('',*,*,#8077,.F.);
#11013=ORIENTED_EDGE('',*,*,#8080,.F.);
#11014=ORIENTED_EDGE('',*,*,#8083,.F.);
#11015=ORIENTED_EDGE('',*,*,#8086,.F.);
#11016=ORIENTED_EDGE('',*,*,#8089,.F.);
#11017=ORIENTED_EDGE('',*,*,#8092,.F.);
#11018=ORIENTED_EDGE('',*,*,#8095,.F.);
#11019=ORIENTED_EDGE('',*,*,#8098,.F.);
#11020=ORIENTED_EDGE('',*,*,#8101,.F.);
#11021=ORIENTED_EDGE('',*,*,#8104,.F.);
#11022=ORIENTED_EDGE('',*,*,#8107,.F.);
#11023=ORIENTED_EDGE('',*,*,#7967,.F.);
#11024=ORIENTED_EDGE('',*,*,#8112,.F.);
#11025=ORIENTED_EDGE('',*,*,#8113,.T.);
#11026=ORIENTED_EDGE('',*,*,#8114,.T.);
#11027=ORIENTED_EDGE('',*,*,#8113,.F.);
#11028=ORIENTED_EDGE('',*,*,#8115,.T.);
#11029=ORIENTED_EDGE('',*,*,#8116,.T.);
#11030=ORIENTED_EDGE('',*,*,#8117,.F.);
#11031=ORIENTED_EDGE('',*,*,#8118,.F.);
#11032=ORIENTED_EDGE('',*,*,#8119,.T.);
#11033=ORIENTED_EDGE('',*,*,#8118,.T.);
#11034=ORIENTED_EDGE('',*,*,#8120,.F.);
#11035=ORIENTED_EDGE('',*,*,#8121,.F.);
#11036=ORIENTED_EDGE('',*,*,#8122,.T.);
#11037=ORIENTED_EDGE('',*,*,#8121,.T.);
#11038=ORIENTED_EDGE('',*,*,#8123,.F.);
#11039=ORIENTED_EDGE('',*,*,#8124,.F.);
#11040=ORIENTED_EDGE('',*,*,#8125,.T.);
#11041=ORIENTED_EDGE('',*,*,#8124,.T.);
#11042=ORIENTED_EDGE('',*,*,#8126,.F.);
#11043=ORIENTED_EDGE('',*,*,#8127,.F.);
#11044=ORIENTED_EDGE('',*,*,#8128,.T.);
#11045=ORIENTED_EDGE('',*,*,#8127,.T.);
#11046=ORIENTED_EDGE('',*,*,#8129,.F.);
#11047=ORIENTED_EDGE('',*,*,#8130,.F.);
#11048=ORIENTED_EDGE('',*,*,#8131,.T.);
#11049=ORIENTED_EDGE('',*,*,#8130,.T.);
#11050=ORIENTED_EDGE('',*,*,#8132,.F.);
#11051=ORIENTED_EDGE('',*,*,#8133,.F.);
#11052=ORIENTED_EDGE('',*,*,#8134,.T.);
#11053=ORIENTED_EDGE('',*,*,#8133,.T.);
#11054=ORIENTED_EDGE('',*,*,#8135,.F.);
#11055=ORIENTED_EDGE('',*,*,#8136,.F.);
#11056=ORIENTED_EDGE('',*,*,#8137,.T.);
#11057=ORIENTED_EDGE('',*,*,#8136,.T.);
#11058=ORIENTED_EDGE('',*,*,#8138,.F.);
#11059=ORIENTED_EDGE('',*,*,#8139,.F.);
#11060=ORIENTED_EDGE('',*,*,#8140,.T.);
#11061=ORIENTED_EDGE('',*,*,#8139,.T.);
#11062=ORIENTED_EDGE('',*,*,#8141,.F.);
#11063=ORIENTED_EDGE('',*,*,#8142,.F.);
#11064=ORIENTED_EDGE('',*,*,#8143,.T.);
#11065=ORIENTED_EDGE('',*,*,#8142,.T.);
#11066=ORIENTED_EDGE('',*,*,#8144,.F.);
#11067=ORIENTED_EDGE('',*,*,#8145,.F.);
#11068=ORIENTED_EDGE('',*,*,#8146,.T.);
#11069=ORIENTED_EDGE('',*,*,#8145,.T.);
#11070=ORIENTED_EDGE('',*,*,#8147,.F.);
#11071=ORIENTED_EDGE('',*,*,#8148,.F.);
#11072=ORIENTED_EDGE('',*,*,#8149,.T.);
#11073=ORIENTED_EDGE('',*,*,#8148,.T.);
#11074=ORIENTED_EDGE('',*,*,#8150,.F.);
#11075=ORIENTED_EDGE('',*,*,#8151,.F.);
#11076=ORIENTED_EDGE('',*,*,#8152,.T.);
#11077=ORIENTED_EDGE('',*,*,#8151,.T.);
#11078=ORIENTED_EDGE('',*,*,#8153,.F.);
#11079=ORIENTED_EDGE('',*,*,#8154,.F.);
#11080=ORIENTED_EDGE('',*,*,#8155,.T.);
#11081=ORIENTED_EDGE('',*,*,#8154,.T.);
#11082=ORIENTED_EDGE('',*,*,#8156,.F.);
#11083=ORIENTED_EDGE('',*,*,#8157,.F.);
#11084=ORIENTED_EDGE('',*,*,#8158,.T.);
#11085=ORIENTED_EDGE('',*,*,#8157,.T.);
#11086=ORIENTED_EDGE('',*,*,#8159,.F.);
#11087=ORIENTED_EDGE('',*,*,#8160,.F.);
#11088=ORIENTED_EDGE('',*,*,#8161,.T.);
#11089=ORIENTED_EDGE('',*,*,#8160,.T.);
#11090=ORIENTED_EDGE('',*,*,#8162,.F.);
#11091=ORIENTED_EDGE('',*,*,#8163,.F.);
#11092=ORIENTED_EDGE('',*,*,#8164,.T.);
#11093=ORIENTED_EDGE('',*,*,#8163,.T.);
#11094=ORIENTED_EDGE('',*,*,#8165,.F.);
#11095=ORIENTED_EDGE('',*,*,#8166,.F.);
#11096=ORIENTED_EDGE('',*,*,#8167,.T.);
#11097=ORIENTED_EDGE('',*,*,#8166,.T.);
#11098=ORIENTED_EDGE('',*,*,#8168,.F.);
#11099=ORIENTED_EDGE('',*,*,#8169,.F.);
#11100=ORIENTED_EDGE('',*,*,#8170,.T.);
#11101=ORIENTED_EDGE('',*,*,#8169,.T.);
#11102=ORIENTED_EDGE('',*,*,#8171,.F.);
#11103=ORIENTED_EDGE('',*,*,#8172,.F.);
#11104=ORIENTED_EDGE('',*,*,#8173,.T.);
#11105=ORIENTED_EDGE('',*,*,#8172,.T.);
#11106=ORIENTED_EDGE('',*,*,#8174,.F.);
#11107=ORIENTED_EDGE('',*,*,#8175,.F.);
#11108=ORIENTED_EDGE('',*,*,#8176,.T.);
#11109=ORIENTED_EDGE('',*,*,#8175,.T.);
#11110=ORIENTED_EDGE('',*,*,#8177,.F.);
#11111=ORIENTED_EDGE('',*,*,#8178,.F.);
#11112=ORIENTED_EDGE('',*,*,#8179,.T.);
#11113=ORIENTED_EDGE('',*,*,#8178,.T.);
#11114=ORIENTED_EDGE('',*,*,#8180,.F.);
#11115=ORIENTED_EDGE('',*,*,#8181,.F.);
#11116=ORIENTED_EDGE('',*,*,#8182,.T.);
#11117=ORIENTED_EDGE('',*,*,#8181,.T.);
#11118=ORIENTED_EDGE('',*,*,#8183,.F.);
#11119=ORIENTED_EDGE('',*,*,#8184,.F.);
#11120=ORIENTED_EDGE('',*,*,#8185,.T.);
#11121=ORIENTED_EDGE('',*,*,#8184,.T.);
#11122=ORIENTED_EDGE('',*,*,#8186,.F.);
#11123=ORIENTED_EDGE('',*,*,#8187,.F.);
#11124=ORIENTED_EDGE('',*,*,#8188,.T.);
#11125=ORIENTED_EDGE('',*,*,#8187,.T.);
#11126=ORIENTED_EDGE('',*,*,#8189,.F.);
#11127=ORIENTED_EDGE('',*,*,#8190,.F.);
#11128=ORIENTED_EDGE('',*,*,#8191,.T.);
#11129=ORIENTED_EDGE('',*,*,#8190,.T.);
#11130=ORIENTED_EDGE('',*,*,#8192,.F.);
#11131=ORIENTED_EDGE('',*,*,#8193,.F.);
#11132=ORIENTED_EDGE('',*,*,#8194,.T.);
#11133=ORIENTED_EDGE('',*,*,#8193,.T.);
#11134=ORIENTED_EDGE('',*,*,#8195,.F.);
#11135=ORIENTED_EDGE('',*,*,#8196,.F.);
#11136=ORIENTED_EDGE('',*,*,#8197,.T.);
#11137=ORIENTED_EDGE('',*,*,#8196,.T.);
#11138=ORIENTED_EDGE('',*,*,#8198,.F.);
#11139=ORIENTED_EDGE('',*,*,#8199,.F.);
#11140=ORIENTED_EDGE('',*,*,#8200,.T.);
#11141=ORIENTED_EDGE('',*,*,#8199,.T.);
#11142=ORIENTED_EDGE('',*,*,#8201,.F.);
#11143=ORIENTED_EDGE('',*,*,#8202,.F.);
#11144=ORIENTED_EDGE('',*,*,#8203,.T.);
#11145=ORIENTED_EDGE('',*,*,#8202,.T.);
#11146=ORIENTED_EDGE('',*,*,#8204,.F.);
#11147=ORIENTED_EDGE('',*,*,#8205,.F.);
#11148=ORIENTED_EDGE('',*,*,#8206,.T.);
#11149=ORIENTED_EDGE('',*,*,#8205,.T.);
#11150=ORIENTED_EDGE('',*,*,#8207,.F.);
#11151=ORIENTED_EDGE('',*,*,#8208,.F.);
#11152=ORIENTED_EDGE('',*,*,#8209,.T.);
#11153=ORIENTED_EDGE('',*,*,#8208,.T.);
#11154=ORIENTED_EDGE('',*,*,#8210,.F.);
#11155=ORIENTED_EDGE('',*,*,#8211,.F.);
#11156=ORIENTED_EDGE('',*,*,#8212,.T.);
#11157=ORIENTED_EDGE('',*,*,#8211,.T.);
#11158=ORIENTED_EDGE('',*,*,#8213,.F.);
#11159=ORIENTED_EDGE('',*,*,#8214,.F.);
#11160=ORIENTED_EDGE('',*,*,#8215,.T.);
#11161=ORIENTED_EDGE('',*,*,#8214,.T.);
#11162=ORIENTED_EDGE('',*,*,#8216,.F.);
#11163=ORIENTED_EDGE('',*,*,#8217,.F.);
#11164=ORIENTED_EDGE('',*,*,#8218,.T.);
#11165=ORIENTED_EDGE('',*,*,#8217,.T.);
#11166=ORIENTED_EDGE('',*,*,#8219,.F.);
#11167=ORIENTED_EDGE('',*,*,#8220,.F.);
#11168=ORIENTED_EDGE('',*,*,#8221,.T.);
#11169=ORIENTED_EDGE('',*,*,#8220,.T.);
#11170=ORIENTED_EDGE('',*,*,#8222,.F.);
#11171=ORIENTED_EDGE('',*,*,#8223,.F.);
#11172=ORIENTED_EDGE('',*,*,#8224,.T.);
#11173=ORIENTED_EDGE('',*,*,#8223,.T.);
#11174=ORIENTED_EDGE('',*,*,#8225,.F.);
#11175=ORIENTED_EDGE('',*,*,#8226,.F.);
#11176=ORIENTED_EDGE('',*,*,#8227,.T.);
#11177=ORIENTED_EDGE('',*,*,#8226,.T.);
#11178=ORIENTED_EDGE('',*,*,#8228,.F.);
#11179=ORIENTED_EDGE('',*,*,#8229,.F.);
#11180=ORIENTED_EDGE('',*,*,#8230,.T.);
#11181=ORIENTED_EDGE('',*,*,#8229,.T.);
#11182=ORIENTED_EDGE('',*,*,#8231,.F.);
#11183=ORIENTED_EDGE('',*,*,#8232,.F.);
#11184=ORIENTED_EDGE('',*,*,#8233,.T.);
#11185=ORIENTED_EDGE('',*,*,#8232,.T.);
#11186=ORIENTED_EDGE('',*,*,#8234,.F.);
#11187=ORIENTED_EDGE('',*,*,#8235,.F.);
#11188=ORIENTED_EDGE('',*,*,#8236,.T.);
#11189=ORIENTED_EDGE('',*,*,#8235,.T.);
#11190=ORIENTED_EDGE('',*,*,#8237,.F.);
#11191=ORIENTED_EDGE('',*,*,#8238,.F.);
#11192=ORIENTED_EDGE('',*,*,#8239,.T.);
#11193=ORIENTED_EDGE('',*,*,#8238,.T.);
#11194=ORIENTED_EDGE('',*,*,#8240,.F.);
#11195=ORIENTED_EDGE('',*,*,#8241,.F.);
#11196=ORIENTED_EDGE('',*,*,#8242,.T.);
#11197=ORIENTED_EDGE('',*,*,#8241,.T.);
#11198=ORIENTED_EDGE('',*,*,#8243,.F.);
#11199=ORIENTED_EDGE('',*,*,#8244,.F.);
#11200=ORIENTED_EDGE('',*,*,#8245,.T.);
#11201=ORIENTED_EDGE('',*,*,#8244,.T.);
#11202=ORIENTED_EDGE('',*,*,#8246,.F.);
#11203=ORIENTED_EDGE('',*,*,#8247,.F.);
#11204=ORIENTED_EDGE('',*,*,#8248,.T.);
#11205=ORIENTED_EDGE('',*,*,#8247,.T.);
#11206=ORIENTED_EDGE('',*,*,#8249,.F.);
#11207=ORIENTED_EDGE('',*,*,#8250,.F.);
#11208=ORIENTED_EDGE('',*,*,#8251,.T.);
#11209=ORIENTED_EDGE('',*,*,#8250,.T.);
#11210=ORIENTED_EDGE('',*,*,#8252,.F.);
#11211=ORIENTED_EDGE('',*,*,#8253,.F.);
#11212=ORIENTED_EDGE('',*,*,#8254,.T.);
#11213=ORIENTED_EDGE('',*,*,#8253,.T.);
#11214=ORIENTED_EDGE('',*,*,#8255,.F.);
#11215=ORIENTED_EDGE('',*,*,#8256,.F.);
#11216=ORIENTED_EDGE('',*,*,#8257,.T.);
#11217=ORIENTED_EDGE('',*,*,#8256,.T.);
#11218=ORIENTED_EDGE('',*,*,#8258,.F.);
#11219=ORIENTED_EDGE('',*,*,#8116,.F.);
#11220=ORIENTED_EDGE('',*,*,#8258,.T.);
#11221=ORIENTED_EDGE('',*,*,#8255,.T.);
#11222=ORIENTED_EDGE('',*,*,#8252,.T.);
#11223=ORIENTED_EDGE('',*,*,#8249,.T.);
#11224=ORIENTED_EDGE('',*,*,#8246,.T.);
#11225=ORIENTED_EDGE('',*,*,#8243,.T.);
#11226=ORIENTED_EDGE('',*,*,#8240,.T.);
#11227=ORIENTED_EDGE('',*,*,#8237,.T.);
#11228=ORIENTED_EDGE('',*,*,#8234,.T.);
#11229=ORIENTED_EDGE('',*,*,#8231,.T.);
#11230=ORIENTED_EDGE('',*,*,#8228,.T.);
#11231=ORIENTED_EDGE('',*,*,#8225,.T.);
#11232=ORIENTED_EDGE('',*,*,#8222,.T.);
#11233=ORIENTED_EDGE('',*,*,#8219,.T.);
#11234=ORIENTED_EDGE('',*,*,#8216,.T.);
#11235=ORIENTED_EDGE('',*,*,#8213,.T.);
#11236=ORIENTED_EDGE('',*,*,#8210,.T.);
#11237=ORIENTED_EDGE('',*,*,#8207,.T.);
#11238=ORIENTED_EDGE('',*,*,#8204,.T.);
#11239=ORIENTED_EDGE('',*,*,#8201,.T.);
#11240=ORIENTED_EDGE('',*,*,#8198,.T.);
#11241=ORIENTED_EDGE('',*,*,#8195,.T.);
#11242=ORIENTED_EDGE('',*,*,#8192,.T.);
#11243=ORIENTED_EDGE('',*,*,#8189,.T.);
#11244=ORIENTED_EDGE('',*,*,#8186,.T.);
#11245=ORIENTED_EDGE('',*,*,#8183,.T.);
#11246=ORIENTED_EDGE('',*,*,#8180,.T.);
#11247=ORIENTED_EDGE('',*,*,#8177,.T.);
#11248=ORIENTED_EDGE('',*,*,#8174,.T.);
#11249=ORIENTED_EDGE('',*,*,#8171,.T.);
#11250=ORIENTED_EDGE('',*,*,#8168,.T.);
#11251=ORIENTED_EDGE('',*,*,#8165,.T.);
#11252=ORIENTED_EDGE('',*,*,#8162,.T.);
#11253=ORIENTED_EDGE('',*,*,#8159,.T.);
#11254=ORIENTED_EDGE('',*,*,#8156,.T.);
#11255=ORIENTED_EDGE('',*,*,#8153,.T.);
#11256=ORIENTED_EDGE('',*,*,#8150,.T.);
#11257=ORIENTED_EDGE('',*,*,#8147,.T.);
#11258=ORIENTED_EDGE('',*,*,#8144,.T.);
#11259=ORIENTED_EDGE('',*,*,#8141,.T.);
#11260=ORIENTED_EDGE('',*,*,#8138,.T.);
#11261=ORIENTED_EDGE('',*,*,#8135,.T.);
#11262=ORIENTED_EDGE('',*,*,#8132,.T.);
#11263=ORIENTED_EDGE('',*,*,#8129,.T.);
#11264=ORIENTED_EDGE('',*,*,#8126,.T.);
#11265=ORIENTED_EDGE('',*,*,#8123,.T.);
#11266=ORIENTED_EDGE('',*,*,#8120,.T.);
#11267=ORIENTED_EDGE('',*,*,#8117,.T.);
#11268=ORIENTED_EDGE('',*,*,#8112,.T.);
#11269=ORIENTED_EDGE('',*,*,#8257,.F.);
#11270=ORIENTED_EDGE('',*,*,#8115,.F.);
#11271=ORIENTED_EDGE('',*,*,#8119,.F.);
#11272=ORIENTED_EDGE('',*,*,#8122,.F.);
#11273=ORIENTED_EDGE('',*,*,#8125,.F.);
#11274=ORIENTED_EDGE('',*,*,#8128,.F.);
#11275=ORIENTED_EDGE('',*,*,#8131,.F.);
#11276=ORIENTED_EDGE('',*,*,#8134,.F.);
#11277=ORIENTED_EDGE('',*,*,#8137,.F.);
#11278=ORIENTED_EDGE('',*,*,#8140,.F.);
#11279=ORIENTED_EDGE('',*,*,#8143,.F.);
#11280=ORIENTED_EDGE('',*,*,#8146,.F.);
#11281=ORIENTED_EDGE('',*,*,#8149,.F.);
#11282=ORIENTED_EDGE('',*,*,#8152,.F.);
#11283=ORIENTED_EDGE('',*,*,#8155,.F.);
#11284=ORIENTED_EDGE('',*,*,#8158,.F.);
#11285=ORIENTED_EDGE('',*,*,#8161,.F.);
#11286=ORIENTED_EDGE('',*,*,#8164,.F.);
#11287=ORIENTED_EDGE('',*,*,#8167,.F.);
#11288=ORIENTED_EDGE('',*,*,#8170,.F.);
#11289=ORIENTED_EDGE('',*,*,#8173,.F.);
#11290=ORIENTED_EDGE('',*,*,#8176,.F.);
#11291=ORIENTED_EDGE('',*,*,#8179,.F.);
#11292=ORIENTED_EDGE('',*,*,#8182,.F.);
#11293=ORIENTED_EDGE('',*,*,#8185,.F.);
#11294=ORIENTED_EDGE('',*,*,#8188,.F.);
#11295=ORIENTED_EDGE('',*,*,#8191,.F.);
#11296=ORIENTED_EDGE('',*,*,#8194,.F.);
#11297=ORIENTED_EDGE('',*,*,#8197,.F.);
#11298=ORIENTED_EDGE('',*,*,#8200,.F.);
#11299=ORIENTED_EDGE('',*,*,#8203,.F.);
#11300=ORIENTED_EDGE('',*,*,#8206,.F.);
#11301=ORIENTED_EDGE('',*,*,#8209,.F.);
#11302=ORIENTED_EDGE('',*,*,#8212,.F.);
#11303=ORIENTED_EDGE('',*,*,#8215,.F.);
#11304=ORIENTED_EDGE('',*,*,#8218,.F.);
#11305=ORIENTED_EDGE('',*,*,#8221,.F.);
#11306=ORIENTED_EDGE('',*,*,#8224,.F.);
#11307=ORIENTED_EDGE('',*,*,#8227,.F.);
#11308=ORIENTED_EDGE('',*,*,#8230,.F.);
#11309=ORIENTED_EDGE('',*,*,#8233,.F.);
#11310=ORIENTED_EDGE('',*,*,#8236,.F.);
#11311=ORIENTED_EDGE('',*,*,#8239,.F.);
#11312=ORIENTED_EDGE('',*,*,#8242,.F.);
#11313=ORIENTED_EDGE('',*,*,#8245,.F.);
#11314=ORIENTED_EDGE('',*,*,#8248,.F.);
#11315=ORIENTED_EDGE('',*,*,#8251,.F.);
#11316=ORIENTED_EDGE('',*,*,#8254,.F.);
#11317=ORIENTED_EDGE('',*,*,#8114,.F.);
#11318=ORIENTED_EDGE('',*,*,#8259,.F.);
#11319=ORIENTED_EDGE('',*,*,#8260,.T.);
#11320=ORIENTED_EDGE('',*,*,#8261,.T.);
#11321=ORIENTED_EDGE('',*,*,#8260,.F.);
#11322=ORIENTED_EDGE('',*,*,#8262,.F.);
#11323=ORIENTED_EDGE('',*,*,#8263,.T.);
#11324=ORIENTED_EDGE('',*,*,#8264,.F.);
#11325=ORIENTED_EDGE('',*,*,#8265,.F.);
#11326=ORIENTED_EDGE('',*,*,#8266,.F.);
#11327=ORIENTED_EDGE('',*,*,#8265,.T.);
#11328=ORIENTED_EDGE('',*,*,#8267,.F.);
#11329=ORIENTED_EDGE('',*,*,#8268,.F.);
#11330=ORIENTED_EDGE('',*,*,#8269,.F.);
#11331=ORIENTED_EDGE('',*,*,#8268,.T.);
#11332=ORIENTED_EDGE('',*,*,#8270,.F.);
#11333=ORIENTED_EDGE('',*,*,#8271,.F.);
#11334=ORIENTED_EDGE('',*,*,#8272,.F.);
#11335=ORIENTED_EDGE('',*,*,#8271,.T.);
#11336=ORIENTED_EDGE('',*,*,#8273,.F.);
#11337=ORIENTED_EDGE('',*,*,#8274,.F.);
#11338=ORIENTED_EDGE('',*,*,#8275,.F.);
#11339=ORIENTED_EDGE('',*,*,#8274,.T.);
#11340=ORIENTED_EDGE('',*,*,#8276,.F.);
#11341=ORIENTED_EDGE('',*,*,#8277,.F.);
#11342=ORIENTED_EDGE('',*,*,#8278,.F.);
#11343=ORIENTED_EDGE('',*,*,#8277,.T.);
#11344=ORIENTED_EDGE('',*,*,#8279,.F.);
#11345=ORIENTED_EDGE('',*,*,#8280,.F.);
#11346=ORIENTED_EDGE('',*,*,#8281,.F.);
#11347=ORIENTED_EDGE('',*,*,#8280,.T.);
#11348=ORIENTED_EDGE('',*,*,#8282,.F.);
#11349=ORIENTED_EDGE('',*,*,#8283,.F.);
#11350=ORIENTED_EDGE('',*,*,#8284,.F.);
#11351=ORIENTED_EDGE('',*,*,#8283,.T.);
#11352=ORIENTED_EDGE('',*,*,#8285,.F.);
#11353=ORIENTED_EDGE('',*,*,#8286,.F.);
#11354=ORIENTED_EDGE('',*,*,#8287,.F.);
#11355=ORIENTED_EDGE('',*,*,#8286,.T.);
#11356=ORIENTED_EDGE('',*,*,#8288,.F.);
#11357=ORIENTED_EDGE('',*,*,#8289,.F.);
#11358=ORIENTED_EDGE('',*,*,#8290,.F.);
#11359=ORIENTED_EDGE('',*,*,#8289,.T.);
#11360=ORIENTED_EDGE('',*,*,#8291,.F.);
#11361=ORIENTED_EDGE('',*,*,#8292,.F.);
#11362=ORIENTED_EDGE('',*,*,#8293,.F.);
#11363=ORIENTED_EDGE('',*,*,#8292,.T.);
#11364=ORIENTED_EDGE('',*,*,#8294,.F.);
#11365=ORIENTED_EDGE('',*,*,#8295,.F.);
#11366=ORIENTED_EDGE('',*,*,#8296,.F.);
#11367=ORIENTED_EDGE('',*,*,#8295,.T.);
#11368=ORIENTED_EDGE('',*,*,#8297,.F.);
#11369=ORIENTED_EDGE('',*,*,#8298,.F.);
#11370=ORIENTED_EDGE('',*,*,#8299,.F.);
#11371=ORIENTED_EDGE('',*,*,#8298,.T.);
#11372=ORIENTED_EDGE('',*,*,#8300,.F.);
#11373=ORIENTED_EDGE('',*,*,#8301,.F.);
#11374=ORIENTED_EDGE('',*,*,#8302,.F.);
#11375=ORIENTED_EDGE('',*,*,#8301,.T.);
#11376=ORIENTED_EDGE('',*,*,#8303,.F.);
#11377=ORIENTED_EDGE('',*,*,#8304,.F.);
#11378=ORIENTED_EDGE('',*,*,#8305,.F.);
#11379=ORIENTED_EDGE('',*,*,#8304,.T.);
#11380=ORIENTED_EDGE('',*,*,#8306,.F.);
#11381=ORIENTED_EDGE('',*,*,#8307,.F.);
#11382=ORIENTED_EDGE('',*,*,#8308,.F.);
#11383=ORIENTED_EDGE('',*,*,#8307,.T.);
#11384=ORIENTED_EDGE('',*,*,#8309,.F.);
#11385=ORIENTED_EDGE('',*,*,#8310,.F.);
#11386=ORIENTED_EDGE('',*,*,#8311,.F.);
#11387=ORIENTED_EDGE('',*,*,#8310,.T.);
#11388=ORIENTED_EDGE('',*,*,#8312,.F.);
#11389=ORIENTED_EDGE('',*,*,#8313,.F.);
#11390=ORIENTED_EDGE('',*,*,#8314,.F.);
#11391=ORIENTED_EDGE('',*,*,#8313,.T.);
#11392=ORIENTED_EDGE('',*,*,#8315,.F.);
#11393=ORIENTED_EDGE('',*,*,#8316,.F.);
#11394=ORIENTED_EDGE('',*,*,#8317,.F.);
#11395=ORIENTED_EDGE('',*,*,#8316,.T.);
#11396=ORIENTED_EDGE('',*,*,#8318,.F.);
#11397=ORIENTED_EDGE('',*,*,#8319,.F.);
#11398=ORIENTED_EDGE('',*,*,#8320,.F.);
#11399=ORIENTED_EDGE('',*,*,#8319,.T.);
#11400=ORIENTED_EDGE('',*,*,#8321,.F.);
#11401=ORIENTED_EDGE('',*,*,#8322,.F.);
#11402=ORIENTED_EDGE('',*,*,#8323,.F.);
#11403=ORIENTED_EDGE('',*,*,#8322,.T.);
#11404=ORIENTED_EDGE('',*,*,#8324,.F.);
#11405=ORIENTED_EDGE('',*,*,#8325,.F.);
#11406=ORIENTED_EDGE('',*,*,#8326,.F.);
#11407=ORIENTED_EDGE('',*,*,#8325,.T.);
#11408=ORIENTED_EDGE('',*,*,#8327,.F.);
#11409=ORIENTED_EDGE('',*,*,#8328,.F.);
#11410=ORIENTED_EDGE('',*,*,#8329,.F.);
#11411=ORIENTED_EDGE('',*,*,#8328,.T.);
#11412=ORIENTED_EDGE('',*,*,#8330,.F.);
#11413=ORIENTED_EDGE('',*,*,#8331,.F.);
#11414=ORIENTED_EDGE('',*,*,#8332,.F.);
#11415=ORIENTED_EDGE('',*,*,#8331,.T.);
#11416=ORIENTED_EDGE('',*,*,#8333,.F.);
#11417=ORIENTED_EDGE('',*,*,#8334,.F.);
#11418=ORIENTED_EDGE('',*,*,#8335,.F.);
#11419=ORIENTED_EDGE('',*,*,#8334,.T.);
#11420=ORIENTED_EDGE('',*,*,#8336,.F.);
#11421=ORIENTED_EDGE('',*,*,#8337,.F.);
#11422=ORIENTED_EDGE('',*,*,#8338,.F.);
#11423=ORIENTED_EDGE('',*,*,#8337,.T.);
#11424=ORIENTED_EDGE('',*,*,#8339,.F.);
#11425=ORIENTED_EDGE('',*,*,#8340,.F.);
#11426=ORIENTED_EDGE('',*,*,#8341,.F.);
#11427=ORIENTED_EDGE('',*,*,#8340,.T.);
#11428=ORIENTED_EDGE('',*,*,#8342,.F.);
#11429=ORIENTED_EDGE('',*,*,#8343,.F.);
#11430=ORIENTED_EDGE('',*,*,#8344,.F.);
#11431=ORIENTED_EDGE('',*,*,#8343,.T.);
#11432=ORIENTED_EDGE('',*,*,#8345,.F.);
#11433=ORIENTED_EDGE('',*,*,#8346,.F.);
#11434=ORIENTED_EDGE('',*,*,#8347,.F.);
#11435=ORIENTED_EDGE('',*,*,#8346,.T.);
#11436=ORIENTED_EDGE('',*,*,#8348,.F.);
#11437=ORIENTED_EDGE('',*,*,#8349,.F.);
#11438=ORIENTED_EDGE('',*,*,#8350,.F.);
#11439=ORIENTED_EDGE('',*,*,#8349,.T.);
#11440=ORIENTED_EDGE('',*,*,#8351,.F.);
#11441=ORIENTED_EDGE('',*,*,#8352,.F.);
#11442=ORIENTED_EDGE('',*,*,#8353,.F.);
#11443=ORIENTED_EDGE('',*,*,#8352,.T.);
#11444=ORIENTED_EDGE('',*,*,#8354,.F.);
#11445=ORIENTED_EDGE('',*,*,#8355,.F.);
#11446=ORIENTED_EDGE('',*,*,#8356,.F.);
#11447=ORIENTED_EDGE('',*,*,#8355,.T.);
#11448=ORIENTED_EDGE('',*,*,#8357,.F.);
#11449=ORIENTED_EDGE('',*,*,#8358,.F.);
#11450=ORIENTED_EDGE('',*,*,#8359,.F.);
#11451=ORIENTED_EDGE('',*,*,#8358,.T.);
#11452=ORIENTED_EDGE('',*,*,#8360,.F.);
#11453=ORIENTED_EDGE('',*,*,#8361,.F.);
#11454=ORIENTED_EDGE('',*,*,#8362,.F.);
#11455=ORIENTED_EDGE('',*,*,#8361,.T.);
#11456=ORIENTED_EDGE('',*,*,#8363,.F.);
#11457=ORIENTED_EDGE('',*,*,#8364,.F.);
#11458=ORIENTED_EDGE('',*,*,#8365,.F.);
#11459=ORIENTED_EDGE('',*,*,#8364,.T.);
#11460=ORIENTED_EDGE('',*,*,#8366,.F.);
#11461=ORIENTED_EDGE('',*,*,#8367,.F.);
#11462=ORIENTED_EDGE('',*,*,#8368,.F.);
#11463=ORIENTED_EDGE('',*,*,#8367,.T.);
#11464=ORIENTED_EDGE('',*,*,#8369,.F.);
#11465=ORIENTED_EDGE('',*,*,#8370,.F.);
#11466=ORIENTED_EDGE('',*,*,#8371,.F.);
#11467=ORIENTED_EDGE('',*,*,#8370,.T.);
#11468=ORIENTED_EDGE('',*,*,#8372,.F.);
#11469=ORIENTED_EDGE('',*,*,#8373,.F.);
#11470=ORIENTED_EDGE('',*,*,#8374,.F.);
#11471=ORIENTED_EDGE('',*,*,#8373,.T.);
#11472=ORIENTED_EDGE('',*,*,#8375,.F.);
#11473=ORIENTED_EDGE('',*,*,#8376,.F.);
#11474=ORIENTED_EDGE('',*,*,#8377,.F.);
#11475=ORIENTED_EDGE('',*,*,#8376,.T.);
#11476=ORIENTED_EDGE('',*,*,#8378,.F.);
#11477=ORIENTED_EDGE('',*,*,#8379,.F.);
#11478=ORIENTED_EDGE('',*,*,#8380,.F.);
#11479=ORIENTED_EDGE('',*,*,#8379,.T.);
#11480=ORIENTED_EDGE('',*,*,#8381,.F.);
#11481=ORIENTED_EDGE('',*,*,#8382,.F.);
#11482=ORIENTED_EDGE('',*,*,#8383,.F.);
#11483=ORIENTED_EDGE('',*,*,#8382,.T.);
#11484=ORIENTED_EDGE('',*,*,#8384,.F.);
#11485=ORIENTED_EDGE('',*,*,#8385,.F.);
#11486=ORIENTED_EDGE('',*,*,#8386,.F.);
#11487=ORIENTED_EDGE('',*,*,#8385,.T.);
#11488=ORIENTED_EDGE('',*,*,#8387,.F.);
#11489=ORIENTED_EDGE('',*,*,#8388,.F.);
#11490=ORIENTED_EDGE('',*,*,#8389,.F.);
#11491=ORIENTED_EDGE('',*,*,#8388,.T.);
#11492=ORIENTED_EDGE('',*,*,#8390,.F.);
#11493=ORIENTED_EDGE('',*,*,#8391,.F.);
#11494=ORIENTED_EDGE('',*,*,#8392,.F.);
#11495=ORIENTED_EDGE('',*,*,#8391,.T.);
#11496=ORIENTED_EDGE('',*,*,#8393,.F.);
#11497=ORIENTED_EDGE('',*,*,#8394,.F.);
#11498=ORIENTED_EDGE('',*,*,#8395,.F.);
#11499=ORIENTED_EDGE('',*,*,#8394,.T.);
#11500=ORIENTED_EDGE('',*,*,#8396,.F.);
#11501=ORIENTED_EDGE('',*,*,#8397,.F.);
#11502=ORIENTED_EDGE('',*,*,#8398,.F.);
#11503=ORIENTED_EDGE('',*,*,#8397,.T.);
#11504=ORIENTED_EDGE('',*,*,#8399,.F.);
#11505=ORIENTED_EDGE('',*,*,#8400,.F.);
#11506=ORIENTED_EDGE('',*,*,#8401,.F.);
#11507=ORIENTED_EDGE('',*,*,#8400,.T.);
#11508=ORIENTED_EDGE('',*,*,#8402,.F.);
#11509=ORIENTED_EDGE('',*,*,#8403,.F.);
#11510=ORIENTED_EDGE('',*,*,#8404,.F.);
#11511=ORIENTED_EDGE('',*,*,#8403,.T.);
#11512=ORIENTED_EDGE('',*,*,#8405,.F.);
#11513=ORIENTED_EDGE('',*,*,#8263,.F.);
#11514=ORIENTED_EDGE('',*,*,#8405,.T.);
#11515=ORIENTED_EDGE('',*,*,#8402,.T.);
#11516=ORIENTED_EDGE('',*,*,#8399,.T.);
#11517=ORIENTED_EDGE('',*,*,#8396,.T.);
#11518=ORIENTED_EDGE('',*,*,#8393,.T.);
#11519=ORIENTED_EDGE('',*,*,#8390,.T.);
#11520=ORIENTED_EDGE('',*,*,#8387,.T.);
#11521=ORIENTED_EDGE('',*,*,#8384,.T.);
#11522=ORIENTED_EDGE('',*,*,#8381,.T.);
#11523=ORIENTED_EDGE('',*,*,#8378,.T.);
#11524=ORIENTED_EDGE('',*,*,#8375,.T.);
#11525=ORIENTED_EDGE('',*,*,#8372,.T.);
#11526=ORIENTED_EDGE('',*,*,#8369,.T.);
#11527=ORIENTED_EDGE('',*,*,#8366,.T.);
#11528=ORIENTED_EDGE('',*,*,#8363,.T.);
#11529=ORIENTED_EDGE('',*,*,#8360,.T.);
#11530=ORIENTED_EDGE('',*,*,#8357,.T.);
#11531=ORIENTED_EDGE('',*,*,#8354,.T.);
#11532=ORIENTED_EDGE('',*,*,#8351,.T.);
#11533=ORIENTED_EDGE('',*,*,#8348,.T.);
#11534=ORIENTED_EDGE('',*,*,#8345,.T.);
#11535=ORIENTED_EDGE('',*,*,#8342,.T.);
#11536=ORIENTED_EDGE('',*,*,#8339,.T.);
#11537=ORIENTED_EDGE('',*,*,#8336,.T.);
#11538=ORIENTED_EDGE('',*,*,#8333,.T.);
#11539=ORIENTED_EDGE('',*,*,#8330,.T.);
#11540=ORIENTED_EDGE('',*,*,#8327,.T.);
#11541=ORIENTED_EDGE('',*,*,#8324,.T.);
#11542=ORIENTED_EDGE('',*,*,#8321,.T.);
#11543=ORIENTED_EDGE('',*,*,#8318,.T.);
#11544=ORIENTED_EDGE('',*,*,#8315,.T.);
#11545=ORIENTED_EDGE('',*,*,#8312,.T.);
#11546=ORIENTED_EDGE('',*,*,#8309,.T.);
#11547=ORIENTED_EDGE('',*,*,#8306,.T.);
#11548=ORIENTED_EDGE('',*,*,#8303,.T.);
#11549=ORIENTED_EDGE('',*,*,#8300,.T.);
#11550=ORIENTED_EDGE('',*,*,#8297,.T.);
#11551=ORIENTED_EDGE('',*,*,#8294,.T.);
#11552=ORIENTED_EDGE('',*,*,#8291,.T.);
#11553=ORIENTED_EDGE('',*,*,#8288,.T.);
#11554=ORIENTED_EDGE('',*,*,#8285,.T.);
#11555=ORIENTED_EDGE('',*,*,#8282,.T.);
#11556=ORIENTED_EDGE('',*,*,#8279,.T.);
#11557=ORIENTED_EDGE('',*,*,#8276,.T.);
#11558=ORIENTED_EDGE('',*,*,#8273,.T.);
#11559=ORIENTED_EDGE('',*,*,#8270,.T.);
#11560=ORIENTED_EDGE('',*,*,#8267,.T.);
#11561=ORIENTED_EDGE('',*,*,#8264,.T.);
#11562=ORIENTED_EDGE('',*,*,#8259,.T.);
#11563=ORIENTED_EDGE('',*,*,#8404,.T.);
#11564=ORIENTED_EDGE('',*,*,#8262,.T.);
#11565=ORIENTED_EDGE('',*,*,#8266,.T.);
#11566=ORIENTED_EDGE('',*,*,#8269,.T.);
#11567=ORIENTED_EDGE('',*,*,#8272,.T.);
#11568=ORIENTED_EDGE('',*,*,#8275,.T.);
#11569=ORIENTED_EDGE('',*,*,#8278,.T.);
#11570=ORIENTED_EDGE('',*,*,#8281,.T.);
#11571=ORIENTED_EDGE('',*,*,#8284,.T.);
#11572=ORIENTED_EDGE('',*,*,#8287,.T.);
#11573=ORIENTED_EDGE('',*,*,#8290,.T.);
#11574=ORIENTED_EDGE('',*,*,#8293,.T.);
#11575=ORIENTED_EDGE('',*,*,#8296,.T.);
#11576=ORIENTED_EDGE('',*,*,#8299,.T.);
#11577=ORIENTED_EDGE('',*,*,#8302,.T.);
#11578=ORIENTED_EDGE('',*,*,#8305,.T.);
#11579=ORIENTED_EDGE('',*,*,#8308,.T.);
#11580=ORIENTED_EDGE('',*,*,#8311,.T.);
#11581=ORIENTED_EDGE('',*,*,#8314,.T.);
#11582=ORIENTED_EDGE('',*,*,#8317,.T.);
#11583=ORIENTED_EDGE('',*,*,#8320,.T.);
#11584=ORIENTED_EDGE('',*,*,#8323,.T.);
#11585=ORIENTED_EDGE('',*,*,#8326,.T.);
#11586=ORIENTED_EDGE('',*,*,#8329,.T.);
#11587=ORIENTED_EDGE('',*,*,#8332,.T.);
#11588=ORIENTED_EDGE('',*,*,#8335,.T.);
#11589=ORIENTED_EDGE('',*,*,#8338,.T.);
#11590=ORIENTED_EDGE('',*,*,#8341,.T.);
#11591=ORIENTED_EDGE('',*,*,#8344,.T.);
#11592=ORIENTED_EDGE('',*,*,#8347,.T.);
#11593=ORIENTED_EDGE('',*,*,#8350,.T.);
#11594=ORIENTED_EDGE('',*,*,#8353,.T.);
#11595=ORIENTED_EDGE('',*,*,#8356,.T.);
#11596=ORIENTED_EDGE('',*,*,#8359,.T.);
#11597=ORIENTED_EDGE('',*,*,#8362,.T.);
#11598=ORIENTED_EDGE('',*,*,#8365,.T.);
#11599=ORIENTED_EDGE('',*,*,#8368,.T.);
#11600=ORIENTED_EDGE('',*,*,#8371,.T.);
#11601=ORIENTED_EDGE('',*,*,#8374,.T.);
#11602=ORIENTED_EDGE('',*,*,#8377,.T.);
#11603=ORIENTED_EDGE('',*,*,#8380,.T.);
#11604=ORIENTED_EDGE('',*,*,#8383,.T.);
#11605=ORIENTED_EDGE('',*,*,#8386,.T.);
#11606=ORIENTED_EDGE('',*,*,#8389,.T.);
#11607=ORIENTED_EDGE('',*,*,#8392,.T.);
#11608=ORIENTED_EDGE('',*,*,#8395,.T.);
#11609=ORIENTED_EDGE('',*,*,#8398,.T.);
#11610=ORIENTED_EDGE('',*,*,#8401,.T.);
#11611=ORIENTED_EDGE('',*,*,#8261,.F.);
#11612=ORIENTED_EDGE('',*,*,#8406,.F.);
#11613=ORIENTED_EDGE('',*,*,#8407,.T.);
#11614=ORIENTED_EDGE('',*,*,#8408,.T.);
#11615=ORIENTED_EDGE('',*,*,#8407,.F.);
#11616=ORIENTED_EDGE('',*,*,#8409,.F.);
#11617=ORIENTED_EDGE('',*,*,#8410,.T.);
#11618=ORIENTED_EDGE('',*,*,#8411,.F.);
#11619=ORIENTED_EDGE('',*,*,#8412,.F.);
#11620=ORIENTED_EDGE('',*,*,#8413,.F.);
#11621=ORIENTED_EDGE('',*,*,#8412,.T.);
#11622=ORIENTED_EDGE('',*,*,#8414,.F.);
#11623=ORIENTED_EDGE('',*,*,#8415,.F.);
#11624=ORIENTED_EDGE('',*,*,#8416,.F.);
#11625=ORIENTED_EDGE('',*,*,#8415,.T.);
#11626=ORIENTED_EDGE('',*,*,#8417,.F.);
#11627=ORIENTED_EDGE('',*,*,#8418,.F.);
#11628=ORIENTED_EDGE('',*,*,#8419,.F.);
#11629=ORIENTED_EDGE('',*,*,#8418,.T.);
#11630=ORIENTED_EDGE('',*,*,#8420,.F.);
#11631=ORIENTED_EDGE('',*,*,#8421,.F.);
#11632=ORIENTED_EDGE('',*,*,#8422,.F.);
#11633=ORIENTED_EDGE('',*,*,#8421,.T.);
#11634=ORIENTED_EDGE('',*,*,#8423,.F.);
#11635=ORIENTED_EDGE('',*,*,#8424,.F.);
#11636=ORIENTED_EDGE('',*,*,#8425,.F.);
#11637=ORIENTED_EDGE('',*,*,#8424,.T.);
#11638=ORIENTED_EDGE('',*,*,#8426,.F.);
#11639=ORIENTED_EDGE('',*,*,#8427,.F.);
#11640=ORIENTED_EDGE('',*,*,#8428,.F.);
#11641=ORIENTED_EDGE('',*,*,#8427,.T.);
#11642=ORIENTED_EDGE('',*,*,#8429,.F.);
#11643=ORIENTED_EDGE('',*,*,#8430,.F.);
#11644=ORIENTED_EDGE('',*,*,#8431,.F.);
#11645=ORIENTED_EDGE('',*,*,#8430,.T.);
#11646=ORIENTED_EDGE('',*,*,#8432,.F.);
#11647=ORIENTED_EDGE('',*,*,#8433,.F.);
#11648=ORIENTED_EDGE('',*,*,#8434,.F.);
#11649=ORIENTED_EDGE('',*,*,#8433,.T.);
#11650=ORIENTED_EDGE('',*,*,#8435,.F.);
#11651=ORIENTED_EDGE('',*,*,#8436,.F.);
#11652=ORIENTED_EDGE('',*,*,#8437,.F.);
#11653=ORIENTED_EDGE('',*,*,#8436,.T.);
#11654=ORIENTED_EDGE('',*,*,#8438,.F.);
#11655=ORIENTED_EDGE('',*,*,#8439,.F.);
#11656=ORIENTED_EDGE('',*,*,#8440,.F.);
#11657=ORIENTED_EDGE('',*,*,#8439,.T.);
#11658=ORIENTED_EDGE('',*,*,#8441,.F.);
#11659=ORIENTED_EDGE('',*,*,#8442,.F.);
#11660=ORIENTED_EDGE('',*,*,#8443,.F.);
#11661=ORIENTED_EDGE('',*,*,#8442,.T.);
#11662=ORIENTED_EDGE('',*,*,#8444,.F.);
#11663=ORIENTED_EDGE('',*,*,#8445,.F.);
#11664=ORIENTED_EDGE('',*,*,#8446,.F.);
#11665=ORIENTED_EDGE('',*,*,#8445,.T.);
#11666=ORIENTED_EDGE('',*,*,#8447,.F.);
#11667=ORIENTED_EDGE('',*,*,#8448,.F.);
#11668=ORIENTED_EDGE('',*,*,#8449,.F.);
#11669=ORIENTED_EDGE('',*,*,#8448,.T.);
#11670=ORIENTED_EDGE('',*,*,#8450,.F.);
#11671=ORIENTED_EDGE('',*,*,#8451,.F.);
#11672=ORIENTED_EDGE('',*,*,#8452,.F.);
#11673=ORIENTED_EDGE('',*,*,#8451,.T.);
#11674=ORIENTED_EDGE('',*,*,#8453,.F.);
#11675=ORIENTED_EDGE('',*,*,#8454,.F.);
#11676=ORIENTED_EDGE('',*,*,#8455,.F.);
#11677=ORIENTED_EDGE('',*,*,#8454,.T.);
#11678=ORIENTED_EDGE('',*,*,#8456,.F.);
#11679=ORIENTED_EDGE('',*,*,#8457,.F.);
#11680=ORIENTED_EDGE('',*,*,#8458,.F.);
#11681=ORIENTED_EDGE('',*,*,#8457,.T.);
#11682=ORIENTED_EDGE('',*,*,#8459,.F.);
#11683=ORIENTED_EDGE('',*,*,#8460,.F.);
#11684=ORIENTED_EDGE('',*,*,#8461,.F.);
#11685=ORIENTED_EDGE('',*,*,#8460,.T.);
#11686=ORIENTED_EDGE('',*,*,#8462,.F.);
#11687=ORIENTED_EDGE('',*,*,#8463,.F.);
#11688=ORIENTED_EDGE('',*,*,#8464,.F.);
#11689=ORIENTED_EDGE('',*,*,#8463,.T.);
#11690=ORIENTED_EDGE('',*,*,#8465,.F.);
#11691=ORIENTED_EDGE('',*,*,#8466,.F.);
#11692=ORIENTED_EDGE('',*,*,#8467,.F.);
#11693=ORIENTED_EDGE('',*,*,#8466,.T.);
#11694=ORIENTED_EDGE('',*,*,#8468,.F.);
#11695=ORIENTED_EDGE('',*,*,#8469,.F.);
#11696=ORIENTED_EDGE('',*,*,#8470,.F.);
#11697=ORIENTED_EDGE('',*,*,#8469,.T.);
#11698=ORIENTED_EDGE('',*,*,#8471,.F.);
#11699=ORIENTED_EDGE('',*,*,#8472,.F.);
#11700=ORIENTED_EDGE('',*,*,#8473,.F.);
#11701=ORIENTED_EDGE('',*,*,#8472,.T.);
#11702=ORIENTED_EDGE('',*,*,#8474,.F.);
#11703=ORIENTED_EDGE('',*,*,#8475,.F.);
#11704=ORIENTED_EDGE('',*,*,#8476,.F.);
#11705=ORIENTED_EDGE('',*,*,#8475,.T.);
#11706=ORIENTED_EDGE('',*,*,#8477,.F.);
#11707=ORIENTED_EDGE('',*,*,#8478,.F.);
#11708=ORIENTED_EDGE('',*,*,#8479,.F.);
#11709=ORIENTED_EDGE('',*,*,#8478,.T.);
#11710=ORIENTED_EDGE('',*,*,#8480,.F.);
#11711=ORIENTED_EDGE('',*,*,#8481,.F.);
#11712=ORIENTED_EDGE('',*,*,#8482,.F.);
#11713=ORIENTED_EDGE('',*,*,#8481,.T.);
#11714=ORIENTED_EDGE('',*,*,#8483,.F.);
#11715=ORIENTED_EDGE('',*,*,#8484,.F.);
#11716=ORIENTED_EDGE('',*,*,#8485,.F.);
#11717=ORIENTED_EDGE('',*,*,#8484,.T.);
#11718=ORIENTED_EDGE('',*,*,#8486,.F.);
#11719=ORIENTED_EDGE('',*,*,#8487,.F.);
#11720=ORIENTED_EDGE('',*,*,#8488,.F.);
#11721=ORIENTED_EDGE('',*,*,#8487,.T.);
#11722=ORIENTED_EDGE('',*,*,#8489,.F.);
#11723=ORIENTED_EDGE('',*,*,#8490,.F.);
#11724=ORIENTED_EDGE('',*,*,#8491,.F.);
#11725=ORIENTED_EDGE('',*,*,#8490,.T.);
#11726=ORIENTED_EDGE('',*,*,#8492,.F.);
#11727=ORIENTED_EDGE('',*,*,#8493,.F.);
#11728=ORIENTED_EDGE('',*,*,#8494,.F.);
#11729=ORIENTED_EDGE('',*,*,#8493,.T.);
#11730=ORIENTED_EDGE('',*,*,#8495,.F.);
#11731=ORIENTED_EDGE('',*,*,#8496,.F.);
#11732=ORIENTED_EDGE('',*,*,#8497,.F.);
#11733=ORIENTED_EDGE('',*,*,#8496,.T.);
#11734=ORIENTED_EDGE('',*,*,#8498,.F.);
#11735=ORIENTED_EDGE('',*,*,#8499,.F.);
#11736=ORIENTED_EDGE('',*,*,#8500,.F.);
#11737=ORIENTED_EDGE('',*,*,#8499,.T.);
#11738=ORIENTED_EDGE('',*,*,#8501,.F.);
#11739=ORIENTED_EDGE('',*,*,#8502,.F.);
#11740=ORIENTED_EDGE('',*,*,#8503,.F.);
#11741=ORIENTED_EDGE('',*,*,#8502,.T.);
#11742=ORIENTED_EDGE('',*,*,#8504,.F.);
#11743=ORIENTED_EDGE('',*,*,#8505,.F.);
#11744=ORIENTED_EDGE('',*,*,#8506,.F.);
#11745=ORIENTED_EDGE('',*,*,#8505,.T.);
#11746=ORIENTED_EDGE('',*,*,#8507,.F.);
#11747=ORIENTED_EDGE('',*,*,#8508,.F.);
#11748=ORIENTED_EDGE('',*,*,#8509,.F.);
#11749=ORIENTED_EDGE('',*,*,#8508,.T.);
#11750=ORIENTED_EDGE('',*,*,#8510,.F.);
#11751=ORIENTED_EDGE('',*,*,#8511,.F.);
#11752=ORIENTED_EDGE('',*,*,#8512,.F.);
#11753=ORIENTED_EDGE('',*,*,#8511,.T.);
#11754=ORIENTED_EDGE('',*,*,#8513,.F.);
#11755=ORIENTED_EDGE('',*,*,#8514,.F.);
#11756=ORIENTED_EDGE('',*,*,#8515,.F.);
#11757=ORIENTED_EDGE('',*,*,#8514,.T.);
#11758=ORIENTED_EDGE('',*,*,#8516,.F.);
#11759=ORIENTED_EDGE('',*,*,#8517,.F.);
#11760=ORIENTED_EDGE('',*,*,#8518,.F.);
#11761=ORIENTED_EDGE('',*,*,#8517,.T.);
#11762=ORIENTED_EDGE('',*,*,#8519,.F.);
#11763=ORIENTED_EDGE('',*,*,#8520,.F.);
#11764=ORIENTED_EDGE('',*,*,#8521,.F.);
#11765=ORIENTED_EDGE('',*,*,#8520,.T.);
#11766=ORIENTED_EDGE('',*,*,#8522,.F.);
#11767=ORIENTED_EDGE('',*,*,#8523,.F.);
#11768=ORIENTED_EDGE('',*,*,#8524,.F.);
#11769=ORIENTED_EDGE('',*,*,#8523,.T.);
#11770=ORIENTED_EDGE('',*,*,#8525,.F.);
#11771=ORIENTED_EDGE('',*,*,#8526,.F.);
#11772=ORIENTED_EDGE('',*,*,#8527,.F.);
#11773=ORIENTED_EDGE('',*,*,#8526,.T.);
#11774=ORIENTED_EDGE('',*,*,#8528,.F.);
#11775=ORIENTED_EDGE('',*,*,#8529,.F.);
#11776=ORIENTED_EDGE('',*,*,#8530,.F.);
#11777=ORIENTED_EDGE('',*,*,#8529,.T.);
#11778=ORIENTED_EDGE('',*,*,#8531,.F.);
#11779=ORIENTED_EDGE('',*,*,#8532,.F.);
#11780=ORIENTED_EDGE('',*,*,#8533,.F.);
#11781=ORIENTED_EDGE('',*,*,#8532,.T.);
#11782=ORIENTED_EDGE('',*,*,#8534,.F.);
#11783=ORIENTED_EDGE('',*,*,#8535,.F.);
#11784=ORIENTED_EDGE('',*,*,#8536,.F.);
#11785=ORIENTED_EDGE('',*,*,#8535,.T.);
#11786=ORIENTED_EDGE('',*,*,#8537,.F.);
#11787=ORIENTED_EDGE('',*,*,#8538,.F.);
#11788=ORIENTED_EDGE('',*,*,#8539,.F.);
#11789=ORIENTED_EDGE('',*,*,#8538,.T.);
#11790=ORIENTED_EDGE('',*,*,#8540,.F.);
#11791=ORIENTED_EDGE('',*,*,#8541,.F.);
#11792=ORIENTED_EDGE('',*,*,#8542,.F.);
#11793=ORIENTED_EDGE('',*,*,#8541,.T.);
#11794=ORIENTED_EDGE('',*,*,#8543,.F.);
#11795=ORIENTED_EDGE('',*,*,#8544,.F.);
#11796=ORIENTED_EDGE('',*,*,#8545,.F.);
#11797=ORIENTED_EDGE('',*,*,#8544,.T.);
#11798=ORIENTED_EDGE('',*,*,#8546,.F.);
#11799=ORIENTED_EDGE('',*,*,#8547,.F.);
#11800=ORIENTED_EDGE('',*,*,#8548,.F.);
#11801=ORIENTED_EDGE('',*,*,#8547,.T.);
#11802=ORIENTED_EDGE('',*,*,#8549,.F.);
#11803=ORIENTED_EDGE('',*,*,#8550,.F.);
#11804=ORIENTED_EDGE('',*,*,#8551,.F.);
#11805=ORIENTED_EDGE('',*,*,#8550,.T.);
#11806=ORIENTED_EDGE('',*,*,#8552,.F.);
#11807=ORIENTED_EDGE('',*,*,#8410,.F.);
#11808=ORIENTED_EDGE('',*,*,#8552,.T.);
#11809=ORIENTED_EDGE('',*,*,#8549,.T.);
#11810=ORIENTED_EDGE('',*,*,#8546,.T.);
#11811=ORIENTED_EDGE('',*,*,#8543,.T.);
#11812=ORIENTED_EDGE('',*,*,#8540,.T.);
#11813=ORIENTED_EDGE('',*,*,#8537,.T.);
#11814=ORIENTED_EDGE('',*,*,#8534,.T.);
#11815=ORIENTED_EDGE('',*,*,#8531,.T.);
#11816=ORIENTED_EDGE('',*,*,#8528,.T.);
#11817=ORIENTED_EDGE('',*,*,#8525,.T.);
#11818=ORIENTED_EDGE('',*,*,#8522,.T.);
#11819=ORIENTED_EDGE('',*,*,#8519,.T.);
#11820=ORIENTED_EDGE('',*,*,#8516,.T.);
#11821=ORIENTED_EDGE('',*,*,#8513,.T.);
#11822=ORIENTED_EDGE('',*,*,#8510,.T.);
#11823=ORIENTED_EDGE('',*,*,#8507,.T.);
#11824=ORIENTED_EDGE('',*,*,#8504,.T.);
#11825=ORIENTED_EDGE('',*,*,#8501,.T.);
#11826=ORIENTED_EDGE('',*,*,#8498,.T.);
#11827=ORIENTED_EDGE('',*,*,#8495,.T.);
#11828=ORIENTED_EDGE('',*,*,#8492,.T.);
#11829=ORIENTED_EDGE('',*,*,#8489,.T.);
#11830=ORIENTED_EDGE('',*,*,#8486,.T.);
#11831=ORIENTED_EDGE('',*,*,#8483,.T.);
#11832=ORIENTED_EDGE('',*,*,#8480,.T.);
#11833=ORIENTED_EDGE('',*,*,#8477,.T.);
#11834=ORIENTED_EDGE('',*,*,#8474,.T.);
#11835=ORIENTED_EDGE('',*,*,#8471,.T.);
#11836=ORIENTED_EDGE('',*,*,#8468,.T.);
#11837=ORIENTED_EDGE('',*,*,#8465,.T.);
#11838=ORIENTED_EDGE('',*,*,#8462,.T.);
#11839=ORIENTED_EDGE('',*,*,#8459,.T.);
#11840=ORIENTED_EDGE('',*,*,#8456,.T.);
#11841=ORIENTED_EDGE('',*,*,#8453,.T.);
#11842=ORIENTED_EDGE('',*,*,#8450,.T.);
#11843=ORIENTED_EDGE('',*,*,#8447,.T.);
#11844=ORIENTED_EDGE('',*,*,#8444,.T.);
#11845=ORIENTED_EDGE('',*,*,#8441,.T.);
#11846=ORIENTED_EDGE('',*,*,#8438,.T.);
#11847=ORIENTED_EDGE('',*,*,#8435,.T.);
#11848=ORIENTED_EDGE('',*,*,#8432,.T.);
#11849=ORIENTED_EDGE('',*,*,#8429,.T.);
#11850=ORIENTED_EDGE('',*,*,#8426,.T.);
#11851=ORIENTED_EDGE('',*,*,#8423,.T.);
#11852=ORIENTED_EDGE('',*,*,#8420,.T.);
#11853=ORIENTED_EDGE('',*,*,#8417,.T.);
#11854=ORIENTED_EDGE('',*,*,#8414,.T.);
#11855=ORIENTED_EDGE('',*,*,#8411,.T.);
#11856=ORIENTED_EDGE('',*,*,#8406,.T.);
#11857=ORIENTED_EDGE('',*,*,#8551,.T.);
#11858=ORIENTED_EDGE('',*,*,#8409,.T.);
#11859=ORIENTED_EDGE('',*,*,#8413,.T.);
#11860=ORIENTED_EDGE('',*,*,#8416,.T.);
#11861=ORIENTED_EDGE('',*,*,#8419,.T.);
#11862=ORIENTED_EDGE('',*,*,#8422,.T.);
#11863=ORIENTED_EDGE('',*,*,#8425,.T.);
#11864=ORIENTED_EDGE('',*,*,#8428,.T.);
#11865=ORIENTED_EDGE('',*,*,#8431,.T.);
#11866=ORIENTED_EDGE('',*,*,#8434,.T.);
#11867=ORIENTED_EDGE('',*,*,#8437,.T.);
#11868=ORIENTED_EDGE('',*,*,#8440,.T.);
#11869=ORIENTED_EDGE('',*,*,#8443,.T.);
#11870=ORIENTED_EDGE('',*,*,#8446,.T.);
#11871=ORIENTED_EDGE('',*,*,#8449,.T.);
#11872=ORIENTED_EDGE('',*,*,#8452,.T.);
#11873=ORIENTED_EDGE('',*,*,#8455,.T.);
#11874=ORIENTED_EDGE('',*,*,#8458,.T.);
#11875=ORIENTED_EDGE('',*,*,#8461,.T.);
#11876=ORIENTED_EDGE('',*,*,#8464,.T.);
#11877=ORIENTED_EDGE('',*,*,#8467,.T.);
#11878=ORIENTED_EDGE('',*,*,#8470,.T.);
#11879=ORIENTED_EDGE('',*,*,#8473,.T.);
#11880=ORIENTED_EDGE('',*,*,#8476,.T.);
#11881=ORIENTED_EDGE('',*,*,#8479,.T.);
#11882=ORIENTED_EDGE('',*,*,#8482,.T.);
#11883=ORIENTED_EDGE('',*,*,#8485,.T.);
#11884=ORIENTED_EDGE('',*,*,#8488,.T.);
#11885=ORIENTED_EDGE('',*,*,#8491,.T.);
#11886=ORIENTED_EDGE('',*,*,#8494,.T.);
#11887=ORIENTED_EDGE('',*,*,#8497,.T.);
#11888=ORIENTED_EDGE('',*,*,#8500,.T.);
#11889=ORIENTED_EDGE('',*,*,#8503,.T.);
#11890=ORIENTED_EDGE('',*,*,#8506,.T.);
#11891=ORIENTED_EDGE('',*,*,#8509,.T.);
#11892=ORIENTED_EDGE('',*,*,#8512,.T.);
#11893=ORIENTED_EDGE('',*,*,#8515,.T.);
#11894=ORIENTED_EDGE('',*,*,#8518,.T.);
#11895=ORIENTED_EDGE('',*,*,#8521,.T.);
#11896=ORIENTED_EDGE('',*,*,#8524,.T.);
#11897=ORIENTED_EDGE('',*,*,#8527,.T.);
#11898=ORIENTED_EDGE('',*,*,#8530,.T.);
#11899=ORIENTED_EDGE('',*,*,#8533,.T.);
#11900=ORIENTED_EDGE('',*,*,#8536,.T.);
#11901=ORIENTED_EDGE('',*,*,#8539,.T.);
#11902=ORIENTED_EDGE('',*,*,#8542,.T.);
#11903=ORIENTED_EDGE('',*,*,#8545,.T.);
#11904=ORIENTED_EDGE('',*,*,#8548,.T.);
#11905=ORIENTED_EDGE('',*,*,#8408,.F.);
#11906=ORIENTED_EDGE('',*,*,#8553,.F.);
#11907=ORIENTED_EDGE('',*,*,#8554,.T.);
#11908=ORIENTED_EDGE('',*,*,#8555,.T.);
#11909=ORIENTED_EDGE('',*,*,#8554,.F.);
#11910=ORIENTED_EDGE('',*,*,#8556,.F.);
#11911=ORIENTED_EDGE('',*,*,#8557,.T.);
#11912=ORIENTED_EDGE('',*,*,#8558,.F.);
#11913=ORIENTED_EDGE('',*,*,#8559,.F.);
#11914=ORIENTED_EDGE('',*,*,#8560,.F.);
#11915=ORIENTED_EDGE('',*,*,#8559,.T.);
#11916=ORIENTED_EDGE('',*,*,#8561,.F.);
#11917=ORIENTED_EDGE('',*,*,#8562,.F.);
#11918=ORIENTED_EDGE('',*,*,#8563,.F.);
#11919=ORIENTED_EDGE('',*,*,#8562,.T.);
#11920=ORIENTED_EDGE('',*,*,#8564,.F.);
#11921=ORIENTED_EDGE('',*,*,#8565,.F.);
#11922=ORIENTED_EDGE('',*,*,#8566,.F.);
#11923=ORIENTED_EDGE('',*,*,#8565,.T.);
#11924=ORIENTED_EDGE('',*,*,#8567,.F.);
#11925=ORIENTED_EDGE('',*,*,#8568,.F.);
#11926=ORIENTED_EDGE('',*,*,#8569,.F.);
#11927=ORIENTED_EDGE('',*,*,#8568,.T.);
#11928=ORIENTED_EDGE('',*,*,#8570,.F.);
#11929=ORIENTED_EDGE('',*,*,#8571,.F.);
#11930=ORIENTED_EDGE('',*,*,#8572,.F.);
#11931=ORIENTED_EDGE('',*,*,#8571,.T.);
#11932=ORIENTED_EDGE('',*,*,#8573,.F.);
#11933=ORIENTED_EDGE('',*,*,#8574,.F.);
#11934=ORIENTED_EDGE('',*,*,#8575,.F.);
#11935=ORIENTED_EDGE('',*,*,#8574,.T.);
#11936=ORIENTED_EDGE('',*,*,#8576,.F.);
#11937=ORIENTED_EDGE('',*,*,#8577,.F.);
#11938=ORIENTED_EDGE('',*,*,#8578,.F.);
#11939=ORIENTED_EDGE('',*,*,#8577,.T.);
#11940=ORIENTED_EDGE('',*,*,#8579,.F.);
#11941=ORIENTED_EDGE('',*,*,#8580,.F.);
#11942=ORIENTED_EDGE('',*,*,#8581,.F.);
#11943=ORIENTED_EDGE('',*,*,#8580,.T.);
#11944=ORIENTED_EDGE('',*,*,#8582,.F.);
#11945=ORIENTED_EDGE('',*,*,#8583,.F.);
#11946=ORIENTED_EDGE('',*,*,#8584,.F.);
#11947=ORIENTED_EDGE('',*,*,#8583,.T.);
#11948=ORIENTED_EDGE('',*,*,#8585,.F.);
#11949=ORIENTED_EDGE('',*,*,#8586,.F.);
#11950=ORIENTED_EDGE('',*,*,#8587,.F.);
#11951=ORIENTED_EDGE('',*,*,#8586,.T.);
#11952=ORIENTED_EDGE('',*,*,#8588,.F.);
#11953=ORIENTED_EDGE('',*,*,#8589,.F.);
#11954=ORIENTED_EDGE('',*,*,#8590,.F.);
#11955=ORIENTED_EDGE('',*,*,#8589,.T.);
#11956=ORIENTED_EDGE('',*,*,#8591,.F.);
#11957=ORIENTED_EDGE('',*,*,#8592,.F.);
#11958=ORIENTED_EDGE('',*,*,#8593,.F.);
#11959=ORIENTED_EDGE('',*,*,#8592,.T.);
#11960=ORIENTED_EDGE('',*,*,#8594,.F.);
#11961=ORIENTED_EDGE('',*,*,#8595,.F.);
#11962=ORIENTED_EDGE('',*,*,#8596,.F.);
#11963=ORIENTED_EDGE('',*,*,#8595,.T.);
#11964=ORIENTED_EDGE('',*,*,#8597,.F.);
#11965=ORIENTED_EDGE('',*,*,#8598,.F.);
#11966=ORIENTED_EDGE('',*,*,#8599,.F.);
#11967=ORIENTED_EDGE('',*,*,#8598,.T.);
#11968=ORIENTED_EDGE('',*,*,#8600,.F.);
#11969=ORIENTED_EDGE('',*,*,#8601,.F.);
#11970=ORIENTED_EDGE('',*,*,#8602,.F.);
#11971=ORIENTED_EDGE('',*,*,#8601,.T.);
#11972=ORIENTED_EDGE('',*,*,#8603,.F.);
#11973=ORIENTED_EDGE('',*,*,#8604,.F.);
#11974=ORIENTED_EDGE('',*,*,#8605,.F.);
#11975=ORIENTED_EDGE('',*,*,#8604,.T.);
#11976=ORIENTED_EDGE('',*,*,#8606,.F.);
#11977=ORIENTED_EDGE('',*,*,#8607,.F.);
#11978=ORIENTED_EDGE('',*,*,#8608,.F.);
#11979=ORIENTED_EDGE('',*,*,#8607,.T.);
#11980=ORIENTED_EDGE('',*,*,#8609,.F.);
#11981=ORIENTED_EDGE('',*,*,#8610,.F.);
#11982=ORIENTED_EDGE('',*,*,#8611,.F.);
#11983=ORIENTED_EDGE('',*,*,#8610,.T.);
#11984=ORIENTED_EDGE('',*,*,#8612,.F.);
#11985=ORIENTED_EDGE('',*,*,#8613,.F.);
#11986=ORIENTED_EDGE('',*,*,#8614,.F.);
#11987=ORIENTED_EDGE('',*,*,#8613,.T.);
#11988=ORIENTED_EDGE('',*,*,#8615,.F.);
#11989=ORIENTED_EDGE('',*,*,#8616,.F.);
#11990=ORIENTED_EDGE('',*,*,#8617,.F.);
#11991=ORIENTED_EDGE('',*,*,#8616,.T.);
#11992=ORIENTED_EDGE('',*,*,#8618,.F.);
#11993=ORIENTED_EDGE('',*,*,#8619,.F.);
#11994=ORIENTED_EDGE('',*,*,#8620,.F.);
#11995=ORIENTED_EDGE('',*,*,#8619,.T.);
#11996=ORIENTED_EDGE('',*,*,#8621,.F.);
#11997=ORIENTED_EDGE('',*,*,#8622,.F.);
#11998=ORIENTED_EDGE('',*,*,#8623,.F.);
#11999=ORIENTED_EDGE('',*,*,#8622,.T.);
#12000=ORIENTED_EDGE('',*,*,#8624,.F.);
#12001=ORIENTED_EDGE('',*,*,#8625,.F.);
#12002=ORIENTED_EDGE('',*,*,#8626,.F.);
#12003=ORIENTED_EDGE('',*,*,#8625,.T.);
#12004=ORIENTED_EDGE('',*,*,#8627,.F.);
#12005=ORIENTED_EDGE('',*,*,#8628,.F.);
#12006=ORIENTED_EDGE('',*,*,#8629,.F.);
#12007=ORIENTED_EDGE('',*,*,#8628,.T.);
#12008=ORIENTED_EDGE('',*,*,#8630,.F.);
#12009=ORIENTED_EDGE('',*,*,#8631,.F.);
#12010=ORIENTED_EDGE('',*,*,#8632,.F.);
#12011=ORIENTED_EDGE('',*,*,#8631,.T.);
#12012=ORIENTED_EDGE('',*,*,#8633,.F.);
#12013=ORIENTED_EDGE('',*,*,#8634,.F.);
#12014=ORIENTED_EDGE('',*,*,#8635,.F.);
#12015=ORIENTED_EDGE('',*,*,#8634,.T.);
#12016=ORIENTED_EDGE('',*,*,#8636,.F.);
#12017=ORIENTED_EDGE('',*,*,#8637,.F.);
#12018=ORIENTED_EDGE('',*,*,#8638,.F.);
#12019=ORIENTED_EDGE('',*,*,#8637,.T.);
#12020=ORIENTED_EDGE('',*,*,#8639,.F.);
#12021=ORIENTED_EDGE('',*,*,#8640,.F.);
#12022=ORIENTED_EDGE('',*,*,#8641,.F.);
#12023=ORIENTED_EDGE('',*,*,#8640,.T.);
#12024=ORIENTED_EDGE('',*,*,#8642,.F.);
#12025=ORIENTED_EDGE('',*,*,#8643,.F.);
#12026=ORIENTED_EDGE('',*,*,#8644,.F.);
#12027=ORIENTED_EDGE('',*,*,#8643,.T.);
#12028=ORIENTED_EDGE('',*,*,#8645,.F.);
#12029=ORIENTED_EDGE('',*,*,#8646,.F.);
#12030=ORIENTED_EDGE('',*,*,#8647,.F.);
#12031=ORIENTED_EDGE('',*,*,#8646,.T.);
#12032=ORIENTED_EDGE('',*,*,#8648,.F.);
#12033=ORIENTED_EDGE('',*,*,#8649,.F.);
#12034=ORIENTED_EDGE('',*,*,#8650,.F.);
#12035=ORIENTED_EDGE('',*,*,#8649,.T.);
#12036=ORIENTED_EDGE('',*,*,#8651,.F.);
#12037=ORIENTED_EDGE('',*,*,#8652,.F.);
#12038=ORIENTED_EDGE('',*,*,#8653,.F.);
#12039=ORIENTED_EDGE('',*,*,#8652,.T.);
#12040=ORIENTED_EDGE('',*,*,#8654,.F.);
#12041=ORIENTED_EDGE('',*,*,#8655,.F.);
#12042=ORIENTED_EDGE('',*,*,#8656,.F.);
#12043=ORIENTED_EDGE('',*,*,#8655,.T.);
#12044=ORIENTED_EDGE('',*,*,#8657,.F.);
#12045=ORIENTED_EDGE('',*,*,#8658,.F.);
#12046=ORIENTED_EDGE('',*,*,#8659,.F.);
#12047=ORIENTED_EDGE('',*,*,#8658,.T.);
#12048=ORIENTED_EDGE('',*,*,#8660,.F.);
#12049=ORIENTED_EDGE('',*,*,#8661,.F.);
#12050=ORIENTED_EDGE('',*,*,#8662,.F.);
#12051=ORIENTED_EDGE('',*,*,#8661,.T.);
#12052=ORIENTED_EDGE('',*,*,#8663,.F.);
#12053=ORIENTED_EDGE('',*,*,#8664,.F.);
#12054=ORIENTED_EDGE('',*,*,#8665,.F.);
#12055=ORIENTED_EDGE('',*,*,#8664,.T.);
#12056=ORIENTED_EDGE('',*,*,#8666,.F.);
#12057=ORIENTED_EDGE('',*,*,#8667,.F.);
#12058=ORIENTED_EDGE('',*,*,#8668,.F.);
#12059=ORIENTED_EDGE('',*,*,#8667,.T.);
#12060=ORIENTED_EDGE('',*,*,#8669,.F.);
#12061=ORIENTED_EDGE('',*,*,#8670,.F.);
#12062=ORIENTED_EDGE('',*,*,#8671,.F.);
#12063=ORIENTED_EDGE('',*,*,#8670,.T.);
#12064=ORIENTED_EDGE('',*,*,#8672,.F.);
#12065=ORIENTED_EDGE('',*,*,#8673,.F.);
#12066=ORIENTED_EDGE('',*,*,#8674,.F.);
#12067=ORIENTED_EDGE('',*,*,#8673,.T.);
#12068=ORIENTED_EDGE('',*,*,#8675,.F.);
#12069=ORIENTED_EDGE('',*,*,#8676,.F.);
#12070=ORIENTED_EDGE('',*,*,#8677,.F.);
#12071=ORIENTED_EDGE('',*,*,#8676,.T.);
#12072=ORIENTED_EDGE('',*,*,#8678,.F.);
#12073=ORIENTED_EDGE('',*,*,#8679,.F.);
#12074=ORIENTED_EDGE('',*,*,#8680,.F.);
#12075=ORIENTED_EDGE('',*,*,#8679,.T.);
#12076=ORIENTED_EDGE('',*,*,#8681,.F.);
#12077=ORIENTED_EDGE('',*,*,#8682,.F.);
#12078=ORIENTED_EDGE('',*,*,#8683,.F.);
#12079=ORIENTED_EDGE('',*,*,#8682,.T.);
#12080=ORIENTED_EDGE('',*,*,#8684,.F.);
#12081=ORIENTED_EDGE('',*,*,#8685,.F.);
#12082=ORIENTED_EDGE('',*,*,#8686,.F.);
#12083=ORIENTED_EDGE('',*,*,#8685,.T.);
#12084=ORIENTED_EDGE('',*,*,#8687,.F.);
#12085=ORIENTED_EDGE('',*,*,#8688,.F.);
#12086=ORIENTED_EDGE('',*,*,#8689,.F.);
#12087=ORIENTED_EDGE('',*,*,#8688,.T.);
#12088=ORIENTED_EDGE('',*,*,#8690,.F.);
#12089=ORIENTED_EDGE('',*,*,#8691,.F.);
#12090=ORIENTED_EDGE('',*,*,#8692,.F.);
#12091=ORIENTED_EDGE('',*,*,#8691,.T.);
#12092=ORIENTED_EDGE('',*,*,#8693,.F.);
#12093=ORIENTED_EDGE('',*,*,#8694,.F.);
#12094=ORIENTED_EDGE('',*,*,#8695,.F.);
#12095=ORIENTED_EDGE('',*,*,#8694,.T.);
#12096=ORIENTED_EDGE('',*,*,#8696,.F.);
#12097=ORIENTED_EDGE('',*,*,#8697,.F.);
#12098=ORIENTED_EDGE('',*,*,#8698,.F.);
#12099=ORIENTED_EDGE('',*,*,#8697,.T.);
#12100=ORIENTED_EDGE('',*,*,#8699,.F.);
#12101=ORIENTED_EDGE('',*,*,#8557,.F.);
#12102=ORIENTED_EDGE('',*,*,#8699,.T.);
#12103=ORIENTED_EDGE('',*,*,#8696,.T.);
#12104=ORIENTED_EDGE('',*,*,#8693,.T.);
#12105=ORIENTED_EDGE('',*,*,#8690,.T.);
#12106=ORIENTED_EDGE('',*,*,#8687,.T.);
#12107=ORIENTED_EDGE('',*,*,#8684,.T.);
#12108=ORIENTED_EDGE('',*,*,#8681,.T.);
#12109=ORIENTED_EDGE('',*,*,#8678,.T.);
#12110=ORIENTED_EDGE('',*,*,#8675,.T.);
#12111=ORIENTED_EDGE('',*,*,#8672,.T.);
#12112=ORIENTED_EDGE('',*,*,#8669,.T.);
#12113=ORIENTED_EDGE('',*,*,#8666,.T.);
#12114=ORIENTED_EDGE('',*,*,#8663,.T.);
#12115=ORIENTED_EDGE('',*,*,#8660,.T.);
#12116=ORIENTED_EDGE('',*,*,#8657,.T.);
#12117=ORIENTED_EDGE('',*,*,#8654,.T.);
#12118=ORIENTED_EDGE('',*,*,#8651,.T.);
#12119=ORIENTED_EDGE('',*,*,#8648,.T.);
#12120=ORIENTED_EDGE('',*,*,#8645,.T.);
#12121=ORIENTED_EDGE('',*,*,#8642,.T.);
#12122=ORIENTED_EDGE('',*,*,#8639,.T.);
#12123=ORIENTED_EDGE('',*,*,#8636,.T.);
#12124=ORIENTED_EDGE('',*,*,#8633,.T.);
#12125=ORIENTED_EDGE('',*,*,#8630,.T.);
#12126=ORIENTED_EDGE('',*,*,#8627,.T.);
#12127=ORIENTED_EDGE('',*,*,#8624,.T.);
#12128=ORIENTED_EDGE('',*,*,#8621,.T.);
#12129=ORIENTED_EDGE('',*,*,#8618,.T.);
#12130=ORIENTED_EDGE('',*,*,#8615,.T.);
#12131=ORIENTED_EDGE('',*,*,#8612,.T.);
#12132=ORIENTED_EDGE('',*,*,#8609,.T.);
#12133=ORIENTED_EDGE('',*,*,#8606,.T.);
#12134=ORIENTED_EDGE('',*,*,#8603,.T.);
#12135=ORIENTED_EDGE('',*,*,#8600,.T.);
#12136=ORIENTED_EDGE('',*,*,#8597,.T.);
#12137=ORIENTED_EDGE('',*,*,#8594,.T.);
#12138=ORIENTED_EDGE('',*,*,#8591,.T.);
#12139=ORIENTED_EDGE('',*,*,#8588,.T.);
#12140=ORIENTED_EDGE('',*,*,#8585,.T.);
#12141=ORIENTED_EDGE('',*,*,#8582,.T.);
#12142=ORIENTED_EDGE('',*,*,#8579,.T.);
#12143=ORIENTED_EDGE('',*,*,#8576,.T.);
#12144=ORIENTED_EDGE('',*,*,#8573,.T.);
#12145=ORIENTED_EDGE('',*,*,#8570,.T.);
#12146=ORIENTED_EDGE('',*,*,#8567,.T.);
#12147=ORIENTED_EDGE('',*,*,#8564,.T.);
#12148=ORIENTED_EDGE('',*,*,#8561,.T.);
#12149=ORIENTED_EDGE('',*,*,#8558,.T.);
#12150=ORIENTED_EDGE('',*,*,#8553,.T.);
#12151=ORIENTED_EDGE('',*,*,#8698,.T.);
#12152=ORIENTED_EDGE('',*,*,#8556,.T.);
#12153=ORIENTED_EDGE('',*,*,#8560,.T.);
#12154=ORIENTED_EDGE('',*,*,#8563,.T.);
#12155=ORIENTED_EDGE('',*,*,#8566,.T.);
#12156=ORIENTED_EDGE('',*,*,#8569,.T.);
#12157=ORIENTED_EDGE('',*,*,#8572,.T.);
#12158=ORIENTED_EDGE('',*,*,#8575,.T.);
#12159=ORIENTED_EDGE('',*,*,#8578,.T.);
#12160=ORIENTED_EDGE('',*,*,#8581,.T.);
#12161=ORIENTED_EDGE('',*,*,#8584,.T.);
#12162=ORIENTED_EDGE('',*,*,#8587,.T.);
#12163=ORIENTED_EDGE('',*,*,#8590,.T.);
#12164=ORIENTED_EDGE('',*,*,#8593,.T.);
#12165=ORIENTED_EDGE('',*,*,#8596,.T.);
#12166=ORIENTED_EDGE('',*,*,#8599,.T.);
#12167=ORIENTED_EDGE('',*,*,#8602,.T.);
#12168=ORIENTED_EDGE('',*,*,#8605,.T.);
#12169=ORIENTED_EDGE('',*,*,#8608,.T.);
#12170=ORIENTED_EDGE('',*,*,#8611,.T.);
#12171=ORIENTED_EDGE('',*,*,#8614,.T.);
#12172=ORIENTED_EDGE('',*,*,#8617,.T.);
#12173=ORIENTED_EDGE('',*,*,#8620,.T.);
#12174=ORIENTED_EDGE('',*,*,#8623,.T.);
#12175=ORIENTED_EDGE('',*,*,#8626,.T.);
#12176=ORIENTED_EDGE('',*,*,#8629,.T.);
#12177=ORIENTED_EDGE('',*,*,#8632,.T.);
#12178=ORIENTED_EDGE('',*,*,#8635,.T.);
#12179=ORIENTED_EDGE('',*,*,#8638,.T.);
#12180=ORIENTED_EDGE('',*,*,#8641,.T.);
#12181=ORIENTED_EDGE('',*,*,#8644,.T.);
#12182=ORIENTED_EDGE('',*,*,#8647,.T.);
#12183=ORIENTED_EDGE('',*,*,#8650,.T.);
#12184=ORIENTED_EDGE('',*,*,#8653,.T.);
#12185=ORIENTED_EDGE('',*,*,#8656,.T.);
#12186=ORIENTED_EDGE('',*,*,#8659,.T.);
#12187=ORIENTED_EDGE('',*,*,#8662,.T.);
#12188=ORIENTED_EDGE('',*,*,#8665,.T.);
#12189=ORIENTED_EDGE('',*,*,#8668,.T.);
#12190=ORIENTED_EDGE('',*,*,#8671,.T.);
#12191=ORIENTED_EDGE('',*,*,#8674,.T.);
#12192=ORIENTED_EDGE('',*,*,#8677,.T.);
#12193=ORIENTED_EDGE('',*,*,#8680,.T.);
#12194=ORIENTED_EDGE('',*,*,#8683,.T.);
#12195=ORIENTED_EDGE('',*,*,#8686,.T.);
#12196=ORIENTED_EDGE('',*,*,#8689,.T.);
#12197=ORIENTED_EDGE('',*,*,#8692,.T.);
#12198=ORIENTED_EDGE('',*,*,#8695,.T.);
#12199=ORIENTED_EDGE('',*,*,#8555,.F.);
#12200=ORIENTED_EDGE('',*,*,#8700,.F.);
#12201=ORIENTED_EDGE('',*,*,#8701,.T.);
#12202=ORIENTED_EDGE('',*,*,#8702,.T.);
#12203=ORIENTED_EDGE('',*,*,#8701,.F.);
#12204=ORIENTED_EDGE('',*,*,#8703,.F.);
#12205=ORIENTED_EDGE('',*,*,#8704,.T.);
#12206=ORIENTED_EDGE('',*,*,#8705,.F.);
#12207=ORIENTED_EDGE('',*,*,#8706,.F.);
#12208=ORIENTED_EDGE('',*,*,#8707,.F.);
#12209=ORIENTED_EDGE('',*,*,#8706,.T.);
#12210=ORIENTED_EDGE('',*,*,#8708,.F.);
#12211=ORIENTED_EDGE('',*,*,#8709,.F.);
#12212=ORIENTED_EDGE('',*,*,#8710,.F.);
#12213=ORIENTED_EDGE('',*,*,#8709,.T.);
#12214=ORIENTED_EDGE('',*,*,#8711,.F.);
#12215=ORIENTED_EDGE('',*,*,#8712,.F.);
#12216=ORIENTED_EDGE('',*,*,#8713,.F.);
#12217=ORIENTED_EDGE('',*,*,#8712,.T.);
#12218=ORIENTED_EDGE('',*,*,#8714,.F.);
#12219=ORIENTED_EDGE('',*,*,#8715,.F.);
#12220=ORIENTED_EDGE('',*,*,#8716,.F.);
#12221=ORIENTED_EDGE('',*,*,#8715,.T.);
#12222=ORIENTED_EDGE('',*,*,#8717,.F.);
#12223=ORIENTED_EDGE('',*,*,#8718,.F.);
#12224=ORIENTED_EDGE('',*,*,#8719,.F.);
#12225=ORIENTED_EDGE('',*,*,#8718,.T.);
#12226=ORIENTED_EDGE('',*,*,#8720,.F.);
#12227=ORIENTED_EDGE('',*,*,#8721,.F.);
#12228=ORIENTED_EDGE('',*,*,#8722,.F.);
#12229=ORIENTED_EDGE('',*,*,#8721,.T.);
#12230=ORIENTED_EDGE('',*,*,#8723,.F.);
#12231=ORIENTED_EDGE('',*,*,#8724,.F.);
#12232=ORIENTED_EDGE('',*,*,#8725,.F.);
#12233=ORIENTED_EDGE('',*,*,#8724,.T.);
#12234=ORIENTED_EDGE('',*,*,#8726,.F.);
#12235=ORIENTED_EDGE('',*,*,#8727,.F.);
#12236=ORIENTED_EDGE('',*,*,#8728,.F.);
#12237=ORIENTED_EDGE('',*,*,#8727,.T.);
#12238=ORIENTED_EDGE('',*,*,#8729,.F.);
#12239=ORIENTED_EDGE('',*,*,#8730,.F.);
#12240=ORIENTED_EDGE('',*,*,#8731,.F.);
#12241=ORIENTED_EDGE('',*,*,#8730,.T.);
#12242=ORIENTED_EDGE('',*,*,#8732,.F.);
#12243=ORIENTED_EDGE('',*,*,#8733,.F.);
#12244=ORIENTED_EDGE('',*,*,#8734,.F.);
#12245=ORIENTED_EDGE('',*,*,#8733,.T.);
#12246=ORIENTED_EDGE('',*,*,#8735,.F.);
#12247=ORIENTED_EDGE('',*,*,#8736,.F.);
#12248=ORIENTED_EDGE('',*,*,#8737,.F.);
#12249=ORIENTED_EDGE('',*,*,#8736,.T.);
#12250=ORIENTED_EDGE('',*,*,#8738,.F.);
#12251=ORIENTED_EDGE('',*,*,#8739,.F.);
#12252=ORIENTED_EDGE('',*,*,#8740,.F.);
#12253=ORIENTED_EDGE('',*,*,#8739,.T.);
#12254=ORIENTED_EDGE('',*,*,#8741,.F.);
#12255=ORIENTED_EDGE('',*,*,#8742,.F.);
#12256=ORIENTED_EDGE('',*,*,#8743,.F.);
#12257=ORIENTED_EDGE('',*,*,#8742,.T.);
#12258=ORIENTED_EDGE('',*,*,#8744,.F.);
#12259=ORIENTED_EDGE('',*,*,#8745,.F.);
#12260=ORIENTED_EDGE('',*,*,#8746,.F.);
#12261=ORIENTED_EDGE('',*,*,#8745,.T.);
#12262=ORIENTED_EDGE('',*,*,#8747,.F.);
#12263=ORIENTED_EDGE('',*,*,#8748,.F.);
#12264=ORIENTED_EDGE('',*,*,#8749,.F.);
#12265=ORIENTED_EDGE('',*,*,#8748,.T.);
#12266=ORIENTED_EDGE('',*,*,#8750,.F.);
#12267=ORIENTED_EDGE('',*,*,#8751,.F.);
#12268=ORIENTED_EDGE('',*,*,#8752,.F.);
#12269=ORIENTED_EDGE('',*,*,#8751,.T.);
#12270=ORIENTED_EDGE('',*,*,#8753,.F.);
#12271=ORIENTED_EDGE('',*,*,#8754,.F.);
#12272=ORIENTED_EDGE('',*,*,#8755,.F.);
#12273=ORIENTED_EDGE('',*,*,#8754,.T.);
#12274=ORIENTED_EDGE('',*,*,#8756,.F.);
#12275=ORIENTED_EDGE('',*,*,#8757,.F.);
#12276=ORIENTED_EDGE('',*,*,#8758,.F.);
#12277=ORIENTED_EDGE('',*,*,#8757,.T.);
#12278=ORIENTED_EDGE('',*,*,#8759,.F.);
#12279=ORIENTED_EDGE('',*,*,#8760,.F.);
#12280=ORIENTED_EDGE('',*,*,#8761,.F.);
#12281=ORIENTED_EDGE('',*,*,#8760,.T.);
#12282=ORIENTED_EDGE('',*,*,#8762,.F.);
#12283=ORIENTED_EDGE('',*,*,#8763,.F.);
#12284=ORIENTED_EDGE('',*,*,#8764,.F.);
#12285=ORIENTED_EDGE('',*,*,#8763,.T.);
#12286=ORIENTED_EDGE('',*,*,#8765,.F.);
#12287=ORIENTED_EDGE('',*,*,#8766,.F.);
#12288=ORIENTED_EDGE('',*,*,#8767,.F.);
#12289=ORIENTED_EDGE('',*,*,#8766,.T.);
#12290=ORIENTED_EDGE('',*,*,#8768,.F.);
#12291=ORIENTED_EDGE('',*,*,#8769,.F.);
#12292=ORIENTED_EDGE('',*,*,#8770,.F.);
#12293=ORIENTED_EDGE('',*,*,#8769,.T.);
#12294=ORIENTED_EDGE('',*,*,#8771,.F.);
#12295=ORIENTED_EDGE('',*,*,#8772,.F.);
#12296=ORIENTED_EDGE('',*,*,#8773,.F.);
#12297=ORIENTED_EDGE('',*,*,#8772,.T.);
#12298=ORIENTED_EDGE('',*,*,#8774,.F.);
#12299=ORIENTED_EDGE('',*,*,#8775,.F.);
#12300=ORIENTED_EDGE('',*,*,#8776,.F.);
#12301=ORIENTED_EDGE('',*,*,#8775,.T.);
#12302=ORIENTED_EDGE('',*,*,#8777,.F.);
#12303=ORIENTED_EDGE('',*,*,#8778,.F.);
#12304=ORIENTED_EDGE('',*,*,#8779,.F.);
#12305=ORIENTED_EDGE('',*,*,#8778,.T.);
#12306=ORIENTED_EDGE('',*,*,#8780,.F.);
#12307=ORIENTED_EDGE('',*,*,#8781,.F.);
#12308=ORIENTED_EDGE('',*,*,#8782,.F.);
#12309=ORIENTED_EDGE('',*,*,#8781,.T.);
#12310=ORIENTED_EDGE('',*,*,#8783,.F.);
#12311=ORIENTED_EDGE('',*,*,#8784,.F.);
#12312=ORIENTED_EDGE('',*,*,#8785,.F.);
#12313=ORIENTED_EDGE('',*,*,#8784,.T.);
#12314=ORIENTED_EDGE('',*,*,#8786,.F.);
#12315=ORIENTED_EDGE('',*,*,#8787,.F.);
#12316=ORIENTED_EDGE('',*,*,#8788,.F.);
#12317=ORIENTED_EDGE('',*,*,#8787,.T.);
#12318=ORIENTED_EDGE('',*,*,#8789,.F.);
#12319=ORIENTED_EDGE('',*,*,#8790,.F.);
#12320=ORIENTED_EDGE('',*,*,#8791,.F.);
#12321=ORIENTED_EDGE('',*,*,#8790,.T.);
#12322=ORIENTED_EDGE('',*,*,#8792,.F.);
#12323=ORIENTED_EDGE('',*,*,#8793,.F.);
#12324=ORIENTED_EDGE('',*,*,#8794,.F.);
#12325=ORIENTED_EDGE('',*,*,#8793,.T.);
#12326=ORIENTED_EDGE('',*,*,#8795,.F.);
#12327=ORIENTED_EDGE('',*,*,#8796,.F.);
#12328=ORIENTED_EDGE('',*,*,#8797,.F.);
#12329=ORIENTED_EDGE('',*,*,#8796,.T.);
#12330=ORIENTED_EDGE('',*,*,#8798,.F.);
#12331=ORIENTED_EDGE('',*,*,#8799,.F.);
#12332=ORIENTED_EDGE('',*,*,#8800,.F.);
#12333=ORIENTED_EDGE('',*,*,#8799,.T.);
#12334=ORIENTED_EDGE('',*,*,#8801,.F.);
#12335=ORIENTED_EDGE('',*,*,#8802,.F.);
#12336=ORIENTED_EDGE('',*,*,#8803,.F.);
#12337=ORIENTED_EDGE('',*,*,#8802,.T.);
#12338=ORIENTED_EDGE('',*,*,#8804,.F.);
#12339=ORIENTED_EDGE('',*,*,#8805,.F.);
#12340=ORIENTED_EDGE('',*,*,#8806,.F.);
#12341=ORIENTED_EDGE('',*,*,#8805,.T.);
#12342=ORIENTED_EDGE('',*,*,#8807,.F.);
#12343=ORIENTED_EDGE('',*,*,#8808,.F.);
#12344=ORIENTED_EDGE('',*,*,#8809,.F.);
#12345=ORIENTED_EDGE('',*,*,#8808,.T.);
#12346=ORIENTED_EDGE('',*,*,#8810,.F.);
#12347=ORIENTED_EDGE('',*,*,#8811,.F.);
#12348=ORIENTED_EDGE('',*,*,#8812,.F.);
#12349=ORIENTED_EDGE('',*,*,#8811,.T.);
#12350=ORIENTED_EDGE('',*,*,#8813,.F.);
#12351=ORIENTED_EDGE('',*,*,#8814,.F.);
#12352=ORIENTED_EDGE('',*,*,#8815,.F.);
#12353=ORIENTED_EDGE('',*,*,#8814,.T.);
#12354=ORIENTED_EDGE('',*,*,#8816,.F.);
#12355=ORIENTED_EDGE('',*,*,#8817,.F.);
#12356=ORIENTED_EDGE('',*,*,#8818,.F.);
#12357=ORIENTED_EDGE('',*,*,#8817,.T.);
#12358=ORIENTED_EDGE('',*,*,#8819,.F.);
#12359=ORIENTED_EDGE('',*,*,#8820,.F.);
#12360=ORIENTED_EDGE('',*,*,#8821,.F.);
#12361=ORIENTED_EDGE('',*,*,#8820,.T.);
#12362=ORIENTED_EDGE('',*,*,#8822,.F.);
#12363=ORIENTED_EDGE('',*,*,#8823,.F.);
#12364=ORIENTED_EDGE('',*,*,#8824,.F.);
#12365=ORIENTED_EDGE('',*,*,#8823,.T.);
#12366=ORIENTED_EDGE('',*,*,#8825,.F.);
#12367=ORIENTED_EDGE('',*,*,#8826,.F.);
#12368=ORIENTED_EDGE('',*,*,#8827,.F.);
#12369=ORIENTED_EDGE('',*,*,#8826,.T.);
#12370=ORIENTED_EDGE('',*,*,#8828,.F.);
#12371=ORIENTED_EDGE('',*,*,#8829,.F.);
#12372=ORIENTED_EDGE('',*,*,#8830,.F.);
#12373=ORIENTED_EDGE('',*,*,#8829,.T.);
#12374=ORIENTED_EDGE('',*,*,#8831,.F.);
#12375=ORIENTED_EDGE('',*,*,#8832,.F.);
#12376=ORIENTED_EDGE('',*,*,#8833,.F.);
#12377=ORIENTED_EDGE('',*,*,#8832,.T.);
#12378=ORIENTED_EDGE('',*,*,#8834,.F.);
#12379=ORIENTED_EDGE('',*,*,#8835,.F.);
#12380=ORIENTED_EDGE('',*,*,#8836,.F.);
#12381=ORIENTED_EDGE('',*,*,#8835,.T.);
#12382=ORIENTED_EDGE('',*,*,#8837,.F.);
#12383=ORIENTED_EDGE('',*,*,#8838,.F.);
#12384=ORIENTED_EDGE('',*,*,#8839,.F.);
#12385=ORIENTED_EDGE('',*,*,#8838,.T.);
#12386=ORIENTED_EDGE('',*,*,#8840,.F.);
#12387=ORIENTED_EDGE('',*,*,#8841,.F.);
#12388=ORIENTED_EDGE('',*,*,#8842,.F.);
#12389=ORIENTED_EDGE('',*,*,#8841,.T.);
#12390=ORIENTED_EDGE('',*,*,#8843,.F.);
#12391=ORIENTED_EDGE('',*,*,#8844,.F.);
#12392=ORIENTED_EDGE('',*,*,#8845,.F.);
#12393=ORIENTED_EDGE('',*,*,#8844,.T.);
#12394=ORIENTED_EDGE('',*,*,#8846,.F.);
#12395=ORIENTED_EDGE('',*,*,#8704,.F.);
#12396=ORIENTED_EDGE('',*,*,#8846,.T.);
#12397=ORIENTED_EDGE('',*,*,#8843,.T.);
#12398=ORIENTED_EDGE('',*,*,#8840,.T.);
#12399=ORIENTED_EDGE('',*,*,#8837,.T.);
#12400=ORIENTED_EDGE('',*,*,#8834,.T.);
#12401=ORIENTED_EDGE('',*,*,#8831,.T.);
#12402=ORIENTED_EDGE('',*,*,#8828,.T.);
#12403=ORIENTED_EDGE('',*,*,#8825,.T.);
#12404=ORIENTED_EDGE('',*,*,#8822,.T.);
#12405=ORIENTED_EDGE('',*,*,#8819,.T.);
#12406=ORIENTED_EDGE('',*,*,#8816,.T.);
#12407=ORIENTED_EDGE('',*,*,#8813,.T.);
#12408=ORIENTED_EDGE('',*,*,#8810,.T.);
#12409=ORIENTED_EDGE('',*,*,#8807,.T.);
#12410=ORIENTED_EDGE('',*,*,#8804,.T.);
#12411=ORIENTED_EDGE('',*,*,#8801,.T.);
#12412=ORIENTED_EDGE('',*,*,#8798,.T.);
#12413=ORIENTED_EDGE('',*,*,#8795,.T.);
#12414=ORIENTED_EDGE('',*,*,#8792,.T.);
#12415=ORIENTED_EDGE('',*,*,#8789,.T.);
#12416=ORIENTED_EDGE('',*,*,#8786,.T.);
#12417=ORIENTED_EDGE('',*,*,#8783,.T.);
#12418=ORIENTED_EDGE('',*,*,#8780,.T.);
#12419=ORIENTED_EDGE('',*,*,#8777,.T.);
#12420=ORIENTED_EDGE('',*,*,#8774,.T.);
#12421=ORIENTED_EDGE('',*,*,#8771,.T.);
#12422=ORIENTED_EDGE('',*,*,#8768,.T.);
#12423=ORIENTED_EDGE('',*,*,#8765,.T.);
#12424=ORIENTED_EDGE('',*,*,#8762,.T.);
#12425=ORIENTED_EDGE('',*,*,#8759,.T.);
#12426=ORIENTED_EDGE('',*,*,#8756,.T.);
#12427=ORIENTED_EDGE('',*,*,#8753,.T.);
#12428=ORIENTED_EDGE('',*,*,#8750,.T.);
#12429=ORIENTED_EDGE('',*,*,#8747,.T.);
#12430=ORIENTED_EDGE('',*,*,#8744,.T.);
#12431=ORIENTED_EDGE('',*,*,#8741,.T.);
#12432=ORIENTED_EDGE('',*,*,#8738,.T.);
#12433=ORIENTED_EDGE('',*,*,#8735,.T.);
#12434=ORIENTED_EDGE('',*,*,#8732,.T.);
#12435=ORIENTED_EDGE('',*,*,#8729,.T.);
#12436=ORIENTED_EDGE('',*,*,#8726,.T.);
#12437=ORIENTED_EDGE('',*,*,#8723,.T.);
#12438=ORIENTED_EDGE('',*,*,#8720,.T.);
#12439=ORIENTED_EDGE('',*,*,#8717,.T.);
#12440=ORIENTED_EDGE('',*,*,#8714,.T.);
#12441=ORIENTED_EDGE('',*,*,#8711,.T.);
#12442=ORIENTED_EDGE('',*,*,#8708,.T.);
#12443=ORIENTED_EDGE('',*,*,#8705,.T.);
#12444=ORIENTED_EDGE('',*,*,#8700,.T.);
#12445=ORIENTED_EDGE('',*,*,#8845,.T.);
#12446=ORIENTED_EDGE('',*,*,#8703,.T.);
#12447=ORIENTED_EDGE('',*,*,#8707,.T.);
#12448=ORIENTED_EDGE('',*,*,#8710,.T.);
#12449=ORIENTED_EDGE('',*,*,#8713,.T.);
#12450=ORIENTED_EDGE('',*,*,#8716,.T.);
#12451=ORIENTED_EDGE('',*,*,#8719,.T.);
#12452=ORIENTED_EDGE('',*,*,#8722,.T.);
#12453=ORIENTED_EDGE('',*,*,#8725,.T.);
#12454=ORIENTED_EDGE('',*,*,#8728,.T.);
#12455=ORIENTED_EDGE('',*,*,#8731,.T.);
#12456=ORIENTED_EDGE('',*,*,#8734,.T.);
#12457=ORIENTED_EDGE('',*,*,#8737,.T.);
#12458=ORIENTED_EDGE('',*,*,#8740,.T.);
#12459=ORIENTED_EDGE('',*,*,#8743,.T.);
#12460=ORIENTED_EDGE('',*,*,#8746,.T.);
#12461=ORIENTED_EDGE('',*,*,#8749,.T.);
#12462=ORIENTED_EDGE('',*,*,#8752,.T.);
#12463=ORIENTED_EDGE('',*,*,#8755,.T.);
#12464=ORIENTED_EDGE('',*,*,#8758,.T.);
#12465=ORIENTED_EDGE('',*,*,#8761,.T.);
#12466=ORIENTED_EDGE('',*,*,#8764,.T.);
#12467=ORIENTED_EDGE('',*,*,#8767,.T.);
#12468=ORIENTED_EDGE('',*,*,#8770,.T.);
#12469=ORIENTED_EDGE('',*,*,#8773,.T.);
#12470=ORIENTED_EDGE('',*,*,#8776,.T.);
#12471=ORIENTED_EDGE('',*,*,#8779,.T.);
#12472=ORIENTED_EDGE('',*,*,#8782,.T.);
#12473=ORIENTED_EDGE('',*,*,#8785,.T.);
#12474=ORIENTED_EDGE('',*,*,#8788,.T.);
#12475=ORIENTED_EDGE('',*,*,#8791,.T.);
#12476=ORIENTED_EDGE('',*,*,#8794,.T.);
#12477=ORIENTED_EDGE('',*,*,#8797,.T.);
#12478=ORIENTED_EDGE('',*,*,#8800,.T.);
#12479=ORIENTED_EDGE('',*,*,#8803,.T.);
#12480=ORIENTED_EDGE('',*,*,#8806,.T.);
#12481=ORIENTED_EDGE('',*,*,#8809,.T.);
#12482=ORIENTED_EDGE('',*,*,#8812,.T.);
#12483=ORIENTED_EDGE('',*,*,#8815,.T.);
#12484=ORIENTED_EDGE('',*,*,#8818,.T.);
#12485=ORIENTED_EDGE('',*,*,#8821,.T.);
#12486=ORIENTED_EDGE('',*,*,#8824,.T.);
#12487=ORIENTED_EDGE('',*,*,#8827,.T.);
#12488=ORIENTED_EDGE('',*,*,#8830,.T.);
#12489=ORIENTED_EDGE('',*,*,#8833,.T.);
#12490=ORIENTED_EDGE('',*,*,#8836,.T.);
#12491=ORIENTED_EDGE('',*,*,#8839,.T.);
#12492=ORIENTED_EDGE('',*,*,#8842,.T.);
#12493=ORIENTED_EDGE('',*,*,#8702,.F.);
#12494=ORIENTED_EDGE('',*,*,#8847,.T.);
#12495=ORIENTED_EDGE('',*,*,#8848,.T.);
#12496=ORIENTED_EDGE('',*,*,#8849,.F.);
#12497=ORIENTED_EDGE('',*,*,#8850,.F.);
#12498=ORIENTED_EDGE('',*,*,#8851,.T.);
#12499=ORIENTED_EDGE('',*,*,#8850,.T.);
#12500=ORIENTED_EDGE('',*,*,#8852,.F.);
#12501=ORIENTED_EDGE('',*,*,#8853,.F.);
#12502=ORIENTED_EDGE('',*,*,#8854,.T.);
#12503=ORIENTED_EDGE('',*,*,#8853,.T.);
#12504=ORIENTED_EDGE('',*,*,#8855,.F.);
#12505=ORIENTED_EDGE('',*,*,#8856,.F.);
#12506=ORIENTED_EDGE('',*,*,#8857,.T.);
#12507=ORIENTED_EDGE('',*,*,#8856,.T.);
#12508=ORIENTED_EDGE('',*,*,#8858,.F.);
#12509=ORIENTED_EDGE('',*,*,#8848,.F.);
#12510=ORIENTED_EDGE('',*,*,#8858,.T.);
#12511=ORIENTED_EDGE('',*,*,#8855,.T.);
#12512=ORIENTED_EDGE('',*,*,#8852,.T.);
#12513=ORIENTED_EDGE('',*,*,#8849,.T.);
#12514=ORIENTED_EDGE('',*,*,#8857,.F.);
#12515=ORIENTED_EDGE('',*,*,#8847,.F.);
#12516=ORIENTED_EDGE('',*,*,#8851,.F.);
#12517=ORIENTED_EDGE('',*,*,#8854,.F.);
#12518=ORIENTED_EDGE('',*,*,#8859,.F.);
#12519=ORIENTED_EDGE('',*,*,#8860,.T.);
#12520=ORIENTED_EDGE('',*,*,#8861,.F.);
#12521=ORIENTED_EDGE('',*,*,#8862,.F.);
#12522=ORIENTED_EDGE('',*,*,#8863,.F.);
#12523=ORIENTED_EDGE('',*,*,#8862,.T.);
#12524=ORIENTED_EDGE('',*,*,#8864,.F.);
#12525=ORIENTED_EDGE('',*,*,#8865,.F.);
#12526=ORIENTED_EDGE('',*,*,#8866,.F.);
#12527=ORIENTED_EDGE('',*,*,#8865,.T.);
#12528=ORIENTED_EDGE('',*,*,#8867,.F.);
#12529=ORIENTED_EDGE('',*,*,#8868,.F.);
#12530=ORIENTED_EDGE('',*,*,#8869,.F.);
#12531=ORIENTED_EDGE('',*,*,#8868,.T.);
#12532=ORIENTED_EDGE('',*,*,#8870,.F.);
#12533=ORIENTED_EDGE('',*,*,#8860,.F.);
#12534=ORIENTED_EDGE('',*,*,#8870,.T.);
#12535=ORIENTED_EDGE('',*,*,#8867,.T.);
#12536=ORIENTED_EDGE('',*,*,#8864,.T.);
#12537=ORIENTED_EDGE('',*,*,#8861,.T.);
#12538=ORIENTED_EDGE('',*,*,#8869,.T.);
#12539=ORIENTED_EDGE('',*,*,#8859,.T.);
#12540=ORIENTED_EDGE('',*,*,#8863,.T.);
#12541=ORIENTED_EDGE('',*,*,#8866,.T.);
#12542=ORIENTED_EDGE('',*,*,#8871,.F.);
#12543=ORIENTED_EDGE('',*,*,#8872,.T.);
#12544=ORIENTED_EDGE('',*,*,#8873,.F.);
#12545=ORIENTED_EDGE('',*,*,#8872,.F.);
#12546=ORIENTED_EDGE('',*,*,#8871,.T.);
#12547=ORIENTED_EDGE('',*,*,#8874,.T.);
#12548=ORIENTED_EDGE('',*,*,#8875,.F.);
#12549=ORIENTED_EDGE('',*,*,#8876,.T.);
#12550=ORIENTED_EDGE('',*,*,#8874,.F.);
#12551=ORIENTED_EDGE('',*,*,#8876,.F.);
#12552=ORIENTED_EDGE('',*,*,#8877,.F.);
#12553=ORIENTED_EDGE('',*,*,#8878,.T.);
#12554=ORIENTED_EDGE('',*,*,#8879,.F.);
#12555=ORIENTED_EDGE('',*,*,#8878,.F.);
#12556=ORIENTED_EDGE('',*,*,#8877,.T.);
#12557=ORIENTED_EDGE('',*,*,#8875,.T.);
#12558=ORIENTED_EDGE('',*,*,#8880,.F.);
#12559=ORIENTED_EDGE('',*,*,#8881,.T.);
#12560=ORIENTED_EDGE('',*,*,#8882,.F.);
#12561=ORIENTED_EDGE('',*,*,#8881,.F.);
#12562=ORIENTED_EDGE('',*,*,#8880,.T.);
#12563=ORIENTED_EDGE('',*,*,#8883,.T.);
#12564=ORIENTED_EDGE('',*,*,#8884,.F.);
#12565=ORIENTED_EDGE('',*,*,#8885,.T.);
#12566=ORIENTED_EDGE('',*,*,#8883,.F.);
#12567=ORIENTED_EDGE('',*,*,#8885,.F.);
#12568=ORIENTED_EDGE('',*,*,#8886,.F.);
#12569=ORIENTED_EDGE('',*,*,#8887,.T.);
#12570=ORIENTED_EDGE('',*,*,#8888,.F.);
#12571=ORIENTED_EDGE('',*,*,#8887,.F.);
#12572=ORIENTED_EDGE('',*,*,#8886,.T.);
#12573=ORIENTED_EDGE('',*,*,#8884,.T.);
#12574=ORIENTED_EDGE('',*,*,#8889,.F.);
#12575=ORIENTED_EDGE('',*,*,#8890,.T.);
#12576=ORIENTED_EDGE('',*,*,#8891,.F.);
#12577=ORIENTED_EDGE('',*,*,#8890,.F.);
#12578=ORIENTED_EDGE('',*,*,#8889,.T.);
#12579=ORIENTED_EDGE('',*,*,#8892,.T.);
#12580=ORIENTED_EDGE('',*,*,#8893,.F.);
#12581=ORIENTED_EDGE('',*,*,#8894,.T.);
#12582=ORIENTED_EDGE('',*,*,#8892,.F.);
#12583=ORIENTED_EDGE('',*,*,#8894,.F.);
#12584=ORIENTED_EDGE('',*,*,#8895,.F.);
#12585=ORIENTED_EDGE('',*,*,#8896,.T.);
#12586=ORIENTED_EDGE('',*,*,#8897,.F.);
#12587=ORIENTED_EDGE('',*,*,#8896,.F.);
#12588=ORIENTED_EDGE('',*,*,#8895,.T.);
#12589=ORIENTED_EDGE('',*,*,#8893,.T.);
#12590=ORIENTED_EDGE('',*,*,#8898,.F.);
#12591=ORIENTED_EDGE('',*,*,#8899,.T.);
#12592=ORIENTED_EDGE('',*,*,#8900,.F.);
#12593=ORIENTED_EDGE('',*,*,#8901,.F.);
#12594=ORIENTED_EDGE('',*,*,#8902,.F.);
#12595=ORIENTED_EDGE('',*,*,#8901,.T.);
#12596=ORIENTED_EDGE('',*,*,#8903,.F.);
#12597=ORIENTED_EDGE('',*,*,#8904,.F.);
#12598=ORIENTED_EDGE('',*,*,#8905,.F.);
#12599=ORIENTED_EDGE('',*,*,#8904,.T.);
#12600=ORIENTED_EDGE('',*,*,#8906,.F.);
#12601=ORIENTED_EDGE('',*,*,#8907,.F.);
#12602=ORIENTED_EDGE('',*,*,#8908,.F.);
#12603=ORIENTED_EDGE('',*,*,#8907,.T.);
#12604=ORIENTED_EDGE('',*,*,#8909,.F.);
#12605=ORIENTED_EDGE('',*,*,#8899,.F.);
#12606=ORIENTED_EDGE('',*,*,#8909,.T.);
#12607=ORIENTED_EDGE('',*,*,#8906,.T.);
#12608=ORIENTED_EDGE('',*,*,#8903,.T.);
#12609=ORIENTED_EDGE('',*,*,#8900,.T.);
#12610=ORIENTED_EDGE('',*,*,#8879,.T.);
#12611=ORIENTED_EDGE('',*,*,#8888,.T.);
#12612=ORIENTED_EDGE('',*,*,#8897,.T.);
#12613=ORIENTED_EDGE('',*,*,#8908,.T.);
#12614=ORIENTED_EDGE('',*,*,#8898,.T.);
#12615=ORIENTED_EDGE('',*,*,#8902,.T.);
#12616=ORIENTED_EDGE('',*,*,#8905,.T.);
#12617=ORIENTED_EDGE('',*,*,#8873,.T.);
#12618=ORIENTED_EDGE('',*,*,#8882,.T.);
#12619=ORIENTED_EDGE('',*,*,#8891,.T.);
#12620=ORIENTED_EDGE('',*,*,#8910,.F.);
#12621=ORIENTED_EDGE('',*,*,#8911,.T.);
#12622=ORIENTED_EDGE('',*,*,#8912,.F.);
#12623=ORIENTED_EDGE('',*,*,#8913,.F.);
#12624=ORIENTED_EDGE('',*,*,#8914,.F.);
#12625=ORIENTED_EDGE('',*,*,#8913,.T.);
#12626=ORIENTED_EDGE('',*,*,#8915,.F.);
#12627=ORIENTED_EDGE('',*,*,#8916,.F.);
#12628=ORIENTED_EDGE('',*,*,#8917,.F.);
#12629=ORIENTED_EDGE('',*,*,#8916,.T.);
#12630=ORIENTED_EDGE('',*,*,#8918,.F.);
#12631=ORIENTED_EDGE('',*,*,#8919,.F.);
#12632=ORIENTED_EDGE('',*,*,#8920,.F.);
#12633=ORIENTED_EDGE('',*,*,#8919,.T.);
#12634=ORIENTED_EDGE('',*,*,#8921,.F.);
#12635=ORIENTED_EDGE('',*,*,#8911,.F.);
#12636=ORIENTED_EDGE('',*,*,#8921,.T.);
#12637=ORIENTED_EDGE('',*,*,#8918,.T.);
#12638=ORIENTED_EDGE('',*,*,#8915,.T.);
#12639=ORIENTED_EDGE('',*,*,#8912,.T.);
#12640=ORIENTED_EDGE('',*,*,#8920,.T.);
#12641=ORIENTED_EDGE('',*,*,#8910,.T.);
#12642=ORIENTED_EDGE('',*,*,#8914,.T.);
#12643=ORIENTED_EDGE('',*,*,#8917,.T.);
#12644=ORIENTED_EDGE('',*,*,#8922,.F.);
#12645=ORIENTED_EDGE('',*,*,#8923,.T.);
#12646=ORIENTED_EDGE('',*,*,#8924,.F.);
#12647=ORIENTED_EDGE('',*,*,#8925,.F.);
#12648=ORIENTED_EDGE('',*,*,#8926,.F.);
#12649=ORIENTED_EDGE('',*,*,#8925,.T.);
#12650=ORIENTED_EDGE('',*,*,#8927,.F.);
#12651=ORIENTED_EDGE('',*,*,#8928,.F.);
#12652=ORIENTED_EDGE('',*,*,#8929,.F.);
#12653=ORIENTED_EDGE('',*,*,#8928,.T.);
#12654=ORIENTED_EDGE('',*,*,#8930,.F.);
#12655=ORIENTED_EDGE('',*,*,#8931,.F.);
#12656=ORIENTED_EDGE('',*,*,#8932,.F.);
#12657=ORIENTED_EDGE('',*,*,#8931,.T.);
#12658=ORIENTED_EDGE('',*,*,#8933,.F.);
#12659=ORIENTED_EDGE('',*,*,#8923,.F.);
#12660=ORIENTED_EDGE('',*,*,#8933,.T.);
#12661=ORIENTED_EDGE('',*,*,#8930,.T.);
#12662=ORIENTED_EDGE('',*,*,#8927,.T.);
#12663=ORIENTED_EDGE('',*,*,#8924,.T.);
#12664=ORIENTED_EDGE('',*,*,#8932,.T.);
#12665=ORIENTED_EDGE('',*,*,#8922,.T.);
#12666=ORIENTED_EDGE('',*,*,#8926,.T.);
#12667=ORIENTED_EDGE('',*,*,#8929,.T.);
#12668=ORIENTED_EDGE('',*,*,#8934,.T.);
#12669=ORIENTED_EDGE('',*,*,#8935,.T.);
#12670=ORIENTED_EDGE('',*,*,#8936,.T.);
#12671=ORIENTED_EDGE('',*,*,#8937,.T.);
#12672=ORIENTED_EDGE('',*,*,#8938,.T.);
#12673=ORIENTED_EDGE('',*,*,#8939,.T.);
#12674=ORIENTED_EDGE('',*,*,#8940,.T.);
#12675=ORIENTED_EDGE('',*,*,#8941,.T.);
#12676=ORIENTED_EDGE('',*,*,#8942,.T.);
#12677=ORIENTED_EDGE('',*,*,#8939,.F.);
#12678=ORIENTED_EDGE('',*,*,#8943,.T.);
#12679=ORIENTED_EDGE('',*,*,#8935,.F.);
#12680=ORIENTED_EDGE('',*,*,#8944,.T.);
#12681=ORIENTED_EDGE('',*,*,#8937,.F.);
#12682=ORIENTED_EDGE('',*,*,#8945,.T.);
#12683=ORIENTED_EDGE('',*,*,#8941,.F.);
#12684=ORIENTED_EDGE('',*,*,#8944,.F.);
#12685=ORIENTED_EDGE('',*,*,#8946,.T.);
#12686=ORIENTED_EDGE('',*,*,#8947,.T.);
#12687=ORIENTED_EDGE('',*,*,#8948,.T.);
#12688=ORIENTED_EDGE('',*,*,#8949,.T.);
#12689=ORIENTED_EDGE('',*,*,#8950,.T.);
#12690=ORIENTED_EDGE('',*,*,#8951,.T.);
#12691=ORIENTED_EDGE('',*,*,#8952,.T.);
#12692=ORIENTED_EDGE('',*,*,#8940,.F.);
#12693=ORIENTED_EDGE('',*,*,#8953,.F.);
#12694=ORIENTED_EDGE('',*,*,#8954,.T.);
#12695=ORIENTED_EDGE('',*,*,#8946,.F.);
#12696=ORIENTED_EDGE('',*,*,#8938,.F.);
#12697=ORIENTED_EDGE('',*,*,#8945,.F.);
#12698=ORIENTED_EDGE('',*,*,#8936,.F.);
#12699=ORIENTED_EDGE('',*,*,#8943,.F.);
#12700=ORIENTED_EDGE('',*,*,#8942,.F.);
#12701=ORIENTED_EDGE('',*,*,#8955,.T.);
#12702=ORIENTED_EDGE('',*,*,#8956,.T.);
#12703=ORIENTED_EDGE('',*,*,#8957,.T.);
#12704=ORIENTED_EDGE('',*,*,#8958,.T.);
#12705=ORIENTED_EDGE('',*,*,#8959,.T.);
#12706=ORIENTED_EDGE('',*,*,#8960,.T.);
#12707=ORIENTED_EDGE('',*,*,#8953,.T.);
#12708=ORIENTED_EDGE('',*,*,#8961,.F.);
#12709=ORIENTED_EDGE('',*,*,#8947,.F.);
#12710=ORIENTED_EDGE('',*,*,#8954,.F.);
#12711=ORIENTED_EDGE('',*,*,#8960,.F.);
#12712=ORIENTED_EDGE('',*,*,#8934,.F.);
#12713=ORIENTED_EDGE('',*,*,#8952,.F.);
#12714=ORIENTED_EDGE('',*,*,#8962,.F.);
#12715=ORIENTED_EDGE('',*,*,#8955,.F.);
#12716=ORIENTED_EDGE('',*,*,#8962,.T.);
#12717=ORIENTED_EDGE('',*,*,#8951,.F.);
#12718=ORIENTED_EDGE('',*,*,#8963,.F.);
#12719=ORIENTED_EDGE('',*,*,#8956,.F.);
#12720=ORIENTED_EDGE('',*,*,#8963,.T.);
#12721=ORIENTED_EDGE('',*,*,#8950,.F.);
#12722=ORIENTED_EDGE('',*,*,#8964,.F.);
#12723=ORIENTED_EDGE('',*,*,#8957,.F.);
#12724=ORIENTED_EDGE('',*,*,#8964,.T.);
#12725=ORIENTED_EDGE('',*,*,#8949,.F.);
#12726=ORIENTED_EDGE('',*,*,#8965,.F.);
#12727=ORIENTED_EDGE('',*,*,#8958,.F.);
#12728=ORIENTED_EDGE('',*,*,#8965,.T.);
#12729=ORIENTED_EDGE('',*,*,#8948,.F.);
#12730=ORIENTED_EDGE('',*,*,#8961,.T.);
#12731=ORIENTED_EDGE('',*,*,#8959,.F.);
#12732=CYLINDRICAL_SURFACE('',#13459,2.5);
#12733=CYLINDRICAL_SURFACE('',#13512,2.5);
#12734=CYLINDRICAL_SURFACE('',#13565,2.5);
#12735=CYLINDRICAL_SURFACE('',#13618,2.5);
#12736=CYLINDRICAL_SURFACE('',#13671,2.5);
#12737=CYLINDRICAL_SURFACE('',#13724,2.5);
#12738=CYLINDRICAL_SURFACE('',#13777,2.5);
#12739=CYLINDRICAL_SURFACE('',#13830,2.5);
#12740=CYLINDRICAL_SURFACE('',#13883,2.5);
#12741=CYLINDRICAL_SURFACE('',#13936,2.5);
#12742=CYLINDRICAL_SURFACE('',#13989,2.5);
#12743=CYLINDRICAL_SURFACE('',#14042,2.5);
#12744=CYLINDRICAL_SURFACE('',#14107,12.);
#12745=CYLINDRICAL_SURFACE('',#14112,3.5);
#12746=CYLINDRICAL_SURFACE('',#14114,12.);
#12747=CYLINDRICAL_SURFACE('',#14118,12.);
#12748=CYLINDRICAL_SURFACE('',#14123,3.5);
#12749=CYLINDRICAL_SURFACE('',#14125,12.);
#12750=CYLINDRICAL_SURFACE('',#14129,12.);
#12751=CYLINDRICAL_SURFACE('',#14134,3.5);
#12752=CYLINDRICAL_SURFACE('',#14136,12.);
#12753=CYLINDRICAL_SURFACE('',#14158,3.);
#12754=CYLINDRICAL_SURFACE('',#14161,3.);
#12755=CYLINDRICAL_SURFACE('',#14164,3.);
#12756=CYLINDRICAL_SURFACE('',#14165,3.);
#12757=ADVANCED_FACE('',(#735),#12732,.F.);
#12758=ADVANCED_FACE('',(#736),#89,.T.);
#12759=ADVANCED_FACE('',(#737),#90,.T.);
#12760=ADVANCED_FACE('',(#738),#91,.T.);
#12761=ADVANCED_FACE('',(#739),#92,.T.);
#12762=ADVANCED_FACE('',(#740),#93,.T.);
#12763=ADVANCED_FACE('',(#741),#94,.T.);
#12764=ADVANCED_FACE('',(#742),#95,.T.);
#12765=ADVANCED_FACE('',(#743),#96,.T.);
#12766=ADVANCED_FACE('',(#744),#97,.T.);
#12767=ADVANCED_FACE('',(#745),#98,.T.);
#12768=ADVANCED_FACE('',(#746),#99,.T.);
#12769=ADVANCED_FACE('',(#747),#100,.T.);
#12770=ADVANCED_FACE('',(#748),#101,.T.);
#12771=ADVANCED_FACE('',(#749),#102,.T.);
#12772=ADVANCED_FACE('',(#750),#103,.T.);
#12773=ADVANCED_FACE('',(#751),#104,.T.);
#12774=ADVANCED_FACE('',(#752),#105,.T.);
#12775=ADVANCED_FACE('',(#753),#106,.T.);
#12776=ADVANCED_FACE('',(#754),#107,.T.);
#12777=ADVANCED_FACE('',(#755),#108,.T.);
#12778=ADVANCED_FACE('',(#756),#109,.T.);
#12779=ADVANCED_FACE('',(#757),#110,.T.);
#12780=ADVANCED_FACE('',(#758),#111,.T.);
#12781=ADVANCED_FACE('',(#759),#112,.T.);
#12782=ADVANCED_FACE('',(#760),#113,.T.);
#12783=ADVANCED_FACE('',(#761),#114,.T.);
#12784=ADVANCED_FACE('',(#762),#115,.T.);
#12785=ADVANCED_FACE('',(#763),#116,.T.);
#12786=ADVANCED_FACE('',(#764),#117,.T.);
#12787=ADVANCED_FACE('',(#765),#118,.T.);
#12788=ADVANCED_FACE('',(#766),#119,.T.);
#12789=ADVANCED_FACE('',(#767),#120,.T.);
#12790=ADVANCED_FACE('',(#768),#121,.T.);
#12791=ADVANCED_FACE('',(#769),#122,.T.);
#12792=ADVANCED_FACE('',(#770),#123,.T.);
#12793=ADVANCED_FACE('',(#771),#124,.T.);
#12794=ADVANCED_FACE('',(#772),#125,.T.);
#12795=ADVANCED_FACE('',(#773),#126,.T.);
#12796=ADVANCED_FACE('',(#774),#127,.T.);
#12797=ADVANCED_FACE('',(#775),#128,.T.);
#12798=ADVANCED_FACE('',(#776),#129,.T.);
#12799=ADVANCED_FACE('',(#777),#130,.T.);
#12800=ADVANCED_FACE('',(#778),#131,.T.);
#12801=ADVANCED_FACE('',(#779),#132,.T.);
#12802=ADVANCED_FACE('',(#780),#133,.T.);
#12803=ADVANCED_FACE('',(#781),#134,.T.);
#12804=ADVANCED_FACE('',(#782),#135,.T.);
#12805=ADVANCED_FACE('',(#783),#136,.T.);
#12806=ADVANCED_FACE('',(#784,#53),#137,.T.);
#12807=ADVANCED_FACE('',(#785,#54),#138,.F.);
#12808=ADVANCED_FACE('',(#786),#12733,.F.);
#12809=ADVANCED_FACE('',(#787),#139,.T.);
#12810=ADVANCED_FACE('',(#788),#140,.T.);
#12811=ADVANCED_FACE('',(#789),#141,.T.);
#12812=ADVANCED_FACE('',(#790),#142,.T.);
#12813=ADVANCED_FACE('',(#791),#143,.T.);
#12814=ADVANCED_FACE('',(#792),#144,.T.);
#12815=ADVANCED_FACE('',(#793),#145,.T.);
#12816=ADVANCED_FACE('',(#794),#146,.T.);
#12817=ADVANCED_FACE('',(#795),#147,.T.);
#12818=ADVANCED_FACE('',(#796),#148,.T.);
#12819=ADVANCED_FACE('',(#797),#149,.T.);
#12820=ADVANCED_FACE('',(#798),#150,.T.);
#12821=ADVANCED_FACE('',(#799),#151,.T.);
#12822=ADVANCED_FACE('',(#800),#152,.T.);
#12823=ADVANCED_FACE('',(#801),#153,.T.);
#12824=ADVANCED_FACE('',(#802),#154,.T.);
#12825=ADVANCED_FACE('',(#803),#155,.T.);
#12826=ADVANCED_FACE('',(#804),#156,.T.);
#12827=ADVANCED_FACE('',(#805),#157,.T.);
#12828=ADVANCED_FACE('',(#806),#158,.T.);
#12829=ADVANCED_FACE('',(#807),#159,.T.);
#12830=ADVANCED_FACE('',(#808),#160,.T.);
#12831=ADVANCED_FACE('',(#809),#161,.T.);
#12832=ADVANCED_FACE('',(#810),#162,.T.);
#12833=ADVANCED_FACE('',(#811),#163,.T.);
#12834=ADVANCED_FACE('',(#812),#164,.T.);
#12835=ADVANCED_FACE('',(#813),#165,.T.);
#12836=ADVANCED_FACE('',(#814),#166,.T.);
#12837=ADVANCED_FACE('',(#815),#167,.T.);
#12838=ADVANCED_FACE('',(#816),#168,.T.);
#12839=ADVANCED_FACE('',(#817),#169,.T.);
#12840=ADVANCED_FACE('',(#818),#170,.T.);
#12841=ADVANCED_FACE('',(#819),#171,.T.);
#12842=ADVANCED_FACE('',(#820),#172,.T.);
#12843=ADVANCED_FACE('',(#821),#173,.T.);
#12844=ADVANCED_FACE('',(#822),#174,.T.);
#12845=ADVANCED_FACE('',(#823),#175,.T.);
#12846=ADVANCED_FACE('',(#824),#176,.T.);
#12847=ADVANCED_FACE('',(#825),#177,.T.);
#12848=ADVANCED_FACE('',(#826),#178,.T.);
#12849=ADVANCED_FACE('',(#827),#179,.T.);
#12850=ADVANCED_FACE('',(#828),#180,.T.);
#12851=ADVANCED_FACE('',(#829),#181,.T.);
#12852=ADVANCED_FACE('',(#830),#182,.T.);
#12853=ADVANCED_FACE('',(#831),#183,.T.);
#12854=ADVANCED_FACE('',(#832),#184,.T.);
#12855=ADVANCED_FACE('',(#833),#185,.T.);
#12856=ADVANCED_FACE('',(#834),#186,.T.);
#12857=ADVANCED_FACE('',(#835,#55),#187,.T.);
#12858=ADVANCED_FACE('',(#836,#56),#188,.F.);
#12859=ADVANCED_FACE('',(#837),#12734,.F.);
#12860=ADVANCED_FACE('',(#838),#189,.T.);
#12861=ADVANCED_FACE('',(#839),#190,.T.);
#12862=ADVANCED_FACE('',(#840),#191,.T.);
#12863=ADVANCED_FACE('',(#841),#192,.T.);
#12864=ADVANCED_FACE('',(#842),#193,.T.);
#12865=ADVANCED_FACE('',(#843),#194,.T.);
#12866=ADVANCED_FACE('',(#844),#195,.T.);
#12867=ADVANCED_FACE('',(#845),#196,.T.);
#12868=ADVANCED_FACE('',(#846),#197,.T.);
#12869=ADVANCED_FACE('',(#847),#198,.T.);
#12870=ADVANCED_FACE('',(#848),#199,.T.);
#12871=ADVANCED_FACE('',(#849),#200,.T.);
#12872=ADVANCED_FACE('',(#850),#201,.T.);
#12873=ADVANCED_FACE('',(#851),#202,.T.);
#12874=ADVANCED_FACE('',(#852),#203,.T.);
#12875=ADVANCED_FACE('',(#853),#204,.T.);
#12876=ADVANCED_FACE('',(#854),#205,.T.);
#12877=ADVANCED_FACE('',(#855),#206,.T.);
#12878=ADVANCED_FACE('',(#856),#207,.T.);
#12879=ADVANCED_FACE('',(#857),#208,.T.);
#12880=ADVANCED_FACE('',(#858),#209,.T.);
#12881=ADVANCED_FACE('',(#859),#210,.T.);
#12882=ADVANCED_FACE('',(#860),#211,.T.);
#12883=ADVANCED_FACE('',(#861),#212,.T.);
#12884=ADVANCED_FACE('',(#862),#213,.T.);
#12885=ADVANCED_FACE('',(#863),#214,.T.);
#12886=ADVANCED_FACE('',(#864),#215,.T.);
#12887=ADVANCED_FACE('',(#865),#216,.T.);
#12888=ADVANCED_FACE('',(#866),#217,.T.);
#12889=ADVANCED_FACE('',(#867),#218,.T.);
#12890=ADVANCED_FACE('',(#868),#219,.T.);
#12891=ADVANCED_FACE('',(#869),#220,.T.);
#12892=ADVANCED_FACE('',(#870),#221,.T.);
#12893=ADVANCED_FACE('',(#871),#222,.T.);
#12894=ADVANCED_FACE('',(#872),#223,.T.);
#12895=ADVANCED_FACE('',(#873),#224,.T.);
#12896=ADVANCED_FACE('',(#874),#225,.T.);
#12897=ADVANCED_FACE('',(#875),#226,.T.);
#12898=ADVANCED_FACE('',(#876),#227,.T.);
#12899=ADVANCED_FACE('',(#877),#228,.T.);
#12900=ADVANCED_FACE('',(#878),#229,.T.);
#12901=ADVANCED_FACE('',(#879),#230,.T.);
#12902=ADVANCED_FACE('',(#880),#231,.T.);
#12903=ADVANCED_FACE('',(#881),#232,.T.);
#12904=ADVANCED_FACE('',(#882),#233,.T.);
#12905=ADVANCED_FACE('',(#883),#234,.T.);
#12906=ADVANCED_FACE('',(#884),#235,.T.);
#12907=ADVANCED_FACE('',(#885),#236,.T.);
#12908=ADVANCED_FACE('',(#886,#57),#237,.T.);
#12909=ADVANCED_FACE('',(#887,#58),#238,.F.);
#12910=ADVANCED_FACE('',(#888),#12735,.F.);
#12911=ADVANCED_FACE('',(#889),#239,.T.);
#12912=ADVANCED_FACE('',(#890),#240,.T.);
#12913=ADVANCED_FACE('',(#891),#241,.T.);
#12914=ADVANCED_FACE('',(#892),#242,.T.);
#12915=ADVANCED_FACE('',(#893),#243,.T.);
#12916=ADVANCED_FACE('',(#894),#244,.T.);
#12917=ADVANCED_FACE('',(#895),#245,.T.);
#12918=ADVANCED_FACE('',(#896),#246,.T.);
#12919=ADVANCED_FACE('',(#897),#247,.T.);
#12920=ADVANCED_FACE('',(#898),#248,.T.);
#12921=ADVANCED_FACE('',(#899),#249,.T.);
#12922=ADVANCED_FACE('',(#900),#250,.T.);
#12923=ADVANCED_FACE('',(#901),#251,.T.);
#12924=ADVANCED_FACE('',(#902),#252,.T.);
#12925=ADVANCED_FACE('',(#903),#253,.T.);
#12926=ADVANCED_FACE('',(#904),#254,.T.);
#12927=ADVANCED_FACE('',(#905),#255,.T.);
#12928=ADVANCED_FACE('',(#906),#256,.T.);
#12929=ADVANCED_FACE('',(#907),#257,.T.);
#12930=ADVANCED_FACE('',(#908),#258,.T.);
#12931=ADVANCED_FACE('',(#909),#259,.T.);
#12932=ADVANCED_FACE('',(#910),#260,.T.);
#12933=ADVANCED_FACE('',(#911),#261,.T.);
#12934=ADVANCED_FACE('',(#912),#262,.T.);
#12935=ADVANCED_FACE('',(#913),#263,.T.);
#12936=ADVANCED_FACE('',(#914),#264,.T.);
#12937=ADVANCED_FACE('',(#915),#265,.T.);
#12938=ADVANCED_FACE('',(#916),#266,.T.);
#12939=ADVANCED_FACE('',(#917),#267,.T.);
#12940=ADVANCED_FACE('',(#918),#268,.T.);
#12941=ADVANCED_FACE('',(#919),#269,.T.);
#12942=ADVANCED_FACE('',(#920),#270,.T.);
#12943=ADVANCED_FACE('',(#921),#271,.T.);
#12944=ADVANCED_FACE('',(#922),#272,.T.);
#12945=ADVANCED_FACE('',(#923),#273,.T.);
#12946=ADVANCED_FACE('',(#924),#274,.T.);
#12947=ADVANCED_FACE('',(#925),#275,.T.);
#12948=ADVANCED_FACE('',(#926),#276,.T.);
#12949=ADVANCED_FACE('',(#927),#277,.T.);
#12950=ADVANCED_FACE('',(#928),#278,.T.);
#12951=ADVANCED_FACE('',(#929),#279,.T.);
#12952=ADVANCED_FACE('',(#930),#280,.T.);
#12953=ADVANCED_FACE('',(#931),#281,.T.);
#12954=ADVANCED_FACE('',(#932),#282,.T.);
#12955=ADVANCED_FACE('',(#933),#283,.T.);
#12956=ADVANCED_FACE('',(#934),#284,.T.);
#12957=ADVANCED_FACE('',(#935),#285,.T.);
#12958=ADVANCED_FACE('',(#936),#286,.T.);
#12959=ADVANCED_FACE('',(#937,#59),#287,.T.);
#12960=ADVANCED_FACE('',(#938,#60),#288,.F.);
#12961=ADVANCED_FACE('',(#939),#12736,.F.);
#12962=ADVANCED_FACE('',(#940),#289,.T.);
#12963=ADVANCED_FACE('',(#941),#290,.T.);
#12964=ADVANCED_FACE('',(#942),#291,.T.);
#12965=ADVANCED_FACE('',(#943),#292,.T.);
#12966=ADVANCED_FACE('',(#944),#293,.T.);
#12967=ADVANCED_FACE('',(#945),#294,.T.);
#12968=ADVANCED_FACE('',(#946),#295,.T.);
#12969=ADVANCED_FACE('',(#947),#296,.T.);
#12970=ADVANCED_FACE('',(#948),#297,.T.);
#12971=ADVANCED_FACE('',(#949),#298,.T.);
#12972=ADVANCED_FACE('',(#950),#299,.T.);
#12973=ADVANCED_FACE('',(#951),#300,.T.);
#12974=ADVANCED_FACE('',(#952),#301,.T.);
#12975=ADVANCED_FACE('',(#953),#302,.T.);
#12976=ADVANCED_FACE('',(#954),#303,.T.);
#12977=ADVANCED_FACE('',(#955),#304,.T.);
#12978=ADVANCED_FACE('',(#956),#305,.T.);
#12979=ADVANCED_FACE('',(#957),#306,.T.);
#12980=ADVANCED_FACE('',(#958),#307,.T.);
#12981=ADVANCED_FACE('',(#959),#308,.T.);
#12982=ADVANCED_FACE('',(#960),#309,.T.);
#12983=ADVANCED_FACE('',(#961),#310,.T.);
#12984=ADVANCED_FACE('',(#962),#311,.T.);
#12985=ADVANCED_FACE('',(#963),#312,.T.);
#12986=ADVANCED_FACE('',(#964),#313,.T.);
#12987=ADVANCED_FACE('',(#965),#314,.T.);
#12988=ADVANCED_FACE('',(#966),#315,.T.);
#12989=ADVANCED_FACE('',(#967),#316,.T.);
#12990=ADVANCED_FACE('',(#968),#317,.T.);
#12991=ADVANCED_FACE('',(#969),#318,.T.);
#12992=ADVANCED_FACE('',(#970),#319,.T.);
#12993=ADVANCED_FACE('',(#971),#320,.T.);
#12994=ADVANCED_FACE('',(#972),#321,.T.);
#12995=ADVANCED_FACE('',(#973),#322,.T.);
#12996=ADVANCED_FACE('',(#974),#323,.T.);
#12997=ADVANCED_FACE('',(#975),#324,.T.);
#12998=ADVANCED_FACE('',(#976),#325,.T.);
#12999=ADVANCED_FACE('',(#977),#326,.T.);
#13000=ADVANCED_FACE('',(#978),#327,.T.);
#13001=ADVANCED_FACE('',(#979),#328,.T.);
#13002=ADVANCED_FACE('',(#980),#329,.T.);
#13003=ADVANCED_FACE('',(#981),#330,.T.);
#13004=ADVANCED_FACE('',(#982),#331,.T.);
#13005=ADVANCED_FACE('',(#983),#332,.T.);
#13006=ADVANCED_FACE('',(#984),#333,.T.);
#13007=ADVANCED_FACE('',(#985),#334,.T.);
#13008=ADVANCED_FACE('',(#986),#335,.T.);
#13009=ADVANCED_FACE('',(#987),#336,.T.);
#13010=ADVANCED_FACE('',(#988,#61),#337,.T.);
#13011=ADVANCED_FACE('',(#989,#62),#338,.F.);
#13012=ADVANCED_FACE('',(#990),#12737,.F.);
#13013=ADVANCED_FACE('',(#991),#339,.T.);
#13014=ADVANCED_FACE('',(#992),#340,.T.);
#13015=ADVANCED_FACE('',(#993),#341,.T.);
#13016=ADVANCED_FACE('',(#994),#342,.T.);
#13017=ADVANCED_FACE('',(#995),#343,.T.);
#13018=ADVANCED_FACE('',(#996),#344,.T.);
#13019=ADVANCED_FACE('',(#997),#345,.T.);
#13020=ADVANCED_FACE('',(#998),#346,.T.);
#13021=ADVANCED_FACE('',(#999),#347,.T.);
#13022=ADVANCED_FACE('',(#1000),#348,.T.);
#13023=ADVANCED_FACE('',(#1001),#349,.T.);
#13024=ADVANCED_FACE('',(#1002),#350,.T.);
#13025=ADVANCED_FACE('',(#1003),#351,.T.);
#13026=ADVANCED_FACE('',(#1004),#352,.T.);
#13027=ADVANCED_FACE('',(#1005),#353,.T.);
#13028=ADVANCED_FACE('',(#1006),#354,.T.);
#13029=ADVANCED_FACE('',(#1007),#355,.T.);
#13030=ADVANCED_FACE('',(#1008),#356,.T.);
#13031=ADVANCED_FACE('',(#1009),#357,.T.);
#13032=ADVANCED_FACE('',(#1010),#358,.T.);
#13033=ADVANCED_FACE('',(#1011),#359,.T.);
#13034=ADVANCED_FACE('',(#1012),#360,.T.);
#13035=ADVANCED_FACE('',(#1013),#361,.T.);
#13036=ADVANCED_FACE('',(#1014),#362,.T.);
#13037=ADVANCED_FACE('',(#1015),#363,.T.);
#13038=ADVANCED_FACE('',(#1016),#364,.T.);
#13039=ADVANCED_FACE('',(#1017),#365,.T.);
#13040=ADVANCED_FACE('',(#1018),#366,.T.);
#13041=ADVANCED_FACE('',(#1019),#367,.T.);
#13042=ADVANCED_FACE('',(#1020),#368,.T.);
#13043=ADVANCED_FACE('',(#1021),#369,.T.);
#13044=ADVANCED_FACE('',(#1022),#370,.T.);
#13045=ADVANCED_FACE('',(#1023),#371,.T.);
#13046=ADVANCED_FACE('',(#1024),#372,.T.);
#13047=ADVANCED_FACE('',(#1025),#373,.T.);
#13048=ADVANCED_FACE('',(#1026),#374,.T.);
#13049=ADVANCED_FACE('',(#1027),#375,.T.);
#13050=ADVANCED_FACE('',(#1028),#376,.T.);
#13051=ADVANCED_FACE('',(#1029),#377,.T.);
#13052=ADVANCED_FACE('',(#1030),#378,.T.);
#13053=ADVANCED_FACE('',(#1031),#379,.T.);
#13054=ADVANCED_FACE('',(#1032),#380,.T.);
#13055=ADVANCED_FACE('',(#1033),#381,.T.);
#13056=ADVANCED_FACE('',(#1034),#382,.T.);
#13057=ADVANCED_FACE('',(#1035),#383,.T.);
#13058=ADVANCED_FACE('',(#1036),#384,.T.);
#13059=ADVANCED_FACE('',(#1037),#385,.T.);
#13060=ADVANCED_FACE('',(#1038),#386,.T.);
#13061=ADVANCED_FACE('',(#1039,#63),#387,.T.);
#13062=ADVANCED_FACE('',(#1040,#64),#388,.F.);
#13063=ADVANCED_FACE('',(#1041),#12738,.F.);
#13064=ADVANCED_FACE('',(#1042),#389,.T.);
#13065=ADVANCED_FACE('',(#1043),#390,.T.);
#13066=ADVANCED_FACE('',(#1044),#391,.T.);
#13067=ADVANCED_FACE('',(#1045),#392,.T.);
#13068=ADVANCED_FACE('',(#1046),#393,.T.);
#13069=ADVANCED_FACE('',(#1047),#394,.T.);
#13070=ADVANCED_FACE('',(#1048),#395,.T.);
#13071=ADVANCED_FACE('',(#1049),#396,.T.);
#13072=ADVANCED_FACE('',(#1050),#397,.T.);
#13073=ADVANCED_FACE('',(#1051),#398,.T.);
#13074=ADVANCED_FACE('',(#1052),#399,.T.);
#13075=ADVANCED_FACE('',(#1053),#400,.T.);
#13076=ADVANCED_FACE('',(#1054),#401,.T.);
#13077=ADVANCED_FACE('',(#1055),#402,.T.);
#13078=ADVANCED_FACE('',(#1056),#403,.T.);
#13079=ADVANCED_FACE('',(#1057),#404,.T.);
#13080=ADVANCED_FACE('',(#1058),#405,.T.);
#13081=ADVANCED_FACE('',(#1059),#406,.T.);
#13082=ADVANCED_FACE('',(#1060),#407,.T.);
#13083=ADVANCED_FACE('',(#1061),#408,.T.);
#13084=ADVANCED_FACE('',(#1062),#409,.T.);
#13085=ADVANCED_FACE('',(#1063),#410,.T.);
#13086=ADVANCED_FACE('',(#1064),#411,.T.);
#13087=ADVANCED_FACE('',(#1065),#412,.T.);
#13088=ADVANCED_FACE('',(#1066),#413,.T.);
#13089=ADVANCED_FACE('',(#1067),#414,.T.);
#13090=ADVANCED_FACE('',(#1068),#415,.T.);
#13091=ADVANCED_FACE('',(#1069),#416,.T.);
#13092=ADVANCED_FACE('',(#1070),#417,.T.);
#13093=ADVANCED_FACE('',(#1071),#418,.T.);
#13094=ADVANCED_FACE('',(#1072),#419,.T.);
#13095=ADVANCED_FACE('',(#1073),#420,.T.);
#13096=ADVANCED_FACE('',(#1074),#421,.T.);
#13097=ADVANCED_FACE('',(#1075),#422,.T.);
#13098=ADVANCED_FACE('',(#1076),#423,.T.);
#13099=ADVANCED_FACE('',(#1077),#424,.T.);
#13100=ADVANCED_FACE('',(#1078),#425,.T.);
#13101=ADVANCED_FACE('',(#1079),#426,.T.);
#13102=ADVANCED_FACE('',(#1080),#427,.T.);
#13103=ADVANCED_FACE('',(#1081),#428,.T.);
#13104=ADVANCED_FACE('',(#1082),#429,.T.);
#13105=ADVANCED_FACE('',(#1083),#430,.T.);
#13106=ADVANCED_FACE('',(#1084),#431,.T.);
#13107=ADVANCED_FACE('',(#1085),#432,.T.);
#13108=ADVANCED_FACE('',(#1086),#433,.T.);
#13109=ADVANCED_FACE('',(#1087),#434,.T.);
#13110=ADVANCED_FACE('',(#1088),#435,.T.);
#13111=ADVANCED_FACE('',(#1089),#436,.T.);
#13112=ADVANCED_FACE('',(#1090,#65),#437,.T.);
#13113=ADVANCED_FACE('',(#1091,#66),#438,.F.);
#13114=ADVANCED_FACE('',(#1092),#12739,.F.);
#13115=ADVANCED_FACE('',(#1093),#439,.T.);
#13116=ADVANCED_FACE('',(#1094),#440,.T.);
#13117=ADVANCED_FACE('',(#1095),#441,.T.);
#13118=ADVANCED_FACE('',(#1096),#442,.T.);
#13119=ADVANCED_FACE('',(#1097),#443,.T.);
#13120=ADVANCED_FACE('',(#1098),#444,.T.);
#13121=ADVANCED_FACE('',(#1099),#445,.T.);
#13122=ADVANCED_FACE('',(#1100),#446,.T.);
#13123=ADVANCED_FACE('',(#1101),#447,.T.);
#13124=ADVANCED_FACE('',(#1102),#448,.T.);
#13125=ADVANCED_FACE('',(#1103),#449,.T.);
#13126=ADVANCED_FACE('',(#1104),#450,.T.);
#13127=ADVANCED_FACE('',(#1105),#451,.T.);
#13128=ADVANCED_FACE('',(#1106),#452,.T.);
#13129=ADVANCED_FACE('',(#1107),#453,.T.);
#13130=ADVANCED_FACE('',(#1108),#454,.T.);
#13131=ADVANCED_FACE('',(#1109),#455,.T.);
#13132=ADVANCED_FACE('',(#1110),#456,.T.);
#13133=ADVANCED_FACE('',(#1111),#457,.T.);
#13134=ADVANCED_FACE('',(#1112),#458,.T.);
#13135=ADVANCED_FACE('',(#1113),#459,.T.);
#13136=ADVANCED_FACE('',(#1114),#460,.T.);
#13137=ADVANCED_FACE('',(#1115),#461,.T.);
#13138=ADVANCED_FACE('',(#1116),#462,.T.);
#13139=ADVANCED_FACE('',(#1117),#463,.T.);
#13140=ADVANCED_FACE('',(#1118),#464,.T.);
#13141=ADVANCED_FACE('',(#1119),#465,.T.);
#13142=ADVANCED_FACE('',(#1120),#466,.T.);
#13143=ADVANCED_FACE('',(#1121),#467,.T.);
#13144=ADVANCED_FACE('',(#1122),#468,.T.);
#13145=ADVANCED_FACE('',(#1123),#469,.T.);
#13146=ADVANCED_FACE('',(#1124),#470,.T.);
#13147=ADVANCED_FACE('',(#1125),#471,.T.);
#13148=ADVANCED_FACE('',(#1126),#472,.T.);
#13149=ADVANCED_FACE('',(#1127),#473,.T.);
#13150=ADVANCED_FACE('',(#1128),#474,.T.);
#13151=ADVANCED_FACE('',(#1129),#475,.T.);
#13152=ADVANCED_FACE('',(#1130),#476,.T.);
#13153=ADVANCED_FACE('',(#1131),#477,.T.);
#13154=ADVANCED_FACE('',(#1132),#478,.T.);
#13155=ADVANCED_FACE('',(#1133),#479,.T.);
#13156=ADVANCED_FACE('',(#1134),#480,.T.);
#13157=ADVANCED_FACE('',(#1135),#481,.T.);
#13158=ADVANCED_FACE('',(#1136),#482,.T.);
#13159=ADVANCED_FACE('',(#1137),#483,.T.);
#13160=ADVANCED_FACE('',(#1138),#484,.T.);
#13161=ADVANCED_FACE('',(#1139),#485,.T.);
#13162=ADVANCED_FACE('',(#1140),#486,.T.);
#13163=ADVANCED_FACE('',(#1141,#67),#487,.T.);
#13164=ADVANCED_FACE('',(#1142,#68),#488,.F.);
#13165=ADVANCED_FACE('',(#1143),#12740,.F.);
#13166=ADVANCED_FACE('',(#1144),#489,.T.);
#13167=ADVANCED_FACE('',(#1145),#490,.T.);
#13168=ADVANCED_FACE('',(#1146),#491,.T.);
#13169=ADVANCED_FACE('',(#1147),#492,.T.);
#13170=ADVANCED_FACE('',(#1148),#493,.T.);
#13171=ADVANCED_FACE('',(#1149),#494,.T.);
#13172=ADVANCED_FACE('',(#1150),#495,.T.);
#13173=ADVANCED_FACE('',(#1151),#496,.T.);
#13174=ADVANCED_FACE('',(#1152),#497,.T.);
#13175=ADVANCED_FACE('',(#1153),#498,.T.);
#13176=ADVANCED_FACE('',(#1154),#499,.T.);
#13177=ADVANCED_FACE('',(#1155),#500,.T.);
#13178=ADVANCED_FACE('',(#1156),#501,.T.);
#13179=ADVANCED_FACE('',(#1157),#502,.T.);
#13180=ADVANCED_FACE('',(#1158),#503,.T.);
#13181=ADVANCED_FACE('',(#1159),#504,.T.);
#13182=ADVANCED_FACE('',(#1160),#505,.T.);
#13183=ADVANCED_FACE('',(#1161),#506,.T.);
#13184=ADVANCED_FACE('',(#1162),#507,.T.);
#13185=ADVANCED_FACE('',(#1163),#508,.T.);
#13186=ADVANCED_FACE('',(#1164),#509,.T.);
#13187=ADVANCED_FACE('',(#1165),#510,.T.);
#13188=ADVANCED_FACE('',(#1166),#511,.T.);
#13189=ADVANCED_FACE('',(#1167),#512,.T.);
#13190=ADVANCED_FACE('',(#1168),#513,.T.);
#13191=ADVANCED_FACE('',(#1169),#514,.T.);
#13192=ADVANCED_FACE('',(#1170),#515,.T.);
#13193=ADVANCED_FACE('',(#1171),#516,.T.);
#13194=ADVANCED_FACE('',(#1172),#517,.T.);
#13195=ADVANCED_FACE('',(#1173),#518,.T.);
#13196=ADVANCED_FACE('',(#1174),#519,.T.);
#13197=ADVANCED_FACE('',(#1175),#520,.T.);
#13198=ADVANCED_FACE('',(#1176),#521,.T.);
#13199=ADVANCED_FACE('',(#1177),#522,.T.);
#13200=ADVANCED_FACE('',(#1178),#523,.T.);
#13201=ADVANCED_FACE('',(#1179),#524,.T.);
#13202=ADVANCED_FACE('',(#1180),#525,.T.);
#13203=ADVANCED_FACE('',(#1181),#526,.T.);
#13204=ADVANCED_FACE('',(#1182),#527,.T.);
#13205=ADVANCED_FACE('',(#1183),#528,.T.);
#13206=ADVANCED_FACE('',(#1184),#529,.T.);
#13207=ADVANCED_FACE('',(#1185),#530,.T.);
#13208=ADVANCED_FACE('',(#1186),#531,.T.);
#13209=ADVANCED_FACE('',(#1187),#532,.T.);
#13210=ADVANCED_FACE('',(#1188),#533,.T.);
#13211=ADVANCED_FACE('',(#1189),#534,.T.);
#13212=ADVANCED_FACE('',(#1190),#535,.T.);
#13213=ADVANCED_FACE('',(#1191),#536,.T.);
#13214=ADVANCED_FACE('',(#1192,#69),#537,.T.);
#13215=ADVANCED_FACE('',(#1193,#70),#538,.F.);
#13216=ADVANCED_FACE('',(#1194),#12741,.F.);
#13217=ADVANCED_FACE('',(#1195),#539,.T.);
#13218=ADVANCED_FACE('',(#1196),#540,.T.);
#13219=ADVANCED_FACE('',(#1197),#541,.T.);
#13220=ADVANCED_FACE('',(#1198),#542,.T.);
#13221=ADVANCED_FACE('',(#1199),#543,.T.);
#13222=ADVANCED_FACE('',(#1200),#544,.T.);
#13223=ADVANCED_FACE('',(#1201),#545,.T.);
#13224=ADVANCED_FACE('',(#1202),#546,.T.);
#13225=ADVANCED_FACE('',(#1203),#547,.T.);
#13226=ADVANCED_FACE('',(#1204),#548,.T.);
#13227=ADVANCED_FACE('',(#1205),#549,.T.);
#13228=ADVANCED_FACE('',(#1206),#550,.T.);
#13229=ADVANCED_FACE('',(#1207),#551,.T.);
#13230=ADVANCED_FACE('',(#1208),#552,.T.);
#13231=ADVANCED_FACE('',(#1209),#553,.T.);
#13232=ADVANCED_FACE('',(#1210),#554,.T.);
#13233=ADVANCED_FACE('',(#1211),#555,.T.);
#13234=ADVANCED_FACE('',(#1212),#556,.T.);
#13235=ADVANCED_FACE('',(#1213),#557,.T.);
#13236=ADVANCED_FACE('',(#1214),#558,.T.);
#13237=ADVANCED_FACE('',(#1215),#559,.T.);
#13238=ADVANCED_FACE('',(#1216),#560,.T.);
#13239=ADVANCED_FACE('',(#1217),#561,.T.);
#13240=ADVANCED_FACE('',(#1218),#562,.T.);
#13241=ADVANCED_FACE('',(#1219),#563,.T.);
#13242=ADVANCED_FACE('',(#1220),#564,.T.);
#13243=ADVANCED_FACE('',(#1221),#565,.T.);
#13244=ADVANCED_FACE('',(#1222),#566,.T.);
#13245=ADVANCED_FACE('',(#1223),#567,.T.);
#13246=ADVANCED_FACE('',(#1224),#568,.T.);
#13247=ADVANCED_FACE('',(#1225),#569,.T.);
#13248=ADVANCED_FACE('',(#1226),#570,.T.);
#13249=ADVANCED_FACE('',(#1227),#571,.T.);
#13250=ADVANCED_FACE('',(#1228),#572,.T.);
#13251=ADVANCED_FACE('',(#1229),#573,.T.);
#13252=ADVANCED_FACE('',(#1230),#574,.T.);
#13253=ADVANCED_FACE('',(#1231),#575,.T.);
#13254=ADVANCED_FACE('',(#1232),#576,.T.);
#13255=ADVANCED_FACE('',(#1233),#577,.T.);
#13256=ADVANCED_FACE('',(#1234),#578,.T.);
#13257=ADVANCED_FACE('',(#1235),#579,.T.);
#13258=ADVANCED_FACE('',(#1236),#580,.T.);
#13259=ADVANCED_FACE('',(#1237),#581,.T.);
#13260=ADVANCED_FACE('',(#1238),#582,.T.);
#13261=ADVANCED_FACE('',(#1239),#583,.T.);
#13262=ADVANCED_FACE('',(#1240),#584,.T.);
#13263=ADVANCED_FACE('',(#1241),#585,.T.);
#13264=ADVANCED_FACE('',(#1242),#586,.T.);
#13265=ADVANCED_FACE('',(#1243,#71),#587,.T.);
#13266=ADVANCED_FACE('',(#1244,#72),#588,.F.);
#13267=ADVANCED_FACE('',(#1245),#12742,.F.);
#13268=ADVANCED_FACE('',(#1246),#589,.T.);
#13269=ADVANCED_FACE('',(#1247),#590,.T.);
#13270=ADVANCED_FACE('',(#1248),#591,.T.);
#13271=ADVANCED_FACE('',(#1249),#592,.T.);
#13272=ADVANCED_FACE('',(#1250),#593,.T.);
#13273=ADVANCED_FACE('',(#1251),#594,.T.);
#13274=ADVANCED_FACE('',(#1252),#595,.T.);
#13275=ADVANCED_FACE('',(#1253),#596,.T.);
#13276=ADVANCED_FACE('',(#1254),#597,.T.);
#13277=ADVANCED_FACE('',(#1255),#598,.T.);
#13278=ADVANCED_FACE('',(#1256),#599,.T.);
#13279=ADVANCED_FACE('',(#1257),#600,.T.);
#13280=ADVANCED_FACE('',(#1258),#601,.T.);
#13281=ADVANCED_FACE('',(#1259),#602,.T.);
#13282=ADVANCED_FACE('',(#1260),#603,.T.);
#13283=ADVANCED_FACE('',(#1261),#604,.T.);
#13284=ADVANCED_FACE('',(#1262),#605,.T.);
#13285=ADVANCED_FACE('',(#1263),#606,.T.);
#13286=ADVANCED_FACE('',(#1264),#607,.T.);
#13287=ADVANCED_FACE('',(#1265),#608,.T.);
#13288=ADVANCED_FACE('',(#1266),#609,.T.);
#13289=ADVANCED_FACE('',(#1267),#610,.T.);
#13290=ADVANCED_FACE('',(#1268),#611,.T.);
#13291=ADVANCED_FACE('',(#1269),#612,.T.);
#13292=ADVANCED_FACE('',(#1270),#613,.T.);
#13293=ADVANCED_FACE('',(#1271),#614,.T.);
#13294=ADVANCED_FACE('',(#1272),#615,.T.);
#13295=ADVANCED_FACE('',(#1273),#616,.T.);
#13296=ADVANCED_FACE('',(#1274),#617,.T.);
#13297=ADVANCED_FACE('',(#1275),#618,.T.);
#13298=ADVANCED_FACE('',(#1276),#619,.T.);
#13299=ADVANCED_FACE('',(#1277),#620,.T.);
#13300=ADVANCED_FACE('',(#1278),#621,.T.);
#13301=ADVANCED_FACE('',(#1279),#622,.T.);
#13302=ADVANCED_FACE('',(#1280),#623,.T.);
#13303=ADVANCED_FACE('',(#1281),#624,.T.);
#13304=ADVANCED_FACE('',(#1282),#625,.T.);
#13305=ADVANCED_FACE('',(#1283),#626,.T.);
#13306=ADVANCED_FACE('',(#1284),#627,.T.);
#13307=ADVANCED_FACE('',(#1285),#628,.T.);
#13308=ADVANCED_FACE('',(#1286),#629,.T.);
#13309=ADVANCED_FACE('',(#1287),#630,.T.);
#13310=ADVANCED_FACE('',(#1288),#631,.T.);
#13311=ADVANCED_FACE('',(#1289),#632,.T.);
#13312=ADVANCED_FACE('',(#1290),#633,.T.);
#13313=ADVANCED_FACE('',(#1291),#634,.T.);
#13314=ADVANCED_FACE('',(#1292),#635,.T.);
#13315=ADVANCED_FACE('',(#1293),#636,.T.);
#13316=ADVANCED_FACE('',(#1294,#73),#637,.T.);
#13317=ADVANCED_FACE('',(#1295,#74),#638,.F.);
#13318=ADVANCED_FACE('',(#1296),#12743,.F.);
#13319=ADVANCED_FACE('',(#1297),#639,.T.);
#13320=ADVANCED_FACE('',(#1298),#640,.T.);
#13321=ADVANCED_FACE('',(#1299),#641,.T.);
#13322=ADVANCED_FACE('',(#1300),#642,.T.);
#13323=ADVANCED_FACE('',(#1301),#643,.T.);
#13324=ADVANCED_FACE('',(#1302),#644,.T.);
#13325=ADVANCED_FACE('',(#1303),#645,.T.);
#13326=ADVANCED_FACE('',(#1304),#646,.T.);
#13327=ADVANCED_FACE('',(#1305),#647,.T.);
#13328=ADVANCED_FACE('',(#1306),#648,.T.);
#13329=ADVANCED_FACE('',(#1307),#649,.T.);
#13330=ADVANCED_FACE('',(#1308),#650,.T.);
#13331=ADVANCED_FACE('',(#1309),#651,.T.);
#13332=ADVANCED_FACE('',(#1310),#652,.T.);
#13333=ADVANCED_FACE('',(#1311),#653,.T.);
#13334=ADVANCED_FACE('',(#1312),#654,.T.);
#13335=ADVANCED_FACE('',(#1313),#655,.T.);
#13336=ADVANCED_FACE('',(#1314),#656,.T.);
#13337=ADVANCED_FACE('',(#1315),#657,.T.);
#13338=ADVANCED_FACE('',(#1316),#658,.T.);
#13339=ADVANCED_FACE('',(#1317),#659,.T.);
#13340=ADVANCED_FACE('',(#1318),#660,.T.);
#13341=ADVANCED_FACE('',(#1319),#661,.T.);
#13342=ADVANCED_FACE('',(#1320),#662,.T.);
#13343=ADVANCED_FACE('',(#1321),#663,.T.);
#13344=ADVANCED_FACE('',(#1322),#664,.T.);
#13345=ADVANCED_FACE('',(#1323),#665,.T.);
#13346=ADVANCED_FACE('',(#1324),#666,.T.);
#13347=ADVANCED_FACE('',(#1325),#667,.T.);
#13348=ADVANCED_FACE('',(#1326),#668,.T.);
#13349=ADVANCED_FACE('',(#1327),#669,.T.);
#13350=ADVANCED_FACE('',(#1328),#670,.T.);
#13351=ADVANCED_FACE('',(#1329),#671,.T.);
#13352=ADVANCED_FACE('',(#1330),#672,.T.);
#13353=ADVANCED_FACE('',(#1331),#673,.T.);
#13354=ADVANCED_FACE('',(#1332),#674,.T.);
#13355=ADVANCED_FACE('',(#1333),#675,.T.);
#13356=ADVANCED_FACE('',(#1334),#676,.T.);
#13357=ADVANCED_FACE('',(#1335),#677,.T.);
#13358=ADVANCED_FACE('',(#1336),#678,.T.);
#13359=ADVANCED_FACE('',(#1337),#679,.T.);
#13360=ADVANCED_FACE('',(#1338),#680,.T.);
#13361=ADVANCED_FACE('',(#1339),#681,.T.);
#13362=ADVANCED_FACE('',(#1340),#682,.T.);
#13363=ADVANCED_FACE('',(#1341),#683,.T.);
#13364=ADVANCED_FACE('',(#1342),#684,.T.);
#13365=ADVANCED_FACE('',(#1343),#685,.T.);
#13366=ADVANCED_FACE('',(#1344),#686,.T.);
#13367=ADVANCED_FACE('',(#1345,#75),#687,.T.);
#13368=ADVANCED_FACE('',(#1346,#76),#688,.F.);
#13369=ADVANCED_FACE('',(#1347),#689,.T.);
#13370=ADVANCED_FACE('',(#1348),#690,.T.);
#13371=ADVANCED_FACE('',(#1349),#691,.T.);
#13372=ADVANCED_FACE('',(#1350),#692,.T.);
#13373=ADVANCED_FACE('',(#1351),#693,.T.);
#13374=ADVANCED_FACE('',(#1352),#694,.F.);
#13375=ADVANCED_FACE('',(#1353),#695,.T.);
#13376=ADVANCED_FACE('',(#1354),#696,.T.);
#13377=ADVANCED_FACE('',(#1355),#697,.T.);
#13378=ADVANCED_FACE('',(#1356),#698,.T.);
#13379=ADVANCED_FACE('',(#1357),#699,.T.);
#13380=ADVANCED_FACE('',(#1358),#700,.F.);
#13381=ADVANCED_FACE('',(#1359),#12744,.T.);
#13382=ADVANCED_FACE('',(#1360,#77),#701,.F.);
#13383=ADVANCED_FACE('',(#1361),#12745,.F.);
#13384=ADVANCED_FACE('',(#1362),#12746,.T.);
#13385=ADVANCED_FACE('',(#1363,#78),#702,.T.);
#13386=ADVANCED_FACE('',(#1364),#12747,.T.);
#13387=ADVANCED_FACE('',(#1365,#79),#703,.F.);
#13388=ADVANCED_FACE('',(#1366),#12748,.F.);
#13389=ADVANCED_FACE('',(#1367),#12749,.T.);
#13390=ADVANCED_FACE('',(#1368,#80),#704,.T.);
#13391=ADVANCED_FACE('',(#1369),#12750,.T.);
#13392=ADVANCED_FACE('',(#1370,#81),#705,.F.);
#13393=ADVANCED_FACE('',(#1371),#12751,.F.);
#13394=ADVANCED_FACE('',(#1372),#12752,.T.);
#13395=ADVANCED_FACE('',(#1373,#82),#706,.T.);
#13396=ADVANCED_FACE('',(#1374),#707,.T.);
#13397=ADVANCED_FACE('',(#1375),#708,.T.);
#13398=ADVANCED_FACE('',(#1376),#709,.T.);
#13399=ADVANCED_FACE('',(#1377),#710,.T.);
#13400=ADVANCED_FACE('',(#1378,#83,#84,#85),#711,.T.);
#13401=ADVANCED_FACE('',(#1379,#86,#87,#88),#712,.F.);
#13402=ADVANCED_FACE('',(#1380),#713,.T.);
#13403=ADVANCED_FACE('',(#1381),#714,.T.);
#13404=ADVANCED_FACE('',(#1382),#715,.T.);
#13405=ADVANCED_FACE('',(#1383),#716,.T.);
#13406=ADVANCED_FACE('',(#1384),#717,.T.);
#13407=ADVANCED_FACE('',(#1385),#718,.F.);
#13408=ADVANCED_FACE('',(#1386),#719,.T.);
#13409=ADVANCED_FACE('',(#1387),#720,.T.);
#13410=ADVANCED_FACE('',(#1388),#721,.T.);
#13411=ADVANCED_FACE('',(#1389),#722,.T.);
#13412=ADVANCED_FACE('',(#1390),#723,.T.);
#13413=ADVANCED_FACE('',(#1391),#724,.F.);
#13414=ADVANCED_FACE('',(#1392),#12753,.T.);
#13415=ADVANCED_FACE('',(#1393),#12754,.T.);
#13416=ADVANCED_FACE('',(#1394),#12755,.T.);
#13417=ADVANCED_FACE('',(#1395),#12756,.T.);
#13418=ADVANCED_FACE('',(#1396),#725,.T.);
#13419=ADVANCED_FACE('',(#1397),#726,.T.);
#13420=ADVANCED_FACE('',(#1398),#727,.T.);
#13421=ADVANCED_FACE('',(#1399),#728,.T.);
#13422=ADVANCED_FACE('',(#1400),#729,.T.);
#13423=ADVANCED_FACE('',(#1401),#730,.T.);
#13424=ADVANCED_FACE('',(#1402),#731,.T.);
#13425=ADVANCED_FACE('',(#1403),#732,.T.);
#13426=ADVANCED_FACE('',(#1404),#733,.T.);
#13427=ADVANCED_FACE('',(#1405),#734,.T.);
#13428=CLOSED_SHELL('',(#12757,#12758,#12759,#12760,#12761,#12762,#12763,
#12764,#12765,#12766,#12767,#12768,#12769,#12770,#12771,#12772,#12773,#12774,
#12775,#12776,#12777,#12778,#12779,#12780,#12781,#12782,#12783,#12784,#12785,
#12786,#12787,#12788,#12789,#12790,#12791,#12792,#12793,#12794,#12795,#12796,
#12797,#12798,#12799,#12800,#12801,#12802,#12803,#12804,#12805,#12806,#12807));
#13429=CLOSED_SHELL('',(#12808,#12809,#12810,#12811,#12812,#12813,#12814,
#12815,#12816,#12817,#12818,#12819,#12820,#12821,#12822,#12823,#12824,#12825,
#12826,#12827,#12828,#12829,#12830,#12831,#12832,#12833,#12834,#12835,#12836,
#12837,#12838,#12839,#12840,#12841,#12842,#12843,#12844,#12845,#12846,#12847,
#12848,#12849,#12850,#12851,#12852,#12853,#12854,#12855,#12856,#12857,#12858));
#13430=CLOSED_SHELL('',(#12859,#12860,#12861,#12862,#12863,#12864,#12865,
#12866,#12867,#12868,#12869,#12870,#12871,#12872,#12873,#12874,#12875,#12876,
#12877,#12878,#12879,#12880,#12881,#12882,#12883,#12884,#12885,#12886,#12887,
#12888,#12889,#12890,#12891,#12892,#12893,#12894,#12895,#12896,#12897,#12898,
#12899,#12900,#12901,#12902,#12903,#12904,#12905,#12906,#12907,#12908,#12909));
#13431=CLOSED_SHELL('',(#12910,#12911,#12912,#12913,#12914,#12915,#12916,
#12917,#12918,#12919,#12920,#12921,#12922,#12923,#12924,#12925,#12926,#12927,
#12928,#12929,#12930,#12931,#12932,#12933,#12934,#12935,#12936,#12937,#12938,
#12939,#12940,#12941,#12942,#12943,#12944,#12945,#12946,#12947,#12948,#12949,
#12950,#12951,#12952,#12953,#12954,#12955,#12956,#12957,#12958,#12959,#12960));
#13432=CLOSED_SHELL('',(#12961,#12962,#12963,#12964,#12965,#12966,#12967,
#12968,#12969,#12970,#12971,#12972,#12973,#12974,#12975,#12976,#12977,#12978,
#12979,#12980,#12981,#12982,#12983,#12984,#12985,#12986,#12987,#12988,#12989,
#12990,#12991,#12992,#12993,#12994,#12995,#12996,#12997,#12998,#12999,#13000,
#13001,#13002,#13003,#13004,#13005,#13006,#13007,#13008,#13009,#13010,#13011));
#13433=CLOSED_SHELL('',(#13012,#13013,#13014,#13015,#13016,#13017,#13018,
#13019,#13020,#13021,#13022,#13023,#13024,#13025,#13026,#13027,#13028,#13029,
#13030,#13031,#13032,#13033,#13034,#13035,#13036,#13037,#13038,#13039,#13040,
#13041,#13042,#13043,#13044,#13045,#13046,#13047,#13048,#13049,#13050,#13051,
#13052,#13053,#13054,#13055,#13056,#13057,#13058,#13059,#13060,#13061,#13062));
#13434=CLOSED_SHELL('',(#13063,#13064,#13065,#13066,#13067,#13068,#13069,
#13070,#13071,#13072,#13073,#13074,#13075,#13076,#13077,#13078,#13079,#13080,
#13081,#13082,#13083,#13084,#13085,#13086,#13087,#13088,#13089,#13090,#13091,
#13092,#13093,#13094,#13095,#13096,#13097,#13098,#13099,#13100,#13101,#13102,
#13103,#13104,#13105,#13106,#13107,#13108,#13109,#13110,#13111,#13112,#13113));
#13435=CLOSED_SHELL('',(#13114,#13115,#13116,#13117,#13118,#13119,#13120,
#13121,#13122,#13123,#13124,#13125,#13126,#13127,#13128,#13129,#13130,#13131,
#13132,#13133,#13134,#13135,#13136,#13137,#13138,#13139,#13140,#13141,#13142,
#13143,#13144,#13145,#13146,#13147,#13148,#13149,#13150,#13151,#13152,#13153,
#13154,#13155,#13156,#13157,#13158,#13159,#13160,#13161,#13162,#13163,#13164));
#13436=CLOSED_SHELL('',(#13165,#13166,#13167,#13168,#13169,#13170,#13171,
#13172,#13173,#13174,#13175,#13176,#13177,#13178,#13179,#13180,#13181,#13182,
#13183,#13184,#13185,#13186,#13187,#13188,#13189,#13190,#13191,#13192,#13193,
#13194,#13195,#13196,#13197,#13198,#13199,#13200,#13201,#13202,#13203,#13204,
#13205,#13206,#13207,#13208,#13209,#13210,#13211,#13212,#13213,#13214,#13215));
#13437=CLOSED_SHELL('',(#13216,#13217,#13218,#13219,#13220,#13221,#13222,
#13223,#13224,#13225,#13226,#13227,#13228,#13229,#13230,#13231,#13232,#13233,
#13234,#13235,#13236,#13237,#13238,#13239,#13240,#13241,#13242,#13243,#13244,
#13245,#13246,#13247,#13248,#13249,#13250,#13251,#13252,#13253,#13254,#13255,
#13256,#13257,#13258,#13259,#13260,#13261,#13262,#13263,#13264,#13265,#13266));
#13438=CLOSED_SHELL('',(#13267,#13268,#13269,#13270,#13271,#13272,#13273,
#13274,#13275,#13276,#13277,#13278,#13279,#13280,#13281,#13282,#13283,#13284,
#13285,#13286,#13287,#13288,#13289,#13290,#13291,#13292,#13293,#13294,#13295,
#13296,#13297,#13298,#13299,#13300,#13301,#13302,#13303,#13304,#13305,#13306,
#13307,#13308,#13309,#13310,#13311,#13312,#13313,#13314,#13315,#13316,#13317));
#13439=CLOSED_SHELL('',(#13318,#13319,#13320,#13321,#13322,#13323,#13324,
#13325,#13326,#13327,#13328,#13329,#13330,#13331,#13332,#13333,#13334,#13335,
#13336,#13337,#13338,#13339,#13340,#13341,#13342,#13343,#13344,#13345,#13346,
#13347,#13348,#13349,#13350,#13351,#13352,#13353,#13354,#13355,#13356,#13357,
#13358,#13359,#13360,#13361,#13362,#13363,#13364,#13365,#13366,#13367,#13368));
#13440=CLOSED_SHELL('',(#13369,#13370,#13371,#13372,#13373,#13374));
#13441=CLOSED_SHELL('',(#13375,#13376,#13377,#13378,#13379,#13380));
#13442=CLOSED_SHELL('',(#13381,#13382,#13383,#13384,#13385,#13386,#13387,
#13388,#13389,#13390,#13391,#13392,#13393,#13394,#13395,#13396,#13397,#13398,
#13399,#13400,#13401));
#13443=CLOSED_SHELL('',(#13402,#13403,#13404,#13405,#13406,#13407));
#13444=CLOSED_SHELL('',(#13408,#13409,#13410,#13411,#13412,#13413));
#13445=CLOSED_SHELL('',(#13414,#13415,#13416,#13417,#13418,#13419,#13420,
#13421,#13422,#13423,#13424,#13425,#13426,#13427));
#13446=DERIVED_UNIT_ELEMENT(#13448,1.);
#13447=DERIVED_UNIT_ELEMENT(#21263,-3.);
#13448=(
MASS_UNIT()
NAMED_UNIT(*)
SI_UNIT(.KILO.,.GRAM.)
);
#13449=DERIVED_UNIT((#13446,#13447));
#13450=MEASURE_REPRESENTATION_ITEM('density measure',
POSITIVE_RATIO_MEASURE(7850.),#13449);
#13451=PROPERTY_DEFINITION_REPRESENTATION(#13456,#13453);
#13452=PROPERTY_DEFINITION_REPRESENTATION(#13457,#13454);
#13453=REPRESENTATION('material name',(#13455),#21260);
#13454=REPRESENTATION('density',(#13450),#21260);
#13455=DESCRIPTIVE_REPRESENTATION_ITEM('A\X\E7o','A\X\E7o');
#13456=PROPERTY_DEFINITION('material property','material name',#21270);
#13457=PROPERTY_DEFINITION('material property','density of part',#21270);
#13458=AXIS2_PLACEMENT_3D('',#17449,#14176,#14177);
#13459=AXIS2_PLACEMENT_3D('',#17450,#14178,#14179);
#13460=AXIS2_PLACEMENT_3D('',#17452,#14180,#14181);
#13461=AXIS2_PLACEMENT_3D('',#17455,#14183,#14184);
#13462=AXIS2_PLACEMENT_3D('',#17456,#14185,#14186);
#13463=AXIS2_PLACEMENT_3D('',#17465,#14191,#14192);
#13464=AXIS2_PLACEMENT_3D('',#17471,#14196,#14197);
#13465=AXIS2_PLACEMENT_3D('',#17477,#14201,#14202);
#13466=AXIS2_PLACEMENT_3D('',#17483,#14206,#14207);
#13467=AXIS2_PLACEMENT_3D('',#17489,#14211,#14212);
#13468=AXIS2_PLACEMENT_3D('',#17495,#14216,#14217);
#13469=AXIS2_PLACEMENT_3D('',#17501,#14221,#14222);
#13470=AXIS2_PLACEMENT_3D('',#17507,#14226,#14227);
#13471=AXIS2_PLACEMENT_3D('',#17513,#14231,#14232);
#13472=AXIS2_PLACEMENT_3D('',#17519,#14236,#14237);
#13473=AXIS2_PLACEMENT_3D('',#17525,#14241,#14242);
#13474=AXIS2_PLACEMENT_3D('',#17531,#14246,#14247);
#13475=AXIS2_PLACEMENT_3D('',#17537,#14251,#14252);
#13476=AXIS2_PLACEMENT_3D('',#17543,#14256,#14257);
#13477=AXIS2_PLACEMENT_3D('',#17549,#14261,#14262);
#13478=AXIS2_PLACEMENT_3D('',#17555,#14266,#14267);
#13479=AXIS2_PLACEMENT_3D('',#17561,#14271,#14272);
#13480=AXIS2_PLACEMENT_3D('',#17567,#14276,#14277);
#13481=AXIS2_PLACEMENT_3D('',#17573,#14281,#14282);
#13482=AXIS2_PLACEMENT_3D('',#17579,#14286,#14287);
#13483=AXIS2_PLACEMENT_3D('',#17585,#14291,#14292);
#13484=AXIS2_PLACEMENT_3D('',#17591,#14296,#14297);
#13485=AXIS2_PLACEMENT_3D('',#17597,#14301,#14302);
#13486=AXIS2_PLACEMENT_3D('',#17603,#14306,#14307);
#13487=AXIS2_PLACEMENT_3D('',#17609,#14311,#14312);
#13488=AXIS2_PLACEMENT_3D('',#17615,#14316,#14317);
#13489=AXIS2_PLACEMENT_3D('',#17621,#14321,#14322);
#13490=AXIS2_PLACEMENT_3D('',#17627,#14326,#14327);
#13491=AXIS2_PLACEMENT_3D('',#17633,#14331,#14332);
#13492=AXIS2_PLACEMENT_3D('',#17639,#14336,#14337);
#13493=AXIS2_PLACEMENT_3D('',#17645,#14341,#14342);
#13494=AXIS2_PLACEMENT_3D('',#17651,#14346,#14347);
#13495=AXIS2_PLACEMENT_3D('',#17657,#14351,#14352);
#13496=AXIS2_PLACEMENT_3D('',#17663,#14356,#14357);
#13497=AXIS2_PLACEMENT_3D('',#17669,#14361,#14362);
#13498=AXIS2_PLACEMENT_3D('',#17675,#14366,#14367);
#13499=AXIS2_PLACEMENT_3D('',#17681,#14371,#14372);
#13500=AXIS2_PLACEMENT_3D('',#17687,#14376,#14377);
#13501=AXIS2_PLACEMENT_3D('',#17693,#14381,#14382);
#13502=AXIS2_PLACEMENT_3D('',#17699,#14386,#14387);
#13503=AXIS2_PLACEMENT_3D('',#17705,#14391,#14392);
#13504=AXIS2_PLACEMENT_3D('',#17711,#14396,#14397);
#13505=AXIS2_PLACEMENT_3D('',#17717,#14401,#14402);
#13506=AXIS2_PLACEMENT_3D('',#17723,#14406,#14407);
#13507=AXIS2_PLACEMENT_3D('',#17729,#14411,#14412);
#13508=AXIS2_PLACEMENT_3D('',#17735,#14416,#14417);
#13509=AXIS2_PLACEMENT_3D('',#17741,#14421,#14422);
#13510=AXIS2_PLACEMENT_3D('',#17744,#14425,#14426);
#13511=AXIS2_PLACEMENT_3D('',#17745,#14427,#14428);
#13512=AXIS2_PLACEMENT_3D('',#17746,#14429,#14430);
#13513=AXIS2_PLACEMENT_3D('',#17748,#14431,#14432);
#13514=AXIS2_PLACEMENT_3D('',#17751,#14434,#14435);
#13515=AXIS2_PLACEMENT_3D('',#17752,#14436,#14437);
#13516=AXIS2_PLACEMENT_3D('',#17761,#14442,#14443);
#13517=AXIS2_PLACEMENT_3D('',#17767,#14447,#14448);
#13518=AXIS2_PLACEMENT_3D('',#17773,#14452,#14453);
#13519=AXIS2_PLACEMENT_3D('',#17779,#14457,#14458);
#13520=AXIS2_PLACEMENT_3D('',#17785,#14462,#14463);
#13521=AXIS2_PLACEMENT_3D('',#17791,#14467,#14468);
#13522=AXIS2_PLACEMENT_3D('',#17797,#14472,#14473);
#13523=AXIS2_PLACEMENT_3D('',#17803,#14477,#14478);
#13524=AXIS2_PLACEMENT_3D('',#17809,#14482,#14483);
#13525=AXIS2_PLACEMENT_3D('',#17815,#14487,#14488);
#13526=AXIS2_PLACEMENT_3D('',#17821,#14492,#14493);
#13527=AXIS2_PLACEMENT_3D('',#17827,#14497,#14498);
#13528=AXIS2_PLACEMENT_3D('',#17833,#14502,#14503);
#13529=AXIS2_PLACEMENT_3D('',#17839,#14507,#14508);
#13530=AXIS2_PLACEMENT_3D('',#17845,#14512,#14513);
#13531=AXIS2_PLACEMENT_3D('',#17851,#14517,#14518);
#13532=AXIS2_PLACEMENT_3D('',#17857,#14522,#14523);
#13533=AXIS2_PLACEMENT_3D('',#17863,#14527,#14528);
#13534=AXIS2_PLACEMENT_3D('',#17869,#14532,#14533);
#13535=AXIS2_PLACEMENT_3D('',#17875,#14537,#14538);
#13536=AXIS2_PLACEMENT_3D('',#17881,#14542,#14543);
#13537=AXIS2_PLACEMENT_3D('',#17887,#14547,#14548);
#13538=AXIS2_PLACEMENT_3D('',#17893,#14552,#14553);
#13539=AXIS2_PLACEMENT_3D('',#17899,#14557,#14558);
#13540=AXIS2_PLACEMENT_3D('',#17905,#14562,#14563);
#13541=AXIS2_PLACEMENT_3D('',#17911,#14567,#14568);
#13542=AXIS2_PLACEMENT_3D('',#17917,#14572,#14573);
#13543=AXIS2_PLACEMENT_3D('',#17923,#14577,#14578);
#13544=AXIS2_PLACEMENT_3D('',#17929,#14582,#14583);
#13545=AXIS2_PLACEMENT_3D('',#17935,#14587,#14588);
#13546=AXIS2_PLACEMENT_3D('',#17941,#14592,#14593);
#13547=AXIS2_PLACEMENT_3D('',#17947,#14597,#14598);
#13548=AXIS2_PLACEMENT_3D('',#17953,#14602,#14603);
#13549=AXIS2_PLACEMENT_3D('',#17959,#14607,#14608);
#13550=AXIS2_PLACEMENT_3D('',#17965,#14612,#14613);
#13551=AXIS2_PLACEMENT_3D('',#17971,#14617,#14618);
#13552=AXIS2_PLACEMENT_3D('',#17977,#14622,#14623);
#13553=AXIS2_PLACEMENT_3D('',#17983,#14627,#14628);
#13554=AXIS2_PLACEMENT_3D('',#17989,#14632,#14633);
#13555=AXIS2_PLACEMENT_3D('',#17995,#14637,#14638);
#13556=AXIS2_PLACEMENT_3D('',#18001,#14642,#14643);
#13557=AXIS2_PLACEMENT_3D('',#18007,#14647,#14648);
#13558=AXIS2_PLACEMENT_3D('',#18013,#14652,#14653);
#13559=AXIS2_PLACEMENT_3D('',#18019,#14657,#14658);
#13560=AXIS2_PLACEMENT_3D('',#18025,#14662,#14663);
#13561=AXIS2_PLACEMENT_3D('',#18031,#14667,#14668);
#13562=AXIS2_PLACEMENT_3D('',#18037,#14672,#14673);
#13563=AXIS2_PLACEMENT_3D('',#18040,#14676,#14677);
#13564=AXIS2_PLACEMENT_3D('',#18041,#14678,#14679);
#13565=AXIS2_PLACEMENT_3D('',#18042,#14680,#14681);
#13566=AXIS2_PLACEMENT_3D('',#18044,#14682,#14683);
#13567=AXIS2_PLACEMENT_3D('',#18047,#14685,#14686);
#13568=AXIS2_PLACEMENT_3D('',#18048,#14687,#14688);
#13569=AXIS2_PLACEMENT_3D('',#18057,#14693,#14694);
#13570=AXIS2_PLACEMENT_3D('',#18063,#14698,#14699);
#13571=AXIS2_PLACEMENT_3D('',#18069,#14703,#14704);
#13572=AXIS2_PLACEMENT_3D('',#18075,#14708,#14709);
#13573=AXIS2_PLACEMENT_3D('',#18081,#14713,#14714);
#13574=AXIS2_PLACEMENT_3D('',#18087,#14718,#14719);
#13575=AXIS2_PLACEMENT_3D('',#18093,#14723,#14724);
#13576=AXIS2_PLACEMENT_3D('',#18099,#14728,#14729);
#13577=AXIS2_PLACEMENT_3D('',#18105,#14733,#14734);
#13578=AXIS2_PLACEMENT_3D('',#18111,#14738,#14739);
#13579=AXIS2_PLACEMENT_3D('',#18117,#14743,#14744);
#13580=AXIS2_PLACEMENT_3D('',#18123,#14748,#14749);
#13581=AXIS2_PLACEMENT_3D('',#18129,#14753,#14754);
#13582=AXIS2_PLACEMENT_3D('',#18135,#14758,#14759);
#13583=AXIS2_PLACEMENT_3D('',#18141,#14763,#14764);
#13584=AXIS2_PLACEMENT_3D('',#18147,#14768,#14769);
#13585=AXIS2_PLACEMENT_3D('',#18153,#14773,#14774);
#13586=AXIS2_PLACEMENT_3D('',#18159,#14778,#14779);
#13587=AXIS2_PLACEMENT_3D('',#18165,#14783,#14784);
#13588=AXIS2_PLACEMENT_3D('',#18171,#14788,#14789);
#13589=AXIS2_PLACEMENT_3D('',#18177,#14793,#14794);
#13590=AXIS2_PLACEMENT_3D('',#18183,#14798,#14799);
#13591=AXIS2_PLACEMENT_3D('',#18189,#14803,#14804);
#13592=AXIS2_PLACEMENT_3D('',#18195,#14808,#14809);
#13593=AXIS2_PLACEMENT_3D('',#18201,#14813,#14814);
#13594=AXIS2_PLACEMENT_3D('',#18207,#14818,#14819);
#13595=AXIS2_PLACEMENT_3D('',#18213,#14823,#14824);
#13596=AXIS2_PLACEMENT_3D('',#18219,#14828,#14829);
#13597=AXIS2_PLACEMENT_3D('',#18225,#14833,#14834);
#13598=AXIS2_PLACEMENT_3D('',#18231,#14838,#14839);
#13599=AXIS2_PLACEMENT_3D('',#18237,#14843,#14844);
#13600=AXIS2_PLACEMENT_3D('',#18243,#14848,#14849);
#13601=AXIS2_PLACEMENT_3D('',#18249,#14853,#14854);
#13602=AXIS2_PLACEMENT_3D('',#18255,#14858,#14859);
#13603=AXIS2_PLACEMENT_3D('',#18261,#14863,#14864);
#13604=AXIS2_PLACEMENT_3D('',#18267,#14868,#14869);
#13605=AXIS2_PLACEMENT_3D('',#18273,#14873,#14874);
#13606=AXIS2_PLACEMENT_3D('',#18279,#14878,#14879);
#13607=AXIS2_PLACEMENT_3D('',#18285,#14883,#14884);
#13608=AXIS2_PLACEMENT_3D('',#18291,#14888,#14889);
#13609=AXIS2_PLACEMENT_3D('',#18297,#14893,#14894);
#13610=AXIS2_PLACEMENT_3D('',#18303,#14898,#14899);
#13611=AXIS2_PLACEMENT_3D('',#18309,#14903,#14904);
#13612=AXIS2_PLACEMENT_3D('',#18315,#14908,#14909);
#13613=AXIS2_PLACEMENT_3D('',#18321,#14913,#14914);
#13614=AXIS2_PLACEMENT_3D('',#18327,#14918,#14919);
#13615=AXIS2_PLACEMENT_3D('',#18333,#14923,#14924);
#13616=AXIS2_PLACEMENT_3D('',#18336,#14927,#14928);
#13617=AXIS2_PLACEMENT_3D('',#18337,#14929,#14930);
#13618=AXIS2_PLACEMENT_3D('',#18338,#14931,#14932);
#13619=AXIS2_PLACEMENT_3D('',#18340,#14933,#14934);
#13620=AXIS2_PLACEMENT_3D('',#18343,#14936,#14937);
#13621=AXIS2_PLACEMENT_3D('',#18344,#14938,#14939);
#13622=AXIS2_PLACEMENT_3D('',#18353,#14944,#14945);
#13623=AXIS2_PLACEMENT_3D('',#18359,#14949,#14950);
#13624=AXIS2_PLACEMENT_3D('',#18365,#14954,#14955);
#13625=AXIS2_PLACEMENT_3D('',#18371,#14959,#14960);
#13626=AXIS2_PLACEMENT_3D('',#18377,#14964,#14965);
#13627=AXIS2_PLACEMENT_3D('',#18383,#14969,#14970);
#13628=AXIS2_PLACEMENT_3D('',#18389,#14974,#14975);
#13629=AXIS2_PLACEMENT_3D('',#18395,#14979,#14980);
#13630=AXIS2_PLACEMENT_3D('',#18401,#14984,#14985);
#13631=AXIS2_PLACEMENT_3D('',#18407,#14989,#14990);
#13632=AXIS2_PLACEMENT_3D('',#18413,#14994,#14995);
#13633=AXIS2_PLACEMENT_3D('',#18419,#14999,#15000);
#13634=AXIS2_PLACEMENT_3D('',#18425,#15004,#15005);
#13635=AXIS2_PLACEMENT_3D('',#18431,#15009,#15010);
#13636=AXIS2_PLACEMENT_3D('',#18437,#15014,#15015);
#13637=AXIS2_PLACEMENT_3D('',#18443,#15019,#15020);
#13638=AXIS2_PLACEMENT_3D('',#18449,#15024,#15025);
#13639=AXIS2_PLACEMENT_3D('',#18455,#15029,#15030);
#13640=AXIS2_PLACEMENT_3D('',#18461,#15034,#15035);
#13641=AXIS2_PLACEMENT_3D('',#18467,#15039,#15040);
#13642=AXIS2_PLACEMENT_3D('',#18473,#15044,#15045);
#13643=AXIS2_PLACEMENT_3D('',#18479,#15049,#15050);
#13644=AXIS2_PLACEMENT_3D('',#18485,#15054,#15055);
#13645=AXIS2_PLACEMENT_3D('',#18491,#15059,#15060);
#13646=AXIS2_PLACEMENT_3D('',#18497,#15064,#15065);
#13647=AXIS2_PLACEMENT_3D('',#18503,#15069,#15070);
#13648=AXIS2_PLACEMENT_3D('',#18509,#15074,#15075);
#13649=AXIS2_PLACEMENT_3D('',#18515,#15079,#15080);
#13650=AXIS2_PLACEMENT_3D('',#18521,#15084,#15085);
#13651=AXIS2_PLACEMENT_3D('',#18527,#15089,#15090);
#13652=AXIS2_PLACEMENT_3D('',#18533,#15094,#15095);
#13653=AXIS2_PLACEMENT_3D('',#18539,#15099,#15100);
#13654=AXIS2_PLACEMENT_3D('',#18545,#15104,#15105);
#13655=AXIS2_PLACEMENT_3D('',#18551,#15109,#15110);
#13656=AXIS2_PLACEMENT_3D('',#18557,#15114,#15115);
#13657=AXIS2_PLACEMENT_3D('',#18563,#15119,#15120);
#13658=AXIS2_PLACEMENT_3D('',#18569,#15124,#15125);
#13659=AXIS2_PLACEMENT_3D('',#18575,#15129,#15130);
#13660=AXIS2_PLACEMENT_3D('',#18581,#15134,#15135);
#13661=AXIS2_PLACEMENT_3D('',#18587,#15139,#15140);
#13662=AXIS2_PLACEMENT_3D('',#18593,#15144,#15145);
#13663=AXIS2_PLACEMENT_3D('',#18599,#15149,#15150);
#13664=AXIS2_PLACEMENT_3D('',#18605,#15154,#15155);
#13665=AXIS2_PLACEMENT_3D('',#18611,#15159,#15160);
#13666=AXIS2_PLACEMENT_3D('',#18617,#15164,#15165);
#13667=AXIS2_PLACEMENT_3D('',#18623,#15169,#15170);
#13668=AXIS2_PLACEMENT_3D('',#18629,#15174,#15175);
#13669=AXIS2_PLACEMENT_3D('',#18632,#15178,#15179);
#13670=AXIS2_PLACEMENT_3D('',#18633,#15180,#15181);
#13671=AXIS2_PLACEMENT_3D('',#18634,#15182,#15183);
#13672=AXIS2_PLACEMENT_3D('',#18636,#15184,#15185);
#13673=AXIS2_PLACEMENT_3D('',#18639,#15187,#15188);
#13674=AXIS2_PLACEMENT_3D('',#18640,#15189,#15190);
#13675=AXIS2_PLACEMENT_3D('',#18649,#15195,#15196);
#13676=AXIS2_PLACEMENT_3D('',#18655,#15200,#15201);
#13677=AXIS2_PLACEMENT_3D('',#18661,#15205,#15206);
#13678=AXIS2_PLACEMENT_3D('',#18667,#15210,#15211);
#13679=AXIS2_PLACEMENT_3D('',#18673,#15215,#15216);
#13680=AXIS2_PLACEMENT_3D('',#18679,#15220,#15221);
#13681=AXIS2_PLACEMENT_3D('',#18685,#15225,#15226);
#13682=AXIS2_PLACEMENT_3D('',#18691,#15230,#15231);
#13683=AXIS2_PLACEMENT_3D('',#18697,#15235,#15236);
#13684=AXIS2_PLACEMENT_3D('',#18703,#15240,#15241);
#13685=AXIS2_PLACEMENT_3D('',#18709,#15245,#15246);
#13686=AXIS2_PLACEMENT_3D('',#18715,#15250,#15251);
#13687=AXIS2_PLACEMENT_3D('',#18721,#15255,#15256);
#13688=AXIS2_PLACEMENT_3D('',#18727,#15260,#15261);
#13689=AXIS2_PLACEMENT_3D('',#18733,#15265,#15266);
#13690=AXIS2_PLACEMENT_3D('',#18739,#15270,#15271);
#13691=AXIS2_PLACEMENT_3D('',#18745,#15275,#15276);
#13692=AXIS2_PLACEMENT_3D('',#18751,#15280,#15281);
#13693=AXIS2_PLACEMENT_3D('',#18757,#15285,#15286);
#13694=AXIS2_PLACEMENT_3D('',#18763,#15290,#15291);
#13695=AXIS2_PLACEMENT_3D('',#18769,#15295,#15296);
#13696=AXIS2_PLACEMENT_3D('',#18775,#15300,#15301);
#13697=AXIS2_PLACEMENT_3D('',#18781,#15305,#15306);
#13698=AXIS2_PLACEMENT_3D('',#18787,#15310,#15311);
#13699=AXIS2_PLACEMENT_3D('',#18793,#15315,#15316);
#13700=AXIS2_PLACEMENT_3D('',#18799,#15320,#15321);
#13701=AXIS2_PLACEMENT_3D('',#18805,#15325,#15326);
#13702=AXIS2_PLACEMENT_3D('',#18811,#15330,#15331);
#13703=AXIS2_PLACEMENT_3D('',#18817,#15335,#15336);
#13704=AXIS2_PLACEMENT_3D('',#18823,#15340,#15341);
#13705=AXIS2_PLACEMENT_3D('',#18829,#15345,#15346);
#13706=AXIS2_PLACEMENT_3D('',#18835,#15350,#15351);
#13707=AXIS2_PLACEMENT_3D('',#18841,#15355,#15356);
#13708=AXIS2_PLACEMENT_3D('',#18847,#15360,#15361);
#13709=AXIS2_PLACEMENT_3D('',#18853,#15365,#15366);
#13710=AXIS2_PLACEMENT_3D('',#18859,#15370,#15371);
#13711=AXIS2_PLACEMENT_3D('',#18865,#15375,#15376);
#13712=AXIS2_PLACEMENT_3D('',#18871,#15380,#15381);
#13713=AXIS2_PLACEMENT_3D('',#18877,#15385,#15386);
#13714=AXIS2_PLACEMENT_3D('',#18883,#15390,#15391);
#13715=AXIS2_PLACEMENT_3D('',#18889,#15395,#15396);
#13716=AXIS2_PLACEMENT_3D('',#18895,#15400,#15401);
#13717=AXIS2_PLACEMENT_3D('',#18901,#15405,#15406);
#13718=AXIS2_PLACEMENT_3D('',#18907,#15410,#15411);
#13719=AXIS2_PLACEMENT_3D('',#18913,#15415,#15416);
#13720=AXIS2_PLACEMENT_3D('',#18919,#15420,#15421);
#13721=AXIS2_PLACEMENT_3D('',#18925,#15425,#15426);
#13722=AXIS2_PLACEMENT_3D('',#18928,#15429,#15430);
#13723=AXIS2_PLACEMENT_3D('',#18929,#15431,#15432);
#13724=AXIS2_PLACEMENT_3D('',#18930,#15433,#15434);
#13725=AXIS2_PLACEMENT_3D('',#18932,#15435,#15436);
#13726=AXIS2_PLACEMENT_3D('',#18935,#15438,#15439);
#13727=AXIS2_PLACEMENT_3D('',#18936,#15440,#15441);
#13728=AXIS2_PLACEMENT_3D('',#18945,#15446,#15447);
#13729=AXIS2_PLACEMENT_3D('',#18951,#15451,#15452);
#13730=AXIS2_PLACEMENT_3D('',#18957,#15456,#15457);
#13731=AXIS2_PLACEMENT_3D('',#18963,#15461,#15462);
#13732=AXIS2_PLACEMENT_3D('',#18969,#15466,#15467);
#13733=AXIS2_PLACEMENT_3D('',#18975,#15471,#15472);
#13734=AXIS2_PLACEMENT_3D('',#18981,#15476,#15477);
#13735=AXIS2_PLACEMENT_3D('',#18987,#15481,#15482);
#13736=AXIS2_PLACEMENT_3D('',#18993,#15486,#15487);
#13737=AXIS2_PLACEMENT_3D('',#18999,#15491,#15492);
#13738=AXIS2_PLACEMENT_3D('',#19005,#15496,#15497);
#13739=AXIS2_PLACEMENT_3D('',#19011,#15501,#15502);
#13740=AXIS2_PLACEMENT_3D('',#19017,#15506,#15507);
#13741=AXIS2_PLACEMENT_3D('',#19023,#15511,#15512);
#13742=AXIS2_PLACEMENT_3D('',#19029,#15516,#15517);
#13743=AXIS2_PLACEMENT_3D('',#19035,#15521,#15522);
#13744=AXIS2_PLACEMENT_3D('',#19041,#15526,#15527);
#13745=AXIS2_PLACEMENT_3D('',#19047,#15531,#15532);
#13746=AXIS2_PLACEMENT_3D('',#19053,#15536,#15537);
#13747=AXIS2_PLACEMENT_3D('',#19059,#15541,#15542);
#13748=AXIS2_PLACEMENT_3D('',#19065,#15546,#15547);
#13749=AXIS2_PLACEMENT_3D('',#19071,#15551,#15552);
#13750=AXIS2_PLACEMENT_3D('',#19077,#15556,#15557);
#13751=AXIS2_PLACEMENT_3D('',#19083,#15561,#15562);
#13752=AXIS2_PLACEMENT_3D('',#19089,#15566,#15567);
#13753=AXIS2_PLACEMENT_3D('',#19095,#15571,#15572);
#13754=AXIS2_PLACEMENT_3D('',#19101,#15576,#15577);
#13755=AXIS2_PLACEMENT_3D('',#19107,#15581,#15582);
#13756=AXIS2_PLACEMENT_3D('',#19113,#15586,#15587);
#13757=AXIS2_PLACEMENT_3D('',#19119,#15591,#15592);
#13758=AXIS2_PLACEMENT_3D('',#19125,#15596,#15597);
#13759=AXIS2_PLACEMENT_3D('',#19131,#15601,#15602);
#13760=AXIS2_PLACEMENT_3D('',#19137,#15606,#15607);
#13761=AXIS2_PLACEMENT_3D('',#19143,#15611,#15612);
#13762=AXIS2_PLACEMENT_3D('',#19149,#15616,#15617);
#13763=AXIS2_PLACEMENT_3D('',#19155,#15621,#15622);
#13764=AXIS2_PLACEMENT_3D('',#19161,#15626,#15627);
#13765=AXIS2_PLACEMENT_3D('',#19167,#15631,#15632);
#13766=AXIS2_PLACEMENT_3D('',#19173,#15636,#15637);
#13767=AXIS2_PLACEMENT_3D('',#19179,#15641,#15642);
#13768=AXIS2_PLACEMENT_3D('',#19185,#15646,#15647);
#13769=AXIS2_PLACEMENT_3D('',#19191,#15651,#15652);
#13770=AXIS2_PLACEMENT_3D('',#19197,#15656,#15657);
#13771=AXIS2_PLACEMENT_3D('',#19203,#15661,#15662);
#13772=AXIS2_PLACEMENT_3D('',#19209,#15666,#15667);
#13773=AXIS2_PLACEMENT_3D('',#19215,#15671,#15672);
#13774=AXIS2_PLACEMENT_3D('',#19221,#15676,#15677);
#13775=AXIS2_PLACEMENT_3D('',#19224,#15680,#15681);
#13776=AXIS2_PLACEMENT_3D('',#19225,#15682,#15683);
#13777=AXIS2_PLACEMENT_3D('',#19226,#15684,#15685);
#13778=AXIS2_PLACEMENT_3D('',#19228,#15686,#15687);
#13779=AXIS2_PLACEMENT_3D('',#19231,#15689,#15690);
#13780=AXIS2_PLACEMENT_3D('',#19232,#15691,#15692);
#13781=AXIS2_PLACEMENT_3D('',#19241,#15697,#15698);
#13782=AXIS2_PLACEMENT_3D('',#19247,#15702,#15703);
#13783=AXIS2_PLACEMENT_3D('',#19253,#15707,#15708);
#13784=AXIS2_PLACEMENT_3D('',#19259,#15712,#15713);
#13785=AXIS2_PLACEMENT_3D('',#19265,#15717,#15718);
#13786=AXIS2_PLACEMENT_3D('',#19271,#15722,#15723);
#13787=AXIS2_PLACEMENT_3D('',#19277,#15727,#15728);
#13788=AXIS2_PLACEMENT_3D('',#19283,#15732,#15733);
#13789=AXIS2_PLACEMENT_3D('',#19289,#15737,#15738);
#13790=AXIS2_PLACEMENT_3D('',#19295,#15742,#15743);
#13791=AXIS2_PLACEMENT_3D('',#19301,#15747,#15748);
#13792=AXIS2_PLACEMENT_3D('',#19307,#15752,#15753);
#13793=AXIS2_PLACEMENT_3D('',#19313,#15757,#15758);
#13794=AXIS2_PLACEMENT_3D('',#19319,#15762,#15763);
#13795=AXIS2_PLACEMENT_3D('',#19325,#15767,#15768);
#13796=AXIS2_PLACEMENT_3D('',#19331,#15772,#15773);
#13797=AXIS2_PLACEMENT_3D('',#19337,#15777,#15778);
#13798=AXIS2_PLACEMENT_3D('',#19343,#15782,#15783);
#13799=AXIS2_PLACEMENT_3D('',#19349,#15787,#15788);
#13800=AXIS2_PLACEMENT_3D('',#19355,#15792,#15793);
#13801=AXIS2_PLACEMENT_3D('',#19361,#15797,#15798);
#13802=AXIS2_PLACEMENT_3D('',#19367,#15802,#15803);
#13803=AXIS2_PLACEMENT_3D('',#19373,#15807,#15808);
#13804=AXIS2_PLACEMENT_3D('',#19379,#15812,#15813);
#13805=AXIS2_PLACEMENT_3D('',#19385,#15817,#15818);
#13806=AXIS2_PLACEMENT_3D('',#19391,#15822,#15823);
#13807=AXIS2_PLACEMENT_3D('',#19397,#15827,#15828);
#13808=AXIS2_PLACEMENT_3D('',#19403,#15832,#15833);
#13809=AXIS2_PLACEMENT_3D('',#19409,#15837,#15838);
#13810=AXIS2_PLACEMENT_3D('',#19415,#15842,#15843);
#13811=AXIS2_PLACEMENT_3D('',#19421,#15847,#15848);
#13812=AXIS2_PLACEMENT_3D('',#19427,#15852,#15853);
#13813=AXIS2_PLACEMENT_3D('',#19433,#15857,#15858);
#13814=AXIS2_PLACEMENT_3D('',#19439,#15862,#15863);
#13815=AXIS2_PLACEMENT_3D('',#19445,#15867,#15868);
#13816=AXIS2_PLACEMENT_3D('',#19451,#15872,#15873);
#13817=AXIS2_PLACEMENT_3D('',#19457,#15877,#15878);
#13818=AXIS2_PLACEMENT_3D('',#19463,#15882,#15883);
#13819=AXIS2_PLACEMENT_3D('',#19469,#15887,#15888);
#13820=AXIS2_PLACEMENT_3D('',#19475,#15892,#15893);
#13821=AXIS2_PLACEMENT_3D('',#19481,#15897,#15898);
#13822=AXIS2_PLACEMENT_3D('',#19487,#15902,#15903);
#13823=AXIS2_PLACEMENT_3D('',#19493,#15907,#15908);
#13824=AXIS2_PLACEMENT_3D('',#19499,#15912,#15913);
#13825=AXIS2_PLACEMENT_3D('',#19505,#15917,#15918);
#13826=AXIS2_PLACEMENT_3D('',#19511,#15922,#15923);
#13827=AXIS2_PLACEMENT_3D('',#19517,#15927,#15928);
#13828=AXIS2_PLACEMENT_3D('',#19520,#15931,#15932);
#13829=AXIS2_PLACEMENT_3D('',#19521,#15933,#15934);
#13830=AXIS2_PLACEMENT_3D('',#19522,#15935,#15936);
#13831=AXIS2_PLACEMENT_3D('',#19524,#15937,#15938);
#13832=AXIS2_PLACEMENT_3D('',#19527,#15940,#15941);
#13833=AXIS2_PLACEMENT_3D('',#19528,#15942,#15943);
#13834=AXIS2_PLACEMENT_3D('',#19537,#15948,#15949);
#13835=AXIS2_PLACEMENT_3D('',#19543,#15953,#15954);
#13836=AXIS2_PLACEMENT_3D('',#19549,#15958,#15959);
#13837=AXIS2_PLACEMENT_3D('',#19555,#15963,#15964);
#13838=AXIS2_PLACEMENT_3D('',#19561,#15968,#15969);
#13839=AXIS2_PLACEMENT_3D('',#19567,#15973,#15974);
#13840=AXIS2_PLACEMENT_3D('',#19573,#15978,#15979);
#13841=AXIS2_PLACEMENT_3D('',#19579,#15983,#15984);
#13842=AXIS2_PLACEMENT_3D('',#19585,#15988,#15989);
#13843=AXIS2_PLACEMENT_3D('',#19591,#15993,#15994);
#13844=AXIS2_PLACEMENT_3D('',#19597,#15998,#15999);
#13845=AXIS2_PLACEMENT_3D('',#19603,#16003,#16004);
#13846=AXIS2_PLACEMENT_3D('',#19609,#16008,#16009);
#13847=AXIS2_PLACEMENT_3D('',#19615,#16013,#16014);
#13848=AXIS2_PLACEMENT_3D('',#19621,#16018,#16019);
#13849=AXIS2_PLACEMENT_3D('',#19627,#16023,#16024);
#13850=AXIS2_PLACEMENT_3D('',#19633,#16028,#16029);
#13851=AXIS2_PLACEMENT_3D('',#19639,#16033,#16034);
#13852=AXIS2_PLACEMENT_3D('',#19645,#16038,#16039);
#13853=AXIS2_PLACEMENT_3D('',#19651,#16043,#16044);
#13854=AXIS2_PLACEMENT_3D('',#19657,#16048,#16049);
#13855=AXIS2_PLACEMENT_3D('',#19663,#16053,#16054);
#13856=AXIS2_PLACEMENT_3D('',#19669,#16058,#16059);
#13857=AXIS2_PLACEMENT_3D('',#19675,#16063,#16064);
#13858=AXIS2_PLACEMENT_3D('',#19681,#16068,#16069);
#13859=AXIS2_PLACEMENT_3D('',#19687,#16073,#16074);
#13860=AXIS2_PLACEMENT_3D('',#19693,#16078,#16079);
#13861=AXIS2_PLACEMENT_3D('',#19699,#16083,#16084);
#13862=AXIS2_PLACEMENT_3D('',#19705,#16088,#16089);
#13863=AXIS2_PLACEMENT_3D('',#19711,#16093,#16094);
#13864=AXIS2_PLACEMENT_3D('',#19717,#16098,#16099);
#13865=AXIS2_PLACEMENT_3D('',#19723,#16103,#16104);
#13866=AXIS2_PLACEMENT_3D('',#19729,#16108,#16109);
#13867=AXIS2_PLACEMENT_3D('',#19735,#16113,#16114);
#13868=AXIS2_PLACEMENT_3D('',#19741,#16118,#16119);
#13869=AXIS2_PLACEMENT_3D('',#19747,#16123,#16124);
#13870=AXIS2_PLACEMENT_3D('',#19753,#16128,#16129);
#13871=AXIS2_PLACEMENT_3D('',#19759,#16133,#16134);
#13872=AXIS2_PLACEMENT_3D('',#19765,#16138,#16139);
#13873=AXIS2_PLACEMENT_3D('',#19771,#16143,#16144);
#13874=AXIS2_PLACEMENT_3D('',#19777,#16148,#16149);
#13875=AXIS2_PLACEMENT_3D('',#19783,#16153,#16154);
#13876=AXIS2_PLACEMENT_3D('',#19789,#16158,#16159);
#13877=AXIS2_PLACEMENT_3D('',#19795,#16163,#16164);
#13878=AXIS2_PLACEMENT_3D('',#19801,#16168,#16169);
#13879=AXIS2_PLACEMENT_3D('',#19807,#16173,#16174);
#13880=AXIS2_PLACEMENT_3D('',#19813,#16178,#16179);
#13881=AXIS2_PLACEMENT_3D('',#19816,#16182,#16183);
#13882=AXIS2_PLACEMENT_3D('',#19817,#16184,#16185);
#13883=AXIS2_PLACEMENT_3D('',#19818,#16186,#16187);
#13884=AXIS2_PLACEMENT_3D('',#19820,#16188,#16189);
#13885=AXIS2_PLACEMENT_3D('',#19823,#16191,#16192);
#13886=AXIS2_PLACEMENT_3D('',#19824,#16193,#16194);
#13887=AXIS2_PLACEMENT_3D('',#19833,#16199,#16200);
#13888=AXIS2_PLACEMENT_3D('',#19839,#16204,#16205);
#13889=AXIS2_PLACEMENT_3D('',#19845,#16209,#16210);
#13890=AXIS2_PLACEMENT_3D('',#19851,#16214,#16215);
#13891=AXIS2_PLACEMENT_3D('',#19857,#16219,#16220);
#13892=AXIS2_PLACEMENT_3D('',#19863,#16224,#16225);
#13893=AXIS2_PLACEMENT_3D('',#19869,#16229,#16230);
#13894=AXIS2_PLACEMENT_3D('',#19875,#16234,#16235);
#13895=AXIS2_PLACEMENT_3D('',#19881,#16239,#16240);
#13896=AXIS2_PLACEMENT_3D('',#19887,#16244,#16245);
#13897=AXIS2_PLACEMENT_3D('',#19893,#16249,#16250);
#13898=AXIS2_PLACEMENT_3D('',#19899,#16254,#16255);
#13899=AXIS2_PLACEMENT_3D('',#19905,#16259,#16260);
#13900=AXIS2_PLACEMENT_3D('',#19911,#16264,#16265);
#13901=AXIS2_PLACEMENT_3D('',#19917,#16269,#16270);
#13902=AXIS2_PLACEMENT_3D('',#19923,#16274,#16275);
#13903=AXIS2_PLACEMENT_3D('',#19929,#16279,#16280);
#13904=AXIS2_PLACEMENT_3D('',#19935,#16284,#16285);
#13905=AXIS2_PLACEMENT_3D('',#19941,#16289,#16290);
#13906=AXIS2_PLACEMENT_3D('',#19947,#16294,#16295);
#13907=AXIS2_PLACEMENT_3D('',#19953,#16299,#16300);
#13908=AXIS2_PLACEMENT_3D('',#19959,#16304,#16305);
#13909=AXIS2_PLACEMENT_3D('',#19965,#16309,#16310);
#13910=AXIS2_PLACEMENT_3D('',#19971,#16314,#16315);
#13911=AXIS2_PLACEMENT_3D('',#19977,#16319,#16320);
#13912=AXIS2_PLACEMENT_3D('',#19983,#16324,#16325);
#13913=AXIS2_PLACEMENT_3D('',#19989,#16329,#16330);
#13914=AXIS2_PLACEMENT_3D('',#19995,#16334,#16335);
#13915=AXIS2_PLACEMENT_3D('',#20001,#16339,#16340);
#13916=AXIS2_PLACEMENT_3D('',#20007,#16344,#16345);
#13917=AXIS2_PLACEMENT_3D('',#20013,#16349,#16350);
#13918=AXIS2_PLACEMENT_3D('',#20019,#16354,#16355);
#13919=AXIS2_PLACEMENT_3D('',#20025,#16359,#16360);
#13920=AXIS2_PLACEMENT_3D('',#20031,#16364,#16365);
#13921=AXIS2_PLACEMENT_3D('',#20037,#16369,#16370);
#13922=AXIS2_PLACEMENT_3D('',#20043,#16374,#16375);
#13923=AXIS2_PLACEMENT_3D('',#20049,#16379,#16380);
#13924=AXIS2_PLACEMENT_3D('',#20055,#16384,#16385);
#13925=AXIS2_PLACEMENT_3D('',#20061,#16389,#16390);
#13926=AXIS2_PLACEMENT_3D('',#20067,#16394,#16395);
#13927=AXIS2_PLACEMENT_3D('',#20073,#16399,#16400);
#13928=AXIS2_PLACEMENT_3D('',#20079,#16404,#16405);
#13929=AXIS2_PLACEMENT_3D('',#20085,#16409,#16410);
#13930=AXIS2_PLACEMENT_3D('',#20091,#16414,#16415);
#13931=AXIS2_PLACEMENT_3D('',#20097,#16419,#16420);
#13932=AXIS2_PLACEMENT_3D('',#20103,#16424,#16425);
#13933=AXIS2_PLACEMENT_3D('',#20109,#16429,#16430);
#13934=AXIS2_PLACEMENT_3D('',#20112,#16433,#16434);
#13935=AXIS2_PLACEMENT_3D('',#20113,#16435,#16436);
#13936=AXIS2_PLACEMENT_3D('',#20114,#16437,#16438);
#13937=AXIS2_PLACEMENT_3D('',#20116,#16439,#16440);
#13938=AXIS2_PLACEMENT_3D('',#20119,#16442,#16443);
#13939=AXIS2_PLACEMENT_3D('',#20120,#16444,#16445);
#13940=AXIS2_PLACEMENT_3D('',#20129,#16450,#16451);
#13941=AXIS2_PLACEMENT_3D('',#20135,#16455,#16456);
#13942=AXIS2_PLACEMENT_3D('',#20141,#16460,#16461);
#13943=AXIS2_PLACEMENT_3D('',#20147,#16465,#16466);
#13944=AXIS2_PLACEMENT_3D('',#20153,#16470,#16471);
#13945=AXIS2_PLACEMENT_3D('',#20159,#16475,#16476);
#13946=AXIS2_PLACEMENT_3D('',#20165,#16480,#16481);
#13947=AXIS2_PLACEMENT_3D('',#20171,#16485,#16486);
#13948=AXIS2_PLACEMENT_3D('',#20177,#16490,#16491);
#13949=AXIS2_PLACEMENT_3D('',#20183,#16495,#16496);
#13950=AXIS2_PLACEMENT_3D('',#20189,#16500,#16501);
#13951=AXIS2_PLACEMENT_3D('',#20195,#16505,#16506);
#13952=AXIS2_PLACEMENT_3D('',#20201,#16510,#16511);
#13953=AXIS2_PLACEMENT_3D('',#20207,#16515,#16516);
#13954=AXIS2_PLACEMENT_3D('',#20213,#16520,#16521);
#13955=AXIS2_PLACEMENT_3D('',#20219,#16525,#16526);
#13956=AXIS2_PLACEMENT_3D('',#20225,#16530,#16531);
#13957=AXIS2_PLACEMENT_3D('',#20231,#16535,#16536);
#13958=AXIS2_PLACEMENT_3D('',#20237,#16540,#16541);
#13959=AXIS2_PLACEMENT_3D('',#20243,#16545,#16546);
#13960=AXIS2_PLACEMENT_3D('',#20249,#16550,#16551);
#13961=AXIS2_PLACEMENT_3D('',#20255,#16555,#16556);
#13962=AXIS2_PLACEMENT_3D('',#20261,#16560,#16561);
#13963=AXIS2_PLACEMENT_3D('',#20267,#16565,#16566);
#13964=AXIS2_PLACEMENT_3D('',#20273,#16570,#16571);
#13965=AXIS2_PLACEMENT_3D('',#20279,#16575,#16576);
#13966=AXIS2_PLACEMENT_3D('',#20285,#16580,#16581);
#13967=AXIS2_PLACEMENT_3D('',#20291,#16585,#16586);
#13968=AXIS2_PLACEMENT_3D('',#20297,#16590,#16591);
#13969=AXIS2_PLACEMENT_3D('',#20303,#16595,#16596);
#13970=AXIS2_PLACEMENT_3D('',#20309,#16600,#16601);
#13971=AXIS2_PLACEMENT_3D('',#20315,#16605,#16606);
#13972=AXIS2_PLACEMENT_3D('',#20321,#16610,#16611);
#13973=AXIS2_PLACEMENT_3D('',#20327,#16615,#16616);
#13974=AXIS2_PLACEMENT_3D('',#20333,#16620,#16621);
#13975=AXIS2_PLACEMENT_3D('',#20339,#16625,#16626);
#13976=AXIS2_PLACEMENT_3D('',#20345,#16630,#16631);
#13977=AXIS2_PLACEMENT_3D('',#20351,#16635,#16636);
#13978=AXIS2_PLACEMENT_3D('',#20357,#16640,#16641);
#13979=AXIS2_PLACEMENT_3D('',#20363,#16645,#16646);
#13980=AXIS2_PLACEMENT_3D('',#20369,#16650,#16651);
#13981=AXIS2_PLACEMENT_3D('',#20375,#16655,#16656);
#13982=AXIS2_PLACEMENT_3D('',#20381,#16660,#16661);
#13983=AXIS2_PLACEMENT_3D('',#20387,#16665,#16666);
#13984=AXIS2_PLACEMENT_3D('',#20393,#16670,#16671);
#13985=AXIS2_PLACEMENT_3D('',#20399,#16675,#16676);
#13986=AXIS2_PLACEMENT_3D('',#20405,#16680,#16681);
#13987=AXIS2_PLACEMENT_3D('',#20408,#16684,#16685);
#13988=AXIS2_PLACEMENT_3D('',#20409,#16686,#16687);
#13989=AXIS2_PLACEMENT_3D('',#20410,#16688,#16689);
#13990=AXIS2_PLACEMENT_3D('',#20412,#16690,#16691);
#13991=AXIS2_PLACEMENT_3D('',#20415,#16693,#16694);
#13992=AXIS2_PLACEMENT_3D('',#20416,#16695,#16696);
#13993=AXIS2_PLACEMENT_3D('',#20425,#16701,#16702);
#13994=AXIS2_PLACEMENT_3D('',#20431,#16706,#16707);
#13995=AXIS2_PLACEMENT_3D('',#20437,#16711,#16712);
#13996=AXIS2_PLACEMENT_3D('',#20443,#16716,#16717);
#13997=AXIS2_PLACEMENT_3D('',#20449,#16721,#16722);
#13998=AXIS2_PLACEMENT_3D('',#20455,#16726,#16727);
#13999=AXIS2_PLACEMENT_3D('',#20461,#16731,#16732);
#14000=AXIS2_PLACEMENT_3D('',#20467,#16736,#16737);
#14001=AXIS2_PLACEMENT_3D('',#20473,#16741,#16742);
#14002=AXIS2_PLACEMENT_3D('',#20479,#16746,#16747);
#14003=AXIS2_PLACEMENT_3D('',#20485,#16751,#16752);
#14004=AXIS2_PLACEMENT_3D('',#20491,#16756,#16757);
#14005=AXIS2_PLACEMENT_3D('',#20497,#16761,#16762);
#14006=AXIS2_PLACEMENT_3D('',#20503,#16766,#16767);
#14007=AXIS2_PLACEMENT_3D('',#20509,#16771,#16772);
#14008=AXIS2_PLACEMENT_3D('',#20515,#16776,#16777);
#14009=AXIS2_PLACEMENT_3D('',#20521,#16781,#16782);
#14010=AXIS2_PLACEMENT_3D('',#20527,#16786,#16787);
#14011=AXIS2_PLACEMENT_3D('',#20533,#16791,#16792);
#14012=AXIS2_PLACEMENT_3D('',#20539,#16796,#16797);
#14013=AXIS2_PLACEMENT_3D('',#20545,#16801,#16802);
#14014=AXIS2_PLACEMENT_3D('',#20551,#16806,#16807);
#14015=AXIS2_PLACEMENT_3D('',#20557,#16811,#16812);
#14016=AXIS2_PLACEMENT_3D('',#20563,#16816,#16817);
#14017=AXIS2_PLACEMENT_3D('',#20569,#16821,#16822);
#14018=AXIS2_PLACEMENT_3D('',#20575,#16826,#16827);
#14019=AXIS2_PLACEMENT_3D('',#20581,#16831,#16832);
#14020=AXIS2_PLACEMENT_3D('',#20587,#16836,#16837);
#14021=AXIS2_PLACEMENT_3D('',#20593,#16841,#16842);
#14022=AXIS2_PLACEMENT_3D('',#20599,#16846,#16847);
#14023=AXIS2_PLACEMENT_3D('',#20605,#16851,#16852);
#14024=AXIS2_PLACEMENT_3D('',#20611,#16856,#16857);
#14025=AXIS2_PLACEMENT_3D('',#20617,#16861,#16862);
#14026=AXIS2_PLACEMENT_3D('',#20623,#16866,#16867);
#14027=AXIS2_PLACEMENT_3D('',#20629,#16871,#16872);
#14028=AXIS2_PLACEMENT_3D('',#20635,#16876,#16877);
#14029=AXIS2_PLACEMENT_3D('',#20641,#16881,#16882);
#14030=AXIS2_PLACEMENT_3D('',#20647,#16886,#16887);
#14031=AXIS2_PLACEMENT_3D('',#20653,#16891,#16892);
#14032=AXIS2_PLACEMENT_3D('',#20659,#16896,#16897);
#14033=AXIS2_PLACEMENT_3D('',#20665,#16901,#16902);
#14034=AXIS2_PLACEMENT_3D('',#20671,#16906,#16907);
#14035=AXIS2_PLACEMENT_3D('',#20677,#16911,#16912);
#14036=AXIS2_PLACEMENT_3D('',#20683,#16916,#16917);
#14037=AXIS2_PLACEMENT_3D('',#20689,#16921,#16922);
#14038=AXIS2_PLACEMENT_3D('',#20695,#16926,#16927);
#14039=AXIS2_PLACEMENT_3D('',#20701,#16931,#16932);
#14040=AXIS2_PLACEMENT_3D('',#20704,#16935,#16936);
#14041=AXIS2_PLACEMENT_3D('',#20705,#16937,#16938);
#14042=AXIS2_PLACEMENT_3D('',#20706,#16939,#16940);
#14043=AXIS2_PLACEMENT_3D('',#20708,#16941,#16942);
#14044=AXIS2_PLACEMENT_3D('',#20711,#16944,#16945);
#14045=AXIS2_PLACEMENT_3D('',#20712,#16946,#16947);
#14046=AXIS2_PLACEMENT_3D('',#20721,#16952,#16953);
#14047=AXIS2_PLACEMENT_3D('',#20727,#16957,#16958);
#14048=AXIS2_PLACEMENT_3D('',#20733,#16962,#16963);
#14049=AXIS2_PLACEMENT_3D('',#20739,#16967,#16968);
#14050=AXIS2_PLACEMENT_3D('',#20745,#16972,#16973);
#14051=AXIS2_PLACEMENT_3D('',#20751,#16977,#16978);
#14052=AXIS2_PLACEMENT_3D('',#20757,#16982,#16983);
#14053=AXIS2_PLACEMENT_3D('',#20763,#16987,#16988);
#14054=AXIS2_PLACEMENT_3D('',#20769,#16992,#16993);
#14055=AXIS2_PLACEMENT_3D('',#20775,#16997,#16998);
#14056=AXIS2_PLACEMENT_3D('',#20781,#17002,#17003);
#14057=AXIS2_PLACEMENT_3D('',#20787,#17007,#17008);
#14058=AXIS2_PLACEMENT_3D('',#20793,#17012,#17013);
#14059=AXIS2_PLACEMENT_3D('',#20799,#17017,#17018);
#14060=AXIS2_PLACEMENT_3D('',#20805,#17022,#17023);
#14061=AXIS2_PLACEMENT_3D('',#20811,#17027,#17028);
#14062=AXIS2_PLACEMENT_3D('',#20817,#17032,#17033);
#14063=AXIS2_PLACEMENT_3D('',#20823,#17037,#17038);
#14064=AXIS2_PLACEMENT_3D('',#20829,#17042,#17043);
#14065=AXIS2_PLACEMENT_3D('',#20835,#17047,#17048);
#14066=AXIS2_PLACEMENT_3D('',#20841,#17052,#17053);
#14067=AXIS2_PLACEMENT_3D('',#20847,#17057,#17058);
#14068=AXIS2_PLACEMENT_3D('',#20853,#17062,#17063);
#14069=AXIS2_PLACEMENT_3D('',#20859,#17067,#17068);
#14070=AXIS2_PLACEMENT_3D('',#20865,#17072,#17073);
#14071=AXIS2_PLACEMENT_3D('',#20871,#17077,#17078);
#14072=AXIS2_PLACEMENT_3D('',#20877,#17082,#17083);
#14073=AXIS2_PLACEMENT_3D('',#20883,#17087,#17088);
#14074=AXIS2_PLACEMENT_3D('',#20889,#17092,#17093);
#14075=AXIS2_PLACEMENT_3D('',#20895,#17097,#17098);
#14076=AXIS2_PLACEMENT_3D('',#20901,#17102,#17103);
#14077=AXIS2_PLACEMENT_3D('',#20907,#17107,#17108);
#14078=AXIS2_PLACEMENT_3D('',#20913,#17112,#17113);
#14079=AXIS2_PLACEMENT_3D('',#20919,#17117,#17118);
#14080=AXIS2_PLACEMENT_3D('',#20925,#17122,#17123);
#14081=AXIS2_PLACEMENT_3D('',#20931,#17127,#17128);
#14082=AXIS2_PLACEMENT_3D('',#20937,#17132,#17133);
#14083=AXIS2_PLACEMENT_3D('',#20943,#17137,#17138);
#14084=AXIS2_PLACEMENT_3D('',#20949,#17142,#17143);
#14085=AXIS2_PLACEMENT_3D('',#20955,#17147,#17148);
#14086=AXIS2_PLACEMENT_3D('',#20961,#17152,#17153);
#14087=AXIS2_PLACEMENT_3D('',#20967,#17157,#17158);
#14088=AXIS2_PLACEMENT_3D('',#20973,#17162,#17163);
#14089=AXIS2_PLACEMENT_3D('',#20979,#17167,#17168);
#14090=AXIS2_PLACEMENT_3D('',#20985,#17172,#17173);
#14091=AXIS2_PLACEMENT_3D('',#20991,#17177,#17178);
#14092=AXIS2_PLACEMENT_3D('',#20997,#17182,#17183);
#14093=AXIS2_PLACEMENT_3D('',#21000,#17186,#17187);
#14094=AXIS2_PLACEMENT_3D('',#21001,#17188,#17189);
#14095=AXIS2_PLACEMENT_3D('',#21002,#17190,#17191);
#14096=AXIS2_PLACEMENT_3D('',#21011,#17196,#17197);
#14097=AXIS2_PLACEMENT_3D('',#21017,#17201,#17202);
#14098=AXIS2_PLACEMENT_3D('',#21023,#17206,#17207);
#14099=AXIS2_PLACEMENT_3D('',#21026,#17210,#17211);
#14100=AXIS2_PLACEMENT_3D('',#21027,#17212,#17213);
#14101=AXIS2_PLACEMENT_3D('',#21028,#17214,#17215);
#14102=AXIS2_PLACEMENT_3D('',#21037,#17220,#17221);
#14103=AXIS2_PLACEMENT_3D('',#21043,#17225,#17226);
#14104=AXIS2_PLACEMENT_3D('',#21049,#17230,#17231);
#14105=AXIS2_PLACEMENT_3D('',#21052,#17234,#17235);
#14106=AXIS2_PLACEMENT_3D('',#21053,#17236,#17237);
#14107=AXIS2_PLACEMENT_3D('',#21054,#17238,#17239);
#14108=AXIS2_PLACEMENT_3D('',#21056,#17240,#17241);
#14109=AXIS2_PLACEMENT_3D('',#21059,#17243,#17244);
#14110=AXIS2_PLACEMENT_3D('',#21060,#17245,#17246);
#14111=AXIS2_PLACEMENT_3D('',#21062,#17247,#17248);
#14112=AXIS2_PLACEMENT_3D('',#21063,#17249,#17250);
#14113=AXIS2_PLACEMENT_3D('',#21065,#17251,#17252);
#14114=AXIS2_PLACEMENT_3D('',#21067,#17254,#17255);
#14115=AXIS2_PLACEMENT_3D('',#21069,#17256,#17257);
#14116=AXIS2_PLACEMENT_3D('',#21072,#17259,#17260);
#14117=AXIS2_PLACEMENT_3D('',#21073,#17261,#17262);
#14118=AXIS2_PLACEMENT_3D('',#21074,#17263,#17264);
#14119=AXIS2_PLACEMENT_3D('',#21076,#17265,#17266);
#14120=AXIS2_PLACEMENT_3D('',#21079,#17268,#17269);
#14121=AXIS2_PLACEMENT_3D('',#21080,#17270,#17271);
#14122=AXIS2_PLACEMENT_3D('',#21082,#17272,#17273);
#14123=AXIS2_PLACEMENT_3D('',#21083,#17274,#17275);
#14124=AXIS2_PLACEMENT_3D('',#21085,#17276,#17277);
#14125=AXIS2_PLACEMENT_3D('',#21087,#17279,#17280);
#14126=AXIS2_PLACEMENT_3D('',#21089,#17281,#17282);
#14127=AXIS2_PLACEMENT_3D('',#21092,#17284,#17285);
#14128=AXIS2_PLACEMENT_3D('',#21093,#17286,#17287);
#14129=AXIS2_PLACEMENT_3D('',#21094,#17288,#17289);
#14130=AXIS2_PLACEMENT_3D('',#21096,#17290,#17291);
#14131=AXIS2_PLACEMENT_3D('',#21099,#17293,#17294);
#14132=AXIS2_PLACEMENT_3D('',#21100,#17295,#17296);
#14133=AXIS2_PLACEMENT_3D('',#21102,#17297,#17298);
#14134=AXIS2_PLACEMENT_3D('',#21103,#17299,#17300);
#14135=AXIS2_PLACEMENT_3D('',#21105,#17301,#17302);
#14136=AXIS2_PLACEMENT_3D('',#21107,#17304,#17305);
#14137=AXIS2_PLACEMENT_3D('',#21109,#17306,#17307);
#14138=AXIS2_PLACEMENT_3D('',#21112,#17309,#17310);
#14139=AXIS2_PLACEMENT_3D('',#21113,#17311,#17312);
#14140=AXIS2_PLACEMENT_3D('',#21114,#17313,#17314);
#14141=AXIS2_PLACEMENT_3D('',#21123,#17319,#17320);
#14142=AXIS2_PLACEMENT_3D('',#21129,#17324,#17325);
#14143=AXIS2_PLACEMENT_3D('',#21135,#17329,#17330);
#14144=AXIS2_PLACEMENT_3D('',#21138,#17333,#17334);
#14145=AXIS2_PLACEMENT_3D('',#21139,#17335,#17336);
#14146=AXIS2_PLACEMENT_3D('',#21140,#17337,#17338);
#14147=AXIS2_PLACEMENT_3D('',#21149,#17343,#17344);
#14148=AXIS2_PLACEMENT_3D('',#21155,#17348,#17349);
#14149=AXIS2_PLACEMENT_3D('',#21161,#17353,#17354);
#14150=AXIS2_PLACEMENT_3D('',#21164,#17357,#17358);
#14151=AXIS2_PLACEMENT_3D('',#21165,#17359,#17360);
#14152=AXIS2_PLACEMENT_3D('',#21166,#17361,#17362);
#14153=AXIS2_PLACEMENT_3D('',#21175,#17367,#17368);
#14154=AXIS2_PLACEMENT_3D('',#21181,#17372,#17373);
#14155=AXIS2_PLACEMENT_3D('',#21187,#17377,#17378);
#14156=AXIS2_PLACEMENT_3D('',#21190,#17381,#17382);
#14157=AXIS2_PLACEMENT_3D('',#21191,#17383,#17384);
#14158=AXIS2_PLACEMENT_3D('',#21192,#17385,#17386);
#14159=AXIS2_PLACEMENT_3D('',#21197,#17388,#17389);
#14160=AXIS2_PLACEMENT_3D('',#21200,#17391,#17392);
#14161=AXIS2_PLACEMENT_3D('',#21201,#17393,#17394);
#14162=AXIS2_PLACEMENT_3D('',#21206,#17396,#17397);
#14163=AXIS2_PLACEMENT_3D('',#21209,#17399,#17400);
#14164=AXIS2_PLACEMENT_3D('',#21210,#17401,#17402);
#14165=AXIS2_PLACEMENT_3D('',#21213,#17405,#17406);
#14166=AXIS2_PLACEMENT_3D('',#21216,#17409,#17410);
#14167=AXIS2_PLACEMENT_3D('',#21230,#17418,#17419);
#14168=AXIS2_PLACEMENT_3D('',#21234,#17422,#17423);
#14169=AXIS2_PLACEMENT_3D('',#21235,#17424,#17425);
#14170=AXIS2_PLACEMENT_3D('',#21247,#17432,#17433);
#14171=AXIS2_PLACEMENT_3D('',#21249,#17435,#17436);
#14172=AXIS2_PLACEMENT_3D('',#21251,#17438,#17439);
#14173=AXIS2_PLACEMENT_3D('',#21253,#17441,#17442);
#14174=AXIS2_PLACEMENT_3D('',#21255,#17444,#17445);
#14175=AXIS2_PLACEMENT_3D('',#21257,#17447,#17448);
#14176=DIRECTION('axis',(0.,0.,1.));
#14177=DIRECTION('refdir',(1.,0.,0.));
#14178=DIRECTION('center_axis',(0.,0.,1.));
#14179=DIRECTION('ref_axis',(1.,0.,0.));
#14180=DIRECTION('center_axis',(0.,0.,-1.));
#14181=DIRECTION('ref_axis',(1.,0.,0.));
#14182=DIRECTION('',(0.,0.,-1.));
#14183=DIRECTION('center_axis',(0.,0.,-1.));
#14184=DIRECTION('ref_axis',(1.,0.,0.));
#14185=DIRECTION('center_axis',(1.,0.,0.));
#14186=DIRECTION('ref_axis',(0.,1.,0.));
#14187=DIRECTION('',(0.,1.,0.));
#14188=DIRECTION('',(0.,0.,1.));
#14189=DIRECTION('',(0.,1.,0.));
#14190=DIRECTION('',(0.,0.,1.));
#14191=DIRECTION('center_axis',(0.707106781186535,-0.70710678118656,0.));
#14192=DIRECTION('ref_axis',(0.70710678118656,0.707106781186535,0.));
#14193=DIRECTION('',(0.70710678118656,0.707106781186535,0.));
#14194=DIRECTION('',(0.70710678118656,0.707106781186535,0.));
#14195=DIRECTION('',(0.,0.,1.));
#14196=DIRECTION('center_axis',(0.,-1.,0.));
#14197=DIRECTION('ref_axis',(1.,0.,0.));
#14198=DIRECTION('',(1.,0.,0.));
#14199=DIRECTION('',(1.,0.,0.));
#14200=DIRECTION('',(0.,0.,1.));
#14201=DIRECTION('center_axis',(-1.,0.,0.));
#14202=DIRECTION('ref_axis',(0.,-1.,0.));
#14203=DIRECTION('',(0.,-1.,0.));
#14204=DIRECTION('',(0.,-1.,0.));
#14205=DIRECTION('',(0.,0.,1.));
#14206=DIRECTION('center_axis',(0.,-1.,0.));
#14207=DIRECTION('ref_axis',(1.,0.,0.));
#14208=DIRECTION('',(1.,0.,0.));
#14209=DIRECTION('',(1.,0.,0.));
#14210=DIRECTION('',(0.,0.,1.));
#14211=DIRECTION('center_axis',(1.,0.,0.));
#14212=DIRECTION('ref_axis',(0.,1.,0.));
#14213=DIRECTION('',(0.,1.,0.));
#14214=DIRECTION('',(0.,1.,0.));
#14215=DIRECTION('',(0.,0.,1.));
#14216=DIRECTION('center_axis',(0.,1.,0.));
#14217=DIRECTION('ref_axis',(-1.,0.,0.));
#14218=DIRECTION('',(-1.,0.,0.));
#14219=DIRECTION('',(-1.,0.,0.));
#14220=DIRECTION('',(0.,0.,1.));
#14221=DIRECTION('center_axis',(-1.,0.,0.));
#14222=DIRECTION('ref_axis',(0.,-1.,0.));
#14223=DIRECTION('',(0.,-1.,0.));
#14224=DIRECTION('',(0.,-1.,0.));
#14225=DIRECTION('',(0.,0.,1.));
#14226=DIRECTION('center_axis',(0.,1.,0.));
#14227=DIRECTION('ref_axis',(-1.,0.,0.));
#14228=DIRECTION('',(-1.,0.,0.));
#14229=DIRECTION('',(-1.,0.,0.));
#14230=DIRECTION('',(0.,0.,1.));
#14231=DIRECTION('center_axis',(0.707106781186535,0.70710678118656,0.));
#14232=DIRECTION('ref_axis',(-0.70710678118656,0.707106781186535,0.));
#14233=DIRECTION('',(-0.70710678118656,0.707106781186535,0.));
#14234=DIRECTION('',(-0.70710678118656,0.707106781186535,0.));
#14235=DIRECTION('',(0.,0.,1.));
#14236=DIRECTION('center_axis',(1.,0.,0.));
#14237=DIRECTION('ref_axis',(0.,1.,0.));
#14238=DIRECTION('',(0.,1.,0.));
#14239=DIRECTION('',(0.,1.,0.));
#14240=DIRECTION('',(0.,0.,1.));
#14241=DIRECTION('center_axis',(0.707106781186552,-0.707106781186543,0.));
#14242=DIRECTION('ref_axis',(0.707106781186543,0.707106781186552,0.));
#14243=DIRECTION('',(0.707106781186543,0.707106781186552,0.));
#14244=DIRECTION('',(0.707106781186543,0.707106781186552,0.));
#14245=DIRECTION('',(0.,0.,1.));
#14246=DIRECTION('center_axis',(0.,-1.,0.));
#14247=DIRECTION('ref_axis',(1.,0.,0.));
#14248=DIRECTION('',(1.,0.,0.));
#14249=DIRECTION('',(1.,0.,0.));
#14250=DIRECTION('',(0.,0.,1.));
#14251=DIRECTION('center_axis',(-0.707106781186548,-0.707106781186548,0.));
#14252=DIRECTION('ref_axis',(0.707106781186548,-0.707106781186548,0.));
#14253=DIRECTION('',(0.707106781186547,-0.707106781186547,0.));
#14254=DIRECTION('',(0.707106781186547,-0.707106781186547,0.));
#14255=DIRECTION('',(0.,0.,1.));
#14256=DIRECTION('center_axis',(-1.,0.,0.));
#14257=DIRECTION('ref_axis',(0.,-1.,0.));
#14258=DIRECTION('',(0.,-1.,0.));
#14259=DIRECTION('',(0.,-1.,0.));
#14260=DIRECTION('',(0.,0.,1.));
#14261=DIRECTION('center_axis',(0.,1.,0.));
#14262=DIRECTION('ref_axis',(-1.,0.,0.));
#14263=DIRECTION('',(-1.,0.,0.));
#14264=DIRECTION('',(-1.,0.,0.));
#14265=DIRECTION('',(0.,0.,1.));
#14266=DIRECTION('center_axis',(-1.,0.,0.));
#14267=DIRECTION('ref_axis',(0.,-1.,0.));
#14268=DIRECTION('',(0.,-1.,0.));
#14269=DIRECTION('',(0.,-1.,0.));
#14270=DIRECTION('',(0.,0.,1.));
#14271=DIRECTION('center_axis',(0.,-1.,0.));
#14272=DIRECTION('ref_axis',(1.,0.,0.));
#14273=DIRECTION('',(1.,0.,0.));
#14274=DIRECTION('',(1.,0.,0.));
#14275=DIRECTION('',(0.,0.,1.));
#14276=DIRECTION('center_axis',(1.,0.,0.));
#14277=DIRECTION('ref_axis',(0.,1.,0.));
#14278=DIRECTION('',(0.,1.,0.));
#14279=DIRECTION('',(0.,1.,0.));
#14280=DIRECTION('',(0.,0.,1.));
#14281=DIRECTION('center_axis',(0.,1.,0.));
#14282=DIRECTION('ref_axis',(-1.,0.,0.));
#14283=DIRECTION('',(-1.,0.,0.));
#14284=DIRECTION('',(-1.,0.,0.));
#14285=DIRECTION('',(0.,0.,1.));
#14286=DIRECTION('center_axis',(1.,0.,0.));
#14287=DIRECTION('ref_axis',(0.,1.,0.));
#14288=DIRECTION('',(0.,1.,0.));
#14289=DIRECTION('',(0.,1.,0.));
#14290=DIRECTION('',(0.,0.,1.));
#14291=DIRECTION('center_axis',(0.707106781186548,-0.707106781186548,0.));
#14292=DIRECTION('ref_axis',(0.707106781186548,0.707106781186548,0.));
#14293=DIRECTION('',(0.707106781186547,0.707106781186547,0.));
#14294=DIRECTION('',(0.707106781186547,0.707106781186547,0.));
#14295=DIRECTION('',(0.,0.,1.));
#14296=DIRECTION('center_axis',(0.,-1.,0.));
#14297=DIRECTION('ref_axis',(1.,0.,0.));
#14298=DIRECTION('',(1.,0.,0.));
#14299=DIRECTION('',(1.,0.,0.));
#14300=DIRECTION('',(0.,0.,1.));
#14301=DIRECTION('center_axis',(-0.707106781186552,-0.707106781186543,0.));
#14302=DIRECTION('ref_axis',(0.707106781186543,-0.707106781186552,0.));
#14303=DIRECTION('',(0.707106781186543,-0.707106781186552,0.));
#14304=DIRECTION('',(0.707106781186543,-0.707106781186552,0.));
#14305=DIRECTION('',(0.,0.,1.));
#14306=DIRECTION('center_axis',(-1.,0.,0.));
#14307=DIRECTION('ref_axis',(0.,-1.,0.));
#14308=DIRECTION('',(0.,-1.,0.));
#14309=DIRECTION('',(0.,-1.,0.));
#14310=DIRECTION('',(0.,0.,1.));
#14311=DIRECTION('center_axis',(-0.707106781186535,0.70710678118656,0.));
#14312=DIRECTION('ref_axis',(-0.70710678118656,-0.707106781186535,0.));
#14313=DIRECTION('',(-0.70710678118656,-0.707106781186535,0.));
#14314=DIRECTION('',(-0.70710678118656,-0.707106781186535,0.));
#14315=DIRECTION('',(0.,0.,1.));
#14316=DIRECTION('center_axis',(0.,1.,0.));
#14317=DIRECTION('ref_axis',(-1.,0.,0.));
#14318=DIRECTION('',(-1.,0.,0.));
#14319=DIRECTION('',(-1.,0.,0.));
#14320=DIRECTION('',(0.,0.,1.));
#14321=DIRECTION('center_axis',(1.,0.,0.));
#14322=DIRECTION('ref_axis',(0.,1.,0.));
#14323=DIRECTION('',(0.,1.,0.));
#14324=DIRECTION('',(0.,1.,0.));
#14325=DIRECTION('',(0.,0.,1.));
#14326=DIRECTION('center_axis',(0.,1.,0.));
#14327=DIRECTION('ref_axis',(-1.,0.,0.));
#14328=DIRECTION('',(-1.,0.,0.));
#14329=DIRECTION('',(-1.,0.,0.));
#14330=DIRECTION('',(0.,0.,1.));
#14331=DIRECTION('center_axis',(-1.,0.,0.));
#14332=DIRECTION('ref_axis',(0.,-1.,0.));
#14333=DIRECTION('',(0.,-1.,0.));
#14334=DIRECTION('',(0.,-1.,0.));
#14335=DIRECTION('',(0.,0.,1.));
#14336=DIRECTION('center_axis',(0.,-1.,0.));
#14337=DIRECTION('ref_axis',(1.,0.,0.));
#14338=DIRECTION('',(1.,0.,0.));
#14339=DIRECTION('',(1.,0.,0.));
#14340=DIRECTION('',(0.,0.,1.));
#14341=DIRECTION('center_axis',(1.,0.,0.));
#14342=DIRECTION('ref_axis',(0.,1.,0.));
#14343=DIRECTION('',(0.,1.,0.));
#14344=DIRECTION('',(0.,1.,0.));
#14345=DIRECTION('',(0.,0.,1.));
#14346=DIRECTION('center_axis',(0.,-1.,0.));
#14347=DIRECTION('ref_axis',(1.,0.,0.));
#14348=DIRECTION('',(1.,0.,0.));
#14349=DIRECTION('',(1.,0.,0.));
#14350=DIRECTION('',(0.,0.,1.));
#14351=DIRECTION('center_axis',(-0.707106781186535,-0.70710678118656,0.));
#14352=DIRECTION('ref_axis',(0.70710678118656,-0.707106781186535,0.));
#14353=DIRECTION('',(0.70710678118656,-0.707106781186535,0.));
#14354=DIRECTION('',(0.70710678118656,-0.707106781186535,0.));
#14355=DIRECTION('',(0.,0.,1.));
#14356=DIRECTION('center_axis',(-1.,0.,0.));
#14357=DIRECTION('ref_axis',(0.,-1.,0.));
#14358=DIRECTION('',(0.,-1.,0.));
#14359=DIRECTION('',(0.,-1.,0.));
#14360=DIRECTION('',(0.,0.,1.));
#14361=DIRECTION('center_axis',(-0.707106781186552,0.707106781186543,0.));
#14362=DIRECTION('ref_axis',(-0.707106781186543,-0.707106781186552,0.));
#14363=DIRECTION('',(-0.707106781186543,-0.707106781186552,0.));
#14364=DIRECTION('',(-0.707106781186543,-0.707106781186552,0.));
#14365=DIRECTION('',(0.,0.,1.));
#14366=DIRECTION('center_axis',(0.,1.,0.));
#14367=DIRECTION('ref_axis',(-1.,0.,0.));
#14368=DIRECTION('',(-1.,0.,0.));
#14369=DIRECTION('',(-1.,0.,0.));
#14370=DIRECTION('',(0.,0.,1.));
#14371=DIRECTION('center_axis',(0.707106781186548,0.707106781186548,0.));
#14372=DIRECTION('ref_axis',(-0.707106781186548,0.707106781186548,0.));
#14373=DIRECTION('',(-0.707106781186547,0.707106781186547,0.));
#14374=DIRECTION('',(-0.707106781186547,0.707106781186547,0.));
#14375=DIRECTION('',(0.,0.,1.));
#14376=DIRECTION('center_axis',(1.,0.,0.));
#14377=DIRECTION('ref_axis',(0.,1.,0.));
#14378=DIRECTION('',(0.,1.,0.));
#14379=DIRECTION('',(0.,1.,0.));
#14380=DIRECTION('',(0.,0.,1.));
#14381=DIRECTION('center_axis',(0.,-1.,0.));
#14382=DIRECTION('ref_axis',(1.,0.,0.));
#14383=DIRECTION('',(1.,0.,0.));
#14384=DIRECTION('',(1.,0.,0.));
#14385=DIRECTION('',(0.,0.,1.));
#14386=DIRECTION('center_axis',(1.,0.,0.));
#14387=DIRECTION('ref_axis',(0.,1.,0.));
#14388=DIRECTION('',(0.,1.,0.));
#14389=DIRECTION('',(0.,1.,0.));
#14390=DIRECTION('',(0.,0.,1.));
#14391=DIRECTION('center_axis',(0.,1.,0.));
#14392=DIRECTION('ref_axis',(-1.,0.,0.));
#14393=DIRECTION('',(-1.,0.,0.));
#14394=DIRECTION('',(-1.,0.,0.));
#14395=DIRECTION('',(0.,0.,1.));
#14396=DIRECTION('center_axis',(-1.,0.,0.));
#14397=DIRECTION('ref_axis',(0.,-1.,0.));
#14398=DIRECTION('',(0.,-1.,0.));
#14399=DIRECTION('',(0.,-1.,0.));
#14400=DIRECTION('',(0.,0.,1.));
#14401=DIRECTION('center_axis',(0.,-1.,0.));
#14402=DIRECTION('ref_axis',(1.,0.,0.));
#14403=DIRECTION('',(1.,0.,0.));
#14404=DIRECTION('',(1.,0.,0.));
#14405=DIRECTION('',(0.,0.,1.));
#14406=DIRECTION('center_axis',(-1.,0.,0.));
#14407=DIRECTION('ref_axis',(0.,-1.,0.));
#14408=DIRECTION('',(0.,-1.,0.));
#14409=DIRECTION('',(0.,-1.,0.));
#14410=DIRECTION('',(0.,0.,1.));
#14411=DIRECTION('center_axis',(-0.707106781186548,0.707106781186548,0.));
#14412=DIRECTION('ref_axis',(-0.707106781186548,-0.707106781186548,0.));
#14413=DIRECTION('',(-0.707106781186547,-0.707106781186547,0.));
#14414=DIRECTION('',(-0.707106781186547,-0.707106781186547,0.));
#14415=DIRECTION('',(0.,0.,1.));
#14416=DIRECTION('center_axis',(0.,1.,0.));
#14417=DIRECTION('ref_axis',(-1.,0.,0.));
#14418=DIRECTION('',(-1.,0.,0.));
#14419=DIRECTION('',(-1.,0.,0.));
#14420=DIRECTION('',(0.,0.,1.));
#14421=DIRECTION('center_axis',(0.707106781186552,0.707106781186543,0.));
#14422=DIRECTION('ref_axis',(-0.707106781186543,0.707106781186552,0.));
#14423=DIRECTION('',(-0.707106781186543,0.707106781186552,0.));
#14424=DIRECTION('',(-0.707106781186543,0.707106781186552,0.));
#14425=DIRECTION('center_axis',(0.,0.,1.));
#14426=DIRECTION('ref_axis',(1.,0.,0.));
#14427=DIRECTION('center_axis',(0.,0.,1.));
#14428=DIRECTION('ref_axis',(1.,0.,0.));
#14429=DIRECTION('center_axis',(0.,0.,1.));
#14430=DIRECTION('ref_axis',(1.,0.,0.));
#14431=DIRECTION('center_axis',(0.,0.,-1.));
#14432=DIRECTION('ref_axis',(1.,0.,0.));
#14433=DIRECTION('',(0.,0.,-1.));
#14434=DIRECTION('center_axis',(0.,0.,-1.));
#14435=DIRECTION('ref_axis',(1.,0.,0.));
#14436=DIRECTION('center_axis',(1.,0.,0.));
#14437=DIRECTION('ref_axis',(0.,1.,0.));
#14438=DIRECTION('',(0.,1.,0.));
#14439=DIRECTION('',(0.,0.,1.));
#14440=DIRECTION('',(0.,1.,0.));
#14441=DIRECTION('',(0.,0.,1.));
#14442=DIRECTION('center_axis',(0.707106781186535,-0.70710678118656,0.));
#14443=DIRECTION('ref_axis',(0.70710678118656,0.707106781186535,0.));
#14444=DIRECTION('',(0.70710678118656,0.707106781186535,0.));
#14445=DIRECTION('',(0.70710678118656,0.707106781186535,0.));
#14446=DIRECTION('',(0.,0.,1.));
#14447=DIRECTION('center_axis',(0.,-1.,0.));
#14448=DIRECTION('ref_axis',(1.,0.,0.));
#14449=DIRECTION('',(1.,0.,0.));
#14450=DIRECTION('',(1.,0.,0.));
#14451=DIRECTION('',(0.,0.,1.));
#14452=DIRECTION('center_axis',(-1.,0.,0.));
#14453=DIRECTION('ref_axis',(0.,-1.,0.));
#14454=DIRECTION('',(0.,-1.,0.));
#14455=DIRECTION('',(0.,-1.,0.));
#14456=DIRECTION('',(0.,0.,1.));
#14457=DIRECTION('center_axis',(0.,-1.,0.));
#14458=DIRECTION('ref_axis',(1.,0.,0.));
#14459=DIRECTION('',(1.,0.,0.));
#14460=DIRECTION('',(1.,0.,0.));
#14461=DIRECTION('',(0.,0.,1.));
#14462=DIRECTION('center_axis',(1.,0.,0.));
#14463=DIRECTION('ref_axis',(0.,1.,0.));
#14464=DIRECTION('',(0.,1.,0.));
#14465=DIRECTION('',(0.,1.,0.));
#14466=DIRECTION('',(0.,0.,1.));
#14467=DIRECTION('center_axis',(0.,1.,0.));
#14468=DIRECTION('ref_axis',(-1.,0.,0.));
#14469=DIRECTION('',(-1.,0.,0.));
#14470=DIRECTION('',(-1.,0.,0.));
#14471=DIRECTION('',(0.,0.,1.));
#14472=DIRECTION('center_axis',(-1.,0.,0.));
#14473=DIRECTION('ref_axis',(0.,-1.,0.));
#14474=DIRECTION('',(0.,-1.,0.));
#14475=DIRECTION('',(0.,-1.,0.));
#14476=DIRECTION('',(0.,0.,1.));
#14477=DIRECTION('center_axis',(0.,1.,0.));
#14478=DIRECTION('ref_axis',(-1.,0.,0.));
#14479=DIRECTION('',(-1.,0.,0.));
#14480=DIRECTION('',(-1.,0.,0.));
#14481=DIRECTION('',(0.,0.,1.));
#14482=DIRECTION('center_axis',(0.707106781186535,0.70710678118656,0.));
#14483=DIRECTION('ref_axis',(-0.70710678118656,0.707106781186535,0.));
#14484=DIRECTION('',(-0.70710678118656,0.707106781186535,0.));
#14485=DIRECTION('',(-0.70710678118656,0.707106781186535,0.));
#14486=DIRECTION('',(0.,0.,1.));
#14487=DIRECTION('center_axis',(1.,0.,0.));
#14488=DIRECTION('ref_axis',(0.,1.,0.));
#14489=DIRECTION('',(0.,1.,0.));
#14490=DIRECTION('',(0.,1.,0.));
#14491=DIRECTION('',(0.,0.,1.));
#14492=DIRECTION('center_axis',(0.707106781186552,-0.707106781186543,0.));
#14493=DIRECTION('ref_axis',(0.707106781186543,0.707106781186552,0.));
#14494=DIRECTION('',(0.707106781186543,0.707106781186552,0.));
#14495=DIRECTION('',(0.707106781186543,0.707106781186552,0.));
#14496=DIRECTION('',(0.,0.,1.));
#14497=DIRECTION('center_axis',(0.,-1.,0.));
#14498=DIRECTION('ref_axis',(1.,0.,0.));
#14499=DIRECTION('',(1.,0.,0.));
#14500=DIRECTION('',(1.,0.,0.));
#14501=DIRECTION('',(0.,0.,1.));
#14502=DIRECTION('center_axis',(-0.707106781186548,-0.707106781186548,0.));
#14503=DIRECTION('ref_axis',(0.707106781186548,-0.707106781186548,0.));
#14504=DIRECTION('',(0.707106781186547,-0.707106781186547,0.));
#14505=DIRECTION('',(0.707106781186547,-0.707106781186547,0.));
#14506=DIRECTION('',(0.,0.,1.));
#14507=DIRECTION('center_axis',(-1.,0.,0.));
#14508=DIRECTION('ref_axis',(0.,-1.,0.));
#14509=DIRECTION('',(0.,-1.,0.));
#14510=DIRECTION('',(0.,-1.,0.));
#14511=DIRECTION('',(0.,0.,1.));
#14512=DIRECTION('center_axis',(0.,1.,0.));
#14513=DIRECTION('ref_axis',(-1.,0.,0.));
#14514=DIRECTION('',(-1.,0.,0.));
#14515=DIRECTION('',(-1.,0.,0.));
#14516=DIRECTION('',(0.,0.,1.));
#14517=DIRECTION('center_axis',(-1.,0.,0.));
#14518=DIRECTION('ref_axis',(0.,-1.,0.));
#14519=DIRECTION('',(0.,-1.,0.));
#14520=DIRECTION('',(0.,-1.,0.));
#14521=DIRECTION('',(0.,0.,1.));
#14522=DIRECTION('center_axis',(0.,-1.,0.));
#14523=DIRECTION('ref_axis',(1.,0.,0.));
#14524=DIRECTION('',(1.,0.,0.));
#14525=DIRECTION('',(1.,0.,0.));
#14526=DIRECTION('',(0.,0.,1.));
#14527=DIRECTION('center_axis',(1.,0.,0.));
#14528=DIRECTION('ref_axis',(0.,1.,0.));
#14529=DIRECTION('',(0.,1.,0.));
#14530=DIRECTION('',(0.,1.,0.));
#14531=DIRECTION('',(0.,0.,1.));
#14532=DIRECTION('center_axis',(0.,1.,0.));
#14533=DIRECTION('ref_axis',(-1.,0.,0.));
#14534=DIRECTION('',(-1.,0.,0.));
#14535=DIRECTION('',(-1.,0.,0.));
#14536=DIRECTION('',(0.,0.,1.));
#14537=DIRECTION('center_axis',(1.,0.,0.));
#14538=DIRECTION('ref_axis',(0.,1.,0.));
#14539=DIRECTION('',(0.,1.,0.));
#14540=DIRECTION('',(0.,1.,0.));
#14541=DIRECTION('',(0.,0.,1.));
#14542=DIRECTION('center_axis',(0.707106781186548,-0.707106781186548,0.));
#14543=DIRECTION('ref_axis',(0.707106781186548,0.707106781186548,0.));
#14544=DIRECTION('',(0.707106781186547,0.707106781186547,0.));
#14545=DIRECTION('',(0.707106781186547,0.707106781186547,0.));
#14546=DIRECTION('',(0.,0.,1.));
#14547=DIRECTION('center_axis',(0.,-1.,0.));
#14548=DIRECTION('ref_axis',(1.,0.,0.));
#14549=DIRECTION('',(1.,0.,0.));
#14550=DIRECTION('',(1.,0.,0.));
#14551=DIRECTION('',(0.,0.,1.));
#14552=DIRECTION('center_axis',(-0.707106781186552,-0.707106781186543,0.));
#14553=DIRECTION('ref_axis',(0.707106781186543,-0.707106781186552,0.));
#14554=DIRECTION('',(0.707106781186543,-0.707106781186552,0.));
#14555=DIRECTION('',(0.707106781186543,-0.707106781186552,0.));
#14556=DIRECTION('',(0.,0.,1.));
#14557=DIRECTION('center_axis',(-1.,0.,0.));
#14558=DIRECTION('ref_axis',(0.,-1.,0.));
#14559=DIRECTION('',(0.,-1.,0.));
#14560=DIRECTION('',(0.,-1.,0.));
#14561=DIRECTION('',(0.,0.,1.));
#14562=DIRECTION('center_axis',(-0.707106781186535,0.70710678118656,0.));
#14563=DIRECTION('ref_axis',(-0.70710678118656,-0.707106781186535,0.));
#14564=DIRECTION('',(-0.70710678118656,-0.707106781186535,0.));
#14565=DIRECTION('',(-0.70710678118656,-0.707106781186535,0.));
#14566=DIRECTION('',(0.,0.,1.));
#14567=DIRECTION('center_axis',(0.,1.,0.));
#14568=DIRECTION('ref_axis',(-1.,0.,0.));
#14569=DIRECTION('',(-1.,0.,0.));
#14570=DIRECTION('',(-1.,0.,0.));
#14571=DIRECTION('',(0.,0.,1.));
#14572=DIRECTION('center_axis',(1.,0.,0.));
#14573=DIRECTION('ref_axis',(0.,1.,0.));
#14574=DIRECTION('',(0.,1.,0.));
#14575=DIRECTION('',(0.,1.,0.));
#14576=DIRECTION('',(0.,0.,1.));
#14577=DIRECTION('center_axis',(0.,1.,0.));
#14578=DIRECTION('ref_axis',(-1.,0.,0.));
#14579=DIRECTION('',(-1.,0.,0.));
#14580=DIRECTION('',(-1.,0.,0.));
#14581=DIRECTION('',(0.,0.,1.));
#14582=DIRECTION('center_axis',(-1.,0.,0.));
#14583=DIRECTION('ref_axis',(0.,-1.,0.));
#14584=DIRECTION('',(0.,-1.,0.));
#14585=DIRECTION('',(0.,-1.,0.));
#14586=DIRECTION('',(0.,0.,1.));
#14587=DIRECTION('center_axis',(0.,-1.,0.));
#14588=DIRECTION('ref_axis',(1.,0.,0.));
#14589=DIRECTION('',(1.,0.,0.));
#14590=DIRECTION('',(1.,0.,0.));
#14591=DIRECTION('',(0.,0.,1.));
#14592=DIRECTION('center_axis',(1.,0.,0.));
#14593=DIRECTION('ref_axis',(0.,1.,0.));
#14594=DIRECTION('',(0.,1.,0.));
#14595=DIRECTION('',(0.,1.,0.));
#14596=DIRECTION('',(0.,0.,1.));
#14597=DIRECTION('center_axis',(0.,-1.,0.));
#14598=DIRECTION('ref_axis',(1.,0.,0.));
#14599=DIRECTION('',(1.,0.,0.));
#14600=DIRECTION('',(1.,0.,0.));
#14601=DIRECTION('',(0.,0.,1.));
#14602=DIRECTION('center_axis',(-0.707106781186535,-0.70710678118656,0.));
#14603=DIRECTION('ref_axis',(0.70710678118656,-0.707106781186535,0.));
#14604=DIRECTION('',(0.70710678118656,-0.707106781186535,0.));
#14605=DIRECTION('',(0.70710678118656,-0.707106781186535,0.));
#14606=DIRECTION('',(0.,0.,1.));
#14607=DIRECTION('center_axis',(-1.,0.,0.));
#14608=DIRECTION('ref_axis',(0.,-1.,0.));
#14609=DIRECTION('',(0.,-1.,0.));
#14610=DIRECTION('',(0.,-1.,0.));
#14611=DIRECTION('',(0.,0.,1.));
#14612=DIRECTION('center_axis',(-0.707106781186552,0.707106781186543,0.));
#14613=DIRECTION('ref_axis',(-0.707106781186543,-0.707106781186552,0.));
#14614=DIRECTION('',(-0.707106781186543,-0.707106781186552,0.));
#14615=DIRECTION('',(-0.707106781186543,-0.707106781186552,0.));
#14616=DIRECTION('',(0.,0.,1.));
#14617=DIRECTION('center_axis',(0.,1.,0.));
#14618=DIRECTION('ref_axis',(-1.,0.,0.));
#14619=DIRECTION('',(-1.,0.,0.));
#14620=DIRECTION('',(-1.,0.,0.));
#14621=DIRECTION('',(0.,0.,1.));
#14622=DIRECTION('center_axis',(0.707106781186548,0.707106781186548,0.));
#14623=DIRECTION('ref_axis',(-0.707106781186548,0.707106781186548,0.));
#14624=DIRECTION('',(-0.707106781186547,0.707106781186547,0.));
#14625=DIRECTION('',(-0.707106781186547,0.707106781186547,0.));
#14626=DIRECTION('',(0.,0.,1.));
#14627=DIRECTION('center_axis',(1.,0.,0.));
#14628=DIRECTION('ref_axis',(0.,1.,0.));
#14629=DIRECTION('',(0.,1.,0.));
#14630=DIRECTION('',(0.,1.,0.));
#14631=DIRECTION('',(0.,0.,1.));
#14632=DIRECTION('center_axis',(0.,-1.,0.));
#14633=DIRECTION('ref_axis',(1.,0.,0.));
#14634=DIRECTION('',(1.,0.,0.));
#14635=DIRECTION('',(1.,0.,0.));
#14636=DIRECTION('',(0.,0.,1.));
#14637=DIRECTION('center_axis',(1.,0.,0.));
#14638=DIRECTION('ref_axis',(0.,1.,0.));
#14639=DIRECTION('',(0.,1.,0.));
#14640=DIRECTION('',(0.,1.,0.));
#14641=DIRECTION('',(0.,0.,1.));
#14642=DIRECTION('center_axis',(0.,1.,0.));
#14643=DIRECTION('ref_axis',(-1.,0.,0.));
#14644=DIRECTION('',(-1.,0.,0.));
#14645=DIRECTION('',(-1.,0.,0.));
#14646=DIRECTION('',(0.,0.,1.));
#14647=DIRECTION('center_axis',(-1.,0.,0.));
#14648=DIRECTION('ref_axis',(0.,-1.,0.));
#14649=DIRECTION('',(0.,-1.,0.));
#14650=DIRECTION('',(0.,-1.,0.));
#14651=DIRECTION('',(0.,0.,1.));
#14652=DIRECTION('center_axis',(0.,-1.,0.));
#14653=DIRECTION('ref_axis',(1.,0.,0.));
#14654=DIRECTION('',(1.,0.,0.));
#14655=DIRECTION('',(1.,0.,0.));
#14656=DIRECTION('',(0.,0.,1.));
#14657=DIRECTION('center_axis',(-1.,0.,0.));
#14658=DIRECTION('ref_axis',(0.,-1.,0.));
#14659=DIRECTION('',(0.,-1.,0.));
#14660=DIRECTION('',(0.,-1.,0.));
#14661=DIRECTION('',(0.,0.,1.));
#14662=DIRECTION('center_axis',(-0.707106781186548,0.707106781186548,0.));
#14663=DIRECTION('ref_axis',(-0.707106781186548,-0.707106781186548,0.));
#14664=DIRECTION('',(-0.707106781186547,-0.707106781186547,0.));
#14665=DIRECTION('',(-0.707106781186547,-0.707106781186547,0.));
#14666=DIRECTION('',(0.,0.,1.));
#14667=DIRECTION('center_axis',(0.,1.,0.));
#14668=DIRECTION('ref_axis',(-1.,0.,0.));
#14669=DIRECTION('',(-1.,0.,0.));
#14670=DIRECTION('',(-1.,0.,0.));
#14671=DIRECTION('',(0.,0.,1.));
#14672=DIRECTION('center_axis',(0.707106781186552,0.707106781186543,0.));
#14673=DIRECTION('ref_axis',(-0.707106781186543,0.707106781186552,0.));
#14674=DIRECTION('',(-0.707106781186543,0.707106781186552,0.));
#14675=DIRECTION('',(-0.707106781186543,0.707106781186552,0.));
#14676=DIRECTION('center_axis',(0.,0.,1.));
#14677=DIRECTION('ref_axis',(1.,0.,0.));
#14678=DIRECTION('center_axis',(0.,0.,1.));
#14679=DIRECTION('ref_axis',(1.,0.,0.));
#14680=DIRECTION('center_axis',(0.,0.,1.));
#14681=DIRECTION('ref_axis',(1.,0.,0.));
#14682=DIRECTION('center_axis',(0.,0.,-1.));
#14683=DIRECTION('ref_axis',(1.,0.,0.));
#14684=DIRECTION('',(0.,0.,-1.));
#14685=DIRECTION('center_axis',(0.,0.,-1.));
#14686=DIRECTION('ref_axis',(1.,0.,0.));
#14687=DIRECTION('center_axis',(1.,0.,0.));
#14688=DIRECTION('ref_axis',(0.,1.,0.));
#14689=DIRECTION('',(0.,1.,0.));
#14690=DIRECTION('',(0.,0.,1.));
#14691=DIRECTION('',(0.,1.,0.));
#14692=DIRECTION('',(0.,0.,1.));
#14693=DIRECTION('center_axis',(0.707106781186535,-0.70710678118656,0.));
#14694=DIRECTION('ref_axis',(0.70710678118656,0.707106781186535,0.));
#14695=DIRECTION('',(0.70710678118656,0.707106781186535,0.));
#14696=DIRECTION('',(0.70710678118656,0.707106781186535,0.));
#14697=DIRECTION('',(0.,0.,1.));
#14698=DIRECTION('center_axis',(0.,-1.,0.));
#14699=DIRECTION('ref_axis',(1.,0.,0.));
#14700=DIRECTION('',(1.,0.,0.));
#14701=DIRECTION('',(1.,0.,0.));
#14702=DIRECTION('',(0.,0.,1.));
#14703=DIRECTION('center_axis',(-1.,0.,0.));
#14704=DIRECTION('ref_axis',(0.,-1.,0.));
#14705=DIRECTION('',(0.,-1.,0.));
#14706=DIRECTION('',(0.,-1.,0.));
#14707=DIRECTION('',(0.,0.,1.));
#14708=DIRECTION('center_axis',(0.,-1.,0.));
#14709=DIRECTION('ref_axis',(1.,0.,0.));
#14710=DIRECTION('',(1.,0.,0.));
#14711=DIRECTION('',(1.,0.,0.));
#14712=DIRECTION('',(0.,0.,1.));
#14713=DIRECTION('center_axis',(1.,0.,0.));
#14714=DIRECTION('ref_axis',(0.,1.,0.));
#14715=DIRECTION('',(0.,1.,0.));
#14716=DIRECTION('',(0.,1.,0.));
#14717=DIRECTION('',(0.,0.,1.));
#14718=DIRECTION('center_axis',(0.,1.,0.));
#14719=DIRECTION('ref_axis',(-1.,0.,0.));
#14720=DIRECTION('',(-1.,0.,0.));
#14721=DIRECTION('',(-1.,0.,0.));
#14722=DIRECTION('',(0.,0.,1.));
#14723=DIRECTION('center_axis',(-1.,0.,0.));
#14724=DIRECTION('ref_axis',(0.,-1.,0.));
#14725=DIRECTION('',(0.,-1.,0.));
#14726=DIRECTION('',(0.,-1.,0.));
#14727=DIRECTION('',(0.,0.,1.));
#14728=DIRECTION('center_axis',(0.,1.,0.));
#14729=DIRECTION('ref_axis',(-1.,0.,0.));
#14730=DIRECTION('',(-1.,0.,0.));
#14731=DIRECTION('',(-1.,0.,0.));
#14732=DIRECTION('',(0.,0.,1.));
#14733=DIRECTION('center_axis',(0.707106781186535,0.70710678118656,0.));
#14734=DIRECTION('ref_axis',(-0.70710678118656,0.707106781186535,0.));
#14735=DIRECTION('',(-0.70710678118656,0.707106781186535,0.));
#14736=DIRECTION('',(-0.70710678118656,0.707106781186535,0.));
#14737=DIRECTION('',(0.,0.,1.));
#14738=DIRECTION('center_axis',(1.,0.,0.));
#14739=DIRECTION('ref_axis',(0.,1.,0.));
#14740=DIRECTION('',(0.,1.,0.));
#14741=DIRECTION('',(0.,1.,0.));
#14742=DIRECTION('',(0.,0.,1.));
#14743=DIRECTION('center_axis',(0.707106781186552,-0.707106781186543,0.));
#14744=DIRECTION('ref_axis',(0.707106781186543,0.707106781186552,0.));
#14745=DIRECTION('',(0.707106781186543,0.707106781186552,0.));
#14746=DIRECTION('',(0.707106781186543,0.707106781186552,0.));
#14747=DIRECTION('',(0.,0.,1.));
#14748=DIRECTION('center_axis',(0.,-1.,0.));
#14749=DIRECTION('ref_axis',(1.,0.,0.));
#14750=DIRECTION('',(1.,0.,0.));
#14751=DIRECTION('',(1.,0.,0.));
#14752=DIRECTION('',(0.,0.,1.));
#14753=DIRECTION('center_axis',(-0.707106781186548,-0.707106781186548,0.));
#14754=DIRECTION('ref_axis',(0.707106781186548,-0.707106781186548,0.));
#14755=DIRECTION('',(0.707106781186547,-0.707106781186547,0.));
#14756=DIRECTION('',(0.707106781186547,-0.707106781186547,0.));
#14757=DIRECTION('',(0.,0.,1.));
#14758=DIRECTION('center_axis',(-1.,0.,0.));
#14759=DIRECTION('ref_axis',(0.,-1.,0.));
#14760=DIRECTION('',(0.,-1.,0.));
#14761=DIRECTION('',(0.,-1.,0.));
#14762=DIRECTION('',(0.,0.,1.));
#14763=DIRECTION('center_axis',(0.,1.,0.));
#14764=DIRECTION('ref_axis',(-1.,0.,0.));
#14765=DIRECTION('',(-1.,0.,0.));
#14766=DIRECTION('',(-1.,0.,0.));
#14767=DIRECTION('',(0.,0.,1.));
#14768=DIRECTION('center_axis',(-1.,0.,0.));
#14769=DIRECTION('ref_axis',(0.,-1.,0.));
#14770=DIRECTION('',(0.,-1.,0.));
#14771=DIRECTION('',(0.,-1.,0.));
#14772=DIRECTION('',(0.,0.,1.));
#14773=DIRECTION('center_axis',(0.,-1.,0.));
#14774=DIRECTION('ref_axis',(1.,0.,0.));
#14775=DIRECTION('',(1.,0.,0.));
#14776=DIRECTION('',(1.,0.,0.));
#14777=DIRECTION('',(0.,0.,1.));
#14778=DIRECTION('center_axis',(1.,0.,0.));
#14779=DIRECTION('ref_axis',(0.,1.,0.));
#14780=DIRECTION('',(0.,1.,0.));
#14781=DIRECTION('',(0.,1.,0.));
#14782=DIRECTION('',(0.,0.,1.));
#14783=DIRECTION('center_axis',(0.,1.,0.));
#14784=DIRECTION('ref_axis',(-1.,0.,0.));
#14785=DIRECTION('',(-1.,0.,0.));
#14786=DIRECTION('',(-1.,0.,0.));
#14787=DIRECTION('',(0.,0.,1.));
#14788=DIRECTION('center_axis',(1.,0.,0.));
#14789=DIRECTION('ref_axis',(0.,1.,0.));
#14790=DIRECTION('',(0.,1.,0.));
#14791=DIRECTION('',(0.,1.,0.));
#14792=DIRECTION('',(0.,0.,1.));
#14793=DIRECTION('center_axis',(0.707106781186548,-0.707106781186548,0.));
#14794=DIRECTION('ref_axis',(0.707106781186548,0.707106781186548,0.));
#14795=DIRECTION('',(0.707106781186547,0.707106781186547,0.));
#14796=DIRECTION('',(0.707106781186547,0.707106781186547,0.));
#14797=DIRECTION('',(0.,0.,1.));
#14798=DIRECTION('center_axis',(0.,-1.,0.));
#14799=DIRECTION('ref_axis',(1.,0.,0.));
#14800=DIRECTION('',(1.,0.,0.));
#14801=DIRECTION('',(1.,0.,0.));
#14802=DIRECTION('',(0.,0.,1.));
#14803=DIRECTION('center_axis',(-0.707106781186552,-0.707106781186543,0.));
#14804=DIRECTION('ref_axis',(0.707106781186543,-0.707106781186552,0.));
#14805=DIRECTION('',(0.707106781186543,-0.707106781186552,0.));
#14806=DIRECTION('',(0.707106781186543,-0.707106781186552,0.));
#14807=DIRECTION('',(0.,0.,1.));
#14808=DIRECTION('center_axis',(-1.,0.,0.));
#14809=DIRECTION('ref_axis',(0.,-1.,0.));
#14810=DIRECTION('',(0.,-1.,0.));
#14811=DIRECTION('',(0.,-1.,0.));
#14812=DIRECTION('',(0.,0.,1.));
#14813=DIRECTION('center_axis',(-0.707106781186535,0.70710678118656,0.));
#14814=DIRECTION('ref_axis',(-0.70710678118656,-0.707106781186535,0.));
#14815=DIRECTION('',(-0.70710678118656,-0.707106781186535,0.));
#14816=DIRECTION('',(-0.70710678118656,-0.707106781186535,0.));
#14817=DIRECTION('',(0.,0.,1.));
#14818=DIRECTION('center_axis',(0.,1.,0.));
#14819=DIRECTION('ref_axis',(-1.,0.,0.));
#14820=DIRECTION('',(-1.,0.,0.));
#14821=DIRECTION('',(-1.,0.,0.));
#14822=DIRECTION('',(0.,0.,1.));
#14823=DIRECTION('center_axis',(1.,0.,0.));
#14824=DIRECTION('ref_axis',(0.,1.,0.));
#14825=DIRECTION('',(0.,1.,0.));
#14826=DIRECTION('',(0.,1.,0.));
#14827=DIRECTION('',(0.,0.,1.));
#14828=DIRECTION('center_axis',(0.,1.,0.));
#14829=DIRECTION('ref_axis',(-1.,0.,0.));
#14830=DIRECTION('',(-1.,0.,0.));
#14831=DIRECTION('',(-1.,0.,0.));
#14832=DIRECTION('',(0.,0.,1.));
#14833=DIRECTION('center_axis',(-1.,0.,0.));
#14834=DIRECTION('ref_axis',(0.,-1.,0.));
#14835=DIRECTION('',(0.,-1.,0.));
#14836=DIRECTION('',(0.,-1.,0.));
#14837=DIRECTION('',(0.,0.,1.));
#14838=DIRECTION('center_axis',(0.,-1.,0.));
#14839=DIRECTION('ref_axis',(1.,0.,0.));
#14840=DIRECTION('',(1.,0.,0.));
#14841=DIRECTION('',(1.,0.,0.));
#14842=DIRECTION('',(0.,0.,1.));
#14843=DIRECTION('center_axis',(1.,0.,0.));
#14844=DIRECTION('ref_axis',(0.,1.,0.));
#14845=DIRECTION('',(0.,1.,0.));
#14846=DIRECTION('',(0.,1.,0.));
#14847=DIRECTION('',(0.,0.,1.));
#14848=DIRECTION('center_axis',(0.,-1.,0.));
#14849=DIRECTION('ref_axis',(1.,0.,0.));
#14850=DIRECTION('',(1.,0.,0.));
#14851=DIRECTION('',(1.,0.,0.));
#14852=DIRECTION('',(0.,0.,1.));
#14853=DIRECTION('center_axis',(-0.707106781186535,-0.70710678118656,0.));
#14854=DIRECTION('ref_axis',(0.70710678118656,-0.707106781186535,0.));
#14855=DIRECTION('',(0.70710678118656,-0.707106781186535,0.));
#14856=DIRECTION('',(0.70710678118656,-0.707106781186535,0.));
#14857=DIRECTION('',(0.,0.,1.));
#14858=DIRECTION('center_axis',(-1.,0.,0.));
#14859=DIRECTION('ref_axis',(0.,-1.,0.));
#14860=DIRECTION('',(0.,-1.,0.));
#14861=DIRECTION('',(0.,-1.,0.));
#14862=DIRECTION('',(0.,0.,1.));
#14863=DIRECTION('center_axis',(-0.707106781186552,0.707106781186543,0.));
#14864=DIRECTION('ref_axis',(-0.707106781186543,-0.707106781186552,0.));
#14865=DIRECTION('',(-0.707106781186543,-0.707106781186552,0.));
#14866=DIRECTION('',(-0.707106781186543,-0.707106781186552,0.));
#14867=DIRECTION('',(0.,0.,1.));
#14868=DIRECTION('center_axis',(0.,1.,0.));
#14869=DIRECTION('ref_axis',(-1.,0.,0.));
#14870=DIRECTION('',(-1.,0.,0.));
#14871=DIRECTION('',(-1.,0.,0.));
#14872=DIRECTION('',(0.,0.,1.));
#14873=DIRECTION('center_axis',(0.707106781186548,0.707106781186548,0.));
#14874=DIRECTION('ref_axis',(-0.707106781186548,0.707106781186548,0.));
#14875=DIRECTION('',(-0.707106781186547,0.707106781186547,0.));
#14876=DIRECTION('',(-0.707106781186547,0.707106781186547,0.));
#14877=DIRECTION('',(0.,0.,1.));
#14878=DIRECTION('center_axis',(1.,0.,0.));
#14879=DIRECTION('ref_axis',(0.,1.,0.));
#14880=DIRECTION('',(0.,1.,0.));
#14881=DIRECTION('',(0.,1.,0.));
#14882=DIRECTION('',(0.,0.,1.));
#14883=DIRECTION('center_axis',(0.,-1.,0.));
#14884=DIRECTION('ref_axis',(1.,0.,0.));
#14885=DIRECTION('',(1.,0.,0.));
#14886=DIRECTION('',(1.,0.,0.));
#14887=DIRECTION('',(0.,0.,1.));
#14888=DIRECTION('center_axis',(1.,0.,0.));
#14889=DIRECTION('ref_axis',(0.,1.,0.));
#14890=DIRECTION('',(0.,1.,0.));
#14891=DIRECTION('',(0.,1.,0.));
#14892=DIRECTION('',(0.,0.,1.));
#14893=DIRECTION('center_axis',(0.,1.,0.));
#14894=DIRECTION('ref_axis',(-1.,0.,0.));
#14895=DIRECTION('',(-1.,0.,0.));
#14896=DIRECTION('',(-1.,0.,0.));
#14897=DIRECTION('',(0.,0.,1.));
#14898=DIRECTION('center_axis',(-1.,0.,0.));
#14899=DIRECTION('ref_axis',(0.,-1.,0.));
#14900=DIRECTION('',(0.,-1.,0.));
#14901=DIRECTION('',(0.,-1.,0.));
#14902=DIRECTION('',(0.,0.,1.));
#14903=DIRECTION('center_axis',(0.,-1.,0.));
#14904=DIRECTION('ref_axis',(1.,0.,0.));
#14905=DIRECTION('',(1.,0.,0.));
#14906=DIRECTION('',(1.,0.,0.));
#14907=DIRECTION('',(0.,0.,1.));
#14908=DIRECTION('center_axis',(-1.,0.,0.));
#14909=DIRECTION('ref_axis',(0.,-1.,0.));
#14910=DIRECTION('',(0.,-1.,0.));
#14911=DIRECTION('',(0.,-1.,0.));
#14912=DIRECTION('',(0.,0.,1.));
#14913=DIRECTION('center_axis',(-0.707106781186548,0.707106781186548,0.));
#14914=DIRECTION('ref_axis',(-0.707106781186548,-0.707106781186548,0.));
#14915=DIRECTION('',(-0.707106781186547,-0.707106781186547,0.));
#14916=DIRECTION('',(-0.707106781186547,-0.707106781186547,0.));
#14917=DIRECTION('',(0.,0.,1.));
#14918=DIRECTION('center_axis',(0.,1.,0.));
#14919=DIRECTION('ref_axis',(-1.,0.,0.));
#14920=DIRECTION('',(-1.,0.,0.));
#14921=DIRECTION('',(-1.,0.,0.));
#14922=DIRECTION('',(0.,0.,1.));
#14923=DIRECTION('center_axis',(0.707106781186552,0.707106781186543,0.));
#14924=DIRECTION('ref_axis',(-0.707106781186543,0.707106781186552,0.));
#14925=DIRECTION('',(-0.707106781186543,0.707106781186552,0.));
#14926=DIRECTION('',(-0.707106781186543,0.707106781186552,0.));
#14927=DIRECTION('center_axis',(0.,0.,1.));
#14928=DIRECTION('ref_axis',(1.,0.,0.));
#14929=DIRECTION('center_axis',(0.,0.,1.));
#14930=DIRECTION('ref_axis',(1.,0.,0.));
#14931=DIRECTION('center_axis',(0.,0.,1.));
#14932=DIRECTION('ref_axis',(1.,0.,0.));
#14933=DIRECTION('center_axis',(0.,0.,-1.));
#14934=DIRECTION('ref_axis',(1.,0.,0.));
#14935=DIRECTION('',(0.,0.,-1.));
#14936=DIRECTION('center_axis',(0.,0.,-1.));
#14937=DIRECTION('ref_axis',(1.,0.,0.));
#14938=DIRECTION('center_axis',(1.,0.,0.));
#14939=DIRECTION('ref_axis',(0.,1.,0.));
#14940=DIRECTION('',(0.,1.,0.));
#14941=DIRECTION('',(0.,0.,1.));
#14942=DIRECTION('',(0.,1.,0.));
#14943=DIRECTION('',(0.,0.,1.));
#14944=DIRECTION('center_axis',(0.707106781186535,-0.70710678118656,0.));
#14945=DIRECTION('ref_axis',(0.70710678118656,0.707106781186535,0.));
#14946=DIRECTION('',(0.70710678118656,0.707106781186535,0.));
#14947=DIRECTION('',(0.70710678118656,0.707106781186535,0.));
#14948=DIRECTION('',(0.,0.,1.));
#14949=DIRECTION('center_axis',(0.,-1.,0.));
#14950=DIRECTION('ref_axis',(1.,0.,0.));
#14951=DIRECTION('',(1.,0.,0.));
#14952=DIRECTION('',(1.,0.,0.));
#14953=DIRECTION('',(0.,0.,1.));
#14954=DIRECTION('center_axis',(-1.,0.,0.));
#14955=DIRECTION('ref_axis',(0.,-1.,0.));
#14956=DIRECTION('',(0.,-1.,0.));
#14957=DIRECTION('',(0.,-1.,0.));
#14958=DIRECTION('',(0.,0.,1.));
#14959=DIRECTION('center_axis',(0.,-1.,0.));
#14960=DIRECTION('ref_axis',(1.,0.,0.));
#14961=DIRECTION('',(1.,0.,0.));
#14962=DIRECTION('',(1.,0.,0.));
#14963=DIRECTION('',(0.,0.,1.));
#14964=DIRECTION('center_axis',(1.,0.,0.));
#14965=DIRECTION('ref_axis',(0.,1.,0.));
#14966=DIRECTION('',(0.,1.,0.));
#14967=DIRECTION('',(0.,1.,0.));
#14968=DIRECTION('',(0.,0.,1.));
#14969=DIRECTION('center_axis',(0.,1.,0.));
#14970=DIRECTION('ref_axis',(-1.,0.,0.));
#14971=DIRECTION('',(-1.,0.,0.));
#14972=DIRECTION('',(-1.,0.,0.));
#14973=DIRECTION('',(0.,0.,1.));
#14974=DIRECTION('center_axis',(-1.,0.,0.));
#14975=DIRECTION('ref_axis',(0.,-1.,0.));
#14976=DIRECTION('',(0.,-1.,0.));
#14977=DIRECTION('',(0.,-1.,0.));
#14978=DIRECTION('',(0.,0.,1.));
#14979=DIRECTION('center_axis',(0.,1.,0.));
#14980=DIRECTION('ref_axis',(-1.,0.,0.));
#14981=DIRECTION('',(-1.,0.,0.));
#14982=DIRECTION('',(-1.,0.,0.));
#14983=DIRECTION('',(0.,0.,1.));
#14984=DIRECTION('center_axis',(0.707106781186535,0.70710678118656,0.));
#14985=DIRECTION('ref_axis',(-0.70710678118656,0.707106781186535,0.));
#14986=DIRECTION('',(-0.70710678118656,0.707106781186535,0.));
#14987=DIRECTION('',(-0.70710678118656,0.707106781186535,0.));
#14988=DIRECTION('',(0.,0.,1.));
#14989=DIRECTION('center_axis',(1.,0.,0.));
#14990=DIRECTION('ref_axis',(0.,1.,0.));
#14991=DIRECTION('',(0.,1.,0.));
#14992=DIRECTION('',(0.,1.,0.));
#14993=DIRECTION('',(0.,0.,1.));
#14994=DIRECTION('center_axis',(0.707106781186552,-0.707106781186543,0.));
#14995=DIRECTION('ref_axis',(0.707106781186543,0.707106781186552,0.));
#14996=DIRECTION('',(0.707106781186543,0.707106781186552,0.));
#14997=DIRECTION('',(0.707106781186543,0.707106781186552,0.));
#14998=DIRECTION('',(0.,0.,1.));
#14999=DIRECTION('center_axis',(0.,-1.,0.));
#15000=DIRECTION('ref_axis',(1.,0.,0.));
#15001=DIRECTION('',(1.,0.,0.));
#15002=DIRECTION('',(1.,0.,0.));
#15003=DIRECTION('',(0.,0.,1.));
#15004=DIRECTION('center_axis',(-0.707106781186548,-0.707106781186548,0.));
#15005=DIRECTION('ref_axis',(0.707106781186548,-0.707106781186548,0.));
#15006=DIRECTION('',(0.707106781186547,-0.707106781186547,0.));
#15007=DIRECTION('',(0.707106781186547,-0.707106781186547,0.));
#15008=DIRECTION('',(0.,0.,1.));
#15009=DIRECTION('center_axis',(-1.,0.,0.));
#15010=DIRECTION('ref_axis',(0.,-1.,0.));
#15011=DIRECTION('',(0.,-1.,0.));
#15012=DIRECTION('',(0.,-1.,0.));
#15013=DIRECTION('',(0.,0.,1.));
#15014=DIRECTION('center_axis',(0.,1.,0.));
#15015=DIRECTION('ref_axis',(-1.,0.,0.));
#15016=DIRECTION('',(-1.,0.,0.));
#15017=DIRECTION('',(-1.,0.,0.));
#15018=DIRECTION('',(0.,0.,1.));
#15019=DIRECTION('center_axis',(-1.,0.,0.));
#15020=DIRECTION('ref_axis',(0.,-1.,0.));
#15021=DIRECTION('',(0.,-1.,0.));
#15022=DIRECTION('',(0.,-1.,0.));
#15023=DIRECTION('',(0.,0.,1.));
#15024=DIRECTION('center_axis',(0.,-1.,0.));
#15025=DIRECTION('ref_axis',(1.,0.,0.));
#15026=DIRECTION('',(1.,0.,0.));
#15027=DIRECTION('',(1.,0.,0.));
#15028=DIRECTION('',(0.,0.,1.));
#15029=DIRECTION('center_axis',(1.,0.,0.));
#15030=DIRECTION('ref_axis',(0.,1.,0.));
#15031=DIRECTION('',(0.,1.,0.));
#15032=DIRECTION('',(0.,1.,0.));
#15033=DIRECTION('',(0.,0.,1.));
#15034=DIRECTION('center_axis',(0.,1.,0.));
#15035=DIRECTION('ref_axis',(-1.,0.,0.));
#15036=DIRECTION('',(-1.,0.,0.));
#15037=DIRECTION('',(-1.,0.,0.));
#15038=DIRECTION('',(0.,0.,1.));
#15039=DIRECTION('center_axis',(1.,0.,0.));
#15040=DIRECTION('ref_axis',(0.,1.,0.));
#15041=DIRECTION('',(0.,1.,0.));
#15042=DIRECTION('',(0.,1.,0.));
#15043=DIRECTION('',(0.,0.,1.));
#15044=DIRECTION('center_axis',(0.707106781186548,-0.707106781186548,0.));
#15045=DIRECTION('ref_axis',(0.707106781186548,0.707106781186548,0.));
#15046=DIRECTION('',(0.707106781186547,0.707106781186547,0.));
#15047=DIRECTION('',(0.707106781186547,0.707106781186547,0.));
#15048=DIRECTION('',(0.,0.,1.));
#15049=DIRECTION('center_axis',(0.,-1.,0.));
#15050=DIRECTION('ref_axis',(1.,0.,0.));
#15051=DIRECTION('',(1.,0.,0.));
#15052=DIRECTION('',(1.,0.,0.));
#15053=DIRECTION('',(0.,0.,1.));
#15054=DIRECTION('center_axis',(-0.707106781186552,-0.707106781186543,0.));
#15055=DIRECTION('ref_axis',(0.707106781186543,-0.707106781186552,0.));
#15056=DIRECTION('',(0.707106781186543,-0.707106781186552,0.));
#15057=DIRECTION('',(0.707106781186543,-0.707106781186552,0.));
#15058=DIRECTION('',(0.,0.,1.));
#15059=DIRECTION('center_axis',(-1.,0.,0.));
#15060=DIRECTION('ref_axis',(0.,-1.,0.));
#15061=DIRECTION('',(0.,-1.,0.));
#15062=DIRECTION('',(0.,-1.,0.));
#15063=DIRECTION('',(0.,0.,1.));
#15064=DIRECTION('center_axis',(-0.707106781186535,0.70710678118656,0.));
#15065=DIRECTION('ref_axis',(-0.70710678118656,-0.707106781186535,0.));
#15066=DIRECTION('',(-0.70710678118656,-0.707106781186535,0.));
#15067=DIRECTION('',(-0.70710678118656,-0.707106781186535,0.));
#15068=DIRECTION('',(0.,0.,1.));
#15069=DIRECTION('center_axis',(0.,1.,0.));
#15070=DIRECTION('ref_axis',(-1.,0.,0.));
#15071=DIRECTION('',(-1.,0.,0.));
#15072=DIRECTION('',(-1.,0.,0.));
#15073=DIRECTION('',(0.,0.,1.));
#15074=DIRECTION('center_axis',(1.,0.,0.));
#15075=DIRECTION('ref_axis',(0.,1.,0.));
#15076=DIRECTION('',(0.,1.,0.));
#15077=DIRECTION('',(0.,1.,0.));
#15078=DIRECTION('',(0.,0.,1.));
#15079=DIRECTION('center_axis',(0.,1.,0.));
#15080=DIRECTION('ref_axis',(-1.,0.,0.));
#15081=DIRECTION('',(-1.,0.,0.));
#15082=DIRECTION('',(-1.,0.,0.));
#15083=DIRECTION('',(0.,0.,1.));
#15084=DIRECTION('center_axis',(-1.,0.,0.));
#15085=DIRECTION('ref_axis',(0.,-1.,0.));
#15086=DIRECTION('',(0.,-1.,0.));
#15087=DIRECTION('',(0.,-1.,0.));
#15088=DIRECTION('',(0.,0.,1.));
#15089=DIRECTION('center_axis',(0.,-1.,0.));
#15090=DIRECTION('ref_axis',(1.,0.,0.));
#15091=DIRECTION('',(1.,0.,0.));
#15092=DIRECTION('',(1.,0.,0.));
#15093=DIRECTION('',(0.,0.,1.));
#15094=DIRECTION('center_axis',(1.,0.,0.));
#15095=DIRECTION('ref_axis',(0.,1.,0.));
#15096=DIRECTION('',(0.,1.,0.));
#15097=DIRECTION('',(0.,1.,0.));
#15098=DIRECTION('',(0.,0.,1.));
#15099=DIRECTION('center_axis',(0.,-1.,0.));
#15100=DIRECTION('ref_axis',(1.,0.,0.));
#15101=DIRECTION('',(1.,0.,0.));
#15102=DIRECTION('',(1.,0.,0.));
#15103=DIRECTION('',(0.,0.,1.));
#15104=DIRECTION('center_axis',(-0.707106781186535,-0.70710678118656,0.));
#15105=DIRECTION('ref_axis',(0.70710678118656,-0.707106781186535,0.));
#15106=DIRECTION('',(0.70710678118656,-0.707106781186535,0.));
#15107=DIRECTION('',(0.70710678118656,-0.707106781186535,0.));
#15108=DIRECTION('',(0.,0.,1.));
#15109=DIRECTION('center_axis',(-1.,0.,0.));
#15110=DIRECTION('ref_axis',(0.,-1.,0.));
#15111=DIRECTION('',(0.,-1.,0.));
#15112=DIRECTION('',(0.,-1.,0.));
#15113=DIRECTION('',(0.,0.,1.));
#15114=DIRECTION('center_axis',(-0.707106781186552,0.707106781186543,0.));
#15115=DIRECTION('ref_axis',(-0.707106781186543,-0.707106781186552,0.));
#15116=DIRECTION('',(-0.707106781186543,-0.707106781186552,0.));
#15117=DIRECTION('',(-0.707106781186543,-0.707106781186552,0.));
#15118=DIRECTION('',(0.,0.,1.));
#15119=DIRECTION('center_axis',(0.,1.,0.));
#15120=DIRECTION('ref_axis',(-1.,0.,0.));
#15121=DIRECTION('',(-1.,0.,0.));
#15122=DIRECTION('',(-1.,0.,0.));
#15123=DIRECTION('',(0.,0.,1.));
#15124=DIRECTION('center_axis',(0.707106781186548,0.707106781186548,0.));
#15125=DIRECTION('ref_axis',(-0.707106781186548,0.707106781186548,0.));
#15126=DIRECTION('',(-0.707106781186547,0.707106781186547,0.));
#15127=DIRECTION('',(-0.707106781186547,0.707106781186547,0.));
#15128=DIRECTION('',(0.,0.,1.));
#15129=DIRECTION('center_axis',(1.,0.,0.));
#15130=DIRECTION('ref_axis',(0.,1.,0.));
#15131=DIRECTION('',(0.,1.,0.));
#15132=DIRECTION('',(0.,1.,0.));
#15133=DIRECTION('',(0.,0.,1.));
#15134=DIRECTION('center_axis',(0.,-1.,0.));
#15135=DIRECTION('ref_axis',(1.,0.,0.));
#15136=DIRECTION('',(1.,0.,0.));
#15137=DIRECTION('',(1.,0.,0.));
#15138=DIRECTION('',(0.,0.,1.));
#15139=DIRECTION('center_axis',(1.,0.,0.));
#15140=DIRECTION('ref_axis',(0.,1.,0.));
#15141=DIRECTION('',(0.,1.,0.));
#15142=DIRECTION('',(0.,1.,0.));
#15143=DIRECTION('',(0.,0.,1.));
#15144=DIRECTION('center_axis',(0.,1.,0.));
#15145=DIRECTION('ref_axis',(-1.,0.,0.));
#15146=DIRECTION('',(-1.,0.,0.));
#15147=DIRECTION('',(-1.,0.,0.));
#15148=DIRECTION('',(0.,0.,1.));
#15149=DIRECTION('center_axis',(-1.,0.,0.));
#15150=DIRECTION('ref_axis',(0.,-1.,0.));
#15151=DIRECTION('',(0.,-1.,0.));
#15152=DIRECTION('',(0.,-1.,0.));
#15153=DIRECTION('',(0.,0.,1.));
#15154=DIRECTION('center_axis',(0.,-1.,0.));
#15155=DIRECTION('ref_axis',(1.,0.,0.));
#15156=DIRECTION('',(1.,0.,0.));
#15157=DIRECTION('',(1.,0.,0.));
#15158=DIRECTION('',(0.,0.,1.));
#15159=DIRECTION('center_axis',(-1.,0.,0.));
#15160=DIRECTION('ref_axis',(0.,-1.,0.));
#15161=DIRECTION('',(0.,-1.,0.));
#15162=DIRECTION('',(0.,-1.,0.));
#15163=DIRECTION('',(0.,0.,1.));
#15164=DIRECTION('center_axis',(-0.707106781186548,0.707106781186548,0.));
#15165=DIRECTION('ref_axis',(-0.707106781186548,-0.707106781186548,0.));
#15166=DIRECTION('',(-0.707106781186547,-0.707106781186547,0.));
#15167=DIRECTION('',(-0.707106781186547,-0.707106781186547,0.));
#15168=DIRECTION('',(0.,0.,1.));
#15169=DIRECTION('center_axis',(0.,1.,0.));
#15170=DIRECTION('ref_axis',(-1.,0.,0.));
#15171=DIRECTION('',(-1.,0.,0.));
#15172=DIRECTION('',(-1.,0.,0.));
#15173=DIRECTION('',(0.,0.,1.));
#15174=DIRECTION('center_axis',(0.707106781186552,0.707106781186543,0.));
#15175=DIRECTION('ref_axis',(-0.707106781186543,0.707106781186552,0.));
#15176=DIRECTION('',(-0.707106781186543,0.707106781186552,0.));
#15177=DIRECTION('',(-0.707106781186543,0.707106781186552,0.));
#15178=DIRECTION('center_axis',(0.,0.,1.));
#15179=DIRECTION('ref_axis',(1.,0.,0.));
#15180=DIRECTION('center_axis',(0.,0.,1.));
#15181=DIRECTION('ref_axis',(1.,0.,0.));
#15182=DIRECTION('center_axis',(1.,0.,0.));
#15183=DIRECTION('ref_axis',(0.,0.,-1.));
#15184=DIRECTION('center_axis',(-1.,0.,0.));
#15185=DIRECTION('ref_axis',(0.,0.,-1.));
#15186=DIRECTION('',(-1.,0.,0.));
#15187=DIRECTION('center_axis',(-1.,0.,0.));
#15188=DIRECTION('ref_axis',(0.,0.,-1.));
#15189=DIRECTION('center_axis',(0.,1.,0.));
#15190=DIRECTION('ref_axis',(0.,0.,1.));
#15191=DIRECTION('',(0.,0.,1.));
#15192=DIRECTION('',(1.,0.,0.));
#15193=DIRECTION('',(0.,0.,1.));
#15194=DIRECTION('',(1.,0.,0.));
#15195=DIRECTION('center_axis',(0.,0.707106781186543,-0.707106781186552));
#15196=DIRECTION('ref_axis',(0.,0.707106781186552,0.707106781186543));
#15197=DIRECTION('',(0.,0.707106781186552,0.707106781186543));
#15198=DIRECTION('',(0.,0.707106781186552,0.707106781186543));
#15199=DIRECTION('',(1.,0.,0.));
#15200=DIRECTION('center_axis',(0.,0.,-1.));
#15201=DIRECTION('ref_axis',(0.,1.,0.));
#15202=DIRECTION('',(0.,1.,0.));
#15203=DIRECTION('',(0.,1.,0.));
#15204=DIRECTION('',(1.,0.,0.));
#15205=DIRECTION('center_axis',(0.,-1.,0.));
#15206=DIRECTION('ref_axis',(0.,0.,-1.));
#15207=DIRECTION('',(0.,0.,-1.));
#15208=DIRECTION('',(0.,0.,-1.));
#15209=DIRECTION('',(1.,0.,0.));
#15210=DIRECTION('center_axis',(0.,0.,-1.));
#15211=DIRECTION('ref_axis',(0.,1.,0.));
#15212=DIRECTION('',(0.,1.,0.));
#15213=DIRECTION('',(0.,1.,0.));
#15214=DIRECTION('',(1.,0.,0.));
#15215=DIRECTION('center_axis',(0.,1.,0.));
#15216=DIRECTION('ref_axis',(0.,0.,1.));
#15217=DIRECTION('',(0.,0.,1.));
#15218=DIRECTION('',(0.,0.,1.));
#15219=DIRECTION('',(1.,0.,0.));
#15220=DIRECTION('center_axis',(0.,0.,1.));
#15221=DIRECTION('ref_axis',(0.,-1.,0.));
#15222=DIRECTION('',(0.,-1.,0.));
#15223=DIRECTION('',(0.,-1.,0.));
#15224=DIRECTION('',(1.,0.,0.));
#15225=DIRECTION('center_axis',(0.,-1.,0.));
#15226=DIRECTION('ref_axis',(0.,0.,-1.));
#15227=DIRECTION('',(0.,0.,-1.));
#15228=DIRECTION('',(0.,0.,-1.));
#15229=DIRECTION('',(1.,0.,0.));
#15230=DIRECTION('center_axis',(0.,0.,1.));
#15231=DIRECTION('ref_axis',(0.,-1.,0.));
#15232=DIRECTION('',(0.,-1.,0.));
#15233=DIRECTION('',(0.,-1.,0.));
#15234=DIRECTION('',(1.,0.,0.));
#15235=DIRECTION('center_axis',(0.,0.707106781186542,0.707106781186553));
#15236=DIRECTION('ref_axis',(0.,-0.707106781186553,0.707106781186542));
#15237=DIRECTION('',(0.,-0.707106781186553,0.707106781186542));
#15238=DIRECTION('',(0.,-0.707106781186553,0.707106781186542));
#15239=DIRECTION('',(1.,0.,0.));
#15240=DIRECTION('center_axis',(0.,1.,0.));
#15241=DIRECTION('ref_axis',(0.,0.,1.));
#15242=DIRECTION('',(0.,0.,1.));
#15243=DIRECTION('',(0.,0.,1.));
#15244=DIRECTION('',(1.,0.,0.));
#15245=DIRECTION('center_axis',(0.,0.707106781186547,-0.707106781186548));
#15246=DIRECTION('ref_axis',(0.,0.707106781186548,0.707106781186547));
#15247=DIRECTION('',(0.,0.707106781186548,0.707106781186547));
#15248=DIRECTION('',(0.,0.707106781186548,0.707106781186547));
#15249=DIRECTION('',(1.,0.,0.));
#15250=DIRECTION('center_axis',(0.,0.,-1.));
#15251=DIRECTION('ref_axis',(0.,1.,0.));
#15252=DIRECTION('',(0.,1.,0.));
#15253=DIRECTION('',(0.,1.,0.));
#15254=DIRECTION('',(1.,0.,0.));
#15255=DIRECTION('center_axis',(0.,-0.707106781186555,-0.70710678118654));
#15256=DIRECTION('ref_axis',(0.,0.70710678118654,-0.707106781186555));
#15257=DIRECTION('',(0.,0.70710678118654,-0.707106781186555));
#15258=DIRECTION('',(0.,0.70710678118654,-0.707106781186555));
#15259=DIRECTION('',(1.,0.,0.));
#15260=DIRECTION('center_axis',(0.,-1.,0.));
#15261=DIRECTION('ref_axis',(0.,0.,-1.));
#15262=DIRECTION('',(0.,0.,-1.));
#15263=DIRECTION('',(0.,0.,-1.));
#15264=DIRECTION('',(1.,0.,0.));
#15265=DIRECTION('center_axis',(0.,0.,1.));
#15266=DIRECTION('ref_axis',(0.,-1.,0.));
#15267=DIRECTION('',(0.,-1.,0.));
#15268=DIRECTION('',(0.,-1.,0.));
#15269=DIRECTION('',(1.,0.,0.));
#15270=DIRECTION('center_axis',(0.,-1.,0.));
#15271=DIRECTION('ref_axis',(0.,0.,-1.));
#15272=DIRECTION('',(0.,0.,-1.));
#15273=DIRECTION('',(0.,0.,-1.));
#15274=DIRECTION('',(1.,0.,0.));
#15275=DIRECTION('center_axis',(0.,0.,-1.));
#15276=DIRECTION('ref_axis',(0.,1.,0.));
#15277=DIRECTION('',(0.,1.,0.));
#15278=DIRECTION('',(0.,1.,0.));
#15279=DIRECTION('',(1.,0.,0.));
#15280=DIRECTION('center_axis',(0.,1.,0.));
#15281=DIRECTION('ref_axis',(0.,0.,1.));
#15282=DIRECTION('',(0.,0.,1.));
#15283=DIRECTION('',(0.,0.,1.));
#15284=DIRECTION('',(1.,0.,0.));
#15285=DIRECTION('center_axis',(0.,0.,1.));
#15286=DIRECTION('ref_axis',(0.,-1.,0.));
#15287=DIRECTION('',(0.,-1.,0.));
#15288=DIRECTION('',(0.,-1.,0.));
#15289=DIRECTION('',(1.,0.,0.));
#15290=DIRECTION('center_axis',(0.,1.,0.));
#15291=DIRECTION('ref_axis',(0.,0.,1.));
#15292=DIRECTION('',(0.,0.,1.));
#15293=DIRECTION('',(0.,0.,1.));
#15294=DIRECTION('',(1.,0.,0.));
#15295=DIRECTION('center_axis',(0.,0.707106781186555,-0.70710678118654));
#15296=DIRECTION('ref_axis',(0.,0.70710678118654,0.707106781186555));
#15297=DIRECTION('',(0.,0.70710678118654,0.707106781186555));
#15298=DIRECTION('',(0.,0.70710678118654,0.707106781186555));
#15299=DIRECTION('',(1.,0.,0.));
#15300=DIRECTION('center_axis',(0.,0.,-1.));
#15301=DIRECTION('ref_axis',(0.,1.,0.));
#15302=DIRECTION('',(0.,1.,0.));
#15303=DIRECTION('',(0.,1.,0.));
#15304=DIRECTION('',(1.,0.,0.));
#15305=DIRECTION('center_axis',(0.,-0.707106781186547,-0.707106781186548));
#15306=DIRECTION('ref_axis',(0.,0.707106781186548,-0.707106781186547));
#15307=DIRECTION('',(0.,0.707106781186548,-0.707106781186547));
#15308=DIRECTION('',(0.,0.707106781186548,-0.707106781186547));
#15309=DIRECTION('',(1.,0.,0.));
#15310=DIRECTION('center_axis',(0.,-1.,0.));
#15311=DIRECTION('ref_axis',(0.,0.,-1.));
#15312=DIRECTION('',(0.,0.,-1.));
#15313=DIRECTION('',(0.,0.,-1.));
#15314=DIRECTION('',(1.,0.,0.));
#15315=DIRECTION('center_axis',(0.,-0.707106781186542,0.707106781186553));
#15316=DIRECTION('ref_axis',(0.,-0.707106781186553,-0.707106781186542));
#15317=DIRECTION('',(0.,-0.707106781186553,-0.707106781186542));
#15318=DIRECTION('',(0.,-0.707106781186553,-0.707106781186542));
#15319=DIRECTION('',(1.,0.,0.));
#15320=DIRECTION('center_axis',(0.,0.,1.));
#15321=DIRECTION('ref_axis',(0.,-1.,0.));
#15322=DIRECTION('',(0.,-1.,0.));
#15323=DIRECTION('',(0.,-1.,0.));
#15324=DIRECTION('',(1.,0.,0.));
#15325=DIRECTION('center_axis',(0.,1.,0.));
#15326=DIRECTION('ref_axis',(0.,0.,1.));
#15327=DIRECTION('',(0.,0.,1.));
#15328=DIRECTION('',(0.,0.,1.));
#15329=DIRECTION('',(1.,0.,0.));
#15330=DIRECTION('center_axis',(0.,0.,1.));
#15331=DIRECTION('ref_axis',(0.,-1.,0.));
#15332=DIRECTION('',(0.,-1.,0.));
#15333=DIRECTION('',(0.,-1.,0.));
#15334=DIRECTION('',(1.,0.,0.));
#15335=DIRECTION('center_axis',(0.,-1.,0.));
#15336=DIRECTION('ref_axis',(0.,0.,-1.));
#15337=DIRECTION('',(0.,0.,-1.));
#15338=DIRECTION('',(0.,0.,-1.));
#15339=DIRECTION('',(1.,0.,0.));
#15340=DIRECTION('center_axis',(0.,0.,-1.));
#15341=DIRECTION('ref_axis',(0.,1.,0.));
#15342=DIRECTION('',(0.,1.,0.));
#15343=DIRECTION('',(0.,1.,0.));
#15344=DIRECTION('',(1.,0.,0.));
#15345=DIRECTION('center_axis',(0.,1.,0.));
#15346=DIRECTION('ref_axis',(0.,0.,1.));
#15347=DIRECTION('',(0.,0.,1.));
#15348=DIRECTION('',(0.,0.,1.));
#15349=DIRECTION('',(1.,0.,0.));
#15350=DIRECTION('center_axis',(0.,0.,-1.));
#15351=DIRECTION('ref_axis',(0.,1.,0.));
#15352=DIRECTION('',(0.,1.,0.));
#15353=DIRECTION('',(0.,1.,0.));
#15354=DIRECTION('',(1.,0.,0.));
#15355=DIRECTION('center_axis',(0.,-0.707106781186543,-0.707106781186552));
#15356=DIRECTION('ref_axis',(0.,0.707106781186552,-0.707106781186543));
#15357=DIRECTION('',(0.,0.707106781186552,-0.707106781186543));
#15358=DIRECTION('',(0.,0.707106781186552,-0.707106781186543));
#15359=DIRECTION('',(1.,0.,0.));
#15360=DIRECTION('center_axis',(0.,-1.,0.));
#15361=DIRECTION('ref_axis',(0.,0.,-1.));
#15362=DIRECTION('',(0.,0.,-1.));
#15363=DIRECTION('',(0.,0.,-1.));
#15364=DIRECTION('',(1.,0.,0.));
#15365=DIRECTION('center_axis',(0.,-0.707106781186546,0.707106781186549));
#15366=DIRECTION('ref_axis',(0.,-0.707106781186549,-0.707106781186546));
#15367=DIRECTION('',(0.,-0.707106781186549,-0.707106781186546));
#15368=DIRECTION('',(0.,-0.707106781186549,-0.707106781186546));
#15369=DIRECTION('',(1.,0.,0.));
#15370=DIRECTION('center_axis',(0.,0.,1.));
#15371=DIRECTION('ref_axis',(0.,-1.,0.));
#15372=DIRECTION('',(0.,-1.,0.));
#15373=DIRECTION('',(0.,-1.,0.));
#15374=DIRECTION('',(1.,0.,0.));
#15375=DIRECTION('center_axis',(0.,0.707106781186555,0.70710678118654));
#15376=DIRECTION('ref_axis',(0.,-0.70710678118654,0.707106781186555));
#15377=DIRECTION('',(0.,-0.70710678118654,0.707106781186555));
#15378=DIRECTION('',(0.,-0.70710678118654,0.707106781186555));
#15379=DIRECTION('',(1.,0.,0.));
#15380=DIRECTION('center_axis',(0.,1.,0.));
#15381=DIRECTION('ref_axis',(0.,0.,1.));
#15382=DIRECTION('',(0.,0.,1.));
#15383=DIRECTION('',(0.,0.,1.));
#15384=DIRECTION('',(1.,0.,0.));
#15385=DIRECTION('center_axis',(0.,0.,-1.));
#15386=DIRECTION('ref_axis',(0.,1.,0.));
#15387=DIRECTION('',(0.,1.,0.));
#15388=DIRECTION('',(0.,1.,0.));
#15389=DIRECTION('',(1.,0.,0.));
#15390=DIRECTION('center_axis',(0.,1.,0.));
#15391=DIRECTION('ref_axis',(0.,0.,1.));
#15392=DIRECTION('',(0.,0.,1.));
#15393=DIRECTION('',(0.,0.,1.));
#15394=DIRECTION('',(1.,0.,0.));
#15395=DIRECTION('center_axis',(0.,0.,1.));
#15396=DIRECTION('ref_axis',(0.,-1.,0.));
#15397=DIRECTION('',(0.,-1.,0.));
#15398=DIRECTION('',(0.,-1.,0.));
#15399=DIRECTION('',(1.,0.,0.));
#15400=DIRECTION('center_axis',(0.,-1.,0.));
#15401=DIRECTION('ref_axis',(0.,0.,-1.));
#15402=DIRECTION('',(0.,0.,-1.));
#15403=DIRECTION('',(0.,0.,-1.));
#15404=DIRECTION('',(1.,0.,0.));
#15405=DIRECTION('center_axis',(0.,0.,-1.));
#15406=DIRECTION('ref_axis',(0.,1.,0.));
#15407=DIRECTION('',(0.,1.,0.));
#15408=DIRECTION('',(0.,1.,0.));
#15409=DIRECTION('',(1.,0.,0.));
#15410=DIRECTION('center_axis',(0.,-1.,0.));
#15411=DIRECTION('ref_axis',(0.,0.,-1.));
#15412=DIRECTION('',(0.,0.,-1.));
#15413=DIRECTION('',(0.,0.,-1.));
#15414=DIRECTION('',(1.,0.,0.));
#15415=DIRECTION('center_axis',(0.,-0.707106781186555,0.70710678118654));
#15416=DIRECTION('ref_axis',(0.,-0.70710678118654,-0.707106781186555));
#15417=DIRECTION('',(0.,-0.70710678118654,-0.707106781186555));
#15418=DIRECTION('',(0.,-0.70710678118654,-0.707106781186555));
#15419=DIRECTION('',(1.,0.,0.));
#15420=DIRECTION('center_axis',(0.,0.,1.));
#15421=DIRECTION('ref_axis',(0.,-1.,0.));
#15422=DIRECTION('',(0.,-1.,0.));
#15423=DIRECTION('',(0.,-1.,0.));
#15424=DIRECTION('',(1.,0.,0.));
#15425=DIRECTION('center_axis',(0.,0.707106781186546,0.707106781186549));
#15426=DIRECTION('ref_axis',(0.,-0.707106781186549,0.707106781186546));
#15427=DIRECTION('',(0.,-0.707106781186549,0.707106781186546));
#15428=DIRECTION('',(0.,-0.707106781186549,0.707106781186546));
#15429=DIRECTION('center_axis',(1.,0.,0.));
#15430=DIRECTION('ref_axis',(0.,0.,-1.));
#15431=DIRECTION('center_axis',(1.,0.,0.));
#15432=DIRECTION('ref_axis',(0.,0.,-1.));
#15433=DIRECTION('center_axis',(1.,0.,0.));
#15434=DIRECTION('ref_axis',(0.,0.,-1.));
#15435=DIRECTION('center_axis',(-1.,0.,0.));
#15436=DIRECTION('ref_axis',(0.,0.,-1.));
#15437=DIRECTION('',(-1.,0.,0.));
#15438=DIRECTION('center_axis',(-1.,0.,0.));
#15439=DIRECTION('ref_axis',(0.,0.,-1.));
#15440=DIRECTION('center_axis',(0.,1.,0.));
#15441=DIRECTION('ref_axis',(0.,0.,1.));
#15442=DIRECTION('',(0.,0.,1.));
#15443=DIRECTION('',(1.,0.,0.));
#15444=DIRECTION('',(0.,0.,1.));
#15445=DIRECTION('',(1.,0.,0.));
#15446=DIRECTION('center_axis',(0.,0.707106781186543,-0.707106781186552));
#15447=DIRECTION('ref_axis',(0.,0.707106781186552,0.707106781186543));
#15448=DIRECTION('',(0.,0.707106781186552,0.707106781186543));
#15449=DIRECTION('',(0.,0.707106781186552,0.707106781186543));
#15450=DIRECTION('',(1.,0.,0.));
#15451=DIRECTION('center_axis',(0.,0.,-1.));
#15452=DIRECTION('ref_axis',(0.,1.,0.));
#15453=DIRECTION('',(0.,1.,0.));
#15454=DIRECTION('',(0.,1.,0.));
#15455=DIRECTION('',(1.,0.,0.));
#15456=DIRECTION('center_axis',(0.,-1.,0.));
#15457=DIRECTION('ref_axis',(0.,0.,-1.));
#15458=DIRECTION('',(0.,0.,-1.));
#15459=DIRECTION('',(0.,0.,-1.));
#15460=DIRECTION('',(1.,0.,0.));
#15461=DIRECTION('center_axis',(0.,0.,-1.));
#15462=DIRECTION('ref_axis',(0.,1.,0.));
#15463=DIRECTION('',(0.,1.,0.));
#15464=DIRECTION('',(0.,1.,0.));
#15465=DIRECTION('',(1.,0.,0.));
#15466=DIRECTION('center_axis',(0.,1.,0.));
#15467=DIRECTION('ref_axis',(0.,0.,1.));
#15468=DIRECTION('',(0.,0.,1.));
#15469=DIRECTION('',(0.,0.,1.));
#15470=DIRECTION('',(1.,0.,0.));
#15471=DIRECTION('center_axis',(0.,0.,1.));
#15472=DIRECTION('ref_axis',(0.,-1.,0.));
#15473=DIRECTION('',(0.,-1.,0.));
#15474=DIRECTION('',(0.,-1.,0.));
#15475=DIRECTION('',(1.,0.,0.));
#15476=DIRECTION('center_axis',(0.,-1.,0.));
#15477=DIRECTION('ref_axis',(0.,0.,-1.));
#15478=DIRECTION('',(0.,0.,-1.));
#15479=DIRECTION('',(0.,0.,-1.));
#15480=DIRECTION('',(1.,0.,0.));
#15481=DIRECTION('center_axis',(0.,0.,1.));
#15482=DIRECTION('ref_axis',(0.,-1.,0.));
#15483=DIRECTION('',(0.,-1.,0.));
#15484=DIRECTION('',(0.,-1.,0.));
#15485=DIRECTION('',(1.,0.,0.));
#15486=DIRECTION('center_axis',(0.,0.707106781186542,0.707106781186553));
#15487=DIRECTION('ref_axis',(0.,-0.707106781186553,0.707106781186542));
#15488=DIRECTION('',(0.,-0.707106781186553,0.707106781186542));
#15489=DIRECTION('',(0.,-0.707106781186553,0.707106781186542));
#15490=DIRECTION('',(1.,0.,0.));
#15491=DIRECTION('center_axis',(0.,1.,0.));
#15492=DIRECTION('ref_axis',(0.,0.,1.));
#15493=DIRECTION('',(0.,0.,1.));
#15494=DIRECTION('',(0.,0.,1.));
#15495=DIRECTION('',(1.,0.,0.));
#15496=DIRECTION('center_axis',(0.,0.707106781186547,-0.707106781186548));
#15497=DIRECTION('ref_axis',(0.,0.707106781186548,0.707106781186547));
#15498=DIRECTION('',(0.,0.707106781186548,0.707106781186547));
#15499=DIRECTION('',(0.,0.707106781186548,0.707106781186547));
#15500=DIRECTION('',(1.,0.,0.));
#15501=DIRECTION('center_axis',(0.,0.,-1.));
#15502=DIRECTION('ref_axis',(0.,1.,0.));
#15503=DIRECTION('',(0.,1.,0.));
#15504=DIRECTION('',(0.,1.,0.));
#15505=DIRECTION('',(1.,0.,0.));
#15506=DIRECTION('center_axis',(0.,-0.707106781186555,-0.70710678118654));
#15507=DIRECTION('ref_axis',(0.,0.70710678118654,-0.707106781186555));
#15508=DIRECTION('',(0.,0.70710678118654,-0.707106781186555));
#15509=DIRECTION('',(0.,0.70710678118654,-0.707106781186555));
#15510=DIRECTION('',(1.,0.,0.));
#15511=DIRECTION('center_axis',(0.,-1.,0.));
#15512=DIRECTION('ref_axis',(0.,0.,-1.));
#15513=DIRECTION('',(0.,0.,-1.));
#15514=DIRECTION('',(0.,0.,-1.));
#15515=DIRECTION('',(1.,0.,0.));
#15516=DIRECTION('center_axis',(0.,0.,1.));
#15517=DIRECTION('ref_axis',(0.,-1.,0.));
#15518=DIRECTION('',(0.,-1.,0.));
#15519=DIRECTION('',(0.,-1.,0.));
#15520=DIRECTION('',(1.,0.,0.));
#15521=DIRECTION('center_axis',(0.,-1.,0.));
#15522=DIRECTION('ref_axis',(0.,0.,-1.));
#15523=DIRECTION('',(0.,0.,-1.));
#15524=DIRECTION('',(0.,0.,-1.));
#15525=DIRECTION('',(1.,0.,0.));
#15526=DIRECTION('center_axis',(0.,0.,-1.));
#15527=DIRECTION('ref_axis',(0.,1.,0.));
#15528=DIRECTION('',(0.,1.,0.));
#15529=DIRECTION('',(0.,1.,0.));
#15530=DIRECTION('',(1.,0.,0.));
#15531=DIRECTION('center_axis',(0.,1.,0.));
#15532=DIRECTION('ref_axis',(0.,0.,1.));
#15533=DIRECTION('',(0.,0.,1.));
#15534=DIRECTION('',(0.,0.,1.));
#15535=DIRECTION('',(1.,0.,0.));
#15536=DIRECTION('center_axis',(0.,0.,1.));
#15537=DIRECTION('ref_axis',(0.,-1.,0.));
#15538=DIRECTION('',(0.,-1.,0.));
#15539=DIRECTION('',(0.,-1.,0.));
#15540=DIRECTION('',(1.,0.,0.));
#15541=DIRECTION('center_axis',(0.,1.,0.));
#15542=DIRECTION('ref_axis',(0.,0.,1.));
#15543=DIRECTION('',(0.,0.,1.));
#15544=DIRECTION('',(0.,0.,1.));
#15545=DIRECTION('',(1.,0.,0.));
#15546=DIRECTION('center_axis',(0.,0.707106781186555,-0.70710678118654));
#15547=DIRECTION('ref_axis',(0.,0.70710678118654,0.707106781186555));
#15548=DIRECTION('',(0.,0.70710678118654,0.707106781186555));
#15549=DIRECTION('',(0.,0.70710678118654,0.707106781186555));
#15550=DIRECTION('',(1.,0.,0.));
#15551=DIRECTION('center_axis',(0.,0.,-1.));
#15552=DIRECTION('ref_axis',(0.,1.,0.));
#15553=DIRECTION('',(0.,1.,0.));
#15554=DIRECTION('',(0.,1.,0.));
#15555=DIRECTION('',(1.,0.,0.));
#15556=DIRECTION('center_axis',(0.,-0.707106781186547,-0.707106781186548));
#15557=DIRECTION('ref_axis',(0.,0.707106781186548,-0.707106781186547));
#15558=DIRECTION('',(0.,0.707106781186548,-0.707106781186547));
#15559=DIRECTION('',(0.,0.707106781186548,-0.707106781186547));
#15560=DIRECTION('',(1.,0.,0.));
#15561=DIRECTION('center_axis',(0.,-1.,0.));
#15562=DIRECTION('ref_axis',(0.,0.,-1.));
#15563=DIRECTION('',(0.,0.,-1.));
#15564=DIRECTION('',(0.,0.,-1.));
#15565=DIRECTION('',(1.,0.,0.));
#15566=DIRECTION('center_axis',(0.,-0.707106781186542,0.707106781186553));
#15567=DIRECTION('ref_axis',(0.,-0.707106781186553,-0.707106781186542));
#15568=DIRECTION('',(0.,-0.707106781186553,-0.707106781186542));
#15569=DIRECTION('',(0.,-0.707106781186553,-0.707106781186542));
#15570=DIRECTION('',(1.,0.,0.));
#15571=DIRECTION('center_axis',(0.,0.,1.));
#15572=DIRECTION('ref_axis',(0.,-1.,0.));
#15573=DIRECTION('',(0.,-1.,0.));
#15574=DIRECTION('',(0.,-1.,0.));
#15575=DIRECTION('',(1.,0.,0.));
#15576=DIRECTION('center_axis',(0.,1.,0.));
#15577=DIRECTION('ref_axis',(0.,0.,1.));
#15578=DIRECTION('',(0.,0.,1.));
#15579=DIRECTION('',(0.,0.,1.));
#15580=DIRECTION('',(1.,0.,0.));
#15581=DIRECTION('center_axis',(0.,0.,1.));
#15582=DIRECTION('ref_axis',(0.,-1.,0.));
#15583=DIRECTION('',(0.,-1.,0.));
#15584=DIRECTION('',(0.,-1.,0.));
#15585=DIRECTION('',(1.,0.,0.));
#15586=DIRECTION('center_axis',(0.,-1.,0.));
#15587=DIRECTION('ref_axis',(0.,0.,-1.));
#15588=DIRECTION('',(0.,0.,-1.));
#15589=DIRECTION('',(0.,0.,-1.));
#15590=DIRECTION('',(1.,0.,0.));
#15591=DIRECTION('center_axis',(0.,0.,-1.));
#15592=DIRECTION('ref_axis',(0.,1.,0.));
#15593=DIRECTION('',(0.,1.,0.));
#15594=DIRECTION('',(0.,1.,0.));
#15595=DIRECTION('',(1.,0.,0.));
#15596=DIRECTION('center_axis',(0.,1.,0.));
#15597=DIRECTION('ref_axis',(0.,0.,1.));
#15598=DIRECTION('',(0.,0.,1.));
#15599=DIRECTION('',(0.,0.,1.));
#15600=DIRECTION('',(1.,0.,0.));
#15601=DIRECTION('center_axis',(0.,0.,-1.));
#15602=DIRECTION('ref_axis',(0.,1.,0.));
#15603=DIRECTION('',(0.,1.,0.));
#15604=DIRECTION('',(0.,1.,0.));
#15605=DIRECTION('',(1.,0.,0.));
#15606=DIRECTION('center_axis',(0.,-0.707106781186543,-0.707106781186552));
#15607=DIRECTION('ref_axis',(0.,0.707106781186552,-0.707106781186543));
#15608=DIRECTION('',(0.,0.707106781186552,-0.707106781186543));
#15609=DIRECTION('',(0.,0.707106781186552,-0.707106781186543));
#15610=DIRECTION('',(1.,0.,0.));
#15611=DIRECTION('center_axis',(0.,-1.,0.));
#15612=DIRECTION('ref_axis',(0.,0.,-1.));
#15613=DIRECTION('',(0.,0.,-1.));
#15614=DIRECTION('',(0.,0.,-1.));
#15615=DIRECTION('',(1.,0.,0.));
#15616=DIRECTION('center_axis',(0.,-0.707106781186546,0.707106781186549));
#15617=DIRECTION('ref_axis',(0.,-0.707106781186549,-0.707106781186546));
#15618=DIRECTION('',(0.,-0.707106781186549,-0.707106781186546));
#15619=DIRECTION('',(0.,-0.707106781186549,-0.707106781186546));
#15620=DIRECTION('',(1.,0.,0.));
#15621=DIRECTION('center_axis',(0.,0.,1.));
#15622=DIRECTION('ref_axis',(0.,-1.,0.));
#15623=DIRECTION('',(0.,-1.,0.));
#15624=DIRECTION('',(0.,-1.,0.));
#15625=DIRECTION('',(1.,0.,0.));
#15626=DIRECTION('center_axis',(0.,0.707106781186555,0.70710678118654));
#15627=DIRECTION('ref_axis',(0.,-0.70710678118654,0.707106781186555));
#15628=DIRECTION('',(0.,-0.70710678118654,0.707106781186555));
#15629=DIRECTION('',(0.,-0.70710678118654,0.707106781186555));
#15630=DIRECTION('',(1.,0.,0.));
#15631=DIRECTION('center_axis',(0.,1.,0.));
#15632=DIRECTION('ref_axis',(0.,0.,1.));
#15633=DIRECTION('',(0.,0.,1.));
#15634=DIRECTION('',(0.,0.,1.));
#15635=DIRECTION('',(1.,0.,0.));
#15636=DIRECTION('center_axis',(0.,0.,-1.));
#15637=DIRECTION('ref_axis',(0.,1.,0.));
#15638=DIRECTION('',(0.,1.,0.));
#15639=DIRECTION('',(0.,1.,0.));
#15640=DIRECTION('',(1.,0.,0.));
#15641=DIRECTION('center_axis',(0.,1.,0.));
#15642=DIRECTION('ref_axis',(0.,0.,1.));
#15643=DIRECTION('',(0.,0.,1.));
#15644=DIRECTION('',(0.,0.,1.));
#15645=DIRECTION('',(1.,0.,0.));
#15646=DIRECTION('center_axis',(0.,0.,1.));
#15647=DIRECTION('ref_axis',(0.,-1.,0.));
#15648=DIRECTION('',(0.,-1.,0.));
#15649=DIRECTION('',(0.,-1.,0.));
#15650=DIRECTION('',(1.,0.,0.));
#15651=DIRECTION('center_axis',(0.,-1.,0.));
#15652=DIRECTION('ref_axis',(0.,0.,-1.));
#15653=DIRECTION('',(0.,0.,-1.));
#15654=DIRECTION('',(0.,0.,-1.));
#15655=DIRECTION('',(1.,0.,0.));
#15656=DIRECTION('center_axis',(0.,0.,-1.));
#15657=DIRECTION('ref_axis',(0.,1.,0.));
#15658=DIRECTION('',(0.,1.,0.));
#15659=DIRECTION('',(0.,1.,0.));
#15660=DIRECTION('',(1.,0.,0.));
#15661=DIRECTION('center_axis',(0.,-1.,0.));
#15662=DIRECTION('ref_axis',(0.,0.,-1.));
#15663=DIRECTION('',(0.,0.,-1.));
#15664=DIRECTION('',(0.,0.,-1.));
#15665=DIRECTION('',(1.,0.,0.));
#15666=DIRECTION('center_axis',(0.,-0.707106781186555,0.70710678118654));
#15667=DIRECTION('ref_axis',(0.,-0.70710678118654,-0.707106781186555));
#15668=DIRECTION('',(0.,-0.70710678118654,-0.707106781186555));
#15669=DIRECTION('',(0.,-0.70710678118654,-0.707106781186555));
#15670=DIRECTION('',(1.,0.,0.));
#15671=DIRECTION('center_axis',(0.,0.,1.));
#15672=DIRECTION('ref_axis',(0.,-1.,0.));
#15673=DIRECTION('',(0.,-1.,0.));
#15674=DIRECTION('',(0.,-1.,0.));
#15675=DIRECTION('',(1.,0.,0.));
#15676=DIRECTION('center_axis',(0.,0.707106781186546,0.707106781186549));
#15677=DIRECTION('ref_axis',(0.,-0.707106781186549,0.707106781186546));
#15678=DIRECTION('',(0.,-0.707106781186549,0.707106781186546));
#15679=DIRECTION('',(0.,-0.707106781186549,0.707106781186546));
#15680=DIRECTION('center_axis',(1.,0.,0.));
#15681=DIRECTION('ref_axis',(0.,0.,-1.));
#15682=DIRECTION('center_axis',(1.,0.,0.));
#15683=DIRECTION('ref_axis',(0.,0.,-1.));
#15684=DIRECTION('center_axis',(1.,0.,0.));
#15685=DIRECTION('ref_axis',(0.,0.,-1.));
#15686=DIRECTION('center_axis',(-1.,0.,0.));
#15687=DIRECTION('ref_axis',(0.,0.,-1.));
#15688=DIRECTION('',(-1.,0.,0.));
#15689=DIRECTION('center_axis',(-1.,0.,0.));
#15690=DIRECTION('ref_axis',(0.,0.,-1.));
#15691=DIRECTION('center_axis',(0.,1.,0.));
#15692=DIRECTION('ref_axis',(0.,0.,1.));
#15693=DIRECTION('',(0.,0.,1.));
#15694=DIRECTION('',(1.,0.,0.));
#15695=DIRECTION('',(0.,0.,1.));
#15696=DIRECTION('',(1.,0.,0.));
#15697=DIRECTION('center_axis',(0.,0.707106781186548,-0.707106781186548));
#15698=DIRECTION('ref_axis',(0.,0.707106781186548,0.707106781186548));
#15699=DIRECTION('',(0.,0.707106781186547,0.707106781186547));
#15700=DIRECTION('',(0.,0.707106781186547,0.707106781186547));
#15701=DIRECTION('',(1.,0.,0.));
#15702=DIRECTION('center_axis',(0.,0.,-1.));
#15703=DIRECTION('ref_axis',(0.,1.,0.));
#15704=DIRECTION('',(0.,1.,0.));
#15705=DIRECTION('',(0.,1.,0.));
#15706=DIRECTION('',(1.,0.,0.));
#15707=DIRECTION('center_axis',(0.,-1.,0.));
#15708=DIRECTION('ref_axis',(0.,0.,-1.));
#15709=DIRECTION('',(0.,0.,-1.));
#15710=DIRECTION('',(0.,0.,-1.));
#15711=DIRECTION('',(1.,0.,0.));
#15712=DIRECTION('center_axis',(0.,0.,-1.));
#15713=DIRECTION('ref_axis',(0.,1.,0.));
#15714=DIRECTION('',(0.,1.,0.));
#15715=DIRECTION('',(0.,1.,0.));
#15716=DIRECTION('',(1.,0.,0.));
#15717=DIRECTION('center_axis',(0.,1.,0.));
#15718=DIRECTION('ref_axis',(0.,0.,1.));
#15719=DIRECTION('',(0.,0.,1.));
#15720=DIRECTION('',(0.,0.,1.));
#15721=DIRECTION('',(1.,0.,0.));
#15722=DIRECTION('center_axis',(0.,0.,1.));
#15723=DIRECTION('ref_axis',(0.,-1.,0.));
#15724=DIRECTION('',(0.,-1.,0.));
#15725=DIRECTION('',(0.,-1.,0.));
#15726=DIRECTION('',(1.,0.,0.));
#15727=DIRECTION('center_axis',(0.,-1.,0.));
#15728=DIRECTION('ref_axis',(0.,0.,-1.));
#15729=DIRECTION('',(0.,0.,-1.));
#15730=DIRECTION('',(0.,0.,-1.));
#15731=DIRECTION('',(1.,0.,0.));
#15732=DIRECTION('center_axis',(0.,0.,1.));
#15733=DIRECTION('ref_axis',(0.,-1.,0.));
#15734=DIRECTION('',(0.,-1.,0.));
#15735=DIRECTION('',(0.,-1.,0.));
#15736=DIRECTION('',(1.,0.,0.));
#15737=DIRECTION('center_axis',(0.,0.707106781186535,0.70710678118656));
#15738=DIRECTION('ref_axis',(0.,-0.70710678118656,0.707106781186535));
#15739=DIRECTION('',(0.,-0.70710678118656,0.707106781186535));
#15740=DIRECTION('',(0.,-0.70710678118656,0.707106781186535));
#15741=DIRECTION('',(1.,0.,0.));
#15742=DIRECTION('center_axis',(0.,1.,0.));
#15743=DIRECTION('ref_axis',(0.,0.,1.));
#15744=DIRECTION('',(0.,0.,1.));
#15745=DIRECTION('',(0.,0.,1.));
#15746=DIRECTION('',(1.,0.,0.));
#15747=DIRECTION('center_axis',(0.,0.707106781186548,-0.707106781186548));
#15748=DIRECTION('ref_axis',(0.,0.707106781186548,0.707106781186548));
#15749=DIRECTION('',(0.,0.707106781186548,0.707106781186548));
#15750=DIRECTION('',(0.,0.707106781186548,0.707106781186548));
#15751=DIRECTION('',(1.,0.,0.));
#15752=DIRECTION('center_axis',(0.,0.,-1.));
#15753=DIRECTION('ref_axis',(0.,1.,0.));
#15754=DIRECTION('',(0.,1.,0.));
#15755=DIRECTION('',(0.,1.,0.));
#15756=DIRECTION('',(1.,0.,0.));
#15757=DIRECTION('center_axis',(0.,-0.70710678118656,-0.707106781186535));
#15758=DIRECTION('ref_axis',(0.,0.707106781186535,-0.70710678118656));
#15759=DIRECTION('',(0.,0.707106781186535,-0.70710678118656));
#15760=DIRECTION('',(0.,0.707106781186535,-0.70710678118656));
#15761=DIRECTION('',(1.,0.,0.));
#15762=DIRECTION('center_axis',(0.,-1.,0.));
#15763=DIRECTION('ref_axis',(0.,0.,-1.));
#15764=DIRECTION('',(0.,0.,-1.));
#15765=DIRECTION('',(0.,0.,-1.));
#15766=DIRECTION('',(1.,0.,0.));
#15767=DIRECTION('center_axis',(0.,0.,1.));
#15768=DIRECTION('ref_axis',(0.,-1.,0.));
#15769=DIRECTION('',(0.,-1.,0.));
#15770=DIRECTION('',(0.,-1.,0.));
#15771=DIRECTION('',(1.,0.,0.));
#15772=DIRECTION('center_axis',(0.,-1.,0.));
#15773=DIRECTION('ref_axis',(0.,0.,-1.));
#15774=DIRECTION('',(0.,0.,-1.));
#15775=DIRECTION('',(0.,0.,-1.));
#15776=DIRECTION('',(1.,0.,0.));
#15777=DIRECTION('center_axis',(0.,0.,-1.));
#15778=DIRECTION('ref_axis',(0.,1.,0.));
#15779=DIRECTION('',(0.,1.,0.));
#15780=DIRECTION('',(0.,1.,0.));
#15781=DIRECTION('',(1.,0.,0.));
#15782=DIRECTION('center_axis',(0.,1.,0.));
#15783=DIRECTION('ref_axis',(0.,0.,1.));
#15784=DIRECTION('',(0.,0.,1.));
#15785=DIRECTION('',(0.,0.,1.));
#15786=DIRECTION('',(1.,0.,0.));
#15787=DIRECTION('center_axis',(0.,0.,1.));
#15788=DIRECTION('ref_axis',(0.,-1.,0.));
#15789=DIRECTION('',(0.,-1.,0.));
#15790=DIRECTION('',(0.,-1.,0.));
#15791=DIRECTION('',(1.,0.,0.));
#15792=DIRECTION('center_axis',(0.,1.,0.));
#15793=DIRECTION('ref_axis',(0.,0.,1.));
#15794=DIRECTION('',(0.,0.,1.));
#15795=DIRECTION('',(0.,0.,1.));
#15796=DIRECTION('',(1.,0.,0.));
#15797=DIRECTION('center_axis',(0.,0.70710678118656,-0.707106781186535));
#15798=DIRECTION('ref_axis',(0.,0.707106781186535,0.70710678118656));
#15799=DIRECTION('',(0.,0.707106781186535,0.70710678118656));
#15800=DIRECTION('',(0.,0.707106781186535,0.70710678118656));
#15801=DIRECTION('',(1.,0.,0.));
#15802=DIRECTION('center_axis',(0.,0.,-1.));
#15803=DIRECTION('ref_axis',(0.,1.,0.));
#15804=DIRECTION('',(0.,1.,0.));
#15805=DIRECTION('',(0.,1.,0.));
#15806=DIRECTION('',(1.,0.,0.));
#15807=DIRECTION('center_axis',(0.,-0.707106781186548,-0.707106781186548));
#15808=DIRECTION('ref_axis',(0.,0.707106781186548,-0.707106781186548));
#15809=DIRECTION('',(0.,0.707106781186548,-0.707106781186548));
#15810=DIRECTION('',(0.,0.707106781186548,-0.707106781186548));
#15811=DIRECTION('',(1.,0.,0.));
#15812=DIRECTION('center_axis',(0.,-1.,0.));
#15813=DIRECTION('ref_axis',(0.,0.,-1.));
#15814=DIRECTION('',(0.,0.,-1.));
#15815=DIRECTION('',(0.,0.,-1.));
#15816=DIRECTION('',(1.,0.,0.));
#15817=DIRECTION('center_axis',(0.,-0.707106781186535,0.70710678118656));
#15818=DIRECTION('ref_axis',(0.,-0.70710678118656,-0.707106781186535));
#15819=DIRECTION('',(0.,-0.70710678118656,-0.707106781186535));
#15820=DIRECTION('',(0.,-0.70710678118656,-0.707106781186535));
#15821=DIRECTION('',(1.,0.,0.));
#15822=DIRECTION('center_axis',(0.,0.,1.));
#15823=DIRECTION('ref_axis',(0.,-1.,0.));
#15824=DIRECTION('',(0.,-1.,0.));
#15825=DIRECTION('',(0.,-1.,0.));
#15826=DIRECTION('',(1.,0.,0.));
#15827=DIRECTION('center_axis',(0.,1.,0.));
#15828=DIRECTION('ref_axis',(0.,0.,1.));
#15829=DIRECTION('',(0.,0.,1.));
#15830=DIRECTION('',(0.,0.,1.));
#15831=DIRECTION('',(1.,0.,0.));
#15832=DIRECTION('center_axis',(0.,0.,1.));
#15833=DIRECTION('ref_axis',(0.,-1.,0.));
#15834=DIRECTION('',(0.,-1.,0.));
#15835=DIRECTION('',(0.,-1.,0.));
#15836=DIRECTION('',(1.,0.,0.));
#15837=DIRECTION('center_axis',(0.,-1.,0.));
#15838=DIRECTION('ref_axis',(0.,0.,-1.));
#15839=DIRECTION('',(0.,0.,-1.));
#15840=DIRECTION('',(0.,0.,-1.));
#15841=DIRECTION('',(1.,0.,0.));
#15842=DIRECTION('center_axis',(0.,0.,-1.));
#15843=DIRECTION('ref_axis',(0.,1.,0.));
#15844=DIRECTION('',(0.,1.,0.));
#15845=DIRECTION('',(0.,1.,0.));
#15846=DIRECTION('',(1.,0.,0.));
#15847=DIRECTION('center_axis',(0.,1.,0.));
#15848=DIRECTION('ref_axis',(0.,0.,1.));
#15849=DIRECTION('',(0.,0.,1.));
#15850=DIRECTION('',(0.,0.,1.));
#15851=DIRECTION('',(1.,0.,0.));
#15852=DIRECTION('center_axis',(0.,0.,-1.));
#15853=DIRECTION('ref_axis',(0.,1.,0.));
#15854=DIRECTION('',(0.,1.,0.));
#15855=DIRECTION('',(0.,1.,0.));
#15856=DIRECTION('',(1.,0.,0.));
#15857=DIRECTION('center_axis',(0.,-0.707106781186548,-0.707106781186548));
#15858=DIRECTION('ref_axis',(0.,0.707106781186548,-0.707106781186548));
#15859=DIRECTION('',(0.,0.707106781186547,-0.707106781186547));
#15860=DIRECTION('',(0.,0.707106781186547,-0.707106781186547));
#15861=DIRECTION('',(1.,0.,0.));
#15862=DIRECTION('center_axis',(0.,-1.,0.));
#15863=DIRECTION('ref_axis',(0.,0.,-1.));
#15864=DIRECTION('',(0.,0.,-1.));
#15865=DIRECTION('',(0.,0.,-1.));
#15866=DIRECTION('',(1.,0.,0.));
#15867=DIRECTION('center_axis',(0.,-0.707106781186543,0.707106781186552));
#15868=DIRECTION('ref_axis',(0.,-0.707106781186552,-0.707106781186543));
#15869=DIRECTION('',(0.,-0.707106781186552,-0.707106781186543));
#15870=DIRECTION('',(0.,-0.707106781186552,-0.707106781186543));
#15871=DIRECTION('',(1.,0.,0.));
#15872=DIRECTION('center_axis',(0.,0.,1.));
#15873=DIRECTION('ref_axis',(0.,-1.,0.));
#15874=DIRECTION('',(0.,-1.,0.));
#15875=DIRECTION('',(0.,-1.,0.));
#15876=DIRECTION('',(1.,0.,0.));
#15877=DIRECTION('center_axis',(0.,0.70710678118656,0.707106781186535));
#15878=DIRECTION('ref_axis',(0.,-0.707106781186535,0.70710678118656));
#15879=DIRECTION('',(0.,-0.707106781186535,0.70710678118656));
#15880=DIRECTION('',(0.,-0.707106781186535,0.70710678118656));
#15881=DIRECTION('',(1.,0.,0.));
#15882=DIRECTION('center_axis',(0.,1.,0.));
#15883=DIRECTION('ref_axis',(0.,0.,1.));
#15884=DIRECTION('',(0.,0.,1.));
#15885=DIRECTION('',(0.,0.,1.));
#15886=DIRECTION('',(1.,0.,0.));
#15887=DIRECTION('center_axis',(0.,0.,-1.));
#15888=DIRECTION('ref_axis',(0.,1.,0.));
#15889=DIRECTION('',(0.,1.,0.));
#15890=DIRECTION('',(0.,1.,0.));
#15891=DIRECTION('',(1.,0.,0.));
#15892=DIRECTION('center_axis',(0.,1.,0.));
#15893=DIRECTION('ref_axis',(0.,0.,1.));
#15894=DIRECTION('',(0.,0.,1.));
#15895=DIRECTION('',(0.,0.,1.));
#15896=DIRECTION('',(1.,0.,0.));
#15897=DIRECTION('center_axis',(0.,0.,1.));
#15898=DIRECTION('ref_axis',(0.,-1.,0.));
#15899=DIRECTION('',(0.,-1.,0.));
#15900=DIRECTION('',(0.,-1.,0.));
#15901=DIRECTION('',(1.,0.,0.));
#15902=DIRECTION('center_axis',(0.,-1.,0.));
#15903=DIRECTION('ref_axis',(0.,0.,-1.));
#15904=DIRECTION('',(0.,0.,-1.));
#15905=DIRECTION('',(0.,0.,-1.));
#15906=DIRECTION('',(1.,0.,0.));
#15907=DIRECTION('center_axis',(0.,0.,-1.));
#15908=DIRECTION('ref_axis',(0.,1.,0.));
#15909=DIRECTION('',(0.,1.,0.));
#15910=DIRECTION('',(0.,1.,0.));
#15911=DIRECTION('',(1.,0.,0.));
#15912=DIRECTION('center_axis',(0.,-1.,0.));
#15913=DIRECTION('ref_axis',(0.,0.,-1.));
#15914=DIRECTION('',(0.,0.,-1.));
#15915=DIRECTION('',(0.,0.,-1.));
#15916=DIRECTION('',(1.,0.,0.));
#15917=DIRECTION('center_axis',(0.,-0.70710678118656,0.707106781186535));
#15918=DIRECTION('ref_axis',(0.,-0.707106781186535,-0.70710678118656));
#15919=DIRECTION('',(0.,-0.707106781186535,-0.70710678118656));
#15920=DIRECTION('',(0.,-0.707106781186535,-0.70710678118656));
#15921=DIRECTION('',(1.,0.,0.));
#15922=DIRECTION('center_axis',(0.,0.,1.));
#15923=DIRECTION('ref_axis',(0.,-1.,0.));
#15924=DIRECTION('',(0.,-1.,0.));
#15925=DIRECTION('',(0.,-1.,0.));
#15926=DIRECTION('',(1.,0.,0.));
#15927=DIRECTION('center_axis',(0.,0.707106781186543,0.707106781186552));
#15928=DIRECTION('ref_axis',(0.,-0.707106781186552,0.707106781186543));
#15929=DIRECTION('',(0.,-0.707106781186552,0.707106781186543));
#15930=DIRECTION('',(0.,-0.707106781186552,0.707106781186543));
#15931=DIRECTION('center_axis',(1.,0.,0.));
#15932=DIRECTION('ref_axis',(0.,0.,-1.));
#15933=DIRECTION('center_axis',(1.,0.,0.));
#15934=DIRECTION('ref_axis',(0.,0.,-1.));
#15935=DIRECTION('center_axis',(1.,0.,0.));
#15936=DIRECTION('ref_axis',(0.,0.,-1.));
#15937=DIRECTION('center_axis',(-1.,0.,0.));
#15938=DIRECTION('ref_axis',(0.,0.,-1.));
#15939=DIRECTION('',(-1.,0.,0.));
#15940=DIRECTION('center_axis',(-1.,0.,0.));
#15941=DIRECTION('ref_axis',(0.,0.,-1.));
#15942=DIRECTION('center_axis',(0.,1.,0.));
#15943=DIRECTION('ref_axis',(0.,0.,1.));
#15944=DIRECTION('',(0.,0.,1.));
#15945=DIRECTION('',(1.,0.,0.));
#15946=DIRECTION('',(0.,0.,1.));
#15947=DIRECTION('',(1.,0.,0.));
#15948=DIRECTION('center_axis',(0.,0.707106781186548,-0.707106781186548));
#15949=DIRECTION('ref_axis',(0.,0.707106781186548,0.707106781186548));
#15950=DIRECTION('',(0.,0.707106781186547,0.707106781186547));
#15951=DIRECTION('',(0.,0.707106781186547,0.707106781186547));
#15952=DIRECTION('',(1.,0.,0.));
#15953=DIRECTION('center_axis',(0.,0.,-1.));
#15954=DIRECTION('ref_axis',(0.,1.,0.));
#15955=DIRECTION('',(0.,1.,0.));
#15956=DIRECTION('',(0.,1.,0.));
#15957=DIRECTION('',(1.,0.,0.));
#15958=DIRECTION('center_axis',(0.,-1.,0.));
#15959=DIRECTION('ref_axis',(0.,0.,-1.));
#15960=DIRECTION('',(0.,0.,-1.));
#15961=DIRECTION('',(0.,0.,-1.));
#15962=DIRECTION('',(1.,0.,0.));
#15963=DIRECTION('center_axis',(0.,0.,-1.));
#15964=DIRECTION('ref_axis',(0.,1.,0.));
#15965=DIRECTION('',(0.,1.,0.));
#15966=DIRECTION('',(0.,1.,0.));
#15967=DIRECTION('',(1.,0.,0.));
#15968=DIRECTION('center_axis',(0.,1.,0.));
#15969=DIRECTION('ref_axis',(0.,0.,1.));
#15970=DIRECTION('',(0.,0.,1.));
#15971=DIRECTION('',(0.,0.,1.));
#15972=DIRECTION('',(1.,0.,0.));
#15973=DIRECTION('center_axis',(0.,0.,1.));
#15974=DIRECTION('ref_axis',(0.,-1.,0.));
#15975=DIRECTION('',(0.,-1.,0.));
#15976=DIRECTION('',(0.,-1.,0.));
#15977=DIRECTION('',(1.,0.,0.));
#15978=DIRECTION('center_axis',(0.,-1.,0.));
#15979=DIRECTION('ref_axis',(0.,0.,-1.));
#15980=DIRECTION('',(0.,0.,-1.));
#15981=DIRECTION('',(0.,0.,-1.));
#15982=DIRECTION('',(1.,0.,0.));
#15983=DIRECTION('center_axis',(0.,0.,1.));
#15984=DIRECTION('ref_axis',(0.,-1.,0.));
#15985=DIRECTION('',(0.,-1.,0.));
#15986=DIRECTION('',(0.,-1.,0.));
#15987=DIRECTION('',(1.,0.,0.));
#15988=DIRECTION('center_axis',(0.,0.707106781186535,0.70710678118656));
#15989=DIRECTION('ref_axis',(0.,-0.70710678118656,0.707106781186535));
#15990=DIRECTION('',(0.,-0.70710678118656,0.707106781186535));
#15991=DIRECTION('',(0.,-0.70710678118656,0.707106781186535));
#15992=DIRECTION('',(1.,0.,0.));
#15993=DIRECTION('center_axis',(0.,1.,0.));
#15994=DIRECTION('ref_axis',(0.,0.,1.));
#15995=DIRECTION('',(0.,0.,1.));
#15996=DIRECTION('',(0.,0.,1.));
#15997=DIRECTION('',(1.,0.,0.));
#15998=DIRECTION('center_axis',(0.,0.707106781186548,-0.707106781186548));
#15999=DIRECTION('ref_axis',(0.,0.707106781186548,0.707106781186548));
#16000=DIRECTION('',(0.,0.707106781186548,0.707106781186548));
#16001=DIRECTION('',(0.,0.707106781186548,0.707106781186548));
#16002=DIRECTION('',(1.,0.,0.));
#16003=DIRECTION('center_axis',(0.,0.,-1.));
#16004=DIRECTION('ref_axis',(0.,1.,0.));
#16005=DIRECTION('',(0.,1.,0.));
#16006=DIRECTION('',(0.,1.,0.));
#16007=DIRECTION('',(1.,0.,0.));
#16008=DIRECTION('center_axis',(0.,-0.70710678118656,-0.707106781186535));
#16009=DIRECTION('ref_axis',(0.,0.707106781186535,-0.70710678118656));
#16010=DIRECTION('',(0.,0.707106781186535,-0.70710678118656));
#16011=DIRECTION('',(0.,0.707106781186535,-0.70710678118656));
#16012=DIRECTION('',(1.,0.,0.));
#16013=DIRECTION('center_axis',(0.,-1.,0.));
#16014=DIRECTION('ref_axis',(0.,0.,-1.));
#16015=DIRECTION('',(0.,0.,-1.));
#16016=DIRECTION('',(0.,0.,-1.));
#16017=DIRECTION('',(1.,0.,0.));
#16018=DIRECTION('center_axis',(0.,0.,1.));
#16019=DIRECTION('ref_axis',(0.,-1.,0.));
#16020=DIRECTION('',(0.,-1.,0.));
#16021=DIRECTION('',(0.,-1.,0.));
#16022=DIRECTION('',(1.,0.,0.));
#16023=DIRECTION('center_axis',(0.,-1.,0.));
#16024=DIRECTION('ref_axis',(0.,0.,-1.));
#16025=DIRECTION('',(0.,0.,-1.));
#16026=DIRECTION('',(0.,0.,-1.));
#16027=DIRECTION('',(1.,0.,0.));
#16028=DIRECTION('center_axis',(0.,0.,-1.));
#16029=DIRECTION('ref_axis',(0.,1.,0.));
#16030=DIRECTION('',(0.,1.,0.));
#16031=DIRECTION('',(0.,1.,0.));
#16032=DIRECTION('',(1.,0.,0.));
#16033=DIRECTION('center_axis',(0.,1.,0.));
#16034=DIRECTION('ref_axis',(0.,0.,1.));
#16035=DIRECTION('',(0.,0.,1.));
#16036=DIRECTION('',(0.,0.,1.));
#16037=DIRECTION('',(1.,0.,0.));
#16038=DIRECTION('center_axis',(0.,0.,1.));
#16039=DIRECTION('ref_axis',(0.,-1.,0.));
#16040=DIRECTION('',(0.,-1.,0.));
#16041=DIRECTION('',(0.,-1.,0.));
#16042=DIRECTION('',(1.,0.,0.));
#16043=DIRECTION('center_axis',(0.,1.,0.));
#16044=DIRECTION('ref_axis',(0.,0.,1.));
#16045=DIRECTION('',(0.,0.,1.));
#16046=DIRECTION('',(0.,0.,1.));
#16047=DIRECTION('',(1.,0.,0.));
#16048=DIRECTION('center_axis',(0.,0.70710678118656,-0.707106781186535));
#16049=DIRECTION('ref_axis',(0.,0.707106781186535,0.70710678118656));
#16050=DIRECTION('',(0.,0.707106781186535,0.70710678118656));
#16051=DIRECTION('',(0.,0.707106781186535,0.70710678118656));
#16052=DIRECTION('',(1.,0.,0.));
#16053=DIRECTION('center_axis',(0.,0.,-1.));
#16054=DIRECTION('ref_axis',(0.,1.,0.));
#16055=DIRECTION('',(0.,1.,0.));
#16056=DIRECTION('',(0.,1.,0.));
#16057=DIRECTION('',(1.,0.,0.));
#16058=DIRECTION('center_axis',(0.,-0.707106781186548,-0.707106781186548));
#16059=DIRECTION('ref_axis',(0.,0.707106781186548,-0.707106781186548));
#16060=DIRECTION('',(0.,0.707106781186548,-0.707106781186548));
#16061=DIRECTION('',(0.,0.707106781186548,-0.707106781186548));
#16062=DIRECTION('',(1.,0.,0.));
#16063=DIRECTION('center_axis',(0.,-1.,0.));
#16064=DIRECTION('ref_axis',(0.,0.,-1.));
#16065=DIRECTION('',(0.,0.,-1.));
#16066=DIRECTION('',(0.,0.,-1.));
#16067=DIRECTION('',(1.,0.,0.));
#16068=DIRECTION('center_axis',(0.,-0.707106781186535,0.70710678118656));
#16069=DIRECTION('ref_axis',(0.,-0.70710678118656,-0.707106781186535));
#16070=DIRECTION('',(0.,-0.70710678118656,-0.707106781186535));
#16071=DIRECTION('',(0.,-0.70710678118656,-0.707106781186535));
#16072=DIRECTION('',(1.,0.,0.));
#16073=DIRECTION('center_axis',(0.,0.,1.));
#16074=DIRECTION('ref_axis',(0.,-1.,0.));
#16075=DIRECTION('',(0.,-1.,0.));
#16076=DIRECTION('',(0.,-1.,0.));
#16077=DIRECTION('',(1.,0.,0.));
#16078=DIRECTION('center_axis',(0.,1.,0.));
#16079=DIRECTION('ref_axis',(0.,0.,1.));
#16080=DIRECTION('',(0.,0.,1.));
#16081=DIRECTION('',(0.,0.,1.));
#16082=DIRECTION('',(1.,0.,0.));
#16083=DIRECTION('center_axis',(0.,0.,1.));
#16084=DIRECTION('ref_axis',(0.,-1.,0.));
#16085=DIRECTION('',(0.,-1.,0.));
#16086=DIRECTION('',(0.,-1.,0.));
#16087=DIRECTION('',(1.,0.,0.));
#16088=DIRECTION('center_axis',(0.,-1.,0.));
#16089=DIRECTION('ref_axis',(0.,0.,-1.));
#16090=DIRECTION('',(0.,0.,-1.));
#16091=DIRECTION('',(0.,0.,-1.));
#16092=DIRECTION('',(1.,0.,0.));
#16093=DIRECTION('center_axis',(0.,0.,-1.));
#16094=DIRECTION('ref_axis',(0.,1.,0.));
#16095=DIRECTION('',(0.,1.,0.));
#16096=DIRECTION('',(0.,1.,0.));
#16097=DIRECTION('',(1.,0.,0.));
#16098=DIRECTION('center_axis',(0.,1.,0.));
#16099=DIRECTION('ref_axis',(0.,0.,1.));
#16100=DIRECTION('',(0.,0.,1.));
#16101=DIRECTION('',(0.,0.,1.));
#16102=DIRECTION('',(1.,0.,0.));
#16103=DIRECTION('center_axis',(0.,0.,-1.));
#16104=DIRECTION('ref_axis',(0.,1.,0.));
#16105=DIRECTION('',(0.,1.,0.));
#16106=DIRECTION('',(0.,1.,0.));
#16107=DIRECTION('',(1.,0.,0.));
#16108=DIRECTION('center_axis',(0.,-0.707106781186548,-0.707106781186548));
#16109=DIRECTION('ref_axis',(0.,0.707106781186548,-0.707106781186548));
#16110=DIRECTION('',(0.,0.707106781186547,-0.707106781186547));
#16111=DIRECTION('',(0.,0.707106781186547,-0.707106781186547));
#16112=DIRECTION('',(1.,0.,0.));
#16113=DIRECTION('center_axis',(0.,-1.,0.));
#16114=DIRECTION('ref_axis',(0.,0.,-1.));
#16115=DIRECTION('',(0.,0.,-1.));
#16116=DIRECTION('',(0.,0.,-1.));
#16117=DIRECTION('',(1.,0.,0.));
#16118=DIRECTION('center_axis',(0.,-0.707106781186543,0.707106781186552));
#16119=DIRECTION('ref_axis',(0.,-0.707106781186552,-0.707106781186543));
#16120=DIRECTION('',(0.,-0.707106781186552,-0.707106781186543));
#16121=DIRECTION('',(0.,-0.707106781186552,-0.707106781186543));
#16122=DIRECTION('',(1.,0.,0.));
#16123=DIRECTION('center_axis',(0.,0.,1.));
#16124=DIRECTION('ref_axis',(0.,-1.,0.));
#16125=DIRECTION('',(0.,-1.,0.));
#16126=DIRECTION('',(0.,-1.,0.));
#16127=DIRECTION('',(1.,0.,0.));
#16128=DIRECTION('center_axis',(0.,0.70710678118656,0.707106781186535));
#16129=DIRECTION('ref_axis',(0.,-0.707106781186535,0.70710678118656));
#16130=DIRECTION('',(0.,-0.707106781186535,0.70710678118656));
#16131=DIRECTION('',(0.,-0.707106781186535,0.70710678118656));
#16132=DIRECTION('',(1.,0.,0.));
#16133=DIRECTION('center_axis',(0.,1.,0.));
#16134=DIRECTION('ref_axis',(0.,0.,1.));
#16135=DIRECTION('',(0.,0.,1.));
#16136=DIRECTION('',(0.,0.,1.));
#16137=DIRECTION('',(1.,0.,0.));
#16138=DIRECTION('center_axis',(0.,0.,-1.));
#16139=DIRECTION('ref_axis',(0.,1.,0.));
#16140=DIRECTION('',(0.,1.,0.));
#16141=DIRECTION('',(0.,1.,0.));
#16142=DIRECTION('',(1.,0.,0.));
#16143=DIRECTION('center_axis',(0.,1.,0.));
#16144=DIRECTION('ref_axis',(0.,0.,1.));
#16145=DIRECTION('',(0.,0.,1.));
#16146=DIRECTION('',(0.,0.,1.));
#16147=DIRECTION('',(1.,0.,0.));
#16148=DIRECTION('center_axis',(0.,0.,1.));
#16149=DIRECTION('ref_axis',(0.,-1.,0.));
#16150=DIRECTION('',(0.,-1.,0.));
#16151=DIRECTION('',(0.,-1.,0.));
#16152=DIRECTION('',(1.,0.,0.));
#16153=DIRECTION('center_axis',(0.,-1.,0.));
#16154=DIRECTION('ref_axis',(0.,0.,-1.));
#16155=DIRECTION('',(0.,0.,-1.));
#16156=DIRECTION('',(0.,0.,-1.));
#16157=DIRECTION('',(1.,0.,0.));
#16158=DIRECTION('center_axis',(0.,0.,-1.));
#16159=DIRECTION('ref_axis',(0.,1.,0.));
#16160=DIRECTION('',(0.,1.,0.));
#16161=DIRECTION('',(0.,1.,0.));
#16162=DIRECTION('',(1.,0.,0.));
#16163=DIRECTION('center_axis',(0.,-1.,0.));
#16164=DIRECTION('ref_axis',(0.,0.,-1.));
#16165=DIRECTION('',(0.,0.,-1.));
#16166=DIRECTION('',(0.,0.,-1.));
#16167=DIRECTION('',(1.,0.,0.));
#16168=DIRECTION('center_axis',(0.,-0.70710678118656,0.707106781186535));
#16169=DIRECTION('ref_axis',(0.,-0.707106781186535,-0.70710678118656));
#16170=DIRECTION('',(0.,-0.707106781186535,-0.70710678118656));
#16171=DIRECTION('',(0.,-0.707106781186535,-0.70710678118656));
#16172=DIRECTION('',(1.,0.,0.));
#16173=DIRECTION('center_axis',(0.,0.,1.));
#16174=DIRECTION('ref_axis',(0.,-1.,0.));
#16175=DIRECTION('',(0.,-1.,0.));
#16176=DIRECTION('',(0.,-1.,0.));
#16177=DIRECTION('',(1.,0.,0.));
#16178=DIRECTION('center_axis',(0.,0.707106781186543,0.707106781186552));
#16179=DIRECTION('ref_axis',(0.,-0.707106781186552,0.707106781186543));
#16180=DIRECTION('',(0.,-0.707106781186552,0.707106781186543));
#16181=DIRECTION('',(0.,-0.707106781186552,0.707106781186543));
#16182=DIRECTION('center_axis',(1.,0.,0.));
#16183=DIRECTION('ref_axis',(0.,0.,-1.));
#16184=DIRECTION('center_axis',(1.,0.,0.));
#16185=DIRECTION('ref_axis',(0.,0.,-1.));
#16186=DIRECTION('center_axis',(0.,1.,0.));
#16187=DIRECTION('ref_axis',(1.,0.,0.));
#16188=DIRECTION('center_axis',(0.,-1.,0.));
#16189=DIRECTION('ref_axis',(1.,0.,0.));
#16190=DIRECTION('',(0.,-1.,0.));
#16191=DIRECTION('center_axis',(0.,-1.,0.));
#16192=DIRECTION('ref_axis',(1.,0.,0.));
#16193=DIRECTION('center_axis',(0.707106781186551,0.,0.707106781186544));
#16194=DIRECTION('ref_axis',(0.707106781186544,0.,-0.707106781186551));
#16195=DIRECTION('',(-0.707106781186544,0.,0.707106781186551));
#16196=DIRECTION('',(0.,1.,0.));
#16197=DIRECTION('',(0.707106781186544,0.,-0.707106781186551));
#16198=DIRECTION('',(0.,1.,0.));
#16199=DIRECTION('center_axis',(0.,0.,1.));
#16200=DIRECTION('ref_axis',(1.,0.,0.));
#16201=DIRECTION('',(-1.,0.,0.));
#16202=DIRECTION('',(1.,0.,0.));
#16203=DIRECTION('',(0.,1.,0.));
#16204=DIRECTION('center_axis',(-0.707106781186543,0.,0.707106781186552));
#16205=DIRECTION('ref_axis',(0.707106781186552,0.,0.707106781186543));
#16206=DIRECTION('',(-0.707106781186552,0.,-0.707106781186543));
#16207=DIRECTION('',(0.707106781186552,0.,0.707106781186543));
#16208=DIRECTION('',(0.,1.,0.));
#16209=DIRECTION('center_axis',(-1.,0.,0.));
#16210=DIRECTION('ref_axis',(0.,0.,1.));
#16211=DIRECTION('',(0.,0.,-1.));
#16212=DIRECTION('',(0.,0.,1.));
#16213=DIRECTION('',(0.,1.,0.));
#16214=DIRECTION('center_axis',(0.,0.,-1.));
#16215=DIRECTION('ref_axis',(-1.,0.,0.));
#16216=DIRECTION('',(1.,0.,0.));
#16217=DIRECTION('',(-1.,0.,0.));
#16218=DIRECTION('',(0.,1.,0.));
#16219=DIRECTION('center_axis',(-1.,0.,0.));
#16220=DIRECTION('ref_axis',(0.,0.,1.));
#16221=DIRECTION('',(0.,0.,-1.));
#16222=DIRECTION('',(0.,0.,1.));
#16223=DIRECTION('',(0.,1.,0.));
#16224=DIRECTION('center_axis',(0.,0.,1.));
#16225=DIRECTION('ref_axis',(1.,0.,0.));
#16226=DIRECTION('',(-1.,0.,0.));
#16227=DIRECTION('',(1.,0.,0.));
#16228=DIRECTION('',(0.,1.,0.));
#16229=DIRECTION('center_axis',(1.,0.,0.));
#16230=DIRECTION('ref_axis',(0.,0.,-1.));
#16231=DIRECTION('',(0.,0.,1.));
#16232=DIRECTION('',(0.,0.,-1.));
#16233=DIRECTION('',(0.,1.,0.));
#16234=DIRECTION('center_axis',(0.,0.,-1.));
#16235=DIRECTION('ref_axis',(-1.,0.,0.));
#16236=DIRECTION('',(1.,0.,0.));
#16237=DIRECTION('',(-1.,0.,0.));
#16238=DIRECTION('',(0.,1.,0.));
#16239=DIRECTION('center_axis',(1.,0.,0.));
#16240=DIRECTION('ref_axis',(0.,0.,-1.));
#16241=DIRECTION('',(0.,0.,1.));
#16242=DIRECTION('',(0.,0.,-1.));
#16243=DIRECTION('',(0.,1.,0.));
#16244=DIRECTION('center_axis',(0.707106781186543,0.,0.707106781186552));
#16245=DIRECTION('ref_axis',(0.707106781186552,0.,-0.707106781186543));
#16246=DIRECTION('',(-0.707106781186552,0.,0.707106781186543));
#16247=DIRECTION('',(0.707106781186552,0.,-0.707106781186543));
#16248=DIRECTION('',(0.,1.,0.));
#16249=DIRECTION('center_axis',(0.,0.,1.));
#16250=DIRECTION('ref_axis',(1.,0.,0.));
#16251=DIRECTION('',(-1.,0.,0.));
#16252=DIRECTION('',(1.,0.,0.));
#16253=DIRECTION('',(0.,1.,0.));
#16254=DIRECTION('center_axis',(-0.707106781186551,0.,0.707106781186544));
#16255=DIRECTION('ref_axis',(0.707106781186544,0.,0.707106781186551));
#16256=DIRECTION('',(-0.707106781186544,0.,-0.707106781186551));
#16257=DIRECTION('',(0.707106781186544,0.,0.707106781186551));
#16258=DIRECTION('',(0.,1.,0.));
#16259=DIRECTION('center_axis',(-1.,0.,0.));
#16260=DIRECTION('ref_axis',(0.,0.,1.));
#16261=DIRECTION('',(0.,0.,-1.));
#16262=DIRECTION('',(0.,0.,1.));
#16263=DIRECTION('',(0.,1.,0.));
#16264=DIRECTION('center_axis',(-0.707106781186543,0.,-0.707106781186552));
#16265=DIRECTION('ref_axis',(-0.707106781186552,0.,0.707106781186543));
#16266=DIRECTION('',(0.707106781186552,0.,-0.707106781186543));
#16267=DIRECTION('',(-0.707106781186552,0.,0.707106781186543));
#16268=DIRECTION('',(0.,1.,0.));
#16269=DIRECTION('center_axis',(0.,0.,-1.));
#16270=DIRECTION('ref_axis',(-1.,0.,0.));
#16271=DIRECTION('',(1.,0.,0.));
#16272=DIRECTION('',(-1.,0.,0.));
#16273=DIRECTION('',(0.,1.,0.));
#16274=DIRECTION('center_axis',(1.,0.,0.));
#16275=DIRECTION('ref_axis',(0.,0.,-1.));
#16276=DIRECTION('',(0.,0.,1.));
#16277=DIRECTION('',(0.,0.,-1.));
#16278=DIRECTION('',(0.,1.,0.));
#16279=DIRECTION('center_axis',(0.,0.,-1.));
#16280=DIRECTION('ref_axis',(-1.,0.,0.));
#16281=DIRECTION('',(1.,0.,0.));
#16282=DIRECTION('',(-1.,0.,0.));
#16283=DIRECTION('',(0.,1.,0.));
#16284=DIRECTION('center_axis',(-1.,0.,0.));
#16285=DIRECTION('ref_axis',(0.,0.,1.));
#16286=DIRECTION('',(0.,0.,-1.));
#16287=DIRECTION('',(0.,0.,1.));
#16288=DIRECTION('',(0.,1.,0.));
#16289=DIRECTION('center_axis',(0.,0.,1.));
#16290=DIRECTION('ref_axis',(1.,0.,0.));
#16291=DIRECTION('',(-1.,0.,0.));
#16292=DIRECTION('',(1.,0.,0.));
#16293=DIRECTION('',(0.,1.,0.));
#16294=DIRECTION('center_axis',(1.,0.,0.));
#16295=DIRECTION('ref_axis',(0.,0.,-1.));
#16296=DIRECTION('',(0.,0.,1.));
#16297=DIRECTION('',(0.,0.,-1.));
#16298=DIRECTION('',(0.,1.,0.));
#16299=DIRECTION('center_axis',(0.,0.,1.));
#16300=DIRECTION('ref_axis',(1.,0.,0.));
#16301=DIRECTION('',(-1.,0.,0.));
#16302=DIRECTION('',(1.,0.,0.));
#16303=DIRECTION('',(0.,1.,0.));
#16304=DIRECTION('center_axis',(-0.707106781186542,0.,0.707106781186553));
#16305=DIRECTION('ref_axis',(0.707106781186553,0.,0.707106781186542));
#16306=DIRECTION('',(-0.707106781186553,0.,-0.707106781186542));
#16307=DIRECTION('',(0.707106781186553,0.,0.707106781186542));
#16308=DIRECTION('',(0.,1.,0.));
#16309=DIRECTION('center_axis',(-1.,0.,0.));
#16310=DIRECTION('ref_axis',(0.,0.,1.));
#16311=DIRECTION('',(0.,0.,-1.));
#16312=DIRECTION('',(0.,0.,1.));
#16313=DIRECTION('',(0.,1.,0.));
#16314=DIRECTION('center_axis',(-0.707106781186551,0.,-0.707106781186544));
#16315=DIRECTION('ref_axis',(-0.707106781186544,0.,0.707106781186551));
#16316=DIRECTION('',(0.707106781186544,0.,-0.707106781186551));
#16317=DIRECTION('',(-0.707106781186544,0.,0.707106781186551));
#16318=DIRECTION('',(0.,1.,0.));
#16319=DIRECTION('center_axis',(0.,0.,-1.));
#16320=DIRECTION('ref_axis',(-1.,0.,0.));
#16321=DIRECTION('',(1.,0.,0.));
#16322=DIRECTION('',(-1.,0.,0.));
#16323=DIRECTION('',(0.,1.,0.));
#16324=DIRECTION('center_axis',(0.707106781186543,0.,-0.707106781186552));
#16325=DIRECTION('ref_axis',(-0.707106781186552,0.,-0.707106781186543));
#16326=DIRECTION('',(0.707106781186552,0.,0.707106781186543));
#16327=DIRECTION('',(-0.707106781186552,0.,-0.707106781186543));
#16328=DIRECTION('',(0.,1.,0.));
#16329=DIRECTION('center_axis',(1.,0.,0.));
#16330=DIRECTION('ref_axis',(0.,0.,-1.));
#16331=DIRECTION('',(0.,0.,1.));
#16332=DIRECTION('',(0.,0.,-1.));
#16333=DIRECTION('',(0.,1.,0.));
#16334=DIRECTION('center_axis',(0.,0.,1.));
#16335=DIRECTION('ref_axis',(1.,0.,0.));
#16336=DIRECTION('',(-1.,0.,0.));
#16337=DIRECTION('',(1.,0.,0.));
#16338=DIRECTION('',(0.,1.,0.));
#16339=DIRECTION('center_axis',(1.,0.,0.));
#16340=DIRECTION('ref_axis',(0.,0.,-1.));
#16341=DIRECTION('',(0.,0.,1.));
#16342=DIRECTION('',(0.,0.,-1.));
#16343=DIRECTION('',(0.,1.,0.));
#16344=DIRECTION('center_axis',(0.,0.,-1.));
#16345=DIRECTION('ref_axis',(-1.,0.,0.));
#16346=DIRECTION('',(1.,0.,0.));
#16347=DIRECTION('',(-1.,0.,0.));
#16348=DIRECTION('',(0.,1.,0.));
#16349=DIRECTION('center_axis',(-1.,0.,0.));
#16350=DIRECTION('ref_axis',(0.,0.,1.));
#16351=DIRECTION('',(0.,0.,-1.));
#16352=DIRECTION('',(0.,0.,1.));
#16353=DIRECTION('',(0.,1.,0.));
#16354=DIRECTION('center_axis',(0.,0.,1.));
#16355=DIRECTION('ref_axis',(1.,0.,0.));
#16356=DIRECTION('',(-1.,0.,0.));
#16357=DIRECTION('',(1.,0.,0.));
#16358=DIRECTION('',(0.,1.,0.));
#16359=DIRECTION('center_axis',(-1.,0.,0.));
#16360=DIRECTION('ref_axis',(0.,0.,1.));
#16361=DIRECTION('',(0.,0.,-1.));
#16362=DIRECTION('',(0.,0.,1.));
#16363=DIRECTION('',(0.,1.,0.));
#16364=DIRECTION('center_axis',(-0.707106781186543,0.,-0.707106781186552));
#16365=DIRECTION('ref_axis',(-0.707106781186552,0.,0.707106781186543));
#16366=DIRECTION('',(0.707106781186552,0.,-0.707106781186543));
#16367=DIRECTION('',(-0.707106781186552,0.,0.707106781186543));
#16368=DIRECTION('',(0.,1.,0.));
#16369=DIRECTION('center_axis',(0.,0.,-1.));
#16370=DIRECTION('ref_axis',(-1.,0.,0.));
#16371=DIRECTION('',(1.,0.,0.));
#16372=DIRECTION('',(-1.,0.,0.));
#16373=DIRECTION('',(0.,1.,0.));
#16374=DIRECTION('center_axis',(0.707106781186551,0.,-0.707106781186544));
#16375=DIRECTION('ref_axis',(-0.707106781186544,0.,-0.707106781186551));
#16376=DIRECTION('',(0.707106781186544,0.,0.707106781186551));
#16377=DIRECTION('',(-0.707106781186544,0.,-0.707106781186551));
#16378=DIRECTION('',(0.,1.,0.));
#16379=DIRECTION('center_axis',(1.,0.,0.));
#16380=DIRECTION('ref_axis',(0.,0.,-1.));
#16381=DIRECTION('',(0.,0.,1.));
#16382=DIRECTION('',(0.,0.,-1.));
#16383=DIRECTION('',(0.,1.,0.));
#16384=DIRECTION('center_axis',(0.707106781186542,0.,0.707106781186553));
#16385=DIRECTION('ref_axis',(0.707106781186553,0.,-0.707106781186542));
#16386=DIRECTION('',(-0.707106781186553,0.,0.707106781186542));
#16387=DIRECTION('',(0.707106781186553,0.,-0.707106781186542));
#16388=DIRECTION('',(0.,1.,0.));
#16389=DIRECTION('center_axis',(0.,0.,1.));
#16390=DIRECTION('ref_axis',(1.,0.,0.));
#16391=DIRECTION('',(-1.,0.,0.));
#16392=DIRECTION('',(1.,0.,0.));
#16393=DIRECTION('',(0.,1.,0.));
#16394=DIRECTION('center_axis',(-1.,0.,0.));
#16395=DIRECTION('ref_axis',(0.,0.,1.));
#16396=DIRECTION('',(0.,0.,-1.));
#16397=DIRECTION('',(0.,0.,1.));
#16398=DIRECTION('',(0.,1.,0.));
#16399=DIRECTION('center_axis',(0.,0.,1.));
#16400=DIRECTION('ref_axis',(1.,0.,0.));
#16401=DIRECTION('',(-1.,0.,0.));
#16402=DIRECTION('',(1.,0.,0.));
#16403=DIRECTION('',(0.,1.,0.));
#16404=DIRECTION('center_axis',(1.,0.,0.));
#16405=DIRECTION('ref_axis',(0.,0.,-1.));
#16406=DIRECTION('',(0.,0.,1.));
#16407=DIRECTION('',(0.,0.,-1.));
#16408=DIRECTION('',(0.,1.,0.));
#16409=DIRECTION('center_axis',(0.,0.,-1.));
#16410=DIRECTION('ref_axis',(-1.,0.,0.));
#16411=DIRECTION('',(1.,0.,0.));
#16412=DIRECTION('',(-1.,0.,0.));
#16413=DIRECTION('',(0.,1.,0.));
#16414=DIRECTION('center_axis',(-1.,0.,0.));
#16415=DIRECTION('ref_axis',(0.,0.,1.));
#16416=DIRECTION('',(0.,0.,-1.));
#16417=DIRECTION('',(0.,0.,1.));
#16418=DIRECTION('',(0.,1.,0.));
#16419=DIRECTION('center_axis',(0.,0.,-1.));
#16420=DIRECTION('ref_axis',(-1.,0.,0.));
#16421=DIRECTION('',(1.,0.,0.));
#16422=DIRECTION('',(-1.,0.,0.));
#16423=DIRECTION('',(0.,1.,0.));
#16424=DIRECTION('center_axis',(0.707106781186543,0.,-0.707106781186552));
#16425=DIRECTION('ref_axis',(-0.707106781186552,0.,-0.707106781186543));
#16426=DIRECTION('',(0.707106781186552,0.,0.707106781186543));
#16427=DIRECTION('',(-0.707106781186552,0.,-0.707106781186543));
#16428=DIRECTION('',(0.,1.,0.));
#16429=DIRECTION('center_axis',(1.,0.,0.));
#16430=DIRECTION('ref_axis',(0.,0.,-1.));
#16431=DIRECTION('',(0.,0.,1.));
#16432=DIRECTION('',(0.,0.,-1.));
#16433=DIRECTION('center_axis',(0.,1.,0.));
#16434=DIRECTION('ref_axis',(1.,0.,0.));
#16435=DIRECTION('center_axis',(0.,1.,0.));
#16436=DIRECTION('ref_axis',(1.,0.,0.));
#16437=DIRECTION('center_axis',(0.,1.,0.));
#16438=DIRECTION('ref_axis',(1.,0.,0.));
#16439=DIRECTION('center_axis',(0.,-1.,0.));
#16440=DIRECTION('ref_axis',(1.,0.,0.));
#16441=DIRECTION('',(0.,-1.,0.));
#16442=DIRECTION('center_axis',(0.,-1.,0.));
#16443=DIRECTION('ref_axis',(1.,0.,0.));
#16444=DIRECTION('center_axis',(0.707106781186551,0.,0.707106781186544));
#16445=DIRECTION('ref_axis',(0.707106781186544,0.,-0.707106781186551));
#16446=DIRECTION('',(-0.707106781186544,0.,0.707106781186551));
#16447=DIRECTION('',(0.,1.,0.));
#16448=DIRECTION('',(0.707106781186544,0.,-0.707106781186551));
#16449=DIRECTION('',(0.,1.,0.));
#16450=DIRECTION('center_axis',(0.,0.,1.));
#16451=DIRECTION('ref_axis',(1.,0.,0.));
#16452=DIRECTION('',(-1.,0.,0.));
#16453=DIRECTION('',(1.,0.,0.));
#16454=DIRECTION('',(0.,1.,0.));
#16455=DIRECTION('center_axis',(-0.707106781186543,0.,0.707106781186552));
#16456=DIRECTION('ref_axis',(0.707106781186552,0.,0.707106781186543));
#16457=DIRECTION('',(-0.707106781186552,0.,-0.707106781186543));
#16458=DIRECTION('',(0.707106781186552,0.,0.707106781186543));
#16459=DIRECTION('',(0.,1.,0.));
#16460=DIRECTION('center_axis',(-1.,0.,0.));
#16461=DIRECTION('ref_axis',(0.,0.,1.));
#16462=DIRECTION('',(0.,0.,-1.));
#16463=DIRECTION('',(0.,0.,1.));
#16464=DIRECTION('',(0.,1.,0.));
#16465=DIRECTION('center_axis',(0.,0.,-1.));
#16466=DIRECTION('ref_axis',(-1.,0.,0.));
#16467=DIRECTION('',(1.,0.,0.));
#16468=DIRECTION('',(-1.,0.,0.));
#16469=DIRECTION('',(0.,1.,0.));
#16470=DIRECTION('center_axis',(-1.,0.,0.));
#16471=DIRECTION('ref_axis',(0.,0.,1.));
#16472=DIRECTION('',(0.,0.,-1.));
#16473=DIRECTION('',(0.,0.,1.));
#16474=DIRECTION('',(0.,1.,0.));
#16475=DIRECTION('center_axis',(0.,0.,1.));
#16476=DIRECTION('ref_axis',(1.,0.,0.));
#16477=DIRECTION('',(-1.,0.,0.));
#16478=DIRECTION('',(1.,0.,0.));
#16479=DIRECTION('',(0.,1.,0.));
#16480=DIRECTION('center_axis',(1.,0.,0.));
#16481=DIRECTION('ref_axis',(0.,0.,-1.));
#16482=DIRECTION('',(0.,0.,1.));
#16483=DIRECTION('',(0.,0.,-1.));
#16484=DIRECTION('',(0.,1.,0.));
#16485=DIRECTION('center_axis',(0.,0.,-1.));
#16486=DIRECTION('ref_axis',(-1.,0.,0.));
#16487=DIRECTION('',(1.,0.,0.));
#16488=DIRECTION('',(-1.,0.,0.));
#16489=DIRECTION('',(0.,1.,0.));
#16490=DIRECTION('center_axis',(1.,0.,0.));
#16491=DIRECTION('ref_axis',(0.,0.,-1.));
#16492=DIRECTION('',(0.,0.,1.));
#16493=DIRECTION('',(0.,0.,-1.));
#16494=DIRECTION('',(0.,1.,0.));
#16495=DIRECTION('center_axis',(0.707106781186543,0.,0.707106781186552));
#16496=DIRECTION('ref_axis',(0.707106781186552,0.,-0.707106781186543));
#16497=DIRECTION('',(-0.707106781186552,0.,0.707106781186543));
#16498=DIRECTION('',(0.707106781186552,0.,-0.707106781186543));
#16499=DIRECTION('',(0.,1.,0.));
#16500=DIRECTION('center_axis',(0.,0.,1.));
#16501=DIRECTION('ref_axis',(1.,0.,0.));
#16502=DIRECTION('',(-1.,0.,0.));
#16503=DIRECTION('',(1.,0.,0.));
#16504=DIRECTION('',(0.,1.,0.));
#16505=DIRECTION('center_axis',(-0.707106781186551,0.,0.707106781186544));
#16506=DIRECTION('ref_axis',(0.707106781186544,0.,0.707106781186551));
#16507=DIRECTION('',(-0.707106781186544,0.,-0.707106781186551));
#16508=DIRECTION('',(0.707106781186544,0.,0.707106781186551));
#16509=DIRECTION('',(0.,1.,0.));
#16510=DIRECTION('center_axis',(-1.,0.,0.));
#16511=DIRECTION('ref_axis',(0.,0.,1.));
#16512=DIRECTION('',(0.,0.,-1.));
#16513=DIRECTION('',(0.,0.,1.));
#16514=DIRECTION('',(0.,1.,0.));
#16515=DIRECTION('center_axis',(-0.707106781186543,0.,-0.707106781186552));
#16516=DIRECTION('ref_axis',(-0.707106781186552,0.,0.707106781186543));
#16517=DIRECTION('',(0.707106781186552,0.,-0.707106781186543));
#16518=DIRECTION('',(-0.707106781186552,0.,0.707106781186543));
#16519=DIRECTION('',(0.,1.,0.));
#16520=DIRECTION('center_axis',(0.,0.,-1.));
#16521=DIRECTION('ref_axis',(-1.,0.,0.));
#16522=DIRECTION('',(1.,0.,0.));
#16523=DIRECTION('',(-1.,0.,0.));
#16524=DIRECTION('',(0.,1.,0.));
#16525=DIRECTION('center_axis',(1.,0.,0.));
#16526=DIRECTION('ref_axis',(0.,0.,-1.));
#16527=DIRECTION('',(0.,0.,1.));
#16528=DIRECTION('',(0.,0.,-1.));
#16529=DIRECTION('',(0.,1.,0.));
#16530=DIRECTION('center_axis',(0.,0.,-1.));
#16531=DIRECTION('ref_axis',(-1.,0.,0.));
#16532=DIRECTION('',(1.,0.,0.));
#16533=DIRECTION('',(-1.,0.,0.));
#16534=DIRECTION('',(0.,1.,0.));
#16535=DIRECTION('center_axis',(-1.,0.,0.));
#16536=DIRECTION('ref_axis',(0.,0.,1.));
#16537=DIRECTION('',(0.,0.,-1.));
#16538=DIRECTION('',(0.,0.,1.));
#16539=DIRECTION('',(0.,1.,0.));
#16540=DIRECTION('center_axis',(0.,0.,1.));
#16541=DIRECTION('ref_axis',(1.,0.,0.));
#16542=DIRECTION('',(-1.,0.,0.));
#16543=DIRECTION('',(1.,0.,0.));
#16544=DIRECTION('',(0.,1.,0.));
#16545=DIRECTION('center_axis',(1.,0.,0.));
#16546=DIRECTION('ref_axis',(0.,0.,-1.));
#16547=DIRECTION('',(0.,0.,1.));
#16548=DIRECTION('',(0.,0.,-1.));
#16549=DIRECTION('',(0.,1.,0.));
#16550=DIRECTION('center_axis',(0.,0.,1.));
#16551=DIRECTION('ref_axis',(1.,0.,0.));
#16552=DIRECTION('',(-1.,0.,0.));
#16553=DIRECTION('',(1.,0.,0.));
#16554=DIRECTION('',(0.,1.,0.));
#16555=DIRECTION('center_axis',(-0.707106781186542,0.,0.707106781186553));
#16556=DIRECTION('ref_axis',(0.707106781186553,0.,0.707106781186542));
#16557=DIRECTION('',(-0.707106781186553,0.,-0.707106781186542));
#16558=DIRECTION('',(0.707106781186553,0.,0.707106781186542));
#16559=DIRECTION('',(0.,1.,0.));
#16560=DIRECTION('center_axis',(-1.,0.,0.));
#16561=DIRECTION('ref_axis',(0.,0.,1.));
#16562=DIRECTION('',(0.,0.,-1.));
#16563=DIRECTION('',(0.,0.,1.));
#16564=DIRECTION('',(0.,1.,0.));
#16565=DIRECTION('center_axis',(-0.707106781186551,0.,-0.707106781186544));
#16566=DIRECTION('ref_axis',(-0.707106781186544,0.,0.707106781186551));
#16567=DIRECTION('',(0.707106781186544,0.,-0.707106781186551));
#16568=DIRECTION('',(-0.707106781186544,0.,0.707106781186551));
#16569=DIRECTION('',(0.,1.,0.));
#16570=DIRECTION('center_axis',(0.,0.,-1.));
#16571=DIRECTION('ref_axis',(-1.,0.,0.));
#16572=DIRECTION('',(1.,0.,0.));
#16573=DIRECTION('',(-1.,0.,0.));
#16574=DIRECTION('',(0.,1.,0.));
#16575=DIRECTION('center_axis',(0.707106781186543,0.,-0.707106781186552));
#16576=DIRECTION('ref_axis',(-0.707106781186552,0.,-0.707106781186543));
#16577=DIRECTION('',(0.707106781186552,0.,0.707106781186543));
#16578=DIRECTION('',(-0.707106781186552,0.,-0.707106781186543));
#16579=DIRECTION('',(0.,1.,0.));
#16580=DIRECTION('center_axis',(1.,0.,0.));
#16581=DIRECTION('ref_axis',(0.,0.,-1.));
#16582=DIRECTION('',(0.,0.,1.));
#16583=DIRECTION('',(0.,0.,-1.));
#16584=DIRECTION('',(0.,1.,0.));
#16585=DIRECTION('center_axis',(0.,0.,1.));
#16586=DIRECTION('ref_axis',(1.,0.,0.));
#16587=DIRECTION('',(-1.,0.,0.));
#16588=DIRECTION('',(1.,0.,0.));
#16589=DIRECTION('',(0.,1.,0.));
#16590=DIRECTION('center_axis',(1.,0.,0.));
#16591=DIRECTION('ref_axis',(0.,0.,-1.));
#16592=DIRECTION('',(0.,0.,1.));
#16593=DIRECTION('',(0.,0.,-1.));
#16594=DIRECTION('',(0.,1.,0.));
#16595=DIRECTION('center_axis',(0.,0.,-1.));
#16596=DIRECTION('ref_axis',(-1.,0.,0.));
#16597=DIRECTION('',(1.,0.,0.));
#16598=DIRECTION('',(-1.,0.,0.));
#16599=DIRECTION('',(0.,1.,0.));
#16600=DIRECTION('center_axis',(-1.,0.,0.));
#16601=DIRECTION('ref_axis',(0.,0.,1.));
#16602=DIRECTION('',(0.,0.,-1.));
#16603=DIRECTION('',(0.,0.,1.));
#16604=DIRECTION('',(0.,1.,0.));
#16605=DIRECTION('center_axis',(0.,0.,1.));
#16606=DIRECTION('ref_axis',(1.,0.,0.));
#16607=DIRECTION('',(-1.,0.,0.));
#16608=DIRECTION('',(1.,0.,0.));
#16609=DIRECTION('',(0.,1.,0.));
#16610=DIRECTION('center_axis',(-1.,0.,0.));
#16611=DIRECTION('ref_axis',(0.,0.,1.));
#16612=DIRECTION('',(0.,0.,-1.));
#16613=DIRECTION('',(0.,0.,1.));
#16614=DIRECTION('',(0.,1.,0.));
#16615=DIRECTION('center_axis',(-0.707106781186543,0.,-0.707106781186552));
#16616=DIRECTION('ref_axis',(-0.707106781186552,0.,0.707106781186543));
#16617=DIRECTION('',(0.707106781186552,0.,-0.707106781186543));
#16618=DIRECTION('',(-0.707106781186552,0.,0.707106781186543));
#16619=DIRECTION('',(0.,1.,0.));
#16620=DIRECTION('center_axis',(0.,0.,-1.));
#16621=DIRECTION('ref_axis',(-1.,0.,0.));
#16622=DIRECTION('',(1.,0.,0.));
#16623=DIRECTION('',(-1.,0.,0.));
#16624=DIRECTION('',(0.,1.,0.));
#16625=DIRECTION('center_axis',(0.707106781186551,0.,-0.707106781186544));
#16626=DIRECTION('ref_axis',(-0.707106781186544,0.,-0.707106781186551));
#16627=DIRECTION('',(0.707106781186544,0.,0.707106781186551));
#16628=DIRECTION('',(-0.707106781186544,0.,-0.707106781186551));
#16629=DIRECTION('',(0.,1.,0.));
#16630=DIRECTION('center_axis',(1.,0.,0.));
#16631=DIRECTION('ref_axis',(0.,0.,-1.));
#16632=DIRECTION('',(0.,0.,1.));
#16633=DIRECTION('',(0.,0.,-1.));
#16634=DIRECTION('',(0.,1.,0.));
#16635=DIRECTION('center_axis',(0.707106781186542,0.,0.707106781186553));
#16636=DIRECTION('ref_axis',(0.707106781186553,0.,-0.707106781186542));
#16637=DIRECTION('',(-0.707106781186553,0.,0.707106781186542));
#16638=DIRECTION('',(0.707106781186553,0.,-0.707106781186542));
#16639=DIRECTION('',(0.,1.,0.));
#16640=DIRECTION('center_axis',(0.,0.,1.));
#16641=DIRECTION('ref_axis',(1.,0.,0.));
#16642=DIRECTION('',(-1.,0.,0.));
#16643=DIRECTION('',(1.,0.,0.));
#16644=DIRECTION('',(0.,1.,0.));
#16645=DIRECTION('center_axis',(-1.,0.,0.));
#16646=DIRECTION('ref_axis',(0.,0.,1.));
#16647=DIRECTION('',(0.,0.,-1.));
#16648=DIRECTION('',(0.,0.,1.));
#16649=DIRECTION('',(0.,1.,0.));
#16650=DIRECTION('center_axis',(0.,0.,1.));
#16651=DIRECTION('ref_axis',(1.,0.,0.));
#16652=DIRECTION('',(-1.,0.,0.));
#16653=DIRECTION('',(1.,0.,0.));
#16654=DIRECTION('',(0.,1.,0.));
#16655=DIRECTION('center_axis',(1.,0.,0.));
#16656=DIRECTION('ref_axis',(0.,0.,-1.));
#16657=DIRECTION('',(0.,0.,1.));
#16658=DIRECTION('',(0.,0.,-1.));
#16659=DIRECTION('',(0.,1.,0.));
#16660=DIRECTION('center_axis',(0.,0.,-1.));
#16661=DIRECTION('ref_axis',(-1.,0.,0.));
#16662=DIRECTION('',(1.,0.,0.));
#16663=DIRECTION('',(-1.,0.,0.));
#16664=DIRECTION('',(0.,1.,0.));
#16665=DIRECTION('center_axis',(-1.,0.,0.));
#16666=DIRECTION('ref_axis',(0.,0.,1.));
#16667=DIRECTION('',(0.,0.,-1.));
#16668=DIRECTION('',(0.,0.,1.));
#16669=DIRECTION('',(0.,1.,0.));
#16670=DIRECTION('center_axis',(0.,0.,-1.));
#16671=DIRECTION('ref_axis',(-1.,0.,0.));
#16672=DIRECTION('',(1.,0.,0.));
#16673=DIRECTION('',(-1.,0.,0.));
#16674=DIRECTION('',(0.,1.,0.));
#16675=DIRECTION('center_axis',(0.707106781186543,0.,-0.707106781186552));
#16676=DIRECTION('ref_axis',(-0.707106781186552,0.,-0.707106781186543));
#16677=DIRECTION('',(0.707106781186552,0.,0.707106781186543));
#16678=DIRECTION('',(-0.707106781186552,0.,-0.707106781186543));
#16679=DIRECTION('',(0.,1.,0.));
#16680=DIRECTION('center_axis',(1.,0.,0.));
#16681=DIRECTION('ref_axis',(0.,0.,-1.));
#16682=DIRECTION('',(0.,0.,1.));
#16683=DIRECTION('',(0.,0.,-1.));
#16684=DIRECTION('center_axis',(0.,1.,0.));
#16685=DIRECTION('ref_axis',(1.,0.,0.));
#16686=DIRECTION('center_axis',(0.,1.,0.));
#16687=DIRECTION('ref_axis',(1.,0.,0.));
#16688=DIRECTION('center_axis',(0.,1.,0.));
#16689=DIRECTION('ref_axis',(1.,0.,0.));
#16690=DIRECTION('center_axis',(0.,-1.,0.));
#16691=DIRECTION('ref_axis',(1.,0.,0.));
#16692=DIRECTION('',(0.,-1.,0.));
#16693=DIRECTION('center_axis',(0.,-1.,0.));
#16694=DIRECTION('ref_axis',(1.,0.,0.));
#16695=DIRECTION('center_axis',(0.707106781186548,0.,0.707106781186548));
#16696=DIRECTION('ref_axis',(0.707106781186548,0.,-0.707106781186548));
#16697=DIRECTION('',(-0.707106781186548,0.,0.707106781186548));
#16698=DIRECTION('',(0.,1.,0.));
#16699=DIRECTION('',(0.707106781186548,0.,-0.707106781186548));
#16700=DIRECTION('',(0.,1.,0.));
#16701=DIRECTION('center_axis',(0.,0.,1.));
#16702=DIRECTION('ref_axis',(1.,0.,0.));
#16703=DIRECTION('',(-1.,0.,0.));
#16704=DIRECTION('',(1.,0.,0.));
#16705=DIRECTION('',(0.,1.,0.));
#16706=DIRECTION('center_axis',(-0.707106781186548,0.,0.707106781186548));
#16707=DIRECTION('ref_axis',(0.707106781186548,0.,0.707106781186548));
#16708=DIRECTION('',(-0.707106781186547,0.,-0.707106781186547));
#16709=DIRECTION('',(0.707106781186547,0.,0.707106781186547));
#16710=DIRECTION('',(0.,1.,0.));
#16711=DIRECTION('center_axis',(-1.,0.,0.));
#16712=DIRECTION('ref_axis',(0.,0.,1.));
#16713=DIRECTION('',(0.,0.,-1.));
#16714=DIRECTION('',(0.,0.,1.));
#16715=DIRECTION('',(0.,1.,0.));
#16716=DIRECTION('center_axis',(0.,0.,-1.));
#16717=DIRECTION('ref_axis',(-1.,0.,0.));
#16718=DIRECTION('',(1.,0.,0.));
#16719=DIRECTION('',(-1.,0.,0.));
#16720=DIRECTION('',(0.,1.,0.));
#16721=DIRECTION('center_axis',(-1.,0.,0.));
#16722=DIRECTION('ref_axis',(0.,0.,1.));
#16723=DIRECTION('',(0.,0.,-1.));
#16724=DIRECTION('',(0.,0.,1.));
#16725=DIRECTION('',(0.,1.,0.));
#16726=DIRECTION('center_axis',(0.,0.,1.));
#16727=DIRECTION('ref_axis',(1.,0.,0.));
#16728=DIRECTION('',(-1.,0.,0.));
#16729=DIRECTION('',(1.,0.,0.));
#16730=DIRECTION('',(0.,1.,0.));
#16731=DIRECTION('center_axis',(1.,0.,0.));
#16732=DIRECTION('ref_axis',(0.,0.,-1.));
#16733=DIRECTION('',(0.,0.,1.));
#16734=DIRECTION('',(0.,0.,-1.));
#16735=DIRECTION('',(0.,1.,0.));
#16736=DIRECTION('center_axis',(0.,0.,-1.));
#16737=DIRECTION('ref_axis',(-1.,0.,0.));
#16738=DIRECTION('',(1.,0.,0.));
#16739=DIRECTION('',(-1.,0.,0.));
#16740=DIRECTION('',(0.,1.,0.));
#16741=DIRECTION('center_axis',(1.,0.,0.));
#16742=DIRECTION('ref_axis',(0.,0.,-1.));
#16743=DIRECTION('',(0.,0.,1.));
#16744=DIRECTION('',(0.,0.,-1.));
#16745=DIRECTION('',(0.,1.,0.));
#16746=DIRECTION('center_axis',(0.707106781186548,0.,0.707106781186548));
#16747=DIRECTION('ref_axis',(0.707106781186548,0.,-0.707106781186548));
#16748=DIRECTION('',(-0.707106781186547,0.,0.707106781186547));
#16749=DIRECTION('',(0.707106781186547,0.,-0.707106781186547));
#16750=DIRECTION('',(0.,1.,0.));
#16751=DIRECTION('center_axis',(0.,0.,1.));
#16752=DIRECTION('ref_axis',(1.,0.,0.));
#16753=DIRECTION('',(-1.,0.,0.));
#16754=DIRECTION('',(1.,0.,0.));
#16755=DIRECTION('',(0.,1.,0.));
#16756=DIRECTION('center_axis',(-0.707106781186548,0.,0.707106781186548));
#16757=DIRECTION('ref_axis',(0.707106781186548,0.,0.707106781186548));
#16758=DIRECTION('',(-0.707106781186548,0.,-0.707106781186548));
#16759=DIRECTION('',(0.707106781186548,0.,0.707106781186548));
#16760=DIRECTION('',(0.,1.,0.));
#16761=DIRECTION('center_axis',(-1.,0.,0.));
#16762=DIRECTION('ref_axis',(0.,0.,1.));
#16763=DIRECTION('',(0.,0.,-1.));
#16764=DIRECTION('',(0.,0.,1.));
#16765=DIRECTION('',(0.,1.,0.));
#16766=DIRECTION('center_axis',(-0.707106781186548,0.,-0.707106781186548));
#16767=DIRECTION('ref_axis',(-0.707106781186548,0.,0.707106781186548));
#16768=DIRECTION('',(0.707106781186547,0.,-0.707106781186547));
#16769=DIRECTION('',(-0.707106781186547,0.,0.707106781186547));
#16770=DIRECTION('',(0.,1.,0.));
#16771=DIRECTION('center_axis',(0.,0.,-1.));
#16772=DIRECTION('ref_axis',(-1.,0.,0.));
#16773=DIRECTION('',(1.,0.,0.));
#16774=DIRECTION('',(-1.,0.,0.));
#16775=DIRECTION('',(0.,1.,0.));
#16776=DIRECTION('center_axis',(1.,0.,0.));
#16777=DIRECTION('ref_axis',(0.,0.,-1.));
#16778=DIRECTION('',(0.,0.,1.));
#16779=DIRECTION('',(0.,0.,-1.));
#16780=DIRECTION('',(0.,1.,0.));
#16781=DIRECTION('center_axis',(0.,0.,-1.));
#16782=DIRECTION('ref_axis',(-1.,0.,0.));
#16783=DIRECTION('',(1.,0.,0.));
#16784=DIRECTION('',(-1.,0.,0.));
#16785=DIRECTION('',(0.,1.,0.));
#16786=DIRECTION('center_axis',(-1.,0.,0.));
#16787=DIRECTION('ref_axis',(0.,0.,1.));
#16788=DIRECTION('',(0.,0.,-1.));
#16789=DIRECTION('',(0.,0.,1.));
#16790=DIRECTION('',(0.,1.,0.));
#16791=DIRECTION('center_axis',(0.,0.,1.));
#16792=DIRECTION('ref_axis',(1.,0.,0.));
#16793=DIRECTION('',(-1.,0.,0.));
#16794=DIRECTION('',(1.,0.,0.));
#16795=DIRECTION('',(0.,1.,0.));
#16796=DIRECTION('center_axis',(1.,0.,0.));
#16797=DIRECTION('ref_axis',(0.,0.,-1.));
#16798=DIRECTION('',(0.,0.,1.));
#16799=DIRECTION('',(0.,0.,-1.));
#16800=DIRECTION('',(0.,1.,0.));
#16801=DIRECTION('center_axis',(0.,0.,1.));
#16802=DIRECTION('ref_axis',(1.,0.,0.));
#16803=DIRECTION('',(-1.,0.,0.));
#16804=DIRECTION('',(1.,0.,0.));
#16805=DIRECTION('',(0.,1.,0.));
#16806=DIRECTION('center_axis',(-0.707106781186535,0.,0.70710678118656));
#16807=DIRECTION('ref_axis',(0.70710678118656,0.,0.707106781186535));
#16808=DIRECTION('',(-0.70710678118656,0.,-0.707106781186535));
#16809=DIRECTION('',(0.70710678118656,0.,0.707106781186535));
#16810=DIRECTION('',(0.,1.,0.));
#16811=DIRECTION('center_axis',(-1.,0.,0.));
#16812=DIRECTION('ref_axis',(0.,0.,1.));
#16813=DIRECTION('',(0.,0.,-1.));
#16814=DIRECTION('',(0.,0.,1.));
#16815=DIRECTION('',(0.,1.,0.));
#16816=DIRECTION('center_axis',(-0.707106781186552,0.,-0.707106781186543));
#16817=DIRECTION('ref_axis',(-0.707106781186543,0.,0.707106781186552));
#16818=DIRECTION('',(0.707106781186543,0.,-0.707106781186552));
#16819=DIRECTION('',(-0.707106781186543,0.,0.707106781186552));
#16820=DIRECTION('',(0.,1.,0.));
#16821=DIRECTION('center_axis',(0.,0.,-1.));
#16822=DIRECTION('ref_axis',(-1.,0.,0.));
#16823=DIRECTION('',(1.,0.,0.));
#16824=DIRECTION('',(-1.,0.,0.));
#16825=DIRECTION('',(0.,1.,0.));
#16826=DIRECTION('center_axis',(0.707106781186548,0.,-0.707106781186548));
#16827=DIRECTION('ref_axis',(-0.707106781186548,0.,-0.707106781186548));
#16828=DIRECTION('',(0.707106781186547,0.,0.707106781186547));
#16829=DIRECTION('',(-0.707106781186547,0.,-0.707106781186547));
#16830=DIRECTION('',(0.,1.,0.));
#16831=DIRECTION('center_axis',(1.,0.,0.));
#16832=DIRECTION('ref_axis',(0.,0.,-1.));
#16833=DIRECTION('',(0.,0.,1.));
#16834=DIRECTION('',(0.,0.,-1.));
#16835=DIRECTION('',(0.,1.,0.));
#16836=DIRECTION('center_axis',(0.,0.,1.));
#16837=DIRECTION('ref_axis',(1.,0.,0.));
#16838=DIRECTION('',(-1.,0.,0.));
#16839=DIRECTION('',(1.,0.,0.));
#16840=DIRECTION('',(0.,1.,0.));
#16841=DIRECTION('center_axis',(1.,0.,0.));
#16842=DIRECTION('ref_axis',(0.,0.,-1.));
#16843=DIRECTION('',(0.,0.,1.));
#16844=DIRECTION('',(0.,0.,-1.));
#16845=DIRECTION('',(0.,1.,0.));
#16846=DIRECTION('center_axis',(0.,0.,-1.));
#16847=DIRECTION('ref_axis',(-1.,0.,0.));
#16848=DIRECTION('',(1.,0.,0.));
#16849=DIRECTION('',(-1.,0.,0.));
#16850=DIRECTION('',(0.,1.,0.));
#16851=DIRECTION('center_axis',(-1.,0.,0.));
#16852=DIRECTION('ref_axis',(0.,0.,1.));
#16853=DIRECTION('',(0.,0.,-1.));
#16854=DIRECTION('',(0.,0.,1.));
#16855=DIRECTION('',(0.,1.,0.));
#16856=DIRECTION('center_axis',(0.,0.,1.));
#16857=DIRECTION('ref_axis',(1.,0.,0.));
#16858=DIRECTION('',(-1.,0.,0.));
#16859=DIRECTION('',(1.,0.,0.));
#16860=DIRECTION('',(0.,1.,0.));
#16861=DIRECTION('center_axis',(-1.,0.,0.));
#16862=DIRECTION('ref_axis',(0.,0.,1.));
#16863=DIRECTION('',(0.,0.,-1.));
#16864=DIRECTION('',(0.,0.,1.));
#16865=DIRECTION('',(0.,1.,0.));
#16866=DIRECTION('center_axis',(-0.707106781186548,0.,-0.707106781186548));
#16867=DIRECTION('ref_axis',(-0.707106781186548,0.,0.707106781186548));
#16868=DIRECTION('',(0.707106781186547,0.,-0.707106781186547));
#16869=DIRECTION('',(-0.707106781186547,0.,0.707106781186547));
#16870=DIRECTION('',(0.,1.,0.));
#16871=DIRECTION('center_axis',(0.,0.,-1.));
#16872=DIRECTION('ref_axis',(-1.,0.,0.));
#16873=DIRECTION('',(1.,0.,0.));
#16874=DIRECTION('',(-1.,0.,0.));
#16875=DIRECTION('',(0.,1.,0.));
#16876=DIRECTION('center_axis',(0.707106781186552,0.,-0.707106781186543));
#16877=DIRECTION('ref_axis',(-0.707106781186543,0.,-0.707106781186552));
#16878=DIRECTION('',(0.707106781186543,0.,0.707106781186552));
#16879=DIRECTION('',(-0.707106781186543,0.,-0.707106781186552));
#16880=DIRECTION('',(0.,1.,0.));
#16881=DIRECTION('center_axis',(1.,0.,0.));
#16882=DIRECTION('ref_axis',(0.,0.,-1.));
#16883=DIRECTION('',(0.,0.,1.));
#16884=DIRECTION('',(0.,0.,-1.));
#16885=DIRECTION('',(0.,1.,0.));
#16886=DIRECTION('center_axis',(0.707106781186535,0.,0.70710678118656));
#16887=DIRECTION('ref_axis',(0.70710678118656,0.,-0.707106781186535));
#16888=DIRECTION('',(-0.70710678118656,0.,0.707106781186535));
#16889=DIRECTION('',(0.70710678118656,0.,-0.707106781186535));
#16890=DIRECTION('',(0.,1.,0.));
#16891=DIRECTION('center_axis',(0.,0.,1.));
#16892=DIRECTION('ref_axis',(1.,0.,0.));
#16893=DIRECTION('',(-1.,0.,0.));
#16894=DIRECTION('',(1.,0.,0.));
#16895=DIRECTION('',(0.,1.,0.));
#16896=DIRECTION('center_axis',(-1.,0.,0.));
#16897=DIRECTION('ref_axis',(0.,0.,1.));
#16898=DIRECTION('',(0.,0.,-1.));
#16899=DIRECTION('',(0.,0.,1.));
#16900=DIRECTION('',(0.,1.,0.));
#16901=DIRECTION('center_axis',(0.,0.,1.));
#16902=DIRECTION('ref_axis',(1.,0.,0.));
#16903=DIRECTION('',(-1.,0.,0.));
#16904=DIRECTION('',(1.,0.,0.));
#16905=DIRECTION('',(0.,1.,0.));
#16906=DIRECTION('center_axis',(1.,0.,0.));
#16907=DIRECTION('ref_axis',(0.,0.,-1.));
#16908=DIRECTION('',(0.,0.,1.));
#16909=DIRECTION('',(0.,0.,-1.));
#16910=DIRECTION('',(0.,1.,0.));
#16911=DIRECTION('center_axis',(0.,0.,-1.));
#16912=DIRECTION('ref_axis',(-1.,0.,0.));
#16913=DIRECTION('',(1.,0.,0.));
#16914=DIRECTION('',(-1.,0.,0.));
#16915=DIRECTION('',(0.,1.,0.));
#16916=DIRECTION('center_axis',(-1.,0.,0.));
#16917=DIRECTION('ref_axis',(0.,0.,1.));
#16918=DIRECTION('',(0.,0.,-1.));
#16919=DIRECTION('',(0.,0.,1.));
#16920=DIRECTION('',(0.,1.,0.));
#16921=DIRECTION('center_axis',(0.,0.,-1.));
#16922=DIRECTION('ref_axis',(-1.,0.,0.));
#16923=DIRECTION('',(1.,0.,0.));
#16924=DIRECTION('',(-1.,0.,0.));
#16925=DIRECTION('',(0.,1.,0.));
#16926=DIRECTION('center_axis',(0.707106781186548,0.,-0.707106781186548));
#16927=DIRECTION('ref_axis',(-0.707106781186548,0.,-0.707106781186548));
#16928=DIRECTION('',(0.707106781186547,0.,0.707106781186547));
#16929=DIRECTION('',(-0.707106781186547,0.,-0.707106781186547));
#16930=DIRECTION('',(0.,1.,0.));
#16931=DIRECTION('center_axis',(1.,0.,0.));
#16932=DIRECTION('ref_axis',(0.,0.,-1.));
#16933=DIRECTION('',(0.,0.,1.));
#16934=DIRECTION('',(0.,0.,-1.));
#16935=DIRECTION('center_axis',(0.,1.,0.));
#16936=DIRECTION('ref_axis',(1.,0.,0.));
#16937=DIRECTION('center_axis',(0.,1.,0.));
#16938=DIRECTION('ref_axis',(1.,0.,0.));
#16939=DIRECTION('center_axis',(0.,1.,0.));
#16940=DIRECTION('ref_axis',(1.,0.,0.));
#16941=DIRECTION('center_axis',(0.,-1.,0.));
#16942=DIRECTION('ref_axis',(1.,0.,0.));
#16943=DIRECTION('',(0.,-1.,0.));
#16944=DIRECTION('center_axis',(0.,-1.,0.));
#16945=DIRECTION('ref_axis',(1.,0.,0.));
#16946=DIRECTION('center_axis',(0.707106781186548,0.,0.707106781186548));
#16947=DIRECTION('ref_axis',(0.707106781186548,0.,-0.707106781186548));
#16948=DIRECTION('',(-0.707106781186548,0.,0.707106781186548));
#16949=DIRECTION('',(0.,1.,0.));
#16950=DIRECTION('',(0.707106781186548,0.,-0.707106781186548));
#16951=DIRECTION('',(0.,1.,0.));
#16952=DIRECTION('center_axis',(0.,0.,1.));
#16953=DIRECTION('ref_axis',(1.,0.,0.));
#16954=DIRECTION('',(-1.,0.,0.));
#16955=DIRECTION('',(1.,0.,0.));
#16956=DIRECTION('',(0.,1.,0.));
#16957=DIRECTION('center_axis',(-0.707106781186548,0.,0.707106781186548));
#16958=DIRECTION('ref_axis',(0.707106781186548,0.,0.707106781186548));
#16959=DIRECTION('',(-0.707106781186547,0.,-0.707106781186547));
#16960=DIRECTION('',(0.707106781186547,0.,0.707106781186547));
#16961=DIRECTION('',(0.,1.,0.));
#16962=DIRECTION('center_axis',(-1.,0.,0.));
#16963=DIRECTION('ref_axis',(0.,0.,1.));
#16964=DIRECTION('',(0.,0.,-1.));
#16965=DIRECTION('',(0.,0.,1.));
#16966=DIRECTION('',(0.,1.,0.));
#16967=DIRECTION('center_axis',(0.,0.,-1.));
#16968=DIRECTION('ref_axis',(-1.,0.,0.));
#16969=DIRECTION('',(1.,0.,0.));
#16970=DIRECTION('',(-1.,0.,0.));
#16971=DIRECTION('',(0.,1.,0.));
#16972=DIRECTION('center_axis',(-1.,0.,0.));
#16973=DIRECTION('ref_axis',(0.,0.,1.));
#16974=DIRECTION('',(0.,0.,-1.));
#16975=DIRECTION('',(0.,0.,1.));
#16976=DIRECTION('',(0.,1.,0.));
#16977=DIRECTION('center_axis',(0.,0.,1.));
#16978=DIRECTION('ref_axis',(1.,0.,0.));
#16979=DIRECTION('',(-1.,0.,0.));
#16980=DIRECTION('',(1.,0.,0.));
#16981=DIRECTION('',(0.,1.,0.));
#16982=DIRECTION('center_axis',(1.,0.,0.));
#16983=DIRECTION('ref_axis',(0.,0.,-1.));
#16984=DIRECTION('',(0.,0.,1.));
#16985=DIRECTION('',(0.,0.,-1.));
#16986=DIRECTION('',(0.,1.,0.));
#16987=DIRECTION('center_axis',(0.,0.,-1.));
#16988=DIRECTION('ref_axis',(-1.,0.,0.));
#16989=DIRECTION('',(1.,0.,0.));
#16990=DIRECTION('',(-1.,0.,0.));
#16991=DIRECTION('',(0.,1.,0.));
#16992=DIRECTION('center_axis',(1.,0.,0.));
#16993=DIRECTION('ref_axis',(0.,0.,-1.));
#16994=DIRECTION('',(0.,0.,1.));
#16995=DIRECTION('',(0.,0.,-1.));
#16996=DIRECTION('',(0.,1.,0.));
#16997=DIRECTION('center_axis',(0.707106781186548,0.,0.707106781186548));
#16998=DIRECTION('ref_axis',(0.707106781186548,0.,-0.707106781186548));
#16999=DIRECTION('',(-0.707106781186547,0.,0.707106781186547));
#17000=DIRECTION('',(0.707106781186547,0.,-0.707106781186547));
#17001=DIRECTION('',(0.,1.,0.));
#17002=DIRECTION('center_axis',(0.,0.,1.));
#17003=DIRECTION('ref_axis',(1.,0.,0.));
#17004=DIRECTION('',(-1.,0.,0.));
#17005=DIRECTION('',(1.,0.,0.));
#17006=DIRECTION('',(0.,1.,0.));
#17007=DIRECTION('center_axis',(-0.707106781186548,0.,0.707106781186548));
#17008=DIRECTION('ref_axis',(0.707106781186548,0.,0.707106781186548));
#17009=DIRECTION('',(-0.707106781186548,0.,-0.707106781186548));
#17010=DIRECTION('',(0.707106781186548,0.,0.707106781186548));
#17011=DIRECTION('',(0.,1.,0.));
#17012=DIRECTION('center_axis',(-1.,0.,0.));
#17013=DIRECTION('ref_axis',(0.,0.,1.));
#17014=DIRECTION('',(0.,0.,-1.));
#17015=DIRECTION('',(0.,0.,1.));
#17016=DIRECTION('',(0.,1.,0.));
#17017=DIRECTION('center_axis',(-0.707106781186548,0.,-0.707106781186548));
#17018=DIRECTION('ref_axis',(-0.707106781186548,0.,0.707106781186548));
#17019=DIRECTION('',(0.707106781186547,0.,-0.707106781186547));
#17020=DIRECTION('',(-0.707106781186547,0.,0.707106781186547));
#17021=DIRECTION('',(0.,1.,0.));
#17022=DIRECTION('center_axis',(0.,0.,-1.));
#17023=DIRECTION('ref_axis',(-1.,0.,0.));
#17024=DIRECTION('',(1.,0.,0.));
#17025=DIRECTION('',(-1.,0.,0.));
#17026=DIRECTION('',(0.,1.,0.));
#17027=DIRECTION('center_axis',(1.,0.,0.));
#17028=DIRECTION('ref_axis',(0.,0.,-1.));
#17029=DIRECTION('',(0.,0.,1.));
#17030=DIRECTION('',(0.,0.,-1.));
#17031=DIRECTION('',(0.,1.,0.));
#17032=DIRECTION('center_axis',(0.,0.,-1.));
#17033=DIRECTION('ref_axis',(-1.,0.,0.));
#17034=DIRECTION('',(1.,0.,0.));
#17035=DIRECTION('',(-1.,0.,0.));
#17036=DIRECTION('',(0.,1.,0.));
#17037=DIRECTION('center_axis',(-1.,0.,0.));
#17038=DIRECTION('ref_axis',(0.,0.,1.));
#17039=DIRECTION('',(0.,0.,-1.));
#17040=DIRECTION('',(0.,0.,1.));
#17041=DIRECTION('',(0.,1.,0.));
#17042=DIRECTION('center_axis',(0.,0.,1.));
#17043=DIRECTION('ref_axis',(1.,0.,0.));
#17044=DIRECTION('',(-1.,0.,0.));
#17045=DIRECTION('',(1.,0.,0.));
#17046=DIRECTION('',(0.,1.,0.));
#17047=DIRECTION('center_axis',(1.,0.,0.));
#17048=DIRECTION('ref_axis',(0.,0.,-1.));
#17049=DIRECTION('',(0.,0.,1.));
#17050=DIRECTION('',(0.,0.,-1.));
#17051=DIRECTION('',(0.,1.,0.));
#17052=DIRECTION('center_axis',(0.,0.,1.));
#17053=DIRECTION('ref_axis',(1.,0.,0.));
#17054=DIRECTION('',(-1.,0.,0.));
#17055=DIRECTION('',(1.,0.,0.));
#17056=DIRECTION('',(0.,1.,0.));
#17057=DIRECTION('center_axis',(-0.707106781186535,0.,0.70710678118656));
#17058=DIRECTION('ref_axis',(0.70710678118656,0.,0.707106781186535));
#17059=DIRECTION('',(-0.70710678118656,0.,-0.707106781186535));
#17060=DIRECTION('',(0.70710678118656,0.,0.707106781186535));
#17061=DIRECTION('',(0.,1.,0.));
#17062=DIRECTION('center_axis',(-1.,0.,0.));
#17063=DIRECTION('ref_axis',(0.,0.,1.));
#17064=DIRECTION('',(0.,0.,-1.));
#17065=DIRECTION('',(0.,0.,1.));
#17066=DIRECTION('',(0.,1.,0.));
#17067=DIRECTION('center_axis',(-0.707106781186552,0.,-0.707106781186543));
#17068=DIRECTION('ref_axis',(-0.707106781186543,0.,0.707106781186552));
#17069=DIRECTION('',(0.707106781186543,0.,-0.707106781186552));
#17070=DIRECTION('',(-0.707106781186543,0.,0.707106781186552));
#17071=DIRECTION('',(0.,1.,0.));
#17072=DIRECTION('center_axis',(0.,0.,-1.));
#17073=DIRECTION('ref_axis',(-1.,0.,0.));
#17074=DIRECTION('',(1.,0.,0.));
#17075=DIRECTION('',(-1.,0.,0.));
#17076=DIRECTION('',(0.,1.,0.));
#17077=DIRECTION('center_axis',(0.707106781186548,0.,-0.707106781186548));
#17078=DIRECTION('ref_axis',(-0.707106781186548,0.,-0.707106781186548));
#17079=DIRECTION('',(0.707106781186547,0.,0.707106781186547));
#17080=DIRECTION('',(-0.707106781186547,0.,-0.707106781186547));
#17081=DIRECTION('',(0.,1.,0.));
#17082=DIRECTION('center_axis',(1.,0.,0.));
#17083=DIRECTION('ref_axis',(0.,0.,-1.));
#17084=DIRECTION('',(0.,0.,1.));
#17085=DIRECTION('',(0.,0.,-1.));
#17086=DIRECTION('',(0.,1.,0.));
#17087=DIRECTION('center_axis',(0.,0.,1.));
#17088=DIRECTION('ref_axis',(1.,0.,0.));
#17089=DIRECTION('',(-1.,0.,0.));
#17090=DIRECTION('',(1.,0.,0.));
#17091=DIRECTION('',(0.,1.,0.));
#17092=DIRECTION('center_axis',(1.,0.,0.));
#17093=DIRECTION('ref_axis',(0.,0.,-1.));
#17094=DIRECTION('',(0.,0.,1.));
#17095=DIRECTION('',(0.,0.,-1.));
#17096=DIRECTION('',(0.,1.,0.));
#17097=DIRECTION('center_axis',(0.,0.,-1.));
#17098=DIRECTION('ref_axis',(-1.,0.,0.));
#17099=DIRECTION('',(1.,0.,0.));
#17100=DIRECTION('',(-1.,0.,0.));
#17101=DIRECTION('',(0.,1.,0.));
#17102=DIRECTION('center_axis',(-1.,0.,0.));
#17103=DIRECTION('ref_axis',(0.,0.,1.));
#17104=DIRECTION('',(0.,0.,-1.));
#17105=DIRECTION('',(0.,0.,1.));
#17106=DIRECTION('',(0.,1.,0.));
#17107=DIRECTION('center_axis',(0.,0.,1.));
#17108=DIRECTION('ref_axis',(1.,0.,0.));
#17109=DIRECTION('',(-1.,0.,0.));
#17110=DIRECTION('',(1.,0.,0.));
#17111=DIRECTION('',(0.,1.,0.));
#17112=DIRECTION('center_axis',(-1.,0.,0.));
#17113=DIRECTION('ref_axis',(0.,0.,1.));
#17114=DIRECTION('',(0.,0.,-1.));
#17115=DIRECTION('',(0.,0.,1.));
#17116=DIRECTION('',(0.,1.,0.));
#17117=DIRECTION('center_axis',(-0.707106781186548,0.,-0.707106781186548));
#17118=DIRECTION('ref_axis',(-0.707106781186548,0.,0.707106781186548));
#17119=DIRECTION('',(0.707106781186547,0.,-0.707106781186547));
#17120=DIRECTION('',(-0.707106781186547,0.,0.707106781186547));
#17121=DIRECTION('',(0.,1.,0.));
#17122=DIRECTION('center_axis',(0.,0.,-1.));
#17123=DIRECTION('ref_axis',(-1.,0.,0.));
#17124=DIRECTION('',(1.,0.,0.));
#17125=DIRECTION('',(-1.,0.,0.));
#17126=DIRECTION('',(0.,1.,0.));
#17127=DIRECTION('center_axis',(0.707106781186552,0.,-0.707106781186543));
#17128=DIRECTION('ref_axis',(-0.707106781186543,0.,-0.707106781186552));
#17129=DIRECTION('',(0.707106781186543,0.,0.707106781186552));
#17130=DIRECTION('',(-0.707106781186543,0.,-0.707106781186552));
#17131=DIRECTION('',(0.,1.,0.));
#17132=DIRECTION('center_axis',(1.,0.,0.));
#17133=DIRECTION('ref_axis',(0.,0.,-1.));
#17134=DIRECTION('',(0.,0.,1.));
#17135=DIRECTION('',(0.,0.,-1.));
#17136=DIRECTION('',(0.,1.,0.));
#17137=DIRECTION('center_axis',(0.707106781186535,0.,0.70710678118656));
#17138=DIRECTION('ref_axis',(0.70710678118656,0.,-0.707106781186535));
#17139=DIRECTION('',(-0.70710678118656,0.,0.707106781186535));
#17140=DIRECTION('',(0.70710678118656,0.,-0.707106781186535));
#17141=DIRECTION('',(0.,1.,0.));
#17142=DIRECTION('center_axis',(0.,0.,1.));
#17143=DIRECTION('ref_axis',(1.,0.,0.));
#17144=DIRECTION('',(-1.,0.,0.));
#17145=DIRECTION('',(1.,0.,0.));
#17146=DIRECTION('',(0.,1.,0.));
#17147=DIRECTION('center_axis',(-1.,0.,0.));
#17148=DIRECTION('ref_axis',(0.,0.,1.));
#17149=DIRECTION('',(0.,0.,-1.));
#17150=DIRECTION('',(0.,0.,1.));
#17151=DIRECTION('',(0.,1.,0.));
#17152=DIRECTION('center_axis',(0.,0.,1.));
#17153=DIRECTION('ref_axis',(1.,0.,0.));
#17154=DIRECTION('',(-1.,0.,0.));
#17155=DIRECTION('',(1.,0.,0.));
#17156=DIRECTION('',(0.,1.,0.));
#17157=DIRECTION('center_axis',(1.,0.,0.));
#17158=DIRECTION('ref_axis',(0.,0.,-1.));
#17159=DIRECTION('',(0.,0.,1.));
#17160=DIRECTION('',(0.,0.,-1.));
#17161=DIRECTION('',(0.,1.,0.));
#17162=DIRECTION('center_axis',(0.,0.,-1.));
#17163=DIRECTION('ref_axis',(-1.,0.,0.));
#17164=DIRECTION('',(1.,0.,0.));
#17165=DIRECTION('',(-1.,0.,0.));
#17166=DIRECTION('',(0.,1.,0.));
#17167=DIRECTION('center_axis',(-1.,0.,0.));
#17168=DIRECTION('ref_axis',(0.,0.,1.));
#17169=DIRECTION('',(0.,0.,-1.));
#17170=DIRECTION('',(0.,0.,1.));
#17171=DIRECTION('',(0.,1.,0.));
#17172=DIRECTION('center_axis',(0.,0.,-1.));
#17173=DIRECTION('ref_axis',(-1.,0.,0.));
#17174=DIRECTION('',(1.,0.,0.));
#17175=DIRECTION('',(-1.,0.,0.));
#17176=DIRECTION('',(0.,1.,0.));
#17177=DIRECTION('center_axis',(0.707106781186548,0.,-0.707106781186548));
#17178=DIRECTION('ref_axis',(-0.707106781186548,0.,-0.707106781186548));
#17179=DIRECTION('',(0.707106781186547,0.,0.707106781186547));
#17180=DIRECTION('',(-0.707106781186547,0.,-0.707106781186547));
#17181=DIRECTION('',(0.,1.,0.));
#17182=DIRECTION('center_axis',(1.,0.,0.));
#17183=DIRECTION('ref_axis',(0.,0.,-1.));
#17184=DIRECTION('',(0.,0.,1.));
#17185=DIRECTION('',(0.,0.,-1.));
#17186=DIRECTION('center_axis',(0.,1.,0.));
#17187=DIRECTION('ref_axis',(1.,0.,0.));
#17188=DIRECTION('center_axis',(0.,1.,0.));
#17189=DIRECTION('ref_axis',(1.,0.,0.));
#17190=DIRECTION('center_axis',(0.,1.,0.));
#17191=DIRECTION('ref_axis',(-1.,0.,0.));
#17192=DIRECTION('',(-1.,0.,0.));
#17193=DIRECTION('',(0.,0.,1.));
#17194=DIRECTION('',(-1.,0.,0.));
#17195=DIRECTION('',(0.,0.,1.));
#17196=DIRECTION('center_axis',(1.,0.,0.));
#17197=DIRECTION('ref_axis',(0.,1.,0.));
#17198=DIRECTION('',(0.,1.,0.));
#17199=DIRECTION('',(0.,1.,0.));
#17200=DIRECTION('',(0.,0.,1.));
#17201=DIRECTION('center_axis',(0.,-1.,0.));
#17202=DIRECTION('ref_axis',(1.,0.,0.));
#17203=DIRECTION('',(1.,0.,0.));
#17204=DIRECTION('',(1.,0.,0.));
#17205=DIRECTION('',(0.,0.,1.));
#17206=DIRECTION('center_axis',(-1.,0.,0.));
#17207=DIRECTION('ref_axis',(0.,-1.,0.));
#17208=DIRECTION('',(0.,-1.,0.));
#17209=DIRECTION('',(0.,-1.,0.));
#17210=DIRECTION('center_axis',(0.,0.,1.));
#17211=DIRECTION('ref_axis',(1.,0.,0.));
#17212=DIRECTION('center_axis',(0.,0.,1.));
#17213=DIRECTION('ref_axis',(1.,0.,0.));
#17214=DIRECTION('center_axis',(-1.,0.,0.));
#17215=DIRECTION('ref_axis',(0.,0.,1.));
#17216=DIRECTION('',(0.,0.,-1.));
#17217=DIRECTION('',(0.,1.,0.));
#17218=DIRECTION('',(0.,0.,1.));
#17219=DIRECTION('',(0.,1.,0.));
#17220=DIRECTION('center_axis',(0.,0.,-1.));
#17221=DIRECTION('ref_axis',(-1.,0.,0.));
#17222=DIRECTION('',(1.,0.,0.));
#17223=DIRECTION('',(-1.,0.,0.));
#17224=DIRECTION('',(0.,1.,0.));
#17225=DIRECTION('center_axis',(1.,0.,0.));
#17226=DIRECTION('ref_axis',(0.,0.,-1.));
#17227=DIRECTION('',(0.,0.,1.));
#17228=DIRECTION('',(0.,0.,-1.));
#17229=DIRECTION('',(0.,1.,0.));
#17230=DIRECTION('center_axis',(0.,0.,1.));
#17231=DIRECTION('ref_axis',(1.,0.,0.));
#17232=DIRECTION('',(-1.,0.,0.));
#17233=DIRECTION('',(1.,0.,0.));
#17234=DIRECTION('center_axis',(0.,1.,0.));
#17235=DIRECTION('ref_axis',(0.,0.,1.));
#17236=DIRECTION('center_axis',(0.,1.,0.));
#17237=DIRECTION('ref_axis',(1.,0.,0.));
#17238=DIRECTION('center_axis',(0.,-1.,0.));
#17239=DIRECTION('ref_axis',(1.,0.,0.));
#17240=DIRECTION('center_axis',(0.,-1.,0.));
#17241=DIRECTION('ref_axis',(1.,0.,0.));
#17242=DIRECTION('',(0.,1.,0.));
#17243=DIRECTION('center_axis',(0.,1.,0.));
#17244=DIRECTION('ref_axis',(1.,0.,0.));
#17245=DIRECTION('center_axis',(0.,1.,0.));
#17246=DIRECTION('ref_axis',(1.,0.,0.));
#17247=DIRECTION('center_axis',(0.,1.,0.));
#17248=DIRECTION('ref_axis',(1.,0.,0.));
#17249=DIRECTION('center_axis',(0.,1.,0.));
#17250=DIRECTION('ref_axis',(1.,0.,0.));
#17251=DIRECTION('center_axis',(0.,-1.,0.));
#17252=DIRECTION('ref_axis',(1.,0.,0.));
#17253=DIRECTION('',(0.,-1.,0.));
#17254=DIRECTION('center_axis',(0.,1.,0.));
#17255=DIRECTION('ref_axis',(1.,0.,0.));
#17256=DIRECTION('center_axis',(0.,1.,0.));
#17257=DIRECTION('ref_axis',(1.,0.,0.));
#17258=DIRECTION('',(0.,-1.,0.));
#17259=DIRECTION('center_axis',(0.,-1.,0.));
#17260=DIRECTION('ref_axis',(1.,0.,0.));
#17261=DIRECTION('center_axis',(0.,1.,0.));
#17262=DIRECTION('ref_axis',(1.,0.,0.));
#17263=DIRECTION('center_axis',(0.,-1.,0.));
#17264=DIRECTION('ref_axis',(1.,0.,0.));
#17265=DIRECTION('center_axis',(0.,-1.,0.));
#17266=DIRECTION('ref_axis',(1.,0.,0.));
#17267=DIRECTION('',(0.,1.,0.));
#17268=DIRECTION('center_axis',(0.,1.,0.));
#17269=DIRECTION('ref_axis',(1.,0.,0.));
#17270=DIRECTION('center_axis',(0.,1.,0.));
#17271=DIRECTION('ref_axis',(1.,0.,0.));
#17272=DIRECTION('center_axis',(0.,1.,0.));
#17273=DIRECTION('ref_axis',(1.,0.,0.));
#17274=DIRECTION('center_axis',(0.,1.,0.));
#17275=DIRECTION('ref_axis',(1.,0.,0.));
#17276=DIRECTION('center_axis',(0.,-1.,0.));
#17277=DIRECTION('ref_axis',(1.,0.,0.));
#17278=DIRECTION('',(0.,-1.,0.));
#17279=DIRECTION('center_axis',(0.,1.,0.));
#17280=DIRECTION('ref_axis',(1.,0.,0.));
#17281=DIRECTION('center_axis',(0.,1.,0.));
#17282=DIRECTION('ref_axis',(1.,0.,0.));
#17283=DIRECTION('',(0.,-1.,0.));
#17284=DIRECTION('center_axis',(0.,-1.,0.));
#17285=DIRECTION('ref_axis',(1.,0.,0.));
#17286=DIRECTION('center_axis',(0.,1.,0.));
#17287=DIRECTION('ref_axis',(1.,0.,0.));
#17288=DIRECTION('center_axis',(0.,-1.,0.));
#17289=DIRECTION('ref_axis',(1.,0.,0.));
#17290=DIRECTION('center_axis',(0.,-1.,0.));
#17291=DIRECTION('ref_axis',(1.,0.,0.));
#17292=DIRECTION('',(0.,1.,0.));
#17293=DIRECTION('center_axis',(0.,1.,0.));
#17294=DIRECTION('ref_axis',(1.,0.,0.));
#17295=DIRECTION('center_axis',(0.,1.,0.));
#17296=DIRECTION('ref_axis',(1.,0.,0.));
#17297=DIRECTION('center_axis',(0.,1.,0.));
#17298=DIRECTION('ref_axis',(1.,0.,0.));
#17299=DIRECTION('center_axis',(0.,1.,0.));
#17300=DIRECTION('ref_axis',(1.,0.,0.));
#17301=DIRECTION('center_axis',(0.,-1.,0.));
#17302=DIRECTION('ref_axis',(1.,0.,0.));
#17303=DIRECTION('',(0.,-1.,0.));
#17304=DIRECTION('center_axis',(0.,1.,0.));
#17305=DIRECTION('ref_axis',(1.,0.,0.));
#17306=DIRECTION('center_axis',(0.,1.,0.));
#17307=DIRECTION('ref_axis',(1.,0.,0.));
#17308=DIRECTION('',(0.,-1.,0.));
#17309=DIRECTION('center_axis',(0.,-1.,0.));
#17310=DIRECTION('ref_axis',(1.,0.,0.));
#17311=DIRECTION('center_axis',(0.,1.,0.));
#17312=DIRECTION('ref_axis',(1.,0.,0.));
#17313=DIRECTION('center_axis',(-1.,0.,0.));
#17314=DIRECTION('ref_axis',(0.,0.,1.));
#17315=DIRECTION('',(0.,0.,-1.));
#17316=DIRECTION('',(0.,1.,0.));
#17317=DIRECTION('',(0.,0.,1.));
#17318=DIRECTION('',(0.,1.,0.));
#17319=DIRECTION('center_axis',(0.,0.,-1.));
#17320=DIRECTION('ref_axis',(-1.,0.,0.));
#17321=DIRECTION('',(1.,0.,0.));
#17322=DIRECTION('',(-1.,0.,0.));
#17323=DIRECTION('',(0.,1.,0.));
#17324=DIRECTION('center_axis',(1.,0.,0.));
#17325=DIRECTION('ref_axis',(0.,0.,-1.));
#17326=DIRECTION('',(0.,0.,1.));
#17327=DIRECTION('',(0.,0.,-1.));
#17328=DIRECTION('',(0.,1.,0.));
#17329=DIRECTION('center_axis',(0.,0.,1.));
#17330=DIRECTION('ref_axis',(1.,0.,0.));
#17331=DIRECTION('',(-1.,0.,0.));
#17332=DIRECTION('',(1.,0.,0.));
#17333=DIRECTION('center_axis',(0.,1.,0.));
#17334=DIRECTION('ref_axis',(1.,0.,0.));
#17335=DIRECTION('center_axis',(0.,1.,0.));
#17336=DIRECTION('ref_axis',(1.,0.,0.));
#17337=DIRECTION('center_axis',(0.,0.,-1.));
#17338=DIRECTION('ref_axis',(0.,1.,0.));
#17339=DIRECTION('',(0.,-1.,0.));
#17340=DIRECTION('',(1.,0.,0.));
#17341=DIRECTION('',(0.,1.,0.));
#17342=DIRECTION('',(1.,0.,0.));
#17343=DIRECTION('center_axis',(0.,-1.,0.));
#17344=DIRECTION('ref_axis',(0.,0.,-1.));
#17345=DIRECTION('',(0.,0.,1.));
#17346=DIRECTION('',(0.,0.,-1.));
#17347=DIRECTION('',(1.,0.,0.));
#17348=DIRECTION('center_axis',(0.,0.,1.));
#17349=DIRECTION('ref_axis',(0.,-1.,0.));
#17350=DIRECTION('',(0.,1.,0.));
#17351=DIRECTION('',(0.,-1.,0.));
#17352=DIRECTION('',(1.,0.,0.));
#17353=DIRECTION('center_axis',(0.,1.,0.));
#17354=DIRECTION('ref_axis',(0.,0.,1.));
#17355=DIRECTION('',(0.,0.,-1.));
#17356=DIRECTION('',(0.,0.,1.));
#17357=DIRECTION('center_axis',(1.,0.,0.));
#17358=DIRECTION('ref_axis',(0.,0.,-1.));
#17359=DIRECTION('center_axis',(1.,0.,0.));
#17360=DIRECTION('ref_axis',(0.,0.,-1.));
#17361=DIRECTION('center_axis',(0.,0.,-1.));
#17362=DIRECTION('ref_axis',(0.,1.,0.));
#17363=DIRECTION('',(0.,-1.,0.));
#17364=DIRECTION('',(1.,0.,0.));
#17365=DIRECTION('',(0.,1.,0.));
#17366=DIRECTION('',(1.,0.,0.));
#17367=DIRECTION('center_axis',(0.,-1.,0.));
#17368=DIRECTION('ref_axis',(0.,0.,-1.));
#17369=DIRECTION('',(0.,0.,1.));
#17370=DIRECTION('',(0.,0.,-1.));
#17371=DIRECTION('',(1.,0.,0.));
#17372=DIRECTION('center_axis',(0.,0.,1.));
#17373=DIRECTION('ref_axis',(0.,-1.,0.));
#17374=DIRECTION('',(0.,1.,0.));
#17375=DIRECTION('',(0.,-1.,0.));
#17376=DIRECTION('',(1.,0.,0.));
#17377=DIRECTION('center_axis',(0.,1.,0.));
#17378=DIRECTION('ref_axis',(0.,0.,1.));
#17379=DIRECTION('',(0.,0.,-1.));
#17380=DIRECTION('',(0.,0.,1.));
#17381=DIRECTION('center_axis',(1.,0.,0.));
#17382=DIRECTION('ref_axis',(0.,0.,-1.));
#17383=DIRECTION('center_axis',(1.,0.,0.));
#17384=DIRECTION('ref_axis',(0.,0.,-1.));
#17385=DIRECTION('center_axis',(0.,0.,1.));
#17386=DIRECTION('ref_axis',(-0.707106781186548,-0.707106781186548,0.));
#17387=DIRECTION('',(0.,0.,-1.));
#17388=DIRECTION('center_axis',(-0.707106781186548,0.,0.707106781186548));
#17389=DIRECTION('ref_axis',(-0.707106781186548,0.,-0.707106781186548));
#17390=DIRECTION('',(0.,0.,1.));
#17391=DIRECTION('center_axis',(-0.707106781186549,0.,-0.707106781186546));
#17392=DIRECTION('ref_axis',(0.707106781186546,0.,-0.707106781186549));
#17393=DIRECTION('center_axis',(0.,0.,1.));
#17394=DIRECTION('ref_axis',(0.707106781186548,-0.707106781186548,0.));
#17395=DIRECTION('',(0.,0.,-1.));
#17396=DIRECTION('center_axis',(0.707106781186548,0.,0.707106781186548));
#17397=DIRECTION('ref_axis',(0.707106781186548,0.,-0.707106781186548));
#17398=DIRECTION('',(0.,0.,1.));
#17399=DIRECTION('center_axis',(0.707106781186549,0.,-0.707106781186546));
#17400=DIRECTION('ref_axis',(-0.707106781186546,0.,-0.707106781186549));
#17401=DIRECTION('center_axis',(-1.,0.,0.));
#17402=DIRECTION('ref_axis',(0.,-0.707106781186548,-0.707106781186548));
#17403=DIRECTION('',(1.,0.,0.));
#17404=DIRECTION('',(-1.,0.,0.));
#17405=DIRECTION('center_axis',(1.,0.,0.));
#17406=DIRECTION('ref_axis',(0.,-0.707106781186548,0.707106781186548));
#17407=DIRECTION('',(-1.,0.,0.));
#17408=DIRECTION('',(1.,0.,0.));
#17409=DIRECTION('center_axis',(0.,0.,1.));
#17410=DIRECTION('ref_axis',(1.,0.,0.));
#17411=DIRECTION('',(0.,1.,0.));
#17412=DIRECTION('',(-1.,0.,0.));
#17413=DIRECTION('',(0.,-1.,0.));
#17414=DIRECTION('',(-1.,0.,0.));
#17415=DIRECTION('',(0.,1.,0.));
#17416=DIRECTION('',(-1.,0.,0.));
#17417=DIRECTION('',(0.,-1.,0.));
#17418=DIRECTION('center_axis',(1.,0.,0.));
#17419=DIRECTION('ref_axis',(0.,1.,0.));
#17420=DIRECTION('',(0.,-1.,0.));
#17421=DIRECTION('',(0.,0.,1.));
#17422=DIRECTION('center_axis',(0.,-1.,0.));
#17423=DIRECTION('ref_axis',(1.,0.,0.));
#17424=DIRECTION('center_axis',(0.,0.,-1.));
#17425=DIRECTION('ref_axis',(-1.,0.,0.));
#17426=DIRECTION('',(0.,1.,0.));
#17427=DIRECTION('',(1.,0.,0.));
#17428=DIRECTION('',(0.,-1.,0.));
#17429=DIRECTION('',(1.,0.,0.));
#17430=DIRECTION('',(0.,1.,0.));
#17431=DIRECTION('',(1.,0.,0.));
#17432=DIRECTION('center_axis',(0.,1.,0.));
#17433=DIRECTION('ref_axis',(-1.,0.,0.));
#17434=DIRECTION('',(0.,0.,-1.));
#17435=DIRECTION('center_axis',(-1.,0.,0.));
#17436=DIRECTION('ref_axis',(0.,-1.,0.));
#17437=DIRECTION('',(0.,0.,1.));
#17438=DIRECTION('center_axis',(0.,1.,0.));
#17439=DIRECTION('ref_axis',(-1.,0.,0.));
#17440=DIRECTION('',(0.,0.,1.));
#17441=DIRECTION('center_axis',(1.,0.,0.));
#17442=DIRECTION('ref_axis',(0.,1.,0.));
#17443=DIRECTION('',(0.,0.,1.));
#17444=DIRECTION('center_axis',(0.,1.,0.));
#17445=DIRECTION('ref_axis',(-1.,0.,0.));
#17446=DIRECTION('',(0.,0.,1.));
#17447=DIRECTION('center_axis',(-1.,0.,0.));
#17448=DIRECTION('ref_axis',(0.,-1.,0.));
#17449=CARTESIAN_POINT('',(0.,0.,0.));
#17450=CARTESIAN_POINT('Origin',(-200.,-97.5,0.));
#17451=CARTESIAN_POINT('',(-202.5,-97.5,170.));
#17452=CARTESIAN_POINT('Origin',(-200.,-97.5,170.));
#17453=CARTESIAN_POINT('',(-202.5,-97.5,0.));
#17454=CARTESIAN_POINT('',(-202.5,-97.5,0.));
#17455=CARTESIAN_POINT('Origin',(-200.,-97.5,0.));
#17456=CARTESIAN_POINT('Origin',(-190.,-94.,0.));
#17457=CARTESIAN_POINT('',(-190.,-94.,0.));
#17458=CARTESIAN_POINT('',(-190.,-89.,0.));
#17459=CARTESIAN_POINT('',(-190.,-94.,0.));
#17460=CARTESIAN_POINT('',(-190.,-89.,170.));
#17461=CARTESIAN_POINT('',(-190.,-89.,0.));
#17462=CARTESIAN_POINT('',(-190.,-94.,170.));
#17463=CARTESIAN_POINT('',(-190.,-94.,170.));
#17464=CARTESIAN_POINT('',(-190.,-94.,0.));
#17465=CARTESIAN_POINT('Origin',(-190.5,-94.5,0.));
#17466=CARTESIAN_POINT('',(-190.5,-94.5,0.));
#17467=CARTESIAN_POINT('',(-190.5,-94.5,0.));
#17468=CARTESIAN_POINT('',(-190.5,-94.5,170.));
#17469=CARTESIAN_POINT('',(-190.5,-94.5,170.));
#17470=CARTESIAN_POINT('',(-190.5,-94.5,0.));
#17471=CARTESIAN_POINT('Origin',(-191.5,-94.5,0.));
#17472=CARTESIAN_POINT('',(-191.5,-94.5,0.));
#17473=CARTESIAN_POINT('',(-191.5,-94.5,0.));
#17474=CARTESIAN_POINT('',(-191.5,-94.5,170.));
#17475=CARTESIAN_POINT('',(-191.5,-94.5,170.));
#17476=CARTESIAN_POINT('',(-191.5,-94.5,0.));
#17477=CARTESIAN_POINT('Origin',(-191.5,-92.75,0.));
#17478=CARTESIAN_POINT('',(-191.5,-92.75,0.));
#17479=CARTESIAN_POINT('',(-191.5,-92.75,0.));
#17480=CARTESIAN_POINT('',(-191.5,-92.75,170.));
#17481=CARTESIAN_POINT('',(-191.5,-92.75,170.));
#17482=CARTESIAN_POINT('',(-191.5,-92.75,0.));
#17483=CARTESIAN_POINT('Origin',(-194.,-92.75,0.));
#17484=CARTESIAN_POINT('',(-194.,-92.75,0.));
#17485=CARTESIAN_POINT('',(-194.,-92.75,0.));
#17486=CARTESIAN_POINT('',(-194.,-92.75,170.));
#17487=CARTESIAN_POINT('',(-194.,-92.75,170.));
#17488=CARTESIAN_POINT('',(-194.,-92.75,0.));
#17489=CARTESIAN_POINT('Origin',(-194.,-102.25,0.));
#17490=CARTESIAN_POINT('',(-194.,-102.25,0.));
#17491=CARTESIAN_POINT('',(-194.,-102.25,0.));
#17492=CARTESIAN_POINT('',(-194.,-102.25,170.));
#17493=CARTESIAN_POINT('',(-194.,-102.25,170.));
#17494=CARTESIAN_POINT('',(-194.,-102.25,0.));
#17495=CARTESIAN_POINT('Origin',(-191.5,-102.25,0.));
#17496=CARTESIAN_POINT('',(-191.5,-102.25,0.));
#17497=CARTESIAN_POINT('',(-191.5,-102.25,0.));
#17498=CARTESIAN_POINT('',(-191.5,-102.25,170.));
#17499=CARTESIAN_POINT('',(-191.5,-102.25,170.));
#17500=CARTESIAN_POINT('',(-191.5,-102.25,0.));
#17501=CARTESIAN_POINT('Origin',(-191.5,-100.5,0.));
#17502=CARTESIAN_POINT('',(-191.5,-100.5,0.));
#17503=CARTESIAN_POINT('',(-191.5,-100.5,0.));
#17504=CARTESIAN_POINT('',(-191.5,-100.5,170.));
#17505=CARTESIAN_POINT('',(-191.5,-100.5,170.));
#17506=CARTESIAN_POINT('',(-191.5,-100.5,0.));
#17507=CARTESIAN_POINT('Origin',(-190.5,-100.5,0.));
#17508=CARTESIAN_POINT('',(-190.5,-100.5,0.));
#17509=CARTESIAN_POINT('',(-190.5,-100.5,0.));
#17510=CARTESIAN_POINT('',(-190.5,-100.5,170.));
#17511=CARTESIAN_POINT('',(-190.5,-100.5,170.));
#17512=CARTESIAN_POINT('',(-190.5,-100.5,0.));
#17513=CARTESIAN_POINT('Origin',(-190.,-101.,0.));
#17514=CARTESIAN_POINT('',(-190.,-101.,0.));
#17515=CARTESIAN_POINT('',(-190.,-101.,0.));
#17516=CARTESIAN_POINT('',(-190.,-101.,170.));
#17517=CARTESIAN_POINT('',(-190.,-101.,170.));
#17518=CARTESIAN_POINT('',(-190.,-101.,0.));
#17519=CARTESIAN_POINT('Origin',(-190.,-106.,0.));
#17520=CARTESIAN_POINT('',(-190.,-106.,0.));
#17521=CARTESIAN_POINT('',(-190.,-106.,0.));
#17522=CARTESIAN_POINT('',(-190.,-106.,170.));
#17523=CARTESIAN_POINT('',(-190.,-106.,170.));
#17524=CARTESIAN_POINT('',(-190.,-106.,0.));
#17525=CARTESIAN_POINT('Origin',(-191.5,-107.5,0.));
#17526=CARTESIAN_POINT('',(-191.5,-107.5,0.));
#17527=CARTESIAN_POINT('',(-191.5,-107.5,0.));
#17528=CARTESIAN_POINT('',(-191.5,-107.5,170.));
#17529=CARTESIAN_POINT('',(-191.5,-107.5,170.));
#17530=CARTESIAN_POINT('',(-191.5,-107.5,0.));
#17531=CARTESIAN_POINT('Origin',(-196.5,-107.5,0.));
#17532=CARTESIAN_POINT('',(-196.5,-107.5,0.));
#17533=CARTESIAN_POINT('',(-196.5,-107.5,0.));
#17534=CARTESIAN_POINT('',(-196.5,-107.5,170.));
#17535=CARTESIAN_POINT('',(-196.5,-107.5,170.));
#17536=CARTESIAN_POINT('',(-196.5,-107.5,0.));
#17537=CARTESIAN_POINT('Origin',(-197.,-107.,0.));
#17538=CARTESIAN_POINT('',(-197.,-107.,0.));
#17539=CARTESIAN_POINT('',(-197.,-107.,0.));
#17540=CARTESIAN_POINT('',(-197.,-107.,170.));
#17541=CARTESIAN_POINT('',(-197.,-107.,170.));
#17542=CARTESIAN_POINT('',(-197.,-107.,0.));
#17543=CARTESIAN_POINT('Origin',(-197.,-106.,0.));
#17544=CARTESIAN_POINT('',(-197.,-106.,0.));
#17545=CARTESIAN_POINT('',(-197.,-106.,0.));
#17546=CARTESIAN_POINT('',(-197.,-106.,170.));
#17547=CARTESIAN_POINT('',(-197.,-106.,170.));
#17548=CARTESIAN_POINT('',(-197.,-106.,0.));
#17549=CARTESIAN_POINT('Origin',(-195.25,-106.,0.));
#17550=CARTESIAN_POINT('',(-195.25,-106.,0.));
#17551=CARTESIAN_POINT('',(-195.25,-106.,0.));
#17552=CARTESIAN_POINT('',(-195.25,-106.,170.));
#17553=CARTESIAN_POINT('',(-195.25,-106.,170.));
#17554=CARTESIAN_POINT('',(-195.25,-106.,0.));
#17555=CARTESIAN_POINT('Origin',(-195.25,-103.5,0.));
#17556=CARTESIAN_POINT('',(-195.25,-103.5,0.));
#17557=CARTESIAN_POINT('',(-195.25,-103.5,0.));
#17558=CARTESIAN_POINT('',(-195.25,-103.5,170.));
#17559=CARTESIAN_POINT('',(-195.25,-103.5,170.));
#17560=CARTESIAN_POINT('',(-195.25,-103.5,0.));
#17561=CARTESIAN_POINT('Origin',(-204.75,-103.5,0.));
#17562=CARTESIAN_POINT('',(-204.75,-103.5,0.));
#17563=CARTESIAN_POINT('',(-204.75,-103.5,0.));
#17564=CARTESIAN_POINT('',(-204.75,-103.5,170.));
#17565=CARTESIAN_POINT('',(-204.75,-103.5,170.));
#17566=CARTESIAN_POINT('',(-204.75,-103.5,0.));
#17567=CARTESIAN_POINT('Origin',(-204.75,-106.,0.));
#17568=CARTESIAN_POINT('',(-204.75,-106.,0.));
#17569=CARTESIAN_POINT('',(-204.75,-106.,0.));
#17570=CARTESIAN_POINT('',(-204.75,-106.,170.));
#17571=CARTESIAN_POINT('',(-204.75,-106.,170.));
#17572=CARTESIAN_POINT('',(-204.75,-106.,0.));
#17573=CARTESIAN_POINT('Origin',(-203.,-106.,0.));
#17574=CARTESIAN_POINT('',(-203.,-106.,0.));
#17575=CARTESIAN_POINT('',(-203.,-106.,0.));
#17576=CARTESIAN_POINT('',(-203.,-106.,170.));
#17577=CARTESIAN_POINT('',(-203.,-106.,170.));
#17578=CARTESIAN_POINT('',(-203.,-106.,0.));
#17579=CARTESIAN_POINT('Origin',(-203.,-107.,0.));
#17580=CARTESIAN_POINT('',(-203.,-107.,0.));
#17581=CARTESIAN_POINT('',(-203.,-107.,0.));
#17582=CARTESIAN_POINT('',(-203.,-107.,170.));
#17583=CARTESIAN_POINT('',(-203.,-107.,170.));
#17584=CARTESIAN_POINT('',(-203.,-107.,0.));
#17585=CARTESIAN_POINT('Origin',(-203.5,-107.5,0.));
#17586=CARTESIAN_POINT('',(-203.5,-107.5,0.));
#17587=CARTESIAN_POINT('',(-203.5,-107.5,0.));
#17588=CARTESIAN_POINT('',(-203.5,-107.5,170.));
#17589=CARTESIAN_POINT('',(-203.5,-107.5,170.));
#17590=CARTESIAN_POINT('',(-203.5,-107.5,0.));
#17591=CARTESIAN_POINT('Origin',(-208.5,-107.5,0.));
#17592=CARTESIAN_POINT('',(-208.5,-107.5,0.));
#17593=CARTESIAN_POINT('',(-208.5,-107.5,0.));
#17594=CARTESIAN_POINT('',(-208.5,-107.5,170.));
#17595=CARTESIAN_POINT('',(-208.5,-107.5,170.));
#17596=CARTESIAN_POINT('',(-208.5,-107.5,0.));
#17597=CARTESIAN_POINT('Origin',(-210.,-106.,0.));
#17598=CARTESIAN_POINT('',(-210.,-106.,0.));
#17599=CARTESIAN_POINT('',(-210.,-106.,0.));
#17600=CARTESIAN_POINT('',(-210.,-106.,170.));
#17601=CARTESIAN_POINT('',(-210.,-106.,170.));
#17602=CARTESIAN_POINT('',(-210.,-106.,0.));
#17603=CARTESIAN_POINT('Origin',(-210.,-101.,0.));
#17604=CARTESIAN_POINT('',(-210.,-101.,0.));
#17605=CARTESIAN_POINT('',(-210.,-101.,0.));
#17606=CARTESIAN_POINT('',(-210.,-101.,170.));
#17607=CARTESIAN_POINT('',(-210.,-101.,170.));
#17608=CARTESIAN_POINT('',(-210.,-101.,0.));
#17609=CARTESIAN_POINT('Origin',(-209.5,-100.5,0.));
#17610=CARTESIAN_POINT('',(-209.5,-100.5,0.));
#17611=CARTESIAN_POINT('',(-209.5,-100.5,0.));
#17612=CARTESIAN_POINT('',(-209.5,-100.5,170.));
#17613=CARTESIAN_POINT('',(-209.5,-100.5,170.));
#17614=CARTESIAN_POINT('',(-209.5,-100.5,0.));
#17615=CARTESIAN_POINT('Origin',(-208.5,-100.5,0.));
#17616=CARTESIAN_POINT('',(-208.5,-100.5,0.));
#17617=CARTESIAN_POINT('',(-208.5,-100.5,0.));
#17618=CARTESIAN_POINT('',(-208.5,-100.5,170.));
#17619=CARTESIAN_POINT('',(-208.5,-100.5,170.));
#17620=CARTESIAN_POINT('',(-208.5,-100.5,0.));
#17621=CARTESIAN_POINT('Origin',(-208.5,-102.25,0.));
#17622=CARTESIAN_POINT('',(-208.5,-102.25,0.));
#17623=CARTESIAN_POINT('',(-208.5,-102.25,0.));
#17624=CARTESIAN_POINT('',(-208.5,-102.25,170.));
#17625=CARTESIAN_POINT('',(-208.5,-102.25,170.));
#17626=CARTESIAN_POINT('',(-208.5,-102.25,0.));
#17627=CARTESIAN_POINT('Origin',(-206.,-102.25,0.));
#17628=CARTESIAN_POINT('',(-206.,-102.25,0.));
#17629=CARTESIAN_POINT('',(-206.,-102.25,0.));
#17630=CARTESIAN_POINT('',(-206.,-102.25,170.));
#17631=CARTESIAN_POINT('',(-206.,-102.25,170.));
#17632=CARTESIAN_POINT('',(-206.,-102.25,0.));
#17633=CARTESIAN_POINT('Origin',(-206.,-92.75,0.));
#17634=CARTESIAN_POINT('',(-206.,-92.75,0.));
#17635=CARTESIAN_POINT('',(-206.,-92.75,0.));
#17636=CARTESIAN_POINT('',(-206.,-92.75,170.));
#17637=CARTESIAN_POINT('',(-206.,-92.75,170.));
#17638=CARTESIAN_POINT('',(-206.,-92.75,0.));
#17639=CARTESIAN_POINT('Origin',(-208.5,-92.75,0.));
#17640=CARTESIAN_POINT('',(-208.5,-92.75,0.));
#17641=CARTESIAN_POINT('',(-208.5,-92.75,0.));
#17642=CARTESIAN_POINT('',(-208.5,-92.75,170.));
#17643=CARTESIAN_POINT('',(-208.5,-92.75,170.));
#17644=CARTESIAN_POINT('',(-208.5,-92.75,0.));
#17645=CARTESIAN_POINT('Origin',(-208.5,-94.5,0.));
#17646=CARTESIAN_POINT('',(-208.5,-94.5,0.));
#17647=CARTESIAN_POINT('',(-208.5,-94.5,0.));
#17648=CARTESIAN_POINT('',(-208.5,-94.5,170.));
#17649=CARTESIAN_POINT('',(-208.5,-94.5,170.));
#17650=CARTESIAN_POINT('',(-208.5,-94.5,0.));
#17651=CARTESIAN_POINT('Origin',(-209.5,-94.5,0.));
#17652=CARTESIAN_POINT('',(-209.5,-94.5,0.));
#17653=CARTESIAN_POINT('',(-209.5,-94.5,0.));
#17654=CARTESIAN_POINT('',(-209.5,-94.5,170.));
#17655=CARTESIAN_POINT('',(-209.5,-94.5,170.));
#17656=CARTESIAN_POINT('',(-209.5,-94.5,0.));
#17657=CARTESIAN_POINT('Origin',(-210.,-94.,0.));
#17658=CARTESIAN_POINT('',(-210.,-94.,0.));
#17659=CARTESIAN_POINT('',(-210.,-94.,0.));
#17660=CARTESIAN_POINT('',(-210.,-94.,170.));
#17661=CARTESIAN_POINT('',(-210.,-94.,170.));
#17662=CARTESIAN_POINT('',(-210.,-94.,0.));
#17663=CARTESIAN_POINT('Origin',(-210.,-89.,0.));
#17664=CARTESIAN_POINT('',(-210.,-89.,0.));
#17665=CARTESIAN_POINT('',(-210.,-89.,0.));
#17666=CARTESIAN_POINT('',(-210.,-89.,170.));
#17667=CARTESIAN_POINT('',(-210.,-89.,170.));
#17668=CARTESIAN_POINT('',(-210.,-89.,0.));
#17669=CARTESIAN_POINT('Origin',(-208.5,-87.5,0.));
#17670=CARTESIAN_POINT('',(-208.5,-87.5,0.));
#17671=CARTESIAN_POINT('',(-208.5,-87.5,0.));
#17672=CARTESIAN_POINT('',(-208.5,-87.5,170.));
#17673=CARTESIAN_POINT('',(-208.5,-87.5,170.));
#17674=CARTESIAN_POINT('',(-208.5,-87.5,0.));
#17675=CARTESIAN_POINT('Origin',(-203.5,-87.5,0.));
#17676=CARTESIAN_POINT('',(-203.5,-87.5,0.));
#17677=CARTESIAN_POINT('',(-203.5,-87.5,0.));
#17678=CARTESIAN_POINT('',(-203.5,-87.5,170.));
#17679=CARTESIAN_POINT('',(-203.5,-87.5,170.));
#17680=CARTESIAN_POINT('',(-203.5,-87.5,0.));
#17681=CARTESIAN_POINT('Origin',(-203.,-88.,0.));
#17682=CARTESIAN_POINT('',(-203.,-88.,0.));
#17683=CARTESIAN_POINT('',(-203.,-88.,0.));
#17684=CARTESIAN_POINT('',(-203.,-88.,170.));
#17685=CARTESIAN_POINT('',(-203.,-88.,170.));
#17686=CARTESIAN_POINT('',(-203.,-88.,0.));
#17687=CARTESIAN_POINT('Origin',(-203.,-89.,0.));
#17688=CARTESIAN_POINT('',(-203.,-89.,0.));
#17689=CARTESIAN_POINT('',(-203.,-89.,0.));
#17690=CARTESIAN_POINT('',(-203.,-89.,170.));
#17691=CARTESIAN_POINT('',(-203.,-89.,170.));
#17692=CARTESIAN_POINT('',(-203.,-89.,0.));
#17693=CARTESIAN_POINT('Origin',(-204.75,-89.,0.));
#17694=CARTESIAN_POINT('',(-204.75,-89.,0.));
#17695=CARTESIAN_POINT('',(-204.75,-89.,0.));
#17696=CARTESIAN_POINT('',(-204.75,-89.,170.));
#17697=CARTESIAN_POINT('',(-204.75,-89.,170.));
#17698=CARTESIAN_POINT('',(-204.75,-89.,0.));
#17699=CARTESIAN_POINT('Origin',(-204.75,-91.5,0.));
#17700=CARTESIAN_POINT('',(-204.75,-91.5,0.));
#17701=CARTESIAN_POINT('',(-204.75,-91.5,0.));
#17702=CARTESIAN_POINT('',(-204.75,-91.5,170.));
#17703=CARTESIAN_POINT('',(-204.75,-91.5,170.));
#17704=CARTESIAN_POINT('',(-204.75,-91.5,0.));
#17705=CARTESIAN_POINT('Origin',(-195.25,-91.5,0.));
#17706=CARTESIAN_POINT('',(-195.25,-91.5,0.));
#17707=CARTESIAN_POINT('',(-195.25,-91.5,0.));
#17708=CARTESIAN_POINT('',(-195.25,-91.5,170.));
#17709=CARTESIAN_POINT('',(-195.25,-91.5,170.));
#17710=CARTESIAN_POINT('',(-195.25,-91.5,0.));
#17711=CARTESIAN_POINT('Origin',(-195.25,-89.,0.));
#17712=CARTESIAN_POINT('',(-195.25,-89.,0.));
#17713=CARTESIAN_POINT('',(-195.25,-89.,0.));
#17714=CARTESIAN_POINT('',(-195.25,-89.,170.));
#17715=CARTESIAN_POINT('',(-195.25,-89.,170.));
#17716=CARTESIAN_POINT('',(-195.25,-89.,0.));
#17717=CARTESIAN_POINT('Origin',(-197.,-89.,0.));
#17718=CARTESIAN_POINT('',(-197.,-89.,0.));
#17719=CARTESIAN_POINT('',(-197.,-89.,0.));
#17720=CARTESIAN_POINT('',(-197.,-89.,170.));
#17721=CARTESIAN_POINT('',(-197.,-89.,170.));
#17722=CARTESIAN_POINT('',(-197.,-89.,0.));
#17723=CARTESIAN_POINT('Origin',(-197.,-88.,0.));
#17724=CARTESIAN_POINT('',(-197.,-88.,0.));
#17725=CARTESIAN_POINT('',(-197.,-88.,0.));
#17726=CARTESIAN_POINT('',(-197.,-88.,170.));
#17727=CARTESIAN_POINT('',(-197.,-88.,170.));
#17728=CARTESIAN_POINT('',(-197.,-88.,0.));
#17729=CARTESIAN_POINT('Origin',(-196.5,-87.5,0.));
#17730=CARTESIAN_POINT('',(-196.5,-87.5,0.));
#17731=CARTESIAN_POINT('',(-196.5,-87.5,0.));
#17732=CARTESIAN_POINT('',(-196.5,-87.5,170.));
#17733=CARTESIAN_POINT('',(-196.5,-87.5,170.));
#17734=CARTESIAN_POINT('',(-196.5,-87.5,0.));
#17735=CARTESIAN_POINT('Origin',(-191.5,-87.5,0.));
#17736=CARTESIAN_POINT('',(-191.5,-87.5,0.));
#17737=CARTESIAN_POINT('',(-191.5,-87.5,0.));
#17738=CARTESIAN_POINT('',(-191.5,-87.5,170.));
#17739=CARTESIAN_POINT('',(-191.5,-87.5,170.));
#17740=CARTESIAN_POINT('',(-191.5,-87.5,0.));
#17741=CARTESIAN_POINT('Origin',(-190.,-89.,0.));
#17742=CARTESIAN_POINT('',(-190.,-89.,0.));
#17743=CARTESIAN_POINT('',(-190.,-89.,170.));
#17744=CARTESIAN_POINT('Origin',(-200.,-97.5,170.));
#17745=CARTESIAN_POINT('Origin',(-200.,-97.5,0.));
#17746=CARTESIAN_POINT('Origin',(200.,-97.5,0.));
#17747=CARTESIAN_POINT('',(197.5,-97.5,170.));
#17748=CARTESIAN_POINT('Origin',(200.,-97.5,170.));
#17749=CARTESIAN_POINT('',(197.5,-97.5,0.));
#17750=CARTESIAN_POINT('',(197.5,-97.5,0.));
#17751=CARTESIAN_POINT('Origin',(200.,-97.5,0.));
#17752=CARTESIAN_POINT('Origin',(210.,-94.,0.));
#17753=CARTESIAN_POINT('',(210.,-94.,0.));
#17754=CARTESIAN_POINT('',(210.,-89.,0.));
#17755=CARTESIAN_POINT('',(210.,-94.,0.));
#17756=CARTESIAN_POINT('',(210.,-89.,170.));
#17757=CARTESIAN_POINT('',(210.,-89.,0.));
#17758=CARTESIAN_POINT('',(210.,-94.,170.));
#17759=CARTESIAN_POINT('',(210.,-94.,170.));
#17760=CARTESIAN_POINT('',(210.,-94.,0.));
#17761=CARTESIAN_POINT('Origin',(209.5,-94.5,0.));
#17762=CARTESIAN_POINT('',(209.5,-94.5,0.));
#17763=CARTESIAN_POINT('',(209.5,-94.5,0.));
#17764=CARTESIAN_POINT('',(209.5,-94.5,170.));
#17765=CARTESIAN_POINT('',(209.5,-94.5,170.));
#17766=CARTESIAN_POINT('',(209.5,-94.5,0.));
#17767=CARTESIAN_POINT('Origin',(208.5,-94.5,0.));
#17768=CARTESIAN_POINT('',(208.5,-94.5,0.));
#17769=CARTESIAN_POINT('',(208.5,-94.5,0.));
#17770=CARTESIAN_POINT('',(208.5,-94.5,170.));
#17771=CARTESIAN_POINT('',(208.5,-94.5,170.));
#17772=CARTESIAN_POINT('',(208.5,-94.5,0.));
#17773=CARTESIAN_POINT('Origin',(208.5,-92.75,0.));
#17774=CARTESIAN_POINT('',(208.5,-92.75,0.));
#17775=CARTESIAN_POINT('',(208.5,-92.75,0.));
#17776=CARTESIAN_POINT('',(208.5,-92.75,170.));
#17777=CARTESIAN_POINT('',(208.5,-92.75,170.));
#17778=CARTESIAN_POINT('',(208.5,-92.75,0.));
#17779=CARTESIAN_POINT('Origin',(206.,-92.75,0.));
#17780=CARTESIAN_POINT('',(206.,-92.75,0.));
#17781=CARTESIAN_POINT('',(206.,-92.75,0.));
#17782=CARTESIAN_POINT('',(206.,-92.75,170.));
#17783=CARTESIAN_POINT('',(206.,-92.75,170.));
#17784=CARTESIAN_POINT('',(206.,-92.75,0.));
#17785=CARTESIAN_POINT('Origin',(206.,-102.25,0.));
#17786=CARTESIAN_POINT('',(206.,-102.25,0.));
#17787=CARTESIAN_POINT('',(206.,-102.25,0.));
#17788=CARTESIAN_POINT('',(206.,-102.25,170.));
#17789=CARTESIAN_POINT('',(206.,-102.25,170.));
#17790=CARTESIAN_POINT('',(206.,-102.25,0.));
#17791=CARTESIAN_POINT('Origin',(208.5,-102.25,0.));
#17792=CARTESIAN_POINT('',(208.5,-102.25,0.));
#17793=CARTESIAN_POINT('',(208.5,-102.25,0.));
#17794=CARTESIAN_POINT('',(208.5,-102.25,170.));
#17795=CARTESIAN_POINT('',(208.5,-102.25,170.));
#17796=CARTESIAN_POINT('',(208.5,-102.25,0.));
#17797=CARTESIAN_POINT('Origin',(208.5,-100.5,0.));
#17798=CARTESIAN_POINT('',(208.5,-100.5,0.));
#17799=CARTESIAN_POINT('',(208.5,-100.5,0.));
#17800=CARTESIAN_POINT('',(208.5,-100.5,170.));
#17801=CARTESIAN_POINT('',(208.5,-100.5,170.));
#17802=CARTESIAN_POINT('',(208.5,-100.5,0.));
#17803=CARTESIAN_POINT('Origin',(209.5,-100.5,0.));
#17804=CARTESIAN_POINT('',(209.5,-100.5,0.));
#17805=CARTESIAN_POINT('',(209.5,-100.5,0.));
#17806=CARTESIAN_POINT('',(209.5,-100.5,170.));
#17807=CARTESIAN_POINT('',(209.5,-100.5,170.));
#17808=CARTESIAN_POINT('',(209.5,-100.5,0.));
#17809=CARTESIAN_POINT('Origin',(210.,-101.,0.));
#17810=CARTESIAN_POINT('',(210.,-101.,0.));
#17811=CARTESIAN_POINT('',(210.,-101.,0.));
#17812=CARTESIAN_POINT('',(210.,-101.,170.));
#17813=CARTESIAN_POINT('',(210.,-101.,170.));
#17814=CARTESIAN_POINT('',(210.,-101.,0.));
#17815=CARTESIAN_POINT('Origin',(210.,-106.,0.));
#17816=CARTESIAN_POINT('',(210.,-106.,0.));
#17817=CARTESIAN_POINT('',(210.,-106.,0.));
#17818=CARTESIAN_POINT('',(210.,-106.,170.));
#17819=CARTESIAN_POINT('',(210.,-106.,170.));
#17820=CARTESIAN_POINT('',(210.,-106.,0.));
#17821=CARTESIAN_POINT('Origin',(208.5,-107.5,0.));
#17822=CARTESIAN_POINT('',(208.5,-107.5,0.));
#17823=CARTESIAN_POINT('',(208.5,-107.5,0.));
#17824=CARTESIAN_POINT('',(208.5,-107.5,170.));
#17825=CARTESIAN_POINT('',(208.5,-107.5,170.));
#17826=CARTESIAN_POINT('',(208.5,-107.5,0.));
#17827=CARTESIAN_POINT('Origin',(203.5,-107.5,0.));
#17828=CARTESIAN_POINT('',(203.5,-107.5,0.));
#17829=CARTESIAN_POINT('',(203.5,-107.5,0.));
#17830=CARTESIAN_POINT('',(203.5,-107.5,170.));
#17831=CARTESIAN_POINT('',(203.5,-107.5,170.));
#17832=CARTESIAN_POINT('',(203.5,-107.5,0.));
#17833=CARTESIAN_POINT('Origin',(203.,-107.,0.));
#17834=CARTESIAN_POINT('',(203.,-107.,0.));
#17835=CARTESIAN_POINT('',(203.,-107.,0.));
#17836=CARTESIAN_POINT('',(203.,-107.,170.));
#17837=CARTESIAN_POINT('',(203.,-107.,170.));
#17838=CARTESIAN_POINT('',(203.,-107.,0.));
#17839=CARTESIAN_POINT('Origin',(203.,-106.,0.));
#17840=CARTESIAN_POINT('',(203.,-106.,0.));
#17841=CARTESIAN_POINT('',(203.,-106.,0.));
#17842=CARTESIAN_POINT('',(203.,-106.,170.));
#17843=CARTESIAN_POINT('',(203.,-106.,170.));
#17844=CARTESIAN_POINT('',(203.,-106.,0.));
#17845=CARTESIAN_POINT('Origin',(204.75,-106.,0.));
#17846=CARTESIAN_POINT('',(204.75,-106.,0.));
#17847=CARTESIAN_POINT('',(204.75,-106.,0.));
#17848=CARTESIAN_POINT('',(204.75,-106.,170.));
#17849=CARTESIAN_POINT('',(204.75,-106.,170.));
#17850=CARTESIAN_POINT('',(204.75,-106.,0.));
#17851=CARTESIAN_POINT('Origin',(204.75,-103.5,0.));
#17852=CARTESIAN_POINT('',(204.75,-103.5,0.));
#17853=CARTESIAN_POINT('',(204.75,-103.5,0.));
#17854=CARTESIAN_POINT('',(204.75,-103.5,170.));
#17855=CARTESIAN_POINT('',(204.75,-103.5,170.));
#17856=CARTESIAN_POINT('',(204.75,-103.5,0.));
#17857=CARTESIAN_POINT('Origin',(195.25,-103.5,0.));
#17858=CARTESIAN_POINT('',(195.25,-103.5,0.));
#17859=CARTESIAN_POINT('',(195.25,-103.5,0.));
#17860=CARTESIAN_POINT('',(195.25,-103.5,170.));
#17861=CARTESIAN_POINT('',(195.25,-103.5,170.));
#17862=CARTESIAN_POINT('',(195.25,-103.5,0.));
#17863=CARTESIAN_POINT('Origin',(195.25,-106.,0.));
#17864=CARTESIAN_POINT('',(195.25,-106.,0.));
#17865=CARTESIAN_POINT('',(195.25,-106.,0.));
#17866=CARTESIAN_POINT('',(195.25,-106.,170.));
#17867=CARTESIAN_POINT('',(195.25,-106.,170.));
#17868=CARTESIAN_POINT('',(195.25,-106.,0.));
#17869=CARTESIAN_POINT('Origin',(197.,-106.,0.));
#17870=CARTESIAN_POINT('',(197.,-106.,0.));
#17871=CARTESIAN_POINT('',(197.,-106.,0.));
#17872=CARTESIAN_POINT('',(197.,-106.,170.));
#17873=CARTESIAN_POINT('',(197.,-106.,170.));
#17874=CARTESIAN_POINT('',(197.,-106.,0.));
#17875=CARTESIAN_POINT('Origin',(197.,-107.,0.));
#17876=CARTESIAN_POINT('',(197.,-107.,0.));
#17877=CARTESIAN_POINT('',(197.,-107.,0.));
#17878=CARTESIAN_POINT('',(197.,-107.,170.));
#17879=CARTESIAN_POINT('',(197.,-107.,170.));
#17880=CARTESIAN_POINT('',(197.,-107.,0.));
#17881=CARTESIAN_POINT('Origin',(196.5,-107.5,0.));
#17882=CARTESIAN_POINT('',(196.5,-107.5,0.));
#17883=CARTESIAN_POINT('',(196.5,-107.5,0.));
#17884=CARTESIAN_POINT('',(196.5,-107.5,170.));
#17885=CARTESIAN_POINT('',(196.5,-107.5,170.));
#17886=CARTESIAN_POINT('',(196.5,-107.5,0.));
#17887=CARTESIAN_POINT('Origin',(191.5,-107.5,0.));
#17888=CARTESIAN_POINT('',(191.5,-107.5,0.));
#17889=CARTESIAN_POINT('',(191.5,-107.5,0.));
#17890=CARTESIAN_POINT('',(191.5,-107.5,170.));
#17891=CARTESIAN_POINT('',(191.5,-107.5,170.));
#17892=CARTESIAN_POINT('',(191.5,-107.5,0.));
#17893=CARTESIAN_POINT('Origin',(190.,-106.,0.));
#17894=CARTESIAN_POINT('',(190.,-106.,0.));
#17895=CARTESIAN_POINT('',(190.,-106.,0.));
#17896=CARTESIAN_POINT('',(190.,-106.,170.));
#17897=CARTESIAN_POINT('',(190.,-106.,170.));
#17898=CARTESIAN_POINT('',(190.,-106.,0.));
#17899=CARTESIAN_POINT('Origin',(190.,-101.,0.));
#17900=CARTESIAN_POINT('',(190.,-101.,0.));
#17901=CARTESIAN_POINT('',(190.,-101.,0.));
#17902=CARTESIAN_POINT('',(190.,-101.,170.));
#17903=CARTESIAN_POINT('',(190.,-101.,170.));
#17904=CARTESIAN_POINT('',(190.,-101.,0.));
#17905=CARTESIAN_POINT('Origin',(190.5,-100.5,0.));
#17906=CARTESIAN_POINT('',(190.5,-100.5,0.));
#17907=CARTESIAN_POINT('',(190.5,-100.5,0.));
#17908=CARTESIAN_POINT('',(190.5,-100.5,170.));
#17909=CARTESIAN_POINT('',(190.5,-100.5,170.));
#17910=CARTESIAN_POINT('',(190.5,-100.5,0.));
#17911=CARTESIAN_POINT('Origin',(191.5,-100.5,0.));
#17912=CARTESIAN_POINT('',(191.5,-100.5,0.));
#17913=CARTESIAN_POINT('',(191.5,-100.5,0.));
#17914=CARTESIAN_POINT('',(191.5,-100.5,170.));
#17915=CARTESIAN_POINT('',(191.5,-100.5,170.));
#17916=CARTESIAN_POINT('',(191.5,-100.5,0.));
#17917=CARTESIAN_POINT('Origin',(191.5,-102.25,0.));
#17918=CARTESIAN_POINT('',(191.5,-102.25,0.));
#17919=CARTESIAN_POINT('',(191.5,-102.25,0.));
#17920=CARTESIAN_POINT('',(191.5,-102.25,170.));
#17921=CARTESIAN_POINT('',(191.5,-102.25,170.));
#17922=CARTESIAN_POINT('',(191.5,-102.25,0.));
#17923=CARTESIAN_POINT('Origin',(194.,-102.25,0.));
#17924=CARTESIAN_POINT('',(194.,-102.25,0.));
#17925=CARTESIAN_POINT('',(194.,-102.25,0.));
#17926=CARTESIAN_POINT('',(194.,-102.25,170.));
#17927=CARTESIAN_POINT('',(194.,-102.25,170.));
#17928=CARTESIAN_POINT('',(194.,-102.25,0.));
#17929=CARTESIAN_POINT('Origin',(194.,-92.75,0.));
#17930=CARTESIAN_POINT('',(194.,-92.75,0.));
#17931=CARTESIAN_POINT('',(194.,-92.75,0.));
#17932=CARTESIAN_POINT('',(194.,-92.75,170.));
#17933=CARTESIAN_POINT('',(194.,-92.75,170.));
#17934=CARTESIAN_POINT('',(194.,-92.75,0.));
#17935=CARTESIAN_POINT('Origin',(191.5,-92.75,0.));
#17936=CARTESIAN_POINT('',(191.5,-92.75,0.));
#17937=CARTESIAN_POINT('',(191.5,-92.75,0.));
#17938=CARTESIAN_POINT('',(191.5,-92.75,170.));
#17939=CARTESIAN_POINT('',(191.5,-92.75,170.));
#17940=CARTESIAN_POINT('',(191.5,-92.75,0.));
#17941=CARTESIAN_POINT('Origin',(191.5,-94.5,0.));
#17942=CARTESIAN_POINT('',(191.5,-94.5,0.));
#17943=CARTESIAN_POINT('',(191.5,-94.5,0.));
#17944=CARTESIAN_POINT('',(191.5,-94.5,170.));
#17945=CARTESIAN_POINT('',(191.5,-94.5,170.));
#17946=CARTESIAN_POINT('',(191.5,-94.5,0.));
#17947=CARTESIAN_POINT('Origin',(190.5,-94.5,0.));
#17948=CARTESIAN_POINT('',(190.5,-94.5,0.));
#17949=CARTESIAN_POINT('',(190.5,-94.5,0.));
#17950=CARTESIAN_POINT('',(190.5,-94.5,170.));
#17951=CARTESIAN_POINT('',(190.5,-94.5,170.));
#17952=CARTESIAN_POINT('',(190.5,-94.5,0.));
#17953=CARTESIAN_POINT('Origin',(190.,-94.,0.));
#17954=CARTESIAN_POINT('',(190.,-94.,0.));
#17955=CARTESIAN_POINT('',(190.,-94.,0.));
#17956=CARTESIAN_POINT('',(190.,-94.,170.));
#17957=CARTESIAN_POINT('',(190.,-94.,170.));
#17958=CARTESIAN_POINT('',(190.,-94.,0.));
#17959=CARTESIAN_POINT('Origin',(190.,-89.,0.));
#17960=CARTESIAN_POINT('',(190.,-89.,0.));
#17961=CARTESIAN_POINT('',(190.,-89.,0.));
#17962=CARTESIAN_POINT('',(190.,-89.,170.));
#17963=CARTESIAN_POINT('',(190.,-89.,170.));
#17964=CARTESIAN_POINT('',(190.,-89.,0.));
#17965=CARTESIAN_POINT('Origin',(191.5,-87.5,0.));
#17966=CARTESIAN_POINT('',(191.5,-87.5,0.));
#17967=CARTESIAN_POINT('',(191.5,-87.5,0.));
#17968=CARTESIAN_POINT('',(191.5,-87.5,170.));
#17969=CARTESIAN_POINT('',(191.5,-87.5,170.));
#17970=CARTESIAN_POINT('',(191.5,-87.5,0.));
#17971=CARTESIAN_POINT('Origin',(196.5,-87.5,0.));
#17972=CARTESIAN_POINT('',(196.5,-87.5,0.));
#17973=CARTESIAN_POINT('',(196.5,-87.5,0.));
#17974=CARTESIAN_POINT('',(196.5,-87.5,170.));
#17975=CARTESIAN_POINT('',(196.5,-87.5,170.));
#17976=CARTESIAN_POINT('',(196.5,-87.5,0.));
#17977=CARTESIAN_POINT('Origin',(197.,-88.,0.));
#17978=CARTESIAN_POINT('',(197.,-88.,0.));
#17979=CARTESIAN_POINT('',(197.,-88.,0.));
#17980=CARTESIAN_POINT('',(197.,-88.,170.));
#17981=CARTESIAN_POINT('',(197.,-88.,170.));
#17982=CARTESIAN_POINT('',(197.,-88.,0.));
#17983=CARTESIAN_POINT('Origin',(197.,-89.,0.));
#17984=CARTESIAN_POINT('',(197.,-89.,0.));
#17985=CARTESIAN_POINT('',(197.,-89.,0.));
#17986=CARTESIAN_POINT('',(197.,-89.,170.));
#17987=CARTESIAN_POINT('',(197.,-89.,170.));
#17988=CARTESIAN_POINT('',(197.,-89.,0.));
#17989=CARTESIAN_POINT('Origin',(195.25,-89.,0.));
#17990=CARTESIAN_POINT('',(195.25,-89.,0.));
#17991=CARTESIAN_POINT('',(195.25,-89.,0.));
#17992=CARTESIAN_POINT('',(195.25,-89.,170.));
#17993=CARTESIAN_POINT('',(195.25,-89.,170.));
#17994=CARTESIAN_POINT('',(195.25,-89.,0.));
#17995=CARTESIAN_POINT('Origin',(195.25,-91.5,0.));
#17996=CARTESIAN_POINT('',(195.25,-91.5,0.));
#17997=CARTESIAN_POINT('',(195.25,-91.5,0.));
#17998=CARTESIAN_POINT('',(195.25,-91.5,170.));
#17999=CARTESIAN_POINT('',(195.25,-91.5,170.));
#18000=CARTESIAN_POINT('',(195.25,-91.5,0.));
#18001=CARTESIAN_POINT('Origin',(204.75,-91.5,0.));
#18002=CARTESIAN_POINT('',(204.75,-91.5,0.));
#18003=CARTESIAN_POINT('',(204.75,-91.5,0.));
#18004=CARTESIAN_POINT('',(204.75,-91.5,170.));
#18005=CARTESIAN_POINT('',(204.75,-91.5,170.));
#18006=CARTESIAN_POINT('',(204.75,-91.5,0.));
#18007=CARTESIAN_POINT('Origin',(204.75,-89.,0.));
#18008=CARTESIAN_POINT('',(204.75,-89.,0.));
#18009=CARTESIAN_POINT('',(204.75,-89.,0.));
#18010=CARTESIAN_POINT('',(204.75,-89.,170.));
#18011=CARTESIAN_POINT('',(204.75,-89.,170.));
#18012=CARTESIAN_POINT('',(204.75,-89.,0.));
#18013=CARTESIAN_POINT('Origin',(203.,-89.,0.));
#18014=CARTESIAN_POINT('',(203.,-89.,0.));
#18015=CARTESIAN_POINT('',(203.,-89.,0.));
#18016=CARTESIAN_POINT('',(203.,-89.,170.));
#18017=CARTESIAN_POINT('',(203.,-89.,170.));
#18018=CARTESIAN_POINT('',(203.,-89.,0.));
#18019=CARTESIAN_POINT('Origin',(203.,-88.,0.));
#18020=CARTESIAN_POINT('',(203.,-88.,0.));
#18021=CARTESIAN_POINT('',(203.,-88.,0.));
#18022=CARTESIAN_POINT('',(203.,-88.,170.));
#18023=CARTESIAN_POINT('',(203.,-88.,170.));
#18024=CARTESIAN_POINT('',(203.,-88.,0.));
#18025=CARTESIAN_POINT('Origin',(203.5,-87.5,0.));
#18026=CARTESIAN_POINT('',(203.5,-87.5,0.));
#18027=CARTESIAN_POINT('',(203.5,-87.5,0.));
#18028=CARTESIAN_POINT('',(203.5,-87.5,170.));
#18029=CARTESIAN_POINT('',(203.5,-87.5,170.));
#18030=CARTESIAN_POINT('',(203.5,-87.5,0.));
#18031=CARTESIAN_POINT('Origin',(208.5,-87.5,0.));
#18032=CARTESIAN_POINT('',(208.5,-87.5,0.));
#18033=CARTESIAN_POINT('',(208.5,-87.5,0.));
#18034=CARTESIAN_POINT('',(208.5,-87.5,170.));
#18035=CARTESIAN_POINT('',(208.5,-87.5,170.));
#18036=CARTESIAN_POINT('',(208.5,-87.5,0.));
#18037=CARTESIAN_POINT('Origin',(210.,-89.,0.));
#18038=CARTESIAN_POINT('',(210.,-89.,0.));
#18039=CARTESIAN_POINT('',(210.,-89.,170.));
#18040=CARTESIAN_POINT('Origin',(200.,-97.5,170.));
#18041=CARTESIAN_POINT('Origin',(200.,-97.5,0.));
#18042=CARTESIAN_POINT('Origin',(-200.,97.5,0.));
#18043=CARTESIAN_POINT('',(-202.5,97.5,170.));
#18044=CARTESIAN_POINT('Origin',(-200.,97.5,170.));
#18045=CARTESIAN_POINT('',(-202.5,97.5,0.));
#18046=CARTESIAN_POINT('',(-202.5,97.5,0.));
#18047=CARTESIAN_POINT('Origin',(-200.,97.5,0.));
#18048=CARTESIAN_POINT('Origin',(-190.,101.,0.));
#18049=CARTESIAN_POINT('',(-190.,101.,0.));
#18050=CARTESIAN_POINT('',(-190.,106.,0.));
#18051=CARTESIAN_POINT('',(-190.,101.,0.));
#18052=CARTESIAN_POINT('',(-190.,106.,170.));
#18053=CARTESIAN_POINT('',(-190.,106.,0.));
#18054=CARTESIAN_POINT('',(-190.,101.,170.));
#18055=CARTESIAN_POINT('',(-190.,101.,170.));
#18056=CARTESIAN_POINT('',(-190.,101.,0.));
#18057=CARTESIAN_POINT('Origin',(-190.5,100.5,0.));
#18058=CARTESIAN_POINT('',(-190.5,100.5,0.));
#18059=CARTESIAN_POINT('',(-190.5,100.5,0.));
#18060=CARTESIAN_POINT('',(-190.5,100.5,170.));
#18061=CARTESIAN_POINT('',(-190.5,100.5,170.));
#18062=CARTESIAN_POINT('',(-190.5,100.5,0.));
#18063=CARTESIAN_POINT('Origin',(-191.5,100.5,0.));
#18064=CARTESIAN_POINT('',(-191.5,100.5,0.));
#18065=CARTESIAN_POINT('',(-191.5,100.5,0.));
#18066=CARTESIAN_POINT('',(-191.5,100.5,170.));
#18067=CARTESIAN_POINT('',(-191.5,100.5,170.));
#18068=CARTESIAN_POINT('',(-191.5,100.5,0.));
#18069=CARTESIAN_POINT('Origin',(-191.5,102.25,0.));
#18070=CARTESIAN_POINT('',(-191.5,102.25,0.));
#18071=CARTESIAN_POINT('',(-191.5,102.25,0.));
#18072=CARTESIAN_POINT('',(-191.5,102.25,170.));
#18073=CARTESIAN_POINT('',(-191.5,102.25,170.));
#18074=CARTESIAN_POINT('',(-191.5,102.25,0.));
#18075=CARTESIAN_POINT('Origin',(-194.,102.25,0.));
#18076=CARTESIAN_POINT('',(-194.,102.25,0.));
#18077=CARTESIAN_POINT('',(-194.,102.25,0.));
#18078=CARTESIAN_POINT('',(-194.,102.25,170.));
#18079=CARTESIAN_POINT('',(-194.,102.25,170.));
#18080=CARTESIAN_POINT('',(-194.,102.25,0.));
#18081=CARTESIAN_POINT('Origin',(-194.,92.75,0.));
#18082=CARTESIAN_POINT('',(-194.,92.75,0.));
#18083=CARTESIAN_POINT('',(-194.,92.75,0.));
#18084=CARTESIAN_POINT('',(-194.,92.75,170.));
#18085=CARTESIAN_POINT('',(-194.,92.75,170.));
#18086=CARTESIAN_POINT('',(-194.,92.75,0.));
#18087=CARTESIAN_POINT('Origin',(-191.5,92.75,0.));
#18088=CARTESIAN_POINT('',(-191.5,92.75,0.));
#18089=CARTESIAN_POINT('',(-191.5,92.75,0.));
#18090=CARTESIAN_POINT('',(-191.5,92.75,170.));
#18091=CARTESIAN_POINT('',(-191.5,92.75,170.));
#18092=CARTESIAN_POINT('',(-191.5,92.75,0.));
#18093=CARTESIAN_POINT('Origin',(-191.5,94.5,0.));
#18094=CARTESIAN_POINT('',(-191.5,94.5,0.));
#18095=CARTESIAN_POINT('',(-191.5,94.5,0.));
#18096=CARTESIAN_POINT('',(-191.5,94.5,170.));
#18097=CARTESIAN_POINT('',(-191.5,94.5,170.));
#18098=CARTESIAN_POINT('',(-191.5,94.5,0.));
#18099=CARTESIAN_POINT('Origin',(-190.5,94.5,0.));
#18100=CARTESIAN_POINT('',(-190.5,94.5,0.));
#18101=CARTESIAN_POINT('',(-190.5,94.5,0.));
#18102=CARTESIAN_POINT('',(-190.5,94.5,170.));
#18103=CARTESIAN_POINT('',(-190.5,94.5,170.));
#18104=CARTESIAN_POINT('',(-190.5,94.5,0.));
#18105=CARTESIAN_POINT('Origin',(-190.,94.,0.));
#18106=CARTESIAN_POINT('',(-190.,94.,0.));
#18107=CARTESIAN_POINT('',(-190.,94.,0.));
#18108=CARTESIAN_POINT('',(-190.,94.,170.));
#18109=CARTESIAN_POINT('',(-190.,94.,170.));
#18110=CARTESIAN_POINT('',(-190.,94.,0.));
#18111=CARTESIAN_POINT('Origin',(-190.,89.,0.));
#18112=CARTESIAN_POINT('',(-190.,89.,0.));
#18113=CARTESIAN_POINT('',(-190.,89.,0.));
#18114=CARTESIAN_POINT('',(-190.,89.,170.));
#18115=CARTESIAN_POINT('',(-190.,89.,170.));
#18116=CARTESIAN_POINT('',(-190.,89.,0.));
#18117=CARTESIAN_POINT('Origin',(-191.5,87.5,0.));
#18118=CARTESIAN_POINT('',(-191.5,87.5,0.));
#18119=CARTESIAN_POINT('',(-191.5,87.5,0.));
#18120=CARTESIAN_POINT('',(-191.5,87.5,170.));
#18121=CARTESIAN_POINT('',(-191.5,87.5,170.));
#18122=CARTESIAN_POINT('',(-191.5,87.5,0.));
#18123=CARTESIAN_POINT('Origin',(-196.5,87.5,0.));
#18124=CARTESIAN_POINT('',(-196.5,87.5,0.));
#18125=CARTESIAN_POINT('',(-196.5,87.5,0.));
#18126=CARTESIAN_POINT('',(-196.5,87.5,170.));
#18127=CARTESIAN_POINT('',(-196.5,87.5,170.));
#18128=CARTESIAN_POINT('',(-196.5,87.5,0.));
#18129=CARTESIAN_POINT('Origin',(-197.,88.,0.));
#18130=CARTESIAN_POINT('',(-197.,88.,0.));
#18131=CARTESIAN_POINT('',(-197.,88.,0.));
#18132=CARTESIAN_POINT('',(-197.,88.,170.));
#18133=CARTESIAN_POINT('',(-197.,88.,170.));
#18134=CARTESIAN_POINT('',(-197.,88.,0.));
#18135=CARTESIAN_POINT('Origin',(-197.,89.,0.));
#18136=CARTESIAN_POINT('',(-197.,89.,0.));
#18137=CARTESIAN_POINT('',(-197.,89.,0.));
#18138=CARTESIAN_POINT('',(-197.,89.,170.));
#18139=CARTESIAN_POINT('',(-197.,89.,170.));
#18140=CARTESIAN_POINT('',(-197.,89.,0.));
#18141=CARTESIAN_POINT('Origin',(-195.25,89.,0.));
#18142=CARTESIAN_POINT('',(-195.25,89.,0.));
#18143=CARTESIAN_POINT('',(-195.25,89.,0.));
#18144=CARTESIAN_POINT('',(-195.25,89.,170.));
#18145=CARTESIAN_POINT('',(-195.25,89.,170.));
#18146=CARTESIAN_POINT('',(-195.25,89.,0.));
#18147=CARTESIAN_POINT('Origin',(-195.25,91.5,0.));
#18148=CARTESIAN_POINT('',(-195.25,91.5,0.));
#18149=CARTESIAN_POINT('',(-195.25,91.5,0.));
#18150=CARTESIAN_POINT('',(-195.25,91.5,170.));
#18151=CARTESIAN_POINT('',(-195.25,91.5,170.));
#18152=CARTESIAN_POINT('',(-195.25,91.5,0.));
#18153=CARTESIAN_POINT('Origin',(-204.75,91.5,0.));
#18154=CARTESIAN_POINT('',(-204.75,91.5,0.));
#18155=CARTESIAN_POINT('',(-204.75,91.5,0.));
#18156=CARTESIAN_POINT('',(-204.75,91.5,170.));
#18157=CARTESIAN_POINT('',(-204.75,91.5,170.));
#18158=CARTESIAN_POINT('',(-204.75,91.5,0.));
#18159=CARTESIAN_POINT('Origin',(-204.75,89.,0.));
#18160=CARTESIAN_POINT('',(-204.75,89.,0.));
#18161=CARTESIAN_POINT('',(-204.75,89.,0.));
#18162=CARTESIAN_POINT('',(-204.75,89.,170.));
#18163=CARTESIAN_POINT('',(-204.75,89.,170.));
#18164=CARTESIAN_POINT('',(-204.75,89.,0.));
#18165=CARTESIAN_POINT('Origin',(-203.,89.,0.));
#18166=CARTESIAN_POINT('',(-203.,89.,0.));
#18167=CARTESIAN_POINT('',(-203.,89.,0.));
#18168=CARTESIAN_POINT('',(-203.,89.,170.));
#18169=CARTESIAN_POINT('',(-203.,89.,170.));
#18170=CARTESIAN_POINT('',(-203.,89.,0.));
#18171=CARTESIAN_POINT('Origin',(-203.,88.,0.));
#18172=CARTESIAN_POINT('',(-203.,88.,0.));
#18173=CARTESIAN_POINT('',(-203.,88.,0.));
#18174=CARTESIAN_POINT('',(-203.,88.,170.));
#18175=CARTESIAN_POINT('',(-203.,88.,170.));
#18176=CARTESIAN_POINT('',(-203.,88.,0.));
#18177=CARTESIAN_POINT('Origin',(-203.5,87.5,0.));
#18178=CARTESIAN_POINT('',(-203.5,87.5,0.));
#18179=CARTESIAN_POINT('',(-203.5,87.5,0.));
#18180=CARTESIAN_POINT('',(-203.5,87.5,170.));
#18181=CARTESIAN_POINT('',(-203.5,87.5,170.));
#18182=CARTESIAN_POINT('',(-203.5,87.5,0.));
#18183=CARTESIAN_POINT('Origin',(-208.5,87.5,0.));
#18184=CARTESIAN_POINT('',(-208.5,87.5,0.));
#18185=CARTESIAN_POINT('',(-208.5,87.5,0.));
#18186=CARTESIAN_POINT('',(-208.5,87.5,170.));
#18187=CARTESIAN_POINT('',(-208.5,87.5,170.));
#18188=CARTESIAN_POINT('',(-208.5,87.5,0.));
#18189=CARTESIAN_POINT('Origin',(-210.,89.,0.));
#18190=CARTESIAN_POINT('',(-210.,89.,0.));
#18191=CARTESIAN_POINT('',(-210.,89.,0.));
#18192=CARTESIAN_POINT('',(-210.,89.,170.));
#18193=CARTESIAN_POINT('',(-210.,89.,170.));
#18194=CARTESIAN_POINT('',(-210.,89.,0.));
#18195=CARTESIAN_POINT('Origin',(-210.,94.,0.));
#18196=CARTESIAN_POINT('',(-210.,94.,0.));
#18197=CARTESIAN_POINT('',(-210.,94.,0.));
#18198=CARTESIAN_POINT('',(-210.,94.,170.));
#18199=CARTESIAN_POINT('',(-210.,94.,170.));
#18200=CARTESIAN_POINT('',(-210.,94.,0.));
#18201=CARTESIAN_POINT('Origin',(-209.5,94.5,0.));
#18202=CARTESIAN_POINT('',(-209.5,94.5,0.));
#18203=CARTESIAN_POINT('',(-209.5,94.5,0.));
#18204=CARTESIAN_POINT('',(-209.5,94.5,170.));
#18205=CARTESIAN_POINT('',(-209.5,94.5,170.));
#18206=CARTESIAN_POINT('',(-209.5,94.5,0.));
#18207=CARTESIAN_POINT('Origin',(-208.5,94.5,0.));
#18208=CARTESIAN_POINT('',(-208.5,94.5,0.));
#18209=CARTESIAN_POINT('',(-208.5,94.5,0.));
#18210=CARTESIAN_POINT('',(-208.5,94.5,170.));
#18211=CARTESIAN_POINT('',(-208.5,94.5,170.));
#18212=CARTESIAN_POINT('',(-208.5,94.5,0.));
#18213=CARTESIAN_POINT('Origin',(-208.5,92.75,0.));
#18214=CARTESIAN_POINT('',(-208.5,92.75,0.));
#18215=CARTESIAN_POINT('',(-208.5,92.75,0.));
#18216=CARTESIAN_POINT('',(-208.5,92.75,170.));
#18217=CARTESIAN_POINT('',(-208.5,92.75,170.));
#18218=CARTESIAN_POINT('',(-208.5,92.75,0.));
#18219=CARTESIAN_POINT('Origin',(-206.,92.75,0.));
#18220=CARTESIAN_POINT('',(-206.,92.75,0.));
#18221=CARTESIAN_POINT('',(-206.,92.75,0.));
#18222=CARTESIAN_POINT('',(-206.,92.75,170.));
#18223=CARTESIAN_POINT('',(-206.,92.75,170.));
#18224=CARTESIAN_POINT('',(-206.,92.75,0.));
#18225=CARTESIAN_POINT('Origin',(-206.,102.25,0.));
#18226=CARTESIAN_POINT('',(-206.,102.25,0.));
#18227=CARTESIAN_POINT('',(-206.,102.25,0.));
#18228=CARTESIAN_POINT('',(-206.,102.25,170.));
#18229=CARTESIAN_POINT('',(-206.,102.25,170.));
#18230=CARTESIAN_POINT('',(-206.,102.25,0.));
#18231=CARTESIAN_POINT('Origin',(-208.5,102.25,0.));
#18232=CARTESIAN_POINT('',(-208.5,102.25,0.));
#18233=CARTESIAN_POINT('',(-208.5,102.25,0.));
#18234=CARTESIAN_POINT('',(-208.5,102.25,170.));
#18235=CARTESIAN_POINT('',(-208.5,102.25,170.));
#18236=CARTESIAN_POINT('',(-208.5,102.25,0.));
#18237=CARTESIAN_POINT('Origin',(-208.5,100.5,0.));
#18238=CARTESIAN_POINT('',(-208.5,100.5,0.));
#18239=CARTESIAN_POINT('',(-208.5,100.5,0.));
#18240=CARTESIAN_POINT('',(-208.5,100.5,170.));
#18241=CARTESIAN_POINT('',(-208.5,100.5,170.));
#18242=CARTESIAN_POINT('',(-208.5,100.5,0.));
#18243=CARTESIAN_POINT('Origin',(-209.5,100.5,0.));
#18244=CARTESIAN_POINT('',(-209.5,100.5,0.));
#18245=CARTESIAN_POINT('',(-209.5,100.5,0.));
#18246=CARTESIAN_POINT('',(-209.5,100.5,170.));
#18247=CARTESIAN_POINT('',(-209.5,100.5,170.));
#18248=CARTESIAN_POINT('',(-209.5,100.5,0.));
#18249=CARTESIAN_POINT('Origin',(-210.,101.,0.));
#18250=CARTESIAN_POINT('',(-210.,101.,0.));
#18251=CARTESIAN_POINT('',(-210.,101.,0.));
#18252=CARTESIAN_POINT('',(-210.,101.,170.));
#18253=CARTESIAN_POINT('',(-210.,101.,170.));
#18254=CARTESIAN_POINT('',(-210.,101.,0.));
#18255=CARTESIAN_POINT('Origin',(-210.,106.,0.));
#18256=CARTESIAN_POINT('',(-210.,106.,0.));
#18257=CARTESIAN_POINT('',(-210.,106.,0.));
#18258=CARTESIAN_POINT('',(-210.,106.,170.));
#18259=CARTESIAN_POINT('',(-210.,106.,170.));
#18260=CARTESIAN_POINT('',(-210.,106.,0.));
#18261=CARTESIAN_POINT('Origin',(-208.5,107.5,0.));
#18262=CARTESIAN_POINT('',(-208.5,107.5,0.));
#18263=CARTESIAN_POINT('',(-208.5,107.5,0.));
#18264=CARTESIAN_POINT('',(-208.5,107.5,170.));
#18265=CARTESIAN_POINT('',(-208.5,107.5,170.));
#18266=CARTESIAN_POINT('',(-208.5,107.5,0.));
#18267=CARTESIAN_POINT('Origin',(-203.5,107.5,0.));
#18268=CARTESIAN_POINT('',(-203.5,107.5,0.));
#18269=CARTESIAN_POINT('',(-203.5,107.5,0.));
#18270=CARTESIAN_POINT('',(-203.5,107.5,170.));
#18271=CARTESIAN_POINT('',(-203.5,107.5,170.));
#18272=CARTESIAN_POINT('',(-203.5,107.5,0.));
#18273=CARTESIAN_POINT('Origin',(-203.,107.,0.));
#18274=CARTESIAN_POINT('',(-203.,107.,0.));
#18275=CARTESIAN_POINT('',(-203.,107.,0.));
#18276=CARTESIAN_POINT('',(-203.,107.,170.));
#18277=CARTESIAN_POINT('',(-203.,107.,170.));
#18278=CARTESIAN_POINT('',(-203.,107.,0.));
#18279=CARTESIAN_POINT('Origin',(-203.,106.,0.));
#18280=CARTESIAN_POINT('',(-203.,106.,0.));
#18281=CARTESIAN_POINT('',(-203.,106.,0.));
#18282=CARTESIAN_POINT('',(-203.,106.,170.));
#18283=CARTESIAN_POINT('',(-203.,106.,170.));
#18284=CARTESIAN_POINT('',(-203.,106.,0.));
#18285=CARTESIAN_POINT('Origin',(-204.75,106.,0.));
#18286=CARTESIAN_POINT('',(-204.75,106.,0.));
#18287=CARTESIAN_POINT('',(-204.75,106.,0.));
#18288=CARTESIAN_POINT('',(-204.75,106.,170.));
#18289=CARTESIAN_POINT('',(-204.75,106.,170.));
#18290=CARTESIAN_POINT('',(-204.75,106.,0.));
#18291=CARTESIAN_POINT('Origin',(-204.75,103.5,0.));
#18292=CARTESIAN_POINT('',(-204.75,103.5,0.));
#18293=CARTESIAN_POINT('',(-204.75,103.5,0.));
#18294=CARTESIAN_POINT('',(-204.75,103.5,170.));
#18295=CARTESIAN_POINT('',(-204.75,103.5,170.));
#18296=CARTESIAN_POINT('',(-204.75,103.5,0.));
#18297=CARTESIAN_POINT('Origin',(-195.25,103.5,0.));
#18298=CARTESIAN_POINT('',(-195.25,103.5,0.));
#18299=CARTESIAN_POINT('',(-195.25,103.5,0.));
#18300=CARTESIAN_POINT('',(-195.25,103.5,170.));
#18301=CARTESIAN_POINT('',(-195.25,103.5,170.));
#18302=CARTESIAN_POINT('',(-195.25,103.5,0.));
#18303=CARTESIAN_POINT('Origin',(-195.25,106.,0.));
#18304=CARTESIAN_POINT('',(-195.25,106.,0.));
#18305=CARTESIAN_POINT('',(-195.25,106.,0.));
#18306=CARTESIAN_POINT('',(-195.25,106.,170.));
#18307=CARTESIAN_POINT('',(-195.25,106.,170.));
#18308=CARTESIAN_POINT('',(-195.25,106.,0.));
#18309=CARTESIAN_POINT('Origin',(-197.,106.,0.));
#18310=CARTESIAN_POINT('',(-197.,106.,0.));
#18311=CARTESIAN_POINT('',(-197.,106.,0.));
#18312=CARTESIAN_POINT('',(-197.,106.,170.));
#18313=CARTESIAN_POINT('',(-197.,106.,170.));
#18314=CARTESIAN_POINT('',(-197.,106.,0.));
#18315=CARTESIAN_POINT('Origin',(-197.,107.,0.));
#18316=CARTESIAN_POINT('',(-197.,107.,0.));
#18317=CARTESIAN_POINT('',(-197.,107.,0.));
#18318=CARTESIAN_POINT('',(-197.,107.,170.));
#18319=CARTESIAN_POINT('',(-197.,107.,170.));
#18320=CARTESIAN_POINT('',(-197.,107.,0.));
#18321=CARTESIAN_POINT('Origin',(-196.5,107.5,0.));
#18322=CARTESIAN_POINT('',(-196.5,107.5,0.));
#18323=CARTESIAN_POINT('',(-196.5,107.5,0.));
#18324=CARTESIAN_POINT('',(-196.5,107.5,170.));
#18325=CARTESIAN_POINT('',(-196.5,107.5,170.));
#18326=CARTESIAN_POINT('',(-196.5,107.5,0.));
#18327=CARTESIAN_POINT('Origin',(-191.5,107.5,0.));
#18328=CARTESIAN_POINT('',(-191.5,107.5,0.));
#18329=CARTESIAN_POINT('',(-191.5,107.5,0.));
#18330=CARTESIAN_POINT('',(-191.5,107.5,170.));
#18331=CARTESIAN_POINT('',(-191.5,107.5,170.));
#18332=CARTESIAN_POINT('',(-191.5,107.5,0.));
#18333=CARTESIAN_POINT('Origin',(-190.,106.,0.));
#18334=CARTESIAN_POINT('',(-190.,106.,0.));
#18335=CARTESIAN_POINT('',(-190.,106.,170.));
#18336=CARTESIAN_POINT('Origin',(-200.,97.5,170.));
#18337=CARTESIAN_POINT('Origin',(-200.,97.5,0.));
#18338=CARTESIAN_POINT('Origin',(200.,97.5,0.));
#18339=CARTESIAN_POINT('',(197.5,97.5,170.));
#18340=CARTESIAN_POINT('Origin',(200.,97.5,170.));
#18341=CARTESIAN_POINT('',(197.5,97.5,0.));
#18342=CARTESIAN_POINT('',(197.5,97.5,0.));
#18343=CARTESIAN_POINT('Origin',(200.,97.5,0.));
#18344=CARTESIAN_POINT('Origin',(210.,101.,0.));
#18345=CARTESIAN_POINT('',(210.,101.,0.));
#18346=CARTESIAN_POINT('',(210.,106.,0.));
#18347=CARTESIAN_POINT('',(210.,101.,0.));
#18348=CARTESIAN_POINT('',(210.,106.,170.));
#18349=CARTESIAN_POINT('',(210.,106.,0.));
#18350=CARTESIAN_POINT('',(210.,101.,170.));
#18351=CARTESIAN_POINT('',(210.,101.,170.));
#18352=CARTESIAN_POINT('',(210.,101.,0.));
#18353=CARTESIAN_POINT('Origin',(209.5,100.5,0.));
#18354=CARTESIAN_POINT('',(209.5,100.5,0.));
#18355=CARTESIAN_POINT('',(209.5,100.5,0.));
#18356=CARTESIAN_POINT('',(209.5,100.5,170.));
#18357=CARTESIAN_POINT('',(209.5,100.5,170.));
#18358=CARTESIAN_POINT('',(209.5,100.5,0.));
#18359=CARTESIAN_POINT('Origin',(208.5,100.5,0.));
#18360=CARTESIAN_POINT('',(208.5,100.5,0.));
#18361=CARTESIAN_POINT('',(208.5,100.5,0.));
#18362=CARTESIAN_POINT('',(208.5,100.5,170.));
#18363=CARTESIAN_POINT('',(208.5,100.5,170.));
#18364=CARTESIAN_POINT('',(208.5,100.5,0.));
#18365=CARTESIAN_POINT('Origin',(208.5,102.25,0.));
#18366=CARTESIAN_POINT('',(208.5,102.25,0.));
#18367=CARTESIAN_POINT('',(208.5,102.25,0.));
#18368=CARTESIAN_POINT('',(208.5,102.25,170.));
#18369=CARTESIAN_POINT('',(208.5,102.25,170.));
#18370=CARTESIAN_POINT('',(208.5,102.25,0.));
#18371=CARTESIAN_POINT('Origin',(206.,102.25,0.));
#18372=CARTESIAN_POINT('',(206.,102.25,0.));
#18373=CARTESIAN_POINT('',(206.,102.25,0.));
#18374=CARTESIAN_POINT('',(206.,102.25,170.));
#18375=CARTESIAN_POINT('',(206.,102.25,170.));
#18376=CARTESIAN_POINT('',(206.,102.25,0.));
#18377=CARTESIAN_POINT('Origin',(206.,92.75,0.));
#18378=CARTESIAN_POINT('',(206.,92.75,0.));
#18379=CARTESIAN_POINT('',(206.,92.75,0.));
#18380=CARTESIAN_POINT('',(206.,92.75,170.));
#18381=CARTESIAN_POINT('',(206.,92.75,170.));
#18382=CARTESIAN_POINT('',(206.,92.75,0.));
#18383=CARTESIAN_POINT('Origin',(208.5,92.75,0.));
#18384=CARTESIAN_POINT('',(208.5,92.75,0.));
#18385=CARTESIAN_POINT('',(208.5,92.75,0.));
#18386=CARTESIAN_POINT('',(208.5,92.75,170.));
#18387=CARTESIAN_POINT('',(208.5,92.75,170.));
#18388=CARTESIAN_POINT('',(208.5,92.75,0.));
#18389=CARTESIAN_POINT('Origin',(208.5,94.5,0.));
#18390=CARTESIAN_POINT('',(208.5,94.5,0.));
#18391=CARTESIAN_POINT('',(208.5,94.5,0.));
#18392=CARTESIAN_POINT('',(208.5,94.5,170.));
#18393=CARTESIAN_POINT('',(208.5,94.5,170.));
#18394=CARTESIAN_POINT('',(208.5,94.5,0.));
#18395=CARTESIAN_POINT('Origin',(209.5,94.5,0.));
#18396=CARTESIAN_POINT('',(209.5,94.5,0.));
#18397=CARTESIAN_POINT('',(209.5,94.5,0.));
#18398=CARTESIAN_POINT('',(209.5,94.5,170.));
#18399=CARTESIAN_POINT('',(209.5,94.5,170.));
#18400=CARTESIAN_POINT('',(209.5,94.5,0.));
#18401=CARTESIAN_POINT('Origin',(210.,94.,0.));
#18402=CARTESIAN_POINT('',(210.,94.,0.));
#18403=CARTESIAN_POINT('',(210.,94.,0.));
#18404=CARTESIAN_POINT('',(210.,94.,170.));
#18405=CARTESIAN_POINT('',(210.,94.,170.));
#18406=CARTESIAN_POINT('',(210.,94.,0.));
#18407=CARTESIAN_POINT('Origin',(210.,89.,0.));
#18408=CARTESIAN_POINT('',(210.,89.,0.));
#18409=CARTESIAN_POINT('',(210.,89.,0.));
#18410=CARTESIAN_POINT('',(210.,89.,170.));
#18411=CARTESIAN_POINT('',(210.,89.,170.));
#18412=CARTESIAN_POINT('',(210.,89.,0.));
#18413=CARTESIAN_POINT('Origin',(208.5,87.5,0.));
#18414=CARTESIAN_POINT('',(208.5,87.5,0.));
#18415=CARTESIAN_POINT('',(208.5,87.5,0.));
#18416=CARTESIAN_POINT('',(208.5,87.5,170.));
#18417=CARTESIAN_POINT('',(208.5,87.5,170.));
#18418=CARTESIAN_POINT('',(208.5,87.5,0.));
#18419=CARTESIAN_POINT('Origin',(203.5,87.5,0.));
#18420=CARTESIAN_POINT('',(203.5,87.5,0.));
#18421=CARTESIAN_POINT('',(203.5,87.5,0.));
#18422=CARTESIAN_POINT('',(203.5,87.5,170.));
#18423=CARTESIAN_POINT('',(203.5,87.5,170.));
#18424=CARTESIAN_POINT('',(203.5,87.5,0.));
#18425=CARTESIAN_POINT('Origin',(203.,88.,0.));
#18426=CARTESIAN_POINT('',(203.,88.,0.));
#18427=CARTESIAN_POINT('',(203.,88.,0.));
#18428=CARTESIAN_POINT('',(203.,88.,170.));
#18429=CARTESIAN_POINT('',(203.,88.,170.));
#18430=CARTESIAN_POINT('',(203.,88.,0.));
#18431=CARTESIAN_POINT('Origin',(203.,89.,0.));
#18432=CARTESIAN_POINT('',(203.,89.,0.));
#18433=CARTESIAN_POINT('',(203.,89.,0.));
#18434=CARTESIAN_POINT('',(203.,89.,170.));
#18435=CARTESIAN_POINT('',(203.,89.,170.));
#18436=CARTESIAN_POINT('',(203.,89.,0.));
#18437=CARTESIAN_POINT('Origin',(204.75,89.,0.));
#18438=CARTESIAN_POINT('',(204.75,89.,0.));
#18439=CARTESIAN_POINT('',(204.75,89.,0.));
#18440=CARTESIAN_POINT('',(204.75,89.,170.));
#18441=CARTESIAN_POINT('',(204.75,89.,170.));
#18442=CARTESIAN_POINT('',(204.75,89.,0.));
#18443=CARTESIAN_POINT('Origin',(204.75,91.5,0.));
#18444=CARTESIAN_POINT('',(204.75,91.5,0.));
#18445=CARTESIAN_POINT('',(204.75,91.5,0.));
#18446=CARTESIAN_POINT('',(204.75,91.5,170.));
#18447=CARTESIAN_POINT('',(204.75,91.5,170.));
#18448=CARTESIAN_POINT('',(204.75,91.5,0.));
#18449=CARTESIAN_POINT('Origin',(195.25,91.5,0.));
#18450=CARTESIAN_POINT('',(195.25,91.5,0.));
#18451=CARTESIAN_POINT('',(195.25,91.5,0.));
#18452=CARTESIAN_POINT('',(195.25,91.5,170.));
#18453=CARTESIAN_POINT('',(195.25,91.5,170.));
#18454=CARTESIAN_POINT('',(195.25,91.5,0.));
#18455=CARTESIAN_POINT('Origin',(195.25,89.,0.));
#18456=CARTESIAN_POINT('',(195.25,89.,0.));
#18457=CARTESIAN_POINT('',(195.25,89.,0.));
#18458=CARTESIAN_POINT('',(195.25,89.,170.));
#18459=CARTESIAN_POINT('',(195.25,89.,170.));
#18460=CARTESIAN_POINT('',(195.25,89.,0.));
#18461=CARTESIAN_POINT('Origin',(197.,89.,0.));
#18462=CARTESIAN_POINT('',(197.,89.,0.));
#18463=CARTESIAN_POINT('',(197.,89.,0.));
#18464=CARTESIAN_POINT('',(197.,89.,170.));
#18465=CARTESIAN_POINT('',(197.,89.,170.));
#18466=CARTESIAN_POINT('',(197.,89.,0.));
#18467=CARTESIAN_POINT('Origin',(197.,88.,0.));
#18468=CARTESIAN_POINT('',(197.,88.,0.));
#18469=CARTESIAN_POINT('',(197.,88.,0.));
#18470=CARTESIAN_POINT('',(197.,88.,170.));
#18471=CARTESIAN_POINT('',(197.,88.,170.));
#18472=CARTESIAN_POINT('',(197.,88.,0.));
#18473=CARTESIAN_POINT('Origin',(196.5,87.5,0.));
#18474=CARTESIAN_POINT('',(196.5,87.5,0.));
#18475=CARTESIAN_POINT('',(196.5,87.5,0.));
#18476=CARTESIAN_POINT('',(196.5,87.5,170.));
#18477=CARTESIAN_POINT('',(196.5,87.5,170.));
#18478=CARTESIAN_POINT('',(196.5,87.5,0.));
#18479=CARTESIAN_POINT('Origin',(191.5,87.5,0.));
#18480=CARTESIAN_POINT('',(191.5,87.5,0.));
#18481=CARTESIAN_POINT('',(191.5,87.5,0.));
#18482=CARTESIAN_POINT('',(191.5,87.5,170.));
#18483=CARTESIAN_POINT('',(191.5,87.5,170.));
#18484=CARTESIAN_POINT('',(191.5,87.5,0.));
#18485=CARTESIAN_POINT('Origin',(190.,89.,0.));
#18486=CARTESIAN_POINT('',(190.,89.,0.));
#18487=CARTESIAN_POINT('',(190.,89.,0.));
#18488=CARTESIAN_POINT('',(190.,89.,170.));
#18489=CARTESIAN_POINT('',(190.,89.,170.));
#18490=CARTESIAN_POINT('',(190.,89.,0.));
#18491=CARTESIAN_POINT('Origin',(190.,94.,0.));
#18492=CARTESIAN_POINT('',(190.,94.,0.));
#18493=CARTESIAN_POINT('',(190.,94.,0.));
#18494=CARTESIAN_POINT('',(190.,94.,170.));
#18495=CARTESIAN_POINT('',(190.,94.,170.));
#18496=CARTESIAN_POINT('',(190.,94.,0.));
#18497=CARTESIAN_POINT('Origin',(190.5,94.5,0.));
#18498=CARTESIAN_POINT('',(190.5,94.5,0.));
#18499=CARTESIAN_POINT('',(190.5,94.5,0.));
#18500=CARTESIAN_POINT('',(190.5,94.5,170.));
#18501=CARTESIAN_POINT('',(190.5,94.5,170.));
#18502=CARTESIAN_POINT('',(190.5,94.5,0.));
#18503=CARTESIAN_POINT('Origin',(191.5,94.5,0.));
#18504=CARTESIAN_POINT('',(191.5,94.5,0.));
#18505=CARTESIAN_POINT('',(191.5,94.5,0.));
#18506=CARTESIAN_POINT('',(191.5,94.5,170.));
#18507=CARTESIAN_POINT('',(191.5,94.5,170.));
#18508=CARTESIAN_POINT('',(191.5,94.5,0.));
#18509=CARTESIAN_POINT('Origin',(191.5,92.75,0.));
#18510=CARTESIAN_POINT('',(191.5,92.75,0.));
#18511=CARTESIAN_POINT('',(191.5,92.75,0.));
#18512=CARTESIAN_POINT('',(191.5,92.75,170.));
#18513=CARTESIAN_POINT('',(191.5,92.75,170.));
#18514=CARTESIAN_POINT('',(191.5,92.75,0.));
#18515=CARTESIAN_POINT('Origin',(194.,92.75,0.));
#18516=CARTESIAN_POINT('',(194.,92.75,0.));
#18517=CARTESIAN_POINT('',(194.,92.75,0.));
#18518=CARTESIAN_POINT('',(194.,92.75,170.));
#18519=CARTESIAN_POINT('',(194.,92.75,170.));
#18520=CARTESIAN_POINT('',(194.,92.75,0.));
#18521=CARTESIAN_POINT('Origin',(194.,102.25,0.));
#18522=CARTESIAN_POINT('',(194.,102.25,0.));
#18523=CARTESIAN_POINT('',(194.,102.25,0.));
#18524=CARTESIAN_POINT('',(194.,102.25,170.));
#18525=CARTESIAN_POINT('',(194.,102.25,170.));
#18526=CARTESIAN_POINT('',(194.,102.25,0.));
#18527=CARTESIAN_POINT('Origin',(191.5,102.25,0.));
#18528=CARTESIAN_POINT('',(191.5,102.25,0.));
#18529=CARTESIAN_POINT('',(191.5,102.25,0.));
#18530=CARTESIAN_POINT('',(191.5,102.25,170.));
#18531=CARTESIAN_POINT('',(191.5,102.25,170.));
#18532=CARTESIAN_POINT('',(191.5,102.25,0.));
#18533=CARTESIAN_POINT('Origin',(191.5,100.5,0.));
#18534=CARTESIAN_POINT('',(191.5,100.5,0.));
#18535=CARTESIAN_POINT('',(191.5,100.5,0.));
#18536=CARTESIAN_POINT('',(191.5,100.5,170.));
#18537=CARTESIAN_POINT('',(191.5,100.5,170.));
#18538=CARTESIAN_POINT('',(191.5,100.5,0.));
#18539=CARTESIAN_POINT('Origin',(190.5,100.5,0.));
#18540=CARTESIAN_POINT('',(190.5,100.5,0.));
#18541=CARTESIAN_POINT('',(190.5,100.5,0.));
#18542=CARTESIAN_POINT('',(190.5,100.5,170.));
#18543=CARTESIAN_POINT('',(190.5,100.5,170.));
#18544=CARTESIAN_POINT('',(190.5,100.5,0.));
#18545=CARTESIAN_POINT('Origin',(190.,101.,0.));
#18546=CARTESIAN_POINT('',(190.,101.,0.));
#18547=CARTESIAN_POINT('',(190.,101.,0.));
#18548=CARTESIAN_POINT('',(190.,101.,170.));
#18549=CARTESIAN_POINT('',(190.,101.,170.));
#18550=CARTESIAN_POINT('',(190.,101.,0.));
#18551=CARTESIAN_POINT('Origin',(190.,106.,0.));
#18552=CARTESIAN_POINT('',(190.,106.,0.));
#18553=CARTESIAN_POINT('',(190.,106.,0.));
#18554=CARTESIAN_POINT('',(190.,106.,170.));
#18555=CARTESIAN_POINT('',(190.,106.,170.));
#18556=CARTESIAN_POINT('',(190.,106.,0.));
#18557=CARTESIAN_POINT('Origin',(191.5,107.5,0.));
#18558=CARTESIAN_POINT('',(191.5,107.5,0.));
#18559=CARTESIAN_POINT('',(191.5,107.5,0.));
#18560=CARTESIAN_POINT('',(191.5,107.5,170.));
#18561=CARTESIAN_POINT('',(191.5,107.5,170.));
#18562=CARTESIAN_POINT('',(191.5,107.5,0.));
#18563=CARTESIAN_POINT('Origin',(196.5,107.5,0.));
#18564=CARTESIAN_POINT('',(196.5,107.5,0.));
#18565=CARTESIAN_POINT('',(196.5,107.5,0.));
#18566=CARTESIAN_POINT('',(196.5,107.5,170.));
#18567=CARTESIAN_POINT('',(196.5,107.5,170.));
#18568=CARTESIAN_POINT('',(196.5,107.5,0.));
#18569=CARTESIAN_POINT('Origin',(197.,107.,0.));
#18570=CARTESIAN_POINT('',(197.,107.,0.));
#18571=CARTESIAN_POINT('',(197.,107.,0.));
#18572=CARTESIAN_POINT('',(197.,107.,170.));
#18573=CARTESIAN_POINT('',(197.,107.,170.));
#18574=CARTESIAN_POINT('',(197.,107.,0.));
#18575=CARTESIAN_POINT('Origin',(197.,106.,0.));
#18576=CARTESIAN_POINT('',(197.,106.,0.));
#18577=CARTESIAN_POINT('',(197.,106.,0.));
#18578=CARTESIAN_POINT('',(197.,106.,170.));
#18579=CARTESIAN_POINT('',(197.,106.,170.));
#18580=CARTESIAN_POINT('',(197.,106.,0.));
#18581=CARTESIAN_POINT('Origin',(195.25,106.,0.));
#18582=CARTESIAN_POINT('',(195.25,106.,0.));
#18583=CARTESIAN_POINT('',(195.25,106.,0.));
#18584=CARTESIAN_POINT('',(195.25,106.,170.));
#18585=CARTESIAN_POINT('',(195.25,106.,170.));
#18586=CARTESIAN_POINT('',(195.25,106.,0.));
#18587=CARTESIAN_POINT('Origin',(195.25,103.5,0.));
#18588=CARTESIAN_POINT('',(195.25,103.5,0.));
#18589=CARTESIAN_POINT('',(195.25,103.5,0.));
#18590=CARTESIAN_POINT('',(195.25,103.5,170.));
#18591=CARTESIAN_POINT('',(195.25,103.5,170.));
#18592=CARTESIAN_POINT('',(195.25,103.5,0.));
#18593=CARTESIAN_POINT('Origin',(204.75,103.5,0.));
#18594=CARTESIAN_POINT('',(204.75,103.5,0.));
#18595=CARTESIAN_POINT('',(204.75,103.5,0.));
#18596=CARTESIAN_POINT('',(204.75,103.5,170.));
#18597=CARTESIAN_POINT('',(204.75,103.5,170.));
#18598=CARTESIAN_POINT('',(204.75,103.5,0.));
#18599=CARTESIAN_POINT('Origin',(204.75,106.,0.));
#18600=CARTESIAN_POINT('',(204.75,106.,0.));
#18601=CARTESIAN_POINT('',(204.75,106.,0.));
#18602=CARTESIAN_POINT('',(204.75,106.,170.));
#18603=CARTESIAN_POINT('',(204.75,106.,170.));
#18604=CARTESIAN_POINT('',(204.75,106.,0.));
#18605=CARTESIAN_POINT('Origin',(203.,106.,0.));
#18606=CARTESIAN_POINT('',(203.,106.,0.));
#18607=CARTESIAN_POINT('',(203.,106.,0.));
#18608=CARTESIAN_POINT('',(203.,106.,170.));
#18609=CARTESIAN_POINT('',(203.,106.,170.));
#18610=CARTESIAN_POINT('',(203.,106.,0.));
#18611=CARTESIAN_POINT('Origin',(203.,107.,0.));
#18612=CARTESIAN_POINT('',(203.,107.,0.));
#18613=CARTESIAN_POINT('',(203.,107.,0.));
#18614=CARTESIAN_POINT('',(203.,107.,170.));
#18615=CARTESIAN_POINT('',(203.,107.,170.));
#18616=CARTESIAN_POINT('',(203.,107.,0.));
#18617=CARTESIAN_POINT('Origin',(203.5,107.5,0.));
#18618=CARTESIAN_POINT('',(203.5,107.5,0.));
#18619=CARTESIAN_POINT('',(203.5,107.5,0.));
#18620=CARTESIAN_POINT('',(203.5,107.5,170.));
#18621=CARTESIAN_POINT('',(203.5,107.5,170.));
#18622=CARTESIAN_POINT('',(203.5,107.5,0.));
#18623=CARTESIAN_POINT('Origin',(208.5,107.5,0.));
#18624=CARTESIAN_POINT('',(208.5,107.5,0.));
#18625=CARTESIAN_POINT('',(208.5,107.5,0.));
#18626=CARTESIAN_POINT('',(208.5,107.5,170.));
#18627=CARTESIAN_POINT('',(208.5,107.5,170.));
#18628=CARTESIAN_POINT('',(208.5,107.5,0.));
#18629=CARTESIAN_POINT('Origin',(210.,106.,0.));
#18630=CARTESIAN_POINT('',(210.,106.,0.));
#18631=CARTESIAN_POINT('',(210.,106.,170.));
#18632=CARTESIAN_POINT('Origin',(200.,97.5,170.));
#18633=CARTESIAN_POINT('Origin',(200.,97.5,0.));
#18634=CARTESIAN_POINT('Origin',(-190.,-97.5,10.));
#18635=CARTESIAN_POINT('',(190.,-97.5,12.5));
#18636=CARTESIAN_POINT('Origin',(190.,-97.5,10.));
#18637=CARTESIAN_POINT('',(-190.,-97.5,12.5));
#18638=CARTESIAN_POINT('',(-190.,-97.5,12.5));
#18639=CARTESIAN_POINT('Origin',(-190.,-97.5,10.));
#18640=CARTESIAN_POINT('Origin',(-190.,-87.5,13.5));
#18641=CARTESIAN_POINT('',(-190.,-87.5,13.5));
#18642=CARTESIAN_POINT('',(-190.,-87.5,18.5));
#18643=CARTESIAN_POINT('',(-190.,-87.5,13.5));
#18644=CARTESIAN_POINT('',(190.,-87.5,18.5));
#18645=CARTESIAN_POINT('',(-190.,-87.5,18.5));
#18646=CARTESIAN_POINT('',(190.,-87.5,13.5));
#18647=CARTESIAN_POINT('',(190.,-87.5,13.5));
#18648=CARTESIAN_POINT('',(-190.,-87.5,13.5));
#18649=CARTESIAN_POINT('Origin',(-190.,-88.,13.));
#18650=CARTESIAN_POINT('',(-190.,-88.,13.));
#18651=CARTESIAN_POINT('',(-190.,-88.,13.));
#18652=CARTESIAN_POINT('',(190.,-88.,13.));
#18653=CARTESIAN_POINT('',(190.,-88.,13.));
#18654=CARTESIAN_POINT('',(-190.,-88.,13.));
#18655=CARTESIAN_POINT('Origin',(-190.,-89.,13.));
#18656=CARTESIAN_POINT('',(-190.,-89.,13.));
#18657=CARTESIAN_POINT('',(-190.,-89.,13.));
#18658=CARTESIAN_POINT('',(190.,-89.,13.));
#18659=CARTESIAN_POINT('',(190.,-89.,13.));
#18660=CARTESIAN_POINT('',(-190.,-89.,13.));
#18661=CARTESIAN_POINT('Origin',(-190.,-89.,14.75));
#18662=CARTESIAN_POINT('',(-190.,-89.,14.75));
#18663=CARTESIAN_POINT('',(-190.,-89.,14.75));
#18664=CARTESIAN_POINT('',(190.,-89.,14.75));
#18665=CARTESIAN_POINT('',(190.,-89.,14.75));
#18666=CARTESIAN_POINT('',(-190.,-89.,14.75));
#18667=CARTESIAN_POINT('Origin',(-190.,-91.5,14.75));
#18668=CARTESIAN_POINT('',(-190.,-91.5,14.75));
#18669=CARTESIAN_POINT('',(-190.,-91.5,14.75));
#18670=CARTESIAN_POINT('',(190.,-91.5,14.75));
#18671=CARTESIAN_POINT('',(190.,-91.5,14.75));
#18672=CARTESIAN_POINT('',(-190.,-91.5,14.75));
#18673=CARTESIAN_POINT('Origin',(-190.,-91.5,5.25));
#18674=CARTESIAN_POINT('',(-190.,-91.5,5.25));
#18675=CARTESIAN_POINT('',(-190.,-91.5,5.25));
#18676=CARTESIAN_POINT('',(190.,-91.5,5.25));
#18677=CARTESIAN_POINT('',(190.,-91.5,5.25));
#18678=CARTESIAN_POINT('',(-190.,-91.5,5.25));
#18679=CARTESIAN_POINT('Origin',(-190.,-89.,5.25));
#18680=CARTESIAN_POINT('',(-190.,-89.,5.25));
#18681=CARTESIAN_POINT('',(-190.,-89.,5.25));
#18682=CARTESIAN_POINT('',(190.,-89.,5.25));
#18683=CARTESIAN_POINT('',(190.,-89.,5.25));
#18684=CARTESIAN_POINT('',(-190.,-89.,5.25));
#18685=CARTESIAN_POINT('Origin',(-190.,-89.,7.));
#18686=CARTESIAN_POINT('',(-190.,-89.,7.));
#18687=CARTESIAN_POINT('',(-190.,-89.,7.));
#18688=CARTESIAN_POINT('',(190.,-89.,7.));
#18689=CARTESIAN_POINT('',(190.,-89.,7.));
#18690=CARTESIAN_POINT('',(-190.,-89.,7.));
#18691=CARTESIAN_POINT('Origin',(-190.,-88.,7.));
#18692=CARTESIAN_POINT('',(-190.,-88.,7.));
#18693=CARTESIAN_POINT('',(-190.,-88.,7.));
#18694=CARTESIAN_POINT('',(190.,-88.,7.));
#18695=CARTESIAN_POINT('',(190.,-88.,7.));
#18696=CARTESIAN_POINT('',(-190.,-88.,7.));
#18697=CARTESIAN_POINT('Origin',(-190.,-87.5,6.5));
#18698=CARTESIAN_POINT('',(-190.,-87.5,6.5));
#18699=CARTESIAN_POINT('',(-190.,-87.5,6.5));
#18700=CARTESIAN_POINT('',(190.,-87.5,6.5));
#18701=CARTESIAN_POINT('',(190.,-87.5,6.5));
#18702=CARTESIAN_POINT('',(-190.,-87.5,6.5));
#18703=CARTESIAN_POINT('Origin',(-190.,-87.5,1.5));
#18704=CARTESIAN_POINT('',(-190.,-87.5,1.5));
#18705=CARTESIAN_POINT('',(-190.,-87.5,1.5));
#18706=CARTESIAN_POINT('',(190.,-87.5,1.5));
#18707=CARTESIAN_POINT('',(190.,-87.5,1.5));
#18708=CARTESIAN_POINT('',(-190.,-87.5,1.5));
#18709=CARTESIAN_POINT('Origin',(-190.,-89.,0.));
#18710=CARTESIAN_POINT('',(-190.,-89.,0.));
#18711=CARTESIAN_POINT('',(-190.,-89.,0.));
#18712=CARTESIAN_POINT('',(190.,-89.,0.));
#18713=CARTESIAN_POINT('',(190.,-89.,0.));
#18714=CARTESIAN_POINT('',(-190.,-89.,0.));
#18715=CARTESIAN_POINT('Origin',(-190.,-94.,0.));
#18716=CARTESIAN_POINT('',(-190.,-94.,0.));
#18717=CARTESIAN_POINT('',(-190.,-94.,0.));
#18718=CARTESIAN_POINT('',(190.,-94.,0.));
#18719=CARTESIAN_POINT('',(190.,-94.,0.));
#18720=CARTESIAN_POINT('',(-190.,-94.,0.));
#18721=CARTESIAN_POINT('Origin',(-190.,-94.5,0.5));
#18722=CARTESIAN_POINT('',(-190.,-94.5,0.5));
#18723=CARTESIAN_POINT('',(-190.,-94.5,0.5));
#18724=CARTESIAN_POINT('',(190.,-94.5,0.5));
#18725=CARTESIAN_POINT('',(190.,-94.5,0.5));
#18726=CARTESIAN_POINT('',(-190.,-94.5,0.5));
#18727=CARTESIAN_POINT('Origin',(-190.,-94.5,1.5));
#18728=CARTESIAN_POINT('',(-190.,-94.5,1.5));
#18729=CARTESIAN_POINT('',(-190.,-94.5,1.5));
#18730=CARTESIAN_POINT('',(190.,-94.5,1.5));
#18731=CARTESIAN_POINT('',(190.,-94.5,1.5));
#18732=CARTESIAN_POINT('',(-190.,-94.5,1.5));
#18733=CARTESIAN_POINT('Origin',(-190.,-92.75,1.5));
#18734=CARTESIAN_POINT('',(-190.,-92.75,1.5));
#18735=CARTESIAN_POINT('',(-190.,-92.75,1.5));
#18736=CARTESIAN_POINT('',(190.,-92.75,1.5));
#18737=CARTESIAN_POINT('',(190.,-92.75,1.5));
#18738=CARTESIAN_POINT('',(-190.,-92.75,1.5));
#18739=CARTESIAN_POINT('Origin',(-190.,-92.75,4.));
#18740=CARTESIAN_POINT('',(-190.,-92.75,4.));
#18741=CARTESIAN_POINT('',(-190.,-92.75,4.));
#18742=CARTESIAN_POINT('',(190.,-92.75,4.));
#18743=CARTESIAN_POINT('',(190.,-92.75,4.));
#18744=CARTESIAN_POINT('',(-190.,-92.75,4.));
#18745=CARTESIAN_POINT('Origin',(-190.,-102.25,4.));
#18746=CARTESIAN_POINT('',(-190.,-102.25,4.));
#18747=CARTESIAN_POINT('',(-190.,-102.25,4.));
#18748=CARTESIAN_POINT('',(190.,-102.25,4.));
#18749=CARTESIAN_POINT('',(190.,-102.25,4.));
#18750=CARTESIAN_POINT('',(-190.,-102.25,4.));
#18751=CARTESIAN_POINT('Origin',(-190.,-102.25,1.5));
#18752=CARTESIAN_POINT('',(-190.,-102.25,1.5));
#18753=CARTESIAN_POINT('',(-190.,-102.25,1.5));
#18754=CARTESIAN_POINT('',(190.,-102.25,1.5));
#18755=CARTESIAN_POINT('',(190.,-102.25,1.5));
#18756=CARTESIAN_POINT('',(-190.,-102.25,1.5));
#18757=CARTESIAN_POINT('Origin',(-190.,-100.5,1.5));
#18758=CARTESIAN_POINT('',(-190.,-100.5,1.5));
#18759=CARTESIAN_POINT('',(-190.,-100.5,1.5));
#18760=CARTESIAN_POINT('',(190.,-100.5,1.5));
#18761=CARTESIAN_POINT('',(190.,-100.5,1.5));
#18762=CARTESIAN_POINT('',(-190.,-100.5,1.5));
#18763=CARTESIAN_POINT('Origin',(-190.,-100.5,0.5));
#18764=CARTESIAN_POINT('',(-190.,-100.5,0.5));
#18765=CARTESIAN_POINT('',(-190.,-100.5,0.5));
#18766=CARTESIAN_POINT('',(190.,-100.5,0.5));
#18767=CARTESIAN_POINT('',(190.,-100.5,0.5));
#18768=CARTESIAN_POINT('',(-190.,-100.5,0.5));
#18769=CARTESIAN_POINT('Origin',(-190.,-101.,0.));
#18770=CARTESIAN_POINT('',(-190.,-101.,0.));
#18771=CARTESIAN_POINT('',(-190.,-101.,0.));
#18772=CARTESIAN_POINT('',(190.,-101.,0.));
#18773=CARTESIAN_POINT('',(190.,-101.,0.));
#18774=CARTESIAN_POINT('',(-190.,-101.,0.));
#18775=CARTESIAN_POINT('Origin',(-190.,-106.,0.));
#18776=CARTESIAN_POINT('',(-190.,-106.,0.));
#18777=CARTESIAN_POINT('',(-190.,-106.,0.));
#18778=CARTESIAN_POINT('',(190.,-106.,0.));
#18779=CARTESIAN_POINT('',(190.,-106.,0.));
#18780=CARTESIAN_POINT('',(-190.,-106.,0.));
#18781=CARTESIAN_POINT('Origin',(-190.,-107.5,1.5));
#18782=CARTESIAN_POINT('',(-190.,-107.5,1.5));
#18783=CARTESIAN_POINT('',(-190.,-107.5,1.5));
#18784=CARTESIAN_POINT('',(190.,-107.5,1.5));
#18785=CARTESIAN_POINT('',(190.,-107.5,1.5));
#18786=CARTESIAN_POINT('',(-190.,-107.5,1.5));
#18787=CARTESIAN_POINT('Origin',(-190.,-107.5,6.5));
#18788=CARTESIAN_POINT('',(-190.,-107.5,6.5));
#18789=CARTESIAN_POINT('',(-190.,-107.5,6.5));
#18790=CARTESIAN_POINT('',(190.,-107.5,6.5));
#18791=CARTESIAN_POINT('',(190.,-107.5,6.5));
#18792=CARTESIAN_POINT('',(-190.,-107.5,6.5));
#18793=CARTESIAN_POINT('Origin',(-190.,-107.,7.));
#18794=CARTESIAN_POINT('',(-190.,-107.,7.));
#18795=CARTESIAN_POINT('',(-190.,-107.,7.));
#18796=CARTESIAN_POINT('',(190.,-107.,7.));
#18797=CARTESIAN_POINT('',(190.,-107.,7.));
#18798=CARTESIAN_POINT('',(-190.,-107.,7.));
#18799=CARTESIAN_POINT('Origin',(-190.,-106.,7.));
#18800=CARTESIAN_POINT('',(-190.,-106.,7.));
#18801=CARTESIAN_POINT('',(-190.,-106.,7.));
#18802=CARTESIAN_POINT('',(190.,-106.,7.));
#18803=CARTESIAN_POINT('',(190.,-106.,7.));
#18804=CARTESIAN_POINT('',(-190.,-106.,7.));
#18805=CARTESIAN_POINT('Origin',(-190.,-106.,5.25));
#18806=CARTESIAN_POINT('',(-190.,-106.,5.25));
#18807=CARTESIAN_POINT('',(-190.,-106.,5.25));
#18808=CARTESIAN_POINT('',(190.,-106.,5.25));
#18809=CARTESIAN_POINT('',(190.,-106.,5.25));
#18810=CARTESIAN_POINT('',(-190.,-106.,5.25));
#18811=CARTESIAN_POINT('Origin',(-190.,-103.5,5.25));
#18812=CARTESIAN_POINT('',(-190.,-103.5,5.25));
#18813=CARTESIAN_POINT('',(-190.,-103.5,5.25));
#18814=CARTESIAN_POINT('',(190.,-103.5,5.25));
#18815=CARTESIAN_POINT('',(190.,-103.5,5.25));
#18816=CARTESIAN_POINT('',(-190.,-103.5,5.25));
#18817=CARTESIAN_POINT('Origin',(-190.,-103.5,14.75));
#18818=CARTESIAN_POINT('',(-190.,-103.5,14.75));
#18819=CARTESIAN_POINT('',(-190.,-103.5,14.75));
#18820=CARTESIAN_POINT('',(190.,-103.5,14.75));
#18821=CARTESIAN_POINT('',(190.,-103.5,14.75));
#18822=CARTESIAN_POINT('',(-190.,-103.5,14.75));
#18823=CARTESIAN_POINT('Origin',(-190.,-106.,14.75));
#18824=CARTESIAN_POINT('',(-190.,-106.,14.75));
#18825=CARTESIAN_POINT('',(-190.,-106.,14.75));
#18826=CARTESIAN_POINT('',(190.,-106.,14.75));
#18827=CARTESIAN_POINT('',(190.,-106.,14.75));
#18828=CARTESIAN_POINT('',(-190.,-106.,14.75));
#18829=CARTESIAN_POINT('Origin',(-190.,-106.,13.));
#18830=CARTESIAN_POINT('',(-190.,-106.,13.));
#18831=CARTESIAN_POINT('',(-190.,-106.,13.));
#18832=CARTESIAN_POINT('',(190.,-106.,13.));
#18833=CARTESIAN_POINT('',(190.,-106.,13.));
#18834=CARTESIAN_POINT('',(-190.,-106.,13.));
#18835=CARTESIAN_POINT('Origin',(-190.,-107.,13.));
#18836=CARTESIAN_POINT('',(-190.,-107.,13.));
#18837=CARTESIAN_POINT('',(-190.,-107.,13.));
#18838=CARTESIAN_POINT('',(190.,-107.,13.));
#18839=CARTESIAN_POINT('',(190.,-107.,13.));
#18840=CARTESIAN_POINT('',(-190.,-107.,13.));
#18841=CARTESIAN_POINT('Origin',(-190.,-107.5,13.5));
#18842=CARTESIAN_POINT('',(-190.,-107.5,13.5));
#18843=CARTESIAN_POINT('',(-190.,-107.5,13.5));
#18844=CARTESIAN_POINT('',(190.,-107.5,13.5));
#18845=CARTESIAN_POINT('',(190.,-107.5,13.5));
#18846=CARTESIAN_POINT('',(-190.,-107.5,13.5));
#18847=CARTESIAN_POINT('Origin',(-190.,-107.5,18.5));
#18848=CARTESIAN_POINT('',(-190.,-107.5,18.5));
#18849=CARTESIAN_POINT('',(-190.,-107.5,18.5));
#18850=CARTESIAN_POINT('',(190.,-107.5,18.5));
#18851=CARTESIAN_POINT('',(190.,-107.5,18.5));
#18852=CARTESIAN_POINT('',(-190.,-107.5,18.5));
#18853=CARTESIAN_POINT('Origin',(-190.,-106.,20.));
#18854=CARTESIAN_POINT('',(-190.,-106.,20.));
#18855=CARTESIAN_POINT('',(-190.,-106.,20.));
#18856=CARTESIAN_POINT('',(190.,-106.,20.));
#18857=CARTESIAN_POINT('',(190.,-106.,20.));
#18858=CARTESIAN_POINT('',(-190.,-106.,20.));
#18859=CARTESIAN_POINT('Origin',(-190.,-101.,20.));
#18860=CARTESIAN_POINT('',(-190.,-101.,20.));
#18861=CARTESIAN_POINT('',(-190.,-101.,20.));
#18862=CARTESIAN_POINT('',(190.,-101.,20.));
#18863=CARTESIAN_POINT('',(190.,-101.,20.));
#18864=CARTESIAN_POINT('',(-190.,-101.,20.));
#18865=CARTESIAN_POINT('Origin',(-190.,-100.5,19.5));
#18866=CARTESIAN_POINT('',(-190.,-100.5,19.5));
#18867=CARTESIAN_POINT('',(-190.,-100.5,19.5));
#18868=CARTESIAN_POINT('',(190.,-100.5,19.5));
#18869=CARTESIAN_POINT('',(190.,-100.5,19.5));
#18870=CARTESIAN_POINT('',(-190.,-100.5,19.5));
#18871=CARTESIAN_POINT('Origin',(-190.,-100.5,18.5));
#18872=CARTESIAN_POINT('',(-190.,-100.5,18.5));
#18873=CARTESIAN_POINT('',(-190.,-100.5,18.5));
#18874=CARTESIAN_POINT('',(190.,-100.5,18.5));
#18875=CARTESIAN_POINT('',(190.,-100.5,18.5));
#18876=CARTESIAN_POINT('',(-190.,-100.5,18.5));
#18877=CARTESIAN_POINT('Origin',(-190.,-102.25,18.5));
#18878=CARTESIAN_POINT('',(-190.,-102.25,18.5));
#18879=CARTESIAN_POINT('',(-190.,-102.25,18.5));
#18880=CARTESIAN_POINT('',(190.,-102.25,18.5));
#18881=CARTESIAN_POINT('',(190.,-102.25,18.5));
#18882=CARTESIAN_POINT('',(-190.,-102.25,18.5));
#18883=CARTESIAN_POINT('Origin',(-190.,-102.25,16.));
#18884=CARTESIAN_POINT('',(-190.,-102.25,16.));
#18885=CARTESIAN_POINT('',(-190.,-102.25,16.));
#18886=CARTESIAN_POINT('',(190.,-102.25,16.));
#18887=CARTESIAN_POINT('',(190.,-102.25,16.));
#18888=CARTESIAN_POINT('',(-190.,-102.25,16.));
#18889=CARTESIAN_POINT('Origin',(-190.,-92.75,16.));
#18890=CARTESIAN_POINT('',(-190.,-92.75,16.));
#18891=CARTESIAN_POINT('',(-190.,-92.75,16.));
#18892=CARTESIAN_POINT('',(190.,-92.75,16.));
#18893=CARTESIAN_POINT('',(190.,-92.75,16.));
#18894=CARTESIAN_POINT('',(-190.,-92.75,16.));
#18895=CARTESIAN_POINT('Origin',(-190.,-92.75,18.5));
#18896=CARTESIAN_POINT('',(-190.,-92.75,18.5));
#18897=CARTESIAN_POINT('',(-190.,-92.75,18.5));
#18898=CARTESIAN_POINT('',(190.,-92.75,18.5));
#18899=CARTESIAN_POINT('',(190.,-92.75,18.5));
#18900=CARTESIAN_POINT('',(-190.,-92.75,18.5));
#18901=CARTESIAN_POINT('Origin',(-190.,-94.5,18.5));
#18902=CARTESIAN_POINT('',(-190.,-94.5,18.5));
#18903=CARTESIAN_POINT('',(-190.,-94.5,18.5));
#18904=CARTESIAN_POINT('',(190.,-94.5,18.5));
#18905=CARTESIAN_POINT('',(190.,-94.5,18.5));
#18906=CARTESIAN_POINT('',(-190.,-94.5,18.5));
#18907=CARTESIAN_POINT('Origin',(-190.,-94.5,19.5));
#18908=CARTESIAN_POINT('',(-190.,-94.5,19.5));
#18909=CARTESIAN_POINT('',(-190.,-94.5,19.5));
#18910=CARTESIAN_POINT('',(190.,-94.5,19.5));
#18911=CARTESIAN_POINT('',(190.,-94.5,19.5));
#18912=CARTESIAN_POINT('',(-190.,-94.5,19.5));
#18913=CARTESIAN_POINT('Origin',(-190.,-94.,20.));
#18914=CARTESIAN_POINT('',(-190.,-94.,20.));
#18915=CARTESIAN_POINT('',(-190.,-94.,20.));
#18916=CARTESIAN_POINT('',(190.,-94.,20.));
#18917=CARTESIAN_POINT('',(190.,-94.,20.));
#18918=CARTESIAN_POINT('',(-190.,-94.,20.));
#18919=CARTESIAN_POINT('Origin',(-190.,-89.,20.));
#18920=CARTESIAN_POINT('',(-190.,-89.,20.));
#18921=CARTESIAN_POINT('',(-190.,-89.,20.));
#18922=CARTESIAN_POINT('',(190.,-89.,20.));
#18923=CARTESIAN_POINT('',(190.,-89.,20.));
#18924=CARTESIAN_POINT('',(-190.,-89.,20.));
#18925=CARTESIAN_POINT('Origin',(-190.,-87.5,18.5));
#18926=CARTESIAN_POINT('',(-190.,-87.5,18.5));
#18927=CARTESIAN_POINT('',(190.,-87.5,18.5));
#18928=CARTESIAN_POINT('Origin',(190.,-97.5,10.));
#18929=CARTESIAN_POINT('Origin',(-190.,-97.5,10.));
#18930=CARTESIAN_POINT('Origin',(-190.,97.5,10.));
#18931=CARTESIAN_POINT('',(190.,97.5,12.5));
#18932=CARTESIAN_POINT('Origin',(190.,97.5,10.));
#18933=CARTESIAN_POINT('',(-190.,97.5,12.5));
#18934=CARTESIAN_POINT('',(-190.,97.5,12.5));
#18935=CARTESIAN_POINT('Origin',(-190.,97.5,10.));
#18936=CARTESIAN_POINT('Origin',(-190.,107.5,13.5));
#18937=CARTESIAN_POINT('',(-190.,107.5,13.5));
#18938=CARTESIAN_POINT('',(-190.,107.5,18.5));
#18939=CARTESIAN_POINT('',(-190.,107.5,13.5));
#18940=CARTESIAN_POINT('',(190.,107.5,18.5));
#18941=CARTESIAN_POINT('',(-190.,107.5,18.5));
#18942=CARTESIAN_POINT('',(190.,107.5,13.5));
#18943=CARTESIAN_POINT('',(190.,107.5,13.5));
#18944=CARTESIAN_POINT('',(-190.,107.5,13.5));
#18945=CARTESIAN_POINT('Origin',(-190.,107.,13.));
#18946=CARTESIAN_POINT('',(-190.,107.,13.));
#18947=CARTESIAN_POINT('',(-190.,107.,13.));
#18948=CARTESIAN_POINT('',(190.,107.,13.));
#18949=CARTESIAN_POINT('',(190.,107.,13.));
#18950=CARTESIAN_POINT('',(-190.,107.,13.));
#18951=CARTESIAN_POINT('Origin',(-190.,106.,13.));
#18952=CARTESIAN_POINT('',(-190.,106.,13.));
#18953=CARTESIAN_POINT('',(-190.,106.,13.));
#18954=CARTESIAN_POINT('',(190.,106.,13.));
#18955=CARTESIAN_POINT('',(190.,106.,13.));
#18956=CARTESIAN_POINT('',(-190.,106.,13.));
#18957=CARTESIAN_POINT('Origin',(-190.,106.,14.75));
#18958=CARTESIAN_POINT('',(-190.,106.,14.75));
#18959=CARTESIAN_POINT('',(-190.,106.,14.75));
#18960=CARTESIAN_POINT('',(190.,106.,14.75));
#18961=CARTESIAN_POINT('',(190.,106.,14.75));
#18962=CARTESIAN_POINT('',(-190.,106.,14.75));
#18963=CARTESIAN_POINT('Origin',(-190.,103.5,14.75));
#18964=CARTESIAN_POINT('',(-190.,103.5,14.75));
#18965=CARTESIAN_POINT('',(-190.,103.5,14.75));
#18966=CARTESIAN_POINT('',(190.,103.5,14.75));
#18967=CARTESIAN_POINT('',(190.,103.5,14.75));
#18968=CARTESIAN_POINT('',(-190.,103.5,14.75));
#18969=CARTESIAN_POINT('Origin',(-190.,103.5,5.25));
#18970=CARTESIAN_POINT('',(-190.,103.5,5.25));
#18971=CARTESIAN_POINT('',(-190.,103.5,5.25));
#18972=CARTESIAN_POINT('',(190.,103.5,5.25));
#18973=CARTESIAN_POINT('',(190.,103.5,5.25));
#18974=CARTESIAN_POINT('',(-190.,103.5,5.25));
#18975=CARTESIAN_POINT('Origin',(-190.,106.,5.25));
#18976=CARTESIAN_POINT('',(-190.,106.,5.25));
#18977=CARTESIAN_POINT('',(-190.,106.,5.25));
#18978=CARTESIAN_POINT('',(190.,106.,5.25));
#18979=CARTESIAN_POINT('',(190.,106.,5.25));
#18980=CARTESIAN_POINT('',(-190.,106.,5.25));
#18981=CARTESIAN_POINT('Origin',(-190.,106.,7.));
#18982=CARTESIAN_POINT('',(-190.,106.,7.));
#18983=CARTESIAN_POINT('',(-190.,106.,7.));
#18984=CARTESIAN_POINT('',(190.,106.,7.));
#18985=CARTESIAN_POINT('',(190.,106.,7.));
#18986=CARTESIAN_POINT('',(-190.,106.,7.));
#18987=CARTESIAN_POINT('Origin',(-190.,107.,7.));
#18988=CARTESIAN_POINT('',(-190.,107.,7.));
#18989=CARTESIAN_POINT('',(-190.,107.,7.));
#18990=CARTESIAN_POINT('',(190.,107.,7.));
#18991=CARTESIAN_POINT('',(190.,107.,7.));
#18992=CARTESIAN_POINT('',(-190.,107.,7.));
#18993=CARTESIAN_POINT('Origin',(-190.,107.5,6.5));
#18994=CARTESIAN_POINT('',(-190.,107.5,6.5));
#18995=CARTESIAN_POINT('',(-190.,107.5,6.5));
#18996=CARTESIAN_POINT('',(190.,107.5,6.5));
#18997=CARTESIAN_POINT('',(190.,107.5,6.5));
#18998=CARTESIAN_POINT('',(-190.,107.5,6.5));
#18999=CARTESIAN_POINT('Origin',(-190.,107.5,1.5));
#19000=CARTESIAN_POINT('',(-190.,107.5,1.5));
#19001=CARTESIAN_POINT('',(-190.,107.5,1.5));
#19002=CARTESIAN_POINT('',(190.,107.5,1.5));
#19003=CARTESIAN_POINT('',(190.,107.5,1.5));
#19004=CARTESIAN_POINT('',(-190.,107.5,1.5));
#19005=CARTESIAN_POINT('Origin',(-190.,106.,0.));
#19006=CARTESIAN_POINT('',(-190.,106.,0.));
#19007=CARTESIAN_POINT('',(-190.,106.,0.));
#19008=CARTESIAN_POINT('',(190.,106.,0.));
#19009=CARTESIAN_POINT('',(190.,106.,0.));
#19010=CARTESIAN_POINT('',(-190.,106.,0.));
#19011=CARTESIAN_POINT('Origin',(-190.,101.,0.));
#19012=CARTESIAN_POINT('',(-190.,101.,0.));
#19013=CARTESIAN_POINT('',(-190.,101.,0.));
#19014=CARTESIAN_POINT('',(190.,101.,0.));
#19015=CARTESIAN_POINT('',(190.,101.,0.));
#19016=CARTESIAN_POINT('',(-190.,101.,0.));
#19017=CARTESIAN_POINT('Origin',(-190.,100.5,0.5));
#19018=CARTESIAN_POINT('',(-190.,100.5,0.5));
#19019=CARTESIAN_POINT('',(-190.,100.5,0.5));
#19020=CARTESIAN_POINT('',(190.,100.5,0.5));
#19021=CARTESIAN_POINT('',(190.,100.5,0.5));
#19022=CARTESIAN_POINT('',(-190.,100.5,0.5));
#19023=CARTESIAN_POINT('Origin',(-190.,100.5,1.5));
#19024=CARTESIAN_POINT('',(-190.,100.5,1.5));
#19025=CARTESIAN_POINT('',(-190.,100.5,1.5));
#19026=CARTESIAN_POINT('',(190.,100.5,1.5));
#19027=CARTESIAN_POINT('',(190.,100.5,1.5));
#19028=CARTESIAN_POINT('',(-190.,100.5,1.5));
#19029=CARTESIAN_POINT('Origin',(-190.,102.25,1.5));
#19030=CARTESIAN_POINT('',(-190.,102.25,1.5));
#19031=CARTESIAN_POINT('',(-190.,102.25,1.5));
#19032=CARTESIAN_POINT('',(190.,102.25,1.5));
#19033=CARTESIAN_POINT('',(190.,102.25,1.5));
#19034=CARTESIAN_POINT('',(-190.,102.25,1.5));
#19035=CARTESIAN_POINT('Origin',(-190.,102.25,4.));
#19036=CARTESIAN_POINT('',(-190.,102.25,4.));
#19037=CARTESIAN_POINT('',(-190.,102.25,4.));
#19038=CARTESIAN_POINT('',(190.,102.25,4.));
#19039=CARTESIAN_POINT('',(190.,102.25,4.));
#19040=CARTESIAN_POINT('',(-190.,102.25,4.));
#19041=CARTESIAN_POINT('Origin',(-190.,92.75,4.));
#19042=CARTESIAN_POINT('',(-190.,92.75,4.));
#19043=CARTESIAN_POINT('',(-190.,92.75,4.));
#19044=CARTESIAN_POINT('',(190.,92.75,4.));
#19045=CARTESIAN_POINT('',(190.,92.75,4.));
#19046=CARTESIAN_POINT('',(-190.,92.75,4.));
#19047=CARTESIAN_POINT('Origin',(-190.,92.75,1.5));
#19048=CARTESIAN_POINT('',(-190.,92.75,1.5));
#19049=CARTESIAN_POINT('',(-190.,92.75,1.5));
#19050=CARTESIAN_POINT('',(190.,92.75,1.5));
#19051=CARTESIAN_POINT('',(190.,92.75,1.5));
#19052=CARTESIAN_POINT('',(-190.,92.75,1.5));
#19053=CARTESIAN_POINT('Origin',(-190.,94.5,1.5));
#19054=CARTESIAN_POINT('',(-190.,94.5,1.5));
#19055=CARTESIAN_POINT('',(-190.,94.5,1.5));
#19056=CARTESIAN_POINT('',(190.,94.5,1.5));
#19057=CARTESIAN_POINT('',(190.,94.5,1.5));
#19058=CARTESIAN_POINT('',(-190.,94.5,1.5));
#19059=CARTESIAN_POINT('Origin',(-190.,94.5,0.5));
#19060=CARTESIAN_POINT('',(-190.,94.5,0.5));
#19061=CARTESIAN_POINT('',(-190.,94.5,0.5));
#19062=CARTESIAN_POINT('',(190.,94.5,0.5));
#19063=CARTESIAN_POINT('',(190.,94.5,0.5));
#19064=CARTESIAN_POINT('',(-190.,94.5,0.5));
#19065=CARTESIAN_POINT('Origin',(-190.,94.,0.));
#19066=CARTESIAN_POINT('',(-190.,94.,0.));
#19067=CARTESIAN_POINT('',(-190.,94.,0.));
#19068=CARTESIAN_POINT('',(190.,94.,0.));
#19069=CARTESIAN_POINT('',(190.,94.,0.));
#19070=CARTESIAN_POINT('',(-190.,94.,0.));
#19071=CARTESIAN_POINT('Origin',(-190.,89.,0.));
#19072=CARTESIAN_POINT('',(-190.,89.,0.));
#19073=CARTESIAN_POINT('',(-190.,89.,0.));
#19074=CARTESIAN_POINT('',(190.,89.,0.));
#19075=CARTESIAN_POINT('',(190.,89.,0.));
#19076=CARTESIAN_POINT('',(-190.,89.,0.));
#19077=CARTESIAN_POINT('Origin',(-190.,87.5,1.5));
#19078=CARTESIAN_POINT('',(-190.,87.5,1.5));
#19079=CARTESIAN_POINT('',(-190.,87.5,1.5));
#19080=CARTESIAN_POINT('',(190.,87.5,1.5));
#19081=CARTESIAN_POINT('',(190.,87.5,1.5));
#19082=CARTESIAN_POINT('',(-190.,87.5,1.5));
#19083=CARTESIAN_POINT('Origin',(-190.,87.5,6.5));
#19084=CARTESIAN_POINT('',(-190.,87.5,6.5));
#19085=CARTESIAN_POINT('',(-190.,87.5,6.5));
#19086=CARTESIAN_POINT('',(190.,87.5,6.5));
#19087=CARTESIAN_POINT('',(190.,87.5,6.5));
#19088=CARTESIAN_POINT('',(-190.,87.5,6.5));
#19089=CARTESIAN_POINT('Origin',(-190.,88.,7.));
#19090=CARTESIAN_POINT('',(-190.,88.,7.));
#19091=CARTESIAN_POINT('',(-190.,88.,7.));
#19092=CARTESIAN_POINT('',(190.,88.,7.));
#19093=CARTESIAN_POINT('',(190.,88.,7.));
#19094=CARTESIAN_POINT('',(-190.,88.,7.));
#19095=CARTESIAN_POINT('Origin',(-190.,89.,7.));
#19096=CARTESIAN_POINT('',(-190.,89.,7.));
#19097=CARTESIAN_POINT('',(-190.,89.,7.));
#19098=CARTESIAN_POINT('',(190.,89.,7.));
#19099=CARTESIAN_POINT('',(190.,89.,7.));
#19100=CARTESIAN_POINT('',(-190.,89.,7.));
#19101=CARTESIAN_POINT('Origin',(-190.,89.,5.25));
#19102=CARTESIAN_POINT('',(-190.,89.,5.25));
#19103=CARTESIAN_POINT('',(-190.,89.,5.25));
#19104=CARTESIAN_POINT('',(190.,89.,5.25));
#19105=CARTESIAN_POINT('',(190.,89.,5.25));
#19106=CARTESIAN_POINT('',(-190.,89.,5.25));
#19107=CARTESIAN_POINT('Origin',(-190.,91.5,5.25));
#19108=CARTESIAN_POINT('',(-190.,91.5,5.25));
#19109=CARTESIAN_POINT('',(-190.,91.5,5.25));
#19110=CARTESIAN_POINT('',(190.,91.5,5.25));
#19111=CARTESIAN_POINT('',(190.,91.5,5.25));
#19112=CARTESIAN_POINT('',(-190.,91.5,5.25));
#19113=CARTESIAN_POINT('Origin',(-190.,91.5,14.75));
#19114=CARTESIAN_POINT('',(-190.,91.5,14.75));
#19115=CARTESIAN_POINT('',(-190.,91.5,14.75));
#19116=CARTESIAN_POINT('',(190.,91.5,14.75));
#19117=CARTESIAN_POINT('',(190.,91.5,14.75));
#19118=CARTESIAN_POINT('',(-190.,91.5,14.75));
#19119=CARTESIAN_POINT('Origin',(-190.,89.,14.75));
#19120=CARTESIAN_POINT('',(-190.,89.,14.75));
#19121=CARTESIAN_POINT('',(-190.,89.,14.75));
#19122=CARTESIAN_POINT('',(190.,89.,14.75));
#19123=CARTESIAN_POINT('',(190.,89.,14.75));
#19124=CARTESIAN_POINT('',(-190.,89.,14.75));
#19125=CARTESIAN_POINT('Origin',(-190.,89.,13.));
#19126=CARTESIAN_POINT('',(-190.,89.,13.));
#19127=CARTESIAN_POINT('',(-190.,89.,13.));
#19128=CARTESIAN_POINT('',(190.,89.,13.));
#19129=CARTESIAN_POINT('',(190.,89.,13.));
#19130=CARTESIAN_POINT('',(-190.,89.,13.));
#19131=CARTESIAN_POINT('Origin',(-190.,88.,13.));
#19132=CARTESIAN_POINT('',(-190.,88.,13.));
#19133=CARTESIAN_POINT('',(-190.,88.,13.));
#19134=CARTESIAN_POINT('',(190.,88.,13.));
#19135=CARTESIAN_POINT('',(190.,88.,13.));
#19136=CARTESIAN_POINT('',(-190.,88.,13.));
#19137=CARTESIAN_POINT('Origin',(-190.,87.5,13.5));
#19138=CARTESIAN_POINT('',(-190.,87.5,13.5));
#19139=CARTESIAN_POINT('',(-190.,87.5,13.5));
#19140=CARTESIAN_POINT('',(190.,87.5,13.5));
#19141=CARTESIAN_POINT('',(190.,87.5,13.5));
#19142=CARTESIAN_POINT('',(-190.,87.5,13.5));
#19143=CARTESIAN_POINT('Origin',(-190.,87.5,18.5));
#19144=CARTESIAN_POINT('',(-190.,87.5,18.5));
#19145=CARTESIAN_POINT('',(-190.,87.5,18.5));
#19146=CARTESIAN_POINT('',(190.,87.5,18.5));
#19147=CARTESIAN_POINT('',(190.,87.5,18.5));
#19148=CARTESIAN_POINT('',(-190.,87.5,18.5));
#19149=CARTESIAN_POINT('Origin',(-190.,89.,20.));
#19150=CARTESIAN_POINT('',(-190.,89.,20.));
#19151=CARTESIAN_POINT('',(-190.,89.,20.));
#19152=CARTESIAN_POINT('',(190.,89.,20.));
#19153=CARTESIAN_POINT('',(190.,89.,20.));
#19154=CARTESIAN_POINT('',(-190.,89.,20.));
#19155=CARTESIAN_POINT('Origin',(-190.,94.,20.));
#19156=CARTESIAN_POINT('',(-190.,94.,20.));
#19157=CARTESIAN_POINT('',(-190.,94.,20.));
#19158=CARTESIAN_POINT('',(190.,94.,20.));
#19159=CARTESIAN_POINT('',(190.,94.,20.));
#19160=CARTESIAN_POINT('',(-190.,94.,20.));
#19161=CARTESIAN_POINT('Origin',(-190.,94.5,19.5));
#19162=CARTESIAN_POINT('',(-190.,94.5,19.5));
#19163=CARTESIAN_POINT('',(-190.,94.5,19.5));
#19164=CARTESIAN_POINT('',(190.,94.5,19.5));
#19165=CARTESIAN_POINT('',(190.,94.5,19.5));
#19166=CARTESIAN_POINT('',(-190.,94.5,19.5));
#19167=CARTESIAN_POINT('Origin',(-190.,94.5,18.5));
#19168=CARTESIAN_POINT('',(-190.,94.5,18.5));
#19169=CARTESIAN_POINT('',(-190.,94.5,18.5));
#19170=CARTESIAN_POINT('',(190.,94.5,18.5));
#19171=CARTESIAN_POINT('',(190.,94.5,18.5));
#19172=CARTESIAN_POINT('',(-190.,94.5,18.5));
#19173=CARTESIAN_POINT('Origin',(-190.,92.75,18.5));
#19174=CARTESIAN_POINT('',(-190.,92.75,18.5));
#19175=CARTESIAN_POINT('',(-190.,92.75,18.5));
#19176=CARTESIAN_POINT('',(190.,92.75,18.5));
#19177=CARTESIAN_POINT('',(190.,92.75,18.5));
#19178=CARTESIAN_POINT('',(-190.,92.75,18.5));
#19179=CARTESIAN_POINT('Origin',(-190.,92.75,16.));
#19180=CARTESIAN_POINT('',(-190.,92.75,16.));
#19181=CARTESIAN_POINT('',(-190.,92.75,16.));
#19182=CARTESIAN_POINT('',(190.,92.75,16.));
#19183=CARTESIAN_POINT('',(190.,92.75,16.));
#19184=CARTESIAN_POINT('',(-190.,92.75,16.));
#19185=CARTESIAN_POINT('Origin',(-190.,102.25,16.));
#19186=CARTESIAN_POINT('',(-190.,102.25,16.));
#19187=CARTESIAN_POINT('',(-190.,102.25,16.));
#19188=CARTESIAN_POINT('',(190.,102.25,16.));
#19189=CARTESIAN_POINT('',(190.,102.25,16.));
#19190=CARTESIAN_POINT('',(-190.,102.25,16.));
#19191=CARTESIAN_POINT('Origin',(-190.,102.25,18.5));
#19192=CARTESIAN_POINT('',(-190.,102.25,18.5));
#19193=CARTESIAN_POINT('',(-190.,102.25,18.5));
#19194=CARTESIAN_POINT('',(190.,102.25,18.5));
#19195=CARTESIAN_POINT('',(190.,102.25,18.5));
#19196=CARTESIAN_POINT('',(-190.,102.25,18.5));
#19197=CARTESIAN_POINT('Origin',(-190.,100.5,18.5));
#19198=CARTESIAN_POINT('',(-190.,100.5,18.5));
#19199=CARTESIAN_POINT('',(-190.,100.5,18.5));
#19200=CARTESIAN_POINT('',(190.,100.5,18.5));
#19201=CARTESIAN_POINT('',(190.,100.5,18.5));
#19202=CARTESIAN_POINT('',(-190.,100.5,18.5));
#19203=CARTESIAN_POINT('Origin',(-190.,100.5,19.5));
#19204=CARTESIAN_POINT('',(-190.,100.5,19.5));
#19205=CARTESIAN_POINT('',(-190.,100.5,19.5));
#19206=CARTESIAN_POINT('',(190.,100.5,19.5));
#19207=CARTESIAN_POINT('',(190.,100.5,19.5));
#19208=CARTESIAN_POINT('',(-190.,100.5,19.5));
#19209=CARTESIAN_POINT('Origin',(-190.,101.,20.));
#19210=CARTESIAN_POINT('',(-190.,101.,20.));
#19211=CARTESIAN_POINT('',(-190.,101.,20.));
#19212=CARTESIAN_POINT('',(190.,101.,20.));
#19213=CARTESIAN_POINT('',(190.,101.,20.));
#19214=CARTESIAN_POINT('',(-190.,101.,20.));
#19215=CARTESIAN_POINT('Origin',(-190.,106.,20.));
#19216=CARTESIAN_POINT('',(-190.,106.,20.));
#19217=CARTESIAN_POINT('',(-190.,106.,20.));
#19218=CARTESIAN_POINT('',(190.,106.,20.));
#19219=CARTESIAN_POINT('',(190.,106.,20.));
#19220=CARTESIAN_POINT('',(-190.,106.,20.));
#19221=CARTESIAN_POINT('Origin',(-190.,107.5,18.5));
#19222=CARTESIAN_POINT('',(-190.,107.5,18.5));
#19223=CARTESIAN_POINT('',(190.,107.5,18.5));
#19224=CARTESIAN_POINT('Origin',(190.,97.5,10.));
#19225=CARTESIAN_POINT('Origin',(-190.,97.5,10.));
#19226=CARTESIAN_POINT('Origin',(-190.,-97.5,160.));
#19227=CARTESIAN_POINT('',(190.,-97.5,162.5));
#19228=CARTESIAN_POINT('Origin',(190.,-97.5,160.));
#19229=CARTESIAN_POINT('',(-190.,-97.5,162.5));
#19230=CARTESIAN_POINT('',(-190.,-97.5,162.5));
#19231=CARTESIAN_POINT('Origin',(-190.,-97.5,160.));
#19232=CARTESIAN_POINT('Origin',(-190.,-87.5,163.5));
#19233=CARTESIAN_POINT('',(-190.,-87.5,163.5));
#19234=CARTESIAN_POINT('',(-190.,-87.5,168.5));
#19235=CARTESIAN_POINT('',(-190.,-87.5,163.5));
#19236=CARTESIAN_POINT('',(190.,-87.5,168.5));
#19237=CARTESIAN_POINT('',(-190.,-87.5,168.5));
#19238=CARTESIAN_POINT('',(190.,-87.5,163.5));
#19239=CARTESIAN_POINT('',(190.,-87.5,163.5));
#19240=CARTESIAN_POINT('',(-190.,-87.5,163.5));
#19241=CARTESIAN_POINT('Origin',(-190.,-88.,163.));
#19242=CARTESIAN_POINT('',(-190.,-88.,163.));
#19243=CARTESIAN_POINT('',(-190.,-88.,163.));
#19244=CARTESIAN_POINT('',(190.,-88.,163.));
#19245=CARTESIAN_POINT('',(190.,-88.,163.));
#19246=CARTESIAN_POINT('',(-190.,-88.,163.));
#19247=CARTESIAN_POINT('Origin',(-190.,-89.,163.));
#19248=CARTESIAN_POINT('',(-190.,-89.,163.));
#19249=CARTESIAN_POINT('',(-190.,-89.,163.));
#19250=CARTESIAN_POINT('',(190.,-89.,163.));
#19251=CARTESIAN_POINT('',(190.,-89.,163.));
#19252=CARTESIAN_POINT('',(-190.,-89.,163.));
#19253=CARTESIAN_POINT('Origin',(-190.,-89.,164.75));
#19254=CARTESIAN_POINT('',(-190.,-89.,164.75));
#19255=CARTESIAN_POINT('',(-190.,-89.,164.75));
#19256=CARTESIAN_POINT('',(190.,-89.,164.75));
#19257=CARTESIAN_POINT('',(190.,-89.,164.75));
#19258=CARTESIAN_POINT('',(-190.,-89.,164.75));
#19259=CARTESIAN_POINT('Origin',(-190.,-91.5,164.75));
#19260=CARTESIAN_POINT('',(-190.,-91.5,164.75));
#19261=CARTESIAN_POINT('',(-190.,-91.5,164.75));
#19262=CARTESIAN_POINT('',(190.,-91.5,164.75));
#19263=CARTESIAN_POINT('',(190.,-91.5,164.75));
#19264=CARTESIAN_POINT('',(-190.,-91.5,164.75));
#19265=CARTESIAN_POINT('Origin',(-190.,-91.5,155.25));
#19266=CARTESIAN_POINT('',(-190.,-91.5,155.25));
#19267=CARTESIAN_POINT('',(-190.,-91.5,155.25));
#19268=CARTESIAN_POINT('',(190.,-91.5,155.25));
#19269=CARTESIAN_POINT('',(190.,-91.5,155.25));
#19270=CARTESIAN_POINT('',(-190.,-91.5,155.25));
#19271=CARTESIAN_POINT('Origin',(-190.,-89.,155.25));
#19272=CARTESIAN_POINT('',(-190.,-89.,155.25));
#19273=CARTESIAN_POINT('',(-190.,-89.,155.25));
#19274=CARTESIAN_POINT('',(190.,-89.,155.25));
#19275=CARTESIAN_POINT('',(190.,-89.,155.25));
#19276=CARTESIAN_POINT('',(-190.,-89.,155.25));
#19277=CARTESIAN_POINT('Origin',(-190.,-89.,157.));
#19278=CARTESIAN_POINT('',(-190.,-89.,157.));
#19279=CARTESIAN_POINT('',(-190.,-89.,157.));
#19280=CARTESIAN_POINT('',(190.,-89.,157.));
#19281=CARTESIAN_POINT('',(190.,-89.,157.));
#19282=CARTESIAN_POINT('',(-190.,-89.,157.));
#19283=CARTESIAN_POINT('Origin',(-190.,-88.,157.));
#19284=CARTESIAN_POINT('',(-190.,-88.,157.));
#19285=CARTESIAN_POINT('',(-190.,-88.,157.));
#19286=CARTESIAN_POINT('',(190.,-88.,157.));
#19287=CARTESIAN_POINT('',(190.,-88.,157.));
#19288=CARTESIAN_POINT('',(-190.,-88.,157.));
#19289=CARTESIAN_POINT('Origin',(-190.,-87.5,156.5));
#19290=CARTESIAN_POINT('',(-190.,-87.5,156.5));
#19291=CARTESIAN_POINT('',(-190.,-87.5,156.5));
#19292=CARTESIAN_POINT('',(190.,-87.5,156.5));
#19293=CARTESIAN_POINT('',(190.,-87.5,156.5));
#19294=CARTESIAN_POINT('',(-190.,-87.5,156.5));
#19295=CARTESIAN_POINT('Origin',(-190.,-87.5,151.5));
#19296=CARTESIAN_POINT('',(-190.,-87.5,151.5));
#19297=CARTESIAN_POINT('',(-190.,-87.5,151.5));
#19298=CARTESIAN_POINT('',(190.,-87.5,151.5));
#19299=CARTESIAN_POINT('',(190.,-87.5,151.5));
#19300=CARTESIAN_POINT('',(-190.,-87.5,151.5));
#19301=CARTESIAN_POINT('Origin',(-190.,-89.,150.));
#19302=CARTESIAN_POINT('',(-190.,-89.,150.));
#19303=CARTESIAN_POINT('',(-190.,-89.,150.));
#19304=CARTESIAN_POINT('',(190.,-89.,150.));
#19305=CARTESIAN_POINT('',(190.,-89.,150.));
#19306=CARTESIAN_POINT('',(-190.,-89.,150.));
#19307=CARTESIAN_POINT('Origin',(-190.,-94.,150.));
#19308=CARTESIAN_POINT('',(-190.,-94.,150.));
#19309=CARTESIAN_POINT('',(-190.,-94.,150.));
#19310=CARTESIAN_POINT('',(190.,-94.,150.));
#19311=CARTESIAN_POINT('',(190.,-94.,150.));
#19312=CARTESIAN_POINT('',(-190.,-94.,150.));
#19313=CARTESIAN_POINT('Origin',(-190.,-94.5,150.5));
#19314=CARTESIAN_POINT('',(-190.,-94.5,150.5));
#19315=CARTESIAN_POINT('',(-190.,-94.5,150.5));
#19316=CARTESIAN_POINT('',(190.,-94.5,150.5));
#19317=CARTESIAN_POINT('',(190.,-94.5,150.5));
#19318=CARTESIAN_POINT('',(-190.,-94.5,150.5));
#19319=CARTESIAN_POINT('Origin',(-190.,-94.5,151.5));
#19320=CARTESIAN_POINT('',(-190.,-94.5,151.5));
#19321=CARTESIAN_POINT('',(-190.,-94.5,151.5));
#19322=CARTESIAN_POINT('',(190.,-94.5,151.5));
#19323=CARTESIAN_POINT('',(190.,-94.5,151.5));
#19324=CARTESIAN_POINT('',(-190.,-94.5,151.5));
#19325=CARTESIAN_POINT('Origin',(-190.,-92.75,151.5));
#19326=CARTESIAN_POINT('',(-190.,-92.75,151.5));
#19327=CARTESIAN_POINT('',(-190.,-92.75,151.5));
#19328=CARTESIAN_POINT('',(190.,-92.75,151.5));
#19329=CARTESIAN_POINT('',(190.,-92.75,151.5));
#19330=CARTESIAN_POINT('',(-190.,-92.75,151.5));
#19331=CARTESIAN_POINT('Origin',(-190.,-92.75,154.));
#19332=CARTESIAN_POINT('',(-190.,-92.75,154.));
#19333=CARTESIAN_POINT('',(-190.,-92.75,154.));
#19334=CARTESIAN_POINT('',(190.,-92.75,154.));
#19335=CARTESIAN_POINT('',(190.,-92.75,154.));
#19336=CARTESIAN_POINT('',(-190.,-92.75,154.));
#19337=CARTESIAN_POINT('Origin',(-190.,-102.25,154.));
#19338=CARTESIAN_POINT('',(-190.,-102.25,154.));
#19339=CARTESIAN_POINT('',(-190.,-102.25,154.));
#19340=CARTESIAN_POINT('',(190.,-102.25,154.));
#19341=CARTESIAN_POINT('',(190.,-102.25,154.));
#19342=CARTESIAN_POINT('',(-190.,-102.25,154.));
#19343=CARTESIAN_POINT('Origin',(-190.,-102.25,151.5));
#19344=CARTESIAN_POINT('',(-190.,-102.25,151.5));
#19345=CARTESIAN_POINT('',(-190.,-102.25,151.5));
#19346=CARTESIAN_POINT('',(190.,-102.25,151.5));
#19347=CARTESIAN_POINT('',(190.,-102.25,151.5));
#19348=CARTESIAN_POINT('',(-190.,-102.25,151.5));
#19349=CARTESIAN_POINT('Origin',(-190.,-100.5,151.5));
#19350=CARTESIAN_POINT('',(-190.,-100.5,151.5));
#19351=CARTESIAN_POINT('',(-190.,-100.5,151.5));
#19352=CARTESIAN_POINT('',(190.,-100.5,151.5));
#19353=CARTESIAN_POINT('',(190.,-100.5,151.5));
#19354=CARTESIAN_POINT('',(-190.,-100.5,151.5));
#19355=CARTESIAN_POINT('Origin',(-190.,-100.5,150.5));
#19356=CARTESIAN_POINT('',(-190.,-100.5,150.5));
#19357=CARTESIAN_POINT('',(-190.,-100.5,150.5));
#19358=CARTESIAN_POINT('',(190.,-100.5,150.5));
#19359=CARTESIAN_POINT('',(190.,-100.5,150.5));
#19360=CARTESIAN_POINT('',(-190.,-100.5,150.5));
#19361=CARTESIAN_POINT('Origin',(-190.,-101.,150.));
#19362=CARTESIAN_POINT('',(-190.,-101.,150.));
#19363=CARTESIAN_POINT('',(-190.,-101.,150.));
#19364=CARTESIAN_POINT('',(190.,-101.,150.));
#19365=CARTESIAN_POINT('',(190.,-101.,150.));
#19366=CARTESIAN_POINT('',(-190.,-101.,150.));
#19367=CARTESIAN_POINT('Origin',(-190.,-106.,150.));
#19368=CARTESIAN_POINT('',(-190.,-106.,150.));
#19369=CARTESIAN_POINT('',(-190.,-106.,150.));
#19370=CARTESIAN_POINT('',(190.,-106.,150.));
#19371=CARTESIAN_POINT('',(190.,-106.,150.));
#19372=CARTESIAN_POINT('',(-190.,-106.,150.));
#19373=CARTESIAN_POINT('Origin',(-190.,-107.5,151.5));
#19374=CARTESIAN_POINT('',(-190.,-107.5,151.5));
#19375=CARTESIAN_POINT('',(-190.,-107.5,151.5));
#19376=CARTESIAN_POINT('',(190.,-107.5,151.5));
#19377=CARTESIAN_POINT('',(190.,-107.5,151.5));
#19378=CARTESIAN_POINT('',(-190.,-107.5,151.5));
#19379=CARTESIAN_POINT('Origin',(-190.,-107.5,156.5));
#19380=CARTESIAN_POINT('',(-190.,-107.5,156.5));
#19381=CARTESIAN_POINT('',(-190.,-107.5,156.5));
#19382=CARTESIAN_POINT('',(190.,-107.5,156.5));
#19383=CARTESIAN_POINT('',(190.,-107.5,156.5));
#19384=CARTESIAN_POINT('',(-190.,-107.5,156.5));
#19385=CARTESIAN_POINT('Origin',(-190.,-107.,157.));
#19386=CARTESIAN_POINT('',(-190.,-107.,157.));
#19387=CARTESIAN_POINT('',(-190.,-107.,157.));
#19388=CARTESIAN_POINT('',(190.,-107.,157.));
#19389=CARTESIAN_POINT('',(190.,-107.,157.));
#19390=CARTESIAN_POINT('',(-190.,-107.,157.));
#19391=CARTESIAN_POINT('Origin',(-190.,-106.,157.));
#19392=CARTESIAN_POINT('',(-190.,-106.,157.));
#19393=CARTESIAN_POINT('',(-190.,-106.,157.));
#19394=CARTESIAN_POINT('',(190.,-106.,157.));
#19395=CARTESIAN_POINT('',(190.,-106.,157.));
#19396=CARTESIAN_POINT('',(-190.,-106.,157.));
#19397=CARTESIAN_POINT('Origin',(-190.,-106.,155.25));
#19398=CARTESIAN_POINT('',(-190.,-106.,155.25));
#19399=CARTESIAN_POINT('',(-190.,-106.,155.25));
#19400=CARTESIAN_POINT('',(190.,-106.,155.25));
#19401=CARTESIAN_POINT('',(190.,-106.,155.25));
#19402=CARTESIAN_POINT('',(-190.,-106.,155.25));
#19403=CARTESIAN_POINT('Origin',(-190.,-103.5,155.25));
#19404=CARTESIAN_POINT('',(-190.,-103.5,155.25));
#19405=CARTESIAN_POINT('',(-190.,-103.5,155.25));
#19406=CARTESIAN_POINT('',(190.,-103.5,155.25));
#19407=CARTESIAN_POINT('',(190.,-103.5,155.25));
#19408=CARTESIAN_POINT('',(-190.,-103.5,155.25));
#19409=CARTESIAN_POINT('Origin',(-190.,-103.5,164.75));
#19410=CARTESIAN_POINT('',(-190.,-103.5,164.75));
#19411=CARTESIAN_POINT('',(-190.,-103.5,164.75));
#19412=CARTESIAN_POINT('',(190.,-103.5,164.75));
#19413=CARTESIAN_POINT('',(190.,-103.5,164.75));
#19414=CARTESIAN_POINT('',(-190.,-103.5,164.75));
#19415=CARTESIAN_POINT('Origin',(-190.,-106.,164.75));
#19416=CARTESIAN_POINT('',(-190.,-106.,164.75));
#19417=CARTESIAN_POINT('',(-190.,-106.,164.75));
#19418=CARTESIAN_POINT('',(190.,-106.,164.75));
#19419=CARTESIAN_POINT('',(190.,-106.,164.75));
#19420=CARTESIAN_POINT('',(-190.,-106.,164.75));
#19421=CARTESIAN_POINT('Origin',(-190.,-106.,163.));
#19422=CARTESIAN_POINT('',(-190.,-106.,163.));
#19423=CARTESIAN_POINT('',(-190.,-106.,163.));
#19424=CARTESIAN_POINT('',(190.,-106.,163.));
#19425=CARTESIAN_POINT('',(190.,-106.,163.));
#19426=CARTESIAN_POINT('',(-190.,-106.,163.));
#19427=CARTESIAN_POINT('Origin',(-190.,-107.,163.));
#19428=CARTESIAN_POINT('',(-190.,-107.,163.));
#19429=CARTESIAN_POINT('',(-190.,-107.,163.));
#19430=CARTESIAN_POINT('',(190.,-107.,163.));
#19431=CARTESIAN_POINT('',(190.,-107.,163.));
#19432=CARTESIAN_POINT('',(-190.,-107.,163.));
#19433=CARTESIAN_POINT('Origin',(-190.,-107.5,163.5));
#19434=CARTESIAN_POINT('',(-190.,-107.5,163.5));
#19435=CARTESIAN_POINT('',(-190.,-107.5,163.5));
#19436=CARTESIAN_POINT('',(190.,-107.5,163.5));
#19437=CARTESIAN_POINT('',(190.,-107.5,163.5));
#19438=CARTESIAN_POINT('',(-190.,-107.5,163.5));
#19439=CARTESIAN_POINT('Origin',(-190.,-107.5,168.5));
#19440=CARTESIAN_POINT('',(-190.,-107.5,168.5));
#19441=CARTESIAN_POINT('',(-190.,-107.5,168.5));
#19442=CARTESIAN_POINT('',(190.,-107.5,168.5));
#19443=CARTESIAN_POINT('',(190.,-107.5,168.5));
#19444=CARTESIAN_POINT('',(-190.,-107.5,168.5));
#19445=CARTESIAN_POINT('Origin',(-190.,-106.,170.));
#19446=CARTESIAN_POINT('',(-190.,-106.,170.));
#19447=CARTESIAN_POINT('',(-190.,-106.,170.));
#19448=CARTESIAN_POINT('',(190.,-106.,170.));
#19449=CARTESIAN_POINT('',(190.,-106.,170.));
#19450=CARTESIAN_POINT('',(-190.,-106.,170.));
#19451=CARTESIAN_POINT('Origin',(-190.,-101.,170.));
#19452=CARTESIAN_POINT('',(-190.,-101.,170.));
#19453=CARTESIAN_POINT('',(-190.,-101.,170.));
#19454=CARTESIAN_POINT('',(190.,-101.,170.));
#19455=CARTESIAN_POINT('',(190.,-101.,170.));
#19456=CARTESIAN_POINT('',(-190.,-101.,170.));
#19457=CARTESIAN_POINT('Origin',(-190.,-100.5,169.5));
#19458=CARTESIAN_POINT('',(-190.,-100.5,169.5));
#19459=CARTESIAN_POINT('',(-190.,-100.5,169.5));
#19460=CARTESIAN_POINT('',(190.,-100.5,169.5));
#19461=CARTESIAN_POINT('',(190.,-100.5,169.5));
#19462=CARTESIAN_POINT('',(-190.,-100.5,169.5));
#19463=CARTESIAN_POINT('Origin',(-190.,-100.5,168.5));
#19464=CARTESIAN_POINT('',(-190.,-100.5,168.5));
#19465=CARTESIAN_POINT('',(-190.,-100.5,168.5));
#19466=CARTESIAN_POINT('',(190.,-100.5,168.5));
#19467=CARTESIAN_POINT('',(190.,-100.5,168.5));
#19468=CARTESIAN_POINT('',(-190.,-100.5,168.5));
#19469=CARTESIAN_POINT('Origin',(-190.,-102.25,168.5));
#19470=CARTESIAN_POINT('',(-190.,-102.25,168.5));
#19471=CARTESIAN_POINT('',(-190.,-102.25,168.5));
#19472=CARTESIAN_POINT('',(190.,-102.25,168.5));
#19473=CARTESIAN_POINT('',(190.,-102.25,168.5));
#19474=CARTESIAN_POINT('',(-190.,-102.25,168.5));
#19475=CARTESIAN_POINT('Origin',(-190.,-102.25,166.));
#19476=CARTESIAN_POINT('',(-190.,-102.25,166.));
#19477=CARTESIAN_POINT('',(-190.,-102.25,166.));
#19478=CARTESIAN_POINT('',(190.,-102.25,166.));
#19479=CARTESIAN_POINT('',(190.,-102.25,166.));
#19480=CARTESIAN_POINT('',(-190.,-102.25,166.));
#19481=CARTESIAN_POINT('Origin',(-190.,-92.75,166.));
#19482=CARTESIAN_POINT('',(-190.,-92.75,166.));
#19483=CARTESIAN_POINT('',(-190.,-92.75,166.));
#19484=CARTESIAN_POINT('',(190.,-92.75,166.));
#19485=CARTESIAN_POINT('',(190.,-92.75,166.));
#19486=CARTESIAN_POINT('',(-190.,-92.75,166.));
#19487=CARTESIAN_POINT('Origin',(-190.,-92.75,168.5));
#19488=CARTESIAN_POINT('',(-190.,-92.75,168.5));
#19489=CARTESIAN_POINT('',(-190.,-92.75,168.5));
#19490=CARTESIAN_POINT('',(190.,-92.75,168.5));
#19491=CARTESIAN_POINT('',(190.,-92.75,168.5));
#19492=CARTESIAN_POINT('',(-190.,-92.75,168.5));
#19493=CARTESIAN_POINT('Origin',(-190.,-94.5,168.5));
#19494=CARTESIAN_POINT('',(-190.,-94.5,168.5));
#19495=CARTESIAN_POINT('',(-190.,-94.5,168.5));
#19496=CARTESIAN_POINT('',(190.,-94.5,168.5));
#19497=CARTESIAN_POINT('',(190.,-94.5,168.5));
#19498=CARTESIAN_POINT('',(-190.,-94.5,168.5));
#19499=CARTESIAN_POINT('Origin',(-190.,-94.5,169.5));
#19500=CARTESIAN_POINT('',(-190.,-94.5,169.5));
#19501=CARTESIAN_POINT('',(-190.,-94.5,169.5));
#19502=CARTESIAN_POINT('',(190.,-94.5,169.5));
#19503=CARTESIAN_POINT('',(190.,-94.5,169.5));
#19504=CARTESIAN_POINT('',(-190.,-94.5,169.5));
#19505=CARTESIAN_POINT('Origin',(-190.,-94.,170.));
#19506=CARTESIAN_POINT('',(-190.,-94.,170.));
#19507=CARTESIAN_POINT('',(-190.,-94.,170.));
#19508=CARTESIAN_POINT('',(190.,-94.,170.));
#19509=CARTESIAN_POINT('',(190.,-94.,170.));
#19510=CARTESIAN_POINT('',(-190.,-94.,170.));
#19511=CARTESIAN_POINT('Origin',(-190.,-89.,170.));
#19512=CARTESIAN_POINT('',(-190.,-89.,170.));
#19513=CARTESIAN_POINT('',(-190.,-89.,170.));
#19514=CARTESIAN_POINT('',(190.,-89.,170.));
#19515=CARTESIAN_POINT('',(190.,-89.,170.));
#19516=CARTESIAN_POINT('',(-190.,-89.,170.));
#19517=CARTESIAN_POINT('Origin',(-190.,-87.5,168.5));
#19518=CARTESIAN_POINT('',(-190.,-87.5,168.5));
#19519=CARTESIAN_POINT('',(190.,-87.5,168.5));
#19520=CARTESIAN_POINT('Origin',(190.,-97.5,160.));
#19521=CARTESIAN_POINT('Origin',(-190.,-97.5,160.));
#19522=CARTESIAN_POINT('Origin',(-190.,97.5,160.));
#19523=CARTESIAN_POINT('',(190.,97.5,162.5));
#19524=CARTESIAN_POINT('Origin',(190.,97.5,160.));
#19525=CARTESIAN_POINT('',(-190.,97.5,162.5));
#19526=CARTESIAN_POINT('',(-190.,97.5,162.5));
#19527=CARTESIAN_POINT('Origin',(-190.,97.5,160.));
#19528=CARTESIAN_POINT('Origin',(-190.,107.5,163.5));
#19529=CARTESIAN_POINT('',(-190.,107.5,163.5));
#19530=CARTESIAN_POINT('',(-190.,107.5,168.5));
#19531=CARTESIAN_POINT('',(-190.,107.5,163.5));
#19532=CARTESIAN_POINT('',(190.,107.5,168.5));
#19533=CARTESIAN_POINT('',(-190.,107.5,168.5));
#19534=CARTESIAN_POINT('',(190.,107.5,163.5));
#19535=CARTESIAN_POINT('',(190.,107.5,163.5));
#19536=CARTESIAN_POINT('',(-190.,107.5,163.5));
#19537=CARTESIAN_POINT('Origin',(-190.,107.,163.));
#19538=CARTESIAN_POINT('',(-190.,107.,163.));
#19539=CARTESIAN_POINT('',(-190.,107.,163.));
#19540=CARTESIAN_POINT('',(190.,107.,163.));
#19541=CARTESIAN_POINT('',(190.,107.,163.));
#19542=CARTESIAN_POINT('',(-190.,107.,163.));
#19543=CARTESIAN_POINT('Origin',(-190.,106.,163.));
#19544=CARTESIAN_POINT('',(-190.,106.,163.));
#19545=CARTESIAN_POINT('',(-190.,106.,163.));
#19546=CARTESIAN_POINT('',(190.,106.,163.));
#19547=CARTESIAN_POINT('',(190.,106.,163.));
#19548=CARTESIAN_POINT('',(-190.,106.,163.));
#19549=CARTESIAN_POINT('Origin',(-190.,106.,164.75));
#19550=CARTESIAN_POINT('',(-190.,106.,164.75));
#19551=CARTESIAN_POINT('',(-190.,106.,164.75));
#19552=CARTESIAN_POINT('',(190.,106.,164.75));
#19553=CARTESIAN_POINT('',(190.,106.,164.75));
#19554=CARTESIAN_POINT('',(-190.,106.,164.75));
#19555=CARTESIAN_POINT('Origin',(-190.,103.5,164.75));
#19556=CARTESIAN_POINT('',(-190.,103.5,164.75));
#19557=CARTESIAN_POINT('',(-190.,103.5,164.75));
#19558=CARTESIAN_POINT('',(190.,103.5,164.75));
#19559=CARTESIAN_POINT('',(190.,103.5,164.75));
#19560=CARTESIAN_POINT('',(-190.,103.5,164.75));
#19561=CARTESIAN_POINT('Origin',(-190.,103.5,155.25));
#19562=CARTESIAN_POINT('',(-190.,103.5,155.25));
#19563=CARTESIAN_POINT('',(-190.,103.5,155.25));
#19564=CARTESIAN_POINT('',(190.,103.5,155.25));
#19565=CARTESIAN_POINT('',(190.,103.5,155.25));
#19566=CARTESIAN_POINT('',(-190.,103.5,155.25));
#19567=CARTESIAN_POINT('Origin',(-190.,106.,155.25));
#19568=CARTESIAN_POINT('',(-190.,106.,155.25));
#19569=CARTESIAN_POINT('',(-190.,106.,155.25));
#19570=CARTESIAN_POINT('',(190.,106.,155.25));
#19571=CARTESIAN_POINT('',(190.,106.,155.25));
#19572=CARTESIAN_POINT('',(-190.,106.,155.25));
#19573=CARTESIAN_POINT('Origin',(-190.,106.,157.));
#19574=CARTESIAN_POINT('',(-190.,106.,157.));
#19575=CARTESIAN_POINT('',(-190.,106.,157.));
#19576=CARTESIAN_POINT('',(190.,106.,157.));
#19577=CARTESIAN_POINT('',(190.,106.,157.));
#19578=CARTESIAN_POINT('',(-190.,106.,157.));
#19579=CARTESIAN_POINT('Origin',(-190.,107.,157.));
#19580=CARTESIAN_POINT('',(-190.,107.,157.));
#19581=CARTESIAN_POINT('',(-190.,107.,157.));
#19582=CARTESIAN_POINT('',(190.,107.,157.));
#19583=CARTESIAN_POINT('',(190.,107.,157.));
#19584=CARTESIAN_POINT('',(-190.,107.,157.));
#19585=CARTESIAN_POINT('Origin',(-190.,107.5,156.5));
#19586=CARTESIAN_POINT('',(-190.,107.5,156.5));
#19587=CARTESIAN_POINT('',(-190.,107.5,156.5));
#19588=CARTESIAN_POINT('',(190.,107.5,156.5));
#19589=CARTESIAN_POINT('',(190.,107.5,156.5));
#19590=CARTESIAN_POINT('',(-190.,107.5,156.5));
#19591=CARTESIAN_POINT('Origin',(-190.,107.5,151.5));
#19592=CARTESIAN_POINT('',(-190.,107.5,151.5));
#19593=CARTESIAN_POINT('',(-190.,107.5,151.5));
#19594=CARTESIAN_POINT('',(190.,107.5,151.5));
#19595=CARTESIAN_POINT('',(190.,107.5,151.5));
#19596=CARTESIAN_POINT('',(-190.,107.5,151.5));
#19597=CARTESIAN_POINT('Origin',(-190.,106.,150.));
#19598=CARTESIAN_POINT('',(-190.,106.,150.));
#19599=CARTESIAN_POINT('',(-190.,106.,150.));
#19600=CARTESIAN_POINT('',(190.,106.,150.));
#19601=CARTESIAN_POINT('',(190.,106.,150.));
#19602=CARTESIAN_POINT('',(-190.,106.,150.));
#19603=CARTESIAN_POINT('Origin',(-190.,101.,150.));
#19604=CARTESIAN_POINT('',(-190.,101.,150.));
#19605=CARTESIAN_POINT('',(-190.,101.,150.));
#19606=CARTESIAN_POINT('',(190.,101.,150.));
#19607=CARTESIAN_POINT('',(190.,101.,150.));
#19608=CARTESIAN_POINT('',(-190.,101.,150.));
#19609=CARTESIAN_POINT('Origin',(-190.,100.5,150.5));
#19610=CARTESIAN_POINT('',(-190.,100.5,150.5));
#19611=CARTESIAN_POINT('',(-190.,100.5,150.5));
#19612=CARTESIAN_POINT('',(190.,100.5,150.5));
#19613=CARTESIAN_POINT('',(190.,100.5,150.5));
#19614=CARTESIAN_POINT('',(-190.,100.5,150.5));
#19615=CARTESIAN_POINT('Origin',(-190.,100.5,151.5));
#19616=CARTESIAN_POINT('',(-190.,100.5,151.5));
#19617=CARTESIAN_POINT('',(-190.,100.5,151.5));
#19618=CARTESIAN_POINT('',(190.,100.5,151.5));
#19619=CARTESIAN_POINT('',(190.,100.5,151.5));
#19620=CARTESIAN_POINT('',(-190.,100.5,151.5));
#19621=CARTESIAN_POINT('Origin',(-190.,102.25,151.5));
#19622=CARTESIAN_POINT('',(-190.,102.25,151.5));
#19623=CARTESIAN_POINT('',(-190.,102.25,151.5));
#19624=CARTESIAN_POINT('',(190.,102.25,151.5));
#19625=CARTESIAN_POINT('',(190.,102.25,151.5));
#19626=CARTESIAN_POINT('',(-190.,102.25,151.5));
#19627=CARTESIAN_POINT('Origin',(-190.,102.25,154.));
#19628=CARTESIAN_POINT('',(-190.,102.25,154.));
#19629=CARTESIAN_POINT('',(-190.,102.25,154.));
#19630=CARTESIAN_POINT('',(190.,102.25,154.));
#19631=CARTESIAN_POINT('',(190.,102.25,154.));
#19632=CARTESIAN_POINT('',(-190.,102.25,154.));
#19633=CARTESIAN_POINT('Origin',(-190.,92.75,154.));
#19634=CARTESIAN_POINT('',(-190.,92.75,154.));
#19635=CARTESIAN_POINT('',(-190.,92.75,154.));
#19636=CARTESIAN_POINT('',(190.,92.75,154.));
#19637=CARTESIAN_POINT('',(190.,92.75,154.));
#19638=CARTESIAN_POINT('',(-190.,92.75,154.));
#19639=CARTESIAN_POINT('Origin',(-190.,92.75,151.5));
#19640=CARTESIAN_POINT('',(-190.,92.75,151.5));
#19641=CARTESIAN_POINT('',(-190.,92.75,151.5));
#19642=CARTESIAN_POINT('',(190.,92.75,151.5));
#19643=CARTESIAN_POINT('',(190.,92.75,151.5));
#19644=CARTESIAN_POINT('',(-190.,92.75,151.5));
#19645=CARTESIAN_POINT('Origin',(-190.,94.5,151.5));
#19646=CARTESIAN_POINT('',(-190.,94.5,151.5));
#19647=CARTESIAN_POINT('',(-190.,94.5,151.5));
#19648=CARTESIAN_POINT('',(190.,94.5,151.5));
#19649=CARTESIAN_POINT('',(190.,94.5,151.5));
#19650=CARTESIAN_POINT('',(-190.,94.5,151.5));
#19651=CARTESIAN_POINT('Origin',(-190.,94.5,150.5));
#19652=CARTESIAN_POINT('',(-190.,94.5,150.5));
#19653=CARTESIAN_POINT('',(-190.,94.5,150.5));
#19654=CARTESIAN_POINT('',(190.,94.5,150.5));
#19655=CARTESIAN_POINT('',(190.,94.5,150.5));
#19656=CARTESIAN_POINT('',(-190.,94.5,150.5));
#19657=CARTESIAN_POINT('Origin',(-190.,94.,150.));
#19658=CARTESIAN_POINT('',(-190.,94.,150.));
#19659=CARTESIAN_POINT('',(-190.,94.,150.));
#19660=CARTESIAN_POINT('',(190.,94.,150.));
#19661=CARTESIAN_POINT('',(190.,94.,150.));
#19662=CARTESIAN_POINT('',(-190.,94.,150.));
#19663=CARTESIAN_POINT('Origin',(-190.,89.,150.));
#19664=CARTESIAN_POINT('',(-190.,89.,150.));
#19665=CARTESIAN_POINT('',(-190.,89.,150.));
#19666=CARTESIAN_POINT('',(190.,89.,150.));
#19667=CARTESIAN_POINT('',(190.,89.,150.));
#19668=CARTESIAN_POINT('',(-190.,89.,150.));
#19669=CARTESIAN_POINT('Origin',(-190.,87.5,151.5));
#19670=CARTESIAN_POINT('',(-190.,87.5,151.5));
#19671=CARTESIAN_POINT('',(-190.,87.5,151.5));
#19672=CARTESIAN_POINT('',(190.,87.5,151.5));
#19673=CARTESIAN_POINT('',(190.,87.5,151.5));
#19674=CARTESIAN_POINT('',(-190.,87.5,151.5));
#19675=CARTESIAN_POINT('Origin',(-190.,87.5,156.5));
#19676=CARTESIAN_POINT('',(-190.,87.5,156.5));
#19677=CARTESIAN_POINT('',(-190.,87.5,156.5));
#19678=CARTESIAN_POINT('',(190.,87.5,156.5));
#19679=CARTESIAN_POINT('',(190.,87.5,156.5));
#19680=CARTESIAN_POINT('',(-190.,87.5,156.5));
#19681=CARTESIAN_POINT('Origin',(-190.,88.,157.));
#19682=CARTESIAN_POINT('',(-190.,88.,157.));
#19683=CARTESIAN_POINT('',(-190.,88.,157.));
#19684=CARTESIAN_POINT('',(190.,88.,157.));
#19685=CARTESIAN_POINT('',(190.,88.,157.));
#19686=CARTESIAN_POINT('',(-190.,88.,157.));
#19687=CARTESIAN_POINT('Origin',(-190.,89.,157.));
#19688=CARTESIAN_POINT('',(-190.,89.,157.));
#19689=CARTESIAN_POINT('',(-190.,89.,157.));
#19690=CARTESIAN_POINT('',(190.,89.,157.));
#19691=CARTESIAN_POINT('',(190.,89.,157.));
#19692=CARTESIAN_POINT('',(-190.,89.,157.));
#19693=CARTESIAN_POINT('Origin',(-190.,89.,155.25));
#19694=CARTESIAN_POINT('',(-190.,89.,155.25));
#19695=CARTESIAN_POINT('',(-190.,89.,155.25));
#19696=CARTESIAN_POINT('',(190.,89.,155.25));
#19697=CARTESIAN_POINT('',(190.,89.,155.25));
#19698=CARTESIAN_POINT('',(-190.,89.,155.25));
#19699=CARTESIAN_POINT('Origin',(-190.,91.5,155.25));
#19700=CARTESIAN_POINT('',(-190.,91.5,155.25));
#19701=CARTESIAN_POINT('',(-190.,91.5,155.25));
#19702=CARTESIAN_POINT('',(190.,91.5,155.25));
#19703=CARTESIAN_POINT('',(190.,91.5,155.25));
#19704=CARTESIAN_POINT('',(-190.,91.5,155.25));
#19705=CARTESIAN_POINT('Origin',(-190.,91.5,164.75));
#19706=CARTESIAN_POINT('',(-190.,91.5,164.75));
#19707=CARTESIAN_POINT('',(-190.,91.5,164.75));
#19708=CARTESIAN_POINT('',(190.,91.5,164.75));
#19709=CARTESIAN_POINT('',(190.,91.5,164.75));
#19710=CARTESIAN_POINT('',(-190.,91.5,164.75));
#19711=CARTESIAN_POINT('Origin',(-190.,89.,164.75));
#19712=CARTESIAN_POINT('',(-190.,89.,164.75));
#19713=CARTESIAN_POINT('',(-190.,89.,164.75));
#19714=CARTESIAN_POINT('',(190.,89.,164.75));
#19715=CARTESIAN_POINT('',(190.,89.,164.75));
#19716=CARTESIAN_POINT('',(-190.,89.,164.75));
#19717=CARTESIAN_POINT('Origin',(-190.,89.,163.));
#19718=CARTESIAN_POINT('',(-190.,89.,163.));
#19719=CARTESIAN_POINT('',(-190.,89.,163.));
#19720=CARTESIAN_POINT('',(190.,89.,163.));
#19721=CARTESIAN_POINT('',(190.,89.,163.));
#19722=CARTESIAN_POINT('',(-190.,89.,163.));
#19723=CARTESIAN_POINT('Origin',(-190.,88.,163.));
#19724=CARTESIAN_POINT('',(-190.,88.,163.));
#19725=CARTESIAN_POINT('',(-190.,88.,163.));
#19726=CARTESIAN_POINT('',(190.,88.,163.));
#19727=CARTESIAN_POINT('',(190.,88.,163.));
#19728=CARTESIAN_POINT('',(-190.,88.,163.));
#19729=CARTESIAN_POINT('Origin',(-190.,87.5,163.5));
#19730=CARTESIAN_POINT('',(-190.,87.5,163.5));
#19731=CARTESIAN_POINT('',(-190.,87.5,163.5));
#19732=CARTESIAN_POINT('',(190.,87.5,163.5));
#19733=CARTESIAN_POINT('',(190.,87.5,163.5));
#19734=CARTESIAN_POINT('',(-190.,87.5,163.5));
#19735=CARTESIAN_POINT('Origin',(-190.,87.5,168.5));
#19736=CARTESIAN_POINT('',(-190.,87.5,168.5));
#19737=CARTESIAN_POINT('',(-190.,87.5,168.5));
#19738=CARTESIAN_POINT('',(190.,87.5,168.5));
#19739=CARTESIAN_POINT('',(190.,87.5,168.5));
#19740=CARTESIAN_POINT('',(-190.,87.5,168.5));
#19741=CARTESIAN_POINT('Origin',(-190.,89.,170.));
#19742=CARTESIAN_POINT('',(-190.,89.,170.));
#19743=CARTESIAN_POINT('',(-190.,89.,170.));
#19744=CARTESIAN_POINT('',(190.,89.,170.));
#19745=CARTESIAN_POINT('',(190.,89.,170.));
#19746=CARTESIAN_POINT('',(-190.,89.,170.));
#19747=CARTESIAN_POINT('Origin',(-190.,94.,170.));
#19748=CARTESIAN_POINT('',(-190.,94.,170.));
#19749=CARTESIAN_POINT('',(-190.,94.,170.));
#19750=CARTESIAN_POINT('',(190.,94.,170.));
#19751=CARTESIAN_POINT('',(190.,94.,170.));
#19752=CARTESIAN_POINT('',(-190.,94.,170.));
#19753=CARTESIAN_POINT('Origin',(-190.,94.5,169.5));
#19754=CARTESIAN_POINT('',(-190.,94.5,169.5));
#19755=CARTESIAN_POINT('',(-190.,94.5,169.5));
#19756=CARTESIAN_POINT('',(190.,94.5,169.5));
#19757=CARTESIAN_POINT('',(190.,94.5,169.5));
#19758=CARTESIAN_POINT('',(-190.,94.5,169.5));
#19759=CARTESIAN_POINT('Origin',(-190.,94.5,168.5));
#19760=CARTESIAN_POINT('',(-190.,94.5,168.5));
#19761=CARTESIAN_POINT('',(-190.,94.5,168.5));
#19762=CARTESIAN_POINT('',(190.,94.5,168.5));
#19763=CARTESIAN_POINT('',(190.,94.5,168.5));
#19764=CARTESIAN_POINT('',(-190.,94.5,168.5));
#19765=CARTESIAN_POINT('Origin',(-190.,92.75,168.5));
#19766=CARTESIAN_POINT('',(-190.,92.75,168.5));
#19767=CARTESIAN_POINT('',(-190.,92.75,168.5));
#19768=CARTESIAN_POINT('',(190.,92.75,168.5));
#19769=CARTESIAN_POINT('',(190.,92.75,168.5));
#19770=CARTESIAN_POINT('',(-190.,92.75,168.5));
#19771=CARTESIAN_POINT('Origin',(-190.,92.75,166.));
#19772=CARTESIAN_POINT('',(-190.,92.75,166.));
#19773=CARTESIAN_POINT('',(-190.,92.75,166.));
#19774=CARTESIAN_POINT('',(190.,92.75,166.));
#19775=CARTESIAN_POINT('',(190.,92.75,166.));
#19776=CARTESIAN_POINT('',(-190.,92.75,166.));
#19777=CARTESIAN_POINT('Origin',(-190.,102.25,166.));
#19778=CARTESIAN_POINT('',(-190.,102.25,166.));
#19779=CARTESIAN_POINT('',(-190.,102.25,166.));
#19780=CARTESIAN_POINT('',(190.,102.25,166.));
#19781=CARTESIAN_POINT('',(190.,102.25,166.));
#19782=CARTESIAN_POINT('',(-190.,102.25,166.));
#19783=CARTESIAN_POINT('Origin',(-190.,102.25,168.5));
#19784=CARTESIAN_POINT('',(-190.,102.25,168.5));
#19785=CARTESIAN_POINT('',(-190.,102.25,168.5));
#19786=CARTESIAN_POINT('',(190.,102.25,168.5));
#19787=CARTESIAN_POINT('',(190.,102.25,168.5));
#19788=CARTESIAN_POINT('',(-190.,102.25,168.5));
#19789=CARTESIAN_POINT('Origin',(-190.,100.5,168.5));
#19790=CARTESIAN_POINT('',(-190.,100.5,168.5));
#19791=CARTESIAN_POINT('',(-190.,100.5,168.5));
#19792=CARTESIAN_POINT('',(190.,100.5,168.5));
#19793=CARTESIAN_POINT('',(190.,100.5,168.5));
#19794=CARTESIAN_POINT('',(-190.,100.5,168.5));
#19795=CARTESIAN_POINT('Origin',(-190.,100.5,169.5));
#19796=CARTESIAN_POINT('',(-190.,100.5,169.5));
#19797=CARTESIAN_POINT('',(-190.,100.5,169.5));
#19798=CARTESIAN_POINT('',(190.,100.5,169.5));
#19799=CARTESIAN_POINT('',(190.,100.5,169.5));
#19800=CARTESIAN_POINT('',(-190.,100.5,169.5));
#19801=CARTESIAN_POINT('Origin',(-190.,101.,170.));
#19802=CARTESIAN_POINT('',(-190.,101.,170.));
#19803=CARTESIAN_POINT('',(-190.,101.,170.));
#19804=CARTESIAN_POINT('',(190.,101.,170.));
#19805=CARTESIAN_POINT('',(190.,101.,170.));
#19806=CARTESIAN_POINT('',(-190.,101.,170.));
#19807=CARTESIAN_POINT('Origin',(-190.,106.,170.));
#19808=CARTESIAN_POINT('',(-190.,106.,170.));
#19809=CARTESIAN_POINT('',(-190.,106.,170.));
#19810=CARTESIAN_POINT('',(190.,106.,170.));
#19811=CARTESIAN_POINT('',(190.,106.,170.));
#19812=CARTESIAN_POINT('',(-190.,106.,170.));
#19813=CARTESIAN_POINT('Origin',(-190.,107.5,168.5));
#19814=CARTESIAN_POINT('',(-190.,107.5,168.5));
#19815=CARTESIAN_POINT('',(190.,107.5,168.5));
#19816=CARTESIAN_POINT('Origin',(190.,97.5,160.));
#19817=CARTESIAN_POINT('Origin',(-190.,97.5,160.));
#19818=CARTESIAN_POINT('Origin',(-200.,-87.5,10.));
#19819=CARTESIAN_POINT('',(-202.5,87.5,10.));
#19820=CARTESIAN_POINT('Origin',(-200.,87.5,10.));
#19821=CARTESIAN_POINT('',(-202.5,-87.5,10.));
#19822=CARTESIAN_POINT('',(-202.5,-87.5,10.));
#19823=CARTESIAN_POINT('Origin',(-200.,-87.5,10.));
#19824=CARTESIAN_POINT('Origin',(-191.5,-87.5,20.));
#19825=CARTESIAN_POINT('',(-190.,-87.5,18.5));
#19826=CARTESIAN_POINT('',(-191.5,-87.5,20.));
#19827=CARTESIAN_POINT('',(-190.,-87.5,18.5));
#19828=CARTESIAN_POINT('',(-190.,87.5,18.5));
#19829=CARTESIAN_POINT('',(-190.,-87.5,18.5));
#19830=CARTESIAN_POINT('',(-191.5,87.5,20.));
#19831=CARTESIAN_POINT('',(-190.,87.5,18.5));
#19832=CARTESIAN_POINT('',(-191.5,-87.5,20.));
#19833=CARTESIAN_POINT('Origin',(-196.5,-87.5,20.));
#19834=CARTESIAN_POINT('',(-196.5,-87.5,20.));
#19835=CARTESIAN_POINT('',(-191.5,-87.5,20.));
#19836=CARTESIAN_POINT('',(-196.5,87.5,20.));
#19837=CARTESIAN_POINT('',(-191.5,87.5,20.));
#19838=CARTESIAN_POINT('',(-196.5,-87.5,20.));
#19839=CARTESIAN_POINT('Origin',(-197.,-87.5,19.5));
#19840=CARTESIAN_POINT('',(-197.,-87.5,19.5));
#19841=CARTESIAN_POINT('',(-196.5,-87.5,20.));
#19842=CARTESIAN_POINT('',(-197.,87.5,19.5));
#19843=CARTESIAN_POINT('',(-196.5,87.5,20.));
#19844=CARTESIAN_POINT('',(-197.,-87.5,19.5));
#19845=CARTESIAN_POINT('Origin',(-197.,-87.5,18.5));
#19846=CARTESIAN_POINT('',(-197.,-87.5,18.5));
#19847=CARTESIAN_POINT('',(-197.,-87.5,19.5));
#19848=CARTESIAN_POINT('',(-197.,87.5,18.5));
#19849=CARTESIAN_POINT('',(-197.,87.5,19.5));
#19850=CARTESIAN_POINT('',(-197.,-87.5,18.5));
#19851=CARTESIAN_POINT('Origin',(-195.25,-87.5,18.5));
#19852=CARTESIAN_POINT('',(-195.25,-87.5,18.5));
#19853=CARTESIAN_POINT('',(-197.,-87.5,18.5));
#19854=CARTESIAN_POINT('',(-195.25,87.5,18.5));
#19855=CARTESIAN_POINT('',(-197.,87.5,18.5));
#19856=CARTESIAN_POINT('',(-195.25,-87.5,18.5));
#19857=CARTESIAN_POINT('Origin',(-195.25,-87.5,16.));
#19858=CARTESIAN_POINT('',(-195.25,-87.5,16.));
#19859=CARTESIAN_POINT('',(-195.25,-87.5,18.5));
#19860=CARTESIAN_POINT('',(-195.25,87.5,16.));
#19861=CARTESIAN_POINT('',(-195.25,87.5,18.5));
#19862=CARTESIAN_POINT('',(-195.25,-87.5,16.));
#19863=CARTESIAN_POINT('Origin',(-204.75,-87.5,16.));
#19864=CARTESIAN_POINT('',(-204.75,-87.5,16.));
#19865=CARTESIAN_POINT('',(-195.25,-87.5,16.));
#19866=CARTESIAN_POINT('',(-204.75,87.5,16.));
#19867=CARTESIAN_POINT('',(-195.25,87.5,16.));
#19868=CARTESIAN_POINT('',(-204.75,-87.5,16.));
#19869=CARTESIAN_POINT('Origin',(-204.75,-87.5,18.5));
#19870=CARTESIAN_POINT('',(-204.75,-87.5,18.5));
#19871=CARTESIAN_POINT('',(-204.75,-87.5,16.));
#19872=CARTESIAN_POINT('',(-204.75,87.5,18.5));
#19873=CARTESIAN_POINT('',(-204.75,87.5,16.));
#19874=CARTESIAN_POINT('',(-204.75,-87.5,18.5));
#19875=CARTESIAN_POINT('Origin',(-203.,-87.5,18.5));
#19876=CARTESIAN_POINT('',(-203.,-87.5,18.5));
#19877=CARTESIAN_POINT('',(-204.75,-87.5,18.5));
#19878=CARTESIAN_POINT('',(-203.,87.5,18.5));
#19879=CARTESIAN_POINT('',(-204.75,87.5,18.5));
#19880=CARTESIAN_POINT('',(-203.,-87.5,18.5));
#19881=CARTESIAN_POINT('Origin',(-203.,-87.5,19.5));
#19882=CARTESIAN_POINT('',(-203.,-87.5,19.5));
#19883=CARTESIAN_POINT('',(-203.,-87.5,18.5));
#19884=CARTESIAN_POINT('',(-203.,87.5,19.5));
#19885=CARTESIAN_POINT('',(-203.,87.5,18.5));
#19886=CARTESIAN_POINT('',(-203.,-87.5,19.5));
#19887=CARTESIAN_POINT('Origin',(-203.5,-87.5,20.));
#19888=CARTESIAN_POINT('',(-203.5,-87.5,20.));
#19889=CARTESIAN_POINT('',(-203.,-87.5,19.5));
#19890=CARTESIAN_POINT('',(-203.5,87.5,20.));
#19891=CARTESIAN_POINT('',(-203.,87.5,19.5));
#19892=CARTESIAN_POINT('',(-203.5,-87.5,20.));
#19893=CARTESIAN_POINT('Origin',(-208.5,-87.5,20.));
#19894=CARTESIAN_POINT('',(-208.5,-87.5,20.));
#19895=CARTESIAN_POINT('',(-203.5,-87.5,20.));
#19896=CARTESIAN_POINT('',(-208.5,87.5,20.));
#19897=CARTESIAN_POINT('',(-203.5,87.5,20.));
#19898=CARTESIAN_POINT('',(-208.5,-87.5,20.));
#19899=CARTESIAN_POINT('Origin',(-210.,-87.5,18.5));
#19900=CARTESIAN_POINT('',(-210.,-87.5,18.5));
#19901=CARTESIAN_POINT('',(-208.5,-87.5,20.));
#19902=CARTESIAN_POINT('',(-210.,87.5,18.5));
#19903=CARTESIAN_POINT('',(-208.5,87.5,20.));
#19904=CARTESIAN_POINT('',(-210.,-87.5,18.5));
#19905=CARTESIAN_POINT('Origin',(-210.,-87.5,13.5));
#19906=CARTESIAN_POINT('',(-210.,-87.5,13.5));
#19907=CARTESIAN_POINT('',(-210.,-87.5,18.5));
#19908=CARTESIAN_POINT('',(-210.,87.5,13.5));
#19909=CARTESIAN_POINT('',(-210.,87.5,18.5));
#19910=CARTESIAN_POINT('',(-210.,-87.5,13.5));
#19911=CARTESIAN_POINT('Origin',(-209.5,-87.5,13.));
#19912=CARTESIAN_POINT('',(-209.5,-87.5,13.));
#19913=CARTESIAN_POINT('',(-210.,-87.5,13.5));
#19914=CARTESIAN_POINT('',(-209.5,87.5,13.));
#19915=CARTESIAN_POINT('',(-210.,87.5,13.5));
#19916=CARTESIAN_POINT('',(-209.5,-87.5,13.));
#19917=CARTESIAN_POINT('Origin',(-208.5,-87.5,13.));
#19918=CARTESIAN_POINT('',(-208.5,-87.5,13.));
#19919=CARTESIAN_POINT('',(-209.5,-87.5,13.));
#19920=CARTESIAN_POINT('',(-208.5,87.5,13.));
#19921=CARTESIAN_POINT('',(-209.5,87.5,13.));
#19922=CARTESIAN_POINT('',(-208.5,-87.5,13.));
#19923=CARTESIAN_POINT('Origin',(-208.5,-87.5,14.75));
#19924=CARTESIAN_POINT('',(-208.5,-87.5,14.75));
#19925=CARTESIAN_POINT('',(-208.5,-87.5,13.));
#19926=CARTESIAN_POINT('',(-208.5,87.5,14.75));
#19927=CARTESIAN_POINT('',(-208.5,87.5,13.));
#19928=CARTESIAN_POINT('',(-208.5,-87.5,14.75));
#19929=CARTESIAN_POINT('Origin',(-206.,-87.5,14.75));
#19930=CARTESIAN_POINT('',(-206.,-87.5,14.75));
#19931=CARTESIAN_POINT('',(-208.5,-87.5,14.75));
#19932=CARTESIAN_POINT('',(-206.,87.5,14.75));
#19933=CARTESIAN_POINT('',(-208.5,87.5,14.75));
#19934=CARTESIAN_POINT('',(-206.,-87.5,14.75));
#19935=CARTESIAN_POINT('Origin',(-206.,-87.5,5.25));
#19936=CARTESIAN_POINT('',(-206.,-87.5,5.25));
#19937=CARTESIAN_POINT('',(-206.,-87.5,14.75));
#19938=CARTESIAN_POINT('',(-206.,87.5,5.25));
#19939=CARTESIAN_POINT('',(-206.,87.5,14.75));
#19940=CARTESIAN_POINT('',(-206.,-87.5,5.25));
#19941=CARTESIAN_POINT('Origin',(-208.5,-87.5,5.25));
#19942=CARTESIAN_POINT('',(-208.5,-87.5,5.25));
#19943=CARTESIAN_POINT('',(-206.,-87.5,5.25));
#19944=CARTESIAN_POINT('',(-208.5,87.5,5.25));
#19945=CARTESIAN_POINT('',(-206.,87.5,5.25));
#19946=CARTESIAN_POINT('',(-208.5,-87.5,5.25));
#19947=CARTESIAN_POINT('Origin',(-208.5,-87.5,7.));
#19948=CARTESIAN_POINT('',(-208.5,-87.5,7.));
#19949=CARTESIAN_POINT('',(-208.5,-87.5,5.25));
#19950=CARTESIAN_POINT('',(-208.5,87.5,7.));
#19951=CARTESIAN_POINT('',(-208.5,87.5,5.25));
#19952=CARTESIAN_POINT('',(-208.5,-87.5,7.));
#19953=CARTESIAN_POINT('Origin',(-209.5,-87.5,7.));
#19954=CARTESIAN_POINT('',(-209.5,-87.5,7.));
#19955=CARTESIAN_POINT('',(-208.5,-87.5,7.));
#19956=CARTESIAN_POINT('',(-209.5,87.5,7.));
#19957=CARTESIAN_POINT('',(-208.5,87.5,7.));
#19958=CARTESIAN_POINT('',(-209.5,-87.5,7.));
#19959=CARTESIAN_POINT('Origin',(-210.,-87.5,6.5));
#19960=CARTESIAN_POINT('',(-210.,-87.5,6.5));
#19961=CARTESIAN_POINT('',(-209.5,-87.5,7.));
#19962=CARTESIAN_POINT('',(-210.,87.5,6.5));
#19963=CARTESIAN_POINT('',(-209.5,87.5,7.));
#19964=CARTESIAN_POINT('',(-210.,-87.5,6.5));
#19965=CARTESIAN_POINT('Origin',(-210.,-87.5,1.5));
#19966=CARTESIAN_POINT('',(-210.,-87.5,1.5));
#19967=CARTESIAN_POINT('',(-210.,-87.5,6.5));
#19968=CARTESIAN_POINT('',(-210.,87.5,1.5));
#19969=CARTESIAN_POINT('',(-210.,87.5,6.5));
#19970=CARTESIAN_POINT('',(-210.,-87.5,1.5));
#19971=CARTESIAN_POINT('Origin',(-208.5,-87.5,0.));
#19972=CARTESIAN_POINT('',(-208.5,-87.5,0.));
#19973=CARTESIAN_POINT('',(-210.,-87.5,1.5));
#19974=CARTESIAN_POINT('',(-208.5,87.5,0.));
#19975=CARTESIAN_POINT('',(-210.,87.5,1.5));
#19976=CARTESIAN_POINT('',(-208.5,-87.5,0.));
#19977=CARTESIAN_POINT('Origin',(-203.5,-87.5,0.));
#19978=CARTESIAN_POINT('',(-203.5,-87.5,0.));
#19979=CARTESIAN_POINT('',(-208.5,-87.5,0.));
#19980=CARTESIAN_POINT('',(-203.5,87.5,0.));
#19981=CARTESIAN_POINT('',(-208.5,87.5,0.));
#19982=CARTESIAN_POINT('',(-203.5,-87.5,0.));
#19983=CARTESIAN_POINT('Origin',(-203.,-87.5,0.5));
#19984=CARTESIAN_POINT('',(-203.,-87.5,0.5));
#19985=CARTESIAN_POINT('',(-203.5,-87.5,0.));
#19986=CARTESIAN_POINT('',(-203.,87.5,0.5));
#19987=CARTESIAN_POINT('',(-203.5,87.5,0.));
#19988=CARTESIAN_POINT('',(-203.,-87.5,0.5));
#19989=CARTESIAN_POINT('Origin',(-203.,-87.5,1.5));
#19990=CARTESIAN_POINT('',(-203.,-87.5,1.5));
#19991=CARTESIAN_POINT('',(-203.,-87.5,0.5));
#19992=CARTESIAN_POINT('',(-203.,87.5,1.5));
#19993=CARTESIAN_POINT('',(-203.,87.5,0.5));
#19994=CARTESIAN_POINT('',(-203.,-87.5,1.5));
#19995=CARTESIAN_POINT('Origin',(-204.75,-87.5,1.5));
#19996=CARTESIAN_POINT('',(-204.75,-87.5,1.5));
#19997=CARTESIAN_POINT('',(-203.,-87.5,1.5));
#19998=CARTESIAN_POINT('',(-204.75,87.5,1.5));
#19999=CARTESIAN_POINT('',(-203.,87.5,1.5));
#20000=CARTESIAN_POINT('',(-204.75,-87.5,1.5));
#20001=CARTESIAN_POINT('Origin',(-204.75,-87.5,4.));
#20002=CARTESIAN_POINT('',(-204.75,-87.5,4.));
#20003=CARTESIAN_POINT('',(-204.75,-87.5,1.5));
#20004=CARTESIAN_POINT('',(-204.75,87.5,4.));
#20005=CARTESIAN_POINT('',(-204.75,87.5,1.5));
#20006=CARTESIAN_POINT('',(-204.75,-87.5,4.));
#20007=CARTESIAN_POINT('Origin',(-195.25,-87.5,4.));
#20008=CARTESIAN_POINT('',(-195.25,-87.5,4.));
#20009=CARTESIAN_POINT('',(-204.75,-87.5,4.));
#20010=CARTESIAN_POINT('',(-195.25,87.5,4.));
#20011=CARTESIAN_POINT('',(-204.75,87.5,4.));
#20012=CARTESIAN_POINT('',(-195.25,-87.5,4.));
#20013=CARTESIAN_POINT('Origin',(-195.25,-87.5,1.5));
#20014=CARTESIAN_POINT('',(-195.25,-87.5,1.5));
#20015=CARTESIAN_POINT('',(-195.25,-87.5,4.));
#20016=CARTESIAN_POINT('',(-195.25,87.5,1.5));
#20017=CARTESIAN_POINT('',(-195.25,87.5,4.));
#20018=CARTESIAN_POINT('',(-195.25,-87.5,1.5));
#20019=CARTESIAN_POINT('Origin',(-197.,-87.5,1.5));
#20020=CARTESIAN_POINT('',(-197.,-87.5,1.5));
#20021=CARTESIAN_POINT('',(-195.25,-87.5,1.5));
#20022=CARTESIAN_POINT('',(-197.,87.5,1.5));
#20023=CARTESIAN_POINT('',(-195.25,87.5,1.5));
#20024=CARTESIAN_POINT('',(-197.,-87.5,1.5));
#20025=CARTESIAN_POINT('Origin',(-197.,-87.5,0.5));
#20026=CARTESIAN_POINT('',(-197.,-87.5,0.5));
#20027=CARTESIAN_POINT('',(-197.,-87.5,1.5));
#20028=CARTESIAN_POINT('',(-197.,87.5,0.5));
#20029=CARTESIAN_POINT('',(-197.,87.5,1.5));
#20030=CARTESIAN_POINT('',(-197.,-87.5,0.5));
#20031=CARTESIAN_POINT('Origin',(-196.5,-87.5,0.));
#20032=CARTESIAN_POINT('',(-196.5,-87.5,0.));
#20033=CARTESIAN_POINT('',(-197.,-87.5,0.5));
#20034=CARTESIAN_POINT('',(-196.5,87.5,0.));
#20035=CARTESIAN_POINT('',(-197.,87.5,0.5));
#20036=CARTESIAN_POINT('',(-196.5,-87.5,0.));
#20037=CARTESIAN_POINT('Origin',(-191.5,-87.5,0.));
#20038=CARTESIAN_POINT('',(-191.5,-87.5,0.));
#20039=CARTESIAN_POINT('',(-196.5,-87.5,0.));
#20040=CARTESIAN_POINT('',(-191.5,87.5,0.));
#20041=CARTESIAN_POINT('',(-196.5,87.5,0.));
#20042=CARTESIAN_POINT('',(-191.5,-87.5,0.));
#20043=CARTESIAN_POINT('Origin',(-190.,-87.5,1.5));
#20044=CARTESIAN_POINT('',(-190.,-87.5,1.5));
#20045=CARTESIAN_POINT('',(-191.5,-87.5,0.));
#20046=CARTESIAN_POINT('',(-190.,87.5,1.5));
#20047=CARTESIAN_POINT('',(-191.5,87.5,0.));
#20048=CARTESIAN_POINT('',(-190.,-87.5,1.5));
#20049=CARTESIAN_POINT('Origin',(-190.,-87.5,6.5));
#20050=CARTESIAN_POINT('',(-190.,-87.5,6.5));
#20051=CARTESIAN_POINT('',(-190.,-87.5,1.5));
#20052=CARTESIAN_POINT('',(-190.,87.5,6.5));
#20053=CARTESIAN_POINT('',(-190.,87.5,1.5));
#20054=CARTESIAN_POINT('',(-190.,-87.5,6.5));
#20055=CARTESIAN_POINT('Origin',(-190.5,-87.5,7.));
#20056=CARTESIAN_POINT('',(-190.5,-87.5,7.));
#20057=CARTESIAN_POINT('',(-190.,-87.5,6.5));
#20058=CARTESIAN_POINT('',(-190.5,87.5,7.));
#20059=CARTESIAN_POINT('',(-190.,87.5,6.5));
#20060=CARTESIAN_POINT('',(-190.5,-87.5,7.));
#20061=CARTESIAN_POINT('Origin',(-191.5,-87.5,7.));
#20062=CARTESIAN_POINT('',(-191.5,-87.5,7.));
#20063=CARTESIAN_POINT('',(-190.5,-87.5,7.));
#20064=CARTESIAN_POINT('',(-191.5,87.5,7.));
#20065=CARTESIAN_POINT('',(-190.5,87.5,7.));
#20066=CARTESIAN_POINT('',(-191.5,-87.5,7.));
#20067=CARTESIAN_POINT('Origin',(-191.5,-87.5,5.25));
#20068=CARTESIAN_POINT('',(-191.5,-87.5,5.25));
#20069=CARTESIAN_POINT('',(-191.5,-87.5,7.));
#20070=CARTESIAN_POINT('',(-191.5,87.5,5.25));
#20071=CARTESIAN_POINT('',(-191.5,87.5,7.));
#20072=CARTESIAN_POINT('',(-191.5,-87.5,5.25));
#20073=CARTESIAN_POINT('Origin',(-194.,-87.5,5.25));
#20074=CARTESIAN_POINT('',(-194.,-87.5,5.25));
#20075=CARTESIAN_POINT('',(-191.5,-87.5,5.25));
#20076=CARTESIAN_POINT('',(-194.,87.5,5.25));
#20077=CARTESIAN_POINT('',(-191.5,87.5,5.25));
#20078=CARTESIAN_POINT('',(-194.,-87.5,5.25));
#20079=CARTESIAN_POINT('Origin',(-194.,-87.5,14.75));
#20080=CARTESIAN_POINT('',(-194.,-87.5,14.75));
#20081=CARTESIAN_POINT('',(-194.,-87.5,5.25));
#20082=CARTESIAN_POINT('',(-194.,87.5,14.75));
#20083=CARTESIAN_POINT('',(-194.,87.5,5.25));
#20084=CARTESIAN_POINT('',(-194.,-87.5,14.75));
#20085=CARTESIAN_POINT('Origin',(-191.5,-87.5,14.75));
#20086=CARTESIAN_POINT('',(-191.5,-87.5,14.75));
#20087=CARTESIAN_POINT('',(-194.,-87.5,14.75));
#20088=CARTESIAN_POINT('',(-191.5,87.5,14.75));
#20089=CARTESIAN_POINT('',(-194.,87.5,14.75));
#20090=CARTESIAN_POINT('',(-191.5,-87.5,14.75));
#20091=CARTESIAN_POINT('Origin',(-191.5,-87.5,13.));
#20092=CARTESIAN_POINT('',(-191.5,-87.5,13.));
#20093=CARTESIAN_POINT('',(-191.5,-87.5,14.75));
#20094=CARTESIAN_POINT('',(-191.5,87.5,13.));
#20095=CARTESIAN_POINT('',(-191.5,87.5,14.75));
#20096=CARTESIAN_POINT('',(-191.5,-87.5,13.));
#20097=CARTESIAN_POINT('Origin',(-190.5,-87.5,13.));
#20098=CARTESIAN_POINT('',(-190.5,-87.5,13.));
#20099=CARTESIAN_POINT('',(-191.5,-87.5,13.));
#20100=CARTESIAN_POINT('',(-190.5,87.5,13.));
#20101=CARTESIAN_POINT('',(-191.5,87.5,13.));
#20102=CARTESIAN_POINT('',(-190.5,-87.5,13.));
#20103=CARTESIAN_POINT('Origin',(-190.,-87.5,13.5));
#20104=CARTESIAN_POINT('',(-190.,-87.5,13.5));
#20105=CARTESIAN_POINT('',(-190.5,-87.5,13.));
#20106=CARTESIAN_POINT('',(-190.,87.5,13.5));
#20107=CARTESIAN_POINT('',(-190.5,87.5,13.));
#20108=CARTESIAN_POINT('',(-190.,-87.5,13.5));
#20109=CARTESIAN_POINT('Origin',(-190.,-87.5,18.5));
#20110=CARTESIAN_POINT('',(-190.,-87.5,13.5));
#20111=CARTESIAN_POINT('',(-190.,87.5,13.5));
#20112=CARTESIAN_POINT('Origin',(-200.,87.5,10.));
#20113=CARTESIAN_POINT('Origin',(-200.,-87.5,10.));
#20114=CARTESIAN_POINT('Origin',(200.,-87.5,10.));
#20115=CARTESIAN_POINT('',(197.5,87.5,10.));
#20116=CARTESIAN_POINT('Origin',(200.,87.5,10.));
#20117=CARTESIAN_POINT('',(197.5,-87.5,10.));
#20118=CARTESIAN_POINT('',(197.5,-87.5,10.));
#20119=CARTESIAN_POINT('Origin',(200.,-87.5,10.));
#20120=CARTESIAN_POINT('Origin',(208.5,-87.5,20.));
#20121=CARTESIAN_POINT('',(210.,-87.5,18.5));
#20122=CARTESIAN_POINT('',(208.5,-87.5,20.));
#20123=CARTESIAN_POINT('',(210.,-87.5,18.5));
#20124=CARTESIAN_POINT('',(210.,87.5,18.5));
#20125=CARTESIAN_POINT('',(210.,-87.5,18.5));
#20126=CARTESIAN_POINT('',(208.5,87.5,20.));
#20127=CARTESIAN_POINT('',(210.,87.5,18.5));
#20128=CARTESIAN_POINT('',(208.5,-87.5,20.));
#20129=CARTESIAN_POINT('Origin',(203.5,-87.5,20.));
#20130=CARTESIAN_POINT('',(203.5,-87.5,20.));
#20131=CARTESIAN_POINT('',(208.5,-87.5,20.));
#20132=CARTESIAN_POINT('',(203.5,87.5,20.));
#20133=CARTESIAN_POINT('',(208.5,87.5,20.));
#20134=CARTESIAN_POINT('',(203.5,-87.5,20.));
#20135=CARTESIAN_POINT('Origin',(203.,-87.5,19.5));
#20136=CARTESIAN_POINT('',(203.,-87.5,19.5));
#20137=CARTESIAN_POINT('',(203.5,-87.5,20.));
#20138=CARTESIAN_POINT('',(203.,87.5,19.5));
#20139=CARTESIAN_POINT('',(203.5,87.5,20.));
#20140=CARTESIAN_POINT('',(203.,-87.5,19.5));
#20141=CARTESIAN_POINT('Origin',(203.,-87.5,18.5));
#20142=CARTESIAN_POINT('',(203.,-87.5,18.5));
#20143=CARTESIAN_POINT('',(203.,-87.5,19.5));
#20144=CARTESIAN_POINT('',(203.,87.5,18.5));
#20145=CARTESIAN_POINT('',(203.,87.5,19.5));
#20146=CARTESIAN_POINT('',(203.,-87.5,18.5));
#20147=CARTESIAN_POINT('Origin',(204.75,-87.5,18.5));
#20148=CARTESIAN_POINT('',(204.75,-87.5,18.5));
#20149=CARTESIAN_POINT('',(203.,-87.5,18.5));
#20150=CARTESIAN_POINT('',(204.75,87.5,18.5));
#20151=CARTESIAN_POINT('',(203.,87.5,18.5));
#20152=CARTESIAN_POINT('',(204.75,-87.5,18.5));
#20153=CARTESIAN_POINT('Origin',(204.75,-87.5,16.));
#20154=CARTESIAN_POINT('',(204.75,-87.5,16.));
#20155=CARTESIAN_POINT('',(204.75,-87.5,18.5));
#20156=CARTESIAN_POINT('',(204.75,87.5,16.));
#20157=CARTESIAN_POINT('',(204.75,87.5,18.5));
#20158=CARTESIAN_POINT('',(204.75,-87.5,16.));
#20159=CARTESIAN_POINT('Origin',(195.25,-87.5,16.));
#20160=CARTESIAN_POINT('',(195.25,-87.5,16.));
#20161=CARTESIAN_POINT('',(204.75,-87.5,16.));
#20162=CARTESIAN_POINT('',(195.25,87.5,16.));
#20163=CARTESIAN_POINT('',(204.75,87.5,16.));
#20164=CARTESIAN_POINT('',(195.25,-87.5,16.));
#20165=CARTESIAN_POINT('Origin',(195.25,-87.5,18.5));
#20166=CARTESIAN_POINT('',(195.25,-87.5,18.5));
#20167=CARTESIAN_POINT('',(195.25,-87.5,16.));
#20168=CARTESIAN_POINT('',(195.25,87.5,18.5));
#20169=CARTESIAN_POINT('',(195.25,87.5,16.));
#20170=CARTESIAN_POINT('',(195.25,-87.5,18.5));
#20171=CARTESIAN_POINT('Origin',(197.,-87.5,18.5));
#20172=CARTESIAN_POINT('',(197.,-87.5,18.5));
#20173=CARTESIAN_POINT('',(195.25,-87.5,18.5));
#20174=CARTESIAN_POINT('',(197.,87.5,18.5));
#20175=CARTESIAN_POINT('',(195.25,87.5,18.5));
#20176=CARTESIAN_POINT('',(197.,-87.5,18.5));
#20177=CARTESIAN_POINT('Origin',(197.,-87.5,19.5));
#20178=CARTESIAN_POINT('',(197.,-87.5,19.5));
#20179=CARTESIAN_POINT('',(197.,-87.5,18.5));
#20180=CARTESIAN_POINT('',(197.,87.5,19.5));
#20181=CARTESIAN_POINT('',(197.,87.5,18.5));
#20182=CARTESIAN_POINT('',(197.,-87.5,19.5));
#20183=CARTESIAN_POINT('Origin',(196.5,-87.5,20.));
#20184=CARTESIAN_POINT('',(196.5,-87.5,20.));
#20185=CARTESIAN_POINT('',(197.,-87.5,19.5));
#20186=CARTESIAN_POINT('',(196.5,87.5,20.));
#20187=CARTESIAN_POINT('',(197.,87.5,19.5));
#20188=CARTESIAN_POINT('',(196.5,-87.5,20.));
#20189=CARTESIAN_POINT('Origin',(191.5,-87.5,20.));
#20190=CARTESIAN_POINT('',(191.5,-87.5,20.));
#20191=CARTESIAN_POINT('',(196.5,-87.5,20.));
#20192=CARTESIAN_POINT('',(191.5,87.5,20.));
#20193=CARTESIAN_POINT('',(196.5,87.5,20.));
#20194=CARTESIAN_POINT('',(191.5,-87.5,20.));
#20195=CARTESIAN_POINT('Origin',(190.,-87.5,18.5));
#20196=CARTESIAN_POINT('',(190.,-87.5,18.5));
#20197=CARTESIAN_POINT('',(191.5,-87.5,20.));
#20198=CARTESIAN_POINT('',(190.,87.5,18.5));
#20199=CARTESIAN_POINT('',(191.5,87.5,20.));
#20200=CARTESIAN_POINT('',(190.,-87.5,18.5));
#20201=CARTESIAN_POINT('Origin',(190.,-87.5,13.5));
#20202=CARTESIAN_POINT('',(190.,-87.5,13.5));
#20203=CARTESIAN_POINT('',(190.,-87.5,18.5));
#20204=CARTESIAN_POINT('',(190.,87.5,13.5));
#20205=CARTESIAN_POINT('',(190.,87.5,18.5));
#20206=CARTESIAN_POINT('',(190.,-87.5,13.5));
#20207=CARTESIAN_POINT('Origin',(190.5,-87.5,13.));
#20208=CARTESIAN_POINT('',(190.5,-87.5,13.));
#20209=CARTESIAN_POINT('',(190.,-87.5,13.5));
#20210=CARTESIAN_POINT('',(190.5,87.5,13.));
#20211=CARTESIAN_POINT('',(190.,87.5,13.5));
#20212=CARTESIAN_POINT('',(190.5,-87.5,13.));
#20213=CARTESIAN_POINT('Origin',(191.5,-87.5,13.));
#20214=CARTESIAN_POINT('',(191.5,-87.5,13.));
#20215=CARTESIAN_POINT('',(190.5,-87.5,13.));
#20216=CARTESIAN_POINT('',(191.5,87.5,13.));
#20217=CARTESIAN_POINT('',(190.5,87.5,13.));
#20218=CARTESIAN_POINT('',(191.5,-87.5,13.));
#20219=CARTESIAN_POINT('Origin',(191.5,-87.5,14.75));
#20220=CARTESIAN_POINT('',(191.5,-87.5,14.75));
#20221=CARTESIAN_POINT('',(191.5,-87.5,13.));
#20222=CARTESIAN_POINT('',(191.5,87.5,14.75));
#20223=CARTESIAN_POINT('',(191.5,87.5,13.));
#20224=CARTESIAN_POINT('',(191.5,-87.5,14.75));
#20225=CARTESIAN_POINT('Origin',(194.,-87.5,14.75));
#20226=CARTESIAN_POINT('',(194.,-87.5,14.75));
#20227=CARTESIAN_POINT('',(191.5,-87.5,14.75));
#20228=CARTESIAN_POINT('',(194.,87.5,14.75));
#20229=CARTESIAN_POINT('',(191.5,87.5,14.75));
#20230=CARTESIAN_POINT('',(194.,-87.5,14.75));
#20231=CARTESIAN_POINT('Origin',(194.,-87.5,5.25));
#20232=CARTESIAN_POINT('',(194.,-87.5,5.25));
#20233=CARTESIAN_POINT('',(194.,-87.5,14.75));
#20234=CARTESIAN_POINT('',(194.,87.5,5.25));
#20235=CARTESIAN_POINT('',(194.,87.5,14.75));
#20236=CARTESIAN_POINT('',(194.,-87.5,5.25));
#20237=CARTESIAN_POINT('Origin',(191.5,-87.5,5.25));
#20238=CARTESIAN_POINT('',(191.5,-87.5,5.25));
#20239=CARTESIAN_POINT('',(194.,-87.5,5.25));
#20240=CARTESIAN_POINT('',(191.5,87.5,5.25));
#20241=CARTESIAN_POINT('',(194.,87.5,5.25));
#20242=CARTESIAN_POINT('',(191.5,-87.5,5.25));
#20243=CARTESIAN_POINT('Origin',(191.5,-87.5,7.));
#20244=CARTESIAN_POINT('',(191.5,-87.5,7.));
#20245=CARTESIAN_POINT('',(191.5,-87.5,5.25));
#20246=CARTESIAN_POINT('',(191.5,87.5,7.));
#20247=CARTESIAN_POINT('',(191.5,87.5,5.25));
#20248=CARTESIAN_POINT('',(191.5,-87.5,7.));
#20249=CARTESIAN_POINT('Origin',(190.5,-87.5,7.));
#20250=CARTESIAN_POINT('',(190.5,-87.5,7.));
#20251=CARTESIAN_POINT('',(191.5,-87.5,7.));
#20252=CARTESIAN_POINT('',(190.5,87.5,7.));
#20253=CARTESIAN_POINT('',(191.5,87.5,7.));
#20254=CARTESIAN_POINT('',(190.5,-87.5,7.));
#20255=CARTESIAN_POINT('Origin',(190.,-87.5,6.5));
#20256=CARTESIAN_POINT('',(190.,-87.5,6.5));
#20257=CARTESIAN_POINT('',(190.5,-87.5,7.));
#20258=CARTESIAN_POINT('',(190.,87.5,6.5));
#20259=CARTESIAN_POINT('',(190.5,87.5,7.));
#20260=CARTESIAN_POINT('',(190.,-87.5,6.5));
#20261=CARTESIAN_POINT('Origin',(190.,-87.5,1.5));
#20262=CARTESIAN_POINT('',(190.,-87.5,1.5));
#20263=CARTESIAN_POINT('',(190.,-87.5,6.5));
#20264=CARTESIAN_POINT('',(190.,87.5,1.5));
#20265=CARTESIAN_POINT('',(190.,87.5,6.5));
#20266=CARTESIAN_POINT('',(190.,-87.5,1.5));
#20267=CARTESIAN_POINT('Origin',(191.5,-87.5,0.));
#20268=CARTESIAN_POINT('',(191.5,-87.5,0.));
#20269=CARTESIAN_POINT('',(190.,-87.5,1.5));
#20270=CARTESIAN_POINT('',(191.5,87.5,0.));
#20271=CARTESIAN_POINT('',(190.,87.5,1.5));
#20272=CARTESIAN_POINT('',(191.5,-87.5,0.));
#20273=CARTESIAN_POINT('Origin',(196.5,-87.5,0.));
#20274=CARTESIAN_POINT('',(196.5,-87.5,0.));
#20275=CARTESIAN_POINT('',(191.5,-87.5,0.));
#20276=CARTESIAN_POINT('',(196.5,87.5,0.));
#20277=CARTESIAN_POINT('',(191.5,87.5,0.));
#20278=CARTESIAN_POINT('',(196.5,-87.5,0.));
#20279=CARTESIAN_POINT('Origin',(197.,-87.5,0.5));
#20280=CARTESIAN_POINT('',(197.,-87.5,0.5));
#20281=CARTESIAN_POINT('',(196.5,-87.5,0.));
#20282=CARTESIAN_POINT('',(197.,87.5,0.5));
#20283=CARTESIAN_POINT('',(196.5,87.5,0.));
#20284=CARTESIAN_POINT('',(197.,-87.5,0.5));
#20285=CARTESIAN_POINT('Origin',(197.,-87.5,1.5));
#20286=CARTESIAN_POINT('',(197.,-87.5,1.5));
#20287=CARTESIAN_POINT('',(197.,-87.5,0.5));
#20288=CARTESIAN_POINT('',(197.,87.5,1.5));
#20289=CARTESIAN_POINT('',(197.,87.5,0.5));
#20290=CARTESIAN_POINT('',(197.,-87.5,1.5));
#20291=CARTESIAN_POINT('Origin',(195.25,-87.5,1.5));
#20292=CARTESIAN_POINT('',(195.25,-87.5,1.5));
#20293=CARTESIAN_POINT('',(197.,-87.5,1.5));
#20294=CARTESIAN_POINT('',(195.25,87.5,1.5));
#20295=CARTESIAN_POINT('',(197.,87.5,1.5));
#20296=CARTESIAN_POINT('',(195.25,-87.5,1.5));
#20297=CARTESIAN_POINT('Origin',(195.25,-87.5,4.));
#20298=CARTESIAN_POINT('',(195.25,-87.5,4.));
#20299=CARTESIAN_POINT('',(195.25,-87.5,1.5));
#20300=CARTESIAN_POINT('',(195.25,87.5,4.));
#20301=CARTESIAN_POINT('',(195.25,87.5,1.5));
#20302=CARTESIAN_POINT('',(195.25,-87.5,4.));
#20303=CARTESIAN_POINT('Origin',(204.75,-87.5,4.));
#20304=CARTESIAN_POINT('',(204.75,-87.5,4.));
#20305=CARTESIAN_POINT('',(195.25,-87.5,4.));
#20306=CARTESIAN_POINT('',(204.75,87.5,4.));
#20307=CARTESIAN_POINT('',(195.25,87.5,4.));
#20308=CARTESIAN_POINT('',(204.75,-87.5,4.));
#20309=CARTESIAN_POINT('Origin',(204.75,-87.5,1.5));
#20310=CARTESIAN_POINT('',(204.75,-87.5,1.5));
#20311=CARTESIAN_POINT('',(204.75,-87.5,4.));
#20312=CARTESIAN_POINT('',(204.75,87.5,1.5));
#20313=CARTESIAN_POINT('',(204.75,87.5,4.));
#20314=CARTESIAN_POINT('',(204.75,-87.5,1.5));
#20315=CARTESIAN_POINT('Origin',(203.,-87.5,1.5));
#20316=CARTESIAN_POINT('',(203.,-87.5,1.5));
#20317=CARTESIAN_POINT('',(204.75,-87.5,1.5));
#20318=CARTESIAN_POINT('',(203.,87.5,1.5));
#20319=CARTESIAN_POINT('',(204.75,87.5,1.5));
#20320=CARTESIAN_POINT('',(203.,-87.5,1.5));
#20321=CARTESIAN_POINT('Origin',(203.,-87.5,0.5));
#20322=CARTESIAN_POINT('',(203.,-87.5,0.5));
#20323=CARTESIAN_POINT('',(203.,-87.5,1.5));
#20324=CARTESIAN_POINT('',(203.,87.5,0.5));
#20325=CARTESIAN_POINT('',(203.,87.5,1.5));
#20326=CARTESIAN_POINT('',(203.,-87.5,0.5));
#20327=CARTESIAN_POINT('Origin',(203.5,-87.5,0.));
#20328=CARTESIAN_POINT('',(203.5,-87.5,0.));
#20329=CARTESIAN_POINT('',(203.,-87.5,0.5));
#20330=CARTESIAN_POINT('',(203.5,87.5,0.));
#20331=CARTESIAN_POINT('',(203.,87.5,0.5));
#20332=CARTESIAN_POINT('',(203.5,-87.5,0.));
#20333=CARTESIAN_POINT('Origin',(208.5,-87.5,0.));
#20334=CARTESIAN_POINT('',(208.5,-87.5,0.));
#20335=CARTESIAN_POINT('',(203.5,-87.5,0.));
#20336=CARTESIAN_POINT('',(208.5,87.5,0.));
#20337=CARTESIAN_POINT('',(203.5,87.5,0.));
#20338=CARTESIAN_POINT('',(208.5,-87.5,0.));
#20339=CARTESIAN_POINT('Origin',(210.,-87.5,1.5));
#20340=CARTESIAN_POINT('',(210.,-87.5,1.5));
#20341=CARTESIAN_POINT('',(208.5,-87.5,0.));
#20342=CARTESIAN_POINT('',(210.,87.5,1.5));
#20343=CARTESIAN_POINT('',(208.5,87.5,0.));
#20344=CARTESIAN_POINT('',(210.,-87.5,1.5));
#20345=CARTESIAN_POINT('Origin',(210.,-87.5,6.5));
#20346=CARTESIAN_POINT('',(210.,-87.5,6.5));
#20347=CARTESIAN_POINT('',(210.,-87.5,1.5));
#20348=CARTESIAN_POINT('',(210.,87.5,6.5));
#20349=CARTESIAN_POINT('',(210.,87.5,1.5));
#20350=CARTESIAN_POINT('',(210.,-87.5,6.5));
#20351=CARTESIAN_POINT('Origin',(209.5,-87.5,7.));
#20352=CARTESIAN_POINT('',(209.5,-87.5,7.));
#20353=CARTESIAN_POINT('',(210.,-87.5,6.5));
#20354=CARTESIAN_POINT('',(209.5,87.5,7.));
#20355=CARTESIAN_POINT('',(210.,87.5,6.5));
#20356=CARTESIAN_POINT('',(209.5,-87.5,7.));
#20357=CARTESIAN_POINT('Origin',(208.5,-87.5,7.));
#20358=CARTESIAN_POINT('',(208.5,-87.5,7.));
#20359=CARTESIAN_POINT('',(209.5,-87.5,7.));
#20360=CARTESIAN_POINT('',(208.5,87.5,7.));
#20361=CARTESIAN_POINT('',(209.5,87.5,7.));
#20362=CARTESIAN_POINT('',(208.5,-87.5,7.));
#20363=CARTESIAN_POINT('Origin',(208.5,-87.5,5.25));
#20364=CARTESIAN_POINT('',(208.5,-87.5,5.25));
#20365=CARTESIAN_POINT('',(208.5,-87.5,7.));
#20366=CARTESIAN_POINT('',(208.5,87.5,5.25));
#20367=CARTESIAN_POINT('',(208.5,87.5,7.));
#20368=CARTESIAN_POINT('',(208.5,-87.5,5.25));
#20369=CARTESIAN_POINT('Origin',(206.,-87.5,5.25));
#20370=CARTESIAN_POINT('',(206.,-87.5,5.25));
#20371=CARTESIAN_POINT('',(208.5,-87.5,5.25));
#20372=CARTESIAN_POINT('',(206.,87.5,5.25));
#20373=CARTESIAN_POINT('',(208.5,87.5,5.25));
#20374=CARTESIAN_POINT('',(206.,-87.5,5.25));
#20375=CARTESIAN_POINT('Origin',(206.,-87.5,14.75));
#20376=CARTESIAN_POINT('',(206.,-87.5,14.75));
#20377=CARTESIAN_POINT('',(206.,-87.5,5.25));
#20378=CARTESIAN_POINT('',(206.,87.5,14.75));
#20379=CARTESIAN_POINT('',(206.,87.5,5.25));
#20380=CARTESIAN_POINT('',(206.,-87.5,14.75));
#20381=CARTESIAN_POINT('Origin',(208.5,-87.5,14.75));
#20382=CARTESIAN_POINT('',(208.5,-87.5,14.75));
#20383=CARTESIAN_POINT('',(206.,-87.5,14.75));
#20384=CARTESIAN_POINT('',(208.5,87.5,14.75));
#20385=CARTESIAN_POINT('',(206.,87.5,14.75));
#20386=CARTESIAN_POINT('',(208.5,-87.5,14.75));
#20387=CARTESIAN_POINT('Origin',(208.5,-87.5,13.));
#20388=CARTESIAN_POINT('',(208.5,-87.5,13.));
#20389=CARTESIAN_POINT('',(208.5,-87.5,14.75));
#20390=CARTESIAN_POINT('',(208.5,87.5,13.));
#20391=CARTESIAN_POINT('',(208.5,87.5,14.75));
#20392=CARTESIAN_POINT('',(208.5,-87.5,13.));
#20393=CARTESIAN_POINT('Origin',(209.5,-87.5,13.));
#20394=CARTESIAN_POINT('',(209.5,-87.5,13.));
#20395=CARTESIAN_POINT('',(208.5,-87.5,13.));
#20396=CARTESIAN_POINT('',(209.5,87.5,13.));
#20397=CARTESIAN_POINT('',(208.5,87.5,13.));
#20398=CARTESIAN_POINT('',(209.5,-87.5,13.));
#20399=CARTESIAN_POINT('Origin',(210.,-87.5,13.5));
#20400=CARTESIAN_POINT('',(210.,-87.5,13.5));
#20401=CARTESIAN_POINT('',(209.5,-87.5,13.));
#20402=CARTESIAN_POINT('',(210.,87.5,13.5));
#20403=CARTESIAN_POINT('',(209.5,87.5,13.));
#20404=CARTESIAN_POINT('',(210.,-87.5,13.5));
#20405=CARTESIAN_POINT('Origin',(210.,-87.5,18.5));
#20406=CARTESIAN_POINT('',(210.,-87.5,13.5));
#20407=CARTESIAN_POINT('',(210.,87.5,13.5));
#20408=CARTESIAN_POINT('Origin',(200.,87.5,10.));
#20409=CARTESIAN_POINT('Origin',(200.,-87.5,10.));
#20410=CARTESIAN_POINT('Origin',(-200.,-87.5,160.));
#20411=CARTESIAN_POINT('',(-202.5,87.5,160.));
#20412=CARTESIAN_POINT('Origin',(-200.,87.5,160.));
#20413=CARTESIAN_POINT('',(-202.5,-87.5,160.));
#20414=CARTESIAN_POINT('',(-202.5,-87.5,160.));
#20415=CARTESIAN_POINT('Origin',(-200.,-87.5,160.));
#20416=CARTESIAN_POINT('Origin',(-191.5,-87.5,170.));
#20417=CARTESIAN_POINT('',(-190.,-87.5,168.5));
#20418=CARTESIAN_POINT('',(-191.5,-87.5,170.));
#20419=CARTESIAN_POINT('',(-190.,-87.5,168.5));
#20420=CARTESIAN_POINT('',(-190.,87.5,168.5));
#20421=CARTESIAN_POINT('',(-190.,-87.5,168.5));
#20422=CARTESIAN_POINT('',(-191.5,87.5,170.));
#20423=CARTESIAN_POINT('',(-190.,87.5,168.5));
#20424=CARTESIAN_POINT('',(-191.5,-87.5,170.));
#20425=CARTESIAN_POINT('Origin',(-196.5,-87.5,170.));
#20426=CARTESIAN_POINT('',(-196.5,-87.5,170.));
#20427=CARTESIAN_POINT('',(-191.5,-87.5,170.));
#20428=CARTESIAN_POINT('',(-196.5,87.5,170.));
#20429=CARTESIAN_POINT('',(-191.5,87.5,170.));
#20430=CARTESIAN_POINT('',(-196.5,-87.5,170.));
#20431=CARTESIAN_POINT('Origin',(-197.,-87.5,169.5));
#20432=CARTESIAN_POINT('',(-197.,-87.5,169.5));
#20433=CARTESIAN_POINT('',(-196.5,-87.5,170.));
#20434=CARTESIAN_POINT('',(-197.,87.5,169.5));
#20435=CARTESIAN_POINT('',(-196.5,87.5,170.));
#20436=CARTESIAN_POINT('',(-197.,-87.5,169.5));
#20437=CARTESIAN_POINT('Origin',(-197.,-87.5,168.5));
#20438=CARTESIAN_POINT('',(-197.,-87.5,168.5));
#20439=CARTESIAN_POINT('',(-197.,-87.5,169.5));
#20440=CARTESIAN_POINT('',(-197.,87.5,168.5));
#20441=CARTESIAN_POINT('',(-197.,87.5,169.5));
#20442=CARTESIAN_POINT('',(-197.,-87.5,168.5));
#20443=CARTESIAN_POINT('Origin',(-195.25,-87.5,168.5));
#20444=CARTESIAN_POINT('',(-195.25,-87.5,168.5));
#20445=CARTESIAN_POINT('',(-197.,-87.5,168.5));
#20446=CARTESIAN_POINT('',(-195.25,87.5,168.5));
#20447=CARTESIAN_POINT('',(-197.,87.5,168.5));
#20448=CARTESIAN_POINT('',(-195.25,-87.5,168.5));
#20449=CARTESIAN_POINT('Origin',(-195.25,-87.5,166.));
#20450=CARTESIAN_POINT('',(-195.25,-87.5,166.));
#20451=CARTESIAN_POINT('',(-195.25,-87.5,168.5));
#20452=CARTESIAN_POINT('',(-195.25,87.5,166.));
#20453=CARTESIAN_POINT('',(-195.25,87.5,168.5));
#20454=CARTESIAN_POINT('',(-195.25,-87.5,166.));
#20455=CARTESIAN_POINT('Origin',(-204.75,-87.5,166.));
#20456=CARTESIAN_POINT('',(-204.75,-87.5,166.));
#20457=CARTESIAN_POINT('',(-195.25,-87.5,166.));
#20458=CARTESIAN_POINT('',(-204.75,87.5,166.));
#20459=CARTESIAN_POINT('',(-195.25,87.5,166.));
#20460=CARTESIAN_POINT('',(-204.75,-87.5,166.));
#20461=CARTESIAN_POINT('Origin',(-204.75,-87.5,168.5));
#20462=CARTESIAN_POINT('',(-204.75,-87.5,168.5));
#20463=CARTESIAN_POINT('',(-204.75,-87.5,166.));
#20464=CARTESIAN_POINT('',(-204.75,87.5,168.5));
#20465=CARTESIAN_POINT('',(-204.75,87.5,166.));
#20466=CARTESIAN_POINT('',(-204.75,-87.5,168.5));
#20467=CARTESIAN_POINT('Origin',(-203.,-87.5,168.5));
#20468=CARTESIAN_POINT('',(-203.,-87.5,168.5));
#20469=CARTESIAN_POINT('',(-204.75,-87.5,168.5));
#20470=CARTESIAN_POINT('',(-203.,87.5,168.5));
#20471=CARTESIAN_POINT('',(-204.75,87.5,168.5));
#20472=CARTESIAN_POINT('',(-203.,-87.5,168.5));
#20473=CARTESIAN_POINT('Origin',(-203.,-87.5,169.5));
#20474=CARTESIAN_POINT('',(-203.,-87.5,169.5));
#20475=CARTESIAN_POINT('',(-203.,-87.5,168.5));
#20476=CARTESIAN_POINT('',(-203.,87.5,169.5));
#20477=CARTESIAN_POINT('',(-203.,87.5,168.5));
#20478=CARTESIAN_POINT('',(-203.,-87.5,169.5));
#20479=CARTESIAN_POINT('Origin',(-203.5,-87.5,170.));
#20480=CARTESIAN_POINT('',(-203.5,-87.5,170.));
#20481=CARTESIAN_POINT('',(-203.,-87.5,169.5));
#20482=CARTESIAN_POINT('',(-203.5,87.5,170.));
#20483=CARTESIAN_POINT('',(-203.,87.5,169.5));
#20484=CARTESIAN_POINT('',(-203.5,-87.5,170.));
#20485=CARTESIAN_POINT('Origin',(-208.5,-87.5,170.));
#20486=CARTESIAN_POINT('',(-208.5,-87.5,170.));
#20487=CARTESIAN_POINT('',(-203.5,-87.5,170.));
#20488=CARTESIAN_POINT('',(-208.5,87.5,170.));
#20489=CARTESIAN_POINT('',(-203.5,87.5,170.));
#20490=CARTESIAN_POINT('',(-208.5,-87.5,170.));
#20491=CARTESIAN_POINT('Origin',(-210.,-87.5,168.5));
#20492=CARTESIAN_POINT('',(-210.,-87.5,168.5));
#20493=CARTESIAN_POINT('',(-208.5,-87.5,170.));
#20494=CARTESIAN_POINT('',(-210.,87.5,168.5));
#20495=CARTESIAN_POINT('',(-208.5,87.5,170.));
#20496=CARTESIAN_POINT('',(-210.,-87.5,168.5));
#20497=CARTESIAN_POINT('Origin',(-210.,-87.5,163.5));
#20498=CARTESIAN_POINT('',(-210.,-87.5,163.5));
#20499=CARTESIAN_POINT('',(-210.,-87.5,168.5));
#20500=CARTESIAN_POINT('',(-210.,87.5,163.5));
#20501=CARTESIAN_POINT('',(-210.,87.5,168.5));
#20502=CARTESIAN_POINT('',(-210.,-87.5,163.5));
#20503=CARTESIAN_POINT('Origin',(-209.5,-87.5,163.));
#20504=CARTESIAN_POINT('',(-209.5,-87.5,163.));
#20505=CARTESIAN_POINT('',(-210.,-87.5,163.5));
#20506=CARTESIAN_POINT('',(-209.5,87.5,163.));
#20507=CARTESIAN_POINT('',(-210.,87.5,163.5));
#20508=CARTESIAN_POINT('',(-209.5,-87.5,163.));
#20509=CARTESIAN_POINT('Origin',(-208.5,-87.5,163.));
#20510=CARTESIAN_POINT('',(-208.5,-87.5,163.));
#20511=CARTESIAN_POINT('',(-209.5,-87.5,163.));
#20512=CARTESIAN_POINT('',(-208.5,87.5,163.));
#20513=CARTESIAN_POINT('',(-209.5,87.5,163.));
#20514=CARTESIAN_POINT('',(-208.5,-87.5,163.));
#20515=CARTESIAN_POINT('Origin',(-208.5,-87.5,164.75));
#20516=CARTESIAN_POINT('',(-208.5,-87.5,164.75));
#20517=CARTESIAN_POINT('',(-208.5,-87.5,163.));
#20518=CARTESIAN_POINT('',(-208.5,87.5,164.75));
#20519=CARTESIAN_POINT('',(-208.5,87.5,163.));
#20520=CARTESIAN_POINT('',(-208.5,-87.5,164.75));
#20521=CARTESIAN_POINT('Origin',(-206.,-87.5,164.75));
#20522=CARTESIAN_POINT('',(-206.,-87.5,164.75));
#20523=CARTESIAN_POINT('',(-208.5,-87.5,164.75));
#20524=CARTESIAN_POINT('',(-206.,87.5,164.75));
#20525=CARTESIAN_POINT('',(-208.5,87.5,164.75));
#20526=CARTESIAN_POINT('',(-206.,-87.5,164.75));
#20527=CARTESIAN_POINT('Origin',(-206.,-87.5,155.25));
#20528=CARTESIAN_POINT('',(-206.,-87.5,155.25));
#20529=CARTESIAN_POINT('',(-206.,-87.5,164.75));
#20530=CARTESIAN_POINT('',(-206.,87.5,155.25));
#20531=CARTESIAN_POINT('',(-206.,87.5,164.75));
#20532=CARTESIAN_POINT('',(-206.,-87.5,155.25));
#20533=CARTESIAN_POINT('Origin',(-208.5,-87.5,155.25));
#20534=CARTESIAN_POINT('',(-208.5,-87.5,155.25));
#20535=CARTESIAN_POINT('',(-206.,-87.5,155.25));
#20536=CARTESIAN_POINT('',(-208.5,87.5,155.25));
#20537=CARTESIAN_POINT('',(-206.,87.5,155.25));
#20538=CARTESIAN_POINT('',(-208.5,-87.5,155.25));
#20539=CARTESIAN_POINT('Origin',(-208.5,-87.5,157.));
#20540=CARTESIAN_POINT('',(-208.5,-87.5,157.));
#20541=CARTESIAN_POINT('',(-208.5,-87.5,155.25));
#20542=CARTESIAN_POINT('',(-208.5,87.5,157.));
#20543=CARTESIAN_POINT('',(-208.5,87.5,155.25));
#20544=CARTESIAN_POINT('',(-208.5,-87.5,157.));
#20545=CARTESIAN_POINT('Origin',(-209.5,-87.5,157.));
#20546=CARTESIAN_POINT('',(-209.5,-87.5,157.));
#20547=CARTESIAN_POINT('',(-208.5,-87.5,157.));
#20548=CARTESIAN_POINT('',(-209.5,87.5,157.));
#20549=CARTESIAN_POINT('',(-208.5,87.5,157.));
#20550=CARTESIAN_POINT('',(-209.5,-87.5,157.));
#20551=CARTESIAN_POINT('Origin',(-210.,-87.5,156.5));
#20552=CARTESIAN_POINT('',(-210.,-87.5,156.5));
#20553=CARTESIAN_POINT('',(-209.5,-87.5,157.));
#20554=CARTESIAN_POINT('',(-210.,87.5,156.5));
#20555=CARTESIAN_POINT('',(-209.5,87.5,157.));
#20556=CARTESIAN_POINT('',(-210.,-87.5,156.5));
#20557=CARTESIAN_POINT('Origin',(-210.,-87.5,151.5));
#20558=CARTESIAN_POINT('',(-210.,-87.5,151.5));
#20559=CARTESIAN_POINT('',(-210.,-87.5,156.5));
#20560=CARTESIAN_POINT('',(-210.,87.5,151.5));
#20561=CARTESIAN_POINT('',(-210.,87.5,156.5));
#20562=CARTESIAN_POINT('',(-210.,-87.5,151.5));
#20563=CARTESIAN_POINT('Origin',(-208.5,-87.5,150.));
#20564=CARTESIAN_POINT('',(-208.5,-87.5,150.));
#20565=CARTESIAN_POINT('',(-210.,-87.5,151.5));
#20566=CARTESIAN_POINT('',(-208.5,87.5,150.));
#20567=CARTESIAN_POINT('',(-210.,87.5,151.5));
#20568=CARTESIAN_POINT('',(-208.5,-87.5,150.));
#20569=CARTESIAN_POINT('Origin',(-203.5,-87.5,150.));
#20570=CARTESIAN_POINT('',(-203.5,-87.5,150.));
#20571=CARTESIAN_POINT('',(-208.5,-87.5,150.));
#20572=CARTESIAN_POINT('',(-203.5,87.5,150.));
#20573=CARTESIAN_POINT('',(-208.5,87.5,150.));
#20574=CARTESIAN_POINT('',(-203.5,-87.5,150.));
#20575=CARTESIAN_POINT('Origin',(-203.,-87.5,150.5));
#20576=CARTESIAN_POINT('',(-203.,-87.5,150.5));
#20577=CARTESIAN_POINT('',(-203.5,-87.5,150.));
#20578=CARTESIAN_POINT('',(-203.,87.5,150.5));
#20579=CARTESIAN_POINT('',(-203.5,87.5,150.));
#20580=CARTESIAN_POINT('',(-203.,-87.5,150.5));
#20581=CARTESIAN_POINT('Origin',(-203.,-87.5,151.5));
#20582=CARTESIAN_POINT('',(-203.,-87.5,151.5));
#20583=CARTESIAN_POINT('',(-203.,-87.5,150.5));
#20584=CARTESIAN_POINT('',(-203.,87.5,151.5));
#20585=CARTESIAN_POINT('',(-203.,87.5,150.5));
#20586=CARTESIAN_POINT('',(-203.,-87.5,151.5));
#20587=CARTESIAN_POINT('Origin',(-204.75,-87.5,151.5));
#20588=CARTESIAN_POINT('',(-204.75,-87.5,151.5));
#20589=CARTESIAN_POINT('',(-203.,-87.5,151.5));
#20590=CARTESIAN_POINT('',(-204.75,87.5,151.5));
#20591=CARTESIAN_POINT('',(-203.,87.5,151.5));
#20592=CARTESIAN_POINT('',(-204.75,-87.5,151.5));
#20593=CARTESIAN_POINT('Origin',(-204.75,-87.5,154.));
#20594=CARTESIAN_POINT('',(-204.75,-87.5,154.));
#20595=CARTESIAN_POINT('',(-204.75,-87.5,151.5));
#20596=CARTESIAN_POINT('',(-204.75,87.5,154.));
#20597=CARTESIAN_POINT('',(-204.75,87.5,151.5));
#20598=CARTESIAN_POINT('',(-204.75,-87.5,154.));
#20599=CARTESIAN_POINT('Origin',(-195.25,-87.5,154.));
#20600=CARTESIAN_POINT('',(-195.25,-87.5,154.));
#20601=CARTESIAN_POINT('',(-204.75,-87.5,154.));
#20602=CARTESIAN_POINT('',(-195.25,87.5,154.));
#20603=CARTESIAN_POINT('',(-204.75,87.5,154.));
#20604=CARTESIAN_POINT('',(-195.25,-87.5,154.));
#20605=CARTESIAN_POINT('Origin',(-195.25,-87.5,151.5));
#20606=CARTESIAN_POINT('',(-195.25,-87.5,151.5));
#20607=CARTESIAN_POINT('',(-195.25,-87.5,154.));
#20608=CARTESIAN_POINT('',(-195.25,87.5,151.5));
#20609=CARTESIAN_POINT('',(-195.25,87.5,154.));
#20610=CARTESIAN_POINT('',(-195.25,-87.5,151.5));
#20611=CARTESIAN_POINT('Origin',(-197.,-87.5,151.5));
#20612=CARTESIAN_POINT('',(-197.,-87.5,151.5));
#20613=CARTESIAN_POINT('',(-195.25,-87.5,151.5));
#20614=CARTESIAN_POINT('',(-197.,87.5,151.5));
#20615=CARTESIAN_POINT('',(-195.25,87.5,151.5));
#20616=CARTESIAN_POINT('',(-197.,-87.5,151.5));
#20617=CARTESIAN_POINT('Origin',(-197.,-87.5,150.5));
#20618=CARTESIAN_POINT('',(-197.,-87.5,150.5));
#20619=CARTESIAN_POINT('',(-197.,-87.5,151.5));
#20620=CARTESIAN_POINT('',(-197.,87.5,150.5));
#20621=CARTESIAN_POINT('',(-197.,87.5,151.5));
#20622=CARTESIAN_POINT('',(-197.,-87.5,150.5));
#20623=CARTESIAN_POINT('Origin',(-196.5,-87.5,150.));
#20624=CARTESIAN_POINT('',(-196.5,-87.5,150.));
#20625=CARTESIAN_POINT('',(-197.,-87.5,150.5));
#20626=CARTESIAN_POINT('',(-196.5,87.5,150.));
#20627=CARTESIAN_POINT('',(-197.,87.5,150.5));
#20628=CARTESIAN_POINT('',(-196.5,-87.5,150.));
#20629=CARTESIAN_POINT('Origin',(-191.5,-87.5,150.));
#20630=CARTESIAN_POINT('',(-191.5,-87.5,150.));
#20631=CARTESIAN_POINT('',(-196.5,-87.5,150.));
#20632=CARTESIAN_POINT('',(-191.5,87.5,150.));
#20633=CARTESIAN_POINT('',(-196.5,87.5,150.));
#20634=CARTESIAN_POINT('',(-191.5,-87.5,150.));
#20635=CARTESIAN_POINT('Origin',(-190.,-87.5,151.5));
#20636=CARTESIAN_POINT('',(-190.,-87.5,151.5));
#20637=CARTESIAN_POINT('',(-191.5,-87.5,150.));
#20638=CARTESIAN_POINT('',(-190.,87.5,151.5));
#20639=CARTESIAN_POINT('',(-191.5,87.5,150.));
#20640=CARTESIAN_POINT('',(-190.,-87.5,151.5));
#20641=CARTESIAN_POINT('Origin',(-190.,-87.5,156.5));
#20642=CARTESIAN_POINT('',(-190.,-87.5,156.5));
#20643=CARTESIAN_POINT('',(-190.,-87.5,151.5));
#20644=CARTESIAN_POINT('',(-190.,87.5,156.5));
#20645=CARTESIAN_POINT('',(-190.,87.5,151.5));
#20646=CARTESIAN_POINT('',(-190.,-87.5,156.5));
#20647=CARTESIAN_POINT('Origin',(-190.5,-87.5,157.));
#20648=CARTESIAN_POINT('',(-190.5,-87.5,157.));
#20649=CARTESIAN_POINT('',(-190.,-87.5,156.5));
#20650=CARTESIAN_POINT('',(-190.5,87.5,157.));
#20651=CARTESIAN_POINT('',(-190.,87.5,156.5));
#20652=CARTESIAN_POINT('',(-190.5,-87.5,157.));
#20653=CARTESIAN_POINT('Origin',(-191.5,-87.5,157.));
#20654=CARTESIAN_POINT('',(-191.5,-87.5,157.));
#20655=CARTESIAN_POINT('',(-190.5,-87.5,157.));
#20656=CARTESIAN_POINT('',(-191.5,87.5,157.));
#20657=CARTESIAN_POINT('',(-190.5,87.5,157.));
#20658=CARTESIAN_POINT('',(-191.5,-87.5,157.));
#20659=CARTESIAN_POINT('Origin',(-191.5,-87.5,155.25));
#20660=CARTESIAN_POINT('',(-191.5,-87.5,155.25));
#20661=CARTESIAN_POINT('',(-191.5,-87.5,157.));
#20662=CARTESIAN_POINT('',(-191.5,87.5,155.25));
#20663=CARTESIAN_POINT('',(-191.5,87.5,157.));
#20664=CARTESIAN_POINT('',(-191.5,-87.5,155.25));
#20665=CARTESIAN_POINT('Origin',(-194.,-87.5,155.25));
#20666=CARTESIAN_POINT('',(-194.,-87.5,155.25));
#20667=CARTESIAN_POINT('',(-191.5,-87.5,155.25));
#20668=CARTESIAN_POINT('',(-194.,87.5,155.25));
#20669=CARTESIAN_POINT('',(-191.5,87.5,155.25));
#20670=CARTESIAN_POINT('',(-194.,-87.5,155.25));
#20671=CARTESIAN_POINT('Origin',(-194.,-87.5,164.75));
#20672=CARTESIAN_POINT('',(-194.,-87.5,164.75));
#20673=CARTESIAN_POINT('',(-194.,-87.5,155.25));
#20674=CARTESIAN_POINT('',(-194.,87.5,164.75));
#20675=CARTESIAN_POINT('',(-194.,87.5,155.25));
#20676=CARTESIAN_POINT('',(-194.,-87.5,164.75));
#20677=CARTESIAN_POINT('Origin',(-191.5,-87.5,164.75));
#20678=CARTESIAN_POINT('',(-191.5,-87.5,164.75));
#20679=CARTESIAN_POINT('',(-194.,-87.5,164.75));
#20680=CARTESIAN_POINT('',(-191.5,87.5,164.75));
#20681=CARTESIAN_POINT('',(-194.,87.5,164.75));
#20682=CARTESIAN_POINT('',(-191.5,-87.5,164.75));
#20683=CARTESIAN_POINT('Origin',(-191.5,-87.5,163.));
#20684=CARTESIAN_POINT('',(-191.5,-87.5,163.));
#20685=CARTESIAN_POINT('',(-191.5,-87.5,164.75));
#20686=CARTESIAN_POINT('',(-191.5,87.5,163.));
#20687=CARTESIAN_POINT('',(-191.5,87.5,164.75));
#20688=CARTESIAN_POINT('',(-191.5,-87.5,163.));
#20689=CARTESIAN_POINT('Origin',(-190.5,-87.5,163.));
#20690=CARTESIAN_POINT('',(-190.5,-87.5,163.));
#20691=CARTESIAN_POINT('',(-191.5,-87.5,163.));
#20692=CARTESIAN_POINT('',(-190.5,87.5,163.));
#20693=CARTESIAN_POINT('',(-191.5,87.5,163.));
#20694=CARTESIAN_POINT('',(-190.5,-87.5,163.));
#20695=CARTESIAN_POINT('Origin',(-190.,-87.5,163.5));
#20696=CARTESIAN_POINT('',(-190.,-87.5,163.5));
#20697=CARTESIAN_POINT('',(-190.5,-87.5,163.));
#20698=CARTESIAN_POINT('',(-190.,87.5,163.5));
#20699=CARTESIAN_POINT('',(-190.5,87.5,163.));
#20700=CARTESIAN_POINT('',(-190.,-87.5,163.5));
#20701=CARTESIAN_POINT('Origin',(-190.,-87.5,168.5));
#20702=CARTESIAN_POINT('',(-190.,-87.5,163.5));
#20703=CARTESIAN_POINT('',(-190.,87.5,163.5));
#20704=CARTESIAN_POINT('Origin',(-200.,87.5,160.));
#20705=CARTESIAN_POINT('Origin',(-200.,-87.5,160.));
#20706=CARTESIAN_POINT('Origin',(200.,-87.5,160.));
#20707=CARTESIAN_POINT('',(197.5,87.5,160.));
#20708=CARTESIAN_POINT('Origin',(200.,87.5,160.));
#20709=CARTESIAN_POINT('',(197.5,-87.5,160.));
#20710=CARTESIAN_POINT('',(197.5,-87.5,160.));
#20711=CARTESIAN_POINT('Origin',(200.,-87.5,160.));
#20712=CARTESIAN_POINT('Origin',(208.5,-87.5,170.));
#20713=CARTESIAN_POINT('',(210.,-87.5,168.5));
#20714=CARTESIAN_POINT('',(208.5,-87.5,170.));
#20715=CARTESIAN_POINT('',(210.,-87.5,168.5));
#20716=CARTESIAN_POINT('',(210.,87.5,168.5));
#20717=CARTESIAN_POINT('',(210.,-87.5,168.5));
#20718=CARTESIAN_POINT('',(208.5,87.5,170.));
#20719=CARTESIAN_POINT('',(210.,87.5,168.5));
#20720=CARTESIAN_POINT('',(208.5,-87.5,170.));
#20721=CARTESIAN_POINT('Origin',(203.5,-87.5,170.));
#20722=CARTESIAN_POINT('',(203.5,-87.5,170.));
#20723=CARTESIAN_POINT('',(208.5,-87.5,170.));
#20724=CARTESIAN_POINT('',(203.5,87.5,170.));
#20725=CARTESIAN_POINT('',(208.5,87.5,170.));
#20726=CARTESIAN_POINT('',(203.5,-87.5,170.));
#20727=CARTESIAN_POINT('Origin',(203.,-87.5,169.5));
#20728=CARTESIAN_POINT('',(203.,-87.5,169.5));
#20729=CARTESIAN_POINT('',(203.5,-87.5,170.));
#20730=CARTESIAN_POINT('',(203.,87.5,169.5));
#20731=CARTESIAN_POINT('',(203.5,87.5,170.));
#20732=CARTESIAN_POINT('',(203.,-87.5,169.5));
#20733=CARTESIAN_POINT('Origin',(203.,-87.5,168.5));
#20734=CARTESIAN_POINT('',(203.,-87.5,168.5));
#20735=CARTESIAN_POINT('',(203.,-87.5,169.5));
#20736=CARTESIAN_POINT('',(203.,87.5,168.5));
#20737=CARTESIAN_POINT('',(203.,87.5,169.5));
#20738=CARTESIAN_POINT('',(203.,-87.5,168.5));
#20739=CARTESIAN_POINT('Origin',(204.75,-87.5,168.5));
#20740=CARTESIAN_POINT('',(204.75,-87.5,168.5));
#20741=CARTESIAN_POINT('',(203.,-87.5,168.5));
#20742=CARTESIAN_POINT('',(204.75,87.5,168.5));
#20743=CARTESIAN_POINT('',(203.,87.5,168.5));
#20744=CARTESIAN_POINT('',(204.75,-87.5,168.5));
#20745=CARTESIAN_POINT('Origin',(204.75,-87.5,166.));
#20746=CARTESIAN_POINT('',(204.75,-87.5,166.));
#20747=CARTESIAN_POINT('',(204.75,-87.5,168.5));
#20748=CARTESIAN_POINT('',(204.75,87.5,166.));
#20749=CARTESIAN_POINT('',(204.75,87.5,168.5));
#20750=CARTESIAN_POINT('',(204.75,-87.5,166.));
#20751=CARTESIAN_POINT('Origin',(195.25,-87.5,166.));
#20752=CARTESIAN_POINT('',(195.25,-87.5,166.));
#20753=CARTESIAN_POINT('',(204.75,-87.5,166.));
#20754=CARTESIAN_POINT('',(195.25,87.5,166.));
#20755=CARTESIAN_POINT('',(204.75,87.5,166.));
#20756=CARTESIAN_POINT('',(195.25,-87.5,166.));
#20757=CARTESIAN_POINT('Origin',(195.25,-87.5,168.5));
#20758=CARTESIAN_POINT('',(195.25,-87.5,168.5));
#20759=CARTESIAN_POINT('',(195.25,-87.5,166.));
#20760=CARTESIAN_POINT('',(195.25,87.5,168.5));
#20761=CARTESIAN_POINT('',(195.25,87.5,166.));
#20762=CARTESIAN_POINT('',(195.25,-87.5,168.5));
#20763=CARTESIAN_POINT('Origin',(197.,-87.5,168.5));
#20764=CARTESIAN_POINT('',(197.,-87.5,168.5));
#20765=CARTESIAN_POINT('',(195.25,-87.5,168.5));
#20766=CARTESIAN_POINT('',(197.,87.5,168.5));
#20767=CARTESIAN_POINT('',(195.25,87.5,168.5));
#20768=CARTESIAN_POINT('',(197.,-87.5,168.5));
#20769=CARTESIAN_POINT('Origin',(197.,-87.5,169.5));
#20770=CARTESIAN_POINT('',(197.,-87.5,169.5));
#20771=CARTESIAN_POINT('',(197.,-87.5,168.5));
#20772=CARTESIAN_POINT('',(197.,87.5,169.5));
#20773=CARTESIAN_POINT('',(197.,87.5,168.5));
#20774=CARTESIAN_POINT('',(197.,-87.5,169.5));
#20775=CARTESIAN_POINT('Origin',(196.5,-87.5,170.));
#20776=CARTESIAN_POINT('',(196.5,-87.5,170.));
#20777=CARTESIAN_POINT('',(197.,-87.5,169.5));
#20778=CARTESIAN_POINT('',(196.5,87.5,170.));
#20779=CARTESIAN_POINT('',(197.,87.5,169.5));
#20780=CARTESIAN_POINT('',(196.5,-87.5,170.));
#20781=CARTESIAN_POINT('Origin',(191.5,-87.5,170.));
#20782=CARTESIAN_POINT('',(191.5,-87.5,170.));
#20783=CARTESIAN_POINT('',(196.5,-87.5,170.));
#20784=CARTESIAN_POINT('',(191.5,87.5,170.));
#20785=CARTESIAN_POINT('',(196.5,87.5,170.));
#20786=CARTESIAN_POINT('',(191.5,-87.5,170.));
#20787=CARTESIAN_POINT('Origin',(190.,-87.5,168.5));
#20788=CARTESIAN_POINT('',(190.,-87.5,168.5));
#20789=CARTESIAN_POINT('',(191.5,-87.5,170.));
#20790=CARTESIAN_POINT('',(190.,87.5,168.5));
#20791=CARTESIAN_POINT('',(191.5,87.5,170.));
#20792=CARTESIAN_POINT('',(190.,-87.5,168.5));
#20793=CARTESIAN_POINT('Origin',(190.,-87.5,163.5));
#20794=CARTESIAN_POINT('',(190.,-87.5,163.5));
#20795=CARTESIAN_POINT('',(190.,-87.5,168.5));
#20796=CARTESIAN_POINT('',(190.,87.5,163.5));
#20797=CARTESIAN_POINT('',(190.,87.5,168.5));
#20798=CARTESIAN_POINT('',(190.,-87.5,163.5));
#20799=CARTESIAN_POINT('Origin',(190.5,-87.5,163.));
#20800=CARTESIAN_POINT('',(190.5,-87.5,163.));
#20801=CARTESIAN_POINT('',(190.,-87.5,163.5));
#20802=CARTESIAN_POINT('',(190.5,87.5,163.));
#20803=CARTESIAN_POINT('',(190.,87.5,163.5));
#20804=CARTESIAN_POINT('',(190.5,-87.5,163.));
#20805=CARTESIAN_POINT('Origin',(191.5,-87.5,163.));
#20806=CARTESIAN_POINT('',(191.5,-87.5,163.));
#20807=CARTESIAN_POINT('',(190.5,-87.5,163.));
#20808=CARTESIAN_POINT('',(191.5,87.5,163.));
#20809=CARTESIAN_POINT('',(190.5,87.5,163.));
#20810=CARTESIAN_POINT('',(191.5,-87.5,163.));
#20811=CARTESIAN_POINT('Origin',(191.5,-87.5,164.75));
#20812=CARTESIAN_POINT('',(191.5,-87.5,164.75));
#20813=CARTESIAN_POINT('',(191.5,-87.5,163.));
#20814=CARTESIAN_POINT('',(191.5,87.5,164.75));
#20815=CARTESIAN_POINT('',(191.5,87.5,163.));
#20816=CARTESIAN_POINT('',(191.5,-87.5,164.75));
#20817=CARTESIAN_POINT('Origin',(194.,-87.5,164.75));
#20818=CARTESIAN_POINT('',(194.,-87.5,164.75));
#20819=CARTESIAN_POINT('',(191.5,-87.5,164.75));
#20820=CARTESIAN_POINT('',(194.,87.5,164.75));
#20821=CARTESIAN_POINT('',(191.5,87.5,164.75));
#20822=CARTESIAN_POINT('',(194.,-87.5,164.75));
#20823=CARTESIAN_POINT('Origin',(194.,-87.5,155.25));
#20824=CARTESIAN_POINT('',(194.,-87.5,155.25));
#20825=CARTESIAN_POINT('',(194.,-87.5,164.75));
#20826=CARTESIAN_POINT('',(194.,87.5,155.25));
#20827=CARTESIAN_POINT('',(194.,87.5,164.75));
#20828=CARTESIAN_POINT('',(194.,-87.5,155.25));
#20829=CARTESIAN_POINT('Origin',(191.5,-87.5,155.25));
#20830=CARTESIAN_POINT('',(191.5,-87.5,155.25));
#20831=CARTESIAN_POINT('',(194.,-87.5,155.25));
#20832=CARTESIAN_POINT('',(191.5,87.5,155.25));
#20833=CARTESIAN_POINT('',(194.,87.5,155.25));
#20834=CARTESIAN_POINT('',(191.5,-87.5,155.25));
#20835=CARTESIAN_POINT('Origin',(191.5,-87.5,157.));
#20836=CARTESIAN_POINT('',(191.5,-87.5,157.));
#20837=CARTESIAN_POINT('',(191.5,-87.5,155.25));
#20838=CARTESIAN_POINT('',(191.5,87.5,157.));
#20839=CARTESIAN_POINT('',(191.5,87.5,155.25));
#20840=CARTESIAN_POINT('',(191.5,-87.5,157.));
#20841=CARTESIAN_POINT('Origin',(190.5,-87.5,157.));
#20842=CARTESIAN_POINT('',(190.5,-87.5,157.));
#20843=CARTESIAN_POINT('',(191.5,-87.5,157.));
#20844=CARTESIAN_POINT('',(190.5,87.5,157.));
#20845=CARTESIAN_POINT('',(191.5,87.5,157.));
#20846=CARTESIAN_POINT('',(190.5,-87.5,157.));
#20847=CARTESIAN_POINT('Origin',(190.,-87.5,156.5));
#20848=CARTESIAN_POINT('',(190.,-87.5,156.5));
#20849=CARTESIAN_POINT('',(190.5,-87.5,157.));
#20850=CARTESIAN_POINT('',(190.,87.5,156.5));
#20851=CARTESIAN_POINT('',(190.5,87.5,157.));
#20852=CARTESIAN_POINT('',(190.,-87.5,156.5));
#20853=CARTESIAN_POINT('Origin',(190.,-87.5,151.5));
#20854=CARTESIAN_POINT('',(190.,-87.5,151.5));
#20855=CARTESIAN_POINT('',(190.,-87.5,156.5));
#20856=CARTESIAN_POINT('',(190.,87.5,151.5));
#20857=CARTESIAN_POINT('',(190.,87.5,156.5));
#20858=CARTESIAN_POINT('',(190.,-87.5,151.5));
#20859=CARTESIAN_POINT('Origin',(191.5,-87.5,150.));
#20860=CARTESIAN_POINT('',(191.5,-87.5,150.));
#20861=CARTESIAN_POINT('',(190.,-87.5,151.5));
#20862=CARTESIAN_POINT('',(191.5,87.5,150.));
#20863=CARTESIAN_POINT('',(190.,87.5,151.5));
#20864=CARTESIAN_POINT('',(191.5,-87.5,150.));
#20865=CARTESIAN_POINT('Origin',(196.5,-87.5,150.));
#20866=CARTESIAN_POINT('',(196.5,-87.5,150.));
#20867=CARTESIAN_POINT('',(191.5,-87.5,150.));
#20868=CARTESIAN_POINT('',(196.5,87.5,150.));
#20869=CARTESIAN_POINT('',(191.5,87.5,150.));
#20870=CARTESIAN_POINT('',(196.5,-87.5,150.));
#20871=CARTESIAN_POINT('Origin',(197.,-87.5,150.5));
#20872=CARTESIAN_POINT('',(197.,-87.5,150.5));
#20873=CARTESIAN_POINT('',(196.5,-87.5,150.));
#20874=CARTESIAN_POINT('',(197.,87.5,150.5));
#20875=CARTESIAN_POINT('',(196.5,87.5,150.));
#20876=CARTESIAN_POINT('',(197.,-87.5,150.5));
#20877=CARTESIAN_POINT('Origin',(197.,-87.5,151.5));
#20878=CARTESIAN_POINT('',(197.,-87.5,151.5));
#20879=CARTESIAN_POINT('',(197.,-87.5,150.5));
#20880=CARTESIAN_POINT('',(197.,87.5,151.5));
#20881=CARTESIAN_POINT('',(197.,87.5,150.5));
#20882=CARTESIAN_POINT('',(197.,-87.5,151.5));
#20883=CARTESIAN_POINT('Origin',(195.25,-87.5,151.5));
#20884=CARTESIAN_POINT('',(195.25,-87.5,151.5));
#20885=CARTESIAN_POINT('',(197.,-87.5,151.5));
#20886=CARTESIAN_POINT('',(195.25,87.5,151.5));
#20887=CARTESIAN_POINT('',(197.,87.5,151.5));
#20888=CARTESIAN_POINT('',(195.25,-87.5,151.5));
#20889=CARTESIAN_POINT('Origin',(195.25,-87.5,154.));
#20890=CARTESIAN_POINT('',(195.25,-87.5,154.));
#20891=CARTESIAN_POINT('',(195.25,-87.5,151.5));
#20892=CARTESIAN_POINT('',(195.25,87.5,154.));
#20893=CARTESIAN_POINT('',(195.25,87.5,151.5));
#20894=CARTESIAN_POINT('',(195.25,-87.5,154.));
#20895=CARTESIAN_POINT('Origin',(204.75,-87.5,154.));
#20896=CARTESIAN_POINT('',(204.75,-87.5,154.));
#20897=CARTESIAN_POINT('',(195.25,-87.5,154.));
#20898=CARTESIAN_POINT('',(204.75,87.5,154.));
#20899=CARTESIAN_POINT('',(195.25,87.5,154.));
#20900=CARTESIAN_POINT('',(204.75,-87.5,154.));
#20901=CARTESIAN_POINT('Origin',(204.75,-87.5,151.5));
#20902=CARTESIAN_POINT('',(204.75,-87.5,151.5));
#20903=CARTESIAN_POINT('',(204.75,-87.5,154.));
#20904=CARTESIAN_POINT('',(204.75,87.5,151.5));
#20905=CARTESIAN_POINT('',(204.75,87.5,154.));
#20906=CARTESIAN_POINT('',(204.75,-87.5,151.5));
#20907=CARTESIAN_POINT('Origin',(203.,-87.5,151.5));
#20908=CARTESIAN_POINT('',(203.,-87.5,151.5));
#20909=CARTESIAN_POINT('',(204.75,-87.5,151.5));
#20910=CARTESIAN_POINT('',(203.,87.5,151.5));
#20911=CARTESIAN_POINT('',(204.75,87.5,151.5));
#20912=CARTESIAN_POINT('',(203.,-87.5,151.5));
#20913=CARTESIAN_POINT('Origin',(203.,-87.5,150.5));
#20914=CARTESIAN_POINT('',(203.,-87.5,150.5));
#20915=CARTESIAN_POINT('',(203.,-87.5,151.5));
#20916=CARTESIAN_POINT('',(203.,87.5,150.5));
#20917=CARTESIAN_POINT('',(203.,87.5,151.5));
#20918=CARTESIAN_POINT('',(203.,-87.5,150.5));
#20919=CARTESIAN_POINT('Origin',(203.5,-87.5,150.));
#20920=CARTESIAN_POINT('',(203.5,-87.5,150.));
#20921=CARTESIAN_POINT('',(203.,-87.5,150.5));
#20922=CARTESIAN_POINT('',(203.5,87.5,150.));
#20923=CARTESIAN_POINT('',(203.,87.5,150.5));
#20924=CARTESIAN_POINT('',(203.5,-87.5,150.));
#20925=CARTESIAN_POINT('Origin',(208.5,-87.5,150.));
#20926=CARTESIAN_POINT('',(208.5,-87.5,150.));
#20927=CARTESIAN_POINT('',(203.5,-87.5,150.));
#20928=CARTESIAN_POINT('',(208.5,87.5,150.));
#20929=CARTESIAN_POINT('',(203.5,87.5,150.));
#20930=CARTESIAN_POINT('',(208.5,-87.5,150.));
#20931=CARTESIAN_POINT('Origin',(210.,-87.5,151.5));
#20932=CARTESIAN_POINT('',(210.,-87.5,151.5));
#20933=CARTESIAN_POINT('',(208.5,-87.5,150.));
#20934=CARTESIAN_POINT('',(210.,87.5,151.5));
#20935=CARTESIAN_POINT('',(208.5,87.5,150.));
#20936=CARTESIAN_POINT('',(210.,-87.5,151.5));
#20937=CARTESIAN_POINT('Origin',(210.,-87.5,156.5));
#20938=CARTESIAN_POINT('',(210.,-87.5,156.5));
#20939=CARTESIAN_POINT('',(210.,-87.5,151.5));
#20940=CARTESIAN_POINT('',(210.,87.5,156.5));
#20941=CARTESIAN_POINT('',(210.,87.5,151.5));
#20942=CARTESIAN_POINT('',(210.,-87.5,156.5));
#20943=CARTESIAN_POINT('Origin',(209.5,-87.5,157.));
#20944=CARTESIAN_POINT('',(209.5,-87.5,157.));
#20945=CARTESIAN_POINT('',(210.,-87.5,156.5));
#20946=CARTESIAN_POINT('',(209.5,87.5,157.));
#20947=CARTESIAN_POINT('',(210.,87.5,156.5));
#20948=CARTESIAN_POINT('',(209.5,-87.5,157.));
#20949=CARTESIAN_POINT('Origin',(208.5,-87.5,157.));
#20950=CARTESIAN_POINT('',(208.5,-87.5,157.));
#20951=CARTESIAN_POINT('',(209.5,-87.5,157.));
#20952=CARTESIAN_POINT('',(208.5,87.5,157.));
#20953=CARTESIAN_POINT('',(209.5,87.5,157.));
#20954=CARTESIAN_POINT('',(208.5,-87.5,157.));
#20955=CARTESIAN_POINT('Origin',(208.5,-87.5,155.25));
#20956=CARTESIAN_POINT('',(208.5,-87.5,155.25));
#20957=CARTESIAN_POINT('',(208.5,-87.5,157.));
#20958=CARTESIAN_POINT('',(208.5,87.5,155.25));
#20959=CARTESIAN_POINT('',(208.5,87.5,157.));
#20960=CARTESIAN_POINT('',(208.5,-87.5,155.25));
#20961=CARTESIAN_POINT('Origin',(206.,-87.5,155.25));
#20962=CARTESIAN_POINT('',(206.,-87.5,155.25));
#20963=CARTESIAN_POINT('',(208.5,-87.5,155.25));
#20964=CARTESIAN_POINT('',(206.,87.5,155.25));
#20965=CARTESIAN_POINT('',(208.5,87.5,155.25));
#20966=CARTESIAN_POINT('',(206.,-87.5,155.25));
#20967=CARTESIAN_POINT('Origin',(206.,-87.5,164.75));
#20968=CARTESIAN_POINT('',(206.,-87.5,164.75));
#20969=CARTESIAN_POINT('',(206.,-87.5,155.25));
#20970=CARTESIAN_POINT('',(206.,87.5,164.75));
#20971=CARTESIAN_POINT('',(206.,87.5,155.25));
#20972=CARTESIAN_POINT('',(206.,-87.5,164.75));
#20973=CARTESIAN_POINT('Origin',(208.5,-87.5,164.75));
#20974=CARTESIAN_POINT('',(208.5,-87.5,164.75));
#20975=CARTESIAN_POINT('',(206.,-87.5,164.75));
#20976=CARTESIAN_POINT('',(208.5,87.5,164.75));
#20977=CARTESIAN_POINT('',(206.,87.5,164.75));
#20978=CARTESIAN_POINT('',(208.5,-87.5,164.75));
#20979=CARTESIAN_POINT('Origin',(208.5,-87.5,163.));
#20980=CARTESIAN_POINT('',(208.5,-87.5,163.));
#20981=CARTESIAN_POINT('',(208.5,-87.5,164.75));
#20982=CARTESIAN_POINT('',(208.5,87.5,163.));
#20983=CARTESIAN_POINT('',(208.5,87.5,164.75));
#20984=CARTESIAN_POINT('',(208.5,-87.5,163.));
#20985=CARTESIAN_POINT('Origin',(209.5,-87.5,163.));
#20986=CARTESIAN_POINT('',(209.5,-87.5,163.));
#20987=CARTESIAN_POINT('',(208.5,-87.5,163.));
#20988=CARTESIAN_POINT('',(209.5,87.5,163.));
#20989=CARTESIAN_POINT('',(208.5,87.5,163.));
#20990=CARTESIAN_POINT('',(209.5,-87.5,163.));
#20991=CARTESIAN_POINT('Origin',(210.,-87.5,163.5));
#20992=CARTESIAN_POINT('',(210.,-87.5,163.5));
#20993=CARTESIAN_POINT('',(209.5,-87.5,163.));
#20994=CARTESIAN_POINT('',(210.,87.5,163.5));
#20995=CARTESIAN_POINT('',(209.5,87.5,163.));
#20996=CARTESIAN_POINT('',(210.,-87.5,163.5));
#20997=CARTESIAN_POINT('Origin',(210.,-87.5,168.5));
#20998=CARTESIAN_POINT('',(210.,-87.5,163.5));
#20999=CARTESIAN_POINT('',(210.,87.5,163.5));
#21000=CARTESIAN_POINT('Origin',(200.,87.5,160.));
#21001=CARTESIAN_POINT('Origin',(200.,-87.5,160.));
#21002=CARTESIAN_POINT('Origin',(190.,87.5,166.));
#21003=CARTESIAN_POINT('',(190.,87.5,166.));
#21004=CARTESIAN_POINT('',(-190.,87.5,166.));
#21005=CARTESIAN_POINT('',(190.,87.5,166.));
#21006=CARTESIAN_POINT('',(-190.,87.5,170.));
#21007=CARTESIAN_POINT('',(-190.,87.5,166.));
#21008=CARTESIAN_POINT('',(190.,87.5,170.));
#21009=CARTESIAN_POINT('',(190.,87.5,170.));
#21010=CARTESIAN_POINT('',(190.,87.5,166.));
#21011=CARTESIAN_POINT('Origin',(190.,-87.5,166.));
#21012=CARTESIAN_POINT('',(190.,-87.5,166.));
#21013=CARTESIAN_POINT('',(190.,-87.5,166.));
#21014=CARTESIAN_POINT('',(190.,-87.5,170.));
#21015=CARTESIAN_POINT('',(190.,-87.5,170.));
#21016=CARTESIAN_POINT('',(190.,-87.5,166.));
#21017=CARTESIAN_POINT('Origin',(-190.,-87.5,166.));
#21018=CARTESIAN_POINT('',(-190.,-87.5,166.));
#21019=CARTESIAN_POINT('',(-190.,-87.5,166.));
#21020=CARTESIAN_POINT('',(-190.,-87.5,170.));
#21021=CARTESIAN_POINT('',(-190.,-87.5,170.));
#21022=CARTESIAN_POINT('',(-190.,-87.5,166.));
#21023=CARTESIAN_POINT('Origin',(-190.,87.5,166.));
#21024=CARTESIAN_POINT('',(-190.,87.5,166.));
#21025=CARTESIAN_POINT('',(-190.,87.5,170.));
#21026=CARTESIAN_POINT('Origin',(0.,0.,170.));
#21027=CARTESIAN_POINT('Origin',(0.,0.,166.));
#21028=CARTESIAN_POINT('Origin',(-190.,-99.5,20.));
#21029=CARTESIAN_POINT('',(-190.,-99.5,150.));
#21030=CARTESIAN_POINT('',(-190.,-99.5,20.));
#21031=CARTESIAN_POINT('',(-190.,-99.5,150.));
#21032=CARTESIAN_POINT('',(-190.,-95.5,150.));
#21033=CARTESIAN_POINT('',(-190.,-99.5,150.));
#21034=CARTESIAN_POINT('',(-190.,-95.5,20.));
#21035=CARTESIAN_POINT('',(-190.,-95.5,150.));
#21036=CARTESIAN_POINT('',(-190.,-99.5,20.));
#21037=CARTESIAN_POINT('Origin',(190.,-99.5,20.));
#21038=CARTESIAN_POINT('',(190.,-99.5,20.));
#21039=CARTESIAN_POINT('',(-190.,-99.5,20.));
#21040=CARTESIAN_POINT('',(190.,-95.5,20.));
#21041=CARTESIAN_POINT('',(-190.,-95.5,20.));
#21042=CARTESIAN_POINT('',(190.,-99.5,20.));
#21043=CARTESIAN_POINT('Origin',(190.,-99.5,150.));
#21044=CARTESIAN_POINT('',(190.,-99.5,150.));
#21045=CARTESIAN_POINT('',(190.,-99.5,20.));
#21046=CARTESIAN_POINT('',(190.,-95.5,150.));
#21047=CARTESIAN_POINT('',(190.,-95.5,20.));
#21048=CARTESIAN_POINT('',(190.,-99.5,150.));
#21049=CARTESIAN_POINT('Origin',(-190.,-99.5,150.));
#21050=CARTESIAN_POINT('',(190.,-99.5,150.));
#21051=CARTESIAN_POINT('',(190.,-95.5,150.));
#21052=CARTESIAN_POINT('Origin',(0.,-95.5,85.));
#21053=CARTESIAN_POINT('Origin',(0.,-99.5,85.));
#21054=CARTESIAN_POINT('Origin',(140.,95.5,85.));
#21055=CARTESIAN_POINT('',(128.,93.5,85.));
#21056=CARTESIAN_POINT('Origin',(140.,93.5,85.));
#21057=CARTESIAN_POINT('',(128.,95.5,85.));
#21058=CARTESIAN_POINT('',(128.,95.5,85.));
#21059=CARTESIAN_POINT('Origin',(140.,95.5,85.));
#21060=CARTESIAN_POINT('Origin',(140.,93.5,85.));
#21061=CARTESIAN_POINT('',(136.5,93.5,85.));
#21062=CARTESIAN_POINT('Origin',(140.,93.5,85.));
#21063=CARTESIAN_POINT('Origin',(140.,99.5,85.));
#21064=CARTESIAN_POINT('',(136.5,101.5,85.));
#21065=CARTESIAN_POINT('Origin',(140.,101.5,85.));
#21066=CARTESIAN_POINT('',(136.5,99.5,85.));
#21067=CARTESIAN_POINT('Origin',(140.,99.5,85.));
#21068=CARTESIAN_POINT('',(128.,101.5,85.));
#21069=CARTESIAN_POINT('Origin',(140.,101.5,85.));
#21070=CARTESIAN_POINT('',(128.,99.5,85.));
#21071=CARTESIAN_POINT('',(128.,99.5,85.));
#21072=CARTESIAN_POINT('Origin',(140.,99.5,85.));
#21073=CARTESIAN_POINT('Origin',(140.,101.5,85.));
#21074=CARTESIAN_POINT('Origin',(5.,95.5,85.));
#21075=CARTESIAN_POINT('',(-7.,93.5,85.));
#21076=CARTESIAN_POINT('Origin',(5.,93.5,85.));
#21077=CARTESIAN_POINT('',(-7.,95.5,85.));
#21078=CARTESIAN_POINT('',(-7.,95.5,85.));
#21079=CARTESIAN_POINT('Origin',(5.,95.5,85.));
#21080=CARTESIAN_POINT('Origin',(5.,93.5,85.));
#21081=CARTESIAN_POINT('',(1.5,93.5,85.));
#21082=CARTESIAN_POINT('Origin',(5.,93.5,85.));
#21083=CARTESIAN_POINT('Origin',(5.,99.5,85.));
#21084=CARTESIAN_POINT('',(1.5,101.5,85.));
#21085=CARTESIAN_POINT('Origin',(5.,101.5,85.));
#21086=CARTESIAN_POINT('',(1.5,99.5,85.));
#21087=CARTESIAN_POINT('Origin',(5.,99.5,85.));
#21088=CARTESIAN_POINT('',(-7.,101.5,85.));
#21089=CARTESIAN_POINT('Origin',(5.,101.5,85.));
#21090=CARTESIAN_POINT('',(-7.,99.5,85.));
#21091=CARTESIAN_POINT('',(-7.,99.5,85.));
#21092=CARTESIAN_POINT('Origin',(5.,99.5,85.));
#21093=CARTESIAN_POINT('Origin',(5.,101.5,85.));
#21094=CARTESIAN_POINT('Origin',(-130.,95.5,85.));
#21095=CARTESIAN_POINT('',(-142.,93.5,85.));
#21096=CARTESIAN_POINT('Origin',(-130.,93.5,85.));
#21097=CARTESIAN_POINT('',(-142.,95.5,85.));
#21098=CARTESIAN_POINT('',(-142.,95.5,85.));
#21099=CARTESIAN_POINT('Origin',(-130.,95.5,85.));
#21100=CARTESIAN_POINT('Origin',(-130.,93.5,85.));
#21101=CARTESIAN_POINT('',(-133.5,93.5,85.));
#21102=CARTESIAN_POINT('Origin',(-130.,93.5,85.));
#21103=CARTESIAN_POINT('Origin',(-130.,99.5,85.));
#21104=CARTESIAN_POINT('',(-133.5,101.5,85.));
#21105=CARTESIAN_POINT('Origin',(-130.,101.5,85.));
#21106=CARTESIAN_POINT('',(-133.5,99.5,85.));
#21107=CARTESIAN_POINT('Origin',(-130.,99.5,85.));
#21108=CARTESIAN_POINT('',(-142.,101.5,85.));
#21109=CARTESIAN_POINT('Origin',(-130.,101.5,85.));
#21110=CARTESIAN_POINT('',(-142.,99.5,85.));
#21111=CARTESIAN_POINT('',(-142.,99.5,85.));
#21112=CARTESIAN_POINT('Origin',(-130.,99.5,85.));
#21113=CARTESIAN_POINT('Origin',(-130.,101.5,85.));
#21114=CARTESIAN_POINT('Origin',(-190.,95.5,20.));
#21115=CARTESIAN_POINT('',(-190.,95.5,150.));
#21116=CARTESIAN_POINT('',(-190.,95.5,20.));
#21117=CARTESIAN_POINT('',(-190.,95.5,150.));
#21118=CARTESIAN_POINT('',(-190.,99.5,150.));
#21119=CARTESIAN_POINT('',(-190.,95.5,150.));
#21120=CARTESIAN_POINT('',(-190.,99.5,20.));
#21121=CARTESIAN_POINT('',(-190.,99.5,150.));
#21122=CARTESIAN_POINT('',(-190.,95.5,20.));
#21123=CARTESIAN_POINT('Origin',(190.,95.5,20.));
#21124=CARTESIAN_POINT('',(190.,95.5,20.));
#21125=CARTESIAN_POINT('',(-190.,95.5,20.));
#21126=CARTESIAN_POINT('',(190.,99.5,20.));
#21127=CARTESIAN_POINT('',(-190.,99.5,20.));
#21128=CARTESIAN_POINT('',(190.,95.5,20.));
#21129=CARTESIAN_POINT('Origin',(190.,95.5,150.));
#21130=CARTESIAN_POINT('',(190.,95.5,150.));
#21131=CARTESIAN_POINT('',(190.,95.5,20.));
#21132=CARTESIAN_POINT('',(190.,99.5,150.));
#21133=CARTESIAN_POINT('',(190.,99.5,20.));
#21134=CARTESIAN_POINT('',(190.,95.5,150.));
#21135=CARTESIAN_POINT('Origin',(-190.,95.5,150.));
#21136=CARTESIAN_POINT('',(190.,95.5,150.));
#21137=CARTESIAN_POINT('',(190.,99.5,150.));
#21138=CARTESIAN_POINT('Origin',(0.,99.5,85.));
#21139=CARTESIAN_POINT('Origin',(0.,95.5,85.));
#21140=CARTESIAN_POINT('Origin',(-202.,-87.5,20.));
#21141=CARTESIAN_POINT('',(-202.,87.5,20.));
#21142=CARTESIAN_POINT('',(-202.,-87.5,20.));
#21143=CARTESIAN_POINT('',(-202.,87.5,20.));
#21144=CARTESIAN_POINT('',(-198.,87.5,20.));
#21145=CARTESIAN_POINT('',(-202.,87.5,20.));
#21146=CARTESIAN_POINT('',(-198.,-87.5,20.));
#21147=CARTESIAN_POINT('',(-198.,87.5,20.));
#21148=CARTESIAN_POINT('',(-202.,-87.5,20.));
#21149=CARTESIAN_POINT('Origin',(-202.,-87.5,150.));
#21150=CARTESIAN_POINT('',(-202.,-87.5,150.));
#21151=CARTESIAN_POINT('',(-202.,-87.5,20.));
#21152=CARTESIAN_POINT('',(-198.,-87.5,150.));
#21153=CARTESIAN_POINT('',(-198.,-87.5,20.));
#21154=CARTESIAN_POINT('',(-202.,-87.5,150.));
#21155=CARTESIAN_POINT('Origin',(-202.,87.5,150.));
#21156=CARTESIAN_POINT('',(-202.,87.5,150.));
#21157=CARTESIAN_POINT('',(-202.,-87.5,150.));
#21158=CARTESIAN_POINT('',(-198.,87.5,150.));
#21159=CARTESIAN_POINT('',(-198.,-87.5,150.));
#21160=CARTESIAN_POINT('',(-202.,87.5,150.));
#21161=CARTESIAN_POINT('Origin',(-202.,87.5,20.));
#21162=CARTESIAN_POINT('',(-202.,87.5,150.));
#21163=CARTESIAN_POINT('',(-198.,87.5,150.));
#21164=CARTESIAN_POINT('Origin',(-198.,0.,85.));
#21165=CARTESIAN_POINT('Origin',(-202.,0.,85.));
#21166=CARTESIAN_POINT('Origin',(198.,-87.5,20.));
#21167=CARTESIAN_POINT('',(198.,87.5,20.));
#21168=CARTESIAN_POINT('',(198.,-87.5,20.));
#21169=CARTESIAN_POINT('',(198.,87.5,20.));
#21170=CARTESIAN_POINT('',(202.,87.5,20.));
#21171=CARTESIAN_POINT('',(198.,87.5,20.));
#21172=CARTESIAN_POINT('',(202.,-87.5,20.));
#21173=CARTESIAN_POINT('',(202.,87.5,20.));
#21174=CARTESIAN_POINT('',(198.,-87.5,20.));
#21175=CARTESIAN_POINT('Origin',(198.,-87.5,150.));
#21176=CARTESIAN_POINT('',(198.,-87.5,150.));
#21177=CARTESIAN_POINT('',(198.,-87.5,20.));
#21178=CARTESIAN_POINT('',(202.,-87.5,150.));
#21179=CARTESIAN_POINT('',(202.,-87.5,20.));
#21180=CARTESIAN_POINT('',(198.,-87.5,150.));
#21181=CARTESIAN_POINT('Origin',(198.,87.5,150.));
#21182=CARTESIAN_POINT('',(198.,87.5,150.));
#21183=CARTESIAN_POINT('',(198.,-87.5,150.));
#21184=CARTESIAN_POINT('',(202.,87.5,150.));
#21185=CARTESIAN_POINT('',(202.,-87.5,150.));
#21186=CARTESIAN_POINT('',(198.,87.5,150.));
#21187=CARTESIAN_POINT('Origin',(198.,87.5,20.));
#21188=CARTESIAN_POINT('',(198.,87.5,150.));
#21189=CARTESIAN_POINT('',(202.,87.5,150.));
#21190=CARTESIAN_POINT('Origin',(202.,0.,85.));
#21191=CARTESIAN_POINT('Origin',(198.,0.,85.));
#21192=CARTESIAN_POINT('Origin',(-55.,-142.5,85.));
#21193=CARTESIAN_POINT('',(-58.,-142.5,93.));
#21194=CARTESIAN_POINT('',(-58.,-142.5,77.));
#21195=CARTESIAN_POINT('',(-58.,-142.5,85.));
#21196=CARTESIAN_POINT('',(-55.,-145.5,80.));
#21197=CARTESIAN_POINT('Origin',(-55.,-142.5,80.));
#21198=CARTESIAN_POINT('',(-55.,-145.5,90.));
#21199=CARTESIAN_POINT('',(-55.,-145.5,85.));
#21200=CARTESIAN_POINT('Origin',(-55.,-142.5,90.));
#21201=CARTESIAN_POINT('Origin',(55.,-142.5,85.));
#21202=CARTESIAN_POINT('',(55.,-145.5,90.));
#21203=CARTESIAN_POINT('',(55.,-145.5,80.));
#21204=CARTESIAN_POINT('',(55.,-145.5,85.));
#21205=CARTESIAN_POINT('',(58.,-142.5,77.));
#21206=CARTESIAN_POINT('Origin',(55.,-142.5,80.));
#21207=CARTESIAN_POINT('',(58.,-142.5,93.));
#21208=CARTESIAN_POINT('',(58.,-142.5,85.));
#21209=CARTESIAN_POINT('Origin',(55.,-142.5,90.));
#21210=CARTESIAN_POINT('Origin',(-29.,-142.5,80.));
#21211=CARTESIAN_POINT('',(-29.,-142.5,77.));
#21212=CARTESIAN_POINT('',(-29.,-145.5,80.));
#21213=CARTESIAN_POINT('Origin',(-29.,-142.5,90.));
#21214=CARTESIAN_POINT('',(-29.,-142.5,93.));
#21215=CARTESIAN_POINT('',(-29.,-145.5,90.));
#21216=CARTESIAN_POINT('Origin',(0.,-126.5,93.));
#21217=CARTESIAN_POINT('',(58.,-107.5,93.));
#21218=CARTESIAN_POINT('',(58.,-107.5,93.));
#21219=CARTESIAN_POINT('',(42.,-107.5,93.));
#21220=CARTESIAN_POINT('',(-58.,-107.5,93.));
#21221=CARTESIAN_POINT('',(42.,-131.5,93.));
#21222=CARTESIAN_POINT('',(42.,-107.5,93.));
#21223=CARTESIAN_POINT('',(-42.,-131.5,93.));
#21224=CARTESIAN_POINT('',(42.,-131.5,93.));
#21225=CARTESIAN_POINT('',(-42.,-107.5,93.));
#21226=CARTESIAN_POINT('',(-42.,-131.5,93.));
#21227=CARTESIAN_POINT('',(-58.,-107.5,93.));
#21228=CARTESIAN_POINT('',(-58.,-107.5,93.));
#21229=CARTESIAN_POINT('',(-58.,-145.5,93.));
#21230=CARTESIAN_POINT('Origin',(58.,-145.5,85.));
#21231=CARTESIAN_POINT('',(58.,-107.5,77.));
#21232=CARTESIAN_POINT('',(58.,-107.5,77.));
#21233=CARTESIAN_POINT('',(58.,-107.5,85.));
#21234=CARTESIAN_POINT('Origin',(-58.,-145.5,85.));
#21235=CARTESIAN_POINT('Origin',(0.,-126.5,77.));
#21236=CARTESIAN_POINT('',(-58.,-107.5,77.));
#21237=CARTESIAN_POINT('',(-58.,-145.5,77.));
#21238=CARTESIAN_POINT('',(-42.,-107.5,77.));
#21239=CARTESIAN_POINT('',(-58.,-107.5,77.));
#21240=CARTESIAN_POINT('',(-42.,-131.5,77.));
#21241=CARTESIAN_POINT('',(-42.,-131.5,77.));
#21242=CARTESIAN_POINT('',(42.,-131.5,77.));
#21243=CARTESIAN_POINT('',(42.,-131.5,77.));
#21244=CARTESIAN_POINT('',(42.,-107.5,77.));
#21245=CARTESIAN_POINT('',(42.,-107.5,77.));
#21246=CARTESIAN_POINT('',(-58.,-107.5,77.));
#21247=CARTESIAN_POINT('Origin',(58.,-107.5,85.));
#21248=CARTESIAN_POINT('',(42.,-107.5,85.));
#21249=CARTESIAN_POINT('Origin',(-58.,-107.5,85.));
#21250=CARTESIAN_POINT('',(-58.,-107.5,85.));
#21251=CARTESIAN_POINT('Origin',(-42.,-107.5,85.));
#21252=CARTESIAN_POINT('',(-42.,-107.5,85.));
#21253=CARTESIAN_POINT('Origin',(-42.,-131.5,85.));
#21254=CARTESIAN_POINT('',(-42.,-131.5,85.));
#21255=CARTESIAN_POINT('Origin',(42.,-131.5,85.));
#21256=CARTESIAN_POINT('',(42.,-131.5,85.));
#21257=CARTESIAN_POINT('Origin',(42.,-107.5,85.));
#21258=UNCERTAINTY_MEASURE_WITH_UNIT(LENGTH_MEASURE(0.01),#21262,
'DISTANCE_ACCURACY_VALUE',
'Maximum model space distance between geometric entities at asserted c
onnectivities');
#21259=UNCERTAINTY_MEASURE_WITH_UNIT(LENGTH_MEASURE(0.01),#21262,
'DISTANCE_ACCURACY_VALUE',
'Maximum model space distance between geometric entities at asserted c
onnectivities');
#21260=(
GEOMETRIC_REPRESENTATION_CONTEXT(3)
GLOBAL_UNCERTAINTY_ASSIGNED_CONTEXT((#21258))
GLOBAL_UNIT_ASSIGNED_CONTEXT((#21262,#21264,#21265))
REPRESENTATION_CONTEXT('','3D')
);
#21261=(
GEOMETRIC_REPRESENTATION_CONTEXT(3)
GLOBAL_UNCERTAINTY_ASSIGNED_CONTEXT((#21259))
GLOBAL_UNIT_ASSIGNED_CONTEXT((#21262,#21264,#21265))
REPRESENTATION_CONTEXT('','3D')
);
#21262=(
LENGTH_UNIT()
NAMED_UNIT(*)
SI_UNIT(.MILLI.,.METRE.)
);
#21263=(
LENGTH_UNIT()
NAMED_UNIT(*)
SI_UNIT($,.METRE.)
);
#21264=(
NAMED_UNIT(*)
PLANE_ANGLE_UNIT()
SI_UNIT($,.RADIAN.)
);
#21265=(
NAMED_UNIT(*)
SI_UNIT($,.STERADIAN.)
SOLID_ANGLE_UNIT()
);
#21266=SHAPE_DEFINITION_REPRESENTATION(#21267,#21268);
#21267=PRODUCT_DEFINITION_SHAPE('',$,#21270);
#21268=SHAPE_REPRESENTATION('',(#13458),#21260);
#21269=PRODUCT_DEFINITION_CONTEXT('part definition',#21274,'design');
#21270=PRODUCT_DEFINITION('(N\X\E3o salvo)','(N\X\E3o salvo)',#21271,#21269);
#21271=PRODUCT_DEFINITION_FORMATION('',$,#21276);
#21272=PRODUCT_RELATED_PRODUCT_CATEGORY('(N\X\E3o salvo)',
'(N\X\E3o salvo)',(#21276));
#21273=APPLICATION_PROTOCOL_DEFINITION('international standard',
'automotive_design',2009,#21274);
#21274=APPLICATION_CONTEXT(
'Core Data for Automotive Mechanical Design Process');
#21275=PRODUCT_CONTEXT('part definition',#21274,'mechanical');
#21276=PRODUCT('(N\X\E3o salvo)','(N\X\E3o salvo)',$,(#21275));
#21277=PRESENTATION_STYLE_ASSIGNMENT((#21281));
#21278=PRESENTATION_STYLE_ASSIGNMENT((#21282));
#21279=PRESENTATION_STYLE_ASSIGNMENT((#21283));
#21280=PRESENTATION_STYLE_ASSIGNMENT((#21284));
#21281=SURFACE_STYLE_USAGE(.BOTH.,#21285);
#21282=SURFACE_STYLE_USAGE(.BOTH.,#21286);
#21283=SURFACE_STYLE_USAGE(.BOTH.,#21287);
#21284=SURFACE_STYLE_USAGE(.BOTH.,#21288);
#21285=SURFACE_SIDE_STYLE('',(#21289));
#21286=SURFACE_SIDE_STYLE('',(#21290));
#21287=SURFACE_SIDE_STYLE('',(#21291));
#21288=SURFACE_SIDE_STYLE('',(#21292));
#21289=SURFACE_STYLE_FILL_AREA(#21293);
#21290=SURFACE_STYLE_FILL_AREA(#21294);
#21291=SURFACE_STYLE_FILL_AREA(#21295);
#21292=SURFACE_STYLE_FILL_AREA(#21296);
#21293=FILL_AREA_STYLE('A\X\E7o - Acetinado',(#21297));
#21294=FILL_AREA_STYLE('Mat_Alum_Acetinado_Real',(#21298));
#21295=FILL_AREA_STYLE('Mat_Policarbonato_Cristal_Real',(#21299));
#21296=FILL_AREA_STYLE('Mat_Poliamida_Preta_Real',(#21300));
#21297=FILL_AREA_STYLE_COLOUR('A\X\E7o - Acetinado',#21301);
#21298=FILL_AREA_STYLE_COLOUR('Mat_Alum_Acetinado_Real',#21302);
#21299=FILL_AREA_STYLE_COLOUR('Mat_Policarbonato_Cristal_Real',#21303);
#21300=FILL_AREA_STYLE_COLOUR('Mat_Poliamida_Preta_Real',#21304);
#21301=COLOUR_RGB('A\X\E7o - Acetinado',0.627450980392157,0.627450980392157,
0.627450980392157);
#21302=COLOUR_RGB('Mat_Alum_Acetinado_Real',0.843137254901961,0.854901960784314,
0.870588235294118);
#21303=COLOUR_RGB('Mat_Policarbonato_Cristal_Real',0.941176470588235,0.972549019607843,
1.);
#21304=COLOUR_RGB('Mat_Poliamida_Preta_Real',0.109803921568627,0.109803921568627,
0.117647058823529);
ENDSEC;
END-ISO-10303-21;
