ISO-10303-21;
HEADER;
/* Generated by software containing ST-Developer
 * from STEP Tools, Inc. (www.steptools.com) 
 */

FILE_DESCRIPTION(
/* description */ (''),
/* implementation_level */ '2;1');

FILE_NAME(
/* name */ 'amemiya_probe_tower_assembly.step',
/* time_stamp */ '2026-09-22T00:37:56-03:00',
/* author */ (''),
/* organization */ (''),
/* preprocessor_version */ 'ST-DEVELOPER v20.2',
/* originating_system */ 'Autodesk Translation Framework v15.15.0.0',
/* authorisation */ '');

FILE_SCHEMA (('AUTOMOTIVE_DESIGN { 1 0 10303 214 3 1 1 }'));
ENDSEC;

DATA;
#10=MECHANICAL_DESIGN_GEOMETRIC_PRESENTATION_REPRESENTATION('',(#65,#66,
#67,#68,#69,#70,#71,#72,#73,#74,#75,#76,#77,#78,#79,#80,#81),#3438);
#11=ITEM_DEFINED_TRANSFORMATION($,$,#1994,#2233);
#12=ITEM_DEFINED_TRANSFORMATION($,$,#2080,#2234);
#13=ITEM_DEFINED_TRANSFORMATION($,$,#2103,#2235);
#14=ITEM_DEFINED_TRANSFORMATION($,$,#2155,#2236);
#15=ITEM_DEFINED_TRANSFORMATION($,$,#2209,#2237);
#16=ITEM_DEFINED_TRANSFORMATION($,$,#2209,#2238);
#17=ITEM_DEFINED_TRANSFORMATION($,$,#2209,#2239);
#18=ITEM_DEFINED_TRANSFORMATION($,$,#2209,#2240);
#19=ITEM_DEFINED_TRANSFORMATION($,$,#2223,#2241);
#20=ITEM_DEFINED_TRANSFORMATION($,$,#2223,#2242);
#21=(
REPRESENTATION_RELATIONSHIP($,$,#3468,#3467)
REPRESENTATION_RELATIONSHIP_WITH_TRANSFORMATION(#11)
SHAPE_REPRESENTATION_RELATIONSHIP()
);
#22=(
REPRESENTATION_RELATIONSHIP($,$,#3469,#3467)
REPRESENTATION_RELATIONSHIP_WITH_TRANSFORMATION(#12)
SHAPE_REPRESENTATION_RELATIONSHIP()
);
#23=(
REPRESENTATION_RELATIONSHIP($,$,#3470,#3467)
REPRESENTATION_RELATIONSHIP_WITH_TRANSFORMATION(#13)
SHAPE_REPRESENTATION_RELATIONSHIP()
);
#24=(
REPRESENTATION_RELATIONSHIP($,$,#3471,#3467)
REPRESENTATION_RELATIONSHIP_WITH_TRANSFORMATION(#14)
SHAPE_REPRESENTATION_RELATIONSHIP()
);
#25=(
REPRESENTATION_RELATIONSHIP($,$,#3472,#3467)
REPRESENTATION_RELATIONSHIP_WITH_TRANSFORMATION(#15)
SHAPE_REPRESENTATION_RELATIONSHIP()
);
#26=(
REPRESENTATION_RELATIONSHIP($,$,#3472,#3467)
REPRESENTATION_RELATIONSHIP_WITH_TRANSFORMATION(#16)
SHAPE_REPRESENTATION_RELATIONSHIP()
);
#27=(
REPRESENTATION_RELATIONSHIP($,$,#3472,#3467)
REPRESENTATION_RELATIONSHIP_WITH_TRANSFORMATION(#17)
SHAPE_REPRESENTATION_RELATIONSHIP()
);
#28=(
REPRESENTATION_RELATIONSHIP($,$,#3472,#3467)
REPRESENTATION_RELATIONSHIP_WITH_TRANSFORMATION(#18)
SHAPE_REPRESENTATION_RELATIONSHIP()
);
#29=(
REPRESENTATION_RELATIONSHIP($,$,#3473,#3467)
REPRESENTATION_RELATIONSHIP_WITH_TRANSFORMATION(#19)
SHAPE_REPRESENTATION_RELATIONSHIP()
);
#30=(
REPRESENTATION_RELATIONSHIP($,$,#3473,#3467)
REPRESENTATION_RELATIONSHIP_WITH_TRANSFORMATION(#20)
SHAPE_REPRESENTATION_RELATIONSHIP()
);
#31=CONTEXT_DEPENDENT_SHAPE_REPRESENTATION(#21,#3457);
#32=CONTEXT_DEPENDENT_SHAPE_REPRESENTATION(#22,#3458);
#33=CONTEXT_DEPENDENT_SHAPE_REPRESENTATION(#23,#3459);
#34=CONTEXT_DEPENDENT_SHAPE_REPRESENTATION(#24,#3460);
#35=CONTEXT_DEPENDENT_SHAPE_REPRESENTATION(#25,#3461);
#36=CONTEXT_DEPENDENT_SHAPE_REPRESENTATION(#26,#3462);
#37=CONTEXT_DEPENDENT_SHAPE_REPRESENTATION(#27,#3463);
#38=CONTEXT_DEPENDENT_SHAPE_REPRESENTATION(#28,#3464);
#39=CONTEXT_DEPENDENT_SHAPE_REPRESENTATION(#29,#3465);
#40=CONTEXT_DEPENDENT_SHAPE_REPRESENTATION(#30,#3466);
#41=NEXT_ASSEMBLY_USAGE_OCCURRENCE('01_Gabinete_Corpo_Torre v1:1',
'01_Gabinete_Corpo_Torre v1:1','01_Gabinete_Corpo_Torre v1:1',#3475,#3476,
'01_Gabinete_Corpo_Torre v1:1');
#42=NEXT_ASSEMBLY_USAGE_OCCURRENCE(
'02_Placa_PCB_Torre_Com_Sensores v1:1',
'02_Placa_PCB_Torre_Com_Sensores v1:1',
'02_Placa_PCB_Torre_Com_Sensores v1:1',#3475,#3477,
'02_Placa_PCB_Torre_Com_Sensores v1:1');
#43=NEXT_ASSEMBLY_USAGE_OCCURRENCE('03_Tampa_Superior_Torre_GX16 v1:1',
'03_Tampa_Superior_Torre_GX16 v1:1','03_Tampa_Superior_Torre_GX16 v1:1',
#3475,#3478,'03_Tampa_Superior_Torre_GX16 v1:1');
#44=NEXT_ASSEMBLY_USAGE_OCCURRENCE(
'04_Conector_Industrial_GX16_8Vias v1:1',
'04_Conector_Industrial_GX16_8Vias v1:1',
'04_Conector_Industrial_GX16_8Vias v1:1',#3475,#3479,
'04_Conector_Industrial_GX16_8Vias v1:1');
#45=NEXT_ASSEMBLY_USAGE_OCCURRENCE('05_Parafuso_M25_Allen v1:1',
'05_Parafuso_M25_Allen v1:1','05_Parafuso_M25_Allen v1:1',#3475,#3480,
'05_Parafuso_M25_Allen v1:1');
#46=NEXT_ASSEMBLY_USAGE_OCCURRENCE('05_Parafuso_M25_Allen v1:2',
'05_Parafuso_M25_Allen v1:2','05_Parafuso_M25_Allen v1:2',#3475,#3480,
'05_Parafuso_M25_Allen v1:2');
#47=NEXT_ASSEMBLY_USAGE_OCCURRENCE('05_Parafuso_M25_Allen v1:3',
'05_Parafuso_M25_Allen v1:3','05_Parafuso_M25_Allen v1:3',#3475,#3480,
'05_Parafuso_M25_Allen v1:3');
#48=NEXT_ASSEMBLY_USAGE_OCCURRENCE('05_Parafuso_M25_Allen v1:4',
'05_Parafuso_M25_Allen v1:4','05_Parafuso_M25_Allen v1:4',#3475,#3480,
'05_Parafuso_M25_Allen v1:4');
#49=NEXT_ASSEMBLY_USAGE_OCCURRENCE('06_Ima_Neodimio_10x2 v1:1',
'06_Ima_Neodimio_10x2 v1:1','06_Ima_Neodimio_10x2 v1:1',#3475,#3481,
'06_Ima_Neodimio_10x2 v1:1');
#50=NEXT_ASSEMBLY_USAGE_OCCURRENCE('06_Ima_Neodimio_10x2 v1:2',
'06_Ima_Neodimio_10x2 v1:2','06_Ima_Neodimio_10x2 v1:2',#3475,#3481,
'06_Ima_Neodimio_10x2 v1:2');
#51=CONICAL_SURFACE('',#2224,4.85,0.785398163397449);
#52=CONICAL_SURFACE('',#2230,4.85,0.785398163397449);
#53=SHAPE_REPRESENTATION_RELATIONSHIP('SRR','None',#3468,#59);
#54=SHAPE_REPRESENTATION_RELATIONSHIP('SRR','None',#3469,#60);
#55=SHAPE_REPRESENTATION_RELATIONSHIP('SRR','None',#3470,#61);
#56=SHAPE_REPRESENTATION_RELATIONSHIP('SRR','None',#3471,#62);
#57=SHAPE_REPRESENTATION_RELATIONSHIP('SRR','None',#3472,#63);
#58=SHAPE_REPRESENTATION_RELATIONSHIP('SRR','None',#3473,#64);
#59=ADVANCED_BREP_SHAPE_REPRESENTATION('',(#82),#3432);
#60=ADVANCED_BREP_SHAPE_REPRESENTATION('',(#83,#84,#85,#86),#3433);
#61=ADVANCED_BREP_SHAPE_REPRESENTATION('',(#87),#3434);
#62=ADVANCED_BREP_SHAPE_REPRESENTATION('',(#88,#89,#90,#91,#92,#93,#94,
#95,#96),#3435);
#63=ADVANCED_BREP_SHAPE_REPRESENTATION('',(#97),#3436);
#64=ADVANCED_BREP_SHAPE_REPRESENTATION('',(#98),#3437);
#65=STYLED_ITEM('',(#3507),#82);
#66=STYLED_ITEM('',(#3508),#83);
#67=STYLED_ITEM('',(#3509),#84);
#68=STYLED_ITEM('',(#3510),#85);
#69=STYLED_ITEM('',(#3511),#86);
#70=STYLED_ITEM('',(#3507),#87);
#71=STYLED_ITEM('',(#3512),#88);
#72=STYLED_ITEM('',(#3513),#89);
#73=STYLED_ITEM('',(#3513),#90);
#74=STYLED_ITEM('',(#3513),#91);
#75=STYLED_ITEM('',(#3513),#92);
#76=STYLED_ITEM('',(#3513),#93);
#77=STYLED_ITEM('',(#3513),#94);
#78=STYLED_ITEM('',(#3513),#95);
#79=STYLED_ITEM('',(#3513),#96);
#80=STYLED_ITEM('',(#3511),#97);
#81=STYLED_ITEM('',(#3514),#98);
#82=MANIFOLD_SOLID_BREP('Corpo_Usinado_Torre',#1909);
#83=MANIFOLD_SOLID_BREP('Substrato_FR4_Verde',#1910);
#84=MANIFOLD_SOLID_BREP('PCB_Circular_INMP441',#1911);
#85=MANIFOLD_SOLID_BREP('Modulo_ADXL345_Azul',#1912);
#86=MANIFOLD_SOLID_BREP('Bulbo_DS18B20_Inox',#1913);
#87=MANIFOLD_SOLID_BREP('Tampa_Usinada_Aluminio',#1914);
#88=MANIFOLD_SOLID_BREP('Corpo_Metalico_GX16',#1915);
#89=MANIFOLD_SOLID_BREP('Pino_Dourado',#1916);
#90=MANIFOLD_SOLID_BREP('Pino_Dourado (1)',#1917);
#91=MANIFOLD_SOLID_BREP('Pino_Dourado (2)',#1918);
#92=MANIFOLD_SOLID_BREP('Pino_Dourado (3)',#1919);
#93=MANIFOLD_SOLID_BREP('Pino_Dourado (4)',#1920);
#94=MANIFOLD_SOLID_BREP('Pino_Dourado (5)',#1921);
#95=MANIFOLD_SOLID_BREP('Pino_Dourado (6)',#1922);
#96=MANIFOLD_SOLID_BREP('Pino_Dourado (7)',#1923);
#97=MANIFOLD_SOLID_BREP('Parafuso_Aco_Inox_M25',#1924);
#98=MANIFOLD_SOLID_BREP('Disco_Neodimio_N52',#1925);
#99=FACE_BOUND('',#327,.T.);
#100=FACE_BOUND('',#328,.T.);
#101=FACE_BOUND('',#329,.T.);
#102=FACE_BOUND('',#330,.T.);
#103=FACE_BOUND('',#331,.T.);
#104=FACE_BOUND('',#348,.T.);
#105=FACE_BOUND('',#368,.T.);
#106=FACE_BOUND('',#370,.T.);
#107=FACE_BOUND('',#372,.T.);
#108=FACE_BOUND('',#374,.T.);
#109=FACE_BOUND('',#375,.T.);
#110=FACE_BOUND('',#397,.T.);
#111=FACE_BOUND('',#420,.T.);
#112=FACE_BOUND('',#421,.T.);
#113=FACE_BOUND('',#422,.T.);
#114=FACE_BOUND('',#423,.T.);
#115=FACE_BOUND('',#424,.T.);
#116=FACE_BOUND('',#428,.T.);
#117=FACE_BOUND('',#431,.T.);
#118=FACE_BOUND('',#464,.T.);
#119=FACE_BOUND('',#466,.T.);
#120=PLANE('',#1998);
#121=PLANE('',#1999);
#122=PLANE('',#2019);
#123=PLANE('',#2030);
#124=PLANE('',#2033);
#125=PLANE('',#2042);
#126=PLANE('',#2045);
#127=PLANE('',#2057);
#128=PLANE('',#2061);
#129=PLANE('',#2062);
#130=PLANE('',#2065);
#131=PLANE('',#2068);
#132=PLANE('',#2071);
#133=PLANE('',#2074);
#134=PLANE('',#2075);
#135=PLANE('',#2076);
#136=PLANE('',#2077);
#137=PLANE('',#2078);
#138=PLANE('',#2079);
#139=PLANE('',#2081);
#140=PLANE('',#2082);
#141=PLANE('',#2083);
#142=PLANE('',#2084);
#143=PLANE('',#2085);
#144=PLANE('',#2086);
#145=PLANE('',#2090);
#146=PLANE('',#2091);
#147=PLANE('',#2092);
#148=PLANE('',#2093);
#149=PLANE('',#2094);
#150=PLANE('',#2095);
#151=PLANE('',#2096);
#152=PLANE('',#2097);
#153=PLANE('',#2101);
#154=PLANE('',#2102);
#155=PLANE('',#2107);
#156=PLANE('',#2108);
#157=PLANE('',#2120);
#158=PLANE('',#2123);
#159=PLANE('',#2126);
#160=PLANE('',#2130);
#161=PLANE('',#2131);
#162=PLANE('',#2139);
#163=PLANE('',#2143);
#164=PLANE('',#2144);
#165=PLANE('',#2149);
#166=PLANE('',#2150);
#167=PLANE('',#2151);
#168=PLANE('',#2152);
#169=PLANE('',#2153);
#170=PLANE('',#2154);
#171=PLANE('',#2159);
#172=PLANE('',#2160);
#173=PLANE('',#2165);
#174=PLANE('',#2168);
#175=PLANE('',#2172);
#176=PLANE('',#2173);
#177=PLANE('',#2177);
#178=PLANE('',#2178);
#179=PLANE('',#2182);
#180=PLANE('',#2183);
#181=PLANE('',#2187);
#182=PLANE('',#2188);
#183=PLANE('',#2192);
#184=PLANE('',#2193);
#185=PLANE('',#2197);
#186=PLANE('',#2198);
#187=PLANE('',#2202);
#188=PLANE('',#2203);
#189=PLANE('',#2207);
#190=PLANE('',#2208);
#191=PLANE('',#2213);
#192=PLANE('',#2217);
#193=PLANE('',#2221);
#194=PLANE('',#2222);
#195=PLANE('',#2229);
#196=PLANE('',#2232);
#197=FACE_OUTER_BOUND('',#324,.T.);
#198=FACE_OUTER_BOUND('',#325,.T.);
#199=FACE_OUTER_BOUND('',#326,.T.);
#200=FACE_OUTER_BOUND('',#332,.T.);
#201=FACE_OUTER_BOUND('',#333,.T.);
#202=FACE_OUTER_BOUND('',#334,.T.);
#203=FACE_OUTER_BOUND('',#335,.T.);
#204=FACE_OUTER_BOUND('',#336,.T.);
#205=FACE_OUTER_BOUND('',#337,.T.);
#206=FACE_OUTER_BOUND('',#338,.T.);
#207=FACE_OUTER_BOUND('',#339,.T.);
#208=FACE_OUTER_BOUND('',#340,.T.);
#209=FACE_OUTER_BOUND('',#341,.T.);
#210=FACE_OUTER_BOUND('',#342,.T.);
#211=FACE_OUTER_BOUND('',#343,.T.);
#212=FACE_OUTER_BOUND('',#344,.T.);
#213=FACE_OUTER_BOUND('',#345,.T.);
#214=FACE_OUTER_BOUND('',#346,.T.);
#215=FACE_OUTER_BOUND('',#347,.T.);
#216=FACE_OUTER_BOUND('',#349,.T.);
#217=FACE_OUTER_BOUND('',#350,.T.);
#218=FACE_OUTER_BOUND('',#351,.T.);
#219=FACE_OUTER_BOUND('',#352,.T.);
#220=FACE_OUTER_BOUND('',#353,.T.);
#221=FACE_OUTER_BOUND('',#354,.T.);
#222=FACE_OUTER_BOUND('',#355,.T.);
#223=FACE_OUTER_BOUND('',#356,.T.);
#224=FACE_OUTER_BOUND('',#357,.T.);
#225=FACE_OUTER_BOUND('',#358,.T.);
#226=FACE_OUTER_BOUND('',#359,.T.);
#227=FACE_OUTER_BOUND('',#360,.T.);
#228=FACE_OUTER_BOUND('',#361,.T.);
#229=FACE_OUTER_BOUND('',#362,.T.);
#230=FACE_OUTER_BOUND('',#363,.T.);
#231=FACE_OUTER_BOUND('',#364,.T.);
#232=FACE_OUTER_BOUND('',#365,.T.);
#233=FACE_OUTER_BOUND('',#366,.T.);
#234=FACE_OUTER_BOUND('',#367,.T.);
#235=FACE_OUTER_BOUND('',#369,.T.);
#236=FACE_OUTER_BOUND('',#371,.T.);
#237=FACE_OUTER_BOUND('',#373,.T.);
#238=FACE_OUTER_BOUND('',#376,.T.);
#239=FACE_OUTER_BOUND('',#377,.T.);
#240=FACE_OUTER_BOUND('',#378,.T.);
#241=FACE_OUTER_BOUND('',#379,.T.);
#242=FACE_OUTER_BOUND('',#380,.T.);
#243=FACE_OUTER_BOUND('',#381,.T.);
#244=FACE_OUTER_BOUND('',#382,.T.);
#245=FACE_OUTER_BOUND('',#383,.T.);
#246=FACE_OUTER_BOUND('',#384,.T.);
#247=FACE_OUTER_BOUND('',#385,.T.);
#248=FACE_OUTER_BOUND('',#386,.T.);
#249=FACE_OUTER_BOUND('',#387,.T.);
#250=FACE_OUTER_BOUND('',#388,.T.);
#251=FACE_OUTER_BOUND('',#389,.T.);
#252=FACE_OUTER_BOUND('',#390,.T.);
#253=FACE_OUTER_BOUND('',#391,.T.);
#254=FACE_OUTER_BOUND('',#392,.T.);
#255=FACE_OUTER_BOUND('',#393,.T.);
#256=FACE_OUTER_BOUND('',#394,.T.);
#257=FACE_OUTER_BOUND('',#395,.T.);
#258=FACE_OUTER_BOUND('',#396,.T.);
#259=FACE_OUTER_BOUND('',#398,.T.);
#260=FACE_OUTER_BOUND('',#399,.T.);
#261=FACE_OUTER_BOUND('',#400,.T.);
#262=FACE_OUTER_BOUND('',#401,.T.);
#263=FACE_OUTER_BOUND('',#402,.T.);
#264=FACE_OUTER_BOUND('',#403,.T.);
#265=FACE_OUTER_BOUND('',#404,.T.);
#266=FACE_OUTER_BOUND('',#405,.T.);
#267=FACE_OUTER_BOUND('',#406,.T.);
#268=FACE_OUTER_BOUND('',#407,.T.);
#269=FACE_OUTER_BOUND('',#408,.T.);
#270=FACE_OUTER_BOUND('',#409,.T.);
#271=FACE_OUTER_BOUND('',#410,.T.);
#272=FACE_OUTER_BOUND('',#411,.T.);
#273=FACE_OUTER_BOUND('',#412,.T.);
#274=FACE_OUTER_BOUND('',#413,.T.);
#275=FACE_OUTER_BOUND('',#414,.T.);
#276=FACE_OUTER_BOUND('',#415,.T.);
#277=FACE_OUTER_BOUND('',#416,.T.);
#278=FACE_OUTER_BOUND('',#417,.T.);
#279=FACE_OUTER_BOUND('',#418,.T.);
#280=FACE_OUTER_BOUND('',#419,.T.);
#281=FACE_OUTER_BOUND('',#425,.T.);
#282=FACE_OUTER_BOUND('',#426,.T.);
#283=FACE_OUTER_BOUND('',#427,.T.);
#284=FACE_OUTER_BOUND('',#429,.T.);
#285=FACE_OUTER_BOUND('',#430,.T.);
#286=FACE_OUTER_BOUND('',#432,.T.);
#287=FACE_OUTER_BOUND('',#433,.T.);
#288=FACE_OUTER_BOUND('',#434,.T.);
#289=FACE_OUTER_BOUND('',#435,.T.);
#290=FACE_OUTER_BOUND('',#436,.T.);
#291=FACE_OUTER_BOUND('',#437,.T.);
#292=FACE_OUTER_BOUND('',#438,.T.);
#293=FACE_OUTER_BOUND('',#439,.T.);
#294=FACE_OUTER_BOUND('',#440,.T.);
#295=FACE_OUTER_BOUND('',#441,.T.);
#296=FACE_OUTER_BOUND('',#442,.T.);
#297=FACE_OUTER_BOUND('',#443,.T.);
#298=FACE_OUTER_BOUND('',#444,.T.);
#299=FACE_OUTER_BOUND('',#445,.T.);
#300=FACE_OUTER_BOUND('',#446,.T.);
#301=FACE_OUTER_BOUND('',#447,.T.);
#302=FACE_OUTER_BOUND('',#448,.T.);
#303=FACE_OUTER_BOUND('',#449,.T.);
#304=FACE_OUTER_BOUND('',#450,.T.);
#305=FACE_OUTER_BOUND('',#451,.T.);
#306=FACE_OUTER_BOUND('',#452,.T.);
#307=FACE_OUTER_BOUND('',#453,.T.);
#308=FACE_OUTER_BOUND('',#454,.T.);
#309=FACE_OUTER_BOUND('',#455,.T.);
#310=FACE_OUTER_BOUND('',#456,.T.);
#311=FACE_OUTER_BOUND('',#457,.T.);
#312=FACE_OUTER_BOUND('',#458,.T.);
#313=FACE_OUTER_BOUND('',#459,.T.);
#314=FACE_OUTER_BOUND('',#460,.T.);
#315=FACE_OUTER_BOUND('',#461,.T.);
#316=FACE_OUTER_BOUND('',#462,.T.);
#317=FACE_OUTER_BOUND('',#463,.T.);
#318=FACE_OUTER_BOUND('',#465,.T.);
#319=FACE_OUTER_BOUND('',#467,.T.);
#320=FACE_OUTER_BOUND('',#468,.T.);
#321=FACE_OUTER_BOUND('',#469,.T.);
#322=FACE_OUTER_BOUND('',#470,.T.);
#323=FACE_OUTER_BOUND('',#471,.T.);
#324=EDGE_LOOP('',(#1250,#1251,#1252,#1253));
#325=EDGE_LOOP('',(#1254,#1255,#1256,#1257));
#326=EDGE_LOOP('',(#1258,#1259,#1260,#1261,#1262,#1263,#1264,#1265));
#327=EDGE_LOOP('',(#1266));
#328=EDGE_LOOP('',(#1267,#1268,#1269,#1270,#1271,#1272,#1273,#1274,#1275,
#1276,#1277,#1278,#1279,#1280,#1281,#1282));
#329=EDGE_LOOP('',(#1283));
#330=EDGE_LOOP('',(#1284));
#331=EDGE_LOOP('',(#1285));
#332=EDGE_LOOP('',(#1286,#1287,#1288,#1289));
#333=EDGE_LOOP('',(#1290,#1291,#1292,#1293));
#334=EDGE_LOOP('',(#1294,#1295,#1296,#1297));
#335=EDGE_LOOP('',(#1298,#1299,#1300,#1301));
#336=EDGE_LOOP('',(#1302,#1303,#1304,#1305));
#337=EDGE_LOOP('',(#1306,#1307,#1308,#1309));
#338=EDGE_LOOP('',(#1310,#1311,#1312,#1313));
#339=EDGE_LOOP('',(#1314,#1315,#1316,#1317));
#340=EDGE_LOOP('',(#1318,#1319,#1320,#1321));
#341=EDGE_LOOP('',(#1322,#1323,#1324,#1325));
#342=EDGE_LOOP('',(#1326,#1327,#1328,#1329));
#343=EDGE_LOOP('',(#1330,#1331,#1332,#1333));
#344=EDGE_LOOP('',(#1334,#1335,#1336,#1337));
#345=EDGE_LOOP('',(#1338,#1339,#1340,#1341));
#346=EDGE_LOOP('',(#1342,#1343,#1344,#1345,#1346,#1347,#1348,#1349,#1350,
#1351,#1352,#1353,#1354,#1355,#1356,#1357));
#347=EDGE_LOOP('',(#1358,#1359,#1360,#1361));
#348=EDGE_LOOP('',(#1362));
#349=EDGE_LOOP('',(#1363,#1364,#1365,#1366));
#350=EDGE_LOOP('',(#1367,#1368,#1369,#1370));
#351=EDGE_LOOP('',(#1371,#1372,#1373,#1374));
#352=EDGE_LOOP('',(#1375,#1376,#1377,#1378));
#353=EDGE_LOOP('',(#1379,#1380,#1381,#1382));
#354=EDGE_LOOP('',(#1383));
#355=EDGE_LOOP('',(#1384,#1385,#1386,#1387));
#356=EDGE_LOOP('',(#1388));
#357=EDGE_LOOP('',(#1389));
#358=EDGE_LOOP('',(#1390,#1391,#1392,#1393));
#359=EDGE_LOOP('',(#1394));
#360=EDGE_LOOP('',(#1395,#1396,#1397,#1398));
#361=EDGE_LOOP('',(#1399));
#362=EDGE_LOOP('',(#1400,#1401,#1402,#1403));
#363=EDGE_LOOP('',(#1404));
#364=EDGE_LOOP('',(#1405,#1406,#1407,#1408));
#365=EDGE_LOOP('',(#1409,#1410,#1411,#1412));
#366=EDGE_LOOP('',(#1413,#1414,#1415,#1416));
#367=EDGE_LOOP('',(#1417,#1418,#1419,#1420));
#368=EDGE_LOOP('',(#1421));
#369=EDGE_LOOP('',(#1422,#1423,#1424,#1425));
#370=EDGE_LOOP('',(#1426));
#371=EDGE_LOOP('',(#1427,#1428,#1429,#1430));
#372=EDGE_LOOP('',(#1431));
#373=EDGE_LOOP('',(#1432,#1433,#1434,#1435,#1436,#1437,#1438,#1439));
#374=EDGE_LOOP('',(#1440));
#375=EDGE_LOOP('',(#1441));
#376=EDGE_LOOP('',(#1442,#1443,#1444,#1445));
#377=EDGE_LOOP('',(#1446,#1447,#1448,#1449));
#378=EDGE_LOOP('',(#1450,#1451,#1452,#1453));
#379=EDGE_LOOP('',(#1454,#1455,#1456,#1457));
#380=EDGE_LOOP('',(#1458,#1459,#1460,#1461));
#381=EDGE_LOOP('',(#1462,#1463,#1464,#1465));
#382=EDGE_LOOP('',(#1466,#1467,#1468,#1469));
#383=EDGE_LOOP('',(#1470));
#384=EDGE_LOOP('',(#1471));
#385=EDGE_LOOP('',(#1472,#1473,#1474,#1475));
#386=EDGE_LOOP('',(#1476,#1477,#1478,#1479));
#387=EDGE_LOOP('',(#1480,#1481,#1482,#1483));
#388=EDGE_LOOP('',(#1484,#1485,#1486,#1487));
#389=EDGE_LOOP('',(#1488,#1489,#1490,#1491));
#390=EDGE_LOOP('',(#1492,#1493,#1494,#1495));
#391=EDGE_LOOP('',(#1496,#1497,#1498,#1499));
#392=EDGE_LOOP('',(#1500));
#393=EDGE_LOOP('',(#1501));
#394=EDGE_LOOP('',(#1502,#1503,#1504,#1505));
#395=EDGE_LOOP('',(#1506,#1507,#1508,#1509));
#396=EDGE_LOOP('',(#1510,#1511,#1512,#1513,#1514,#1515,#1516,#1517));
#397=EDGE_LOOP('',(#1518,#1519,#1520,#1521,#1522,#1523,#1524,#1525,#1526,
#1527));
#398=EDGE_LOOP('',(#1528,#1529,#1530,#1531));
#399=EDGE_LOOP('',(#1532,#1533,#1534,#1535));
#400=EDGE_LOOP('',(#1536,#1537,#1538,#1539));
#401=EDGE_LOOP('',(#1540,#1541,#1542,#1543));
#402=EDGE_LOOP('',(#1544,#1545,#1546,#1547));
#403=EDGE_LOOP('',(#1548,#1549,#1550,#1551));
#404=EDGE_LOOP('',(#1552,#1553,#1554,#1555,#1556,#1557));
#405=EDGE_LOOP('',(#1558,#1559,#1560));
#406=EDGE_LOOP('',(#1561,#1562,#1563,#1564));
#407=EDGE_LOOP('',(#1565,#1566,#1567,#1568,#1569,#1570));
#408=EDGE_LOOP('',(#1571,#1572,#1573,#1574,#1575,#1576));
#409=EDGE_LOOP('',(#1577,#1578,#1579));
#410=EDGE_LOOP('',(#1580,#1581,#1582,#1583));
#411=EDGE_LOOP('',(#1584));
#412=EDGE_LOOP('',(#1585,#1586,#1587,#1588));
#413=EDGE_LOOP('',(#1589,#1590,#1591,#1592,#1593,#1594));
#414=EDGE_LOOP('',(#1595,#1596,#1597,#1598,#1599,#1600));
#415=EDGE_LOOP('',(#1601,#1602,#1603,#1604,#1605,#1606));
#416=EDGE_LOOP('',(#1607,#1608,#1609,#1610,#1611,#1612));
#417=EDGE_LOOP('',(#1613,#1614,#1615,#1616,#1617,#1618));
#418=EDGE_LOOP('',(#1619,#1620,#1621,#1622));
#419=EDGE_LOOP('',(#1623,#1624,#1625,#1626,#1627,#1628,#1629,#1630));
#420=EDGE_LOOP('',(#1631));
#421=EDGE_LOOP('',(#1632));
#422=EDGE_LOOP('',(#1633));
#423=EDGE_LOOP('',(#1634));
#424=EDGE_LOOP('',(#1635));
#425=EDGE_LOOP('',(#1636,#1637,#1638,#1639));
#426=EDGE_LOOP('',(#1640));
#427=EDGE_LOOP('',(#1641));
#428=EDGE_LOOP('',(#1642));
#429=EDGE_LOOP('',(#1643,#1644,#1645,#1646));
#430=EDGE_LOOP('',(#1647));
#431=EDGE_LOOP('',(#1648));
#432=EDGE_LOOP('',(#1649,#1650,#1651,#1652));
#433=EDGE_LOOP('',(#1653));
#434=EDGE_LOOP('',(#1654,#1655,#1656,#1657));
#435=EDGE_LOOP('',(#1658));
#436=EDGE_LOOP('',(#1659));
#437=EDGE_LOOP('',(#1660,#1661,#1662,#1663));
#438=EDGE_LOOP('',(#1664));
#439=EDGE_LOOP('',(#1665));
#440=EDGE_LOOP('',(#1666,#1667,#1668,#1669));
#441=EDGE_LOOP('',(#1670));
#442=EDGE_LOOP('',(#1671));
#443=EDGE_LOOP('',(#1672,#1673,#1674,#1675));
#444=EDGE_LOOP('',(#1676));
#445=EDGE_LOOP('',(#1677));
#446=EDGE_LOOP('',(#1678,#1679,#1680,#1681));
#447=EDGE_LOOP('',(#1682));
#448=EDGE_LOOP('',(#1683));
#449=EDGE_LOOP('',(#1684,#1685,#1686,#1687));
#450=EDGE_LOOP('',(#1688));
#451=EDGE_LOOP('',(#1689));
#452=EDGE_LOOP('',(#1690,#1691,#1692,#1693));
#453=EDGE_LOOP('',(#1694));
#454=EDGE_LOOP('',(#1695));
#455=EDGE_LOOP('',(#1696,#1697,#1698,#1699));
#456=EDGE_LOOP('',(#1700));
#457=EDGE_LOOP('',(#1701));
#458=EDGE_LOOP('',(#1702,#1703,#1704,#1705));
#459=EDGE_LOOP('',(#1706));
#460=EDGE_LOOP('',(#1707,#1708,#1709,#1710));
#461=EDGE_LOOP('',(#1711));
#462=EDGE_LOOP('',(#1712,#1713,#1714,#1715));
#463=EDGE_LOOP('',(#1716));
#464=EDGE_LOOP('',(#1717));
#465=EDGE_LOOP('',(#1718));
#466=EDGE_LOOP('',(#1719));
#467=EDGE_LOOP('',(#1720,#1721,#1722,#1723));
#468=EDGE_LOOP('',(#1724,#1725,#1726,#1727));
#469=EDGE_LOOP('',(#1728));
#470=EDGE_LOOP('',(#1729,#1730,#1731,#1732));
#471=EDGE_LOOP('',(#1733));
#472=LINE('',#2886,#608);
#473=LINE('',#2889,#609);
#474=LINE('',#2892,#610);
#475=LINE('',#2894,#611);
#476=LINE('',#2895,#612);
#477=LINE('',#2901,#613);
#478=LINE('',#2905,#614);
#479=LINE('',#2909,#615);
#480=LINE('',#2912,#616);
#481=LINE('',#2920,#617);
#482=LINE('',#2924,#618);
#483=LINE('',#2928,#619);
#484=LINE('',#2936,#620);
#485=LINE('',#2940,#621);
#486=LINE('',#2950,#622);
#487=LINE('',#2953,#623);
#488=LINE('',#2956,#624);
#489=LINE('',#2957,#625);
#490=LINE('',#2960,#626);
#491=LINE('',#2963,#627);
#492=LINE('',#2968,#628);
#493=LINE('',#2971,#629);
#494=LINE('',#2976,#630);
#495=LINE('',#2979,#631);
#496=LINE('',#2982,#632);
#497=LINE('',#2983,#633);
#498=LINE('',#2986,#634);
#499=LINE('',#2989,#635);
#500=LINE('',#2992,#636);
#501=LINE('',#2993,#637);
#502=LINE('',#2997,#638);
#503=LINE('',#3000,#639);
#504=LINE('',#3005,#640);
#505=LINE('',#3009,#641);
#506=LINE('',#3012,#642);
#507=LINE('',#3015,#643);
#508=LINE('',#3017,#644);
#509=LINE('',#3020,#645);
#510=LINE('',#3022,#646);
#511=LINE('',#3026,#647);
#512=LINE('',#3028,#648);
#513=LINE('',#3029,#649);
#514=LINE('',#3034,#650);
#515=LINE('',#3039,#651);
#516=LINE('',#3044,#652);
#517=LINE('',#3051,#653);
#518=LINE('',#3058,#654);
#519=LINE('',#3063,#655);
#520=LINE('',#3068,#656);
#521=LINE('',#3073,#657);
#522=LINE('',#3078,#658);
#523=LINE('',#3080,#659);
#524=LINE('',#3086,#660);
#525=LINE('',#3088,#661);
#526=LINE('',#3090,#662);
#527=LINE('',#3091,#663);
#528=LINE('',#3094,#664);
#529=LINE('',#3096,#665);
#530=LINE('',#3097,#666);
#531=LINE('',#3100,#667);
#532=LINE('',#3102,#668);
#533=LINE('',#3103,#669);
#534=LINE('',#3105,#670);
#535=LINE('',#3106,#671);
#536=LINE('',#3113,#672);
#537=LINE('',#3120,#673);
#538=LINE('',#3122,#674);
#539=LINE('',#3124,#675);
#540=LINE('',#3125,#676);
#541=LINE('',#3128,#677);
#542=LINE('',#3130,#678);
#543=LINE('',#3131,#679);
#544=LINE('',#3134,#680);
#545=LINE('',#3136,#681);
#546=LINE('',#3137,#682);
#547=LINE('',#3139,#683);
#548=LINE('',#3140,#684);
#549=LINE('',#3147,#685);
#550=LINE('',#3157,#686);
#551=LINE('',#3160,#687);
#552=LINE('',#3163,#688);
#553=LINE('',#3165,#689);
#554=LINE('',#3166,#690);
#555=LINE('',#3169,#691);
#556=LINE('',#3173,#692);
#557=LINE('',#3177,#693);
#558=LINE('',#3185,#694);
#559=LINE('',#3191,#695);
#560=LINE('',#3195,#696);
#561=LINE('',#3198,#697);
#562=LINE('',#3202,#698);
#563=LINE('',#3205,#699);
#564=LINE('',#3206,#700);
#565=LINE('',#3210,#701);
#566=LINE('',#3213,#702);
#567=LINE('',#3214,#703);
#568=LINE('',#3218,#704);
#569=LINE('',#3220,#705);
#570=LINE('',#3224,#706);
#571=LINE('',#3228,#707);
#572=LINE('',#3229,#708);
#573=LINE('',#3232,#709);
#574=LINE('',#3236,#710);
#575=LINE('',#3239,#711);
#576=LINE('',#3244,#712);
#577=LINE('',#3248,#713);
#578=LINE('',#3249,#714);
#579=LINE('',#3254,#715);
#580=LINE('',#3259,#716);
#581=LINE('',#3263,#717);
#582=LINE('',#3266,#718);
#583=LINE('',#3270,#719);
#584=LINE('',#3272,#720);
#585=LINE('',#3273,#721);
#586=LINE('',#3276,#722);
#587=LINE('',#3277,#723);
#588=LINE('',#3280,#724);
#589=LINE('',#3281,#725);
#590=LINE('',#3283,#726);
#591=LINE('',#3291,#727);
#592=LINE('',#3302,#728);
#593=LINE('',#3306,#729);
#594=LINE('',#3313,#730);
#595=LINE('',#3321,#731);
#596=LINE('',#3329,#732);
#597=LINE('',#3337,#733);
#598=LINE('',#3345,#734);
#599=LINE('',#3353,#735);
#600=LINE('',#3361,#736);
#601=LINE('',#3369,#737);
#602=LINE('',#3378,#738);
#603=LINE('',#3385,#739);
#604=LINE('',#3392,#740);
#605=LINE('',#3401,#741);
#606=LINE('',#3406,#742);
#607=LINE('',#3411,#743);
#608=VECTOR('',#2251,10.);
#609=VECTOR('',#2254,10.);
#610=VECTOR('',#2257,10.);
#611=VECTOR('',#2258,10.);
#612=VECTOR('',#2259,10.);
#613=VECTOR('',#2264,10.);
#614=VECTOR('',#2267,10.);
#615=VECTOR('',#2270,10.);
#616=VECTOR('',#2273,10.);
#617=VECTOR('',#2280,10.);
#618=VECTOR('',#2283,10.);
#619=VECTOR('',#2286,10.);
#620=VECTOR('',#2293,10.);
#621=VECTOR('',#2296,10.);
#622=VECTOR('',#2307,10.);
#623=VECTOR('',#2310,10.);
#624=VECTOR('',#2313,10.);
#625=VECTOR('',#2314,10.);
#626=VECTOR('',#2317,10.);
#627=VECTOR('',#2320,10.);
#628=VECTOR('',#2327,10.);
#629=VECTOR('',#2330,10.);
#630=VECTOR('',#2337,10.);
#631=VECTOR('',#2340,10.);
#632=VECTOR('',#2343,10.);
#633=VECTOR('',#2344,10.);
#634=VECTOR('',#2347,10.);
#635=VECTOR('',#2350,10.);
#636=VECTOR('',#2353,10.);
#637=VECTOR('',#2354,10.);
#638=VECTOR('',#2359,10.);
#639=VECTOR('',#2362,10.);
#640=VECTOR('',#2369,10.);
#641=VECTOR('',#2374,10.);
#642=VECTOR('',#2377,10.);
#643=VECTOR('',#2380,10.);
#644=VECTOR('',#2381,10.);
#645=VECTOR('',#2384,10.);
#646=VECTOR('',#2387,10.);
#647=VECTOR('',#2392,10.);
#648=VECTOR('',#2395,10.);
#649=VECTOR('',#2396,10.);
#650=VECTOR('',#2401,1.75);
#651=VECTOR('',#2408,1.75);
#652=VECTOR('',#2413,5.1);
#653=VECTOR('',#2422,5.1);
#654=VECTOR('',#2433,1.025);
#655=VECTOR('',#2440,1.025);
#656=VECTOR('',#2447,1.025);
#657=VECTOR('',#2454,1.025);
#658=VECTOR('',#2463,10.);
#659=VECTOR('',#2466,10.);
#660=VECTOR('',#2473,10.);
#661=VECTOR('',#2474,10.);
#662=VECTOR('',#2475,10.);
#663=VECTOR('',#2476,10.);
#664=VECTOR('',#2479,10.);
#665=VECTOR('',#2480,10.);
#666=VECTOR('',#2481,10.);
#667=VECTOR('',#2484,10.);
#668=VECTOR('',#2485,10.);
#669=VECTOR('',#2486,10.);
#670=VECTOR('',#2489,10.);
#671=VECTOR('',#2490,10.);
#672=VECTOR('',#2499,7.);
#673=VECTOR('',#2508,10.);
#674=VECTOR('',#2509,10.);
#675=VECTOR('',#2510,10.);
#676=VECTOR('',#2511,10.);
#677=VECTOR('',#2514,10.);
#678=VECTOR('',#2515,10.);
#679=VECTOR('',#2516,10.);
#680=VECTOR('',#2519,10.);
#681=VECTOR('',#2520,10.);
#682=VECTOR('',#2521,10.);
#683=VECTOR('',#2524,10.);
#684=VECTOR('',#2525,10.);
#685=VECTOR('',#2534,2.2);
#686=VECTOR('',#2547,10.);
#687=VECTOR('',#2550,10.);
#688=VECTOR('',#2553,10.);
#689=VECTOR('',#2554,10.);
#690=VECTOR('',#2555,10.);
#691=VECTOR('',#2558,10.);
#692=VECTOR('',#2561,10.);
#693=VECTOR('',#2564,10.);
#694=VECTOR('',#2571,10.);
#695=VECTOR('',#2576,10.);
#696=VECTOR('',#2579,10.);
#697=VECTOR('',#2582,10.);
#698=VECTOR('',#2587,10.);
#699=VECTOR('',#2590,10.);
#700=VECTOR('',#2591,10.);
#701=VECTOR('',#2596,10.);
#702=VECTOR('',#2599,10.);
#703=VECTOR('',#2600,10.);
#704=VECTOR('',#2605,10.);
#705=VECTOR('',#2608,10.);
#706=VECTOR('',#2613,1.4);
#707=VECTOR('',#2618,10.);
#708=VECTOR('',#2619,10.);
#709=VECTOR('',#2622,10.);
#710=VECTOR('',#2627,10.);
#711=VECTOR('',#2630,1.4);
#712=VECTOR('',#2637,1.4);
#713=VECTOR('',#2642,10.);
#714=VECTOR('',#2643,10.);
#715=VECTOR('',#2648,8.1);
#716=VECTOR('',#2655,10.);
#717=VECTOR('',#2660,10.);
#718=VECTOR('',#2663,1.4);
#719=VECTOR('',#2668,10.);
#720=VECTOR('',#2669,10.);
#721=VECTOR('',#2670,10.);
#722=VECTOR('',#2673,10.);
#723=VECTOR('',#2674,10.);
#724=VECTOR('',#2677,10.);
#725=VECTOR('',#2678,10.);
#726=VECTOR('',#2681,10.);
#727=VECTOR('',#2692,9.);
#728=VECTOR('',#2707,9.5);
#729=VECTOR('',#2712,8.);
#730=VECTOR('',#2721,0.6);
#731=VECTOR('',#2732,0.6);
#732=VECTOR('',#2743,0.6);
#733=VECTOR('',#2754,0.6);
#734=VECTOR('',#2765,0.6);
#735=VECTOR('',#2776,0.6);
#736=VECTOR('',#2787,0.6);
#737=VECTOR('',#2798,0.6);
#738=VECTOR('',#2811,1.);
#739=VECTOR('',#2820,1.25);
#740=VECTOR('',#2829,2.25);
#741=VECTOR('',#2842,4.85);
#742=VECTOR('',#2849,5.);
#743=VECTOR('',#2856,4.85);
#744=CIRCLE('',#1996,2.);
#745=CIRCLE('',#1997,2.);
#746=CIRCLE('',#2000,2.);
#747=CIRCLE('',#2001,2.);
#748=CIRCLE('',#2002,2.);
#749=CIRCLE('',#2003,2.);
#750=CIRCLE('',#2004,1.025);
#751=CIRCLE('',#2005,2.);
#752=CIRCLE('',#2006,2.);
#753=CIRCLE('',#2007,2.);
#754=CIRCLE('',#2008,2.);
#755=CIRCLE('',#2009,2.);
#756=CIRCLE('',#2010,2.);
#757=CIRCLE('',#2011,2.);
#758=CIRCLE('',#2012,2.);
#759=CIRCLE('',#2013,2.);
#760=CIRCLE('',#2014,1.025);
#761=CIRCLE('',#2015,1.025);
#762=CIRCLE('',#2016,1.025);
#763=CIRCLE('',#2018,2.);
#764=CIRCLE('',#2021,2.);
#765=CIRCLE('',#2023,2.);
#766=CIRCLE('',#2025,2.);
#767=CIRCLE('',#2027,2.);
#768=CIRCLE('',#2029,2.);
#769=CIRCLE('',#2032,2.);
#770=CIRCLE('',#2035,2.);
#771=CIRCLE('',#2037,2.);
#772=CIRCLE('',#2039,2.);
#773=CIRCLE('',#2041,2.);
#774=CIRCLE('',#2043,2.);
#775=CIRCLE('',#2044,2.);
#776=CIRCLE('',#2046,1.75);
#777=CIRCLE('',#2050,1.75);
#778=CIRCLE('',#2051,1.75);
#779=CIRCLE('',#2053,1.75);
#780=CIRCLE('',#2055,5.1);
#781=CIRCLE('',#2056,5.1);
#782=CIRCLE('',#2059,5.1);
#783=CIRCLE('',#2060,5.1);
#784=CIRCLE('',#2063,1.025);
#785=CIRCLE('',#2066,1.025);
#786=CIRCLE('',#2069,1.025);
#787=CIRCLE('',#2072,1.025);
#788=CIRCLE('',#2088,7.);
#789=CIRCLE('',#2089,7.);
#790=CIRCLE('',#2099,2.2);
#791=CIRCLE('',#2100,2.2);
#792=CIRCLE('',#2105,2.);
#793=CIRCLE('',#2106,2.);
#794=CIRCLE('',#2109,2.);
#795=CIRCLE('',#2110,2.);
#796=CIRCLE('',#2111,2.);
#797=CIRCLE('',#2112,1.4);
#798=CIRCLE('',#2113,1.4);
#799=CIRCLE('',#2114,1.4);
#800=CIRCLE('',#2115,1.4);
#801=CIRCLE('',#2116,1.4);
#802=CIRCLE('',#2117,1.4);
#803=CIRCLE('',#2119,2.);
#804=CIRCLE('',#2122,2.);
#805=CIRCLE('',#2125,2.);
#806=CIRCLE('',#2128,1.4);
#807=CIRCLE('',#2129,1.4);
#808=CIRCLE('',#2132,1.4);
#809=CIRCLE('',#2133,1.4);
#810=CIRCLE('',#2135,1.4);
#811=CIRCLE('',#2137,1.4);
#812=CIRCLE('',#2138,1.4);
#813=CIRCLE('',#2141,8.1);
#814=CIRCLE('',#2142,8.1);
#815=CIRCLE('',#2145,1.4);
#816=CIRCLE('',#2146,1.4);
#817=CIRCLE('',#2148,1.4);
#818=CIRCLE('',#2157,9.);
#819=CIRCLE('',#2158,9.);
#820=CIRCLE('',#2161,9.5);
#821=CIRCLE('',#2162,8.);
#822=CIRCLE('',#2164,9.5);
#823=CIRCLE('',#2167,8.);
#824=CIRCLE('',#2170,0.6);
#825=CIRCLE('',#2171,0.6);
#826=CIRCLE('',#2175,0.6);
#827=CIRCLE('',#2176,0.6);
#828=CIRCLE('',#2180,0.6);
#829=CIRCLE('',#2181,0.6);
#830=CIRCLE('',#2185,0.6);
#831=CIRCLE('',#2186,0.6);
#832=CIRCLE('',#2190,0.6);
#833=CIRCLE('',#2191,0.6);
#834=CIRCLE('',#2195,0.6);
#835=CIRCLE('',#2196,0.6);
#836=CIRCLE('',#2200,0.6);
#837=CIRCLE('',#2201,0.6);
#838=CIRCLE('',#2205,0.6);
#839=CIRCLE('',#2206,0.6);
#840=CIRCLE('',#2211,1.);
#841=CIRCLE('',#2212,1.);
#842=CIRCLE('',#2215,1.25);
#843=CIRCLE('',#2216,1.25);
#844=CIRCLE('',#2219,2.25);
#845=CIRCLE('',#2220,2.25);
#846=CIRCLE('',#2225,5.);
#847=CIRCLE('',#2226,4.7);
#848=CIRCLE('',#2228,5.);
#849=CIRCLE('',#2231,4.7);
#850=VERTEX_POINT('',#2882);
#851=VERTEX_POINT('',#2883);
#852=VERTEX_POINT('',#2885);
#853=VERTEX_POINT('',#2887);
#854=VERTEX_POINT('',#2891);
#855=VERTEX_POINT('',#2893);
#856=VERTEX_POINT('',#2897);
#857=VERTEX_POINT('',#2898);
#858=VERTEX_POINT('',#2900);
#859=VERTEX_POINT('',#2902);
#860=VERTEX_POINT('',#2904);
#861=VERTEX_POINT('',#2906);
#862=VERTEX_POINT('',#2908);
#863=VERTEX_POINT('',#2910);
#864=VERTEX_POINT('',#2913);
#865=VERTEX_POINT('',#2915);
#866=VERTEX_POINT('',#2917);
#867=VERTEX_POINT('',#2919);
#868=VERTEX_POINT('',#2921);
#869=VERTEX_POINT('',#2923);
#870=VERTEX_POINT('',#2925);
#871=VERTEX_POINT('',#2927);
#872=VERTEX_POINT('',#2929);
#873=VERTEX_POINT('',#2931);
#874=VERTEX_POINT('',#2933);
#875=VERTEX_POINT('',#2935);
#876=VERTEX_POINT('',#2937);
#877=VERTEX_POINT('',#2939);
#878=VERTEX_POINT('',#2942);
#879=VERTEX_POINT('',#2944);
#880=VERTEX_POINT('',#2946);
#881=VERTEX_POINT('',#2949);
#882=VERTEX_POINT('',#2951);
#883=VERTEX_POINT('',#2955);
#884=VERTEX_POINT('',#2959);
#885=VERTEX_POINT('',#2961);
#886=VERTEX_POINT('',#2967);
#887=VERTEX_POINT('',#2969);
#888=VERTEX_POINT('',#2975);
#889=VERTEX_POINT('',#2977);
#890=VERTEX_POINT('',#2981);
#891=VERTEX_POINT('',#2985);
#892=VERTEX_POINT('',#2987);
#893=VERTEX_POINT('',#2991);
#894=VERTEX_POINT('',#2995);
#895=VERTEX_POINT('',#2999);
#896=VERTEX_POINT('',#3003);
#897=VERTEX_POINT('',#3007);
#898=VERTEX_POINT('',#3011);
#899=VERTEX_POINT('',#3013);
#900=VERTEX_POINT('',#3016);
#901=VERTEX_POINT('',#3018);
#902=VERTEX_POINT('',#3023);
#903=VERTEX_POINT('',#3031);
#904=VERTEX_POINT('',#3033);
#905=VERTEX_POINT('',#3037);
#906=VERTEX_POINT('',#3041);
#907=VERTEX_POINT('',#3043);
#908=VERTEX_POINT('',#3048);
#909=VERTEX_POINT('',#3050);
#910=VERTEX_POINT('',#3055);
#911=VERTEX_POINT('',#3060);
#912=VERTEX_POINT('',#3065);
#913=VERTEX_POINT('',#3070);
#914=VERTEX_POINT('',#3084);
#915=VERTEX_POINT('',#3085);
#916=VERTEX_POINT('',#3087);
#917=VERTEX_POINT('',#3089);
#918=VERTEX_POINT('',#3093);
#919=VERTEX_POINT('',#3095);
#920=VERTEX_POINT('',#3099);
#921=VERTEX_POINT('',#3101);
#922=VERTEX_POINT('',#3110);
#923=VERTEX_POINT('',#3112);
#924=VERTEX_POINT('',#3118);
#925=VERTEX_POINT('',#3119);
#926=VERTEX_POINT('',#3121);
#927=VERTEX_POINT('',#3123);
#928=VERTEX_POINT('',#3127);
#929=VERTEX_POINT('',#3129);
#930=VERTEX_POINT('',#3133);
#931=VERTEX_POINT('',#3135);
#932=VERTEX_POINT('',#3144);
#933=VERTEX_POINT('',#3146);
#934=VERTEX_POINT('',#3153);
#935=VERTEX_POINT('',#3154);
#936=VERTEX_POINT('',#3156);
#937=VERTEX_POINT('',#3158);
#938=VERTEX_POINT('',#3162);
#939=VERTEX_POINT('',#3164);
#940=VERTEX_POINT('',#3168);
#941=VERTEX_POINT('',#3170);
#942=VERTEX_POINT('',#3172);
#943=VERTEX_POINT('',#3174);
#944=VERTEX_POINT('',#3176);
#945=VERTEX_POINT('',#3179);
#946=VERTEX_POINT('',#3180);
#947=VERTEX_POINT('',#3182);
#948=VERTEX_POINT('',#3184);
#949=VERTEX_POINT('',#3186);
#950=VERTEX_POINT('',#3188);
#951=VERTEX_POINT('',#3190);
#952=VERTEX_POINT('',#3192);
#953=VERTEX_POINT('',#3194);
#954=VERTEX_POINT('',#3196);
#955=VERTEX_POINT('',#3200);
#956=VERTEX_POINT('',#3204);
#957=VERTEX_POINT('',#3208);
#958=VERTEX_POINT('',#3212);
#959=VERTEX_POINT('',#3216);
#960=VERTEX_POINT('',#3223);
#961=VERTEX_POINT('',#3227);
#962=VERTEX_POINT('',#3231);
#963=VERTEX_POINT('',#3233);
#964=VERTEX_POINT('',#3238);
#965=VERTEX_POINT('',#3243);
#966=VERTEX_POINT('',#3247);
#967=VERTEX_POINT('',#3251);
#968=VERTEX_POINT('',#3253);
#969=VERTEX_POINT('',#3258);
#970=VERTEX_POINT('',#3260);
#971=VERTEX_POINT('',#3265);
#972=VERTEX_POINT('',#3269);
#973=VERTEX_POINT('',#3271);
#974=VERTEX_POINT('',#3275);
#975=VERTEX_POINT('',#3279);
#976=VERTEX_POINT('',#3288);
#977=VERTEX_POINT('',#3290);
#978=VERTEX_POINT('',#3295);
#979=VERTEX_POINT('',#3297);
#980=VERTEX_POINT('',#3300);
#981=VERTEX_POINT('',#3305);
#982=VERTEX_POINT('',#3310);
#983=VERTEX_POINT('',#3312);
#984=VERTEX_POINT('',#3318);
#985=VERTEX_POINT('',#3320);
#986=VERTEX_POINT('',#3326);
#987=VERTEX_POINT('',#3328);
#988=VERTEX_POINT('',#3334);
#989=VERTEX_POINT('',#3336);
#990=VERTEX_POINT('',#3342);
#991=VERTEX_POINT('',#3344);
#992=VERTEX_POINT('',#3350);
#993=VERTEX_POINT('',#3352);
#994=VERTEX_POINT('',#3358);
#995=VERTEX_POINT('',#3360);
#996=VERTEX_POINT('',#3366);
#997=VERTEX_POINT('',#3368);
#998=VERTEX_POINT('',#3375);
#999=VERTEX_POINT('',#3377);
#1000=VERTEX_POINT('',#3382);
#1001=VERTEX_POINT('',#3384);
#1002=VERTEX_POINT('',#3389);
#1003=VERTEX_POINT('',#3391);
#1004=VERTEX_POINT('',#3398);
#1005=VERTEX_POINT('',#3400);
#1006=VERTEX_POINT('',#3404);
#1007=VERTEX_POINT('',#3409);
#1008=EDGE_CURVE('',#850,#851,#744,.T.);
#1009=EDGE_CURVE('',#851,#852,#472,.T.);
#1010=EDGE_CURVE('',#852,#853,#745,.F.);
#1011=EDGE_CURVE('',#853,#850,#473,.T.);
#1012=EDGE_CURVE('',#854,#851,#474,.T.);
#1013=EDGE_CURVE('',#855,#854,#475,.T.);
#1014=EDGE_CURVE('',#855,#852,#476,.T.);
#1015=EDGE_CURVE('',#856,#857,#746,.T.);
#1016=EDGE_CURVE('',#856,#858,#477,.T.);
#1017=EDGE_CURVE('',#859,#858,#747,.T.);
#1018=EDGE_CURVE('',#859,#860,#478,.T.);
#1019=EDGE_CURVE('',#861,#860,#748,.T.);
#1020=EDGE_CURVE('',#861,#862,#479,.T.);
#1021=EDGE_CURVE('',#863,#862,#749,.T.);
#1022=EDGE_CURVE('',#863,#857,#480,.T.);
#1023=EDGE_CURVE('',#864,#864,#750,.F.);
#1024=EDGE_CURVE('',#850,#865,#751,.F.);
#1025=EDGE_CURVE('',#866,#865,#752,.T.);
#1026=EDGE_CURVE('',#866,#867,#481,.T.);
#1027=EDGE_CURVE('',#867,#868,#753,.F.);
#1028=EDGE_CURVE('',#868,#869,#482,.T.);
#1029=EDGE_CURVE('',#869,#870,#754,.F.);
#1030=EDGE_CURVE('',#870,#871,#483,.T.);
#1031=EDGE_CURVE('',#872,#871,#755,.T.);
#1032=EDGE_CURVE('',#872,#873,#756,.F.);
#1033=EDGE_CURVE('',#874,#873,#757,.T.);
#1034=EDGE_CURVE('',#874,#875,#484,.T.);
#1035=EDGE_CURVE('',#875,#876,#758,.F.);
#1036=EDGE_CURVE('',#876,#877,#485,.T.);
#1037=EDGE_CURVE('',#877,#854,#759,.F.);
#1038=EDGE_CURVE('',#878,#878,#760,.F.);
#1039=EDGE_CURVE('',#879,#879,#761,.F.);
#1040=EDGE_CURVE('',#880,#880,#762,.F.);
#1041=EDGE_CURVE('',#871,#881,#486,.T.);
#1042=EDGE_CURVE('',#881,#882,#763,.F.);
#1043=EDGE_CURVE('',#882,#872,#487,.T.);
#1044=EDGE_CURVE('',#883,#870,#488,.T.);
#1045=EDGE_CURVE('',#883,#881,#489,.T.);
#1046=EDGE_CURVE('',#865,#884,#490,.T.);
#1047=EDGE_CURVE('',#884,#885,#764,.F.);
#1048=EDGE_CURVE('',#885,#866,#491,.T.);
#1049=EDGE_CURVE('',#884,#853,#765,.T.);
#1050=EDGE_CURVE('',#873,#886,#492,.T.);
#1051=EDGE_CURVE('',#886,#887,#766,.F.);
#1052=EDGE_CURVE('',#887,#874,#493,.T.);
#1053=EDGE_CURVE('',#886,#882,#767,.T.);
#1054=EDGE_CURVE('',#857,#888,#494,.T.);
#1055=EDGE_CURVE('',#888,#889,#768,.T.);
#1056=EDGE_CURVE('',#889,#856,#495,.T.);
#1057=EDGE_CURVE('',#890,#863,#496,.T.);
#1058=EDGE_CURVE('',#890,#888,#497,.T.);
#1059=EDGE_CURVE('',#858,#891,#498,.T.);
#1060=EDGE_CURVE('',#891,#892,#769,.T.);
#1061=EDGE_CURVE('',#892,#859,#499,.T.);
#1062=EDGE_CURVE('',#892,#893,#500,.T.);
#1063=EDGE_CURVE('',#860,#893,#501,.T.);
#1064=EDGE_CURVE('',#893,#894,#770,.T.);
#1065=EDGE_CURVE('',#894,#861,#502,.T.);
#1066=EDGE_CURVE('',#862,#895,#503,.T.);
#1067=EDGE_CURVE('',#895,#890,#771,.T.);
#1068=EDGE_CURVE('',#855,#896,#772,.T.);
#1069=EDGE_CURVE('',#877,#896,#504,.T.);
#1070=EDGE_CURVE('',#883,#897,#773,.T.);
#1071=EDGE_CURVE('',#869,#897,#505,.T.);
#1072=EDGE_CURVE('',#898,#896,#506,.T.);
#1073=EDGE_CURVE('',#898,#899,#774,.T.);
#1074=EDGE_CURVE('',#887,#899,#507,.T.);
#1075=EDGE_CURVE('',#900,#897,#508,.T.);
#1076=EDGE_CURVE('',#900,#901,#775,.T.);
#1077=EDGE_CURVE('',#885,#901,#509,.T.);
#1078=EDGE_CURVE('',#900,#868,#510,.T.);
#1079=EDGE_CURVE('',#902,#902,#776,.T.);
#1080=EDGE_CURVE('',#867,#901,#511,.T.);
#1081=EDGE_CURVE('',#898,#876,#512,.T.);
#1082=EDGE_CURVE('',#875,#899,#513,.T.);
#1083=EDGE_CURVE('',#903,#903,#777,.T.);
#1084=EDGE_CURVE('',#903,#904,#514,.T.);
#1085=EDGE_CURVE('',#904,#904,#778,.T.);
#1086=EDGE_CURVE('',#905,#905,#779,.T.);
#1087=EDGE_CURVE('',#905,#902,#515,.T.);
#1088=EDGE_CURVE('',#906,#906,#780,.T.);
#1089=EDGE_CURVE('',#906,#907,#516,.T.);
#1090=EDGE_CURVE('',#907,#907,#781,.T.);
#1091=EDGE_CURVE('',#908,#908,#782,.T.);
#1092=EDGE_CURVE('',#908,#909,#517,.T.);
#1093=EDGE_CURVE('',#909,#909,#783,.T.);
#1094=EDGE_CURVE('',#910,#910,#784,.T.);
#1095=EDGE_CURVE('',#879,#910,#518,.T.);
#1096=EDGE_CURVE('',#911,#911,#785,.T.);
#1097=EDGE_CURVE('',#878,#911,#519,.T.);
#1098=EDGE_CURVE('',#912,#912,#786,.T.);
#1099=EDGE_CURVE('',#880,#912,#520,.T.);
#1100=EDGE_CURVE('',#913,#913,#787,.T.);
#1101=EDGE_CURVE('',#864,#913,#521,.T.);
#1102=EDGE_CURVE('',#894,#895,#522,.T.);
#1103=EDGE_CURVE('',#889,#891,#523,.T.);
#1104=EDGE_CURVE('',#914,#915,#524,.T.);
#1105=EDGE_CURVE('',#915,#916,#525,.T.);
#1106=EDGE_CURVE('',#917,#916,#526,.T.);
#1107=EDGE_CURVE('',#914,#917,#527,.T.);
#1108=EDGE_CURVE('',#918,#914,#528,.T.);
#1109=EDGE_CURVE('',#919,#917,#529,.T.);
#1110=EDGE_CURVE('',#918,#919,#530,.T.);
#1111=EDGE_CURVE('',#920,#918,#531,.T.);
#1112=EDGE_CURVE('',#921,#919,#532,.T.);
#1113=EDGE_CURVE('',#920,#921,#533,.T.);
#1114=EDGE_CURVE('',#915,#920,#534,.T.);
#1115=EDGE_CURVE('',#916,#921,#535,.T.);
#1116=EDGE_CURVE('',#922,#922,#788,.T.);
#1117=EDGE_CURVE('',#922,#923,#536,.T.);
#1118=EDGE_CURVE('',#923,#923,#789,.T.);
#1119=EDGE_CURVE('',#924,#925,#537,.T.);
#1120=EDGE_CURVE('',#924,#926,#538,.T.);
#1121=EDGE_CURVE('',#927,#926,#539,.T.);
#1122=EDGE_CURVE('',#925,#927,#540,.T.);
#1123=EDGE_CURVE('',#925,#928,#541,.T.);
#1124=EDGE_CURVE('',#929,#927,#542,.T.);
#1125=EDGE_CURVE('',#928,#929,#543,.T.);
#1126=EDGE_CURVE('',#928,#930,#544,.T.);
#1127=EDGE_CURVE('',#931,#929,#545,.T.);
#1128=EDGE_CURVE('',#930,#931,#546,.T.);
#1129=EDGE_CURVE('',#930,#924,#547,.T.);
#1130=EDGE_CURVE('',#926,#931,#548,.T.);
#1131=EDGE_CURVE('',#932,#932,#790,.T.);
#1132=EDGE_CURVE('',#932,#933,#549,.T.);
#1133=EDGE_CURVE('',#933,#933,#791,.T.);
#1134=EDGE_CURVE('',#934,#935,#792,.T.);
#1135=EDGE_CURVE('',#935,#936,#550,.T.);
#1136=EDGE_CURVE('',#936,#937,#793,.T.);
#1137=EDGE_CURVE('',#937,#934,#551,.T.);
#1138=EDGE_CURVE('',#937,#938,#552,.T.);
#1139=EDGE_CURVE('',#939,#938,#553,.T.);
#1140=EDGE_CURVE('',#934,#939,#554,.T.);
#1141=EDGE_CURVE('',#940,#936,#555,.T.);
#1142=EDGE_CURVE('',#941,#940,#794,.T.);
#1143=EDGE_CURVE('',#942,#941,#556,.T.);
#1144=EDGE_CURVE('',#943,#942,#795,.T.);
#1145=EDGE_CURVE('',#944,#943,#557,.T.);
#1146=EDGE_CURVE('',#938,#944,#796,.T.);
#1147=EDGE_CURVE('',#945,#946,#797,.T.);
#1148=EDGE_CURVE('',#946,#947,#798,.T.);
#1149=EDGE_CURVE('',#947,#948,#558,.T.);
#1150=EDGE_CURVE('',#948,#949,#799,.T.);
#1151=EDGE_CURVE('',#949,#950,#800,.T.);
#1152=EDGE_CURVE('',#950,#951,#559,.T.);
#1153=EDGE_CURVE('',#951,#952,#801,.T.);
#1154=EDGE_CURVE('',#952,#953,#560,.T.);
#1155=EDGE_CURVE('',#953,#954,#802,.T.);
#1156=EDGE_CURVE('',#954,#945,#561,.T.);
#1157=EDGE_CURVE('',#955,#939,#803,.T.);
#1158=EDGE_CURVE('',#944,#955,#562,.T.);
#1159=EDGE_CURVE('',#956,#943,#563,.T.);
#1160=EDGE_CURVE('',#955,#956,#564,.T.);
#1161=EDGE_CURVE('',#957,#956,#804,.T.);
#1162=EDGE_CURVE('',#942,#957,#565,.T.);
#1163=EDGE_CURVE('',#958,#941,#566,.T.);
#1164=EDGE_CURVE('',#957,#958,#567,.T.);
#1165=EDGE_CURVE('',#959,#958,#805,.T.);
#1166=EDGE_CURVE('',#940,#959,#568,.T.);
#1167=EDGE_CURVE('',#959,#935,#569,.T.);
#1168=EDGE_CURVE('',#947,#945,#806,.T.);
#1169=EDGE_CURVE('',#946,#960,#570,.T.);
#1170=EDGE_CURVE('',#960,#960,#807,.T.);
#1171=EDGE_CURVE('',#945,#961,#571,.T.);
#1172=EDGE_CURVE('',#961,#947,#572,.T.);
#1173=EDGE_CURVE('',#962,#952,#573,.T.);
#1174=EDGE_CURVE('',#952,#963,#808,.T.);
#1175=EDGE_CURVE('',#963,#951,#809,.T.);
#1176=EDGE_CURVE('',#951,#962,#574,.T.);
#1177=EDGE_CURVE('',#963,#964,#575,.T.);
#1178=EDGE_CURVE('',#964,#964,#810,.T.);
#1179=EDGE_CURVE('',#950,#948,#811,.T.);
#1180=EDGE_CURVE('',#949,#965,#576,.T.);
#1181=EDGE_CURVE('',#965,#965,#812,.T.);
#1182=EDGE_CURVE('',#948,#966,#577,.T.);
#1183=EDGE_CURVE('',#966,#950,#578,.T.);
#1184=EDGE_CURVE('',#967,#967,#813,.T.);
#1185=EDGE_CURVE('',#967,#968,#579,.T.);
#1186=EDGE_CURVE('',#968,#968,#814,.T.);
#1187=EDGE_CURVE('',#969,#954,#580,.T.);
#1188=EDGE_CURVE('',#954,#970,#815,.T.);
#1189=EDGE_CURVE('',#970,#953,#816,.T.);
#1190=EDGE_CURVE('',#953,#969,#581,.T.);
#1191=EDGE_CURVE('',#970,#971,#582,.T.);
#1192=EDGE_CURVE('',#971,#971,#817,.T.);
#1193=EDGE_CURVE('',#966,#972,#583,.T.);
#1194=EDGE_CURVE('',#973,#972,#584,.T.);
#1195=EDGE_CURVE('',#962,#973,#585,.T.);
#1196=EDGE_CURVE('',#974,#973,#586,.T.);
#1197=EDGE_CURVE('',#969,#974,#587,.T.);
#1198=EDGE_CURVE('',#975,#974,#588,.T.);
#1199=EDGE_CURVE('',#961,#975,#589,.T.);
#1200=EDGE_CURVE('',#972,#975,#590,.T.);
#1201=EDGE_CURVE('',#976,#976,#818,.T.);
#1202=EDGE_CURVE('',#976,#977,#591,.T.);
#1203=EDGE_CURVE('',#977,#977,#819,.T.);
#1204=EDGE_CURVE('',#978,#978,#820,.T.);
#1205=EDGE_CURVE('',#979,#979,#821,.T.);
#1206=EDGE_CURVE('',#980,#980,#822,.T.);
#1207=EDGE_CURVE('',#980,#978,#592,.T.);
#1208=EDGE_CURVE('',#979,#981,#593,.T.);
#1209=EDGE_CURVE('',#981,#981,#823,.T.);
#1210=EDGE_CURVE('',#982,#982,#824,.T.);
#1211=EDGE_CURVE('',#982,#983,#594,.T.);
#1212=EDGE_CURVE('',#983,#983,#825,.T.);
#1213=EDGE_CURVE('',#984,#984,#826,.T.);
#1214=EDGE_CURVE('',#984,#985,#595,.T.);
#1215=EDGE_CURVE('',#985,#985,#827,.T.);
#1216=EDGE_CURVE('',#986,#986,#828,.T.);
#1217=EDGE_CURVE('',#986,#987,#596,.T.);
#1218=EDGE_CURVE('',#987,#987,#829,.T.);
#1219=EDGE_CURVE('',#988,#988,#830,.T.);
#1220=EDGE_CURVE('',#988,#989,#597,.T.);
#1221=EDGE_CURVE('',#989,#989,#831,.T.);
#1222=EDGE_CURVE('',#990,#990,#832,.T.);
#1223=EDGE_CURVE('',#990,#991,#598,.T.);
#1224=EDGE_CURVE('',#991,#991,#833,.T.);
#1225=EDGE_CURVE('',#992,#992,#834,.T.);
#1226=EDGE_CURVE('',#992,#993,#599,.T.);
#1227=EDGE_CURVE('',#993,#993,#835,.T.);
#1228=EDGE_CURVE('',#994,#994,#836,.T.);
#1229=EDGE_CURVE('',#994,#995,#600,.T.);
#1230=EDGE_CURVE('',#995,#995,#837,.T.);
#1231=EDGE_CURVE('',#996,#996,#838,.T.);
#1232=EDGE_CURVE('',#996,#997,#601,.T.);
#1233=EDGE_CURVE('',#997,#997,#839,.T.);
#1234=EDGE_CURVE('',#998,#998,#840,.T.);
#1235=EDGE_CURVE('',#998,#999,#602,.T.);
#1236=EDGE_CURVE('',#999,#999,#841,.T.);
#1237=EDGE_CURVE('',#1000,#1000,#842,.T.);
#1238=EDGE_CURVE('',#1000,#1001,#603,.T.);
#1239=EDGE_CURVE('',#1001,#1001,#843,.T.);
#1240=EDGE_CURVE('',#1002,#1002,#844,.T.);
#1241=EDGE_CURVE('',#1002,#1003,#604,.T.);
#1242=EDGE_CURVE('',#1003,#1003,#845,.T.);
#1243=EDGE_CURVE('',#1004,#1004,#846,.T.);
#1244=EDGE_CURVE('',#1004,#1005,#605,.T.);
#1245=EDGE_CURVE('',#1005,#1005,#847,.T.);
#1246=EDGE_CURVE('',#1006,#1006,#848,.T.);
#1247=EDGE_CURVE('',#1006,#1004,#606,.T.);
#1248=EDGE_CURVE('',#1007,#1007,#849,.T.);
#1249=EDGE_CURVE('',#1007,#1006,#607,.T.);
#1250=ORIENTED_EDGE('',*,*,#1008,.T.);
#1251=ORIENTED_EDGE('',*,*,#1009,.T.);
#1252=ORIENTED_EDGE('',*,*,#1010,.T.);
#1253=ORIENTED_EDGE('',*,*,#1011,.T.);
#1254=ORIENTED_EDGE('',*,*,#1009,.F.);
#1255=ORIENTED_EDGE('',*,*,#1012,.F.);
#1256=ORIENTED_EDGE('',*,*,#1013,.F.);
#1257=ORIENTED_EDGE('',*,*,#1014,.T.);
#1258=ORIENTED_EDGE('',*,*,#1015,.F.);
#1259=ORIENTED_EDGE('',*,*,#1016,.T.);
#1260=ORIENTED_EDGE('',*,*,#1017,.F.);
#1261=ORIENTED_EDGE('',*,*,#1018,.T.);
#1262=ORIENTED_EDGE('',*,*,#1019,.F.);
#1263=ORIENTED_EDGE('',*,*,#1020,.T.);
#1264=ORIENTED_EDGE('',*,*,#1021,.F.);
#1265=ORIENTED_EDGE('',*,*,#1022,.T.);
#1266=ORIENTED_EDGE('',*,*,#1023,.T.);
#1267=ORIENTED_EDGE('',*,*,#1008,.F.);
#1268=ORIENTED_EDGE('',*,*,#1024,.T.);
#1269=ORIENTED_EDGE('',*,*,#1025,.F.);
#1270=ORIENTED_EDGE('',*,*,#1026,.T.);
#1271=ORIENTED_EDGE('',*,*,#1027,.T.);
#1272=ORIENTED_EDGE('',*,*,#1028,.T.);
#1273=ORIENTED_EDGE('',*,*,#1029,.T.);
#1274=ORIENTED_EDGE('',*,*,#1030,.T.);
#1275=ORIENTED_EDGE('',*,*,#1031,.F.);
#1276=ORIENTED_EDGE('',*,*,#1032,.T.);
#1277=ORIENTED_EDGE('',*,*,#1033,.F.);
#1278=ORIENTED_EDGE('',*,*,#1034,.T.);
#1279=ORIENTED_EDGE('',*,*,#1035,.T.);
#1280=ORIENTED_EDGE('',*,*,#1036,.T.);
#1281=ORIENTED_EDGE('',*,*,#1037,.T.);
#1282=ORIENTED_EDGE('',*,*,#1012,.T.);
#1283=ORIENTED_EDGE('',*,*,#1038,.T.);
#1284=ORIENTED_EDGE('',*,*,#1039,.T.);
#1285=ORIENTED_EDGE('',*,*,#1040,.T.);
#1286=ORIENTED_EDGE('',*,*,#1031,.T.);
#1287=ORIENTED_EDGE('',*,*,#1041,.T.);
#1288=ORIENTED_EDGE('',*,*,#1042,.T.);
#1289=ORIENTED_EDGE('',*,*,#1043,.T.);
#1290=ORIENTED_EDGE('',*,*,#1041,.F.);
#1291=ORIENTED_EDGE('',*,*,#1030,.F.);
#1292=ORIENTED_EDGE('',*,*,#1044,.F.);
#1293=ORIENTED_EDGE('',*,*,#1045,.T.);
#1294=ORIENTED_EDGE('',*,*,#1025,.T.);
#1295=ORIENTED_EDGE('',*,*,#1046,.T.);
#1296=ORIENTED_EDGE('',*,*,#1047,.T.);
#1297=ORIENTED_EDGE('',*,*,#1048,.T.);
#1298=ORIENTED_EDGE('',*,*,#1011,.F.);
#1299=ORIENTED_EDGE('',*,*,#1049,.F.);
#1300=ORIENTED_EDGE('',*,*,#1046,.F.);
#1301=ORIENTED_EDGE('',*,*,#1024,.F.);
#1302=ORIENTED_EDGE('',*,*,#1033,.T.);
#1303=ORIENTED_EDGE('',*,*,#1050,.T.);
#1304=ORIENTED_EDGE('',*,*,#1051,.T.);
#1305=ORIENTED_EDGE('',*,*,#1052,.T.);
#1306=ORIENTED_EDGE('',*,*,#1043,.F.);
#1307=ORIENTED_EDGE('',*,*,#1053,.F.);
#1308=ORIENTED_EDGE('',*,*,#1050,.F.);
#1309=ORIENTED_EDGE('',*,*,#1032,.F.);
#1310=ORIENTED_EDGE('',*,*,#1015,.T.);
#1311=ORIENTED_EDGE('',*,*,#1054,.T.);
#1312=ORIENTED_EDGE('',*,*,#1055,.T.);
#1313=ORIENTED_EDGE('',*,*,#1056,.T.);
#1314=ORIENTED_EDGE('',*,*,#1054,.F.);
#1315=ORIENTED_EDGE('',*,*,#1022,.F.);
#1316=ORIENTED_EDGE('',*,*,#1057,.F.);
#1317=ORIENTED_EDGE('',*,*,#1058,.T.);
#1318=ORIENTED_EDGE('',*,*,#1017,.T.);
#1319=ORIENTED_EDGE('',*,*,#1059,.T.);
#1320=ORIENTED_EDGE('',*,*,#1060,.T.);
#1321=ORIENTED_EDGE('',*,*,#1061,.T.);
#1322=ORIENTED_EDGE('',*,*,#1061,.F.);
#1323=ORIENTED_EDGE('',*,*,#1062,.T.);
#1324=ORIENTED_EDGE('',*,*,#1063,.F.);
#1325=ORIENTED_EDGE('',*,*,#1018,.F.);
#1326=ORIENTED_EDGE('',*,*,#1019,.T.);
#1327=ORIENTED_EDGE('',*,*,#1063,.T.);
#1328=ORIENTED_EDGE('',*,*,#1064,.T.);
#1329=ORIENTED_EDGE('',*,*,#1065,.T.);
#1330=ORIENTED_EDGE('',*,*,#1021,.T.);
#1331=ORIENTED_EDGE('',*,*,#1066,.T.);
#1332=ORIENTED_EDGE('',*,*,#1067,.T.);
#1333=ORIENTED_EDGE('',*,*,#1057,.T.);
#1334=ORIENTED_EDGE('',*,*,#1068,.F.);
#1335=ORIENTED_EDGE('',*,*,#1013,.T.);
#1336=ORIENTED_EDGE('',*,*,#1037,.F.);
#1337=ORIENTED_EDGE('',*,*,#1069,.T.);
#1338=ORIENTED_EDGE('',*,*,#1070,.F.);
#1339=ORIENTED_EDGE('',*,*,#1044,.T.);
#1340=ORIENTED_EDGE('',*,*,#1029,.F.);
#1341=ORIENTED_EDGE('',*,*,#1071,.T.);
#1342=ORIENTED_EDGE('',*,*,#1049,.T.);
#1343=ORIENTED_EDGE('',*,*,#1010,.F.);
#1344=ORIENTED_EDGE('',*,*,#1014,.F.);
#1345=ORIENTED_EDGE('',*,*,#1068,.T.);
#1346=ORIENTED_EDGE('',*,*,#1072,.F.);
#1347=ORIENTED_EDGE('',*,*,#1073,.T.);
#1348=ORIENTED_EDGE('',*,*,#1074,.F.);
#1349=ORIENTED_EDGE('',*,*,#1051,.F.);
#1350=ORIENTED_EDGE('',*,*,#1053,.T.);
#1351=ORIENTED_EDGE('',*,*,#1042,.F.);
#1352=ORIENTED_EDGE('',*,*,#1045,.F.);
#1353=ORIENTED_EDGE('',*,*,#1070,.T.);
#1354=ORIENTED_EDGE('',*,*,#1075,.F.);
#1355=ORIENTED_EDGE('',*,*,#1076,.T.);
#1356=ORIENTED_EDGE('',*,*,#1077,.F.);
#1357=ORIENTED_EDGE('',*,*,#1047,.F.);
#1358=ORIENTED_EDGE('',*,*,#1071,.F.);
#1359=ORIENTED_EDGE('',*,*,#1028,.F.);
#1360=ORIENTED_EDGE('',*,*,#1078,.F.);
#1361=ORIENTED_EDGE('',*,*,#1075,.T.);
#1362=ORIENTED_EDGE('',*,*,#1079,.T.);
#1363=ORIENTED_EDGE('',*,*,#1076,.F.);
#1364=ORIENTED_EDGE('',*,*,#1078,.T.);
#1365=ORIENTED_EDGE('',*,*,#1027,.F.);
#1366=ORIENTED_EDGE('',*,*,#1080,.T.);
#1367=ORIENTED_EDGE('',*,*,#1073,.F.);
#1368=ORIENTED_EDGE('',*,*,#1081,.T.);
#1369=ORIENTED_EDGE('',*,*,#1035,.F.);
#1370=ORIENTED_EDGE('',*,*,#1082,.T.);
#1371=ORIENTED_EDGE('',*,*,#1083,.F.);
#1372=ORIENTED_EDGE('',*,*,#1084,.T.);
#1373=ORIENTED_EDGE('',*,*,#1085,.F.);
#1374=ORIENTED_EDGE('',*,*,#1084,.F.);
#1375=ORIENTED_EDGE('',*,*,#1086,.F.);
#1376=ORIENTED_EDGE('',*,*,#1087,.T.);
#1377=ORIENTED_EDGE('',*,*,#1079,.F.);
#1378=ORIENTED_EDGE('',*,*,#1087,.F.);
#1379=ORIENTED_EDGE('',*,*,#1088,.F.);
#1380=ORIENTED_EDGE('',*,*,#1089,.T.);
#1381=ORIENTED_EDGE('',*,*,#1090,.T.);
#1382=ORIENTED_EDGE('',*,*,#1089,.F.);
#1383=ORIENTED_EDGE('',*,*,#1090,.F.);
#1384=ORIENTED_EDGE('',*,*,#1091,.F.);
#1385=ORIENTED_EDGE('',*,*,#1092,.T.);
#1386=ORIENTED_EDGE('',*,*,#1093,.T.);
#1387=ORIENTED_EDGE('',*,*,#1092,.F.);
#1388=ORIENTED_EDGE('',*,*,#1093,.F.);
#1389=ORIENTED_EDGE('',*,*,#1094,.T.);
#1390=ORIENTED_EDGE('',*,*,#1039,.F.);
#1391=ORIENTED_EDGE('',*,*,#1095,.T.);
#1392=ORIENTED_EDGE('',*,*,#1094,.F.);
#1393=ORIENTED_EDGE('',*,*,#1095,.F.);
#1394=ORIENTED_EDGE('',*,*,#1096,.T.);
#1395=ORIENTED_EDGE('',*,*,#1038,.F.);
#1396=ORIENTED_EDGE('',*,*,#1097,.T.);
#1397=ORIENTED_EDGE('',*,*,#1096,.F.);
#1398=ORIENTED_EDGE('',*,*,#1097,.F.);
#1399=ORIENTED_EDGE('',*,*,#1098,.F.);
#1400=ORIENTED_EDGE('',*,*,#1040,.F.);
#1401=ORIENTED_EDGE('',*,*,#1099,.T.);
#1402=ORIENTED_EDGE('',*,*,#1098,.T.);
#1403=ORIENTED_EDGE('',*,*,#1099,.F.);
#1404=ORIENTED_EDGE('',*,*,#1100,.T.);
#1405=ORIENTED_EDGE('',*,*,#1023,.F.);
#1406=ORIENTED_EDGE('',*,*,#1101,.T.);
#1407=ORIENTED_EDGE('',*,*,#1100,.F.);
#1408=ORIENTED_EDGE('',*,*,#1101,.F.);
#1409=ORIENTED_EDGE('',*,*,#1052,.F.);
#1410=ORIENTED_EDGE('',*,*,#1074,.T.);
#1411=ORIENTED_EDGE('',*,*,#1082,.F.);
#1412=ORIENTED_EDGE('',*,*,#1034,.F.);
#1413=ORIENTED_EDGE('',*,*,#1048,.F.);
#1414=ORIENTED_EDGE('',*,*,#1077,.T.);
#1415=ORIENTED_EDGE('',*,*,#1080,.F.);
#1416=ORIENTED_EDGE('',*,*,#1026,.F.);
#1417=ORIENTED_EDGE('',*,*,#1069,.F.);
#1418=ORIENTED_EDGE('',*,*,#1036,.F.);
#1419=ORIENTED_EDGE('',*,*,#1081,.F.);
#1420=ORIENTED_EDGE('',*,*,#1072,.T.);
#1421=ORIENTED_EDGE('',*,*,#1083,.T.);
#1422=ORIENTED_EDGE('',*,*,#1065,.F.);
#1423=ORIENTED_EDGE('',*,*,#1102,.T.);
#1424=ORIENTED_EDGE('',*,*,#1066,.F.);
#1425=ORIENTED_EDGE('',*,*,#1020,.F.);
#1426=ORIENTED_EDGE('',*,*,#1085,.T.);
#1427=ORIENTED_EDGE('',*,*,#1056,.F.);
#1428=ORIENTED_EDGE('',*,*,#1103,.T.);
#1429=ORIENTED_EDGE('',*,*,#1059,.F.);
#1430=ORIENTED_EDGE('',*,*,#1016,.F.);
#1431=ORIENTED_EDGE('',*,*,#1086,.T.);
#1432=ORIENTED_EDGE('',*,*,#1055,.F.);
#1433=ORIENTED_EDGE('',*,*,#1058,.F.);
#1434=ORIENTED_EDGE('',*,*,#1067,.F.);
#1435=ORIENTED_EDGE('',*,*,#1102,.F.);
#1436=ORIENTED_EDGE('',*,*,#1064,.F.);
#1437=ORIENTED_EDGE('',*,*,#1062,.F.);
#1438=ORIENTED_EDGE('',*,*,#1060,.F.);
#1439=ORIENTED_EDGE('',*,*,#1103,.F.);
#1440=ORIENTED_EDGE('',*,*,#1088,.T.);
#1441=ORIENTED_EDGE('',*,*,#1091,.T.);
#1442=ORIENTED_EDGE('',*,*,#1104,.T.);
#1443=ORIENTED_EDGE('',*,*,#1105,.T.);
#1444=ORIENTED_EDGE('',*,*,#1106,.F.);
#1445=ORIENTED_EDGE('',*,*,#1107,.F.);
#1446=ORIENTED_EDGE('',*,*,#1108,.T.);
#1447=ORIENTED_EDGE('',*,*,#1107,.T.);
#1448=ORIENTED_EDGE('',*,*,#1109,.F.);
#1449=ORIENTED_EDGE('',*,*,#1110,.F.);
#1450=ORIENTED_EDGE('',*,*,#1111,.T.);
#1451=ORIENTED_EDGE('',*,*,#1110,.T.);
#1452=ORIENTED_EDGE('',*,*,#1112,.F.);
#1453=ORIENTED_EDGE('',*,*,#1113,.F.);
#1454=ORIENTED_EDGE('',*,*,#1114,.T.);
#1455=ORIENTED_EDGE('',*,*,#1113,.T.);
#1456=ORIENTED_EDGE('',*,*,#1115,.F.);
#1457=ORIENTED_EDGE('',*,*,#1105,.F.);
#1458=ORIENTED_EDGE('',*,*,#1115,.T.);
#1459=ORIENTED_EDGE('',*,*,#1112,.T.);
#1460=ORIENTED_EDGE('',*,*,#1109,.T.);
#1461=ORIENTED_EDGE('',*,*,#1106,.T.);
#1462=ORIENTED_EDGE('',*,*,#1114,.F.);
#1463=ORIENTED_EDGE('',*,*,#1104,.F.);
#1464=ORIENTED_EDGE('',*,*,#1108,.F.);
#1465=ORIENTED_EDGE('',*,*,#1111,.F.);
#1466=ORIENTED_EDGE('',*,*,#1116,.F.);
#1467=ORIENTED_EDGE('',*,*,#1117,.T.);
#1468=ORIENTED_EDGE('',*,*,#1118,.F.);
#1469=ORIENTED_EDGE('',*,*,#1117,.F.);
#1470=ORIENTED_EDGE('',*,*,#1118,.T.);
#1471=ORIENTED_EDGE('',*,*,#1116,.T.);
#1472=ORIENTED_EDGE('',*,*,#1119,.F.);
#1473=ORIENTED_EDGE('',*,*,#1120,.T.);
#1474=ORIENTED_EDGE('',*,*,#1121,.F.);
#1475=ORIENTED_EDGE('',*,*,#1122,.F.);
#1476=ORIENTED_EDGE('',*,*,#1123,.F.);
#1477=ORIENTED_EDGE('',*,*,#1122,.T.);
#1478=ORIENTED_EDGE('',*,*,#1124,.F.);
#1479=ORIENTED_EDGE('',*,*,#1125,.F.);
#1480=ORIENTED_EDGE('',*,*,#1126,.F.);
#1481=ORIENTED_EDGE('',*,*,#1125,.T.);
#1482=ORIENTED_EDGE('',*,*,#1127,.F.);
#1483=ORIENTED_EDGE('',*,*,#1128,.F.);
#1484=ORIENTED_EDGE('',*,*,#1129,.F.);
#1485=ORIENTED_EDGE('',*,*,#1128,.T.);
#1486=ORIENTED_EDGE('',*,*,#1130,.F.);
#1487=ORIENTED_EDGE('',*,*,#1120,.F.);
#1488=ORIENTED_EDGE('',*,*,#1129,.T.);
#1489=ORIENTED_EDGE('',*,*,#1119,.T.);
#1490=ORIENTED_EDGE('',*,*,#1123,.T.);
#1491=ORIENTED_EDGE('',*,*,#1126,.T.);
#1492=ORIENTED_EDGE('',*,*,#1130,.T.);
#1493=ORIENTED_EDGE('',*,*,#1127,.T.);
#1494=ORIENTED_EDGE('',*,*,#1124,.T.);
#1495=ORIENTED_EDGE('',*,*,#1121,.T.);
#1496=ORIENTED_EDGE('',*,*,#1131,.F.);
#1497=ORIENTED_EDGE('',*,*,#1132,.T.);
#1498=ORIENTED_EDGE('',*,*,#1133,.T.);
#1499=ORIENTED_EDGE('',*,*,#1132,.F.);
#1500=ORIENTED_EDGE('',*,*,#1131,.T.);
#1501=ORIENTED_EDGE('',*,*,#1133,.F.);
#1502=ORIENTED_EDGE('',*,*,#1134,.T.);
#1503=ORIENTED_EDGE('',*,*,#1135,.T.);
#1504=ORIENTED_EDGE('',*,*,#1136,.T.);
#1505=ORIENTED_EDGE('',*,*,#1137,.T.);
#1506=ORIENTED_EDGE('',*,*,#1137,.F.);
#1507=ORIENTED_EDGE('',*,*,#1138,.T.);
#1508=ORIENTED_EDGE('',*,*,#1139,.F.);
#1509=ORIENTED_EDGE('',*,*,#1140,.F.);
#1510=ORIENTED_EDGE('',*,*,#1136,.F.);
#1511=ORIENTED_EDGE('',*,*,#1141,.F.);
#1512=ORIENTED_EDGE('',*,*,#1142,.F.);
#1513=ORIENTED_EDGE('',*,*,#1143,.F.);
#1514=ORIENTED_EDGE('',*,*,#1144,.F.);
#1515=ORIENTED_EDGE('',*,*,#1145,.F.);
#1516=ORIENTED_EDGE('',*,*,#1146,.F.);
#1517=ORIENTED_EDGE('',*,*,#1138,.F.);
#1518=ORIENTED_EDGE('',*,*,#1147,.T.);
#1519=ORIENTED_EDGE('',*,*,#1148,.T.);
#1520=ORIENTED_EDGE('',*,*,#1149,.T.);
#1521=ORIENTED_EDGE('',*,*,#1150,.T.);
#1522=ORIENTED_EDGE('',*,*,#1151,.T.);
#1523=ORIENTED_EDGE('',*,*,#1152,.T.);
#1524=ORIENTED_EDGE('',*,*,#1153,.T.);
#1525=ORIENTED_EDGE('',*,*,#1154,.T.);
#1526=ORIENTED_EDGE('',*,*,#1155,.T.);
#1527=ORIENTED_EDGE('',*,*,#1156,.T.);
#1528=ORIENTED_EDGE('',*,*,#1157,.T.);
#1529=ORIENTED_EDGE('',*,*,#1139,.T.);
#1530=ORIENTED_EDGE('',*,*,#1146,.T.);
#1531=ORIENTED_EDGE('',*,*,#1158,.T.);
#1532=ORIENTED_EDGE('',*,*,#1158,.F.);
#1533=ORIENTED_EDGE('',*,*,#1145,.T.);
#1534=ORIENTED_EDGE('',*,*,#1159,.F.);
#1535=ORIENTED_EDGE('',*,*,#1160,.F.);
#1536=ORIENTED_EDGE('',*,*,#1161,.T.);
#1537=ORIENTED_EDGE('',*,*,#1159,.T.);
#1538=ORIENTED_EDGE('',*,*,#1144,.T.);
#1539=ORIENTED_EDGE('',*,*,#1162,.T.);
#1540=ORIENTED_EDGE('',*,*,#1162,.F.);
#1541=ORIENTED_EDGE('',*,*,#1143,.T.);
#1542=ORIENTED_EDGE('',*,*,#1163,.F.);
#1543=ORIENTED_EDGE('',*,*,#1164,.F.);
#1544=ORIENTED_EDGE('',*,*,#1165,.T.);
#1545=ORIENTED_EDGE('',*,*,#1163,.T.);
#1546=ORIENTED_EDGE('',*,*,#1142,.T.);
#1547=ORIENTED_EDGE('',*,*,#1166,.T.);
#1548=ORIENTED_EDGE('',*,*,#1135,.F.);
#1549=ORIENTED_EDGE('',*,*,#1167,.F.);
#1550=ORIENTED_EDGE('',*,*,#1166,.F.);
#1551=ORIENTED_EDGE('',*,*,#1141,.T.);
#1552=ORIENTED_EDGE('',*,*,#1147,.F.);
#1553=ORIENTED_EDGE('',*,*,#1168,.F.);
#1554=ORIENTED_EDGE('',*,*,#1148,.F.);
#1555=ORIENTED_EDGE('',*,*,#1169,.T.);
#1556=ORIENTED_EDGE('',*,*,#1170,.F.);
#1557=ORIENTED_EDGE('',*,*,#1169,.F.);
#1558=ORIENTED_EDGE('',*,*,#1171,.T.);
#1559=ORIENTED_EDGE('',*,*,#1172,.T.);
#1560=ORIENTED_EDGE('',*,*,#1168,.T.);
#1561=ORIENTED_EDGE('',*,*,#1173,.T.);
#1562=ORIENTED_EDGE('',*,*,#1174,.T.);
#1563=ORIENTED_EDGE('',*,*,#1175,.T.);
#1564=ORIENTED_EDGE('',*,*,#1176,.T.);
#1565=ORIENTED_EDGE('',*,*,#1174,.F.);
#1566=ORIENTED_EDGE('',*,*,#1153,.F.);
#1567=ORIENTED_EDGE('',*,*,#1175,.F.);
#1568=ORIENTED_EDGE('',*,*,#1177,.T.);
#1569=ORIENTED_EDGE('',*,*,#1178,.F.);
#1570=ORIENTED_EDGE('',*,*,#1177,.F.);
#1571=ORIENTED_EDGE('',*,*,#1150,.F.);
#1572=ORIENTED_EDGE('',*,*,#1179,.F.);
#1573=ORIENTED_EDGE('',*,*,#1151,.F.);
#1574=ORIENTED_EDGE('',*,*,#1180,.T.);
#1575=ORIENTED_EDGE('',*,*,#1181,.F.);
#1576=ORIENTED_EDGE('',*,*,#1180,.F.);
#1577=ORIENTED_EDGE('',*,*,#1182,.T.);
#1578=ORIENTED_EDGE('',*,*,#1183,.T.);
#1579=ORIENTED_EDGE('',*,*,#1179,.T.);
#1580=ORIENTED_EDGE('',*,*,#1184,.F.);
#1581=ORIENTED_EDGE('',*,*,#1185,.T.);
#1582=ORIENTED_EDGE('',*,*,#1186,.F.);
#1583=ORIENTED_EDGE('',*,*,#1185,.F.);
#1584=ORIENTED_EDGE('',*,*,#1184,.T.);
#1585=ORIENTED_EDGE('',*,*,#1187,.T.);
#1586=ORIENTED_EDGE('',*,*,#1188,.T.);
#1587=ORIENTED_EDGE('',*,*,#1189,.T.);
#1588=ORIENTED_EDGE('',*,*,#1190,.T.);
#1589=ORIENTED_EDGE('',*,*,#1188,.F.);
#1590=ORIENTED_EDGE('',*,*,#1155,.F.);
#1591=ORIENTED_EDGE('',*,*,#1189,.F.);
#1592=ORIENTED_EDGE('',*,*,#1191,.T.);
#1593=ORIENTED_EDGE('',*,*,#1192,.F.);
#1594=ORIENTED_EDGE('',*,*,#1191,.F.);
#1595=ORIENTED_EDGE('',*,*,#1183,.F.);
#1596=ORIENTED_EDGE('',*,*,#1193,.T.);
#1597=ORIENTED_EDGE('',*,*,#1194,.F.);
#1598=ORIENTED_EDGE('',*,*,#1195,.F.);
#1599=ORIENTED_EDGE('',*,*,#1176,.F.);
#1600=ORIENTED_EDGE('',*,*,#1152,.F.);
#1601=ORIENTED_EDGE('',*,*,#1173,.F.);
#1602=ORIENTED_EDGE('',*,*,#1195,.T.);
#1603=ORIENTED_EDGE('',*,*,#1196,.F.);
#1604=ORIENTED_EDGE('',*,*,#1197,.F.);
#1605=ORIENTED_EDGE('',*,*,#1190,.F.);
#1606=ORIENTED_EDGE('',*,*,#1154,.F.);
#1607=ORIENTED_EDGE('',*,*,#1187,.F.);
#1608=ORIENTED_EDGE('',*,*,#1197,.T.);
#1609=ORIENTED_EDGE('',*,*,#1198,.F.);
#1610=ORIENTED_EDGE('',*,*,#1199,.F.);
#1611=ORIENTED_EDGE('',*,*,#1171,.F.);
#1612=ORIENTED_EDGE('',*,*,#1156,.F.);
#1613=ORIENTED_EDGE('',*,*,#1172,.F.);
#1614=ORIENTED_EDGE('',*,*,#1199,.T.);
#1615=ORIENTED_EDGE('',*,*,#1200,.F.);
#1616=ORIENTED_EDGE('',*,*,#1193,.F.);
#1617=ORIENTED_EDGE('',*,*,#1182,.F.);
#1618=ORIENTED_EDGE('',*,*,#1149,.F.);
#1619=ORIENTED_EDGE('',*,*,#1200,.T.);
#1620=ORIENTED_EDGE('',*,*,#1198,.T.);
#1621=ORIENTED_EDGE('',*,*,#1196,.T.);
#1622=ORIENTED_EDGE('',*,*,#1194,.T.);
#1623=ORIENTED_EDGE('',*,*,#1134,.F.);
#1624=ORIENTED_EDGE('',*,*,#1140,.T.);
#1625=ORIENTED_EDGE('',*,*,#1157,.F.);
#1626=ORIENTED_EDGE('',*,*,#1160,.T.);
#1627=ORIENTED_EDGE('',*,*,#1161,.F.);
#1628=ORIENTED_EDGE('',*,*,#1164,.T.);
#1629=ORIENTED_EDGE('',*,*,#1165,.F.);
#1630=ORIENTED_EDGE('',*,*,#1167,.T.);
#1631=ORIENTED_EDGE('',*,*,#1192,.T.);
#1632=ORIENTED_EDGE('',*,*,#1186,.T.);
#1633=ORIENTED_EDGE('',*,*,#1181,.T.);
#1634=ORIENTED_EDGE('',*,*,#1178,.T.);
#1635=ORIENTED_EDGE('',*,*,#1170,.T.);
#1636=ORIENTED_EDGE('',*,*,#1201,.F.);
#1637=ORIENTED_EDGE('',*,*,#1202,.T.);
#1638=ORIENTED_EDGE('',*,*,#1203,.F.);
#1639=ORIENTED_EDGE('',*,*,#1202,.F.);
#1640=ORIENTED_EDGE('',*,*,#1201,.T.);
#1641=ORIENTED_EDGE('',*,*,#1204,.F.);
#1642=ORIENTED_EDGE('',*,*,#1205,.T.);
#1643=ORIENTED_EDGE('',*,*,#1206,.F.);
#1644=ORIENTED_EDGE('',*,*,#1207,.T.);
#1645=ORIENTED_EDGE('',*,*,#1204,.T.);
#1646=ORIENTED_EDGE('',*,*,#1207,.F.);
#1647=ORIENTED_EDGE('',*,*,#1206,.T.);
#1648=ORIENTED_EDGE('',*,*,#1203,.T.);
#1649=ORIENTED_EDGE('',*,*,#1205,.F.);
#1650=ORIENTED_EDGE('',*,*,#1208,.T.);
#1651=ORIENTED_EDGE('',*,*,#1209,.T.);
#1652=ORIENTED_EDGE('',*,*,#1208,.F.);
#1653=ORIENTED_EDGE('',*,*,#1209,.F.);
#1654=ORIENTED_EDGE('',*,*,#1210,.F.);
#1655=ORIENTED_EDGE('',*,*,#1211,.T.);
#1656=ORIENTED_EDGE('',*,*,#1212,.F.);
#1657=ORIENTED_EDGE('',*,*,#1211,.F.);
#1658=ORIENTED_EDGE('',*,*,#1212,.T.);
#1659=ORIENTED_EDGE('',*,*,#1210,.T.);
#1660=ORIENTED_EDGE('',*,*,#1213,.F.);
#1661=ORIENTED_EDGE('',*,*,#1214,.T.);
#1662=ORIENTED_EDGE('',*,*,#1215,.F.);
#1663=ORIENTED_EDGE('',*,*,#1214,.F.);
#1664=ORIENTED_EDGE('',*,*,#1215,.T.);
#1665=ORIENTED_EDGE('',*,*,#1213,.T.);
#1666=ORIENTED_EDGE('',*,*,#1216,.F.);
#1667=ORIENTED_EDGE('',*,*,#1217,.T.);
#1668=ORIENTED_EDGE('',*,*,#1218,.F.);
#1669=ORIENTED_EDGE('',*,*,#1217,.F.);
#1670=ORIENTED_EDGE('',*,*,#1218,.T.);
#1671=ORIENTED_EDGE('',*,*,#1216,.T.);
#1672=ORIENTED_EDGE('',*,*,#1219,.F.);
#1673=ORIENTED_EDGE('',*,*,#1220,.T.);
#1674=ORIENTED_EDGE('',*,*,#1221,.F.);
#1675=ORIENTED_EDGE('',*,*,#1220,.F.);
#1676=ORIENTED_EDGE('',*,*,#1221,.T.);
#1677=ORIENTED_EDGE('',*,*,#1219,.T.);
#1678=ORIENTED_EDGE('',*,*,#1222,.F.);
#1679=ORIENTED_EDGE('',*,*,#1223,.T.);
#1680=ORIENTED_EDGE('',*,*,#1224,.F.);
#1681=ORIENTED_EDGE('',*,*,#1223,.F.);
#1682=ORIENTED_EDGE('',*,*,#1224,.T.);
#1683=ORIENTED_EDGE('',*,*,#1222,.T.);
#1684=ORIENTED_EDGE('',*,*,#1225,.F.);
#1685=ORIENTED_EDGE('',*,*,#1226,.T.);
#1686=ORIENTED_EDGE('',*,*,#1227,.F.);
#1687=ORIENTED_EDGE('',*,*,#1226,.F.);
#1688=ORIENTED_EDGE('',*,*,#1227,.T.);
#1689=ORIENTED_EDGE('',*,*,#1225,.T.);
#1690=ORIENTED_EDGE('',*,*,#1228,.F.);
#1691=ORIENTED_EDGE('',*,*,#1229,.T.);
#1692=ORIENTED_EDGE('',*,*,#1230,.F.);
#1693=ORIENTED_EDGE('',*,*,#1229,.F.);
#1694=ORIENTED_EDGE('',*,*,#1230,.T.);
#1695=ORIENTED_EDGE('',*,*,#1228,.T.);
#1696=ORIENTED_EDGE('',*,*,#1231,.F.);
#1697=ORIENTED_EDGE('',*,*,#1232,.T.);
#1698=ORIENTED_EDGE('',*,*,#1233,.F.);
#1699=ORIENTED_EDGE('',*,*,#1232,.F.);
#1700=ORIENTED_EDGE('',*,*,#1233,.T.);
#1701=ORIENTED_EDGE('',*,*,#1231,.T.);
#1702=ORIENTED_EDGE('',*,*,#1234,.F.);
#1703=ORIENTED_EDGE('',*,*,#1235,.T.);
#1704=ORIENTED_EDGE('',*,*,#1236,.T.);
#1705=ORIENTED_EDGE('',*,*,#1235,.F.);
#1706=ORIENTED_EDGE('',*,*,#1236,.F.);
#1707=ORIENTED_EDGE('',*,*,#1237,.F.);
#1708=ORIENTED_EDGE('',*,*,#1238,.T.);
#1709=ORIENTED_EDGE('',*,*,#1239,.F.);
#1710=ORIENTED_EDGE('',*,*,#1238,.F.);
#1711=ORIENTED_EDGE('',*,*,#1237,.T.);
#1712=ORIENTED_EDGE('',*,*,#1240,.F.);
#1713=ORIENTED_EDGE('',*,*,#1241,.T.);
#1714=ORIENTED_EDGE('',*,*,#1242,.T.);
#1715=ORIENTED_EDGE('',*,*,#1241,.F.);
#1716=ORIENTED_EDGE('',*,*,#1240,.T.);
#1717=ORIENTED_EDGE('',*,*,#1234,.T.);
#1718=ORIENTED_EDGE('',*,*,#1242,.F.);
#1719=ORIENTED_EDGE('',*,*,#1239,.T.);
#1720=ORIENTED_EDGE('',*,*,#1243,.T.);
#1721=ORIENTED_EDGE('',*,*,#1244,.T.);
#1722=ORIENTED_EDGE('',*,*,#1245,.T.);
#1723=ORIENTED_EDGE('',*,*,#1244,.F.);
#1724=ORIENTED_EDGE('',*,*,#1246,.F.);
#1725=ORIENTED_EDGE('',*,*,#1247,.T.);
#1726=ORIENTED_EDGE('',*,*,#1243,.F.);
#1727=ORIENTED_EDGE('',*,*,#1247,.F.);
#1728=ORIENTED_EDGE('',*,*,#1245,.F.);
#1729=ORIENTED_EDGE('',*,*,#1248,.T.);
#1730=ORIENTED_EDGE('',*,*,#1249,.T.);
#1731=ORIENTED_EDGE('',*,*,#1246,.T.);
#1732=ORIENTED_EDGE('',*,*,#1249,.F.);
#1733=ORIENTED_EDGE('',*,*,#1248,.F.);
#1734=CYLINDRICAL_SURFACE('',#1995,2.);
#1735=CYLINDRICAL_SURFACE('',#2017,2.);
#1736=CYLINDRICAL_SURFACE('',#2020,2.);
#1737=CYLINDRICAL_SURFACE('',#2022,2.);
#1738=CYLINDRICAL_SURFACE('',#2024,2.);
#1739=CYLINDRICAL_SURFACE('',#2026,2.);
#1740=CYLINDRICAL_SURFACE('',#2028,2.);
#1741=CYLINDRICAL_SURFACE('',#2031,2.);
#1742=CYLINDRICAL_SURFACE('',#2034,2.);
#1743=CYLINDRICAL_SURFACE('',#2036,2.);
#1744=CYLINDRICAL_SURFACE('',#2038,2.);
#1745=CYLINDRICAL_SURFACE('',#2040,2.);
#1746=CYLINDRICAL_SURFACE('',#2047,2.);
#1747=CYLINDRICAL_SURFACE('',#2048,2.);
#1748=CYLINDRICAL_SURFACE('',#2049,1.75);
#1749=CYLINDRICAL_SURFACE('',#2052,1.75);
#1750=CYLINDRICAL_SURFACE('',#2054,5.1);
#1751=CYLINDRICAL_SURFACE('',#2058,5.1);
#1752=CYLINDRICAL_SURFACE('',#2064,1.025);
#1753=CYLINDRICAL_SURFACE('',#2067,1.025);
#1754=CYLINDRICAL_SURFACE('',#2070,1.025);
#1755=CYLINDRICAL_SURFACE('',#2073,1.025);
#1756=CYLINDRICAL_SURFACE('',#2087,7.);
#1757=CYLINDRICAL_SURFACE('',#2098,2.2);
#1758=CYLINDRICAL_SURFACE('',#2104,2.);
#1759=CYLINDRICAL_SURFACE('',#2118,2.);
#1760=CYLINDRICAL_SURFACE('',#2121,2.);
#1761=CYLINDRICAL_SURFACE('',#2124,2.);
#1762=CYLINDRICAL_SURFACE('',#2127,1.4);
#1763=CYLINDRICAL_SURFACE('',#2134,1.4);
#1764=CYLINDRICAL_SURFACE('',#2136,1.4);
#1765=CYLINDRICAL_SURFACE('',#2140,8.1);
#1766=CYLINDRICAL_SURFACE('',#2147,1.4);
#1767=CYLINDRICAL_SURFACE('',#2156,9.);
#1768=CYLINDRICAL_SURFACE('',#2163,9.5);
#1769=CYLINDRICAL_SURFACE('',#2166,8.);
#1770=CYLINDRICAL_SURFACE('',#2169,0.6);
#1771=CYLINDRICAL_SURFACE('',#2174,0.6);
#1772=CYLINDRICAL_SURFACE('',#2179,0.6);
#1773=CYLINDRICAL_SURFACE('',#2184,0.6);
#1774=CYLINDRICAL_SURFACE('',#2189,0.6);
#1775=CYLINDRICAL_SURFACE('',#2194,0.6);
#1776=CYLINDRICAL_SURFACE('',#2199,0.6);
#1777=CYLINDRICAL_SURFACE('',#2204,0.6);
#1778=CYLINDRICAL_SURFACE('',#2210,1.);
#1779=CYLINDRICAL_SURFACE('',#2214,1.25);
#1780=CYLINDRICAL_SURFACE('',#2218,2.25);
#1781=CYLINDRICAL_SURFACE('',#2227,5.);
#1782=ADVANCED_FACE('',(#197),#1734,.T.);
#1783=ADVANCED_FACE('',(#198),#120,.F.);
#1784=ADVANCED_FACE('',(#199,#99,#100,#101,#102,#103),#121,.T.);
#1785=ADVANCED_FACE('',(#200),#1735,.T.);
#1786=ADVANCED_FACE('',(#201),#122,.F.);
#1787=ADVANCED_FACE('',(#202),#1736,.T.);
#1788=ADVANCED_FACE('',(#203),#1737,.F.);
#1789=ADVANCED_FACE('',(#204),#1738,.T.);
#1790=ADVANCED_FACE('',(#205),#1739,.F.);
#1791=ADVANCED_FACE('',(#206),#1740,.T.);
#1792=ADVANCED_FACE('',(#207),#123,.T.);
#1793=ADVANCED_FACE('',(#208),#1741,.T.);
#1794=ADVANCED_FACE('',(#209),#124,.T.);
#1795=ADVANCED_FACE('',(#210),#1742,.T.);
#1796=ADVANCED_FACE('',(#211),#1743,.T.);
#1797=ADVANCED_FACE('',(#212),#1744,.F.);
#1798=ADVANCED_FACE('',(#213),#1745,.F.);
#1799=ADVANCED_FACE('',(#214),#125,.F.);
#1800=ADVANCED_FACE('',(#215,#104),#126,.F.);
#1801=ADVANCED_FACE('',(#216),#1746,.F.);
#1802=ADVANCED_FACE('',(#217),#1747,.F.);
#1803=ADVANCED_FACE('',(#218),#1748,.F.);
#1804=ADVANCED_FACE('',(#219),#1749,.F.);
#1805=ADVANCED_FACE('',(#220),#1750,.F.);
#1806=ADVANCED_FACE('',(#221),#127,.F.);
#1807=ADVANCED_FACE('',(#222),#1751,.F.);
#1808=ADVANCED_FACE('',(#223),#128,.F.);
#1809=ADVANCED_FACE('',(#224),#129,.T.);
#1810=ADVANCED_FACE('',(#225),#1752,.F.);
#1811=ADVANCED_FACE('',(#226),#130,.T.);
#1812=ADVANCED_FACE('',(#227),#1753,.F.);
#1813=ADVANCED_FACE('',(#228),#131,.T.);
#1814=ADVANCED_FACE('',(#229),#1754,.F.);
#1815=ADVANCED_FACE('',(#230),#132,.T.);
#1816=ADVANCED_FACE('',(#231),#1755,.F.);
#1817=ADVANCED_FACE('',(#232),#133,.F.);
#1818=ADVANCED_FACE('',(#233),#134,.F.);
#1819=ADVANCED_FACE('',(#234,#105),#135,.F.);
#1820=ADVANCED_FACE('',(#235,#106),#136,.T.);
#1821=ADVANCED_FACE('',(#236,#107),#137,.T.);
#1822=ADVANCED_FACE('',(#237,#108,#109),#138,.F.);
#1823=ADVANCED_FACE('',(#238),#139,.T.);
#1824=ADVANCED_FACE('',(#239),#140,.T.);
#1825=ADVANCED_FACE('',(#240),#141,.T.);
#1826=ADVANCED_FACE('',(#241),#142,.T.);
#1827=ADVANCED_FACE('',(#242),#143,.T.);
#1828=ADVANCED_FACE('',(#243),#144,.F.);
#1829=ADVANCED_FACE('',(#244),#1756,.T.);
#1830=ADVANCED_FACE('',(#245),#145,.T.);
#1831=ADVANCED_FACE('',(#246),#146,.F.);
#1832=ADVANCED_FACE('',(#247),#147,.T.);
#1833=ADVANCED_FACE('',(#248),#148,.T.);
#1834=ADVANCED_FACE('',(#249),#149,.T.);
#1835=ADVANCED_FACE('',(#250),#150,.T.);
#1836=ADVANCED_FACE('',(#251),#151,.T.);
#1837=ADVANCED_FACE('',(#252),#152,.T.);
#1838=ADVANCED_FACE('',(#253),#1757,.T.);
#1839=ADVANCED_FACE('',(#254),#153,.T.);
#1840=ADVANCED_FACE('',(#255),#154,.F.);
#1841=ADVANCED_FACE('',(#256),#1758,.T.);
#1842=ADVANCED_FACE('',(#257),#155,.T.);
#1843=ADVANCED_FACE('',(#258,#110),#156,.F.);
#1844=ADVANCED_FACE('',(#259),#1759,.T.);
#1845=ADVANCED_FACE('',(#260),#157,.T.);
#1846=ADVANCED_FACE('',(#261),#1760,.T.);
#1847=ADVANCED_FACE('',(#262),#158,.T.);
#1848=ADVANCED_FACE('',(#263),#1761,.T.);
#1849=ADVANCED_FACE('',(#264),#159,.T.);
#1850=ADVANCED_FACE('',(#265),#1762,.F.);
#1851=ADVANCED_FACE('',(#266),#160,.T.);
#1852=ADVANCED_FACE('',(#267),#161,.T.);
#1853=ADVANCED_FACE('',(#268),#1763,.F.);
#1854=ADVANCED_FACE('',(#269),#1764,.F.);
#1855=ADVANCED_FACE('',(#270),#162,.T.);
#1856=ADVANCED_FACE('',(#271),#1765,.F.);
#1857=ADVANCED_FACE('',(#272),#163,.T.);
#1858=ADVANCED_FACE('',(#273),#164,.T.);
#1859=ADVANCED_FACE('',(#274),#1766,.F.);
#1860=ADVANCED_FACE('',(#275),#165,.T.);
#1861=ADVANCED_FACE('',(#276),#166,.T.);
#1862=ADVANCED_FACE('',(#277),#167,.T.);
#1863=ADVANCED_FACE('',(#278),#168,.T.);
#1864=ADVANCED_FACE('',(#279),#169,.T.);
#1865=ADVANCED_FACE('',(#280,#111,#112,#113,#114,#115),#170,.T.);
#1866=ADVANCED_FACE('',(#281),#1767,.T.);
#1867=ADVANCED_FACE('',(#282),#171,.T.);
#1868=ADVANCED_FACE('',(#283,#116),#172,.F.);
#1869=ADVANCED_FACE('',(#284),#1768,.T.);
#1870=ADVANCED_FACE('',(#285,#117),#173,.T.);
#1871=ADVANCED_FACE('',(#286),#1769,.T.);
#1872=ADVANCED_FACE('',(#287),#174,.F.);
#1873=ADVANCED_FACE('',(#288),#1770,.T.);
#1874=ADVANCED_FACE('',(#289),#175,.T.);
#1875=ADVANCED_FACE('',(#290),#176,.F.);
#1876=ADVANCED_FACE('',(#291),#1771,.T.);
#1877=ADVANCED_FACE('',(#292),#177,.T.);
#1878=ADVANCED_FACE('',(#293),#178,.F.);
#1879=ADVANCED_FACE('',(#294),#1772,.T.);
#1880=ADVANCED_FACE('',(#295),#179,.T.);
#1881=ADVANCED_FACE('',(#296),#180,.F.);
#1882=ADVANCED_FACE('',(#297),#1773,.T.);
#1883=ADVANCED_FACE('',(#298),#181,.T.);
#1884=ADVANCED_FACE('',(#299),#182,.F.);
#1885=ADVANCED_FACE('',(#300),#1774,.T.);
#1886=ADVANCED_FACE('',(#301),#183,.T.);
#1887=ADVANCED_FACE('',(#302),#184,.F.);
#1888=ADVANCED_FACE('',(#303),#1775,.T.);
#1889=ADVANCED_FACE('',(#304),#185,.T.);
#1890=ADVANCED_FACE('',(#305),#186,.F.);
#1891=ADVANCED_FACE('',(#306),#1776,.T.);
#1892=ADVANCED_FACE('',(#307),#187,.T.);
#1893=ADVANCED_FACE('',(#308),#188,.F.);
#1894=ADVANCED_FACE('',(#309),#1777,.T.);
#1895=ADVANCED_FACE('',(#310),#189,.T.);
#1896=ADVANCED_FACE('',(#311),#190,.F.);
#1897=ADVANCED_FACE('',(#312),#1778,.F.);
#1898=ADVANCED_FACE('',(#313),#191,.T.);
#1899=ADVANCED_FACE('',(#314),#1779,.T.);
#1900=ADVANCED_FACE('',(#315),#192,.F.);
#1901=ADVANCED_FACE('',(#316),#1780,.T.);
#1902=ADVANCED_FACE('',(#317,#118),#193,.T.);
#1903=ADVANCED_FACE('',(#318,#119),#194,.F.);
#1904=ADVANCED_FACE('',(#319),#51,.T.);
#1905=ADVANCED_FACE('',(#320),#1781,.T.);
#1906=ADVANCED_FACE('',(#321),#195,.F.);
#1907=ADVANCED_FACE('',(#322),#52,.T.);
#1908=ADVANCED_FACE('',(#323),#196,.T.);
#1909=CLOSED_SHELL('',(#1782,#1783,#1784,#1785,#1786,#1787,#1788,#1789,
#1790,#1791,#1792,#1793,#1794,#1795,#1796,#1797,#1798,#1799,#1800,#1801,
#1802,#1803,#1804,#1805,#1806,#1807,#1808,#1809,#1810,#1811,#1812,#1813,
#1814,#1815,#1816,#1817,#1818,#1819,#1820,#1821,#1822));
#1910=CLOSED_SHELL('',(#1823,#1824,#1825,#1826,#1827,#1828));
#1911=CLOSED_SHELL('',(#1829,#1830,#1831));
#1912=CLOSED_SHELL('',(#1832,#1833,#1834,#1835,#1836,#1837));
#1913=CLOSED_SHELL('',(#1838,#1839,#1840));
#1914=CLOSED_SHELL('',(#1841,#1842,#1843,#1844,#1845,#1846,#1847,#1848,
#1849,#1850,#1851,#1852,#1853,#1854,#1855,#1856,#1857,#1858,#1859,#1860,
#1861,#1862,#1863,#1864,#1865));
#1915=CLOSED_SHELL('',(#1866,#1867,#1868,#1869,#1870,#1871,#1872));
#1916=CLOSED_SHELL('',(#1873,#1874,#1875));
#1917=CLOSED_SHELL('',(#1876,#1877,#1878));
#1918=CLOSED_SHELL('',(#1879,#1880,#1881));
#1919=CLOSED_SHELL('',(#1882,#1883,#1884));
#1920=CLOSED_SHELL('',(#1885,#1886,#1887));
#1921=CLOSED_SHELL('',(#1888,#1889,#1890));
#1922=CLOSED_SHELL('',(#1891,#1892,#1893));
#1923=CLOSED_SHELL('',(#1894,#1895,#1896));
#1924=CLOSED_SHELL('',(#1897,#1898,#1899,#1900,#1901,#1902,#1903));
#1925=CLOSED_SHELL('',(#1904,#1905,#1906,#1907,#1908));
#1926=DERIVED_UNIT_ELEMENT(#1938,1.);
#1927=DERIVED_UNIT_ELEMENT(#3440,-3.);
#1928=DERIVED_UNIT_ELEMENT(#1938,1.);
#1929=DERIVED_UNIT_ELEMENT(#3440,-3.);
#1930=DERIVED_UNIT_ELEMENT(#1938,1.);
#1931=DERIVED_UNIT_ELEMENT(#3440,-3.);
#1932=DERIVED_UNIT_ELEMENT(#1938,1.);
#1933=DERIVED_UNIT_ELEMENT(#3440,-3.);
#1934=DERIVED_UNIT_ELEMENT(#1938,1.);
#1935=DERIVED_UNIT_ELEMENT(#3440,-3.);
#1936=DERIVED_UNIT_ELEMENT(#1938,1.);
#1937=DERIVED_UNIT_ELEMENT(#3440,-3.);
#1938=(
MASS_UNIT()
NAMED_UNIT(*)
SI_UNIT(.KILO.,.GRAM.)
);
#1939=DERIVED_UNIT((#1926,#1927));
#1940=DERIVED_UNIT((#1928,#1929));
#1941=DERIVED_UNIT((#1930,#1931));
#1942=DERIVED_UNIT((#1932,#1933));
#1943=DERIVED_UNIT((#1934,#1935));
#1944=DERIVED_UNIT((#1936,#1937));
#1945=MEASURE_REPRESENTATION_ITEM('density measure',
POSITIVE_RATIO_MEASURE(7850.),#1939);
#1946=MEASURE_REPRESENTATION_ITEM('density measure',
POSITIVE_RATIO_MEASURE(7850.),#1940);
#1947=MEASURE_REPRESENTATION_ITEM('density measure',
POSITIVE_RATIO_MEASURE(7850.),#1941);
#1948=MEASURE_REPRESENTATION_ITEM('density measure',
POSITIVE_RATIO_MEASURE(7850.),#1942);
#1949=MEASURE_REPRESENTATION_ITEM('density measure',
POSITIVE_RATIO_MEASURE(7850.),#1943);
#1950=MEASURE_REPRESENTATION_ITEM('density measure',
POSITIVE_RATIO_MEASURE(7850.),#1944);
#1951=PROPERTY_DEFINITION_REPRESENTATION(#1981,#1963);
#1952=PROPERTY_DEFINITION_REPRESENTATION(#1982,#1964);
#1953=PROPERTY_DEFINITION_REPRESENTATION(#1983,#1965);
#1954=PROPERTY_DEFINITION_REPRESENTATION(#1984,#1966);
#1955=PROPERTY_DEFINITION_REPRESENTATION(#1985,#1967);
#1956=PROPERTY_DEFINITION_REPRESENTATION(#1986,#1968);
#1957=PROPERTY_DEFINITION_REPRESENTATION(#1987,#1969);
#1958=PROPERTY_DEFINITION_REPRESENTATION(#1988,#1970);
#1959=PROPERTY_DEFINITION_REPRESENTATION(#1989,#1971);
#1960=PROPERTY_DEFINITION_REPRESENTATION(#1990,#1972);
#1961=PROPERTY_DEFINITION_REPRESENTATION(#1991,#1973);
#1962=PROPERTY_DEFINITION_REPRESENTATION(#1992,#1974);
#1963=REPRESENTATION('material name',(#1975),#3432);
#1964=REPRESENTATION('density',(#1945),#3432);
#1965=REPRESENTATION('material name',(#1976),#3433);
#1966=REPRESENTATION('density',(#1946),#3433);
#1967=REPRESENTATION('material name',(#1977),#3434);
#1968=REPRESENTATION('density',(#1947),#3434);
#1969=REPRESENTATION('material name',(#1978),#3435);
#1970=REPRESENTATION('density',(#1948),#3435);
#1971=REPRESENTATION('material name',(#1979),#3436);
#1972=REPRESENTATION('density',(#1949),#3436);
#1973=REPRESENTATION('material name',(#1980),#3437);
#1974=REPRESENTATION('density',(#1950),#3437);
#1975=DESCRIPTIVE_REPRESENTATION_ITEM('A\X\E7o','A\X\E7o');
#1976=DESCRIPTIVE_REPRESENTATION_ITEM('A\X\E7o','A\X\E7o');
#1977=DESCRIPTIVE_REPRESENTATION_ITEM('A\X\E7o','A\X\E7o');
#1978=DESCRIPTIVE_REPRESENTATION_ITEM('A\X\E7o','A\X\E7o');
#1979=DESCRIPTIVE_REPRESENTATION_ITEM('A\X\E7o','A\X\E7o');
#1980=DESCRIPTIVE_REPRESENTATION_ITEM('A\X\E7o','A\X\E7o');
#1981=PROPERTY_DEFINITION('material property','material name',#3476);
#1982=PROPERTY_DEFINITION('material property','density of part',#3476);
#1983=PROPERTY_DEFINITION('material property','material name',#3477);
#1984=PROPERTY_DEFINITION('material property','density of part',#3477);
#1985=PROPERTY_DEFINITION('material property','material name',#3478);
#1986=PROPERTY_DEFINITION('material property','density of part',#3478);
#1987=PROPERTY_DEFINITION('material property','material name',#3479);
#1988=PROPERTY_DEFINITION('material property','density of part',#3479);
#1989=PROPERTY_DEFINITION('material property','material name',#3480);
#1990=PROPERTY_DEFINITION('material property','density of part',#3480);
#1991=PROPERTY_DEFINITION('material property','material name',#3481);
#1992=PROPERTY_DEFINITION('material property','density of part',#3481);
#1993=AXIS2_PLACEMENT_3D('',#2879,#2243,#2244);
#1994=AXIS2_PLACEMENT_3D('',#2880,#2245,#2246);
#1995=AXIS2_PLACEMENT_3D('',#2881,#2247,#2248);
#1996=AXIS2_PLACEMENT_3D('',#2884,#2249,#2250);
#1997=AXIS2_PLACEMENT_3D('',#2888,#2252,#2253);
#1998=AXIS2_PLACEMENT_3D('',#2890,#2255,#2256);
#1999=AXIS2_PLACEMENT_3D('',#2896,#2260,#2261);
#2000=AXIS2_PLACEMENT_3D('',#2899,#2262,#2263);
#2001=AXIS2_PLACEMENT_3D('',#2903,#2265,#2266);
#2002=AXIS2_PLACEMENT_3D('',#2907,#2268,#2269);
#2003=AXIS2_PLACEMENT_3D('',#2911,#2271,#2272);
#2004=AXIS2_PLACEMENT_3D('',#2914,#2274,#2275);
#2005=AXIS2_PLACEMENT_3D('',#2916,#2276,#2277);
#2006=AXIS2_PLACEMENT_3D('',#2918,#2278,#2279);
#2007=AXIS2_PLACEMENT_3D('',#2922,#2281,#2282);
#2008=AXIS2_PLACEMENT_3D('',#2926,#2284,#2285);
#2009=AXIS2_PLACEMENT_3D('',#2930,#2287,#2288);
#2010=AXIS2_PLACEMENT_3D('',#2932,#2289,#2290);
#2011=AXIS2_PLACEMENT_3D('',#2934,#2291,#2292);
#2012=AXIS2_PLACEMENT_3D('',#2938,#2294,#2295);
#2013=AXIS2_PLACEMENT_3D('',#2941,#2297,#2298);
#2014=AXIS2_PLACEMENT_3D('',#2943,#2299,#2300);
#2015=AXIS2_PLACEMENT_3D('',#2945,#2301,#2302);
#2016=AXIS2_PLACEMENT_3D('',#2947,#2303,#2304);
#2017=AXIS2_PLACEMENT_3D('',#2948,#2305,#2306);
#2018=AXIS2_PLACEMENT_3D('',#2952,#2308,#2309);
#2019=AXIS2_PLACEMENT_3D('',#2954,#2311,#2312);
#2020=AXIS2_PLACEMENT_3D('',#2958,#2315,#2316);
#2021=AXIS2_PLACEMENT_3D('',#2962,#2318,#2319);
#2022=AXIS2_PLACEMENT_3D('',#2964,#2321,#2322);
#2023=AXIS2_PLACEMENT_3D('',#2965,#2323,#2324);
#2024=AXIS2_PLACEMENT_3D('',#2966,#2325,#2326);
#2025=AXIS2_PLACEMENT_3D('',#2970,#2328,#2329);
#2026=AXIS2_PLACEMENT_3D('',#2972,#2331,#2332);
#2027=AXIS2_PLACEMENT_3D('',#2973,#2333,#2334);
#2028=AXIS2_PLACEMENT_3D('',#2974,#2335,#2336);
#2029=AXIS2_PLACEMENT_3D('',#2978,#2338,#2339);
#2030=AXIS2_PLACEMENT_3D('',#2980,#2341,#2342);
#2031=AXIS2_PLACEMENT_3D('',#2984,#2345,#2346);
#2032=AXIS2_PLACEMENT_3D('',#2988,#2348,#2349);
#2033=AXIS2_PLACEMENT_3D('',#2990,#2351,#2352);
#2034=AXIS2_PLACEMENT_3D('',#2994,#2355,#2356);
#2035=AXIS2_PLACEMENT_3D('',#2996,#2357,#2358);
#2036=AXIS2_PLACEMENT_3D('',#2998,#2360,#2361);
#2037=AXIS2_PLACEMENT_3D('',#3001,#2363,#2364);
#2038=AXIS2_PLACEMENT_3D('',#3002,#2365,#2366);
#2039=AXIS2_PLACEMENT_3D('',#3004,#2367,#2368);
#2040=AXIS2_PLACEMENT_3D('',#3006,#2370,#2371);
#2041=AXIS2_PLACEMENT_3D('',#3008,#2372,#2373);
#2042=AXIS2_PLACEMENT_3D('',#3010,#2375,#2376);
#2043=AXIS2_PLACEMENT_3D('',#3014,#2378,#2379);
#2044=AXIS2_PLACEMENT_3D('',#3019,#2382,#2383);
#2045=AXIS2_PLACEMENT_3D('',#3021,#2385,#2386);
#2046=AXIS2_PLACEMENT_3D('',#3024,#2388,#2389);
#2047=AXIS2_PLACEMENT_3D('',#3025,#2390,#2391);
#2048=AXIS2_PLACEMENT_3D('',#3027,#2393,#2394);
#2049=AXIS2_PLACEMENT_3D('',#3030,#2397,#2398);
#2050=AXIS2_PLACEMENT_3D('',#3032,#2399,#2400);
#2051=AXIS2_PLACEMENT_3D('',#3035,#2402,#2403);
#2052=AXIS2_PLACEMENT_3D('',#3036,#2404,#2405);
#2053=AXIS2_PLACEMENT_3D('',#3038,#2406,#2407);
#2054=AXIS2_PLACEMENT_3D('',#3040,#2409,#2410);
#2055=AXIS2_PLACEMENT_3D('',#3042,#2411,#2412);
#2056=AXIS2_PLACEMENT_3D('',#3045,#2414,#2415);
#2057=AXIS2_PLACEMENT_3D('',#3046,#2416,#2417);
#2058=AXIS2_PLACEMENT_3D('',#3047,#2418,#2419);
#2059=AXIS2_PLACEMENT_3D('',#3049,#2420,#2421);
#2060=AXIS2_PLACEMENT_3D('',#3052,#2423,#2424);
#2061=AXIS2_PLACEMENT_3D('',#3053,#2425,#2426);
#2062=AXIS2_PLACEMENT_3D('',#3054,#2427,#2428);
#2063=AXIS2_PLACEMENT_3D('',#3056,#2429,#2430);
#2064=AXIS2_PLACEMENT_3D('',#3057,#2431,#2432);
#2065=AXIS2_PLACEMENT_3D('',#3059,#2434,#2435);
#2066=AXIS2_PLACEMENT_3D('',#3061,#2436,#2437);
#2067=AXIS2_PLACEMENT_3D('',#3062,#2438,#2439);
#2068=AXIS2_PLACEMENT_3D('',#3064,#2441,#2442);
#2069=AXIS2_PLACEMENT_3D('',#3066,#2443,#2444);
#2070=AXIS2_PLACEMENT_3D('',#3067,#2445,#2446);
#2071=AXIS2_PLACEMENT_3D('',#3069,#2448,#2449);
#2072=AXIS2_PLACEMENT_3D('',#3071,#2450,#2451);
#2073=AXIS2_PLACEMENT_3D('',#3072,#2452,#2453);
#2074=AXIS2_PLACEMENT_3D('',#3074,#2455,#2456);
#2075=AXIS2_PLACEMENT_3D('',#3075,#2457,#2458);
#2076=AXIS2_PLACEMENT_3D('',#3076,#2459,#2460);
#2077=AXIS2_PLACEMENT_3D('',#3077,#2461,#2462);
#2078=AXIS2_PLACEMENT_3D('',#3079,#2464,#2465);
#2079=AXIS2_PLACEMENT_3D('',#3081,#2467,#2468);
#2080=AXIS2_PLACEMENT_3D('',#3082,#2469,#2470);
#2081=AXIS2_PLACEMENT_3D('',#3083,#2471,#2472);
#2082=AXIS2_PLACEMENT_3D('',#3092,#2477,#2478);
#2083=AXIS2_PLACEMENT_3D('',#3098,#2482,#2483);
#2084=AXIS2_PLACEMENT_3D('',#3104,#2487,#2488);
#2085=AXIS2_PLACEMENT_3D('',#3107,#2491,#2492);
#2086=AXIS2_PLACEMENT_3D('',#3108,#2493,#2494);
#2087=AXIS2_PLACEMENT_3D('',#3109,#2495,#2496);
#2088=AXIS2_PLACEMENT_3D('',#3111,#2497,#2498);
#2089=AXIS2_PLACEMENT_3D('',#3114,#2500,#2501);
#2090=AXIS2_PLACEMENT_3D('',#3115,#2502,#2503);
#2091=AXIS2_PLACEMENT_3D('',#3116,#2504,#2505);
#2092=AXIS2_PLACEMENT_3D('',#3117,#2506,#2507);
#2093=AXIS2_PLACEMENT_3D('',#3126,#2512,#2513);
#2094=AXIS2_PLACEMENT_3D('',#3132,#2517,#2518);
#2095=AXIS2_PLACEMENT_3D('',#3138,#2522,#2523);
#2096=AXIS2_PLACEMENT_3D('',#3141,#2526,#2527);
#2097=AXIS2_PLACEMENT_3D('',#3142,#2528,#2529);
#2098=AXIS2_PLACEMENT_3D('',#3143,#2530,#2531);
#2099=AXIS2_PLACEMENT_3D('',#3145,#2532,#2533);
#2100=AXIS2_PLACEMENT_3D('',#3148,#2535,#2536);
#2101=AXIS2_PLACEMENT_3D('',#3149,#2537,#2538);
#2102=AXIS2_PLACEMENT_3D('',#3150,#2539,#2540);
#2103=AXIS2_PLACEMENT_3D('',#3151,#2541,#2542);
#2104=AXIS2_PLACEMENT_3D('',#3152,#2543,#2544);
#2105=AXIS2_PLACEMENT_3D('',#3155,#2545,#2546);
#2106=AXIS2_PLACEMENT_3D('',#3159,#2548,#2549);
#2107=AXIS2_PLACEMENT_3D('',#3161,#2551,#2552);
#2108=AXIS2_PLACEMENT_3D('',#3167,#2556,#2557);
#2109=AXIS2_PLACEMENT_3D('',#3171,#2559,#2560);
#2110=AXIS2_PLACEMENT_3D('',#3175,#2562,#2563);
#2111=AXIS2_PLACEMENT_3D('',#3178,#2565,#2566);
#2112=AXIS2_PLACEMENT_3D('',#3181,#2567,#2568);
#2113=AXIS2_PLACEMENT_3D('',#3183,#2569,#2570);
#2114=AXIS2_PLACEMENT_3D('',#3187,#2572,#2573);
#2115=AXIS2_PLACEMENT_3D('',#3189,#2574,#2575);
#2116=AXIS2_PLACEMENT_3D('',#3193,#2577,#2578);
#2117=AXIS2_PLACEMENT_3D('',#3197,#2580,#2581);
#2118=AXIS2_PLACEMENT_3D('',#3199,#2583,#2584);
#2119=AXIS2_PLACEMENT_3D('',#3201,#2585,#2586);
#2120=AXIS2_PLACEMENT_3D('',#3203,#2588,#2589);
#2121=AXIS2_PLACEMENT_3D('',#3207,#2592,#2593);
#2122=AXIS2_PLACEMENT_3D('',#3209,#2594,#2595);
#2123=AXIS2_PLACEMENT_3D('',#3211,#2597,#2598);
#2124=AXIS2_PLACEMENT_3D('',#3215,#2601,#2602);
#2125=AXIS2_PLACEMENT_3D('',#3217,#2603,#2604);
#2126=AXIS2_PLACEMENT_3D('',#3219,#2606,#2607);
#2127=AXIS2_PLACEMENT_3D('',#3221,#2609,#2610);
#2128=AXIS2_PLACEMENT_3D('',#3222,#2611,#2612);
#2129=AXIS2_PLACEMENT_3D('',#3225,#2614,#2615);
#2130=AXIS2_PLACEMENT_3D('',#3226,#2616,#2617);
#2131=AXIS2_PLACEMENT_3D('',#3230,#2620,#2621);
#2132=AXIS2_PLACEMENT_3D('',#3234,#2623,#2624);
#2133=AXIS2_PLACEMENT_3D('',#3235,#2625,#2626);
#2134=AXIS2_PLACEMENT_3D('',#3237,#2628,#2629);
#2135=AXIS2_PLACEMENT_3D('',#3240,#2631,#2632);
#2136=AXIS2_PLACEMENT_3D('',#3241,#2633,#2634);
#2137=AXIS2_PLACEMENT_3D('',#3242,#2635,#2636);
#2138=AXIS2_PLACEMENT_3D('',#3245,#2638,#2639);
#2139=AXIS2_PLACEMENT_3D('',#3246,#2640,#2641);
#2140=AXIS2_PLACEMENT_3D('',#3250,#2644,#2645);
#2141=AXIS2_PLACEMENT_3D('',#3252,#2646,#2647);
#2142=AXIS2_PLACEMENT_3D('',#3255,#2649,#2650);
#2143=AXIS2_PLACEMENT_3D('',#3256,#2651,#2652);
#2144=AXIS2_PLACEMENT_3D('',#3257,#2653,#2654);
#2145=AXIS2_PLACEMENT_3D('',#3261,#2656,#2657);
#2146=AXIS2_PLACEMENT_3D('',#3262,#2658,#2659);
#2147=AXIS2_PLACEMENT_3D('',#3264,#2661,#2662);
#2148=AXIS2_PLACEMENT_3D('',#3267,#2664,#2665);
#2149=AXIS2_PLACEMENT_3D('',#3268,#2666,#2667);
#2150=AXIS2_PLACEMENT_3D('',#3274,#2671,#2672);
#2151=AXIS2_PLACEMENT_3D('',#3278,#2675,#2676);
#2152=AXIS2_PLACEMENT_3D('',#3282,#2679,#2680);
#2153=AXIS2_PLACEMENT_3D('',#3284,#2682,#2683);
#2154=AXIS2_PLACEMENT_3D('',#3285,#2684,#2685);
#2155=AXIS2_PLACEMENT_3D('',#3286,#2686,#2687);
#2156=AXIS2_PLACEMENT_3D('',#3287,#2688,#2689);
#2157=AXIS2_PLACEMENT_3D('',#3289,#2690,#2691);
#2158=AXIS2_PLACEMENT_3D('',#3292,#2693,#2694);
#2159=AXIS2_PLACEMENT_3D('',#3293,#2695,#2696);
#2160=AXIS2_PLACEMENT_3D('',#3294,#2697,#2698);
#2161=AXIS2_PLACEMENT_3D('',#3296,#2699,#2700);
#2162=AXIS2_PLACEMENT_3D('',#3298,#2701,#2702);
#2163=AXIS2_PLACEMENT_3D('',#3299,#2703,#2704);
#2164=AXIS2_PLACEMENT_3D('',#3301,#2705,#2706);
#2165=AXIS2_PLACEMENT_3D('',#3303,#2708,#2709);
#2166=AXIS2_PLACEMENT_3D('',#3304,#2710,#2711);
#2167=AXIS2_PLACEMENT_3D('',#3307,#2713,#2714);
#2168=AXIS2_PLACEMENT_3D('',#3308,#2715,#2716);
#2169=AXIS2_PLACEMENT_3D('',#3309,#2717,#2718);
#2170=AXIS2_PLACEMENT_3D('',#3311,#2719,#2720);
#2171=AXIS2_PLACEMENT_3D('',#3314,#2722,#2723);
#2172=AXIS2_PLACEMENT_3D('',#3315,#2724,#2725);
#2173=AXIS2_PLACEMENT_3D('',#3316,#2726,#2727);
#2174=AXIS2_PLACEMENT_3D('',#3317,#2728,#2729);
#2175=AXIS2_PLACEMENT_3D('',#3319,#2730,#2731);
#2176=AXIS2_PLACEMENT_3D('',#3322,#2733,#2734);
#2177=AXIS2_PLACEMENT_3D('',#3323,#2735,#2736);
#2178=AXIS2_PLACEMENT_3D('',#3324,#2737,#2738);
#2179=AXIS2_PLACEMENT_3D('',#3325,#2739,#2740);
#2180=AXIS2_PLACEMENT_3D('',#3327,#2741,#2742);
#2181=AXIS2_PLACEMENT_3D('',#3330,#2744,#2745);
#2182=AXIS2_PLACEMENT_3D('',#3331,#2746,#2747);
#2183=AXIS2_PLACEMENT_3D('',#3332,#2748,#2749);
#2184=AXIS2_PLACEMENT_3D('',#3333,#2750,#2751);
#2185=AXIS2_PLACEMENT_3D('',#3335,#2752,#2753);
#2186=AXIS2_PLACEMENT_3D('',#3338,#2755,#2756);
#2187=AXIS2_PLACEMENT_3D('',#3339,#2757,#2758);
#2188=AXIS2_PLACEMENT_3D('',#3340,#2759,#2760);
#2189=AXIS2_PLACEMENT_3D('',#3341,#2761,#2762);
#2190=AXIS2_PLACEMENT_3D('',#3343,#2763,#2764);
#2191=AXIS2_PLACEMENT_3D('',#3346,#2766,#2767);
#2192=AXIS2_PLACEMENT_3D('',#3347,#2768,#2769);
#2193=AXIS2_PLACEMENT_3D('',#3348,#2770,#2771);
#2194=AXIS2_PLACEMENT_3D('',#3349,#2772,#2773);
#2195=AXIS2_PLACEMENT_3D('',#3351,#2774,#2775);
#2196=AXIS2_PLACEMENT_3D('',#3354,#2777,#2778);
#2197=AXIS2_PLACEMENT_3D('',#3355,#2779,#2780);
#2198=AXIS2_PLACEMENT_3D('',#3356,#2781,#2782);
#2199=AXIS2_PLACEMENT_3D('',#3357,#2783,#2784);
#2200=AXIS2_PLACEMENT_3D('',#3359,#2785,#2786);
#2201=AXIS2_PLACEMENT_3D('',#3362,#2788,#2789);
#2202=AXIS2_PLACEMENT_3D('',#3363,#2790,#2791);
#2203=AXIS2_PLACEMENT_3D('',#3364,#2792,#2793);
#2204=AXIS2_PLACEMENT_3D('',#3365,#2794,#2795);
#2205=AXIS2_PLACEMENT_3D('',#3367,#2796,#2797);
#2206=AXIS2_PLACEMENT_3D('',#3370,#2799,#2800);
#2207=AXIS2_PLACEMENT_3D('',#3371,#2801,#2802);
#2208=AXIS2_PLACEMENT_3D('',#3372,#2803,#2804);
#2209=AXIS2_PLACEMENT_3D('',#3373,#2805,#2806);
#2210=AXIS2_PLACEMENT_3D('',#3374,#2807,#2808);
#2211=AXIS2_PLACEMENT_3D('',#3376,#2809,#2810);
#2212=AXIS2_PLACEMENT_3D('',#3379,#2812,#2813);
#2213=AXIS2_PLACEMENT_3D('',#3380,#2814,#2815);
#2214=AXIS2_PLACEMENT_3D('',#3381,#2816,#2817);
#2215=AXIS2_PLACEMENT_3D('',#3383,#2818,#2819);
#2216=AXIS2_PLACEMENT_3D('',#3386,#2821,#2822);
#2217=AXIS2_PLACEMENT_3D('',#3387,#2823,#2824);
#2218=AXIS2_PLACEMENT_3D('',#3388,#2825,#2826);
#2219=AXIS2_PLACEMENT_3D('',#3390,#2827,#2828);
#2220=AXIS2_PLACEMENT_3D('',#3393,#2830,#2831);
#2221=AXIS2_PLACEMENT_3D('',#3394,#2832,#2833);
#2222=AXIS2_PLACEMENT_3D('',#3395,#2834,#2835);
#2223=AXIS2_PLACEMENT_3D('',#3396,#2836,#2837);
#2224=AXIS2_PLACEMENT_3D('',#3397,#2838,#2839);
#2225=AXIS2_PLACEMENT_3D('',#3399,#2840,#2841);
#2226=AXIS2_PLACEMENT_3D('',#3402,#2843,#2844);
#2227=AXIS2_PLACEMENT_3D('',#3403,#2845,#2846);
#2228=AXIS2_PLACEMENT_3D('',#3405,#2847,#2848);
#2229=AXIS2_PLACEMENT_3D('',#3407,#2850,#2851);
#2230=AXIS2_PLACEMENT_3D('',#3408,#2852,#2853);
#2231=AXIS2_PLACEMENT_3D('',#3410,#2854,#2855);
#2232=AXIS2_PLACEMENT_3D('',#3412,#2857,#2858);
#2233=AXIS2_PLACEMENT_3D('',#3413,#2859,#2860);
#2234=AXIS2_PLACEMENT_3D('',#3414,#2861,#2862);
#2235=AXIS2_PLACEMENT_3D('',#3415,#2863,#2864);
#2236=AXIS2_PLACEMENT_3D('',#3416,#2865,#2866);
#2237=AXIS2_PLACEMENT_3D('',#3417,#2867,#2868);
#2238=AXIS2_PLACEMENT_3D('',#3418,#2869,#2870);
#2239=AXIS2_PLACEMENT_3D('',#3419,#2871,#2872);
#2240=AXIS2_PLACEMENT_3D('',#3420,#2873,#2874);
#2241=AXIS2_PLACEMENT_3D('',#3421,#2875,#2876);
#2242=AXIS2_PLACEMENT_3D('',#3422,#2877,#2878);
#2243=DIRECTION('axis',(0.,0.,1.));
#2244=DIRECTION('refdir',(1.,0.,0.));
#2245=DIRECTION('axis',(0.,0.,1.));
#2246=DIRECTION('refdir',(1.,0.,0.));
#2247=DIRECTION('center_axis',(0.,0.,-1.));
#2248=DIRECTION('ref_axis',(-0.986537956058279,-0.163532447105623,0.));
#2249=DIRECTION('center_axis',(0.,0.,-1.));
#2250=DIRECTION('ref_axis',(-0.986537956058279,-0.163532447105623,0.));
#2251=DIRECTION('',(0.,0.,-1.));
#2252=DIRECTION('center_axis',(0.,0.,-1.));
#2253=DIRECTION('ref_axis',(-0.986537956058279,-0.163532447105623,0.));
#2254=DIRECTION('',(0.,0.,1.));
#2255=DIRECTION('center_axis',(1.,0.,0.));
#2256=DIRECTION('ref_axis',(0.,-1.,0.));
#2257=DIRECTION('',(0.,-1.,0.));
#2258=DIRECTION('',(0.,0.,1.));
#2259=DIRECTION('',(0.,-1.,0.));
#2260=DIRECTION('center_axis',(0.,0.,1.));
#2261=DIRECTION('ref_axis',(1.,0.,0.));
#2262=DIRECTION('center_axis',(0.,0.,-1.));
#2263=DIRECTION('ref_axis',(-0.707106781186548,-0.707106781186548,0.));
#2264=DIRECTION('',(1.,0.,0.));
#2265=DIRECTION('center_axis',(0.,0.,-1.));
#2266=DIRECTION('ref_axis',(0.707106781186548,-0.707106781186548,0.));
#2267=DIRECTION('',(0.,1.,0.));
#2268=DIRECTION('center_axis',(0.,0.,-1.));
#2269=DIRECTION('ref_axis',(0.707106781186548,0.707106781186548,0.));
#2270=DIRECTION('',(-1.,0.,0.));
#2271=DIRECTION('center_axis',(0.,0.,-1.));
#2272=DIRECTION('ref_axis',(-0.707106781186548,0.707106781186548,0.));
#2273=DIRECTION('',(0.,-1.,0.));
#2274=DIRECTION('center_axis',(0.,0.,1.));
#2275=DIRECTION('ref_axis',(1.,0.,0.));
#2276=DIRECTION('center_axis',(0.,0.,1.));
#2277=DIRECTION('ref_axis',(0.893028554974588,-0.45,0.));
#2278=DIRECTION('center_axis',(0.,0.,-1.));
#2279=DIRECTION('ref_axis',(-0.986537956058279,0.163532447105623,0.));
#2280=DIRECTION('',(0.,-1.,0.));
#2281=DIRECTION('center_axis',(0.,0.,1.));
#2282=DIRECTION('ref_axis',(0.707106781186547,-0.707106781186548,0.));
#2283=DIRECTION('',(-1.,0.,0.));
#2284=DIRECTION('center_axis',(0.,0.,1.));
#2285=DIRECTION('ref_axis',(-0.707106781186547,-0.707106781186548,0.));
#2286=DIRECTION('',(0.,1.,0.));
#2287=DIRECTION('center_axis',(0.,0.,-1.));
#2288=DIRECTION('ref_axis',(0.986537956058279,0.163532447105623,0.));
#2289=DIRECTION('center_axis',(0.,0.,1.));
#2290=DIRECTION('ref_axis',(-0.893028554974588,0.45,0.));
#2291=DIRECTION('center_axis',(0.,0.,-1.));
#2292=DIRECTION('ref_axis',(0.986537956058279,-0.163532447105623,0.));
#2293=DIRECTION('',(0.,1.,0.));
#2294=DIRECTION('center_axis',(0.,0.,1.));
#2295=DIRECTION('ref_axis',(-0.707106781186547,0.707106781186548,0.));
#2296=DIRECTION('',(1.,0.,0.));
#2297=DIRECTION('center_axis',(0.,0.,1.));
#2298=DIRECTION('ref_axis',(0.707106781186547,0.707106781186548,0.));
#2299=DIRECTION('center_axis',(0.,0.,1.));
#2300=DIRECTION('ref_axis',(1.,0.,0.));
#2301=DIRECTION('center_axis',(0.,0.,1.));
#2302=DIRECTION('ref_axis',(1.,0.,0.));
#2303=DIRECTION('center_axis',(0.,0.,1.));
#2304=DIRECTION('ref_axis',(1.,0.,0.));
#2305=DIRECTION('center_axis',(0.,0.,-1.));
#2306=DIRECTION('ref_axis',(0.986537956058279,0.163532447105623,0.));
#2307=DIRECTION('',(0.,0.,-1.));
#2308=DIRECTION('center_axis',(0.,0.,-1.));
#2309=DIRECTION('ref_axis',(0.986537956058279,0.163532447105623,0.));
#2310=DIRECTION('',(0.,0.,1.));
#2311=DIRECTION('center_axis',(-1.,0.,0.));
#2312=DIRECTION('ref_axis',(0.,1.,0.));
#2313=DIRECTION('',(0.,0.,1.));
#2314=DIRECTION('',(0.,1.,0.));
#2315=DIRECTION('center_axis',(0.,0.,-1.));
#2316=DIRECTION('ref_axis',(-0.986537956058279,0.163532447105623,0.));
#2317=DIRECTION('',(0.,0.,-1.));
#2318=DIRECTION('center_axis',(0.,0.,-1.));
#2319=DIRECTION('ref_axis',(-0.986537956058279,0.163532447105623,0.));
#2320=DIRECTION('',(0.,0.,1.));
#2321=DIRECTION('center_axis',(0.,0.,1.));
#2322=DIRECTION('ref_axis',(0.893028554974588,-0.45,0.));
#2323=DIRECTION('center_axis',(0.,0.,1.));
#2324=DIRECTION('ref_axis',(0.893028554974588,-0.45,0.));
#2325=DIRECTION('center_axis',(0.,0.,-1.));
#2326=DIRECTION('ref_axis',(0.986537956058279,-0.163532447105623,0.));
#2327=DIRECTION('',(0.,0.,-1.));
#2328=DIRECTION('center_axis',(0.,0.,-1.));
#2329=DIRECTION('ref_axis',(0.986537956058279,-0.163532447105623,0.));
#2330=DIRECTION('',(0.,0.,1.));
#2331=DIRECTION('center_axis',(0.,0.,1.));
#2332=DIRECTION('ref_axis',(-0.893028554974588,0.45,0.));
#2333=DIRECTION('center_axis',(0.,0.,1.));
#2334=DIRECTION('ref_axis',(-0.893028554974588,0.45,0.));
#2335=DIRECTION('center_axis',(0.,0.,1.));
#2336=DIRECTION('ref_axis',(-0.707106781186548,-0.707106781186548,0.));
#2337=DIRECTION('',(0.,0.,-1.));
#2338=DIRECTION('center_axis',(0.,0.,1.));
#2339=DIRECTION('ref_axis',(-0.707106781186548,-0.707106781186548,0.));
#2340=DIRECTION('',(0.,0.,1.));
#2341=DIRECTION('center_axis',(-1.,0.,0.));
#2342=DIRECTION('ref_axis',(0.,-1.,0.));
#2343=DIRECTION('',(0.,0.,1.));
#2344=DIRECTION('',(0.,-1.,0.));
#2345=DIRECTION('center_axis',(0.,0.,1.));
#2346=DIRECTION('ref_axis',(0.707106781186548,-0.707106781186548,0.));
#2347=DIRECTION('',(0.,0.,-1.));
#2348=DIRECTION('center_axis',(0.,0.,1.));
#2349=DIRECTION('ref_axis',(0.707106781186548,-0.707106781186548,0.));
#2350=DIRECTION('',(0.,0.,1.));
#2351=DIRECTION('center_axis',(1.,0.,0.));
#2352=DIRECTION('ref_axis',(0.,1.,0.));
#2353=DIRECTION('',(0.,1.,0.));
#2354=DIRECTION('',(0.,0.,-1.));
#2355=DIRECTION('center_axis',(0.,0.,1.));
#2356=DIRECTION('ref_axis',(0.707106781186548,0.707106781186548,0.));
#2357=DIRECTION('center_axis',(0.,0.,1.));
#2358=DIRECTION('ref_axis',(0.707106781186548,0.707106781186548,0.));
#2359=DIRECTION('',(0.,0.,1.));
#2360=DIRECTION('center_axis',(0.,0.,1.));
#2361=DIRECTION('ref_axis',(-0.707106781186548,0.707106781186548,0.));
#2362=DIRECTION('',(0.,0.,-1.));
#2363=DIRECTION('center_axis',(0.,0.,1.));
#2364=DIRECTION('ref_axis',(-0.707106781186548,0.707106781186548,0.));
#2365=DIRECTION('center_axis',(0.,0.,-1.));
#2366=DIRECTION('ref_axis',(0.707106781186547,0.707106781186548,0.));
#2367=DIRECTION('center_axis',(0.,0.,1.));
#2368=DIRECTION('ref_axis',(0.707106781186547,0.707106781186548,0.));
#2369=DIRECTION('',(0.,0.,-1.));
#2370=DIRECTION('center_axis',(0.,0.,-1.));
#2371=DIRECTION('ref_axis',(-0.707106781186547,-0.707106781186548,0.));
#2372=DIRECTION('center_axis',(0.,0.,1.));
#2373=DIRECTION('ref_axis',(-0.707106781186547,-0.707106781186548,0.));
#2374=DIRECTION('',(0.,0.,-1.));
#2375=DIRECTION('center_axis',(0.,0.,-1.));
#2376=DIRECTION('ref_axis',(-1.,0.,0.));
#2377=DIRECTION('',(1.,0.,0.));
#2378=DIRECTION('center_axis',(0.,0.,1.));
#2379=DIRECTION('ref_axis',(-0.707106781186547,0.707106781186548,0.));
#2380=DIRECTION('',(0.,1.,0.));
#2381=DIRECTION('',(-1.,0.,0.));
#2382=DIRECTION('center_axis',(0.,0.,1.));
#2383=DIRECTION('ref_axis',(0.707106781186547,-0.707106781186548,0.));
#2384=DIRECTION('',(0.,-1.,0.));
#2385=DIRECTION('center_axis',(0.,-1.,0.));
#2386=DIRECTION('ref_axis',(-1.,0.,0.));
#2387=DIRECTION('',(0.,0.,1.));
#2388=DIRECTION('center_axis',(0.,-1.,0.));
#2389=DIRECTION('ref_axis',(1.,0.,0.));
#2390=DIRECTION('center_axis',(0.,0.,-1.));
#2391=DIRECTION('ref_axis',(0.707106781186547,-0.707106781186548,0.));
#2392=DIRECTION('',(0.,0.,-1.));
#2393=DIRECTION('center_axis',(0.,0.,-1.));
#2394=DIRECTION('ref_axis',(-0.707106781186547,0.707106781186548,0.));
#2395=DIRECTION('',(0.,0.,1.));
#2396=DIRECTION('',(0.,0.,-1.));
#2397=DIRECTION('center_axis',(0.,1.,0.));
#2398=DIRECTION('ref_axis',(1.,0.,0.));
#2399=DIRECTION('center_axis',(0.,1.,0.));
#2400=DIRECTION('ref_axis',(1.,0.,0.));
#2401=DIRECTION('',(0.,1.,0.));
#2402=DIRECTION('center_axis',(0.,-1.,0.));
#2403=DIRECTION('ref_axis',(1.,0.,0.));
#2404=DIRECTION('center_axis',(0.,1.,0.));
#2405=DIRECTION('ref_axis',(1.,0.,0.));
#2406=DIRECTION('center_axis',(0.,1.,0.));
#2407=DIRECTION('ref_axis',(1.,0.,0.));
#2408=DIRECTION('',(0.,1.,0.));
#2409=DIRECTION('center_axis',(0.,0.,1.));
#2410=DIRECTION('ref_axis',(1.,0.,0.));
#2411=DIRECTION('center_axis',(0.,0.,1.));
#2412=DIRECTION('ref_axis',(1.,0.,0.));
#2413=DIRECTION('',(0.,0.,1.));
#2414=DIRECTION('center_axis',(0.,0.,1.));
#2415=DIRECTION('ref_axis',(1.,0.,0.));
#2416=DIRECTION('center_axis',(0.,0.,1.));
#2417=DIRECTION('ref_axis',(1.,0.,0.));
#2418=DIRECTION('center_axis',(0.,0.,1.));
#2419=DIRECTION('ref_axis',(1.,0.,0.));
#2420=DIRECTION('center_axis',(0.,0.,1.));
#2421=DIRECTION('ref_axis',(1.,0.,0.));
#2422=DIRECTION('',(0.,0.,1.));
#2423=DIRECTION('center_axis',(0.,0.,1.));
#2424=DIRECTION('ref_axis',(1.,0.,0.));
#2425=DIRECTION('center_axis',(0.,0.,1.));
#2426=DIRECTION('ref_axis',(1.,0.,0.));
#2427=DIRECTION('center_axis',(0.,0.,1.));
#2428=DIRECTION('ref_axis',(1.,0.,0.));
#2429=DIRECTION('center_axis',(0.,0.,1.));
#2430=DIRECTION('ref_axis',(1.,0.,0.));
#2431=DIRECTION('center_axis',(0.,0.,-1.));
#2432=DIRECTION('ref_axis',(1.,0.,0.));
#2433=DIRECTION('',(0.,0.,-1.));
#2434=DIRECTION('center_axis',(0.,0.,1.));
#2435=DIRECTION('ref_axis',(1.,0.,0.));
#2436=DIRECTION('center_axis',(0.,0.,1.));
#2437=DIRECTION('ref_axis',(1.,0.,0.));
#2438=DIRECTION('center_axis',(0.,0.,-1.));
#2439=DIRECTION('ref_axis',(1.,0.,0.));
#2440=DIRECTION('',(0.,0.,-1.));
#2441=DIRECTION('center_axis',(0.,0.,1.));
#2442=DIRECTION('ref_axis',(1.,0.,0.));
#2443=DIRECTION('center_axis',(0.,0.,-1.));
#2444=DIRECTION('ref_axis',(1.,0.,0.));
#2445=DIRECTION('center_axis',(0.,0.,-1.));
#2446=DIRECTION('ref_axis',(1.,0.,0.));
#2447=DIRECTION('',(0.,0.,-1.));
#2448=DIRECTION('center_axis',(0.,0.,1.));
#2449=DIRECTION('ref_axis',(1.,0.,0.));
#2450=DIRECTION('center_axis',(0.,0.,1.));
#2451=DIRECTION('ref_axis',(1.,0.,0.));
#2452=DIRECTION('center_axis',(0.,0.,-1.));
#2453=DIRECTION('ref_axis',(1.,0.,0.));
#2454=DIRECTION('',(0.,0.,-1.));
#2455=DIRECTION('center_axis',(-1.,0.,0.));
#2456=DIRECTION('ref_axis',(0.,1.,0.));
#2457=DIRECTION('center_axis',(1.,0.,0.));
#2458=DIRECTION('ref_axis',(0.,-1.,0.));
#2459=DIRECTION('center_axis',(0.,1.,0.));
#2460=DIRECTION('ref_axis',(1.,0.,0.));
#2461=DIRECTION('center_axis',(0.,1.,0.));
#2462=DIRECTION('ref_axis',(-1.,0.,0.));
#2463=DIRECTION('',(-1.,0.,0.));
#2464=DIRECTION('center_axis',(0.,-1.,0.));
#2465=DIRECTION('ref_axis',(1.,0.,0.));
#2466=DIRECTION('',(1.,0.,0.));
#2467=DIRECTION('center_axis',(0.,0.,1.));
#2468=DIRECTION('ref_axis',(1.,0.,0.));
#2469=DIRECTION('axis',(0.,0.,1.));
#2470=DIRECTION('refdir',(1.,0.,0.));
#2471=DIRECTION('center_axis',(0.,1.,0.));
#2472=DIRECTION('ref_axis',(-1.,0.,0.));
#2473=DIRECTION('',(-1.,0.,0.));
#2474=DIRECTION('',(0.,0.,1.));
#2475=DIRECTION('',(-1.,0.,0.));
#2476=DIRECTION('',(0.,0.,1.));
#2477=DIRECTION('center_axis',(1.,0.,0.));
#2478=DIRECTION('ref_axis',(0.,1.,0.));
#2479=DIRECTION('',(0.,1.,0.));
#2480=DIRECTION('',(0.,1.,0.));
#2481=DIRECTION('',(0.,0.,1.));
#2482=DIRECTION('center_axis',(0.,-1.,0.));
#2483=DIRECTION('ref_axis',(1.,0.,0.));
#2484=DIRECTION('',(1.,0.,0.));
#2485=DIRECTION('',(1.,0.,0.));
#2486=DIRECTION('',(0.,0.,1.));
#2487=DIRECTION('center_axis',(-1.,0.,0.));
#2488=DIRECTION('ref_axis',(0.,-1.,0.));
#2489=DIRECTION('',(0.,-1.,0.));
#2490=DIRECTION('',(0.,-1.,0.));
#2491=DIRECTION('center_axis',(0.,0.,1.));
#2492=DIRECTION('ref_axis',(1.,0.,0.));
#2493=DIRECTION('center_axis',(0.,0.,1.));
#2494=DIRECTION('ref_axis',(1.,0.,0.));
#2495=DIRECTION('center_axis',(0.,-1.,0.));
#2496=DIRECTION('ref_axis',(1.,0.,0.));
#2497=DIRECTION('center_axis',(0.,-1.,0.));
#2498=DIRECTION('ref_axis',(1.,0.,0.));
#2499=DIRECTION('',(0.,1.,0.));
#2500=DIRECTION('center_axis',(0.,1.,0.));
#2501=DIRECTION('ref_axis',(1.,0.,0.));
#2502=DIRECTION('center_axis',(0.,1.,0.));
#2503=DIRECTION('ref_axis',(1.,0.,0.));
#2504=DIRECTION('center_axis',(0.,1.,0.));
#2505=DIRECTION('ref_axis',(1.,0.,0.));
#2506=DIRECTION('center_axis',(0.,0.,1.));
#2507=DIRECTION('ref_axis',(-1.,0.,0.));
#2508=DIRECTION('',(1.,0.,0.));
#2509=DIRECTION('',(0.,-1.,0.));
#2510=DIRECTION('',(-1.,0.,0.));
#2511=DIRECTION('',(0.,-1.,0.));
#2512=DIRECTION('center_axis',(1.,0.,0.));
#2513=DIRECTION('ref_axis',(0.,0.,1.));
#2514=DIRECTION('',(0.,0.,-1.));
#2515=DIRECTION('',(0.,0.,1.));
#2516=DIRECTION('',(0.,-1.,0.));
#2517=DIRECTION('center_axis',(0.,0.,-1.));
#2518=DIRECTION('ref_axis',(1.,0.,0.));
#2519=DIRECTION('',(-1.,0.,0.));
#2520=DIRECTION('',(1.,0.,0.));
#2521=DIRECTION('',(0.,-1.,0.));
#2522=DIRECTION('center_axis',(-1.,0.,0.));
#2523=DIRECTION('ref_axis',(0.,0.,-1.));
#2524=DIRECTION('',(0.,0.,1.));
#2525=DIRECTION('',(0.,0.,-1.));
#2526=DIRECTION('center_axis',(0.,1.,0.));
#2527=DIRECTION('ref_axis',(1.,0.,0.));
#2528=DIRECTION('center_axis',(0.,-1.,0.));
#2529=DIRECTION('ref_axis',(0.,0.,-1.));
#2530=DIRECTION('center_axis',(0.,0.,1.));
#2531=DIRECTION('ref_axis',(1.,0.,0.));
#2532=DIRECTION('center_axis',(0.,0.,1.));
#2533=DIRECTION('ref_axis',(1.,0.,0.));
#2534=DIRECTION('',(0.,0.,-1.));
#2535=DIRECTION('center_axis',(0.,0.,1.));
#2536=DIRECTION('ref_axis',(1.,0.,0.));
#2537=DIRECTION('center_axis',(0.,0.,1.));
#2538=DIRECTION('ref_axis',(1.,0.,0.));
#2539=DIRECTION('center_axis',(0.,0.,1.));
#2540=DIRECTION('ref_axis',(1.,0.,0.));
#2541=DIRECTION('axis',(0.,0.,1.));
#2542=DIRECTION('refdir',(1.,0.,0.));
#2543=DIRECTION('center_axis',(0.,0.,1.));
#2544=DIRECTION('ref_axis',(-0.707106781186548,-0.707106781186548,0.));
#2545=DIRECTION('center_axis',(0.,0.,-1.));
#2546=DIRECTION('ref_axis',(-0.707106781186548,-0.707106781186548,0.));
#2547=DIRECTION('',(0.,0.,-1.));
#2548=DIRECTION('center_axis',(0.,0.,1.));
#2549=DIRECTION('ref_axis',(-0.707106781186548,-0.707106781186548,0.));
#2550=DIRECTION('',(0.,0.,1.));
#2551=DIRECTION('center_axis',(0.,-1.,0.));
#2552=DIRECTION('ref_axis',(1.,0.,0.));
#2553=DIRECTION('',(1.,0.,0.));
#2554=DIRECTION('',(0.,0.,-1.));
#2555=DIRECTION('',(1.,0.,0.));
#2556=DIRECTION('center_axis',(0.,0.,1.));
#2557=DIRECTION('ref_axis',(1.,0.,0.));
#2558=DIRECTION('',(0.,-1.,0.));
#2559=DIRECTION('center_axis',(0.,0.,1.));
#2560=DIRECTION('ref_axis',(-0.707106781186548,0.707106781186548,0.));
#2561=DIRECTION('',(-1.,0.,0.));
#2562=DIRECTION('center_axis',(0.,0.,1.));
#2563=DIRECTION('ref_axis',(0.707106781186548,0.707106781186548,0.));
#2564=DIRECTION('',(0.,1.,0.));
#2565=DIRECTION('center_axis',(0.,0.,1.));
#2566=DIRECTION('ref_axis',(0.707106781186548,-0.707106781186548,0.));
#2567=DIRECTION('center_axis',(0.,0.,1.));
#2568=DIRECTION('ref_axis',(1.,0.,0.));
#2569=DIRECTION('center_axis',(0.,0.,1.));
#2570=DIRECTION('ref_axis',(1.,0.,0.));
#2571=DIRECTION('',(0.,-1.,0.));
#2572=DIRECTION('center_axis',(0.,0.,1.));
#2573=DIRECTION('ref_axis',(1.,0.,0.));
#2574=DIRECTION('center_axis',(0.,0.,1.));
#2575=DIRECTION('ref_axis',(1.,0.,0.));
#2576=DIRECTION('',(1.,0.,0.));
#2577=DIRECTION('center_axis',(0.,0.,1.));
#2578=DIRECTION('ref_axis',(1.,0.,0.));
#2579=DIRECTION('',(0.,1.,0.));
#2580=DIRECTION('center_axis',(0.,0.,1.));
#2581=DIRECTION('ref_axis',(1.,0.,0.));
#2582=DIRECTION('',(-1.,0.,0.));
#2583=DIRECTION('center_axis',(0.,0.,1.));
#2584=DIRECTION('ref_axis',(0.707106781186548,-0.707106781186548,0.));
#2585=DIRECTION('center_axis',(0.,0.,-1.));
#2586=DIRECTION('ref_axis',(0.707106781186548,-0.707106781186548,0.));
#2587=DIRECTION('',(0.,0.,1.));
#2588=DIRECTION('center_axis',(1.,0.,0.));
#2589=DIRECTION('ref_axis',(0.,1.,0.));
#2590=DIRECTION('',(0.,0.,-1.));
#2591=DIRECTION('',(0.,1.,0.));
#2592=DIRECTION('center_axis',(0.,0.,1.));
#2593=DIRECTION('ref_axis',(0.707106781186548,0.707106781186548,0.));
#2594=DIRECTION('center_axis',(0.,0.,-1.));
#2595=DIRECTION('ref_axis',(0.707106781186548,0.707106781186548,0.));
#2596=DIRECTION('',(0.,0.,1.));
#2597=DIRECTION('center_axis',(0.,1.,0.));
#2598=DIRECTION('ref_axis',(-1.,0.,0.));
#2599=DIRECTION('',(0.,0.,-1.));
#2600=DIRECTION('',(-1.,0.,0.));
#2601=DIRECTION('center_axis',(0.,0.,1.));
#2602=DIRECTION('ref_axis',(-0.707106781186548,0.707106781186548,0.));
#2603=DIRECTION('center_axis',(0.,0.,-1.));
#2604=DIRECTION('ref_axis',(-0.707106781186548,0.707106781186548,0.));
#2605=DIRECTION('',(0.,0.,1.));
#2606=DIRECTION('center_axis',(-1.,0.,0.));
#2607=DIRECTION('ref_axis',(0.,-1.,0.));
#2608=DIRECTION('',(0.,-1.,0.));
#2609=DIRECTION('center_axis',(0.,0.,1.));
#2610=DIRECTION('ref_axis',(1.,0.,0.));
#2611=DIRECTION('center_axis',(0.,0.,1.));
#2612=DIRECTION('ref_axis',(1.,0.,0.));
#2613=DIRECTION('',(0.,0.,1.));
#2614=DIRECTION('center_axis',(0.,0.,-1.));
#2615=DIRECTION('ref_axis',(1.,0.,0.));
#2616=DIRECTION('center_axis',(0.,0.,1.));
#2617=DIRECTION('ref_axis',(1.,0.,0.));
#2618=DIRECTION('',(-1.,0.,0.));
#2619=DIRECTION('',(0.,-1.,0.));
#2620=DIRECTION('center_axis',(0.,0.,1.));
#2621=DIRECTION('ref_axis',(1.,0.,0.));
#2622=DIRECTION('',(0.,1.,0.));
#2623=DIRECTION('center_axis',(0.,0.,1.));
#2624=DIRECTION('ref_axis',(1.,0.,0.));
#2625=DIRECTION('center_axis',(0.,0.,1.));
#2626=DIRECTION('ref_axis',(1.,0.,0.));
#2627=DIRECTION('',(1.,0.,0.));
#2628=DIRECTION('center_axis',(0.,0.,1.));
#2629=DIRECTION('ref_axis',(1.,0.,0.));
#2630=DIRECTION('',(0.,0.,1.));
#2631=DIRECTION('center_axis',(0.,0.,-1.));
#2632=DIRECTION('ref_axis',(1.,0.,0.));
#2633=DIRECTION('center_axis',(0.,0.,1.));
#2634=DIRECTION('ref_axis',(1.,0.,0.));
#2635=DIRECTION('center_axis',(0.,0.,1.));
#2636=DIRECTION('ref_axis',(1.,0.,0.));
#2637=DIRECTION('',(0.,0.,1.));
#2638=DIRECTION('center_axis',(0.,0.,-1.));
#2639=DIRECTION('ref_axis',(1.,0.,0.));
#2640=DIRECTION('center_axis',(0.,0.,1.));
#2641=DIRECTION('ref_axis',(1.,0.,0.));
#2642=DIRECTION('',(0.,-1.,0.));
#2643=DIRECTION('',(1.,0.,0.));
#2644=DIRECTION('center_axis',(0.,0.,1.));
#2645=DIRECTION('ref_axis',(1.,0.,0.));
#2646=DIRECTION('center_axis',(0.,0.,1.));
#2647=DIRECTION('ref_axis',(1.,0.,0.));
#2648=DIRECTION('',(0.,0.,1.));
#2649=DIRECTION('center_axis',(0.,0.,-1.));
#2650=DIRECTION('ref_axis',(1.,0.,0.));
#2651=DIRECTION('center_axis',(0.,0.,1.));
#2652=DIRECTION('ref_axis',(1.,0.,0.));
#2653=DIRECTION('center_axis',(0.,0.,1.));
#2654=DIRECTION('ref_axis',(1.,0.,0.));
#2655=DIRECTION('',(-1.,0.,0.));
#2656=DIRECTION('center_axis',(0.,0.,1.));
#2657=DIRECTION('ref_axis',(1.,0.,0.));
#2658=DIRECTION('center_axis',(0.,0.,1.));
#2659=DIRECTION('ref_axis',(1.,0.,0.));
#2660=DIRECTION('',(0.,1.,0.));
#2661=DIRECTION('center_axis',(0.,0.,1.));
#2662=DIRECTION('ref_axis',(1.,0.,0.));
#2663=DIRECTION('',(0.,0.,1.));
#2664=DIRECTION('center_axis',(0.,0.,-1.));
#2665=DIRECTION('ref_axis',(1.,0.,0.));
#2666=DIRECTION('center_axis',(0.,-1.,0.));
#2667=DIRECTION('ref_axis',(-1.,0.,0.));
#2668=DIRECTION('',(0.,0.,-1.));
#2669=DIRECTION('',(-1.,0.,0.));
#2670=DIRECTION('',(0.,0.,-1.));
#2671=DIRECTION('center_axis',(1.,0.,0.));
#2672=DIRECTION('ref_axis',(0.,-1.,0.));
#2673=DIRECTION('',(0.,-1.,0.));
#2674=DIRECTION('',(0.,0.,-1.));
#2675=DIRECTION('center_axis',(0.,1.,0.));
#2676=DIRECTION('ref_axis',(1.,0.,0.));
#2677=DIRECTION('',(1.,0.,0.));
#2678=DIRECTION('',(0.,0.,-1.));
#2679=DIRECTION('center_axis',(-1.,0.,0.));
#2680=DIRECTION('ref_axis',(0.,1.,0.));
#2681=DIRECTION('',(0.,1.,0.));
#2682=DIRECTION('center_axis',(0.,0.,-1.));
#2683=DIRECTION('ref_axis',(-1.,0.,0.));
#2684=DIRECTION('center_axis',(0.,0.,1.));
#2685=DIRECTION('ref_axis',(1.,0.,0.));
#2686=DIRECTION('axis',(0.,0.,1.));
#2687=DIRECTION('refdir',(1.,0.,0.));
#2688=DIRECTION('center_axis',(0.,0.,1.));
#2689=DIRECTION('ref_axis',(1.,0.,0.));
#2690=DIRECTION('center_axis',(0.,0.,1.));
#2691=DIRECTION('ref_axis',(1.,0.,0.));
#2692=DIRECTION('',(0.,0.,-1.));
#2693=DIRECTION('center_axis',(0.,0.,-1.));
#2694=DIRECTION('ref_axis',(1.,0.,0.));
#2695=DIRECTION('center_axis',(0.,0.,1.));
#2696=DIRECTION('ref_axis',(1.,0.,0.));
#2697=DIRECTION('center_axis',(0.,0.,1.));
#2698=DIRECTION('ref_axis',(1.,0.,0.));
#2699=DIRECTION('center_axis',(0.,0.,1.));
#2700=DIRECTION('ref_axis',(1.,0.,0.));
#2701=DIRECTION('center_axis',(0.,0.,1.));
#2702=DIRECTION('ref_axis',(1.,0.,0.));
#2703=DIRECTION('center_axis',(0.,0.,1.));
#2704=DIRECTION('ref_axis',(1.,0.,0.));
#2705=DIRECTION('center_axis',(0.,0.,1.));
#2706=DIRECTION('ref_axis',(1.,0.,0.));
#2707=DIRECTION('',(0.,0.,-1.));
#2708=DIRECTION('center_axis',(0.,0.,1.));
#2709=DIRECTION('ref_axis',(1.,0.,0.));
#2710=DIRECTION('center_axis',(0.,0.,1.));
#2711=DIRECTION('ref_axis',(1.,0.,0.));
#2712=DIRECTION('',(0.,0.,-1.));
#2713=DIRECTION('center_axis',(0.,0.,1.));
#2714=DIRECTION('ref_axis',(1.,0.,0.));
#2715=DIRECTION('center_axis',(0.,0.,1.));
#2716=DIRECTION('ref_axis',(1.,0.,0.));
#2717=DIRECTION('center_axis',(0.,0.,-1.));
#2718=DIRECTION('ref_axis',(1.,0.,0.));
#2719=DIRECTION('center_axis',(0.,0.,-1.));
#2720=DIRECTION('ref_axis',(1.,0.,0.));
#2721=DIRECTION('',(0.,0.,1.));
#2722=DIRECTION('center_axis',(0.,0.,1.));
#2723=DIRECTION('ref_axis',(1.,0.,0.));
#2724=DIRECTION('center_axis',(0.,0.,1.));
#2725=DIRECTION('ref_axis',(1.,0.,0.));
#2726=DIRECTION('center_axis',(0.,0.,1.));
#2727=DIRECTION('ref_axis',(1.,0.,0.));
#2728=DIRECTION('center_axis',(0.,0.,-1.));
#2729=DIRECTION('ref_axis',(1.,0.,0.));
#2730=DIRECTION('center_axis',(0.,0.,-1.));
#2731=DIRECTION('ref_axis',(1.,0.,0.));
#2732=DIRECTION('',(0.,0.,1.));
#2733=DIRECTION('center_axis',(0.,0.,1.));
#2734=DIRECTION('ref_axis',(1.,0.,0.));
#2735=DIRECTION('center_axis',(0.,0.,1.));
#2736=DIRECTION('ref_axis',(1.,0.,0.));
#2737=DIRECTION('center_axis',(0.,0.,1.));
#2738=DIRECTION('ref_axis',(1.,0.,0.));
#2739=DIRECTION('center_axis',(0.,0.,-1.));
#2740=DIRECTION('ref_axis',(1.,0.,0.));
#2741=DIRECTION('center_axis',(0.,0.,-1.));
#2742=DIRECTION('ref_axis',(1.,0.,0.));
#2743=DIRECTION('',(0.,0.,1.));
#2744=DIRECTION('center_axis',(0.,0.,1.));
#2745=DIRECTION('ref_axis',(1.,0.,0.));
#2746=DIRECTION('center_axis',(0.,0.,1.));
#2747=DIRECTION('ref_axis',(1.,0.,0.));
#2748=DIRECTION('center_axis',(0.,0.,1.));
#2749=DIRECTION('ref_axis',(1.,0.,0.));
#2750=DIRECTION('center_axis',(0.,0.,-1.));
#2751=DIRECTION('ref_axis',(1.,0.,0.));
#2752=DIRECTION('center_axis',(0.,0.,-1.));
#2753=DIRECTION('ref_axis',(1.,0.,0.));
#2754=DIRECTION('',(0.,0.,1.));
#2755=DIRECTION('center_axis',(0.,0.,1.));
#2756=DIRECTION('ref_axis',(1.,0.,0.));
#2757=DIRECTION('center_axis',(0.,0.,1.));
#2758=DIRECTION('ref_axis',(1.,0.,0.));
#2759=DIRECTION('center_axis',(0.,0.,1.));
#2760=DIRECTION('ref_axis',(1.,0.,0.));
#2761=DIRECTION('center_axis',(0.,0.,-1.));
#2762=DIRECTION('ref_axis',(1.,0.,0.));
#2763=DIRECTION('center_axis',(0.,0.,-1.));
#2764=DIRECTION('ref_axis',(1.,0.,0.));
#2765=DIRECTION('',(0.,0.,1.));
#2766=DIRECTION('center_axis',(0.,0.,1.));
#2767=DIRECTION('ref_axis',(1.,0.,0.));
#2768=DIRECTION('center_axis',(0.,0.,1.));
#2769=DIRECTION('ref_axis',(1.,0.,0.));
#2770=DIRECTION('center_axis',(0.,0.,1.));
#2771=DIRECTION('ref_axis',(1.,0.,0.));
#2772=DIRECTION('center_axis',(0.,0.,-1.));
#2773=DIRECTION('ref_axis',(1.,0.,0.));
#2774=DIRECTION('center_axis',(0.,0.,-1.));
#2775=DIRECTION('ref_axis',(1.,0.,0.));
#2776=DIRECTION('',(0.,0.,1.));
#2777=DIRECTION('center_axis',(0.,0.,1.));
#2778=DIRECTION('ref_axis',(1.,0.,0.));
#2779=DIRECTION('center_axis',(0.,0.,1.));
#2780=DIRECTION('ref_axis',(1.,0.,0.));
#2781=DIRECTION('center_axis',(0.,0.,1.));
#2782=DIRECTION('ref_axis',(1.,0.,0.));
#2783=DIRECTION('center_axis',(0.,0.,-1.));
#2784=DIRECTION('ref_axis',(1.,0.,0.));
#2785=DIRECTION('center_axis',(0.,0.,-1.));
#2786=DIRECTION('ref_axis',(1.,0.,0.));
#2787=DIRECTION('',(0.,0.,1.));
#2788=DIRECTION('center_axis',(0.,0.,1.));
#2789=DIRECTION('ref_axis',(1.,0.,0.));
#2790=DIRECTION('center_axis',(0.,0.,1.));
#2791=DIRECTION('ref_axis',(1.,0.,0.));
#2792=DIRECTION('center_axis',(0.,0.,1.));
#2793=DIRECTION('ref_axis',(1.,0.,0.));
#2794=DIRECTION('center_axis',(0.,0.,-1.));
#2795=DIRECTION('ref_axis',(1.,0.,0.));
#2796=DIRECTION('center_axis',(0.,0.,-1.));
#2797=DIRECTION('ref_axis',(1.,0.,0.));
#2798=DIRECTION('',(0.,0.,1.));
#2799=DIRECTION('center_axis',(0.,0.,1.));
#2800=DIRECTION('ref_axis',(1.,0.,0.));
#2801=DIRECTION('center_axis',(0.,0.,1.));
#2802=DIRECTION('ref_axis',(1.,0.,0.));
#2803=DIRECTION('center_axis',(0.,0.,1.));
#2804=DIRECTION('ref_axis',(1.,0.,0.));
#2805=DIRECTION('axis',(0.,0.,1.));
#2806=DIRECTION('refdir',(1.,0.,0.));
#2807=DIRECTION('center_axis',(0.,0.,-1.));
#2808=DIRECTION('ref_axis',(1.,0.,0.));
#2809=DIRECTION('center_axis',(0.,0.,-1.));
#2810=DIRECTION('ref_axis',(1.,0.,0.));
#2811=DIRECTION('',(0.,0.,-1.));
#2812=DIRECTION('center_axis',(0.,0.,-1.));
#2813=DIRECTION('ref_axis',(1.,0.,0.));
#2814=DIRECTION('center_axis',(0.,0.,1.));
#2815=DIRECTION('ref_axis',(1.,0.,0.));
#2816=DIRECTION('center_axis',(0.,0.,-1.));
#2817=DIRECTION('ref_axis',(1.,0.,0.));
#2818=DIRECTION('center_axis',(0.,0.,-1.));
#2819=DIRECTION('ref_axis',(1.,0.,0.));
#2820=DIRECTION('',(0.,0.,1.));
#2821=DIRECTION('center_axis',(0.,0.,1.));
#2822=DIRECTION('ref_axis',(1.,0.,0.));
#2823=DIRECTION('center_axis',(0.,0.,1.));
#2824=DIRECTION('ref_axis',(1.,0.,0.));
#2825=DIRECTION('center_axis',(0.,0.,1.));
#2826=DIRECTION('ref_axis',(1.,0.,0.));
#2827=DIRECTION('center_axis',(0.,0.,1.));
#2828=DIRECTION('ref_axis',(1.,0.,0.));
#2829=DIRECTION('',(0.,0.,-1.));
#2830=DIRECTION('center_axis',(0.,0.,1.));
#2831=DIRECTION('ref_axis',(1.,0.,0.));
#2832=DIRECTION('center_axis',(0.,0.,1.));
#2833=DIRECTION('ref_axis',(1.,0.,0.));
#2834=DIRECTION('center_axis',(0.,0.,1.));
#2835=DIRECTION('ref_axis',(1.,0.,0.));
#2836=DIRECTION('axis',(0.,0.,1.));
#2837=DIRECTION('refdir',(1.,0.,0.));
#2838=DIRECTION('center_axis',(0.,0.,1.));
#2839=DIRECTION('ref_axis',(1.,0.,0.));
#2840=DIRECTION('center_axis',(0.,0.,-1.));
#2841=DIRECTION('ref_axis',(1.,0.,0.));
#2842=DIRECTION('',(0.707106781186548,8.65956056235494E-17,-0.707106781186547));
#2843=DIRECTION('center_axis',(0.,0.,1.));
#2844=DIRECTION('ref_axis',(1.,0.,0.));
#2845=DIRECTION('center_axis',(0.,0.,1.));
#2846=DIRECTION('ref_axis',(1.,0.,0.));
#2847=DIRECTION('center_axis',(0.,0.,1.));
#2848=DIRECTION('ref_axis',(1.,0.,0.));
#2849=DIRECTION('',(0.,0.,-1.));
#2850=DIRECTION('center_axis',(0.,0.,1.));
#2851=DIRECTION('ref_axis',(1.,0.,0.));
#2852=DIRECTION('center_axis',(0.,0.,-1.));
#2853=DIRECTION('ref_axis',(1.,0.,0.));
#2854=DIRECTION('center_axis',(0.,0.,-1.));
#2855=DIRECTION('ref_axis',(1.,0.,0.));
#2856=DIRECTION('',(-0.707106781186548,-8.65956056235494E-17,-0.707106781186547));
#2857=DIRECTION('center_axis',(0.,0.,1.));
#2858=DIRECTION('ref_axis',(1.,0.,0.));
#2859=DIRECTION('',(0.,0.,1.));
#2860=DIRECTION('',(1.,0.,0.));
#2861=DIRECTION('',(0.,0.,1.));
#2862=DIRECTION('',(1.,0.,0.));
#2863=DIRECTION('',(0.,0.,1.));
#2864=DIRECTION('',(1.,0.,0.));
#2865=DIRECTION('',(0.,0.,1.));
#2866=DIRECTION('',(1.,0.,0.));
#2867=DIRECTION('',(0.,0.,1.));
#2868=DIRECTION('',(1.,0.,0.));
#2869=DIRECTION('',(0.,0.,1.));
#2870=DIRECTION('',(1.,0.,0.));
#2871=DIRECTION('',(0.,0.,1.));
#2872=DIRECTION('',(1.,0.,0.));
#2873=DIRECTION('',(0.,0.,1.));
#2874=DIRECTION('',(1.,0.,0.));
#2875=DIRECTION('',(0.,0.,1.));
#2876=DIRECTION('',(1.,0.,0.));
#2877=DIRECTION('',(0.,0.,1.));
#2878=DIRECTION('',(1.,0.,0.));
#2879=CARTESIAN_POINT('',(0.,0.,0.));
#2880=CARTESIAN_POINT('',(0.,0.,0.));
#2881=CARTESIAN_POINT('Origin',(12.8,1.29064772893432,56.));
#2882=CARTESIAN_POINT('',(10.9069714450254,0.645323864467158,56.));
#2883=CARTESIAN_POINT('',(10.8,1.29064772893432,56.));
#2884=CARTESIAN_POINT('Origin',(12.8,1.29064772893432,56.));
#2885=CARTESIAN_POINT('',(10.8,1.29064772893432,3.));
#2886=CARTESIAN_POINT('',(10.8,1.29064772893432,56.));
#2887=CARTESIAN_POINT('',(10.9069714450254,0.645323864467158,3.));
#2888=CARTESIAN_POINT('Origin',(12.8,1.29064772893432,3.));
#2889=CARTESIAN_POINT('',(10.9069714450254,0.645323864467158,56.));
#2890=CARTESIAN_POINT('Origin',(10.8,13.,56.));
#2891=CARTESIAN_POINT('',(10.8,11.,56.));
#2892=CARTESIAN_POINT('',(10.8,6.5,56.));
#2893=CARTESIAN_POINT('',(10.8,11.,3.));
#2894=CARTESIAN_POINT('',(10.8,11.,56.));
#2895=CARTESIAN_POINT('',(10.8,-13.,3.));
#2896=CARTESIAN_POINT('Origin',(0.,0.,56.));
#2897=CARTESIAN_POINT('',(-13.,-16.,56.));
#2898=CARTESIAN_POINT('',(-15.,-14.,56.));
#2899=CARTESIAN_POINT('Origin',(-13.,-14.,56.));
#2900=CARTESIAN_POINT('',(13.,-16.,56.));
#2901=CARTESIAN_POINT('',(-15.,-16.,56.));
#2902=CARTESIAN_POINT('',(15.,-14.,56.));
#2903=CARTESIAN_POINT('Origin',(13.,-14.,56.));
#2904=CARTESIAN_POINT('',(15.,14.,56.));
#2905=CARTESIAN_POINT('',(15.,-16.,56.));
#2906=CARTESIAN_POINT('',(13.,16.,56.));
#2907=CARTESIAN_POINT('Origin',(13.,14.,56.));
#2908=CARTESIAN_POINT('',(-13.,16.,56.));
#2909=CARTESIAN_POINT('',(15.,16.,56.));
#2910=CARTESIAN_POINT('',(-15.,14.,56.));
#2911=CARTESIAN_POINT('Origin',(-13.,14.,56.));
#2912=CARTESIAN_POINT('',(-15.,16.,56.));
#2913=CARTESIAN_POINT('',(10.475,12.5,56.));
#2914=CARTESIAN_POINT('Origin',(11.5,12.5,56.));
#2915=CARTESIAN_POINT('',(10.9069714450254,-0.645323864467159,56.));
#2916=CARTESIAN_POINT('Origin',(9.01394289005083,0.,56.));
#2917=CARTESIAN_POINT('',(10.8,-1.29064772893432,56.));
#2918=CARTESIAN_POINT('Origin',(12.8,-1.29064772893432,56.));
#2919=CARTESIAN_POINT('',(10.8,-11.,56.));
#2920=CARTESIAN_POINT('',(10.8,-0.45,56.));
#2921=CARTESIAN_POINT('',(8.8,-13.,56.));
#2922=CARTESIAN_POINT('Origin',(8.8,-11.,56.));
#2923=CARTESIAN_POINT('',(-8.8,-13.,56.));
#2924=CARTESIAN_POINT('',(5.4,-13.,56.));
#2925=CARTESIAN_POINT('',(-10.8,-11.,56.));
#2926=CARTESIAN_POINT('Origin',(-8.8,-11.,56.));
#2927=CARTESIAN_POINT('',(-10.8,-1.29064772893432,56.));
#2928=CARTESIAN_POINT('',(-10.8,-6.5,56.));
#2929=CARTESIAN_POINT('',(-10.9069714450254,-0.645323864467158,56.));
#2930=CARTESIAN_POINT('Origin',(-12.8,-1.29064772893432,56.));
#2931=CARTESIAN_POINT('',(-10.9069714450254,0.645323864467159,56.));
#2932=CARTESIAN_POINT('Origin',(-9.01394289005083,0.,56.));
#2933=CARTESIAN_POINT('',(-10.8,1.29064772893432,56.));
#2934=CARTESIAN_POINT('Origin',(-12.8,1.29064772893432,56.));
#2935=CARTESIAN_POINT('',(-10.8,11.,56.));
#2936=CARTESIAN_POINT('',(-10.8,0.45,56.));
#2937=CARTESIAN_POINT('',(-8.8,13.,56.));
#2938=CARTESIAN_POINT('Origin',(-8.8,11.,56.));
#2939=CARTESIAN_POINT('',(8.8,13.,56.));
#2940=CARTESIAN_POINT('',(-5.4,13.,56.));
#2941=CARTESIAN_POINT('Origin',(8.8,11.,56.));
#2942=CARTESIAN_POINT('',(10.475,-12.5,56.));
#2943=CARTESIAN_POINT('Origin',(11.5,-12.5,56.));
#2944=CARTESIAN_POINT('',(-12.525,12.5,56.));
#2945=CARTESIAN_POINT('Origin',(-11.5,12.5,56.));
#2946=CARTESIAN_POINT('',(-12.525,-12.5,56.));
#2947=CARTESIAN_POINT('Origin',(-11.5,-12.5,56.));
#2948=CARTESIAN_POINT('Origin',(-12.8,-1.29064772893432,56.));
#2949=CARTESIAN_POINT('',(-10.8,-1.29064772893432,3.));
#2950=CARTESIAN_POINT('',(-10.8,-1.29064772893432,56.));
#2951=CARTESIAN_POINT('',(-10.9069714450254,-0.645323864467158,3.));
#2952=CARTESIAN_POINT('Origin',(-12.8,-1.29064772893432,3.));
#2953=CARTESIAN_POINT('',(-10.9069714450254,-0.645323864467158,56.));
#2954=CARTESIAN_POINT('Origin',(-10.8,-13.,56.));
#2955=CARTESIAN_POINT('',(-10.8,-11.,3.));
#2956=CARTESIAN_POINT('',(-10.8,-11.,56.));
#2957=CARTESIAN_POINT('',(-10.8,13.,3.));
#2958=CARTESIAN_POINT('Origin',(12.8,-1.29064772893432,56.));
#2959=CARTESIAN_POINT('',(10.9069714450254,-0.645323864467159,3.));
#2960=CARTESIAN_POINT('',(10.9069714450254,-0.645323864467159,56.));
#2961=CARTESIAN_POINT('',(10.8,-1.29064772893432,3.));
#2962=CARTESIAN_POINT('Origin',(12.8,-1.29064772893432,3.));
#2963=CARTESIAN_POINT('',(10.8,-1.29064772893432,56.));
#2964=CARTESIAN_POINT('Origin',(9.01394289005083,0.,56.));
#2965=CARTESIAN_POINT('Origin',(9.01394289005083,0.,3.));
#2966=CARTESIAN_POINT('Origin',(-12.8,1.29064772893432,56.));
#2967=CARTESIAN_POINT('',(-10.9069714450254,0.645323864467159,3.));
#2968=CARTESIAN_POINT('',(-10.9069714450254,0.645323864467159,56.));
#2969=CARTESIAN_POINT('',(-10.8,1.29064772893432,3.));
#2970=CARTESIAN_POINT('Origin',(-12.8,1.29064772893432,3.));
#2971=CARTESIAN_POINT('',(-10.8,1.29064772893432,56.));
#2972=CARTESIAN_POINT('Origin',(-9.01394289005083,0.,56.));
#2973=CARTESIAN_POINT('Origin',(-9.01394289005083,0.,3.));
#2974=CARTESIAN_POINT('Origin',(-13.,-14.,0.));
#2975=CARTESIAN_POINT('',(-15.,-14.,0.));
#2976=CARTESIAN_POINT('',(-15.,-14.,0.));
#2977=CARTESIAN_POINT('',(-13.,-16.,0.));
#2978=CARTESIAN_POINT('Origin',(-13.,-14.,0.));
#2979=CARTESIAN_POINT('',(-13.,-16.,0.));
#2980=CARTESIAN_POINT('Origin',(-15.,16.,0.));
#2981=CARTESIAN_POINT('',(-15.,14.,0.));
#2982=CARTESIAN_POINT('',(-15.,14.,0.));
#2983=CARTESIAN_POINT('',(-15.,16.,0.));
#2984=CARTESIAN_POINT('Origin',(13.,-14.,0.));
#2985=CARTESIAN_POINT('',(13.,-16.,0.));
#2986=CARTESIAN_POINT('',(13.,-16.,0.));
#2987=CARTESIAN_POINT('',(15.,-14.,0.));
#2988=CARTESIAN_POINT('Origin',(13.,-14.,0.));
#2989=CARTESIAN_POINT('',(15.,-14.,0.));
#2990=CARTESIAN_POINT('Origin',(15.,-16.,0.));
#2991=CARTESIAN_POINT('',(15.,14.,0.));
#2992=CARTESIAN_POINT('',(15.,-16.,0.));
#2993=CARTESIAN_POINT('',(15.,14.,0.));
#2994=CARTESIAN_POINT('Origin',(13.,14.,0.));
#2995=CARTESIAN_POINT('',(13.,16.,0.));
#2996=CARTESIAN_POINT('Origin',(13.,14.,0.));
#2997=CARTESIAN_POINT('',(13.,16.,0.));
#2998=CARTESIAN_POINT('Origin',(-13.,14.,0.));
#2999=CARTESIAN_POINT('',(-13.,16.,0.));
#3000=CARTESIAN_POINT('',(-13.,16.,0.));
#3001=CARTESIAN_POINT('Origin',(-13.,14.,0.));
#3002=CARTESIAN_POINT('Origin',(8.8,11.,56.));
#3003=CARTESIAN_POINT('',(8.8,13.,3.));
#3004=CARTESIAN_POINT('Origin',(8.8,11.,3.));
#3005=CARTESIAN_POINT('',(8.8,13.,56.));
#3006=CARTESIAN_POINT('Origin',(-8.8,-11.,56.));
#3007=CARTESIAN_POINT('',(-8.8,-13.,3.));
#3008=CARTESIAN_POINT('Origin',(-8.8,-11.,3.));
#3009=CARTESIAN_POINT('',(-8.8,-13.,56.));
#3010=CARTESIAN_POINT('Origin',(0.,0.,3.));
#3011=CARTESIAN_POINT('',(-8.8,13.,3.));
#3012=CARTESIAN_POINT('',(10.8,13.,3.));
#3013=CARTESIAN_POINT('',(-10.8,11.,3.));
#3014=CARTESIAN_POINT('Origin',(-8.8,11.,3.));
#3015=CARTESIAN_POINT('',(-10.8,13.,3.));
#3016=CARTESIAN_POINT('',(8.8,-13.,3.));
#3017=CARTESIAN_POINT('',(-10.8,-13.,3.));
#3018=CARTESIAN_POINT('',(10.8,-11.,3.));
#3019=CARTESIAN_POINT('Origin',(8.8,-11.,3.));
#3020=CARTESIAN_POINT('',(10.8,-13.,3.));
#3021=CARTESIAN_POINT('Origin',(10.8,-13.,56.));
#3022=CARTESIAN_POINT('',(8.8,-13.,56.));
#3023=CARTESIAN_POINT('',(-1.75,-13.,38.));
#3024=CARTESIAN_POINT('Origin',(0.,-13.,38.));
#3025=CARTESIAN_POINT('Origin',(8.8,-11.,56.));
#3026=CARTESIAN_POINT('',(10.8,-11.,56.));
#3027=CARTESIAN_POINT('Origin',(-8.8,11.,56.));
#3028=CARTESIAN_POINT('',(-8.8,13.,56.));
#3029=CARTESIAN_POINT('',(-10.8,11.,56.));
#3030=CARTESIAN_POINT('Origin',(0.,0.,38.));
#3031=CARTESIAN_POINT('',(-1.75,13.,38.));
#3032=CARTESIAN_POINT('Origin',(0.,13.,38.));
#3033=CARTESIAN_POINT('',(-1.75,16.,38.));
#3034=CARTESIAN_POINT('',(-1.75,0.,38.));
#3035=CARTESIAN_POINT('Origin',(0.,16.,38.));
#3036=CARTESIAN_POINT('Origin',(0.,0.,38.));
#3037=CARTESIAN_POINT('',(-1.75,-16.,38.));
#3038=CARTESIAN_POINT('Origin',(0.,-16.,38.));
#3039=CARTESIAN_POINT('',(-1.75,0.,38.));
#3040=CARTESIAN_POINT('Origin',(-7.5,0.,0.));
#3041=CARTESIAN_POINT('',(-12.6,-6.2456986756515E-16,0.));
#3042=CARTESIAN_POINT('Origin',(-7.5,0.,0.));
#3043=CARTESIAN_POINT('',(-12.6,-6.2456986756515E-16,2.1));
#3044=CARTESIAN_POINT('',(-12.6,-6.2456986756515E-16,0.));
#3045=CARTESIAN_POINT('Origin',(-7.5,0.,2.1));
#3046=CARTESIAN_POINT('Origin',(-7.5,0.,2.1));
#3047=CARTESIAN_POINT('Origin',(7.5,0.,0.));
#3048=CARTESIAN_POINT('',(2.4,-6.2456986756515E-16,0.));
#3049=CARTESIAN_POINT('Origin',(7.5,0.,0.));
#3050=CARTESIAN_POINT('',(2.4,-6.2456986756515E-16,2.1));
#3051=CARTESIAN_POINT('',(2.4,-6.2456986756515E-16,0.));
#3052=CARTESIAN_POINT('Origin',(7.5,0.,2.1));
#3053=CARTESIAN_POINT('Origin',(7.5,0.,2.1));
#3054=CARTESIAN_POINT('Origin',(-11.5,12.5,50.));
#3055=CARTESIAN_POINT('',(-12.525,12.5,50.));
#3056=CARTESIAN_POINT('Origin',(-11.5,12.5,50.));
#3057=CARTESIAN_POINT('Origin',(-11.5,12.5,56.));
#3058=CARTESIAN_POINT('',(-12.525,12.5,56.));
#3059=CARTESIAN_POINT('Origin',(11.5,-12.5,50.));
#3060=CARTESIAN_POINT('',(10.475,-12.5,50.));
#3061=CARTESIAN_POINT('Origin',(11.5,-12.5,50.));
#3062=CARTESIAN_POINT('Origin',(11.5,-12.5,56.));
#3063=CARTESIAN_POINT('',(10.475,-12.5,56.));
#3064=CARTESIAN_POINT('Origin',(-11.5,-12.5,50.));
#3065=CARTESIAN_POINT('',(-12.525,-12.5,50.));
#3066=CARTESIAN_POINT('Origin',(-11.5,-12.5,50.));
#3067=CARTESIAN_POINT('Origin',(-11.5,-12.5,56.));
#3068=CARTESIAN_POINT('',(-12.525,-12.5,56.));
#3069=CARTESIAN_POINT('Origin',(11.5,12.5,50.));
#3070=CARTESIAN_POINT('',(10.475,12.5,50.));
#3071=CARTESIAN_POINT('Origin',(11.5,12.5,50.));
#3072=CARTESIAN_POINT('Origin',(11.5,12.5,56.));
#3073=CARTESIAN_POINT('',(10.475,12.5,56.));
#3074=CARTESIAN_POINT('Origin',(-10.8,0.900000000000001,56.));
#3075=CARTESIAN_POINT('Origin',(10.8,-0.900000000000001,56.));
#3076=CARTESIAN_POINT('Origin',(-10.8,13.,56.));
#3077=CARTESIAN_POINT('Origin',(15.,16.,0.));
#3078=CARTESIAN_POINT('',(15.,16.,0.));
#3079=CARTESIAN_POINT('Origin',(-15.,-16.,0.));
#3080=CARTESIAN_POINT('',(-15.,-16.,0.));
#3081=CARTESIAN_POINT('Origin',(0.,0.,0.));
#3082=CARTESIAN_POINT('',(0.,0.,0.));
#3083=CARTESIAN_POINT('Origin',(12.,0.8,5.));
#3084=CARTESIAN_POINT('',(12.,0.8,5.));
#3085=CARTESIAN_POINT('',(-12.,0.8,5.));
#3086=CARTESIAN_POINT('',(12.,0.8,5.));
#3087=CARTESIAN_POINT('',(-12.,0.8,53.));
#3088=CARTESIAN_POINT('',(-12.,0.8,5.));
#3089=CARTESIAN_POINT('',(12.,0.8,53.));
#3090=CARTESIAN_POINT('',(12.,0.8,53.));
#3091=CARTESIAN_POINT('',(12.,0.8,5.));
#3092=CARTESIAN_POINT('Origin',(12.,-0.8,5.));
#3093=CARTESIAN_POINT('',(12.,-0.8,5.));
#3094=CARTESIAN_POINT('',(12.,-0.8,5.));
#3095=CARTESIAN_POINT('',(12.,-0.8,53.));
#3096=CARTESIAN_POINT('',(12.,-0.8,53.));
#3097=CARTESIAN_POINT('',(12.,-0.8,5.));
#3098=CARTESIAN_POINT('Origin',(-12.,-0.8,5.));
#3099=CARTESIAN_POINT('',(-12.,-0.8,5.));
#3100=CARTESIAN_POINT('',(-12.,-0.8,5.));
#3101=CARTESIAN_POINT('',(-12.,-0.8,53.));
#3102=CARTESIAN_POINT('',(-12.,-0.8,53.));
#3103=CARTESIAN_POINT('',(-12.,-0.8,5.));
#3104=CARTESIAN_POINT('Origin',(-12.,0.8,5.));
#3105=CARTESIAN_POINT('',(-12.,0.8,5.));
#3106=CARTESIAN_POINT('',(-12.,0.8,53.));
#3107=CARTESIAN_POINT('Origin',(0.,0.,53.));
#3108=CARTESIAN_POINT('Origin',(0.,0.,5.));
#3109=CARTESIAN_POINT('Origin',(0.,0.,38.));
#3110=CARTESIAN_POINT('',(-7.,-1.2,38.));
#3111=CARTESIAN_POINT('Origin',(0.,-1.2,38.));
#3112=CARTESIAN_POINT('',(-7.,0.,38.));
#3113=CARTESIAN_POINT('',(-7.,0.,38.));
#3114=CARTESIAN_POINT('Origin',(0.,0.,38.));
#3115=CARTESIAN_POINT('Origin',(0.,0.,38.));
#3116=CARTESIAN_POINT('Origin',(0.,-1.2,38.));
#3117=CARTESIAN_POINT('Origin',(7.5,0.,33.));
#3118=CARTESIAN_POINT('',(-7.5,0.,33.));
#3119=CARTESIAN_POINT('',(7.5,0.,33.));
#3120=CARTESIAN_POINT('',(-7.5,0.,33.));
#3121=CARTESIAN_POINT('',(-7.5,-1.5,33.));
#3122=CARTESIAN_POINT('',(-7.5,0.,33.));
#3123=CARTESIAN_POINT('',(7.5,-1.5,33.));
#3124=CARTESIAN_POINT('',(-7.5,-1.5,33.));
#3125=CARTESIAN_POINT('',(7.5,0.,33.));
#3126=CARTESIAN_POINT('Origin',(7.5,0.,13.));
#3127=CARTESIAN_POINT('',(7.5,0.,13.));
#3128=CARTESIAN_POINT('',(7.5,0.,33.));
#3129=CARTESIAN_POINT('',(7.5,-1.5,13.));
#3130=CARTESIAN_POINT('',(7.5,-1.5,33.));
#3131=CARTESIAN_POINT('',(7.5,0.,13.));
#3132=CARTESIAN_POINT('Origin',(-7.5,0.,13.));
#3133=CARTESIAN_POINT('',(-7.5,0.,13.));
#3134=CARTESIAN_POINT('',(7.5,0.,13.));
#3135=CARTESIAN_POINT('',(-7.5,-1.5,13.));
#3136=CARTESIAN_POINT('',(7.5,-1.5,13.));
#3137=CARTESIAN_POINT('',(-7.5,0.,13.));
#3138=CARTESIAN_POINT('Origin',(-7.5,0.,33.));
#3139=CARTESIAN_POINT('',(-7.5,0.,13.));
#3140=CARTESIAN_POINT('',(-7.5,-1.5,13.));
#3141=CARTESIAN_POINT('Origin',(0.,0.,23.));
#3142=CARTESIAN_POINT('Origin',(0.,-1.5,23.));
#3143=CARTESIAN_POINT('Origin',(0.,-1.5,0.));
#3144=CARTESIAN_POINT('',(-2.2,-1.5,8.));
#3145=CARTESIAN_POINT('Origin',(0.,-1.5,8.));
#3146=CARTESIAN_POINT('',(-2.2,-1.5,0.));
#3147=CARTESIAN_POINT('',(-2.2,-1.5,0.));
#3148=CARTESIAN_POINT('Origin',(0.,-1.5,0.));
#3149=CARTESIAN_POINT('Origin',(0.,-1.5,8.));
#3150=CARTESIAN_POINT('Origin',(0.,-1.5,0.));
#3151=CARTESIAN_POINT('',(0.,0.,0.));
#3152=CARTESIAN_POINT('Origin',(-13.,-14.,0.));
#3153=CARTESIAN_POINT('',(-13.,-16.,8.));
#3154=CARTESIAN_POINT('',(-15.,-14.,8.));
#3155=CARTESIAN_POINT('Origin',(-13.,-14.,8.));
#3156=CARTESIAN_POINT('',(-15.,-14.,0.));
#3157=CARTESIAN_POINT('',(-15.,-14.,0.));
#3158=CARTESIAN_POINT('',(-13.,-16.,0.));
#3159=CARTESIAN_POINT('Origin',(-13.,-14.,0.));
#3160=CARTESIAN_POINT('',(-13.,-16.,0.));
#3161=CARTESIAN_POINT('Origin',(-15.,-16.,0.));
#3162=CARTESIAN_POINT('',(13.,-16.,0.));
#3163=CARTESIAN_POINT('',(-15.,-16.,0.));
#3164=CARTESIAN_POINT('',(13.,-16.,8.));
#3165=CARTESIAN_POINT('',(13.,-16.,0.));
#3166=CARTESIAN_POINT('',(-15.,-16.,8.));
#3167=CARTESIAN_POINT('Origin',(0.,0.,0.));
#3168=CARTESIAN_POINT('',(-15.,14.,0.));
#3169=CARTESIAN_POINT('',(-15.,16.,0.));
#3170=CARTESIAN_POINT('',(-13.,16.,0.));
#3171=CARTESIAN_POINT('Origin',(-13.,14.,0.));
#3172=CARTESIAN_POINT('',(13.,16.,0.));
#3173=CARTESIAN_POINT('',(15.,16.,0.));
#3174=CARTESIAN_POINT('',(15.,14.,0.));
#3175=CARTESIAN_POINT('Origin',(13.,14.,0.));
#3176=CARTESIAN_POINT('',(15.,-14.,0.));
#3177=CARTESIAN_POINT('',(15.,-16.,0.));
#3178=CARTESIAN_POINT('Origin',(13.,-14.,0.));
#3179=CARTESIAN_POINT('',(-10.1325205668823,12.8,0.));
#3180=CARTESIAN_POINT('',(-12.9,12.5,0.));
#3181=CARTESIAN_POINT('Origin',(-11.5,12.5,0.));
#3182=CARTESIAN_POINT('',(-10.6,11.4276194705236,0.));
#3183=CARTESIAN_POINT('Origin',(-11.5,12.5,0.));
#3184=CARTESIAN_POINT('',(-10.6,-11.4276194705236,0.));
#3185=CARTESIAN_POINT('',(-10.6,-6.4,0.));
#3186=CARTESIAN_POINT('',(-12.9,-12.5,0.));
#3187=CARTESIAN_POINT('Origin',(-11.5,-12.5,0.));
#3188=CARTESIAN_POINT('',(-10.1325205668823,-12.8,0.));
#3189=CARTESIAN_POINT('Origin',(-11.5,-12.5,0.));
#3190=CARTESIAN_POINT('',(10.1325205668823,-12.8,0.));
#3191=CARTESIAN_POINT('',(5.3,-12.8,0.));
#3192=CARTESIAN_POINT('',(10.6,-11.4276194705236,0.));
#3193=CARTESIAN_POINT('Origin',(11.5,-12.5,0.));
#3194=CARTESIAN_POINT('',(10.6,11.4276194705236,0.));
#3195=CARTESIAN_POINT('',(10.6,6.4,0.));
#3196=CARTESIAN_POINT('',(10.1325205668823,12.8,0.));
#3197=CARTESIAN_POINT('Origin',(11.5,12.5,0.));
#3198=CARTESIAN_POINT('',(-5.3,12.8,0.));
#3199=CARTESIAN_POINT('Origin',(13.,-14.,0.));
#3200=CARTESIAN_POINT('',(15.,-14.,8.));
#3201=CARTESIAN_POINT('Origin',(13.,-14.,8.));
#3202=CARTESIAN_POINT('',(15.,-14.,0.));
#3203=CARTESIAN_POINT('Origin',(15.,-16.,0.));
#3204=CARTESIAN_POINT('',(15.,14.,8.));
#3205=CARTESIAN_POINT('',(15.,14.,0.));
#3206=CARTESIAN_POINT('',(15.,-16.,8.));
#3207=CARTESIAN_POINT('Origin',(13.,14.,0.));
#3208=CARTESIAN_POINT('',(13.,16.,8.));
#3209=CARTESIAN_POINT('Origin',(13.,14.,8.));
#3210=CARTESIAN_POINT('',(13.,16.,0.));
#3211=CARTESIAN_POINT('Origin',(15.,16.,0.));
#3212=CARTESIAN_POINT('',(-13.,16.,8.));
#3213=CARTESIAN_POINT('',(-13.,16.,0.));
#3214=CARTESIAN_POINT('',(15.,16.,8.));
#3215=CARTESIAN_POINT('Origin',(-13.,14.,0.));
#3216=CARTESIAN_POINT('',(-15.,14.,8.));
#3217=CARTESIAN_POINT('Origin',(-13.,14.,8.));
#3218=CARTESIAN_POINT('',(-15.,14.,0.));
#3219=CARTESIAN_POINT('Origin',(-15.,16.,0.));
#3220=CARTESIAN_POINT('',(-15.,16.,8.));
#3221=CARTESIAN_POINT('Origin',(-11.5,12.5,0.));
#3222=CARTESIAN_POINT('Origin',(-11.5,12.5,0.));
#3223=CARTESIAN_POINT('',(-12.9,12.5,8.));
#3224=CARTESIAN_POINT('',(-12.9,12.5,0.));
#3225=CARTESIAN_POINT('Origin',(-11.5,12.5,8.));
#3226=CARTESIAN_POINT('Origin',(-11.5,12.5,0.));
#3227=CARTESIAN_POINT('',(-10.6,12.8,0.));
#3228=CARTESIAN_POINT('',(-5.3,12.8,0.));
#3229=CARTESIAN_POINT('',(-10.6,-6.4,0.));
#3230=CARTESIAN_POINT('Origin',(11.5,-12.5,0.));
#3231=CARTESIAN_POINT('',(10.6,-12.8,0.));
#3232=CARTESIAN_POINT('',(10.6,6.4,0.));
#3233=CARTESIAN_POINT('',(10.1,-12.5,0.));
#3234=CARTESIAN_POINT('Origin',(11.5,-12.5,0.));
#3235=CARTESIAN_POINT('Origin',(11.5,-12.5,0.));
#3236=CARTESIAN_POINT('',(5.3,-12.8,0.));
#3237=CARTESIAN_POINT('Origin',(11.5,-12.5,0.));
#3238=CARTESIAN_POINT('',(10.1,-12.5,8.));
#3239=CARTESIAN_POINT('',(10.1,-12.5,0.));
#3240=CARTESIAN_POINT('Origin',(11.5,-12.5,8.));
#3241=CARTESIAN_POINT('Origin',(-11.5,-12.5,0.));
#3242=CARTESIAN_POINT('Origin',(-11.5,-12.5,0.));
#3243=CARTESIAN_POINT('',(-12.9,-12.5,8.));
#3244=CARTESIAN_POINT('',(-12.9,-12.5,0.));
#3245=CARTESIAN_POINT('Origin',(-11.5,-12.5,8.));
#3246=CARTESIAN_POINT('Origin',(-11.5,-12.5,0.));
#3247=CARTESIAN_POINT('',(-10.6,-12.8,0.));
#3248=CARTESIAN_POINT('',(-10.6,-6.4,0.));
#3249=CARTESIAN_POINT('',(5.3,-12.8,0.));
#3250=CARTESIAN_POINT('Origin',(0.,0.,0.));
#3251=CARTESIAN_POINT('',(-8.1,-9.91963907309356E-16,0.));
#3252=CARTESIAN_POINT('Origin',(0.,0.,0.));
#3253=CARTESIAN_POINT('',(-8.1,-9.91963907309356E-16,8.));
#3254=CARTESIAN_POINT('',(-8.1,-9.91963907309356E-16,0.));
#3255=CARTESIAN_POINT('Origin',(0.,0.,8.));
#3256=CARTESIAN_POINT('Origin',(0.,0.,0.));
#3257=CARTESIAN_POINT('Origin',(11.5,12.5,0.));
#3258=CARTESIAN_POINT('',(10.6,12.8,0.));
#3259=CARTESIAN_POINT('',(-5.3,12.8,0.));
#3260=CARTESIAN_POINT('',(10.1,12.5,0.));
#3261=CARTESIAN_POINT('Origin',(11.5,12.5,0.));
#3262=CARTESIAN_POINT('Origin',(11.5,12.5,0.));
#3263=CARTESIAN_POINT('',(10.6,6.4,0.));
#3264=CARTESIAN_POINT('Origin',(11.5,12.5,0.));
#3265=CARTESIAN_POINT('',(10.1,12.5,8.));
#3266=CARTESIAN_POINT('',(10.1,12.5,0.));
#3267=CARTESIAN_POINT('Origin',(11.5,12.5,8.));
#3268=CARTESIAN_POINT('Origin',(10.6,-12.8,0.));
#3269=CARTESIAN_POINT('',(-10.6,-12.8,-2.));
#3270=CARTESIAN_POINT('',(-10.6,-12.8,0.));
#3271=CARTESIAN_POINT('',(10.6,-12.8,-2.));
#3272=CARTESIAN_POINT('',(-10.6,-12.8,-2.));
#3273=CARTESIAN_POINT('',(10.6,-12.8,0.));
#3274=CARTESIAN_POINT('Origin',(10.6,12.8,0.));
#3275=CARTESIAN_POINT('',(10.6,12.8,-2.));
#3276=CARTESIAN_POINT('',(10.6,-12.8,-2.));
#3277=CARTESIAN_POINT('',(10.6,12.8,0.));
#3278=CARTESIAN_POINT('Origin',(-10.6,12.8,0.));
#3279=CARTESIAN_POINT('',(-10.6,12.8,-2.));
#3280=CARTESIAN_POINT('',(10.6,12.8,-2.));
#3281=CARTESIAN_POINT('',(-10.6,12.8,0.));
#3282=CARTESIAN_POINT('Origin',(-10.6,-12.8,0.));
#3283=CARTESIAN_POINT('',(-10.6,12.8,-2.));
#3284=CARTESIAN_POINT('Origin',(0.,0.,-2.));
#3285=CARTESIAN_POINT('Origin',(0.,0.,8.));
#3286=CARTESIAN_POINT('',(0.,0.,0.));
#3287=CARTESIAN_POINT('Origin',(0.,0.,15.));
#3288=CARTESIAN_POINT('',(-9.,-1.10218211923262E-15,30.));
#3289=CARTESIAN_POINT('Origin',(0.,0.,30.));
#3290=CARTESIAN_POINT('',(-9.,-1.10218211923262E-15,15.));
#3291=CARTESIAN_POINT('',(-9.,-1.10218211923262E-15,15.));
#3292=CARTESIAN_POINT('Origin',(0.,0.,15.));
#3293=CARTESIAN_POINT('Origin',(0.,0.,30.));
#3294=CARTESIAN_POINT('Origin',(0.,0.,12.));
#3295=CARTESIAN_POINT('',(-9.5,-1.16341445918999E-15,12.));
#3296=CARTESIAN_POINT('Origin',(0.,0.,12.));
#3297=CARTESIAN_POINT('',(-8.,-9.79717439317883E-16,12.));
#3298=CARTESIAN_POINT('Origin',(0.,0.,12.));
#3299=CARTESIAN_POINT('Origin',(0.,0.,12.));
#3300=CARTESIAN_POINT('',(-9.5,-1.16341445918999E-15,15.));
#3301=CARTESIAN_POINT('Origin',(0.,0.,15.));
#3302=CARTESIAN_POINT('',(-9.5,-1.16341445918999E-15,12.));
#3303=CARTESIAN_POINT('Origin',(0.,0.,15.));
#3304=CARTESIAN_POINT('Origin',(0.,0.,0.));
#3305=CARTESIAN_POINT('',(-8.,-9.79717439317883E-16,0.));
#3306=CARTESIAN_POINT('',(-8.,-9.79717439317883E-16,0.));
#3307=CARTESIAN_POINT('Origin',(0.,0.,0.));
#3308=CARTESIAN_POINT('Origin',(0.,0.,0.));
#3309=CARTESIAN_POINT('Origin',(-8.26636589424463E-16,-4.5,0.));
#3310=CARTESIAN_POINT('',(-0.600000000000001,-4.5,-4.));
#3311=CARTESIAN_POINT('Origin',(-8.26636589424463E-16,-4.5,-4.));
#3312=CARTESIAN_POINT('',(-0.600000000000001,-4.5,0.));
#3313=CARTESIAN_POINT('',(-0.600000000000001,-4.5,0.));
#3314=CARTESIAN_POINT('Origin',(-8.26636589424463E-16,-4.5,0.));
#3315=CARTESIAN_POINT('Origin',(-8.32667268468867E-16,-4.5,0.));
#3316=CARTESIAN_POINT('Origin',(-8.32667268468867E-16,-4.5,-4.));
#3317=CARTESIAN_POINT('Origin',(-4.5,5.51091059616309E-16,0.));
#3318=CARTESIAN_POINT('',(-5.1,4.77612251667468E-16,-4.));
#3319=CARTESIAN_POINT('Origin',(-4.5,5.51091059616309E-16,-4.));
#3320=CARTESIAN_POINT('',(-5.1,4.77612251667468E-16,0.));
#3321=CARTESIAN_POINT('',(-5.1,6.2456986756515E-16,0.));
#3322=CARTESIAN_POINT('Origin',(-4.5,5.51091059616309E-16,0.));
#3323=CARTESIAN_POINT('Origin',(-4.5,5.55111512312578E-16,0.));
#3324=CARTESIAN_POINT('Origin',(-4.5,5.55111512312578E-16,-4.));
#3325=CARTESIAN_POINT('Origin',(-3.18,3.18,0.));
#3326=CARTESIAN_POINT('',(-3.78,3.18,-4.));
#3327=CARTESIAN_POINT('Origin',(-3.18,3.18,-4.));
#3328=CARTESIAN_POINT('',(-3.78,3.18,0.));
#3329=CARTESIAN_POINT('',(-3.78,3.18,0.));
#3330=CARTESIAN_POINT('Origin',(-3.18,3.18,0.));
#3331=CARTESIAN_POINT('Origin',(-3.18,3.18,0.));
#3332=CARTESIAN_POINT('Origin',(-3.18,3.18,-4.));
#3333=CARTESIAN_POINT('Origin',(3.18,3.18,0.));
#3334=CARTESIAN_POINT('',(2.58,3.18,-4.));
#3335=CARTESIAN_POINT('Origin',(3.18,3.18,-4.));
#3336=CARTESIAN_POINT('',(2.58,3.18,0.));
#3337=CARTESIAN_POINT('',(2.58,3.18,0.));
#3338=CARTESIAN_POINT('Origin',(3.18,3.18,0.));
#3339=CARTESIAN_POINT('Origin',(3.18,3.18,0.));
#3340=CARTESIAN_POINT('Origin',(3.18,3.18,-4.));
#3341=CARTESIAN_POINT('Origin',(2.75545529808154E-16,4.5,0.));
#3342=CARTESIAN_POINT('',(-0.6,4.5,-4.));
#3343=CARTESIAN_POINT('Origin',(2.75545529808154E-16,4.5,-4.));
#3344=CARTESIAN_POINT('',(-0.6,4.5,0.));
#3345=CARTESIAN_POINT('',(-0.6,4.5,0.));
#3346=CARTESIAN_POINT('Origin',(2.75545529808154E-16,4.5,0.));
#3347=CARTESIAN_POINT('Origin',(2.77555756156289E-16,4.5,0.));
#3348=CARTESIAN_POINT('Origin',(2.77555756156289E-16,4.5,-4.));
#3349=CARTESIAN_POINT('Origin',(4.5,0.,0.));
#3350=CARTESIAN_POINT('',(3.9,-7.34788079488412E-17,-4.));
#3351=CARTESIAN_POINT('Origin',(4.5,0.,-4.));
#3352=CARTESIAN_POINT('',(3.9,-7.34788079488412E-17,0.));
#3353=CARTESIAN_POINT('',(3.9,7.34788079488412E-17,0.));
#3354=CARTESIAN_POINT('Origin',(4.5,0.,0.));
#3355=CARTESIAN_POINT('Origin',(4.5,0.,0.));
#3356=CARTESIAN_POINT('Origin',(4.5,0.,-4.));
#3357=CARTESIAN_POINT('Origin',(-3.18,-3.18,0.));
#3358=CARTESIAN_POINT('',(-3.78,-3.18,-4.));
#3359=CARTESIAN_POINT('Origin',(-3.18,-3.18,-4.));
#3360=CARTESIAN_POINT('',(-3.78,-3.18,0.));
#3361=CARTESIAN_POINT('',(-3.78,-3.18,0.));
#3362=CARTESIAN_POINT('Origin',(-3.18,-3.18,0.));
#3363=CARTESIAN_POINT('Origin',(-3.18,-3.18,0.));
#3364=CARTESIAN_POINT('Origin',(-3.18,-3.18,-4.));
#3365=CARTESIAN_POINT('Origin',(3.18,-3.18,0.));
#3366=CARTESIAN_POINT('',(2.58,-3.18,-4.));
#3367=CARTESIAN_POINT('Origin',(3.18,-3.18,-4.));
#3368=CARTESIAN_POINT('',(2.58,-3.18,0.));
#3369=CARTESIAN_POINT('',(2.58,-3.18,0.));
#3370=CARTESIAN_POINT('Origin',(3.18,-3.18,0.));
#3371=CARTESIAN_POINT('Origin',(3.18,-3.18,0.));
#3372=CARTESIAN_POINT('Origin',(3.18,-3.18,-4.));
#3373=CARTESIAN_POINT('',(0.,0.,0.));
#3374=CARTESIAN_POINT('Origin',(0.,0.,2.5));
#3375=CARTESIAN_POINT('',(-1.,-1.22464679914735E-16,2.5));
#3376=CARTESIAN_POINT('Origin',(0.,0.,2.5));
#3377=CARTESIAN_POINT('',(-1.,-1.22464679914735E-16,1.));
#3378=CARTESIAN_POINT('',(-1.,1.22464679914735E-16,2.5));
#3379=CARTESIAN_POINT('Origin',(0.,0.,1.));
#3380=CARTESIAN_POINT('Origin',(0.,0.,1.));
#3381=CARTESIAN_POINT('Origin',(0.,0.,0.));
#3382=CARTESIAN_POINT('',(-1.25,-1.53080849893419E-16,-10.));
#3383=CARTESIAN_POINT('Origin',(0.,0.,-10.));
#3384=CARTESIAN_POINT('',(-1.25,-1.53080849893419E-16,0.));
#3385=CARTESIAN_POINT('',(-1.25,1.53080849893419E-16,0.));
#3386=CARTESIAN_POINT('Origin',(0.,0.,0.));
#3387=CARTESIAN_POINT('Origin',(0.,0.,-10.));
#3388=CARTESIAN_POINT('Origin',(0.,0.,0.));
#3389=CARTESIAN_POINT('',(-2.25,-2.75545529808154E-16,2.5));
#3390=CARTESIAN_POINT('Origin',(0.,0.,2.5));
#3391=CARTESIAN_POINT('',(-2.25,-2.75545529808154E-16,0.));
#3392=CARTESIAN_POINT('',(-2.25,-2.75545529808154E-16,0.));
#3393=CARTESIAN_POINT('Origin',(0.,0.,0.));
#3394=CARTESIAN_POINT('Origin',(0.,0.,2.5));
#3395=CARTESIAN_POINT('Origin',(0.,0.,0.));
#3396=CARTESIAN_POINT('',(0.,0.,0.));
#3397=CARTESIAN_POINT('Origin',(0.,0.,0.15));
#3398=CARTESIAN_POINT('',(-5.,6.12323399573677E-16,0.3));
#3399=CARTESIAN_POINT('Origin',(0.,0.,0.3));
#3400=CARTESIAN_POINT('',(-4.7,-5.75583995599256E-16,0.));
#3401=CARTESIAN_POINT('',(-4.85,-5.93953697586466E-16,0.15));
#3402=CARTESIAN_POINT('Origin',(0.,0.,0.));
#3403=CARTESIAN_POINT('Origin',(0.,0.,0.));
#3404=CARTESIAN_POINT('',(-5.,-6.12323399573677E-16,1.7));
#3405=CARTESIAN_POINT('Origin',(0.,0.,1.7));
#3406=CARTESIAN_POINT('',(-5.,-6.12323399573677E-16,0.));
#3407=CARTESIAN_POINT('Origin',(0.,0.,0.));
#3408=CARTESIAN_POINT('Origin',(0.,0.,1.85));
#3409=CARTESIAN_POINT('',(-4.7,5.75583995599256E-16,2.));
#3410=CARTESIAN_POINT('Origin',(0.,0.,2.));
#3411=CARTESIAN_POINT('',(-4.85,-5.93953697586466E-16,1.85));
#3412=CARTESIAN_POINT('Origin',(0.,0.,2.));
#3413=CARTESIAN_POINT('',(0.,0.,0.));
#3414=CARTESIAN_POINT('',(0.,0.,0.));
#3415=CARTESIAN_POINT('',(0.,0.,56.));
#3416=CARTESIAN_POINT('',(0.,0.,56.));
#3417=CARTESIAN_POINT('',(-11.5,-12.5,64.));
#3418=CARTESIAN_POINT('',(11.5,-12.5,64.));
#3419=CARTESIAN_POINT('',(-11.5,12.5,64.));
#3420=CARTESIAN_POINT('',(11.5,12.5,64.));
#3421=CARTESIAN_POINT('',(-7.5,0.,0.));
#3422=CARTESIAN_POINT('',(7.5,0.,0.));
#3423=UNCERTAINTY_MEASURE_WITH_UNIT(LENGTH_MEASURE(0.01),#3439,
'DISTANCE_ACCURACY_VALUE',
'Maximum model space distance between geometric entities at asserted c
onnectivities');
#3424=UNCERTAINTY_MEASURE_WITH_UNIT(LENGTH_MEASURE(0.01),#3439,
'DISTANCE_ACCURACY_VALUE',
'Maximum model space distance between geometric entities at asserted c
onnectivities');
#3425=UNCERTAINTY_MEASURE_WITH_UNIT(LENGTH_MEASURE(0.01),#3439,
'DISTANCE_ACCURACY_VALUE',
'Maximum model space distance between geometric entities at asserted c
onnectivities');
#3426=UNCERTAINTY_MEASURE_WITH_UNIT(LENGTH_MEASURE(0.01),#3439,
'DISTANCE_ACCURACY_VALUE',
'Maximum model space distance between geometric entities at asserted c
onnectivities');
#3427=UNCERTAINTY_MEASURE_WITH_UNIT(LENGTH_MEASURE(0.01),#3439,
'DISTANCE_ACCURACY_VALUE',
'Maximum model space distance between geometric entities at asserted c
onnectivities');
#3428=UNCERTAINTY_MEASURE_WITH_UNIT(LENGTH_MEASURE(0.01),#3439,
'DISTANCE_ACCURACY_VALUE',
'Maximum model space distance between geometric entities at asserted c
onnectivities');
#3429=UNCERTAINTY_MEASURE_WITH_UNIT(LENGTH_MEASURE(0.01),#3439,
'DISTANCE_ACCURACY_VALUE',
'Maximum model space distance between geometric entities at asserted c
onnectivities');
#3430=UNCERTAINTY_MEASURE_WITH_UNIT(LENGTH_MEASURE(0.01),#3439,
'DISTANCE_ACCURACY_VALUE',
'Maximum model space distance between geometric entities at asserted c
onnectivities');
#3431=(
GEOMETRIC_REPRESENTATION_CONTEXT(3)
GLOBAL_UNCERTAINTY_ASSIGNED_CONTEXT((#3423))
GLOBAL_UNIT_ASSIGNED_CONTEXT((#3439,#3441,#3442))
REPRESENTATION_CONTEXT('','3D')
);
#3432=(
GEOMETRIC_REPRESENTATION_CONTEXT(3)
GLOBAL_UNCERTAINTY_ASSIGNED_CONTEXT((#3424))
GLOBAL_UNIT_ASSIGNED_CONTEXT((#3439,#3441,#3442))
REPRESENTATION_CONTEXT('','3D')
);
#3433=(
GEOMETRIC_REPRESENTATION_CONTEXT(3)
GLOBAL_UNCERTAINTY_ASSIGNED_CONTEXT((#3425))
GLOBAL_UNIT_ASSIGNED_CONTEXT((#3439,#3441,#3442))
REPRESENTATION_CONTEXT('','3D')
);
#3434=(
GEOMETRIC_REPRESENTATION_CONTEXT(3)
GLOBAL_UNCERTAINTY_ASSIGNED_CONTEXT((#3426))
GLOBAL_UNIT_ASSIGNED_CONTEXT((#3439,#3441,#3442))
REPRESENTATION_CONTEXT('','3D')
);
#3435=(
GEOMETRIC_REPRESENTATION_CONTEXT(3)
GLOBAL_UNCERTAINTY_ASSIGNED_CONTEXT((#3427))
GLOBAL_UNIT_ASSIGNED_CONTEXT((#3439,#3441,#3442))
REPRESENTATION_CONTEXT('','3D')
);
#3436=(
GEOMETRIC_REPRESENTATION_CONTEXT(3)
GLOBAL_UNCERTAINTY_ASSIGNED_CONTEXT((#3428))
GLOBAL_UNIT_ASSIGNED_CONTEXT((#3439,#3441,#3442))
REPRESENTATION_CONTEXT('','3D')
);
#3437=(
GEOMETRIC_REPRESENTATION_CONTEXT(3)
GLOBAL_UNCERTAINTY_ASSIGNED_CONTEXT((#3429))
GLOBAL_UNIT_ASSIGNED_CONTEXT((#3439,#3441,#3442))
REPRESENTATION_CONTEXT('','3D')
);
#3438=(
GEOMETRIC_REPRESENTATION_CONTEXT(3)
GLOBAL_UNCERTAINTY_ASSIGNED_CONTEXT((#3430))
GLOBAL_UNIT_ASSIGNED_CONTEXT((#3439,#3441,#3442))
REPRESENTATION_CONTEXT('','3D')
);
#3439=(
LENGTH_UNIT()
NAMED_UNIT(*)
SI_UNIT(.MILLI.,.METRE.)
);
#3440=(
LENGTH_UNIT()
NAMED_UNIT(*)
SI_UNIT($,.METRE.)
);
#3441=(
NAMED_UNIT(*)
PLANE_ANGLE_UNIT()
SI_UNIT($,.RADIAN.)
);
#3442=(
NAMED_UNIT(*)
SI_UNIT($,.STERADIAN.)
SOLID_ANGLE_UNIT()
);
#3443=SHAPE_DEFINITION_REPRESENTATION(#3450,#3467);
#3444=SHAPE_DEFINITION_REPRESENTATION(#3451,#3468);
#3445=SHAPE_DEFINITION_REPRESENTATION(#3452,#3469);
#3446=SHAPE_DEFINITION_REPRESENTATION(#3453,#3470);
#3447=SHAPE_DEFINITION_REPRESENTATION(#3454,#3471);
#3448=SHAPE_DEFINITION_REPRESENTATION(#3455,#3472);
#3449=SHAPE_DEFINITION_REPRESENTATION(#3456,#3473);
#3450=PRODUCT_DEFINITION_SHAPE('',$,#3475);
#3451=PRODUCT_DEFINITION_SHAPE('',$,#3476);
#3452=PRODUCT_DEFINITION_SHAPE('',$,#3477);
#3453=PRODUCT_DEFINITION_SHAPE('',$,#3478);
#3454=PRODUCT_DEFINITION_SHAPE('',$,#3479);
#3455=PRODUCT_DEFINITION_SHAPE('',$,#3480);
#3456=PRODUCT_DEFINITION_SHAPE('',$,#3481);
#3457=PRODUCT_DEFINITION_SHAPE($,$,#41);
#3458=PRODUCT_DEFINITION_SHAPE($,$,#42);
#3459=PRODUCT_DEFINITION_SHAPE($,$,#43);
#3460=PRODUCT_DEFINITION_SHAPE($,$,#44);
#3461=PRODUCT_DEFINITION_SHAPE($,$,#45);
#3462=PRODUCT_DEFINITION_SHAPE($,$,#46);
#3463=PRODUCT_DEFINITION_SHAPE($,$,#47);
#3464=PRODUCT_DEFINITION_SHAPE($,$,#48);
#3465=PRODUCT_DEFINITION_SHAPE($,$,#49);
#3466=PRODUCT_DEFINITION_SHAPE($,$,#50);
#3467=SHAPE_REPRESENTATION('',(#1993,#2233,#2234,#2235,#2236,#2237,#2238,
#2239,#2240,#2241,#2242),#3431);
#3468=SHAPE_REPRESENTATION('',(#1994),#3432);
#3469=SHAPE_REPRESENTATION('',(#2080),#3433);
#3470=SHAPE_REPRESENTATION('',(#2103),#3434);
#3471=SHAPE_REPRESENTATION('',(#2155),#3435);
#3472=SHAPE_REPRESENTATION('',(#2209),#3436);
#3473=SHAPE_REPRESENTATION('',(#2223),#3437);
#3474=PRODUCT_DEFINITION_CONTEXT('part definition',#3497,'design');
#3475=PRODUCT_DEFINITION('amemiya_probe_tower_assembly',
'amemiya_probe_tower_assembly v1',#3482,#3474);
#3476=PRODUCT_DEFINITION('01_Gabinete_Corpo_Torre',
'01_Gabinete_Corpo_Torre v1',#3483,#3474);
#3477=PRODUCT_DEFINITION('02_Placa_PCB_Torre_Com_Sensores',
'02_Placa_PCB_Torre_Com_Sensores v1',#3484,#3474);
#3478=PRODUCT_DEFINITION('03_Tampa_Superior_Torre_GX16',
'03_Tampa_Superior_Torre_GX16 v1',#3485,#3474);
#3479=PRODUCT_DEFINITION('04_Conector_Industrial_GX16_8Vias',
'04_Conector_Industrial_GX16_8Vias v1',#3486,#3474);
#3480=PRODUCT_DEFINITION('05_Parafuso_M25_Allen',
'05_Parafuso_M25_Allen v1',#3487,#3474);
#3481=PRODUCT_DEFINITION('06_Ima_Neodimio_10x2',
'06_Ima_Neodimio_10x2 v1',#3488,#3474);
#3482=PRODUCT_DEFINITION_FORMATION('',$,#3499);
#3483=PRODUCT_DEFINITION_FORMATION('',$,#3500);
#3484=PRODUCT_DEFINITION_FORMATION('',$,#3501);
#3485=PRODUCT_DEFINITION_FORMATION('',$,#3502);
#3486=PRODUCT_DEFINITION_FORMATION('',$,#3503);
#3487=PRODUCT_DEFINITION_FORMATION('',$,#3504);
#3488=PRODUCT_DEFINITION_FORMATION('',$,#3505);
#3489=PRODUCT_RELATED_PRODUCT_CATEGORY(
'amemiya_probe_tower_assembly v1','amemiya_probe_tower_assembly v1',(#3499));
#3490=PRODUCT_RELATED_PRODUCT_CATEGORY('01_Gabinete_Corpo_Torre v1',
'01_Gabinete_Corpo_Torre v1',(#3500));
#3491=PRODUCT_RELATED_PRODUCT_CATEGORY(
'02_Placa_PCB_Torre_Com_Sensores v1',
'02_Placa_PCB_Torre_Com_Sensores v1',(#3501));
#3492=PRODUCT_RELATED_PRODUCT_CATEGORY(
'03_Tampa_Superior_Torre_GX16 v1','03_Tampa_Superior_Torre_GX16 v1',(#3502));
#3493=PRODUCT_RELATED_PRODUCT_CATEGORY(
'04_Conector_Industrial_GX16_8Vias v1',
'04_Conector_Industrial_GX16_8Vias v1',(#3503));
#3494=PRODUCT_RELATED_PRODUCT_CATEGORY('05_Parafuso_M25_Allen v1',
'05_Parafuso_M25_Allen v1',(#3504));
#3495=PRODUCT_RELATED_PRODUCT_CATEGORY('06_Ima_Neodimio_10x2 v1',
'06_Ima_Neodimio_10x2 v1',(#3505));
#3496=APPLICATION_PROTOCOL_DEFINITION('international standard',
'automotive_design',2009,#3497);
#3497=APPLICATION_CONTEXT(
'Core Data for Automotive Mechanical Design Process');
#3498=PRODUCT_CONTEXT('part definition',#3497,'mechanical');
#3499=PRODUCT('amemiya_probe_tower_assembly',
'amemiya_probe_tower_assembly v1',$,(#3498));
#3500=PRODUCT('01_Gabinete_Corpo_Torre','01_Gabinete_Corpo_Torre v1',$,
(#3498));
#3501=PRODUCT('02_Placa_PCB_Torre_Com_Sensores',
'02_Placa_PCB_Torre_Com_Sensores v1',$,(#3498));
#3502=PRODUCT('03_Tampa_Superior_Torre_GX16',
'03_Tampa_Superior_Torre_GX16 v1',$,(#3498));
#3503=PRODUCT('04_Conector_Industrial_GX16_8Vias',
'04_Conector_Industrial_GX16_8Vias v1',$,(#3498));
#3504=PRODUCT('05_Parafuso_M25_Allen','05_Parafuso_M25_Allen v1',$,(#3498));
#3505=PRODUCT('06_Ima_Neodimio_10x2','06_Ima_Neodimio_10x2 v1',$,(#3498));
#3506=PRESENTATION_STYLE_ASSIGNMENT((#3515));
#3507=PRESENTATION_STYLE_ASSIGNMENT((#3516));
#3508=PRESENTATION_STYLE_ASSIGNMENT((#3517));
#3509=PRESENTATION_STYLE_ASSIGNMENT((#3518));
#3510=PRESENTATION_STYLE_ASSIGNMENT((#3519));
#3511=PRESENTATION_STYLE_ASSIGNMENT((#3520));
#3512=PRESENTATION_STYLE_ASSIGNMENT((#3521));
#3513=PRESENTATION_STYLE_ASSIGNMENT((#3522));
#3514=PRESENTATION_STYLE_ASSIGNMENT((#3523));
#3515=SURFACE_STYLE_USAGE(.BOTH.,#3524);
#3516=SURFACE_STYLE_USAGE(.BOTH.,#3525);
#3517=SURFACE_STYLE_USAGE(.BOTH.,#3526);
#3518=SURFACE_STYLE_USAGE(.BOTH.,#3527);
#3519=SURFACE_STYLE_USAGE(.BOTH.,#3528);
#3520=SURFACE_STYLE_USAGE(.BOTH.,#3529);
#3521=SURFACE_STYLE_USAGE(.BOTH.,#3530);
#3522=SURFACE_STYLE_USAGE(.BOTH.,#3531);
#3523=SURFACE_STYLE_USAGE(.BOTH.,#3532);
#3524=SURFACE_SIDE_STYLE('',(#3533));
#3525=SURFACE_SIDE_STYLE('',(#3534));
#3526=SURFACE_SIDE_STYLE('',(#3535));
#3527=SURFACE_SIDE_STYLE('',(#3536));
#3528=SURFACE_SIDE_STYLE('',(#3537));
#3529=SURFACE_SIDE_STYLE('',(#3538));
#3530=SURFACE_SIDE_STYLE('',(#3539));
#3531=SURFACE_SIDE_STYLE('',(#3540));
#3532=SURFACE_SIDE_STYLE('',(#3541));
#3533=SURFACE_STYLE_FILL_AREA(#3542);
#3534=SURFACE_STYLE_FILL_AREA(#3543);
#3535=SURFACE_STYLE_FILL_AREA(#3544);
#3536=SURFACE_STYLE_FILL_AREA(#3545);
#3537=SURFACE_STYLE_FILL_AREA(#3546);
#3538=SURFACE_STYLE_FILL_AREA(#3547);
#3539=SURFACE_STYLE_FILL_AREA(#3548);
#3540=SURFACE_STYLE_FILL_AREA(#3549);
#3541=SURFACE_STYLE_FILL_AREA(#3550);
#3542=FILL_AREA_STYLE('A\X\E7o - Acetinado',(#3551));
#3543=FILL_AREA_STYLE('Alum_Anodized',(#3552));
#3544=FILL_AREA_STYLE('PCB_Green',(#3553));
#3545=FILL_AREA_STYLE('IC_Black',(#3554));
#3546=FILL_AREA_STYLE('ADXL_Blue',(#3555));
#3547=FILL_AREA_STYLE('Steel_Inox',(#3556));
#3548=FILL_AREA_STYLE('Nickel_Satin',(#3557));
#3549=FILL_AREA_STYLE('Dourada',(#3558));
#3550=FILL_AREA_STYLE('N\X\EDquel',(#3559));
#3551=FILL_AREA_STYLE_COLOUR('A\X\E7o - Acetinado',#3560);
#3552=FILL_AREA_STYLE_COLOUR('Alum_Anodized',#3561);
#3553=FILL_AREA_STYLE_COLOUR('PCB_Green',#3562);
#3554=FILL_AREA_STYLE_COLOUR('IC_Black',#3563);
#3555=FILL_AREA_STYLE_COLOUR('ADXL_Blue',#3564);
#3556=FILL_AREA_STYLE_COLOUR('Steel_Inox',#3565);
#3557=FILL_AREA_STYLE_COLOUR('Nickel_Satin',#3566);
#3558=FILL_AREA_STYLE_COLOUR('Dourada',#3567);
#3559=FILL_AREA_STYLE_COLOUR('N\X\EDquel',#3568);
#3560=COLOUR_RGB('A\X\E7o - Acetinado',0.627450980392157,0.627450980392157,
0.627450980392157);
#3561=COLOUR_RGB('Alum_Anodized',0.537254901960784,0.537254901960784,0.537254901960784);
#3562=COLOUR_RGB('PCB_Green',0.266666666666667,0.588235294117647,0.282352941176471);
#3563=COLOUR_RGB('IC_Black',0.0980392156862745,0.0980392156862745,0.0980392156862745);
#3564=COLOUR_RGB('ADXL_Blue',0.349019607843137,0.584313725490196,0.854901960784314);
#3565=COLOUR_RGB('Steel_Inox',0.796078431372549,0.796078431372549,0.796078431372549);
#3566=COLOUR_RGB('Nickel_Satin',0.819607843137255,0.8,0.752941176470588);
#3567=COLOUR_RGB('Dourada',0.956862745098039,0.898039215686275,0.654901960784314);
#3568=COLOUR_RGB('N\X\EDquel',0.819607843137255,0.8,0.752941176470588);
ENDSEC;
END-ISO-10303-21;
