ISO-10303-21;
HEADER;
FILE_DESCRIPTION(('FreeCAD Model'),'2;1');
FILE_NAME('Open CASCADE Shape Model','2026-09-15T13:00:56',('FreeCAD'),(
    'FreeCAD'),'Open CASCADE STEP processor 7.8','FreeCAD','Unknown');
FILE_SCHEMA(('AUTOMOTIVE_DESIGN { 1 0 10303 214 1 1 1 1 }'));
ENDSEC;
DATA;
#1 = APPLICATION_PROTOCOL_DEFINITION('international standard',
  'automotive_design',2000,#2);
#2 = APPLICATION_CONTEXT(
  'core data for automotive mechanical design processes');
#3 = SHAPE_DEFINITION_REPRESENTATION(#4,#10);
#4 = PRODUCT_DEFINITION_SHAPE('','',#5);
#5 = PRODUCT_DEFINITION('design','',#6,#9);
#6 = PRODUCT_DEFINITION_FORMATION('','',#7);
#7 = PRODUCT('Open CASCADE STEP translator 7.8 1',
  'Open CASCADE STEP translator 7.8 1','',(#8));
#8 = PRODUCT_CONTEXT('',#2,'mechanical');
#9 = PRODUCT_DEFINITION_CONTEXT('part definition',#2,'design');
#10 = SHAPE_REPRESENTATION('',(#11,#15,#1492,#1545,#2722,#2775,#2828,
    #2881,#2934,#2987,#3040,#3093,#3146,#3199,#3388,#3441,#3494,#3547,
    #3664,#3847,#3997,#4147,#4297,#4447,#4597,#4747,#4930,#4983),#5036);
#11 = AXIS2_PLACEMENT_3D('',#12,#13,#14);
#12 = CARTESIAN_POINT('',(0.,0.,0.));
#13 = DIRECTION('',(0.,0.,1.));
#14 = DIRECTION('',(1.,0.,-0.));
#15 = MANIFOLD_SOLID_BREP('',#16);
#16 = CLOSED_SHELL('',(#17,#68,#99,#157,#197,#237,#262,#274,#305,#329,
    #353,#370,#446,#470,#539,#556,#576,#666,#678,#700,#717,#734,#751,
    #763,#788,#813,#838,#863,#894,#950,#974,#1002,#1027,#1047,#1056,
    #1065,#1074,#1127,#1166,#1190,#1222,#1247,#1256,#1281,#1298,#1329,
    #1353,#1377,#1394,#1411,#1423,#1443,#1463,#1475));
#17 = ADVANCED_FACE('',(#18,#52),#63,.F.);
#18 = FACE_BOUND('',#19,.F.);
#19 = EDGE_LOOP('',(#20,#30,#38,#46));
#20 = ORIENTED_EDGE('',*,*,#21,.F.);
#21 = EDGE_CURVE('',#22,#24,#26,.T.);
#22 = VERTEX_POINT('',#23);
#23 = CARTESIAN_POINT('',(-18.,-10.5,0.));
#24 = VERTEX_POINT('',#25);
#25 = CARTESIAN_POINT('',(-18.,-10.5,12.));
#26 = LINE('',#27,#28);
#27 = CARTESIAN_POINT('',(-18.,-10.5,0.));
#28 = VECTOR('',#29,1.);
#29 = DIRECTION('',(0.,0.,1.));
#30 = ORIENTED_EDGE('',*,*,#31,.T.);
#31 = EDGE_CURVE('',#22,#32,#34,.T.);
#32 = VERTEX_POINT('',#33);
#33 = CARTESIAN_POINT('',(-18.,10.5,0.));
#34 = LINE('',#35,#36);
#35 = CARTESIAN_POINT('',(-18.,-10.5,0.));
#36 = VECTOR('',#37,1.);
#37 = DIRECTION('',(0.,1.,0.));
#38 = ORIENTED_EDGE('',*,*,#39,.T.);
#39 = EDGE_CURVE('',#32,#40,#42,.T.);
#40 = VERTEX_POINT('',#41);
#41 = CARTESIAN_POINT('',(-18.,10.5,12.));
#42 = LINE('',#43,#44);
#43 = CARTESIAN_POINT('',(-18.,10.5,0.));
#44 = VECTOR('',#45,1.);
#45 = DIRECTION('',(0.,0.,1.));
#46 = ORIENTED_EDGE('',*,*,#47,.F.);
#47 = EDGE_CURVE('',#24,#40,#48,.T.);
#48 = LINE('',#49,#50);
#49 = CARTESIAN_POINT('',(-18.,-10.5,12.));
#50 = VECTOR('',#51,1.);
#51 = DIRECTION('',(0.,1.,0.));
#52 = FACE_BOUND('',#53,.F.);
#53 = EDGE_LOOP('',(#54));
#54 = ORIENTED_EDGE('',*,*,#55,.F.);
#55 = EDGE_CURVE('',#56,#56,#58,.T.);
#56 = VERTEX_POINT('',#57);
#57 = CARTESIAN_POINT('',(-18.,5.510910596163E-16,8.25));
#58 = CIRCLE('',#59,2.25);
#59 = AXIS2_PLACEMENT_3D('',#60,#61,#62);
#60 = CARTESIAN_POINT('',(-18.,0.,6.));
#61 = DIRECTION('',(1.,0.,-0.));
#62 = DIRECTION('',(0.,0.,1.));
#63 = PLANE('',#64);
#64 = AXIS2_PLACEMENT_3D('',#65,#66,#67);
#65 = CARTESIAN_POINT('',(-18.,-10.5,0.));
#66 = DIRECTION('',(1.,0.,0.));
#67 = DIRECTION('',(0.,0.,1.));
#68 = ADVANCED_FACE('',(#69),#94,.F.);
#69 = FACE_BOUND('',#70,.F.);
#70 = EDGE_LOOP('',(#71,#79,#80,#88));
#71 = ORIENTED_EDGE('',*,*,#72,.F.);
#72 = EDGE_CURVE('',#22,#73,#75,.T.);
#73 = VERTEX_POINT('',#74);
#74 = CARTESIAN_POINT('',(21.2,-10.5,0.));
#75 = LINE('',#76,#77);
#76 = CARTESIAN_POINT('',(-18.,-10.5,0.));
#77 = VECTOR('',#78,1.);
#78 = DIRECTION('',(1.,0.,0.));
#79 = ORIENTED_EDGE('',*,*,#21,.T.);
#80 = ORIENTED_EDGE('',*,*,#81,.T.);
#81 = EDGE_CURVE('',#24,#82,#84,.T.);
#82 = VERTEX_POINT('',#83);
#83 = CARTESIAN_POINT('',(21.2,-10.5,12.));
#84 = LINE('',#85,#86);
#85 = CARTESIAN_POINT('',(-18.,-10.5,12.));
#86 = VECTOR('',#87,1.);
#87 = DIRECTION('',(1.,0.,0.));
#88 = ORIENTED_EDGE('',*,*,#89,.F.);
#89 = EDGE_CURVE('',#73,#82,#90,.T.);
#90 = LINE('',#91,#92);
#91 = CARTESIAN_POINT('',(21.2,-10.5,0.));
#92 = VECTOR('',#93,1.);
#93 = DIRECTION('',(0.,0.,1.));
#94 = PLANE('',#95);
#95 = AXIS2_PLACEMENT_3D('',#96,#97,#98);
#96 = CARTESIAN_POINT('',(-18.,-10.5,0.));
#97 = DIRECTION('',(0.,1.,0.));
#98 = DIRECTION('',(0.,0.,1.));
#99 = ADVANCED_FACE('',(#100,#118),#152,.T.);
#100 = FACE_BOUND('',#101,.T.);
#101 = EDGE_LOOP('',(#102,#103,#104,#112));
#102 = ORIENTED_EDGE('',*,*,#47,.F.);
#103 = ORIENTED_EDGE('',*,*,#81,.T.);
#104 = ORIENTED_EDGE('',*,*,#105,.T.);
#105 = EDGE_CURVE('',#82,#106,#108,.T.);
#106 = VERTEX_POINT('',#107);
#107 = CARTESIAN_POINT('',(21.2,10.5,12.));
#108 = LINE('',#109,#110);
#109 = CARTESIAN_POINT('',(21.2,-10.5,12.));
#110 = VECTOR('',#111,1.);
#111 = DIRECTION('',(0.,1.,0.));
#112 = ORIENTED_EDGE('',*,*,#113,.F.);
#113 = EDGE_CURVE('',#40,#106,#114,.T.);
#114 = LINE('',#115,#116);
#115 = CARTESIAN_POINT('',(-18.,10.5,12.));
#116 = VECTOR('',#117,1.);
#117 = DIRECTION('',(1.,0.,0.));
#118 = FACE_BOUND('',#119,.T.);
#119 = EDGE_LOOP('',(#120,#130,#138,#146));
#120 = ORIENTED_EDGE('',*,*,#121,.F.);
#121 = EDGE_CURVE('',#122,#124,#126,.T.);
#122 = VERTEX_POINT('',#123);
#123 = CARTESIAN_POINT('',(-16.5,-9.,12.));
#124 = VERTEX_POINT('',#125);
#125 = CARTESIAN_POINT('',(19.7,-9.,12.));
#126 = LINE('',#127,#128);
#127 = CARTESIAN_POINT('',(-16.5,-9.,12.));
#128 = VECTOR('',#129,1.);
#129 = DIRECTION('',(1.,0.,0.));
#130 = ORIENTED_EDGE('',*,*,#131,.T.);
#131 = EDGE_CURVE('',#122,#132,#134,.T.);
#132 = VERTEX_POINT('',#133);
#133 = CARTESIAN_POINT('',(-16.5,9.,12.));
#134 = LINE('',#135,#136);
#135 = CARTESIAN_POINT('',(-16.5,-9.,12.));
#136 = VECTOR('',#137,1.);
#137 = DIRECTION('',(0.,1.,0.));
#138 = ORIENTED_EDGE('',*,*,#139,.T.);
#139 = EDGE_CURVE('',#132,#140,#142,.T.);
#140 = VERTEX_POINT('',#141);
#141 = CARTESIAN_POINT('',(19.7,9.,12.));
#142 = LINE('',#143,#144);
#143 = CARTESIAN_POINT('',(-16.5,9.,12.));
#144 = VECTOR('',#145,1.);
#145 = DIRECTION('',(1.,0.,0.));
#146 = ORIENTED_EDGE('',*,*,#147,.F.);
#147 = EDGE_CURVE('',#124,#140,#148,.T.);
#148 = LINE('',#149,#150);
#149 = CARTESIAN_POINT('',(19.7,-9.,12.));
#150 = VECTOR('',#151,1.);
#151 = DIRECTION('',(0.,1.,0.));
#152 = PLANE('',#153);
#153 = AXIS2_PLACEMENT_3D('',#154,#155,#156);
#154 = CARTESIAN_POINT('',(-18.,-10.5,12.));
#155 = DIRECTION('',(0.,0.,1.));
#156 = DIRECTION('',(1.,0.,0.));
#157 = ADVANCED_FACE('',(#158),#192,.F.);
#158 = FACE_BOUND('',#159,.F.);
#159 = EDGE_LOOP('',(#160,#161,#162,#170,#178,#186));
#160 = ORIENTED_EDGE('',*,*,#31,.F.);
#161 = ORIENTED_EDGE('',*,*,#72,.T.);
#162 = ORIENTED_EDGE('',*,*,#163,.T.);
#163 = EDGE_CURVE('',#73,#164,#166,.T.);
#164 = VERTEX_POINT('',#165);
#165 = CARTESIAN_POINT('',(21.2,10.5,0.));
#166 = LINE('',#167,#168);
#167 = CARTESIAN_POINT('',(21.2,-10.5,0.));
#168 = VECTOR('',#169,1.);
#169 = DIRECTION('',(0.,1.,0.));
#170 = ORIENTED_EDGE('',*,*,#171,.F.);
#171 = EDGE_CURVE('',#172,#164,#174,.T.);
#172 = VERTEX_POINT('',#173);
#173 = CARTESIAN_POINT('',(14.,10.5,0.));
#174 = LINE('',#175,#176);
#175 = CARTESIAN_POINT('',(-18.,10.5,0.));
#176 = VECTOR('',#177,1.);
#177 = DIRECTION('',(1.,0.,0.));
#178 = ORIENTED_EDGE('',*,*,#179,.F.);
#179 = EDGE_CURVE('',#180,#172,#182,.T.);
#180 = VERTEX_POINT('',#181);
#181 = CARTESIAN_POINT('',(-8.,10.5,0.));
#182 = LINE('',#183,#184);
#183 = CARTESIAN_POINT('',(-18.,10.5,0.));
#184 = VECTOR('',#185,1.);
#185 = DIRECTION('',(1.,0.,0.));
#186 = ORIENTED_EDGE('',*,*,#187,.F.);
#187 = EDGE_CURVE('',#32,#180,#188,.T.);
#188 = LINE('',#189,#190);
#189 = CARTESIAN_POINT('',(-18.,10.5,0.));
#190 = VECTOR('',#191,1.);
#191 = DIRECTION('',(1.,0.,0.));
#192 = PLANE('',#193);
#193 = AXIS2_PLACEMENT_3D('',#194,#195,#196);
#194 = CARTESIAN_POINT('',(-18.,-10.5,0.));
#195 = DIRECTION('',(0.,0.,1.));
#196 = DIRECTION('',(1.,0.,0.));
#197 = ADVANCED_FACE('',(#198),#232,.T.);
#198 = FACE_BOUND('',#199,.T.);
#199 = EDGE_LOOP('',(#200,#201,#202,#203,#209,#210,#218,#226));
#200 = ORIENTED_EDGE('',*,*,#187,.F.);
#201 = ORIENTED_EDGE('',*,*,#39,.T.);
#202 = ORIENTED_EDGE('',*,*,#113,.T.);
#203 = ORIENTED_EDGE('',*,*,#204,.F.);
#204 = EDGE_CURVE('',#164,#106,#205,.T.);
#205 = LINE('',#206,#207);
#206 = CARTESIAN_POINT('',(21.2,10.5,0.));
#207 = VECTOR('',#208,1.);
#208 = DIRECTION('',(0.,0.,1.));
#209 = ORIENTED_EDGE('',*,*,#171,.F.);
#210 = ORIENTED_EDGE('',*,*,#211,.T.);
#211 = EDGE_CURVE('',#172,#212,#214,.T.);
#212 = VERTEX_POINT('',#213);
#213 = CARTESIAN_POINT('',(14.,10.5,4.5));
#214 = LINE('',#215,#216);
#215 = CARTESIAN_POINT('',(14.,10.5,0.));
#216 = VECTOR('',#217,1.);
#217 = DIRECTION('',(0.,0.,1.));
#218 = ORIENTED_EDGE('',*,*,#219,.F.);
#219 = EDGE_CURVE('',#220,#212,#222,.T.);
#220 = VERTEX_POINT('',#221);
#221 = CARTESIAN_POINT('',(-8.,10.5,4.5));
#222 = LINE('',#223,#224);
#223 = CARTESIAN_POINT('',(-8.,10.5,4.5));
#224 = VECTOR('',#225,1.);
#225 = DIRECTION('',(1.,0.,0.));
#226 = ORIENTED_EDGE('',*,*,#227,.F.);
#227 = EDGE_CURVE('',#180,#220,#228,.T.);
#228 = LINE('',#229,#230);
#229 = CARTESIAN_POINT('',(-8.,10.5,0.));
#230 = VECTOR('',#231,1.);
#231 = DIRECTION('',(0.,0.,1.));
#232 = PLANE('',#233);
#233 = AXIS2_PLACEMENT_3D('',#234,#235,#236);
#234 = CARTESIAN_POINT('',(-18.,10.5,0.));
#235 = DIRECTION('',(0.,1.,0.));
#236 = DIRECTION('',(0.,0.,1.));
#237 = ADVANCED_FACE('',(#238),#257,.F.);
#238 = FACE_BOUND('',#239,.F.);
#239 = EDGE_LOOP('',(#240,#249,#255,#256));
#240 = ORIENTED_EDGE('',*,*,#241,.F.);
#241 = EDGE_CURVE('',#242,#242,#244,.T.);
#242 = VERTEX_POINT('',#243);
#243 = CARTESIAN_POINT('',(-14.,5.510910596163E-16,8.25));
#244 = CIRCLE('',#245,2.25);
#245 = AXIS2_PLACEMENT_3D('',#246,#247,#248);
#246 = CARTESIAN_POINT('',(-14.,0.,6.));
#247 = DIRECTION('',(1.,0.,-0.));
#248 = DIRECTION('',(0.,0.,1.));
#249 = ORIENTED_EDGE('',*,*,#250,.F.);
#250 = EDGE_CURVE('',#56,#242,#251,.T.);
#251 = LINE('',#252,#253);
#252 = CARTESIAN_POINT('',(-19.,5.510910596163E-16,8.25));
#253 = VECTOR('',#254,1.);
#254 = DIRECTION('',(1.,0.,0.));
#255 = ORIENTED_EDGE('',*,*,#55,.T.);
#256 = ORIENTED_EDGE('',*,*,#250,.T.);
#257 = CYLINDRICAL_SURFACE('',#258,2.25);
#258 = AXIS2_PLACEMENT_3D('',#259,#260,#261);
#259 = CARTESIAN_POINT('',(-19.,0.,6.));
#260 = DIRECTION('',(1.,0.,0.));
#261 = DIRECTION('',(0.,0.,1.));
#262 = ADVANCED_FACE('',(#263),#269,.T.);
#263 = FACE_BOUND('',#264,.T.);
#264 = EDGE_LOOP('',(#265,#266,#267,#268));
#265 = ORIENTED_EDGE('',*,*,#89,.F.);
#266 = ORIENTED_EDGE('',*,*,#163,.T.);
#267 = ORIENTED_EDGE('',*,*,#204,.T.);
#268 = ORIENTED_EDGE('',*,*,#105,.F.);
#269 = PLANE('',#270);
#270 = AXIS2_PLACEMENT_3D('',#271,#272,#273);
#271 = CARTESIAN_POINT('',(21.2,-10.5,0.));
#272 = DIRECTION('',(1.,0.,0.));
#273 = DIRECTION('',(0.,0.,1.));
#274 = ADVANCED_FACE('',(#275),#300,.T.);
#275 = FACE_BOUND('',#276,.T.);
#276 = EDGE_LOOP('',(#277,#287,#293,#294));
#277 = ORIENTED_EDGE('',*,*,#278,.F.);
#278 = EDGE_CURVE('',#279,#281,#283,.T.);
#279 = VERTEX_POINT('',#280);
#280 = CARTESIAN_POINT('',(-16.5,-9.,10.8));
#281 = VERTEX_POINT('',#282);
#282 = CARTESIAN_POINT('',(19.7,-9.,10.8));
#283 = LINE('',#284,#285);
#284 = CARTESIAN_POINT('',(-16.5,-9.,10.8));
#285 = VECTOR('',#286,1.);
#286 = DIRECTION('',(1.,0.,0.));
#287 = ORIENTED_EDGE('',*,*,#288,.T.);
#288 = EDGE_CURVE('',#279,#122,#289,.T.);
#289 = LINE('',#290,#291);
#290 = CARTESIAN_POINT('',(-16.5,-9.,10.8));
#291 = VECTOR('',#292,1.);
#292 = DIRECTION('',(0.,0.,1.));
#293 = ORIENTED_EDGE('',*,*,#121,.T.);
#294 = ORIENTED_EDGE('',*,*,#295,.F.);
#295 = EDGE_CURVE('',#281,#124,#296,.T.);
#296 = LINE('',#297,#298);
#297 = CARTESIAN_POINT('',(19.7,-9.,10.8));
#298 = VECTOR('',#299,1.);
#299 = DIRECTION('',(0.,0.,1.));
#300 = PLANE('',#301);
#301 = AXIS2_PLACEMENT_3D('',#302,#303,#304);
#302 = CARTESIAN_POINT('',(-16.5,-9.,10.8));
#303 = DIRECTION('',(0.,1.,0.));
#304 = DIRECTION('',(0.,0.,1.));
#305 = ADVANCED_FACE('',(#306),#324,.F.);
#306 = FACE_BOUND('',#307,.F.);
#307 = EDGE_LOOP('',(#308,#309,#317,#323));
#308 = ORIENTED_EDGE('',*,*,#295,.F.);
#309 = ORIENTED_EDGE('',*,*,#310,.T.);
#310 = EDGE_CURVE('',#281,#311,#313,.T.);
#311 = VERTEX_POINT('',#312);
#312 = CARTESIAN_POINT('',(19.7,9.,10.8));
#313 = LINE('',#314,#315);
#314 = CARTESIAN_POINT('',(19.7,-9.,10.8));
#315 = VECTOR('',#316,1.);
#316 = DIRECTION('',(0.,1.,0.));
#317 = ORIENTED_EDGE('',*,*,#318,.T.);
#318 = EDGE_CURVE('',#311,#140,#319,.T.);
#319 = LINE('',#320,#321);
#320 = CARTESIAN_POINT('',(19.7,9.,10.8));
#321 = VECTOR('',#322,1.);
#322 = DIRECTION('',(0.,0.,1.));
#323 = ORIENTED_EDGE('',*,*,#147,.F.);
#324 = PLANE('',#325);
#325 = AXIS2_PLACEMENT_3D('',#326,#327,#328);
#326 = CARTESIAN_POINT('',(19.7,-9.,10.8));
#327 = DIRECTION('',(1.,0.,0.));
#328 = DIRECTION('',(0.,0.,1.));
#329 = ADVANCED_FACE('',(#330),#348,.F.);
#330 = FACE_BOUND('',#331,.F.);
#331 = EDGE_LOOP('',(#332,#340,#346,#347));
#332 = ORIENTED_EDGE('',*,*,#333,.F.);
#333 = EDGE_CURVE('',#334,#311,#336,.T.);
#334 = VERTEX_POINT('',#335);
#335 = CARTESIAN_POINT('',(-16.5,9.,10.8));
#336 = LINE('',#337,#338);
#337 = CARTESIAN_POINT('',(-16.5,9.,10.8));
#338 = VECTOR('',#339,1.);
#339 = DIRECTION('',(1.,0.,0.));
#340 = ORIENTED_EDGE('',*,*,#341,.T.);
#341 = EDGE_CURVE('',#334,#132,#342,.T.);
#342 = LINE('',#343,#344);
#343 = CARTESIAN_POINT('',(-16.5,9.,10.8));
#344 = VECTOR('',#345,1.);
#345 = DIRECTION('',(0.,0.,1.));
#346 = ORIENTED_EDGE('',*,*,#139,.T.);
#347 = ORIENTED_EDGE('',*,*,#318,.F.);
#348 = PLANE('',#349);
#349 = AXIS2_PLACEMENT_3D('',#350,#351,#352);
#350 = CARTESIAN_POINT('',(-16.5,9.,10.8));
#351 = DIRECTION('',(0.,1.,0.));
#352 = DIRECTION('',(0.,0.,1.));
#353 = ADVANCED_FACE('',(#354),#365,.T.);
#354 = FACE_BOUND('',#355,.T.);
#355 = EDGE_LOOP('',(#356,#357,#363,#364));
#356 = ORIENTED_EDGE('',*,*,#288,.F.);
#357 = ORIENTED_EDGE('',*,*,#358,.T.);
#358 = EDGE_CURVE('',#279,#334,#359,.T.);
#359 = LINE('',#360,#361);
#360 = CARTESIAN_POINT('',(-16.5,-9.,10.8));
#361 = VECTOR('',#362,1.);
#362 = DIRECTION('',(0.,1.,0.));
#363 = ORIENTED_EDGE('',*,*,#341,.T.);
#364 = ORIENTED_EDGE('',*,*,#131,.F.);
#365 = PLANE('',#366);
#366 = AXIS2_PLACEMENT_3D('',#367,#368,#369);
#367 = CARTESIAN_POINT('',(-16.5,-9.,10.8));
#368 = DIRECTION('',(1.,0.,0.));
#369 = DIRECTION('',(0.,0.,1.));
#370 = ADVANCED_FACE('',(#371,#396),#441,.F.);
#371 = FACE_BOUND('',#372,.F.);
#372 = EDGE_LOOP('',(#373,#381,#382,#390));
#373 = ORIENTED_EDGE('',*,*,#374,.F.);
#374 = EDGE_CURVE('',#180,#375,#377,.T.);
#375 = VERTEX_POINT('',#376);
#376 = CARTESIAN_POINT('',(-8.,20.,0.));
#377 = LINE('',#378,#379);
#378 = CARTESIAN_POINT('',(-8.,10.5,0.));
#379 = VECTOR('',#380,1.);
#380 = DIRECTION('',(0.,1.,0.));
#381 = ORIENTED_EDGE('',*,*,#179,.T.);
#382 = ORIENTED_EDGE('',*,*,#383,.T.);
#383 = EDGE_CURVE('',#172,#384,#386,.T.);
#384 = VERTEX_POINT('',#385);
#385 = CARTESIAN_POINT('',(14.,20.,0.));
#386 = LINE('',#387,#388);
#387 = CARTESIAN_POINT('',(14.,10.5,0.));
#388 = VECTOR('',#389,1.);
#389 = DIRECTION('',(0.,1.,0.));
#390 = ORIENTED_EDGE('',*,*,#391,.F.);
#391 = EDGE_CURVE('',#375,#384,#392,.T.);
#392 = LINE('',#393,#394);
#393 = CARTESIAN_POINT('',(-8.,20.,0.));
#394 = VECTOR('',#395,1.);
#395 = DIRECTION('',(1.,0.,0.));
#396 = FACE_BOUND('',#397,.F.);
#397 = EDGE_LOOP('',(#398,#408,#417,#426,#434));
#398 = ORIENTED_EDGE('',*,*,#399,.F.);
#399 = EDGE_CURVE('',#400,#402,#404,.T.);
#400 = VERTEX_POINT('',#401);
#401 = CARTESIAN_POINT('',(7.,17.,0.));
#402 = VERTEX_POINT('',#403);
#403 = CARTESIAN_POINT('',(-1.,17.,0.));
#404 = LINE('',#405,#406);
#405 = CARTESIAN_POINT('',(-4.5,17.,0.));
#406 = VECTOR('',#407,1.);
#407 = DIRECTION('',(-1.,0.,0.));
#408 = ORIENTED_EDGE('',*,*,#409,.F.);
#409 = EDGE_CURVE('',#410,#400,#412,.T.);
#410 = VERTEX_POINT('',#411);
#411 = CARTESIAN_POINT('',(8.75,15.25,0.));
#412 = CIRCLE('',#413,1.75);
#413 = AXIS2_PLACEMENT_3D('',#414,#415,#416);
#414 = CARTESIAN_POINT('',(7.,15.25,0.));
#415 = DIRECTION('',(0.,0.,1.));
#416 = DIRECTION('',(1.,0.,0.));
#417 = ORIENTED_EDGE('',*,*,#418,.F.);
#418 = EDGE_CURVE('',#419,#410,#421,.T.);
#419 = VERTEX_POINT('',#420);
#420 = CARTESIAN_POINT('',(7.,13.5,0.));
#421 = CIRCLE('',#422,1.75);
#422 = AXIS2_PLACEMENT_3D('',#423,#424,#425);
#423 = CARTESIAN_POINT('',(7.,15.25,0.));
#424 = DIRECTION('',(0.,0.,1.));
#425 = DIRECTION('',(1.,0.,0.));
#426 = ORIENTED_EDGE('',*,*,#427,.T.);
#427 = EDGE_CURVE('',#419,#428,#430,.T.);
#428 = VERTEX_POINT('',#429);
#429 = CARTESIAN_POINT('',(-1.,13.5,0.));
#430 = LINE('',#431,#432);
#431 = CARTESIAN_POINT('',(-4.5,13.5,0.));
#432 = VECTOR('',#433,1.);
#433 = DIRECTION('',(-1.,0.,0.));
#434 = ORIENTED_EDGE('',*,*,#435,.F.);
#435 = EDGE_CURVE('',#402,#428,#436,.T.);
#436 = CIRCLE('',#437,1.75);
#437 = AXIS2_PLACEMENT_3D('',#438,#439,#440);
#438 = CARTESIAN_POINT('',(-1.,15.25,0.));
#439 = DIRECTION('',(0.,0.,1.));
#440 = DIRECTION('',(1.,0.,0.));
#441 = PLANE('',#442);
#442 = AXIS2_PLACEMENT_3D('',#443,#444,#445);
#443 = CARTESIAN_POINT('',(-8.,10.5,0.));
#444 = DIRECTION('',(0.,0.,1.));
#445 = DIRECTION('',(1.,0.,0.));
#446 = ADVANCED_FACE('',(#447),#465,.F.);
#447 = FACE_BOUND('',#448,.F.);
#448 = EDGE_LOOP('',(#449,#450,#451,#459));
#449 = ORIENTED_EDGE('',*,*,#227,.F.);
#450 = ORIENTED_EDGE('',*,*,#374,.T.);
#451 = ORIENTED_EDGE('',*,*,#452,.T.);
#452 = EDGE_CURVE('',#375,#453,#455,.T.);
#453 = VERTEX_POINT('',#454);
#454 = CARTESIAN_POINT('',(-8.,20.,4.5));
#455 = LINE('',#456,#457);
#456 = CARTESIAN_POINT('',(-8.,20.,0.));
#457 = VECTOR('',#458,1.);
#458 = DIRECTION('',(0.,0.,1.));
#459 = ORIENTED_EDGE('',*,*,#460,.F.);
#460 = EDGE_CURVE('',#220,#453,#461,.T.);
#461 = LINE('',#462,#463);
#462 = CARTESIAN_POINT('',(-8.,10.5,4.5));
#463 = VECTOR('',#464,1.);
#464 = DIRECTION('',(0.,1.,0.));
#465 = PLANE('',#466);
#466 = AXIS2_PLACEMENT_3D('',#467,#468,#469);
#467 = CARTESIAN_POINT('',(-8.,10.5,0.));
#468 = DIRECTION('',(1.,0.,0.));
#469 = DIRECTION('',(0.,0.,1.));
#470 = ADVANCED_FACE('',(#471,#489),#534,.T.);
#471 = FACE_BOUND('',#472,.T.);
#472 = EDGE_LOOP('',(#473,#474,#475,#483));
#473 = ORIENTED_EDGE('',*,*,#460,.F.);
#474 = ORIENTED_EDGE('',*,*,#219,.T.);
#475 = ORIENTED_EDGE('',*,*,#476,.T.);
#476 = EDGE_CURVE('',#212,#477,#479,.T.);
#477 = VERTEX_POINT('',#478);
#478 = CARTESIAN_POINT('',(14.,20.,4.5));
#479 = LINE('',#480,#481);
#480 = CARTESIAN_POINT('',(14.,10.5,4.5));
#481 = VECTOR('',#482,1.);
#482 = DIRECTION('',(0.,1.,0.));
#483 = ORIENTED_EDGE('',*,*,#484,.F.);
#484 = EDGE_CURVE('',#453,#477,#485,.T.);
#485 = LINE('',#486,#487);
#486 = CARTESIAN_POINT('',(-8.,20.,4.5));
#487 = VECTOR('',#488,1.);
#488 = DIRECTION('',(1.,0.,0.));
#489 = FACE_BOUND('',#490,.T.);
#490 = EDGE_LOOP('',(#491,#501,#510,#519,#527));
#491 = ORIENTED_EDGE('',*,*,#492,.F.);
#492 = EDGE_CURVE('',#493,#495,#497,.T.);
#493 = VERTEX_POINT('',#494);
#494 = CARTESIAN_POINT('',(7.,17.,4.5));
#495 = VERTEX_POINT('',#496);
#496 = CARTESIAN_POINT('',(-1.,17.,4.5));
#497 = LINE('',#498,#499);
#498 = CARTESIAN_POINT('',(-4.5,17.,4.5));
#499 = VECTOR('',#500,1.);
#500 = DIRECTION('',(-1.,0.,0.));
#501 = ORIENTED_EDGE('',*,*,#502,.F.);
#502 = EDGE_CURVE('',#503,#493,#505,.T.);
#503 = VERTEX_POINT('',#504);
#504 = CARTESIAN_POINT('',(8.75,15.25,4.5));
#505 = CIRCLE('',#506,1.75);
#506 = AXIS2_PLACEMENT_3D('',#507,#508,#509);
#507 = CARTESIAN_POINT('',(7.,15.25,4.5));
#508 = DIRECTION('',(0.,0.,1.));
#509 = DIRECTION('',(1.,0.,0.));
#510 = ORIENTED_EDGE('',*,*,#511,.F.);
#511 = EDGE_CURVE('',#512,#503,#514,.T.);
#512 = VERTEX_POINT('',#513);
#513 = CARTESIAN_POINT('',(7.,13.5,4.5));
#514 = CIRCLE('',#515,1.75);
#515 = AXIS2_PLACEMENT_3D('',#516,#517,#518);
#516 = CARTESIAN_POINT('',(7.,15.25,4.5));
#517 = DIRECTION('',(0.,0.,1.));
#518 = DIRECTION('',(1.,0.,0.));
#519 = ORIENTED_EDGE('',*,*,#520,.T.);
#520 = EDGE_CURVE('',#512,#521,#523,.T.);
#521 = VERTEX_POINT('',#522);
#522 = CARTESIAN_POINT('',(-1.,13.5,4.5));
#523 = LINE('',#524,#525);
#524 = CARTESIAN_POINT('',(-4.5,13.5,4.5));
#525 = VECTOR('',#526,1.);
#526 = DIRECTION('',(-1.,0.,0.));
#527 = ORIENTED_EDGE('',*,*,#528,.F.);
#528 = EDGE_CURVE('',#495,#521,#529,.T.);
#529 = CIRCLE('',#530,1.75);
#530 = AXIS2_PLACEMENT_3D('',#531,#532,#533);
#531 = CARTESIAN_POINT('',(-1.,15.25,4.5));
#532 = DIRECTION('',(0.,0.,1.));
#533 = DIRECTION('',(1.,0.,0.));
#534 = PLANE('',#535);
#535 = AXIS2_PLACEMENT_3D('',#536,#537,#538);
#536 = CARTESIAN_POINT('',(-8.,10.5,4.5));
#537 = DIRECTION('',(0.,0.,1.));
#538 = DIRECTION('',(1.,0.,0.));
#539 = ADVANCED_FACE('',(#540),#551,.T.);
#540 = FACE_BOUND('',#541,.T.);
#541 = EDGE_LOOP('',(#542,#543,#544,#550));
#542 = ORIENTED_EDGE('',*,*,#211,.F.);
#543 = ORIENTED_EDGE('',*,*,#383,.T.);
#544 = ORIENTED_EDGE('',*,*,#545,.T.);
#545 = EDGE_CURVE('',#384,#477,#546,.T.);
#546 = LINE('',#547,#548);
#547 = CARTESIAN_POINT('',(14.,20.,0.));
#548 = VECTOR('',#549,1.);
#549 = DIRECTION('',(0.,0.,1.));
#550 = ORIENTED_EDGE('',*,*,#476,.F.);
#551 = PLANE('',#552);
#552 = AXIS2_PLACEMENT_3D('',#553,#554,#555);
#553 = CARTESIAN_POINT('',(14.,10.5,0.));
#554 = DIRECTION('',(1.,0.,0.));
#555 = DIRECTION('',(0.,0.,1.));
#556 = ADVANCED_FACE('',(#557,#568),#571,.T.);
#557 = FACE_BOUND('',#558,.T.);
#558 = EDGE_LOOP('',(#559));
#559 = ORIENTED_EDGE('',*,*,#560,.T.);
#560 = EDGE_CURVE('',#561,#561,#563,.T.);
#561 = VERTEX_POINT('',#562);
#562 = CARTESIAN_POINT('',(-14.,6.368163355566E-16,8.6));
#563 = CIRCLE('',#564,2.6);
#564 = AXIS2_PLACEMENT_3D('',#565,#566,#567);
#565 = CARTESIAN_POINT('',(-14.,0.,6.));
#566 = DIRECTION('',(1.,0.,-0.));
#567 = DIRECTION('',(0.,0.,1.));
#568 = FACE_BOUND('',#569,.T.);
#569 = EDGE_LOOP('',(#570));
#570 = ORIENTED_EDGE('',*,*,#241,.F.);
#571 = PLANE('',#572);
#572 = AXIS2_PLACEMENT_3D('',#573,#574,#575);
#573 = CARTESIAN_POINT('',(-14.,0.,6.));
#574 = DIRECTION('',(1.,0.,0.));
#575 = DIRECTION('',(0.,0.,1.));
#576 = ADVANCED_FACE('',(#577,#583,#594,#605,#616,#650),#661,.T.);
#577 = FACE_BOUND('',#578,.T.);
#578 = EDGE_LOOP('',(#579,#580,#581,#582));
#579 = ORIENTED_EDGE('',*,*,#358,.F.);
#580 = ORIENTED_EDGE('',*,*,#278,.T.);
#581 = ORIENTED_EDGE('',*,*,#310,.T.);
#582 = ORIENTED_EDGE('',*,*,#333,.F.);
#583 = FACE_BOUND('',#584,.T.);
#584 = EDGE_LOOP('',(#585));
#585 = ORIENTED_EDGE('',*,*,#586,.F.);
#586 = EDGE_CURVE('',#587,#587,#589,.T.);
#587 = VERTEX_POINT('',#588);
#588 = CARTESIAN_POINT('',(-13.85,-7.5,10.8));
#589 = CIRCLE('',#590,1.15);
#590 = AXIS2_PLACEMENT_3D('',#591,#592,#593);
#591 = CARTESIAN_POINT('',(-15.,-7.5,10.8));
#592 = DIRECTION('',(0.,0.,1.));
#593 = DIRECTION('',(1.,0.,0.));
#594 = FACE_BOUND('',#595,.T.);
#595 = EDGE_LOOP('',(#596));
#596 = ORIENTED_EDGE('',*,*,#597,.F.);
#597 = EDGE_CURVE('',#598,#598,#600,.T.);
#598 = VERTEX_POINT('',#599);
#599 = CARTESIAN_POINT('',(19.15,-7.5,10.8));
#600 = CIRCLE('',#601,1.15);
#601 = AXIS2_PLACEMENT_3D('',#602,#603,#604);
#602 = CARTESIAN_POINT('',(18.,-7.5,10.8));
#603 = DIRECTION('',(0.,0.,1.));
#604 = DIRECTION('',(1.,0.,0.));
#605 = FACE_BOUND('',#606,.T.);
#606 = EDGE_LOOP('',(#607));
#607 = ORIENTED_EDGE('',*,*,#608,.F.);
#608 = EDGE_CURVE('',#609,#609,#611,.T.);
#609 = VERTEX_POINT('',#610);
#610 = CARTESIAN_POINT('',(-13.85,7.5,10.8));
#611 = CIRCLE('',#612,1.15);
#612 = AXIS2_PLACEMENT_3D('',#613,#614,#615);
#613 = CARTESIAN_POINT('',(-15.,7.5,10.8));
#614 = DIRECTION('',(0.,0.,1.));
#615 = DIRECTION('',(1.,0.,0.));
#616 = FACE_BOUND('',#617,.T.);
#617 = EDGE_LOOP('',(#618,#628,#636,#644));
#618 = ORIENTED_EDGE('',*,*,#619,.F.);
#619 = EDGE_CURVE('',#620,#622,#624,.T.);
#620 = VERTEX_POINT('',#621);
#621 = CARTESIAN_POINT('',(-4.5,-7.8,10.8));
#622 = VERTEX_POINT('',#623);
#623 = CARTESIAN_POINT('',(15.5,-7.8,10.8));
#624 = LINE('',#625,#626);
#625 = CARTESIAN_POINT('',(-10.5,-7.8,10.8));
#626 = VECTOR('',#627,1.);
#627 = DIRECTION('',(1.,0.,0.));
#628 = ORIENTED_EDGE('',*,*,#629,.F.);
#629 = EDGE_CURVE('',#630,#620,#632,.T.);
#630 = VERTEX_POINT('',#631);
#631 = CARTESIAN_POINT('',(-4.5,7.8,10.8));
#632 = LINE('',#633,#634);
#633 = CARTESIAN_POINT('',(-4.5,-8.4,10.8));
#634 = VECTOR('',#635,1.);
#635 = DIRECTION('',(0.,-1.,0.));
#636 = ORIENTED_EDGE('',*,*,#637,.T.);
#637 = EDGE_CURVE('',#630,#638,#640,.T.);
#638 = VERTEX_POINT('',#639);
#639 = CARTESIAN_POINT('',(15.5,7.8,10.8));
#640 = LINE('',#641,#642);
#641 = CARTESIAN_POINT('',(-10.5,7.8,10.8));
#642 = VECTOR('',#643,1.);
#643 = DIRECTION('',(1.,0.,0.));
#644 = ORIENTED_EDGE('',*,*,#645,.T.);
#645 = EDGE_CURVE('',#638,#622,#646,.T.);
#646 = LINE('',#647,#648);
#647 = CARTESIAN_POINT('',(15.5,-8.4,10.8));
#648 = VECTOR('',#649,1.);
#649 = DIRECTION('',(0.,-1.,0.));
#650 = FACE_BOUND('',#651,.T.);
#651 = EDGE_LOOP('',(#652));
#652 = ORIENTED_EDGE('',*,*,#653,.F.);
#653 = EDGE_CURVE('',#654,#654,#656,.T.);
#654 = VERTEX_POINT('',#655);
#655 = CARTESIAN_POINT('',(19.15,7.5,10.8));
#656 = CIRCLE('',#657,1.15);
#657 = AXIS2_PLACEMENT_3D('',#658,#659,#660);
#658 = CARTESIAN_POINT('',(18.,7.5,10.8));
#659 = DIRECTION('',(0.,0.,1.));
#660 = DIRECTION('',(1.,0.,0.));
#661 = PLANE('',#662);
#662 = AXIS2_PLACEMENT_3D('',#663,#664,#665);
#663 = CARTESIAN_POINT('',(-16.5,-9.,10.8));
#664 = DIRECTION('',(0.,0.,1.));
#665 = DIRECTION('',(1.,0.,0.));
#666 = ADVANCED_FACE('',(#667),#673,.T.);
#667 = FACE_BOUND('',#668,.T.);
#668 = EDGE_LOOP('',(#669,#670,#671,#672));
#669 = ORIENTED_EDGE('',*,*,#391,.F.);
#670 = ORIENTED_EDGE('',*,*,#452,.T.);
#671 = ORIENTED_EDGE('',*,*,#484,.T.);
#672 = ORIENTED_EDGE('',*,*,#545,.F.);
#673 = PLANE('',#674);
#674 = AXIS2_PLACEMENT_3D('',#675,#676,#677);
#675 = CARTESIAN_POINT('',(-8.,20.,0.));
#676 = DIRECTION('',(0.,1.,0.));
#677 = DIRECTION('',(0.,0.,1.));
#678 = ADVANCED_FACE('',(#679),#695,.F.);
#679 = FACE_BOUND('',#680,.F.);
#680 = EDGE_LOOP('',(#681,#682,#688,#689));
#681 = ORIENTED_EDGE('',*,*,#399,.T.);
#682 = ORIENTED_EDGE('',*,*,#683,.T.);
#683 = EDGE_CURVE('',#402,#495,#684,.T.);
#684 = LINE('',#685,#686);
#685 = CARTESIAN_POINT('',(-1.,17.,-1.));
#686 = VECTOR('',#687,1.);
#687 = DIRECTION('',(0.,0.,1.));
#688 = ORIENTED_EDGE('',*,*,#492,.F.);
#689 = ORIENTED_EDGE('',*,*,#690,.F.);
#690 = EDGE_CURVE('',#400,#493,#691,.T.);
#691 = LINE('',#692,#693);
#692 = CARTESIAN_POINT('',(7.,17.,-1.));
#693 = VECTOR('',#694,1.);
#694 = DIRECTION('',(0.,0.,1.));
#695 = PLANE('',#696);
#696 = AXIS2_PLACEMENT_3D('',#697,#698,#699);
#697 = CARTESIAN_POINT('',(-1.,17.,-1.));
#698 = DIRECTION('',(0.,1.,0.));
#699 = DIRECTION('',(0.,0.,1.));
#700 = ADVANCED_FACE('',(#701),#712,.F.);
#701 = FACE_BOUND('',#702,.F.);
#702 = EDGE_LOOP('',(#703,#704,#705,#706));
#703 = ORIENTED_EDGE('',*,*,#528,.F.);
#704 = ORIENTED_EDGE('',*,*,#683,.F.);
#705 = ORIENTED_EDGE('',*,*,#435,.T.);
#706 = ORIENTED_EDGE('',*,*,#707,.T.);
#707 = EDGE_CURVE('',#428,#521,#708,.T.);
#708 = LINE('',#709,#710);
#709 = CARTESIAN_POINT('',(-1.,13.5,-1.));
#710 = VECTOR('',#711,1.);
#711 = DIRECTION('',(0.,0.,1.));
#712 = CYLINDRICAL_SURFACE('',#713,1.75);
#713 = AXIS2_PLACEMENT_3D('',#714,#715,#716);
#714 = CARTESIAN_POINT('',(-1.,15.25,-1.));
#715 = DIRECTION('',(0.,0.,1.));
#716 = DIRECTION('',(1.,0.,0.));
#717 = ADVANCED_FACE('',(#718),#729,.T.);
#718 = FACE_BOUND('',#719,.T.);
#719 = EDGE_LOOP('',(#720,#721,#722,#723));
#720 = ORIENTED_EDGE('',*,*,#427,.T.);
#721 = ORIENTED_EDGE('',*,*,#707,.T.);
#722 = ORIENTED_EDGE('',*,*,#520,.F.);
#723 = ORIENTED_EDGE('',*,*,#724,.F.);
#724 = EDGE_CURVE('',#419,#512,#725,.T.);
#725 = LINE('',#726,#727);
#726 = CARTESIAN_POINT('',(7.,13.5,-1.));
#727 = VECTOR('',#728,1.);
#728 = DIRECTION('',(0.,0.,1.));
#729 = PLANE('',#730);
#730 = AXIS2_PLACEMENT_3D('',#731,#732,#733);
#731 = CARTESIAN_POINT('',(-1.,13.5,-1.));
#732 = DIRECTION('',(0.,1.,0.));
#733 = DIRECTION('',(0.,0.,1.));
#734 = ADVANCED_FACE('',(#735),#746,.F.);
#735 = FACE_BOUND('',#736,.F.);
#736 = EDGE_LOOP('',(#737,#738,#744,#745));
#737 = ORIENTED_EDGE('',*,*,#418,.T.);
#738 = ORIENTED_EDGE('',*,*,#739,.T.);
#739 = EDGE_CURVE('',#410,#503,#740,.T.);
#740 = LINE('',#741,#742);
#741 = CARTESIAN_POINT('',(8.75,15.25,-1.));
#742 = VECTOR('',#743,1.);
#743 = DIRECTION('',(0.,0.,1.));
#744 = ORIENTED_EDGE('',*,*,#511,.F.);
#745 = ORIENTED_EDGE('',*,*,#724,.F.);
#746 = CYLINDRICAL_SURFACE('',#747,1.75);
#747 = AXIS2_PLACEMENT_3D('',#748,#749,#750);
#748 = CARTESIAN_POINT('',(7.,15.25,-1.));
#749 = DIRECTION('',(0.,0.,1.));
#750 = DIRECTION('',(1.,0.,0.));
#751 = ADVANCED_FACE('',(#752),#758,.F.);
#752 = FACE_BOUND('',#753,.F.);
#753 = EDGE_LOOP('',(#754,#755,#756,#757));
#754 = ORIENTED_EDGE('',*,*,#502,.F.);
#755 = ORIENTED_EDGE('',*,*,#739,.F.);
#756 = ORIENTED_EDGE('',*,*,#409,.T.);
#757 = ORIENTED_EDGE('',*,*,#690,.T.);
#758 = CYLINDRICAL_SURFACE('',#759,1.75);
#759 = AXIS2_PLACEMENT_3D('',#760,#761,#762);
#760 = CARTESIAN_POINT('',(7.,15.25,-1.));
#761 = DIRECTION('',(0.,0.,1.));
#762 = DIRECTION('',(1.,0.,0.));
#763 = ADVANCED_FACE('',(#764),#783,.F.);
#764 = FACE_BOUND('',#765,.F.);
#765 = EDGE_LOOP('',(#766,#775,#781,#782));
#766 = ORIENTED_EDGE('',*,*,#767,.F.);
#767 = EDGE_CURVE('',#768,#768,#770,.T.);
#768 = VERTEX_POINT('',#769);
#769 = CARTESIAN_POINT('',(-13.,6.368163355566E-16,8.6));
#770 = CIRCLE('',#771,2.6);
#771 = AXIS2_PLACEMENT_3D('',#772,#773,#774);
#772 = CARTESIAN_POINT('',(-13.,0.,6.));
#773 = DIRECTION('',(1.,0.,-0.));
#774 = DIRECTION('',(0.,0.,1.));
#775 = ORIENTED_EDGE('',*,*,#776,.F.);
#776 = EDGE_CURVE('',#561,#768,#777,.T.);
#777 = LINE('',#778,#779);
#778 = CARTESIAN_POINT('',(-14.,6.368163355566E-16,8.6));
#779 = VECTOR('',#780,1.);
#780 = DIRECTION('',(1.,0.,0.));
#781 = ORIENTED_EDGE('',*,*,#560,.T.);
#782 = ORIENTED_EDGE('',*,*,#776,.T.);
#783 = CYLINDRICAL_SURFACE('',#784,2.6);
#784 = AXIS2_PLACEMENT_3D('',#785,#786,#787);
#785 = CARTESIAN_POINT('',(-14.,0.,6.));
#786 = DIRECTION('',(1.,0.,0.));
#787 = DIRECTION('',(0.,0.,1.));
#788 = ADVANCED_FACE('',(#789),#808,.F.);
#789 = FACE_BOUND('',#790,.F.);
#790 = EDGE_LOOP('',(#791,#792,#800,#807));
#791 = ORIENTED_EDGE('',*,*,#586,.F.);
#792 = ORIENTED_EDGE('',*,*,#793,.F.);
#793 = EDGE_CURVE('',#794,#587,#796,.T.);
#794 = VERTEX_POINT('',#795);
#795 = CARTESIAN_POINT('',(-13.85,-7.5,5.));
#796 = LINE('',#797,#798);
#797 = CARTESIAN_POINT('',(-13.85,-7.5,5.));
#798 = VECTOR('',#799,1.);
#799 = DIRECTION('',(0.,0.,1.));
#800 = ORIENTED_EDGE('',*,*,#801,.T.);
#801 = EDGE_CURVE('',#794,#794,#802,.T.);
#802 = CIRCLE('',#803,1.15);
#803 = AXIS2_PLACEMENT_3D('',#804,#805,#806);
#804 = CARTESIAN_POINT('',(-15.,-7.5,5.));
#805 = DIRECTION('',(0.,0.,1.));
#806 = DIRECTION('',(1.,0.,0.));
#807 = ORIENTED_EDGE('',*,*,#793,.T.);
#808 = CYLINDRICAL_SURFACE('',#809,1.15);
#809 = AXIS2_PLACEMENT_3D('',#810,#811,#812);
#810 = CARTESIAN_POINT('',(-15.,-7.5,5.));
#811 = DIRECTION('',(0.,0.,1.));
#812 = DIRECTION('',(1.,0.,0.));
#813 = ADVANCED_FACE('',(#814),#833,.F.);
#814 = FACE_BOUND('',#815,.F.);
#815 = EDGE_LOOP('',(#816,#817,#825,#832));
#816 = ORIENTED_EDGE('',*,*,#597,.F.);
#817 = ORIENTED_EDGE('',*,*,#818,.F.);
#818 = EDGE_CURVE('',#819,#598,#821,.T.);
#819 = VERTEX_POINT('',#820);
#820 = CARTESIAN_POINT('',(19.15,-7.5,5.));
#821 = LINE('',#822,#823);
#822 = CARTESIAN_POINT('',(19.15,-7.5,5.));
#823 = VECTOR('',#824,1.);
#824 = DIRECTION('',(0.,0.,1.));
#825 = ORIENTED_EDGE('',*,*,#826,.T.);
#826 = EDGE_CURVE('',#819,#819,#827,.T.);
#827 = CIRCLE('',#828,1.15);
#828 = AXIS2_PLACEMENT_3D('',#829,#830,#831);
#829 = CARTESIAN_POINT('',(18.,-7.5,5.));
#830 = DIRECTION('',(0.,0.,1.));
#831 = DIRECTION('',(1.,0.,0.));
#832 = ORIENTED_EDGE('',*,*,#818,.T.);
#833 = CYLINDRICAL_SURFACE('',#834,1.15);
#834 = AXIS2_PLACEMENT_3D('',#835,#836,#837);
#835 = CARTESIAN_POINT('',(18.,-7.5,5.));
#836 = DIRECTION('',(0.,0.,1.));
#837 = DIRECTION('',(1.,0.,0.));
#838 = ADVANCED_FACE('',(#839),#858,.F.);
#839 = FACE_BOUND('',#840,.F.);
#840 = EDGE_LOOP('',(#841,#842,#850,#857));
#841 = ORIENTED_EDGE('',*,*,#608,.F.);
#842 = ORIENTED_EDGE('',*,*,#843,.F.);
#843 = EDGE_CURVE('',#844,#609,#846,.T.);
#844 = VERTEX_POINT('',#845);
#845 = CARTESIAN_POINT('',(-13.85,7.5,5.));
#846 = LINE('',#847,#848);
#847 = CARTESIAN_POINT('',(-13.85,7.5,5.));
#848 = VECTOR('',#849,1.);
#849 = DIRECTION('',(0.,0.,1.));
#850 = ORIENTED_EDGE('',*,*,#851,.T.);
#851 = EDGE_CURVE('',#844,#844,#852,.T.);
#852 = CIRCLE('',#853,1.15);
#853 = AXIS2_PLACEMENT_3D('',#854,#855,#856);
#854 = CARTESIAN_POINT('',(-15.,7.5,5.));
#855 = DIRECTION('',(0.,0.,1.));
#856 = DIRECTION('',(1.,0.,0.));
#857 = ORIENTED_EDGE('',*,*,#843,.T.);
#858 = CYLINDRICAL_SURFACE('',#859,1.15);
#859 = AXIS2_PLACEMENT_3D('',#860,#861,#862);
#860 = CARTESIAN_POINT('',(-15.,7.5,5.));
#861 = DIRECTION('',(0.,0.,1.));
#862 = DIRECTION('',(1.,0.,0.));
#863 = ADVANCED_FACE('',(#864),#889,.T.);
#864 = FACE_BOUND('',#865,.T.);
#865 = EDGE_LOOP('',(#866,#874,#882,#888));
#866 = ORIENTED_EDGE('',*,*,#867,.F.);
#867 = EDGE_CURVE('',#868,#622,#870,.T.);
#868 = VERTEX_POINT('',#869);
#869 = CARTESIAN_POINT('',(15.5,-7.8,3.5));
#870 = LINE('',#871,#872);
#871 = CARTESIAN_POINT('',(15.5,-7.8,3.5));
#872 = VECTOR('',#873,1.);
#873 = DIRECTION('',(0.,0.,1.));
#874 = ORIENTED_EDGE('',*,*,#875,.F.);
#875 = EDGE_CURVE('',#876,#868,#878,.T.);
#876 = VERTEX_POINT('',#877);
#877 = CARTESIAN_POINT('',(-4.5,-7.8,3.5));
#878 = LINE('',#879,#880);
#879 = CARTESIAN_POINT('',(-4.5,-7.8,3.5));
#880 = VECTOR('',#881,1.);
#881 = DIRECTION('',(1.,0.,0.));
#882 = ORIENTED_EDGE('',*,*,#883,.T.);
#883 = EDGE_CURVE('',#876,#620,#884,.T.);
#884 = LINE('',#885,#886);
#885 = CARTESIAN_POINT('',(-4.5,-7.8,3.5));
#886 = VECTOR('',#887,1.);
#887 = DIRECTION('',(0.,0.,1.));
#888 = ORIENTED_EDGE('',*,*,#619,.T.);
#889 = PLANE('',#890);
#890 = AXIS2_PLACEMENT_3D('',#891,#892,#893);
#891 = CARTESIAN_POINT('',(-4.5,-7.8,3.5));
#892 = DIRECTION('',(0.,1.,0.));
#893 = DIRECTION('',(0.,0.,1.));
#894 = ADVANCED_FACE('',(#895),#945,.F.);
#895 = FACE_BOUND('',#896,.F.);
#896 = EDGE_LOOP('',(#897,#898,#906,#914,#922,#930,#938,#944));
#897 = ORIENTED_EDGE('',*,*,#867,.F.);
#898 = ORIENTED_EDGE('',*,*,#899,.T.);
#899 = EDGE_CURVE('',#868,#900,#902,.T.);
#900 = VERTEX_POINT('',#901);
#901 = CARTESIAN_POINT('',(15.5,-2.6,3.5));
#902 = LINE('',#903,#904);
#903 = CARTESIAN_POINT('',(15.5,-7.8,3.5));
#904 = VECTOR('',#905,1.);
#905 = DIRECTION('',(0.,1.,0.));
#906 = ORIENTED_EDGE('',*,*,#907,.T.);
#907 = EDGE_CURVE('',#900,#908,#910,.T.);
#908 = VERTEX_POINT('',#909);
#909 = CARTESIAN_POINT('',(15.5,-2.6,8.));
#910 = LINE('',#911,#912);
#911 = CARTESIAN_POINT('',(15.5,-2.6,3.));
#912 = VECTOR('',#913,1.);
#913 = DIRECTION('',(0.,0.,1.));
#914 = ORIENTED_EDGE('',*,*,#915,.T.);
#915 = EDGE_CURVE('',#908,#916,#918,.T.);
#916 = VERTEX_POINT('',#917);
#917 = CARTESIAN_POINT('',(15.5,2.6,8.));
#918 = LINE('',#919,#920);
#919 = CARTESIAN_POINT('',(15.5,-2.6,8.));
#920 = VECTOR('',#921,1.);
#921 = DIRECTION('',(0.,1.,0.));
#922 = ORIENTED_EDGE('',*,*,#923,.F.);
#923 = EDGE_CURVE('',#924,#916,#926,.T.);
#924 = VERTEX_POINT('',#925);
#925 = CARTESIAN_POINT('',(15.5,2.6,3.5));
#926 = LINE('',#927,#928);
#927 = CARTESIAN_POINT('',(15.5,2.6,3.));
#928 = VECTOR('',#929,1.);
#929 = DIRECTION('',(0.,0.,1.));
#930 = ORIENTED_EDGE('',*,*,#931,.T.);
#931 = EDGE_CURVE('',#924,#932,#934,.T.);
#932 = VERTEX_POINT('',#933);
#933 = CARTESIAN_POINT('',(15.5,7.8,3.5));
#934 = LINE('',#935,#936);
#935 = CARTESIAN_POINT('',(15.5,-7.8,3.5));
#936 = VECTOR('',#937,1.);
#937 = DIRECTION('',(0.,1.,0.));
#938 = ORIENTED_EDGE('',*,*,#939,.T.);
#939 = EDGE_CURVE('',#932,#638,#940,.T.);
#940 = LINE('',#941,#942);
#941 = CARTESIAN_POINT('',(15.5,7.8,3.5));
#942 = VECTOR('',#943,1.);
#943 = DIRECTION('',(0.,0.,1.));
#944 = ORIENTED_EDGE('',*,*,#645,.T.);
#945 = PLANE('',#946);
#946 = AXIS2_PLACEMENT_3D('',#947,#948,#949);
#947 = CARTESIAN_POINT('',(15.5,-7.8,3.5));
#948 = DIRECTION('',(1.,0.,0.));
#949 = DIRECTION('',(0.,0.,1.));
#950 = ADVANCED_FACE('',(#951),#969,.F.);
#951 = FACE_BOUND('',#952,.F.);
#952 = EDGE_LOOP('',(#953,#954,#962,#968));
#953 = ORIENTED_EDGE('',*,*,#939,.F.);
#954 = ORIENTED_EDGE('',*,*,#955,.F.);
#955 = EDGE_CURVE('',#956,#932,#958,.T.);
#956 = VERTEX_POINT('',#957);
#957 = CARTESIAN_POINT('',(-4.5,7.8,3.5));
#958 = LINE('',#959,#960);
#959 = CARTESIAN_POINT('',(-4.5,7.8,3.5));
#960 = VECTOR('',#961,1.);
#961 = DIRECTION('',(1.,0.,0.));
#962 = ORIENTED_EDGE('',*,*,#963,.T.);
#963 = EDGE_CURVE('',#956,#630,#964,.T.);
#964 = LINE('',#965,#966);
#965 = CARTESIAN_POINT('',(-4.5,7.8,3.5));
#966 = VECTOR('',#967,1.);
#967 = DIRECTION('',(0.,0.,1.));
#968 = ORIENTED_EDGE('',*,*,#637,.T.);
#969 = PLANE('',#970);
#970 = AXIS2_PLACEMENT_3D('',#971,#972,#973);
#971 = CARTESIAN_POINT('',(-4.5,7.8,3.5));
#972 = DIRECTION('',(0.,1.,0.));
#973 = DIRECTION('',(0.,0.,1.));
#974 = ADVANCED_FACE('',(#975,#986),#997,.T.);
#975 = FACE_BOUND('',#976,.T.);
#976 = EDGE_LOOP('',(#977,#978,#984,#985));
#977 = ORIENTED_EDGE('',*,*,#883,.F.);
#978 = ORIENTED_EDGE('',*,*,#979,.T.);
#979 = EDGE_CURVE('',#876,#956,#980,.T.);
#980 = LINE('',#981,#982);
#981 = CARTESIAN_POINT('',(-4.5,-7.8,3.5));
#982 = VECTOR('',#983,1.);
#983 = DIRECTION('',(0.,1.,0.));
#984 = ORIENTED_EDGE('',*,*,#963,.T.);
#985 = ORIENTED_EDGE('',*,*,#629,.T.);
#986 = FACE_BOUND('',#987,.T.);
#987 = EDGE_LOOP('',(#988));
#988 = ORIENTED_EDGE('',*,*,#989,.F.);
#989 = EDGE_CURVE('',#990,#990,#992,.T.);
#990 = VERTEX_POINT('',#991);
#991 = CARTESIAN_POINT('',(-4.5,5.510910596163E-16,8.25));
#992 = CIRCLE('',#993,2.25);
#993 = AXIS2_PLACEMENT_3D('',#994,#995,#996);
#994 = CARTESIAN_POINT('',(-4.5,0.,6.));
#995 = DIRECTION('',(1.,0.,-0.));
#996 = DIRECTION('',(0.,0.,1.));
#997 = PLANE('',#998);
#998 = AXIS2_PLACEMENT_3D('',#999,#1000,#1001);
#999 = CARTESIAN_POINT('',(-4.5,-7.8,3.5));
#1000 = DIRECTION('',(1.,0.,0.));
#1001 = DIRECTION('',(0.,0.,1.));
#1002 = ADVANCED_FACE('',(#1003),#1022,.F.);
#1003 = FACE_BOUND('',#1004,.F.);
#1004 = EDGE_LOOP('',(#1005,#1006,#1014,#1021));
#1005 = ORIENTED_EDGE('',*,*,#653,.F.);
#1006 = ORIENTED_EDGE('',*,*,#1007,.F.);
#1007 = EDGE_CURVE('',#1008,#654,#1010,.T.);
#1008 = VERTEX_POINT('',#1009);
#1009 = CARTESIAN_POINT('',(19.15,7.5,5.));
#1010 = LINE('',#1011,#1012);
#1011 = CARTESIAN_POINT('',(19.15,7.5,5.));
#1012 = VECTOR('',#1013,1.);
#1013 = DIRECTION('',(0.,0.,1.));
#1014 = ORIENTED_EDGE('',*,*,#1015,.T.);
#1015 = EDGE_CURVE('',#1008,#1008,#1016,.T.);
#1016 = CIRCLE('',#1017,1.15);
#1017 = AXIS2_PLACEMENT_3D('',#1018,#1019,#1020);
#1018 = CARTESIAN_POINT('',(18.,7.5,5.));
#1019 = DIRECTION('',(0.,0.,1.));
#1020 = DIRECTION('',(1.,0.,0.));
#1021 = ORIENTED_EDGE('',*,*,#1007,.T.);
#1022 = CYLINDRICAL_SURFACE('',#1023,1.15);
#1023 = AXIS2_PLACEMENT_3D('',#1024,#1025,#1026);
#1024 = CARTESIAN_POINT('',(18.,7.5,5.));
#1025 = DIRECTION('',(0.,0.,1.));
#1026 = DIRECTION('',(1.,0.,0.));
#1027 = ADVANCED_FACE('',(#1028,#1031),#1042,.F.);
#1028 = FACE_BOUND('',#1029,.F.);
#1029 = EDGE_LOOP('',(#1030));
#1030 = ORIENTED_EDGE('',*,*,#767,.T.);
#1031 = FACE_BOUND('',#1032,.F.);
#1032 = EDGE_LOOP('',(#1033));
#1033 = ORIENTED_EDGE('',*,*,#1034,.F.);
#1034 = EDGE_CURVE('',#1035,#1035,#1037,.T.);
#1035 = VERTEX_POINT('',#1036);
#1036 = CARTESIAN_POINT('',(-13.,5.510910596163E-16,8.25));
#1037 = CIRCLE('',#1038,2.25);
#1038 = AXIS2_PLACEMENT_3D('',#1039,#1040,#1041);
#1039 = CARTESIAN_POINT('',(-13.,0.,6.));
#1040 = DIRECTION('',(1.,0.,-0.));
#1041 = DIRECTION('',(0.,0.,1.));
#1042 = PLANE('',#1043);
#1043 = AXIS2_PLACEMENT_3D('',#1044,#1045,#1046);
#1044 = CARTESIAN_POINT('',(-13.,0.,6.));
#1045 = DIRECTION('',(1.,0.,0.));
#1046 = DIRECTION('',(0.,0.,1.));
#1047 = ADVANCED_FACE('',(#1048),#1051,.T.);
#1048 = FACE_BOUND('',#1049,.F.);
#1049 = EDGE_LOOP('',(#1050));
#1050 = ORIENTED_EDGE('',*,*,#801,.F.);
#1051 = PLANE('',#1052);
#1052 = AXIS2_PLACEMENT_3D('',#1053,#1054,#1055);
#1053 = CARTESIAN_POINT('',(-15.,-7.5,5.));
#1054 = DIRECTION('',(0.,0.,1.));
#1055 = DIRECTION('',(1.,0.,0.));
#1056 = ADVANCED_FACE('',(#1057),#1060,.T.);
#1057 = FACE_BOUND('',#1058,.F.);
#1058 = EDGE_LOOP('',(#1059));
#1059 = ORIENTED_EDGE('',*,*,#826,.F.);
#1060 = PLANE('',#1061);
#1061 = AXIS2_PLACEMENT_3D('',#1062,#1063,#1064);
#1062 = CARTESIAN_POINT('',(18.,-7.5,5.));
#1063 = DIRECTION('',(0.,0.,1.));
#1064 = DIRECTION('',(1.,0.,0.));
#1065 = ADVANCED_FACE('',(#1066),#1069,.T.);
#1066 = FACE_BOUND('',#1067,.F.);
#1067 = EDGE_LOOP('',(#1068));
#1068 = ORIENTED_EDGE('',*,*,#851,.F.);
#1069 = PLANE('',#1070);
#1070 = AXIS2_PLACEMENT_3D('',#1071,#1072,#1073);
#1071 = CARTESIAN_POINT('',(-15.,7.5,5.));
#1072 = DIRECTION('',(0.,0.,1.));
#1073 = DIRECTION('',(1.,0.,0.));
#1074 = ADVANCED_FACE('',(#1075,#1088),#1122,.T.);
#1075 = FACE_BOUND('',#1076,.T.);
#1076 = EDGE_LOOP('',(#1077,#1078,#1079,#1080,#1086,#1087));
#1077 = ORIENTED_EDGE('',*,*,#979,.F.);
#1078 = ORIENTED_EDGE('',*,*,#875,.T.);
#1079 = ORIENTED_EDGE('',*,*,#899,.T.);
#1080 = ORIENTED_EDGE('',*,*,#1081,.T.);
#1081 = EDGE_CURVE('',#900,#924,#1082,.T.);
#1082 = LINE('',#1083,#1084);
#1083 = CARTESIAN_POINT('',(15.5,-7.8,3.5));
#1084 = VECTOR('',#1085,1.);
#1085 = DIRECTION('',(0.,1.,0.));
#1086 = ORIENTED_EDGE('',*,*,#931,.T.);
#1087 = ORIENTED_EDGE('',*,*,#955,.F.);
#1088 = FACE_BOUND('',#1089,.T.);
#1089 = EDGE_LOOP('',(#1090,#1100,#1108,#1116));
#1090 = ORIENTED_EDGE('',*,*,#1091,.F.);
#1091 = EDGE_CURVE('',#1092,#1094,#1096,.T.);
#1092 = VERTEX_POINT('',#1093);
#1093 = CARTESIAN_POINT('',(-3.5,-5.5,3.5));
#1094 = VERTEX_POINT('',#1095);
#1095 = CARTESIAN_POINT('',(14.,-5.5,3.5));
#1096 = LINE('',#1097,#1098);
#1097 = CARTESIAN_POINT('',(-3.5,-5.5,3.5));
#1098 = VECTOR('',#1099,1.);
#1099 = DIRECTION('',(1.,0.,0.));
#1100 = ORIENTED_EDGE('',*,*,#1101,.T.);
#1101 = EDGE_CURVE('',#1092,#1102,#1104,.T.);
#1102 = VERTEX_POINT('',#1103);
#1103 = CARTESIAN_POINT('',(-3.5,5.5,3.5));
#1104 = LINE('',#1105,#1106);
#1105 = CARTESIAN_POINT('',(-3.5,-5.5,3.5));
#1106 = VECTOR('',#1107,1.);
#1107 = DIRECTION('',(0.,1.,0.));
#1108 = ORIENTED_EDGE('',*,*,#1109,.T.);
#1109 = EDGE_CURVE('',#1102,#1110,#1112,.T.);
#1110 = VERTEX_POINT('',#1111);
#1111 = CARTESIAN_POINT('',(14.,5.5,3.5));
#1112 = LINE('',#1113,#1114);
#1113 = CARTESIAN_POINT('',(-3.5,5.5,3.5));
#1114 = VECTOR('',#1115,1.);
#1115 = DIRECTION('',(1.,0.,0.));
#1116 = ORIENTED_EDGE('',*,*,#1117,.F.);
#1117 = EDGE_CURVE('',#1094,#1110,#1118,.T.);
#1118 = LINE('',#1119,#1120);
#1119 = CARTESIAN_POINT('',(14.,-5.5,3.5));
#1120 = VECTOR('',#1121,1.);
#1121 = DIRECTION('',(0.,1.,0.));
#1122 = PLANE('',#1123);
#1123 = AXIS2_PLACEMENT_3D('',#1124,#1125,#1126);
#1124 = CARTESIAN_POINT('',(-4.5,-7.8,3.5));
#1125 = DIRECTION('',(0.,0.,1.));
#1126 = DIRECTION('',(1.,0.,0.));
#1127 = ADVANCED_FACE('',(#1128),#1161,.F.);
#1128 = FACE_BOUND('',#1129,.F.);
#1129 = EDGE_LOOP('',(#1130,#1140,#1146,#1147,#1155));
#1130 = ORIENTED_EDGE('',*,*,#1131,.F.);
#1131 = EDGE_CURVE('',#1132,#1134,#1136,.T.);
#1132 = VERTEX_POINT('',#1133);
#1133 = CARTESIAN_POINT('',(15.5,2.6,3.));
#1134 = VERTEX_POINT('',#1135);
#1135 = CARTESIAN_POINT('',(20.5,2.6,3.));
#1136 = LINE('',#1137,#1138);
#1137 = CARTESIAN_POINT('',(15.5,2.6,3.));
#1138 = VECTOR('',#1139,1.);
#1139 = DIRECTION('',(1.,0.,0.));
#1140 = ORIENTED_EDGE('',*,*,#1141,.T.);
#1141 = EDGE_CURVE('',#1132,#924,#1142,.T.);
#1142 = LINE('',#1143,#1144);
#1143 = CARTESIAN_POINT('',(15.5,2.6,3.));
#1144 = VECTOR('',#1145,1.);
#1145 = DIRECTION('',(0.,0.,1.));
#1146 = ORIENTED_EDGE('',*,*,#923,.T.);
#1147 = ORIENTED_EDGE('',*,*,#1148,.T.);
#1148 = EDGE_CURVE('',#916,#1149,#1151,.T.);
#1149 = VERTEX_POINT('',#1150);
#1150 = CARTESIAN_POINT('',(20.5,2.6,8.));
#1151 = LINE('',#1152,#1153);
#1152 = CARTESIAN_POINT('',(15.5,2.6,8.));
#1153 = VECTOR('',#1154,1.);
#1154 = DIRECTION('',(1.,0.,0.));
#1155 = ORIENTED_EDGE('',*,*,#1156,.F.);
#1156 = EDGE_CURVE('',#1134,#1149,#1157,.T.);
#1157 = LINE('',#1158,#1159);
#1158 = CARTESIAN_POINT('',(20.5,2.6,3.));
#1159 = VECTOR('',#1160,1.);
#1160 = DIRECTION('',(0.,0.,1.));
#1161 = PLANE('',#1162);
#1162 = AXIS2_PLACEMENT_3D('',#1163,#1164,#1165);
#1163 = CARTESIAN_POINT('',(15.5,2.6,3.));
#1164 = DIRECTION('',(0.,1.,0.));
#1165 = DIRECTION('',(0.,0.,1.));
#1166 = ADVANCED_FACE('',(#1167),#1185,.F.);
#1167 = FACE_BOUND('',#1168,.F.);
#1168 = EDGE_LOOP('',(#1169,#1170,#1178,#1184));
#1169 = ORIENTED_EDGE('',*,*,#915,.F.);
#1170 = ORIENTED_EDGE('',*,*,#1171,.T.);
#1171 = EDGE_CURVE('',#908,#1172,#1174,.T.);
#1172 = VERTEX_POINT('',#1173);
#1173 = CARTESIAN_POINT('',(20.5,-2.6,8.));
#1174 = LINE('',#1175,#1176);
#1175 = CARTESIAN_POINT('',(15.5,-2.6,8.));
#1176 = VECTOR('',#1177,1.);
#1177 = DIRECTION('',(1.,0.,0.));
#1178 = ORIENTED_EDGE('',*,*,#1179,.T.);
#1179 = EDGE_CURVE('',#1172,#1149,#1180,.T.);
#1180 = LINE('',#1181,#1182);
#1181 = CARTESIAN_POINT('',(20.5,-2.6,8.));
#1182 = VECTOR('',#1183,1.);
#1183 = DIRECTION('',(0.,1.,0.));
#1184 = ORIENTED_EDGE('',*,*,#1148,.F.);
#1185 = PLANE('',#1186);
#1186 = AXIS2_PLACEMENT_3D('',#1187,#1188,#1189);
#1187 = CARTESIAN_POINT('',(15.5,-2.6,8.));
#1188 = DIRECTION('',(0.,0.,1.));
#1189 = DIRECTION('',(1.,0.,0.));
#1190 = ADVANCED_FACE('',(#1191),#1217,.T.);
#1191 = FACE_BOUND('',#1192,.T.);
#1192 = EDGE_LOOP('',(#1193,#1203,#1209,#1210,#1211));
#1193 = ORIENTED_EDGE('',*,*,#1194,.F.);
#1194 = EDGE_CURVE('',#1195,#1197,#1199,.T.);
#1195 = VERTEX_POINT('',#1196);
#1196 = CARTESIAN_POINT('',(15.5,-2.6,3.));
#1197 = VERTEX_POINT('',#1198);
#1198 = CARTESIAN_POINT('',(20.5,-2.6,3.));
#1199 = LINE('',#1200,#1201);
#1200 = CARTESIAN_POINT('',(15.5,-2.6,3.));
#1201 = VECTOR('',#1202,1.);
#1202 = DIRECTION('',(1.,0.,0.));
#1203 = ORIENTED_EDGE('',*,*,#1204,.T.);
#1204 = EDGE_CURVE('',#1195,#900,#1205,.T.);
#1205 = LINE('',#1206,#1207);
#1206 = CARTESIAN_POINT('',(15.5,-2.6,3.));
#1207 = VECTOR('',#1208,1.);
#1208 = DIRECTION('',(0.,0.,1.));
#1209 = ORIENTED_EDGE('',*,*,#907,.T.);
#1210 = ORIENTED_EDGE('',*,*,#1171,.T.);
#1211 = ORIENTED_EDGE('',*,*,#1212,.F.);
#1212 = EDGE_CURVE('',#1197,#1172,#1213,.T.);
#1213 = LINE('',#1214,#1215);
#1214 = CARTESIAN_POINT('',(20.5,-2.6,3.));
#1215 = VECTOR('',#1216,1.);
#1216 = DIRECTION('',(0.,0.,1.));
#1217 = PLANE('',#1218);
#1218 = AXIS2_PLACEMENT_3D('',#1219,#1220,#1221);
#1219 = CARTESIAN_POINT('',(15.5,-2.6,3.));
#1220 = DIRECTION('',(0.,1.,0.));
#1221 = DIRECTION('',(0.,0.,1.));
#1222 = ADVANCED_FACE('',(#1223),#1242,.F.);
#1223 = FACE_BOUND('',#1224,.F.);
#1224 = EDGE_LOOP('',(#1225,#1234,#1240,#1241));
#1225 = ORIENTED_EDGE('',*,*,#1226,.T.);
#1226 = EDGE_CURVE('',#1227,#1227,#1229,.T.);
#1227 = VERTEX_POINT('',#1228);
#1228 = CARTESIAN_POINT('',(-9.,5.510910596163E-16,8.25));
#1229 = CIRCLE('',#1230,2.25);
#1230 = AXIS2_PLACEMENT_3D('',#1231,#1232,#1233);
#1231 = CARTESIAN_POINT('',(-9.,0.,6.));
#1232 = DIRECTION('',(1.,0.,-0.));
#1233 = DIRECTION('',(0.,0.,1.));
#1234 = ORIENTED_EDGE('',*,*,#1235,.T.);
#1235 = EDGE_CURVE('',#1227,#990,#1236,.T.);
#1236 = LINE('',#1237,#1238);
#1237 = CARTESIAN_POINT('',(-19.,5.510910596163E-16,8.25));
#1238 = VECTOR('',#1239,1.);
#1239 = DIRECTION('',(1.,0.,0.));
#1240 = ORIENTED_EDGE('',*,*,#989,.F.);
#1241 = ORIENTED_EDGE('',*,*,#1235,.F.);
#1242 = CYLINDRICAL_SURFACE('',#1243,2.25);
#1243 = AXIS2_PLACEMENT_3D('',#1244,#1245,#1246);
#1244 = CARTESIAN_POINT('',(-19.,0.,6.));
#1245 = DIRECTION('',(1.,0.,0.));
#1246 = DIRECTION('',(0.,0.,1.));
#1247 = ADVANCED_FACE('',(#1248),#1251,.T.);
#1248 = FACE_BOUND('',#1249,.F.);
#1249 = EDGE_LOOP('',(#1250));
#1250 = ORIENTED_EDGE('',*,*,#1015,.F.);
#1251 = PLANE('',#1252);
#1252 = AXIS2_PLACEMENT_3D('',#1253,#1254,#1255);
#1253 = CARTESIAN_POINT('',(18.,7.5,5.));
#1254 = DIRECTION('',(0.,0.,1.));
#1255 = DIRECTION('',(1.,0.,0.));
#1256 = ADVANCED_FACE('',(#1257),#1276,.F.);
#1257 = FACE_BOUND('',#1258,.F.);
#1258 = EDGE_LOOP('',(#1259,#1260,#1268,#1275));
#1259 = ORIENTED_EDGE('',*,*,#1034,.T.);
#1260 = ORIENTED_EDGE('',*,*,#1261,.T.);
#1261 = EDGE_CURVE('',#1035,#1262,#1264,.T.);
#1262 = VERTEX_POINT('',#1263);
#1263 = CARTESIAN_POINT('',(-10.,5.510910596163E-16,8.25));
#1264 = LINE('',#1265,#1266);
#1265 = CARTESIAN_POINT('',(-19.,5.510910596163E-16,8.25));
#1266 = VECTOR('',#1267,1.);
#1267 = DIRECTION('',(1.,0.,0.));
#1268 = ORIENTED_EDGE('',*,*,#1269,.F.);
#1269 = EDGE_CURVE('',#1262,#1262,#1270,.T.);
#1270 = CIRCLE('',#1271,2.25);
#1271 = AXIS2_PLACEMENT_3D('',#1272,#1273,#1274);
#1272 = CARTESIAN_POINT('',(-10.,0.,6.));
#1273 = DIRECTION('',(1.,0.,-0.));
#1274 = DIRECTION('',(0.,0.,1.));
#1275 = ORIENTED_EDGE('',*,*,#1261,.F.);
#1276 = CYLINDRICAL_SURFACE('',#1277,2.25);
#1277 = AXIS2_PLACEMENT_3D('',#1278,#1279,#1280);
#1278 = CARTESIAN_POINT('',(-19.,0.,6.));
#1279 = DIRECTION('',(1.,0.,0.));
#1280 = DIRECTION('',(0.,0.,1.));
#1281 = ADVANCED_FACE('',(#1282),#1293,.T.);
#1282 = FACE_BOUND('',#1283,.T.);
#1283 = EDGE_LOOP('',(#1284,#1285,#1291,#1292));
#1284 = ORIENTED_EDGE('',*,*,#1204,.F.);
#1285 = ORIENTED_EDGE('',*,*,#1286,.T.);
#1286 = EDGE_CURVE('',#1195,#1132,#1287,.T.);
#1287 = LINE('',#1288,#1289);
#1288 = CARTESIAN_POINT('',(15.5,-2.6,3.));
#1289 = VECTOR('',#1290,1.);
#1290 = DIRECTION('',(0.,1.,0.));
#1291 = ORIENTED_EDGE('',*,*,#1141,.T.);
#1292 = ORIENTED_EDGE('',*,*,#1081,.F.);
#1293 = PLANE('',#1294);
#1294 = AXIS2_PLACEMENT_3D('',#1295,#1296,#1297);
#1295 = CARTESIAN_POINT('',(15.5,-2.6,3.));
#1296 = DIRECTION('',(1.,0.,0.));
#1297 = DIRECTION('',(0.,0.,1.));
#1298 = ADVANCED_FACE('',(#1299),#1324,.T.);
#1299 = FACE_BOUND('',#1300,.T.);
#1300 = EDGE_LOOP('',(#1301,#1311,#1317,#1318));
#1301 = ORIENTED_EDGE('',*,*,#1302,.F.);
#1302 = EDGE_CURVE('',#1303,#1305,#1307,.T.);
#1303 = VERTEX_POINT('',#1304);
#1304 = CARTESIAN_POINT('',(-3.5,-5.5,1.5));
#1305 = VERTEX_POINT('',#1306);
#1306 = CARTESIAN_POINT('',(14.,-5.5,1.5));
#1307 = LINE('',#1308,#1309);
#1308 = CARTESIAN_POINT('',(-3.5,-5.5,1.5));
#1309 = VECTOR('',#1310,1.);
#1310 = DIRECTION('',(1.,0.,0.));
#1311 = ORIENTED_EDGE('',*,*,#1312,.T.);
#1312 = EDGE_CURVE('',#1303,#1092,#1313,.T.);
#1313 = LINE('',#1314,#1315);
#1314 = CARTESIAN_POINT('',(-3.5,-5.5,1.5));
#1315 = VECTOR('',#1316,1.);
#1316 = DIRECTION('',(0.,0.,1.));
#1317 = ORIENTED_EDGE('',*,*,#1091,.T.);
#1318 = ORIENTED_EDGE('',*,*,#1319,.F.);
#1319 = EDGE_CURVE('',#1305,#1094,#1320,.T.);
#1320 = LINE('',#1321,#1322);
#1321 = CARTESIAN_POINT('',(14.,-5.5,1.5));
#1322 = VECTOR('',#1323,1.);
#1323 = DIRECTION('',(0.,0.,1.));
#1324 = PLANE('',#1325);
#1325 = AXIS2_PLACEMENT_3D('',#1326,#1327,#1328);
#1326 = CARTESIAN_POINT('',(-3.5,-5.5,1.5));
#1327 = DIRECTION('',(0.,1.,0.));
#1328 = DIRECTION('',(0.,0.,1.));
#1329 = ADVANCED_FACE('',(#1330),#1348,.F.);
#1330 = FACE_BOUND('',#1331,.F.);
#1331 = EDGE_LOOP('',(#1332,#1333,#1341,#1347));
#1332 = ORIENTED_EDGE('',*,*,#1319,.F.);
#1333 = ORIENTED_EDGE('',*,*,#1334,.T.);
#1334 = EDGE_CURVE('',#1305,#1335,#1337,.T.);
#1335 = VERTEX_POINT('',#1336);
#1336 = CARTESIAN_POINT('',(14.,5.5,1.5));
#1337 = LINE('',#1338,#1339);
#1338 = CARTESIAN_POINT('',(14.,-5.5,1.5));
#1339 = VECTOR('',#1340,1.);
#1340 = DIRECTION('',(0.,1.,0.));
#1341 = ORIENTED_EDGE('',*,*,#1342,.T.);
#1342 = EDGE_CURVE('',#1335,#1110,#1343,.T.);
#1343 = LINE('',#1344,#1345);
#1344 = CARTESIAN_POINT('',(14.,5.5,1.5));
#1345 = VECTOR('',#1346,1.);
#1346 = DIRECTION('',(0.,0.,1.));
#1347 = ORIENTED_EDGE('',*,*,#1117,.F.);
#1348 = PLANE('',#1349);
#1349 = AXIS2_PLACEMENT_3D('',#1350,#1351,#1352);
#1350 = CARTESIAN_POINT('',(14.,-5.5,1.5));
#1351 = DIRECTION('',(1.,0.,0.));
#1352 = DIRECTION('',(0.,0.,1.));
#1353 = ADVANCED_FACE('',(#1354),#1372,.F.);
#1354 = FACE_BOUND('',#1355,.F.);
#1355 = EDGE_LOOP('',(#1356,#1364,#1370,#1371));
#1356 = ORIENTED_EDGE('',*,*,#1357,.F.);
#1357 = EDGE_CURVE('',#1358,#1335,#1360,.T.);
#1358 = VERTEX_POINT('',#1359);
#1359 = CARTESIAN_POINT('',(-3.5,5.5,1.5));
#1360 = LINE('',#1361,#1362);
#1361 = CARTESIAN_POINT('',(-3.5,5.5,1.5));
#1362 = VECTOR('',#1363,1.);
#1363 = DIRECTION('',(1.,0.,0.));
#1364 = ORIENTED_EDGE('',*,*,#1365,.T.);
#1365 = EDGE_CURVE('',#1358,#1102,#1366,.T.);
#1366 = LINE('',#1367,#1368);
#1367 = CARTESIAN_POINT('',(-3.5,5.5,1.5));
#1368 = VECTOR('',#1369,1.);
#1369 = DIRECTION('',(0.,0.,1.));
#1370 = ORIENTED_EDGE('',*,*,#1109,.T.);
#1371 = ORIENTED_EDGE('',*,*,#1342,.F.);
#1372 = PLANE('',#1373);
#1373 = AXIS2_PLACEMENT_3D('',#1374,#1375,#1376);
#1374 = CARTESIAN_POINT('',(-3.5,5.5,1.5));
#1375 = DIRECTION('',(0.,1.,0.));
#1376 = DIRECTION('',(0.,0.,1.));
#1377 = ADVANCED_FACE('',(#1378),#1389,.T.);
#1378 = FACE_BOUND('',#1379,.T.);
#1379 = EDGE_LOOP('',(#1380,#1381,#1387,#1388));
#1380 = ORIENTED_EDGE('',*,*,#1312,.F.);
#1381 = ORIENTED_EDGE('',*,*,#1382,.T.);
#1382 = EDGE_CURVE('',#1303,#1358,#1383,.T.);
#1383 = LINE('',#1384,#1385);
#1384 = CARTESIAN_POINT('',(-3.5,-5.5,1.5));
#1385 = VECTOR('',#1386,1.);
#1386 = DIRECTION('',(0.,1.,0.));
#1387 = ORIENTED_EDGE('',*,*,#1365,.T.);
#1388 = ORIENTED_EDGE('',*,*,#1101,.F.);
#1389 = PLANE('',#1390);
#1390 = AXIS2_PLACEMENT_3D('',#1391,#1392,#1393);
#1391 = CARTESIAN_POINT('',(-3.5,-5.5,1.5));
#1392 = DIRECTION('',(1.,0.,0.));
#1393 = DIRECTION('',(0.,0.,1.));
#1394 = ADVANCED_FACE('',(#1395),#1406,.T.);
#1395 = FACE_BOUND('',#1396,.T.);
#1396 = EDGE_LOOP('',(#1397,#1398,#1399,#1405));
#1397 = ORIENTED_EDGE('',*,*,#1286,.F.);
#1398 = ORIENTED_EDGE('',*,*,#1194,.T.);
#1399 = ORIENTED_EDGE('',*,*,#1400,.T.);
#1400 = EDGE_CURVE('',#1197,#1134,#1401,.T.);
#1401 = LINE('',#1402,#1403);
#1402 = CARTESIAN_POINT('',(20.5,-2.6,3.));
#1403 = VECTOR('',#1404,1.);
#1404 = DIRECTION('',(0.,1.,0.));
#1405 = ORIENTED_EDGE('',*,*,#1131,.F.);
#1406 = PLANE('',#1407);
#1407 = AXIS2_PLACEMENT_3D('',#1408,#1409,#1410);
#1408 = CARTESIAN_POINT('',(15.5,-2.6,3.));
#1409 = DIRECTION('',(0.,0.,1.));
#1410 = DIRECTION('',(1.,0.,0.));
#1411 = ADVANCED_FACE('',(#1412),#1418,.F.);
#1412 = FACE_BOUND('',#1413,.F.);
#1413 = EDGE_LOOP('',(#1414,#1415,#1416,#1417));
#1414 = ORIENTED_EDGE('',*,*,#1212,.F.);
#1415 = ORIENTED_EDGE('',*,*,#1400,.T.);
#1416 = ORIENTED_EDGE('',*,*,#1156,.T.);
#1417 = ORIENTED_EDGE('',*,*,#1179,.F.);
#1418 = PLANE('',#1419);
#1419 = AXIS2_PLACEMENT_3D('',#1420,#1421,#1422);
#1420 = CARTESIAN_POINT('',(20.5,-2.6,3.));
#1421 = DIRECTION('',(1.,0.,0.));
#1422 = DIRECTION('',(0.,0.,1.));
#1423 = ADVANCED_FACE('',(#1424,#1435),#1438,.F.);
#1424 = FACE_BOUND('',#1425,.F.);
#1425 = EDGE_LOOP('',(#1426));
#1426 = ORIENTED_EDGE('',*,*,#1427,.T.);
#1427 = EDGE_CURVE('',#1428,#1428,#1430,.T.);
#1428 = VERTEX_POINT('',#1429);
#1429 = CARTESIAN_POINT('',(-9.,6.368163355566E-16,8.6));
#1430 = CIRCLE('',#1431,2.6);
#1431 = AXIS2_PLACEMENT_3D('',#1432,#1433,#1434);
#1432 = CARTESIAN_POINT('',(-9.,0.,6.));
#1433 = DIRECTION('',(1.,0.,-0.));
#1434 = DIRECTION('',(0.,0.,1.));
#1435 = FACE_BOUND('',#1436,.F.);
#1436 = EDGE_LOOP('',(#1437));
#1437 = ORIENTED_EDGE('',*,*,#1226,.F.);
#1438 = PLANE('',#1439);
#1439 = AXIS2_PLACEMENT_3D('',#1440,#1441,#1442);
#1440 = CARTESIAN_POINT('',(-9.,0.,6.));
#1441 = DIRECTION('',(1.,0.,0.));
#1442 = DIRECTION('',(0.,0.,1.));
#1443 = ADVANCED_FACE('',(#1444,#1455),#1458,.T.);
#1444 = FACE_BOUND('',#1445,.T.);
#1445 = EDGE_LOOP('',(#1446));
#1446 = ORIENTED_EDGE('',*,*,#1447,.T.);
#1447 = EDGE_CURVE('',#1448,#1448,#1450,.T.);
#1448 = VERTEX_POINT('',#1449);
#1449 = CARTESIAN_POINT('',(-10.,6.368163355566E-16,8.6));
#1450 = CIRCLE('',#1451,2.6);
#1451 = AXIS2_PLACEMENT_3D('',#1452,#1453,#1454);
#1452 = CARTESIAN_POINT('',(-10.,0.,6.));
#1453 = DIRECTION('',(1.,0.,-0.));
#1454 = DIRECTION('',(0.,0.,1.));
#1455 = FACE_BOUND('',#1456,.T.);
#1456 = EDGE_LOOP('',(#1457));
#1457 = ORIENTED_EDGE('',*,*,#1269,.F.);
#1458 = PLANE('',#1459);
#1459 = AXIS2_PLACEMENT_3D('',#1460,#1461,#1462);
#1460 = CARTESIAN_POINT('',(-10.,0.,6.));
#1461 = DIRECTION('',(1.,0.,0.));
#1462 = DIRECTION('',(0.,0.,1.));
#1463 = ADVANCED_FACE('',(#1464),#1470,.T.);
#1464 = FACE_BOUND('',#1465,.T.);
#1465 = EDGE_LOOP('',(#1466,#1467,#1468,#1469));
#1466 = ORIENTED_EDGE('',*,*,#1382,.F.);
#1467 = ORIENTED_EDGE('',*,*,#1302,.T.);
#1468 = ORIENTED_EDGE('',*,*,#1334,.T.);
#1469 = ORIENTED_EDGE('',*,*,#1357,.F.);
#1470 = PLANE('',#1471);
#1471 = AXIS2_PLACEMENT_3D('',#1472,#1473,#1474);
#1472 = CARTESIAN_POINT('',(-3.5,-5.5,1.5));
#1473 = DIRECTION('',(0.,0.,1.));
#1474 = DIRECTION('',(1.,0.,0.));
#1475 = ADVANCED_FACE('',(#1476),#1487,.F.);
#1476 = FACE_BOUND('',#1477,.F.);
#1477 = EDGE_LOOP('',(#1478,#1479,#1485,#1486));
#1478 = ORIENTED_EDGE('',*,*,#1427,.F.);
#1479 = ORIENTED_EDGE('',*,*,#1480,.F.);
#1480 = EDGE_CURVE('',#1448,#1428,#1481,.T.);
#1481 = LINE('',#1482,#1483);
#1482 = CARTESIAN_POINT('',(-10.,6.368163355566E-16,8.6));
#1483 = VECTOR('',#1484,1.);
#1484 = DIRECTION('',(1.,0.,0.));
#1485 = ORIENTED_EDGE('',*,*,#1447,.T.);
#1486 = ORIENTED_EDGE('',*,*,#1480,.T.);
#1487 = CYLINDRICAL_SURFACE('',#1488,2.6);
#1488 = AXIS2_PLACEMENT_3D('',#1489,#1490,#1491);
#1489 = CARTESIAN_POINT('',(-10.,0.,6.));
#1490 = DIRECTION('',(1.,0.,0.));
#1491 = DIRECTION('',(0.,0.,1.));
#1492 = MANIFOLD_SOLID_BREP('',#1493);
#1493 = CLOSED_SHELL('',(#1494,#1527,#1536));
#1494 = ADVANCED_FACE('',(#1495),#1522,.T.);
#1495 = FACE_BOUND('',#1496,.T.);
#1496 = EDGE_LOOP('',(#1497,#1506,#1514,#1521));
#1497 = ORIENTED_EDGE('',*,*,#1498,.F.);
#1498 = EDGE_CURVE('',#1499,#1499,#1501,.T.);
#1499 = VERTEX_POINT('',#1500);
#1500 = CARTESIAN_POINT('',(4.9,-3.429011037613E-16,6.));
#1501 = CIRCLE('',#1502,1.4);
#1502 = AXIS2_PLACEMENT_3D('',#1503,#1504,#1505);
#1503 = CARTESIAN_POINT('',(3.5,0.,6.));
#1504 = DIRECTION('',(0.,0.,1.));
#1505 = DIRECTION('',(1.,0.,0.));
#1506 = ORIENTED_EDGE('',*,*,#1507,.F.);
#1507 = EDGE_CURVE('',#1508,#1499,#1510,.T.);
#1508 = VERTEX_POINT('',#1509);
#1509 = CARTESIAN_POINT('',(4.9,-3.429011037613E-16,3.5));
#1510 = LINE('',#1511,#1512);
#1511 = CARTESIAN_POINT('',(4.9,-3.429011037613E-16,3.5));
#1512 = VECTOR('',#1513,1.);
#1513 = DIRECTION('',(0.,0.,1.));
#1514 = ORIENTED_EDGE('',*,*,#1515,.T.);
#1515 = EDGE_CURVE('',#1508,#1508,#1516,.T.);
#1516 = CIRCLE('',#1517,1.4);
#1517 = AXIS2_PLACEMENT_3D('',#1518,#1519,#1520);
#1518 = CARTESIAN_POINT('',(3.5,0.,3.5));
#1519 = DIRECTION('',(0.,0.,1.));
#1520 = DIRECTION('',(1.,0.,0.));
#1521 = ORIENTED_EDGE('',*,*,#1507,.T.);
#1522 = CYLINDRICAL_SURFACE('',#1523,1.4);
#1523 = AXIS2_PLACEMENT_3D('',#1524,#1525,#1526);
#1524 = CARTESIAN_POINT('',(3.5,0.,3.5));
#1525 = DIRECTION('',(0.,0.,1.));
#1526 = DIRECTION('',(1.,0.,0.));
#1527 = ADVANCED_FACE('',(#1528),#1531,.T.);
#1528 = FACE_BOUND('',#1529,.T.);
#1529 = EDGE_LOOP('',(#1530));
#1530 = ORIENTED_EDGE('',*,*,#1498,.T.);
#1531 = PLANE('',#1532);
#1532 = AXIS2_PLACEMENT_3D('',#1533,#1534,#1535);
#1533 = CARTESIAN_POINT('',(3.5,0.,6.));
#1534 = DIRECTION('',(0.,0.,1.));
#1535 = DIRECTION('',(1.,0.,0.));
#1536 = ADVANCED_FACE('',(#1537),#1540,.F.);
#1537 = FACE_BOUND('',#1538,.T.);
#1538 = EDGE_LOOP('',(#1539));
#1539 = ORIENTED_EDGE('',*,*,#1515,.F.);
#1540 = PLANE('',#1541);
#1541 = AXIS2_PLACEMENT_3D('',#1542,#1543,#1544);
#1542 = CARTESIAN_POINT('',(3.5,0.,3.5));
#1543 = DIRECTION('',(0.,0.,1.));
#1544 = DIRECTION('',(1.,0.,0.));
#1545 = MANIFOLD_SOLID_BREP('',#1546);
#1546 = CLOSED_SHELL('',(#1547,#1587,#1618,#1697,#1721,#1874,#1886,#1911
    ,#1936,#1961,#1986,#2011,#2042,#2116,#2140,#2190,#2214,#2238,#2262,
    #2312,#2336,#2410,#2434,#2451,#2468,#2485,#2497,#2509,#2521,#2580,
    #2592,#2603,#2614,#2645,#2669,#2693,#2710));
#1547 = ADVANCED_FACE('',(#1548),#1582,.F.);
#1548 = FACE_BOUND('',#1549,.F.);
#1549 = EDGE_LOOP('',(#1550,#1560,#1568,#1576));
#1550 = ORIENTED_EDGE('',*,*,#1551,.F.);
#1551 = EDGE_CURVE('',#1552,#1554,#1556,.T.);
#1552 = VERTEX_POINT('',#1553);
#1553 = CARTESIAN_POINT('',(-18.,-10.5,12.));
#1554 = VERTEX_POINT('',#1555);
#1555 = CARTESIAN_POINT('',(-18.,-10.5,14.6));
#1556 = LINE('',#1557,#1558);
#1557 = CARTESIAN_POINT('',(-18.,-10.5,12.));
#1558 = VECTOR('',#1559,1.);
#1559 = DIRECTION('',(0.,0.,1.));
#1560 = ORIENTED_EDGE('',*,*,#1561,.T.);
#1561 = EDGE_CURVE('',#1552,#1562,#1564,.T.);
#1562 = VERTEX_POINT('',#1563);
#1563 = CARTESIAN_POINT('',(-18.,10.5,12.));
#1564 = LINE('',#1565,#1566);
#1565 = CARTESIAN_POINT('',(-18.,-10.5,12.));
#1566 = VECTOR('',#1567,1.);
#1567 = DIRECTION('',(0.,1.,0.));
#1568 = ORIENTED_EDGE('',*,*,#1569,.T.);
#1569 = EDGE_CURVE('',#1562,#1570,#1572,.T.);
#1570 = VERTEX_POINT('',#1571);
#1571 = CARTESIAN_POINT('',(-18.,10.5,14.6));
#1572 = LINE('',#1573,#1574);
#1573 = CARTESIAN_POINT('',(-18.,10.5,12.));
#1574 = VECTOR('',#1575,1.);
#1575 = DIRECTION('',(0.,0.,1.));
#1576 = ORIENTED_EDGE('',*,*,#1577,.F.);
#1577 = EDGE_CURVE('',#1554,#1570,#1578,.T.);
#1578 = LINE('',#1579,#1580);
#1579 = CARTESIAN_POINT('',(-18.,-10.5,14.6));
#1580 = VECTOR('',#1581,1.);
#1581 = DIRECTION('',(0.,1.,0.));
#1582 = PLANE('',#1583);
#1583 = AXIS2_PLACEMENT_3D('',#1584,#1585,#1586);
#1584 = CARTESIAN_POINT('',(-18.,-10.5,12.));
#1585 = DIRECTION('',(1.,0.,0.));
#1586 = DIRECTION('',(0.,0.,1.));
#1587 = ADVANCED_FACE('',(#1588),#1613,.F.);
#1588 = FACE_BOUND('',#1589,.F.);
#1589 = EDGE_LOOP('',(#1590,#1598,#1599,#1607));
#1590 = ORIENTED_EDGE('',*,*,#1591,.F.);
#1591 = EDGE_CURVE('',#1552,#1592,#1594,.T.);
#1592 = VERTEX_POINT('',#1593);
#1593 = CARTESIAN_POINT('',(21.2,-10.5,12.));
#1594 = LINE('',#1595,#1596);
#1595 = CARTESIAN_POINT('',(-18.,-10.5,12.));
#1596 = VECTOR('',#1597,1.);
#1597 = DIRECTION('',(1.,0.,0.));
#1598 = ORIENTED_EDGE('',*,*,#1551,.T.);
#1599 = ORIENTED_EDGE('',*,*,#1600,.T.);
#1600 = EDGE_CURVE('',#1554,#1601,#1603,.T.);
#1601 = VERTEX_POINT('',#1602);
#1602 = CARTESIAN_POINT('',(21.2,-10.5,14.6));
#1603 = LINE('',#1604,#1605);
#1604 = CARTESIAN_POINT('',(-18.,-10.5,14.6));
#1605 = VECTOR('',#1606,1.);
#1606 = DIRECTION('',(1.,0.,0.));
#1607 = ORIENTED_EDGE('',*,*,#1608,.F.);
#1608 = EDGE_CURVE('',#1592,#1601,#1609,.T.);
#1609 = LINE('',#1610,#1611);
#1610 = CARTESIAN_POINT('',(21.2,-10.5,12.));
#1611 = VECTOR('',#1612,1.);
#1612 = DIRECTION('',(0.,0.,1.));
#1613 = PLANE('',#1614);
#1614 = AXIS2_PLACEMENT_3D('',#1615,#1616,#1617);
#1615 = CARTESIAN_POINT('',(-18.,-10.5,12.));
#1616 = DIRECTION('',(0.,1.,0.));
#1617 = DIRECTION('',(0.,0.,1.));
#1618 = ADVANCED_FACE('',(#1619,#1637,#1648,#1659,#1670,#1681),#1692,.T.
  );
#1619 = FACE_BOUND('',#1620,.T.);
#1620 = EDGE_LOOP('',(#1621,#1622,#1623,#1631));
#1621 = ORIENTED_EDGE('',*,*,#1577,.F.);
#1622 = ORIENTED_EDGE('',*,*,#1600,.T.);
#1623 = ORIENTED_EDGE('',*,*,#1624,.T.);
#1624 = EDGE_CURVE('',#1601,#1625,#1627,.T.);
#1625 = VERTEX_POINT('',#1626);
#1626 = CARTESIAN_POINT('',(21.2,10.5,14.6));
#1627 = LINE('',#1628,#1629);
#1628 = CARTESIAN_POINT('',(21.2,-10.5,14.6));
#1629 = VECTOR('',#1630,1.);
#1630 = DIRECTION('',(0.,1.,0.));
#1631 = ORIENTED_EDGE('',*,*,#1632,.F.);
#1632 = EDGE_CURVE('',#1570,#1625,#1633,.T.);
#1633 = LINE('',#1634,#1635);
#1634 = CARTESIAN_POINT('',(-18.,10.5,14.6));
#1635 = VECTOR('',#1636,1.);
#1636 = DIRECTION('',(1.,0.,0.));
#1637 = FACE_BOUND('',#1638,.T.);
#1638 = EDGE_LOOP('',(#1639));
#1639 = ORIENTED_EDGE('',*,*,#1640,.F.);
#1640 = EDGE_CURVE('',#1641,#1641,#1643,.T.);
#1641 = VERTEX_POINT('',#1642);
#1642 = CARTESIAN_POINT('',(-13.6,-7.5,14.6));
#1643 = CIRCLE('',#1644,1.4);
#1644 = AXIS2_PLACEMENT_3D('',#1645,#1646,#1647);
#1645 = CARTESIAN_POINT('',(-15.,-7.5,14.6));
#1646 = DIRECTION('',(0.,0.,1.));
#1647 = DIRECTION('',(1.,0.,0.));
#1648 = FACE_BOUND('',#1649,.T.);
#1649 = EDGE_LOOP('',(#1650));
#1650 = ORIENTED_EDGE('',*,*,#1651,.F.);
#1651 = EDGE_CURVE('',#1652,#1652,#1654,.T.);
#1652 = VERTEX_POINT('',#1653);
#1653 = CARTESIAN_POINT('',(19.4,-7.5,14.6));
#1654 = CIRCLE('',#1655,1.4);
#1655 = AXIS2_PLACEMENT_3D('',#1656,#1657,#1658);
#1656 = CARTESIAN_POINT('',(18.,-7.5,14.6));
#1657 = DIRECTION('',(0.,0.,1.));
#1658 = DIRECTION('',(1.,0.,0.));
#1659 = FACE_BOUND('',#1660,.T.);
#1660 = EDGE_LOOP('',(#1661));
#1661 = ORIENTED_EDGE('',*,*,#1662,.F.);
#1662 = EDGE_CURVE('',#1663,#1663,#1665,.T.);
#1663 = VERTEX_POINT('',#1664);
#1664 = CARTESIAN_POINT('',(-13.6,7.5,14.6));
#1665 = CIRCLE('',#1666,1.4);
#1666 = AXIS2_PLACEMENT_3D('',#1667,#1668,#1669);
#1667 = CARTESIAN_POINT('',(-15.,7.5,14.6));
#1668 = DIRECTION('',(0.,0.,1.));
#1669 = DIRECTION('',(1.,0.,0.));
#1670 = FACE_BOUND('',#1671,.T.);
#1671 = EDGE_LOOP('',(#1672));
#1672 = ORIENTED_EDGE('',*,*,#1673,.F.);
#1673 = EDGE_CURVE('',#1674,#1674,#1676,.T.);
#1674 = VERTEX_POINT('',#1675);
#1675 = CARTESIAN_POINT('',(7.826086956522,2.5,14.6));
#1676 = CIRCLE('',#1677,1.826086956522);
#1677 = AXIS2_PLACEMENT_3D('',#1678,#1679,#1680);
#1678 = CARTESIAN_POINT('',(6.,2.5,14.6));
#1679 = DIRECTION('',(0.,0.,1.));
#1680 = DIRECTION('',(1.,0.,0.));
#1681 = FACE_BOUND('',#1682,.T.);
#1682 = EDGE_LOOP('',(#1683));
#1683 = ORIENTED_EDGE('',*,*,#1684,.F.);
#1684 = EDGE_CURVE('',#1685,#1685,#1687,.T.);
#1685 = VERTEX_POINT('',#1686);
#1686 = CARTESIAN_POINT('',(19.4,7.5,14.6));
#1687 = CIRCLE('',#1688,1.4);
#1688 = AXIS2_PLACEMENT_3D('',#1689,#1690,#1691);
#1689 = CARTESIAN_POINT('',(18.,7.5,14.6));
#1690 = DIRECTION('',(0.,0.,1.));
#1691 = DIRECTION('',(1.,0.,0.));
#1692 = PLANE('',#1693);
#1693 = AXIS2_PLACEMENT_3D('',#1694,#1695,#1696);
#1694 = CARTESIAN_POINT('',(-18.,-10.5,14.6));
#1695 = DIRECTION('',(0.,0.,1.));
#1696 = DIRECTION('',(1.,0.,0.));
#1697 = ADVANCED_FACE('',(#1698),#1716,.T.);
#1698 = FACE_BOUND('',#1699,.T.);
#1699 = EDGE_LOOP('',(#1700,#1708,#1709,#1710));
#1700 = ORIENTED_EDGE('',*,*,#1701,.F.);
#1701 = EDGE_CURVE('',#1562,#1702,#1704,.T.);
#1702 = VERTEX_POINT('',#1703);
#1703 = CARTESIAN_POINT('',(21.2,10.5,12.));
#1704 = LINE('',#1705,#1706);
#1705 = CARTESIAN_POINT('',(-18.,10.5,12.));
#1706 = VECTOR('',#1707,1.);
#1707 = DIRECTION('',(1.,0.,0.));
#1708 = ORIENTED_EDGE('',*,*,#1569,.T.);
#1709 = ORIENTED_EDGE('',*,*,#1632,.T.);
#1710 = ORIENTED_EDGE('',*,*,#1711,.F.);
#1711 = EDGE_CURVE('',#1702,#1625,#1712,.T.);
#1712 = LINE('',#1713,#1714);
#1713 = CARTESIAN_POINT('',(21.2,10.5,12.));
#1714 = VECTOR('',#1715,1.);
#1715 = DIRECTION('',(0.,0.,1.));
#1716 = PLANE('',#1717);
#1717 = AXIS2_PLACEMENT_3D('',#1718,#1719,#1720);
#1718 = CARTESIAN_POINT('',(-18.,10.5,12.));
#1719 = DIRECTION('',(0.,1.,0.));
#1720 = DIRECTION('',(0.,0.,1.));
#1721 = ADVANCED_FACE('',(#1722,#1733),#1869,.F.);
#1722 = FACE_BOUND('',#1723,.F.);
#1723 = EDGE_LOOP('',(#1724,#1725,#1726,#1732));
#1724 = ORIENTED_EDGE('',*,*,#1561,.F.);
#1725 = ORIENTED_EDGE('',*,*,#1591,.T.);
#1726 = ORIENTED_EDGE('',*,*,#1727,.T.);
#1727 = EDGE_CURVE('',#1592,#1702,#1728,.T.);
#1728 = LINE('',#1729,#1730);
#1729 = CARTESIAN_POINT('',(21.2,-10.5,12.));
#1730 = VECTOR('',#1731,1.);
#1731 = DIRECTION('',(0.,1.,0.));
#1732 = ORIENTED_EDGE('',*,*,#1701,.F.);
#1733 = FACE_BOUND('',#1734,.F.);
#1734 = EDGE_LOOP('',(#1735,#1745,#1753,#1762,#1770,#1779,#1787,#1795,
    #1804,#1812,#1821,#1829,#1837,#1845,#1854,#1862));
#1735 = ORIENTED_EDGE('',*,*,#1736,.F.);
#1736 = EDGE_CURVE('',#1737,#1739,#1741,.T.);
#1737 = VERTEX_POINT('',#1738);
#1738 = CARTESIAN_POINT('',(-16.3,-8.8,12.));
#1739 = VERTEX_POINT('',#1740);
#1740 = CARTESIAN_POINT('',(-15.51961524227,-8.8,12.));
#1741 = LINE('',#1742,#1743);
#1742 = CARTESIAN_POINT('',(-16.3,-8.8,12.));
#1743 = VECTOR('',#1744,1.);
#1744 = DIRECTION('',(1.,0.,0.));
#1745 = ORIENTED_EDGE('',*,*,#1746,.T.);
#1746 = EDGE_CURVE('',#1737,#1747,#1749,.T.);
#1747 = VERTEX_POINT('',#1748);
#1748 = CARTESIAN_POINT('',(-16.3,-8.019615242271,12.));
#1749 = LINE('',#1750,#1751);
#1750 = CARTESIAN_POINT('',(-16.3,-8.8,12.));
#1751 = VECTOR('',#1752,1.);
#1752 = DIRECTION('',(0.,1.,0.));
#1753 = ORIENTED_EDGE('',*,*,#1754,.F.);
#1754 = EDGE_CURVE('',#1755,#1747,#1757,.T.);
#1755 = VERTEX_POINT('',#1756);
#1756 = CARTESIAN_POINT('',(-16.3,-6.980384757729,12.));
#1757 = CIRCLE('',#1758,1.4);
#1758 = AXIS2_PLACEMENT_3D('',#1759,#1760,#1761);
#1759 = CARTESIAN_POINT('',(-15.,-7.5,12.));
#1760 = DIRECTION('',(0.,0.,1.));
#1761 = DIRECTION('',(1.,0.,0.));
#1762 = ORIENTED_EDGE('',*,*,#1763,.T.);
#1763 = EDGE_CURVE('',#1755,#1764,#1766,.T.);
#1764 = VERTEX_POINT('',#1765);
#1765 = CARTESIAN_POINT('',(-16.3,6.980384757729,12.));
#1766 = LINE('',#1767,#1768);
#1767 = CARTESIAN_POINT('',(-16.3,-8.8,12.));
#1768 = VECTOR('',#1769,1.);
#1769 = DIRECTION('',(0.,1.,0.));
#1770 = ORIENTED_EDGE('',*,*,#1771,.F.);
#1771 = EDGE_CURVE('',#1772,#1764,#1774,.T.);
#1772 = VERTEX_POINT('',#1773);
#1773 = CARTESIAN_POINT('',(-16.3,8.019615242271,12.));
#1774 = CIRCLE('',#1775,1.4);
#1775 = AXIS2_PLACEMENT_3D('',#1776,#1777,#1778);
#1776 = CARTESIAN_POINT('',(-15.,7.5,12.));
#1777 = DIRECTION('',(0.,0.,1.));
#1778 = DIRECTION('',(1.,0.,0.));
#1779 = ORIENTED_EDGE('',*,*,#1780,.T.);
#1780 = EDGE_CURVE('',#1772,#1781,#1783,.T.);
#1781 = VERTEX_POINT('',#1782);
#1782 = CARTESIAN_POINT('',(-16.3,8.8,12.));
#1783 = LINE('',#1784,#1785);
#1784 = CARTESIAN_POINT('',(-16.3,-8.8,12.));
#1785 = VECTOR('',#1786,1.);
#1786 = DIRECTION('',(0.,1.,0.));
#1787 = ORIENTED_EDGE('',*,*,#1788,.T.);
#1788 = EDGE_CURVE('',#1781,#1789,#1791,.T.);
#1789 = VERTEX_POINT('',#1790);
#1790 = CARTESIAN_POINT('',(-15.51961524227,8.8,12.));
#1791 = LINE('',#1792,#1793);
#1792 = CARTESIAN_POINT('',(-16.3,8.8,12.));
#1793 = VECTOR('',#1794,1.);
#1794 = DIRECTION('',(1.,0.,0.));
#1795 = ORIENTED_EDGE('',*,*,#1796,.F.);
#1796 = EDGE_CURVE('',#1797,#1789,#1799,.T.);
#1797 = VERTEX_POINT('',#1798);
#1798 = CARTESIAN_POINT('',(-14.48038475772,8.8,12.));
#1799 = CIRCLE('',#1800,1.4);
#1800 = AXIS2_PLACEMENT_3D('',#1801,#1802,#1803);
#1801 = CARTESIAN_POINT('',(-15.,7.5,12.));
#1802 = DIRECTION('',(0.,0.,1.));
#1803 = DIRECTION('',(1.,0.,0.));
#1804 = ORIENTED_EDGE('',*,*,#1805,.T.);
#1805 = EDGE_CURVE('',#1797,#1806,#1808,.T.);
#1806 = VERTEX_POINT('',#1807);
#1807 = CARTESIAN_POINT('',(17.48038475773,8.8,12.));
#1808 = LINE('',#1809,#1810);
#1809 = CARTESIAN_POINT('',(-16.3,8.8,12.));
#1810 = VECTOR('',#1811,1.);
#1811 = DIRECTION('',(1.,0.,0.));
#1812 = ORIENTED_EDGE('',*,*,#1813,.F.);
#1813 = EDGE_CURVE('',#1814,#1806,#1816,.T.);
#1814 = VERTEX_POINT('',#1815);
#1815 = CARTESIAN_POINT('',(18.51961524227,8.8,12.));
#1816 = CIRCLE('',#1817,1.4);
#1817 = AXIS2_PLACEMENT_3D('',#1818,#1819,#1820);
#1818 = CARTESIAN_POINT('',(18.,7.5,12.));
#1819 = DIRECTION('',(0.,0.,1.));
#1820 = DIRECTION('',(1.,0.,0.));
#1821 = ORIENTED_EDGE('',*,*,#1822,.T.);
#1822 = EDGE_CURVE('',#1814,#1823,#1825,.T.);
#1823 = VERTEX_POINT('',#1824);
#1824 = CARTESIAN_POINT('',(19.5,8.8,12.));
#1825 = LINE('',#1826,#1827);
#1826 = CARTESIAN_POINT('',(-16.3,8.8,12.));
#1827 = VECTOR('',#1828,1.);
#1828 = DIRECTION('',(1.,0.,0.));
#1829 = ORIENTED_EDGE('',*,*,#1830,.F.);
#1830 = EDGE_CURVE('',#1831,#1823,#1833,.T.);
#1831 = VERTEX_POINT('',#1832);
#1832 = CARTESIAN_POINT('',(19.5,-8.8,12.));
#1833 = LINE('',#1834,#1835);
#1834 = CARTESIAN_POINT('',(19.5,-8.8,12.));
#1835 = VECTOR('',#1836,1.);
#1836 = DIRECTION('',(0.,1.,0.));
#1837 = ORIENTED_EDGE('',*,*,#1838,.F.);
#1838 = EDGE_CURVE('',#1839,#1831,#1841,.T.);
#1839 = VERTEX_POINT('',#1840);
#1840 = CARTESIAN_POINT('',(18.51961524227,-8.8,12.));
#1841 = LINE('',#1842,#1843);
#1842 = CARTESIAN_POINT('',(-16.3,-8.8,12.));
#1843 = VECTOR('',#1844,1.);
#1844 = DIRECTION('',(1.,0.,0.));
#1845 = ORIENTED_EDGE('',*,*,#1846,.F.);
#1846 = EDGE_CURVE('',#1847,#1839,#1849,.T.);
#1847 = VERTEX_POINT('',#1848);
#1848 = CARTESIAN_POINT('',(17.48038475773,-8.8,12.));
#1849 = CIRCLE('',#1850,1.4);
#1850 = AXIS2_PLACEMENT_3D('',#1851,#1852,#1853);
#1851 = CARTESIAN_POINT('',(18.,-7.5,12.));
#1852 = DIRECTION('',(0.,0.,1.));
#1853 = DIRECTION('',(1.,0.,0.));
#1854 = ORIENTED_EDGE('',*,*,#1855,.F.);
#1855 = EDGE_CURVE('',#1856,#1847,#1858,.T.);
#1856 = VERTEX_POINT('',#1857);
#1857 = CARTESIAN_POINT('',(-14.48038475772,-8.8,12.));
#1858 = LINE('',#1859,#1860);
#1859 = CARTESIAN_POINT('',(-16.3,-8.8,12.));
#1860 = VECTOR('',#1861,1.);
#1861 = DIRECTION('',(1.,0.,0.));
#1862 = ORIENTED_EDGE('',*,*,#1863,.F.);
#1863 = EDGE_CURVE('',#1739,#1856,#1864,.T.);
#1864 = CIRCLE('',#1865,1.4);
#1865 = AXIS2_PLACEMENT_3D('',#1866,#1867,#1868);
#1866 = CARTESIAN_POINT('',(-15.,-7.5,12.));
#1867 = DIRECTION('',(0.,0.,1.));
#1868 = DIRECTION('',(1.,0.,0.));
#1869 = PLANE('',#1870);
#1870 = AXIS2_PLACEMENT_3D('',#1871,#1872,#1873);
#1871 = CARTESIAN_POINT('',(-18.,-10.5,12.));
#1872 = DIRECTION('',(0.,0.,1.));
#1873 = DIRECTION('',(1.,0.,0.));
#1874 = ADVANCED_FACE('',(#1875),#1881,.T.);
#1875 = FACE_BOUND('',#1876,.T.);
#1876 = EDGE_LOOP('',(#1877,#1878,#1879,#1880));
#1877 = ORIENTED_EDGE('',*,*,#1608,.F.);
#1878 = ORIENTED_EDGE('',*,*,#1727,.T.);
#1879 = ORIENTED_EDGE('',*,*,#1711,.T.);
#1880 = ORIENTED_EDGE('',*,*,#1624,.F.);
#1881 = PLANE('',#1882);
#1882 = AXIS2_PLACEMENT_3D('',#1883,#1884,#1885);
#1883 = CARTESIAN_POINT('',(21.2,-10.5,12.));
#1884 = DIRECTION('',(1.,0.,0.));
#1885 = DIRECTION('',(0.,0.,1.));
#1886 = ADVANCED_FACE('',(#1887),#1906,.F.);
#1887 = FACE_BOUND('',#1888,.F.);
#1888 = EDGE_LOOP('',(#1889,#1890,#1898,#1905));
#1889 = ORIENTED_EDGE('',*,*,#1640,.F.);
#1890 = ORIENTED_EDGE('',*,*,#1891,.F.);
#1891 = EDGE_CURVE('',#1892,#1641,#1894,.T.);
#1892 = VERTEX_POINT('',#1893);
#1893 = CARTESIAN_POINT('',(-12.2,-7.5,13.1));
#1894 = LINE('',#1895,#1896);
#1895 = CARTESIAN_POINT('',(-12.2,-7.5,13.1));
#1896 = VECTOR('',#1897,1.);
#1897 = DIRECTION('',(-0.68231825036,1.671197722606E-16,0.731055268243)
  );
#1898 = ORIENTED_EDGE('',*,*,#1899,.T.);
#1899 = EDGE_CURVE('',#1892,#1892,#1900,.T.);
#1900 = CIRCLE('',#1901,2.8);
#1901 = AXIS2_PLACEMENT_3D('',#1902,#1903,#1904);
#1902 = CARTESIAN_POINT('',(-15.,-7.5,13.1));
#1903 = DIRECTION('',(0.,0.,1.));
#1904 = DIRECTION('',(1.,0.,0.));
#1905 = ORIENTED_EDGE('',*,*,#1891,.T.);
#1906 = CONICAL_SURFACE('',#1907,2.8,0.750929062398);
#1907 = AXIS2_PLACEMENT_3D('',#1908,#1909,#1910);
#1908 = CARTESIAN_POINT('',(-15.,-7.5,13.1));
#1909 = DIRECTION('',(-0.,-0.,-1.));
#1910 = DIRECTION('',(1.,0.,0.));
#1911 = ADVANCED_FACE('',(#1912),#1931,.F.);
#1912 = FACE_BOUND('',#1913,.F.);
#1913 = EDGE_LOOP('',(#1914,#1915,#1923,#1930));
#1914 = ORIENTED_EDGE('',*,*,#1651,.F.);
#1915 = ORIENTED_EDGE('',*,*,#1916,.F.);
#1916 = EDGE_CURVE('',#1917,#1652,#1919,.T.);
#1917 = VERTEX_POINT('',#1918);
#1918 = CARTESIAN_POINT('',(20.8,-7.5,13.1));
#1919 = LINE('',#1920,#1921);
#1920 = CARTESIAN_POINT('',(20.8,-7.5,13.1));
#1921 = VECTOR('',#1922,1.);
#1922 = DIRECTION('',(-0.68231825036,1.671197722606E-16,0.731055268243)
  );
#1923 = ORIENTED_EDGE('',*,*,#1924,.T.);
#1924 = EDGE_CURVE('',#1917,#1917,#1925,.T.);
#1925 = CIRCLE('',#1926,2.8);
#1926 = AXIS2_PLACEMENT_3D('',#1927,#1928,#1929);
#1927 = CARTESIAN_POINT('',(18.,-7.5,13.1));
#1928 = DIRECTION('',(0.,0.,1.));
#1929 = DIRECTION('',(1.,0.,0.));
#1930 = ORIENTED_EDGE('',*,*,#1916,.T.);
#1931 = CONICAL_SURFACE('',#1932,2.8,0.750929062398);
#1932 = AXIS2_PLACEMENT_3D('',#1933,#1934,#1935);
#1933 = CARTESIAN_POINT('',(18.,-7.5,13.1));
#1934 = DIRECTION('',(-0.,-0.,-1.));
#1935 = DIRECTION('',(1.,0.,0.));
#1936 = ADVANCED_FACE('',(#1937),#1956,.F.);
#1937 = FACE_BOUND('',#1938,.F.);
#1938 = EDGE_LOOP('',(#1939,#1940,#1948,#1955));
#1939 = ORIENTED_EDGE('',*,*,#1662,.F.);
#1940 = ORIENTED_EDGE('',*,*,#1941,.F.);
#1941 = EDGE_CURVE('',#1942,#1663,#1944,.T.);
#1942 = VERTEX_POINT('',#1943);
#1943 = CARTESIAN_POINT('',(-12.2,7.5,13.1));
#1944 = LINE('',#1945,#1946);
#1945 = CARTESIAN_POINT('',(-12.2,7.5,13.1));
#1946 = VECTOR('',#1947,1.);
#1947 = DIRECTION('',(-0.68231825036,1.671197722606E-16,0.731055268243)
  );
#1948 = ORIENTED_EDGE('',*,*,#1949,.T.);
#1949 = EDGE_CURVE('',#1942,#1942,#1950,.T.);
#1950 = CIRCLE('',#1951,2.8);
#1951 = AXIS2_PLACEMENT_3D('',#1952,#1953,#1954);
#1952 = CARTESIAN_POINT('',(-15.,7.5,13.1));
#1953 = DIRECTION('',(0.,0.,1.));
#1954 = DIRECTION('',(1.,0.,0.));
#1955 = ORIENTED_EDGE('',*,*,#1941,.T.);
#1956 = CONICAL_SURFACE('',#1957,2.8,0.750929062398);
#1957 = AXIS2_PLACEMENT_3D('',#1958,#1959,#1960);
#1958 = CARTESIAN_POINT('',(-15.,7.5,13.1));
#1959 = DIRECTION('',(-0.,-0.,-1.));
#1960 = DIRECTION('',(1.,0.,0.));
#1961 = ADVANCED_FACE('',(#1962),#1981,.F.);
#1962 = FACE_BOUND('',#1963,.F.);
#1963 = EDGE_LOOP('',(#1964,#1965,#1973,#1980));
#1964 = ORIENTED_EDGE('',*,*,#1673,.F.);
#1965 = ORIENTED_EDGE('',*,*,#1966,.F.);
#1966 = EDGE_CURVE('',#1967,#1674,#1969,.T.);
#1967 = VERTEX_POINT('',#1968);
#1968 = CARTESIAN_POINT('',(7.2,2.5,11.));
#1969 = LINE('',#1970,#1971);
#1970 = CARTESIAN_POINT('',(7.2,2.5,11.));
#1971 = VECTOR('',#1972,1.);
#1972 = DIRECTION('',(0.171341174751,-4.196648424425E-17,0.98521175482)
  );
#1973 = ORIENTED_EDGE('',*,*,#1974,.T.);
#1974 = EDGE_CURVE('',#1967,#1967,#1975,.T.);
#1975 = CIRCLE('',#1976,1.2);
#1976 = AXIS2_PLACEMENT_3D('',#1977,#1978,#1979);
#1977 = CARTESIAN_POINT('',(6.,2.5,11.));
#1978 = DIRECTION('',(0.,0.,1.));
#1979 = DIRECTION('',(1.,0.,0.));
#1980 = ORIENTED_EDGE('',*,*,#1966,.T.);
#1981 = CONICAL_SURFACE('',#1982,1.2,0.172190814523);
#1982 = AXIS2_PLACEMENT_3D('',#1983,#1984,#1985);
#1983 = CARTESIAN_POINT('',(6.,2.5,11.));
#1984 = DIRECTION('',(0.,0.,1.));
#1985 = DIRECTION('',(1.,0.,0.));
#1986 = ADVANCED_FACE('',(#1987),#2006,.F.);
#1987 = FACE_BOUND('',#1988,.F.);
#1988 = EDGE_LOOP('',(#1989,#1990,#1998,#2005));
#1989 = ORIENTED_EDGE('',*,*,#1684,.F.);
#1990 = ORIENTED_EDGE('',*,*,#1991,.F.);
#1991 = EDGE_CURVE('',#1992,#1685,#1994,.T.);
#1992 = VERTEX_POINT('',#1993);
#1993 = CARTESIAN_POINT('',(20.8,7.5,13.1));
#1994 = LINE('',#1995,#1996);
#1995 = CARTESIAN_POINT('',(20.8,7.5,13.1));
#1996 = VECTOR('',#1997,1.);
#1997 = DIRECTION('',(-0.68231825036,1.671197722606E-16,0.731055268243)
  );
#1998 = ORIENTED_EDGE('',*,*,#1999,.T.);
#1999 = EDGE_CURVE('',#1992,#1992,#2000,.T.);
#2000 = CIRCLE('',#2001,2.8);
#2001 = AXIS2_PLACEMENT_3D('',#2002,#2003,#2004);
#2002 = CARTESIAN_POINT('',(18.,7.5,13.1));
#2003 = DIRECTION('',(0.,0.,1.));
#2004 = DIRECTION('',(1.,0.,0.));
#2005 = ORIENTED_EDGE('',*,*,#1991,.T.);
#2006 = CONICAL_SURFACE('',#2007,2.8,0.750929062398);
#2007 = AXIS2_PLACEMENT_3D('',#2008,#2009,#2010);
#2008 = CARTESIAN_POINT('',(18.,7.5,13.1));
#2009 = DIRECTION('',(-0.,-0.,-1.));
#2010 = DIRECTION('',(1.,0.,0.));
#2011 = ADVANCED_FACE('',(#2012),#2037,.F.);
#2012 = FACE_BOUND('',#2013,.F.);
#2013 = EDGE_LOOP('',(#2014,#2024,#2030,#2031));
#2014 = ORIENTED_EDGE('',*,*,#2015,.F.);
#2015 = EDGE_CURVE('',#2016,#2018,#2020,.T.);
#2016 = VERTEX_POINT('',#2017);
#2017 = CARTESIAN_POINT('',(-16.3,-8.8,11.));
#2018 = VERTEX_POINT('',#2019);
#2019 = CARTESIAN_POINT('',(-15.51961524227,-8.8,11.));
#2020 = LINE('',#2021,#2022);
#2021 = CARTESIAN_POINT('',(-16.3,-8.8,11.));
#2022 = VECTOR('',#2023,1.);
#2023 = DIRECTION('',(1.,0.,0.));
#2024 = ORIENTED_EDGE('',*,*,#2025,.T.);
#2025 = EDGE_CURVE('',#2016,#1737,#2026,.T.);
#2026 = LINE('',#2027,#2028);
#2027 = CARTESIAN_POINT('',(-16.3,-8.8,11.));
#2028 = VECTOR('',#2029,1.);
#2029 = DIRECTION('',(0.,0.,1.));
#2030 = ORIENTED_EDGE('',*,*,#1736,.T.);
#2031 = ORIENTED_EDGE('',*,*,#2032,.F.);
#2032 = EDGE_CURVE('',#2018,#1739,#2033,.T.);
#2033 = LINE('',#2034,#2035);
#2034 = CARTESIAN_POINT('',(-15.51961524227,-8.8,10.5));
#2035 = VECTOR('',#2036,1.);
#2036 = DIRECTION('',(0.,0.,1.));
#2037 = PLANE('',#2038);
#2038 = AXIS2_PLACEMENT_3D('',#2039,#2040,#2041);
#2039 = CARTESIAN_POINT('',(-16.3,-8.8,11.));
#2040 = DIRECTION('',(0.,1.,0.));
#2041 = DIRECTION('',(0.,0.,1.));
#2042 = ADVANCED_FACE('',(#2043),#2111,.F.);
#2043 = FACE_BOUND('',#2044,.F.);
#2044 = EDGE_LOOP('',(#2045,#2055,#2062,#2063,#2072,#2078,#2079,#2087,
    #2094,#2095,#2096,#2104));
#2045 = ORIENTED_EDGE('',*,*,#2046,.T.);
#2046 = EDGE_CURVE('',#2047,#2049,#2051,.T.);
#2047 = VERTEX_POINT('',#2048);
#2048 = CARTESIAN_POINT('',(-13.6,-7.5,11.));
#2049 = VERTEX_POINT('',#2050);
#2050 = CARTESIAN_POINT('',(-13.6,-7.5,13.1));
#2051 = LINE('',#2052,#2053);
#2052 = CARTESIAN_POINT('',(-13.6,-7.5,10.5));
#2053 = VECTOR('',#2054,1.);
#2054 = DIRECTION('',(0.,0.,1.));
#2055 = ORIENTED_EDGE('',*,*,#2056,.F.);
#2056 = EDGE_CURVE('',#2049,#2049,#2057,.T.);
#2057 = CIRCLE('',#2058,1.4);
#2058 = AXIS2_PLACEMENT_3D('',#2059,#2060,#2061);
#2059 = CARTESIAN_POINT('',(-15.,-7.5,13.1));
#2060 = DIRECTION('',(0.,0.,1.));
#2061 = DIRECTION('',(1.,0.,0.));
#2062 = ORIENTED_EDGE('',*,*,#2046,.F.);
#2063 = ORIENTED_EDGE('',*,*,#2064,.T.);
#2064 = EDGE_CURVE('',#2047,#2065,#2067,.T.);
#2065 = VERTEX_POINT('',#2066);
#2066 = CARTESIAN_POINT('',(-16.3,-6.980384757729,11.));
#2067 = CIRCLE('',#2068,1.4);
#2068 = AXIS2_PLACEMENT_3D('',#2069,#2070,#2071);
#2069 = CARTESIAN_POINT('',(-15.,-7.5,11.));
#2070 = DIRECTION('',(0.,0.,1.));
#2071 = DIRECTION('',(1.,0.,0.));
#2072 = ORIENTED_EDGE('',*,*,#2073,.T.);
#2073 = EDGE_CURVE('',#2065,#1755,#2074,.T.);
#2074 = LINE('',#2075,#2076);
#2075 = CARTESIAN_POINT('',(-16.3,-6.980384757729,10.5));
#2076 = VECTOR('',#2077,1.);
#2077 = DIRECTION('',(0.,0.,1.));
#2078 = ORIENTED_EDGE('',*,*,#1754,.T.);
#2079 = ORIENTED_EDGE('',*,*,#2080,.F.);
#2080 = EDGE_CURVE('',#2081,#1747,#2083,.T.);
#2081 = VERTEX_POINT('',#2082);
#2082 = CARTESIAN_POINT('',(-16.3,-8.019615242271,11.));
#2083 = LINE('',#2084,#2085);
#2084 = CARTESIAN_POINT('',(-16.3,-8.019615242271,10.5));
#2085 = VECTOR('',#2086,1.);
#2086 = DIRECTION('',(0.,0.,1.));
#2087 = ORIENTED_EDGE('',*,*,#2088,.T.);
#2088 = EDGE_CURVE('',#2081,#2018,#2089,.T.);
#2089 = CIRCLE('',#2090,1.4);
#2090 = AXIS2_PLACEMENT_3D('',#2091,#2092,#2093);
#2091 = CARTESIAN_POINT('',(-15.,-7.5,11.));
#2092 = DIRECTION('',(0.,0.,1.));
#2093 = DIRECTION('',(1.,0.,0.));
#2094 = ORIENTED_EDGE('',*,*,#2032,.T.);
#2095 = ORIENTED_EDGE('',*,*,#1863,.T.);
#2096 = ORIENTED_EDGE('',*,*,#2097,.F.);
#2097 = EDGE_CURVE('',#2098,#1856,#2100,.T.);
#2098 = VERTEX_POINT('',#2099);
#2099 = CARTESIAN_POINT('',(-14.48038475772,-8.8,11.));
#2100 = LINE('',#2101,#2102);
#2101 = CARTESIAN_POINT('',(-14.48038475772,-8.8,10.5));
#2102 = VECTOR('',#2103,1.);
#2103 = DIRECTION('',(0.,0.,1.));
#2104 = ORIENTED_EDGE('',*,*,#2105,.T.);
#2105 = EDGE_CURVE('',#2098,#2047,#2106,.T.);
#2106 = CIRCLE('',#2107,1.4);
#2107 = AXIS2_PLACEMENT_3D('',#2108,#2109,#2110);
#2108 = CARTESIAN_POINT('',(-15.,-7.5,11.));
#2109 = DIRECTION('',(0.,0.,1.));
#2110 = DIRECTION('',(1.,0.,0.));
#2111 = CYLINDRICAL_SURFACE('',#2112,1.4);
#2112 = AXIS2_PLACEMENT_3D('',#2113,#2114,#2115);
#2113 = CARTESIAN_POINT('',(-15.,-7.5,10.5));
#2114 = DIRECTION('',(0.,0.,1.));
#2115 = DIRECTION('',(1.,0.,0.));
#2116 = ADVANCED_FACE('',(#2117),#2135,.F.);
#2117 = FACE_BOUND('',#2118,.F.);
#2118 = EDGE_LOOP('',(#2119,#2127,#2128,#2129));
#2119 = ORIENTED_EDGE('',*,*,#2120,.F.);
#2120 = EDGE_CURVE('',#2098,#2121,#2123,.T.);
#2121 = VERTEX_POINT('',#2122);
#2122 = CARTESIAN_POINT('',(17.48038475773,-8.8,11.));
#2123 = LINE('',#2124,#2125);
#2124 = CARTESIAN_POINT('',(-16.3,-8.8,11.));
#2125 = VECTOR('',#2126,1.);
#2126 = DIRECTION('',(1.,0.,0.));
#2127 = ORIENTED_EDGE('',*,*,#2097,.T.);
#2128 = ORIENTED_EDGE('',*,*,#1855,.T.);
#2129 = ORIENTED_EDGE('',*,*,#2130,.F.);
#2130 = EDGE_CURVE('',#2121,#1847,#2131,.T.);
#2131 = LINE('',#2132,#2133);
#2132 = CARTESIAN_POINT('',(17.480384757729,-8.8,10.5));
#2133 = VECTOR('',#2134,1.);
#2134 = DIRECTION('',(0.,0.,1.));
#2135 = PLANE('',#2136);
#2136 = AXIS2_PLACEMENT_3D('',#2137,#2138,#2139);
#2137 = CARTESIAN_POINT('',(-16.3,-8.8,11.));
#2138 = DIRECTION('',(0.,1.,0.));
#2139 = DIRECTION('',(0.,0.,1.));
#2140 = ADVANCED_FACE('',(#2141),#2185,.F.);
#2141 = FACE_BOUND('',#2142,.F.);
#2142 = EDGE_LOOP('',(#2143,#2153,#2160,#2161,#2168,#2169,#2170,#2178));
#2143 = ORIENTED_EDGE('',*,*,#2144,.T.);
#2144 = EDGE_CURVE('',#2145,#2147,#2149,.T.);
#2145 = VERTEX_POINT('',#2146);
#2146 = CARTESIAN_POINT('',(19.4,-7.5,11.));
#2147 = VERTEX_POINT('',#2148);
#2148 = CARTESIAN_POINT('',(19.4,-7.5,13.1));
#2149 = LINE('',#2150,#2151);
#2150 = CARTESIAN_POINT('',(19.4,-7.5,10.5));
#2151 = VECTOR('',#2152,1.);
#2152 = DIRECTION('',(0.,0.,1.));
#2153 = ORIENTED_EDGE('',*,*,#2154,.F.);
#2154 = EDGE_CURVE('',#2147,#2147,#2155,.T.);
#2155 = CIRCLE('',#2156,1.4);
#2156 = AXIS2_PLACEMENT_3D('',#2157,#2158,#2159);
#2157 = CARTESIAN_POINT('',(18.,-7.5,13.1));
#2158 = DIRECTION('',(0.,0.,1.));
#2159 = DIRECTION('',(1.,0.,0.));
#2160 = ORIENTED_EDGE('',*,*,#2144,.F.);
#2161 = ORIENTED_EDGE('',*,*,#2162,.T.);
#2162 = EDGE_CURVE('',#2145,#2121,#2163,.T.);
#2163 = CIRCLE('',#2164,1.4);
#2164 = AXIS2_PLACEMENT_3D('',#2165,#2166,#2167);
#2165 = CARTESIAN_POINT('',(18.,-7.5,11.));
#2166 = DIRECTION('',(0.,0.,1.));
#2167 = DIRECTION('',(1.,0.,0.));
#2168 = ORIENTED_EDGE('',*,*,#2130,.T.);
#2169 = ORIENTED_EDGE('',*,*,#1846,.T.);
#2170 = ORIENTED_EDGE('',*,*,#2171,.F.);
#2171 = EDGE_CURVE('',#2172,#1839,#2174,.T.);
#2172 = VERTEX_POINT('',#2173);
#2173 = CARTESIAN_POINT('',(18.51961524227,-8.8,11.));
#2174 = LINE('',#2175,#2176);
#2175 = CARTESIAN_POINT('',(18.519615242271,-8.8,10.5));
#2176 = VECTOR('',#2177,1.);
#2177 = DIRECTION('',(0.,0.,1.));
#2178 = ORIENTED_EDGE('',*,*,#2179,.T.);
#2179 = EDGE_CURVE('',#2172,#2145,#2180,.T.);
#2180 = CIRCLE('',#2181,1.4);
#2181 = AXIS2_PLACEMENT_3D('',#2182,#2183,#2184);
#2182 = CARTESIAN_POINT('',(18.,-7.5,11.));
#2183 = DIRECTION('',(0.,0.,1.));
#2184 = DIRECTION('',(1.,0.,0.));
#2185 = CYLINDRICAL_SURFACE('',#2186,1.4);
#2186 = AXIS2_PLACEMENT_3D('',#2187,#2188,#2189);
#2187 = CARTESIAN_POINT('',(18.,-7.5,10.5));
#2188 = DIRECTION('',(0.,0.,1.));
#2189 = DIRECTION('',(1.,0.,0.));
#2190 = ADVANCED_FACE('',(#2191),#2209,.F.);
#2191 = FACE_BOUND('',#2192,.F.);
#2192 = EDGE_LOOP('',(#2193,#2201,#2202,#2203));
#2193 = ORIENTED_EDGE('',*,*,#2194,.F.);
#2194 = EDGE_CURVE('',#2172,#2195,#2197,.T.);
#2195 = VERTEX_POINT('',#2196);
#2196 = CARTESIAN_POINT('',(19.5,-8.8,11.));
#2197 = LINE('',#2198,#2199);
#2198 = CARTESIAN_POINT('',(-16.3,-8.8,11.));
#2199 = VECTOR('',#2200,1.);
#2200 = DIRECTION('',(1.,0.,0.));
#2201 = ORIENTED_EDGE('',*,*,#2171,.T.);
#2202 = ORIENTED_EDGE('',*,*,#1838,.T.);
#2203 = ORIENTED_EDGE('',*,*,#2204,.F.);
#2204 = EDGE_CURVE('',#2195,#1831,#2205,.T.);
#2205 = LINE('',#2206,#2207);
#2206 = CARTESIAN_POINT('',(19.5,-8.8,11.));
#2207 = VECTOR('',#2208,1.);
#2208 = DIRECTION('',(0.,0.,1.));
#2209 = PLANE('',#2210);
#2210 = AXIS2_PLACEMENT_3D('',#2211,#2212,#2213);
#2211 = CARTESIAN_POINT('',(-16.3,-8.8,11.));
#2212 = DIRECTION('',(0.,1.,0.));
#2213 = DIRECTION('',(0.,0.,1.));
#2214 = ADVANCED_FACE('',(#2215),#2233,.T.);
#2215 = FACE_BOUND('',#2216,.T.);
#2216 = EDGE_LOOP('',(#2217,#2218,#2226,#2232));
#2217 = ORIENTED_EDGE('',*,*,#2204,.F.);
#2218 = ORIENTED_EDGE('',*,*,#2219,.T.);
#2219 = EDGE_CURVE('',#2195,#2220,#2222,.T.);
#2220 = VERTEX_POINT('',#2221);
#2221 = CARTESIAN_POINT('',(19.5,8.8,11.));
#2222 = LINE('',#2223,#2224);
#2223 = CARTESIAN_POINT('',(19.5,-8.8,11.));
#2224 = VECTOR('',#2225,1.);
#2225 = DIRECTION('',(0.,1.,0.));
#2226 = ORIENTED_EDGE('',*,*,#2227,.T.);
#2227 = EDGE_CURVE('',#2220,#1823,#2228,.T.);
#2228 = LINE('',#2229,#2230);
#2229 = CARTESIAN_POINT('',(19.5,8.8,11.));
#2230 = VECTOR('',#2231,1.);
#2231 = DIRECTION('',(0.,0.,1.));
#2232 = ORIENTED_EDGE('',*,*,#1830,.F.);
#2233 = PLANE('',#2234);
#2234 = AXIS2_PLACEMENT_3D('',#2235,#2236,#2237);
#2235 = CARTESIAN_POINT('',(19.5,-8.8,11.));
#2236 = DIRECTION('',(1.,0.,0.));
#2237 = DIRECTION('',(0.,0.,1.));
#2238 = ADVANCED_FACE('',(#2239),#2257,.T.);
#2239 = FACE_BOUND('',#2240,.T.);
#2240 = EDGE_LOOP('',(#2241,#2249,#2255,#2256));
#2241 = ORIENTED_EDGE('',*,*,#2242,.F.);
#2242 = EDGE_CURVE('',#2243,#2220,#2245,.T.);
#2243 = VERTEX_POINT('',#2244);
#2244 = CARTESIAN_POINT('',(18.51961524227,8.8,11.));
#2245 = LINE('',#2246,#2247);
#2246 = CARTESIAN_POINT('',(-16.3,8.8,11.));
#2247 = VECTOR('',#2248,1.);
#2248 = DIRECTION('',(1.,0.,0.));
#2249 = ORIENTED_EDGE('',*,*,#2250,.T.);
#2250 = EDGE_CURVE('',#2243,#1814,#2251,.T.);
#2251 = LINE('',#2252,#2253);
#2252 = CARTESIAN_POINT('',(18.519615242271,8.8,10.5));
#2253 = VECTOR('',#2254,1.);
#2254 = DIRECTION('',(0.,0.,1.));
#2255 = ORIENTED_EDGE('',*,*,#1822,.T.);
#2256 = ORIENTED_EDGE('',*,*,#2227,.F.);
#2257 = PLANE('',#2258);
#2258 = AXIS2_PLACEMENT_3D('',#2259,#2260,#2261);
#2259 = CARTESIAN_POINT('',(-16.3,8.8,11.));
#2260 = DIRECTION('',(0.,1.,0.));
#2261 = DIRECTION('',(0.,0.,1.));
#2262 = ADVANCED_FACE('',(#2263),#2307,.F.);
#2263 = FACE_BOUND('',#2264,.F.);
#2264 = EDGE_LOOP('',(#2265,#2275,#2282,#2283,#2290,#2291,#2292,#2300));
#2265 = ORIENTED_EDGE('',*,*,#2266,.T.);
#2266 = EDGE_CURVE('',#2267,#2269,#2271,.T.);
#2267 = VERTEX_POINT('',#2268);
#2268 = CARTESIAN_POINT('',(19.4,7.5,11.));
#2269 = VERTEX_POINT('',#2270);
#2270 = CARTESIAN_POINT('',(19.4,7.5,13.1));
#2271 = LINE('',#2272,#2273);
#2272 = CARTESIAN_POINT('',(19.4,7.5,10.5));
#2273 = VECTOR('',#2274,1.);
#2274 = DIRECTION('',(0.,0.,1.));
#2275 = ORIENTED_EDGE('',*,*,#2276,.F.);
#2276 = EDGE_CURVE('',#2269,#2269,#2277,.T.);
#2277 = CIRCLE('',#2278,1.4);
#2278 = AXIS2_PLACEMENT_3D('',#2279,#2280,#2281);
#2279 = CARTESIAN_POINT('',(18.,7.5,13.1));
#2280 = DIRECTION('',(0.,0.,1.));
#2281 = DIRECTION('',(1.,0.,0.));
#2282 = ORIENTED_EDGE('',*,*,#2266,.F.);
#2283 = ORIENTED_EDGE('',*,*,#2284,.T.);
#2284 = EDGE_CURVE('',#2267,#2243,#2285,.T.);
#2285 = CIRCLE('',#2286,1.4);
#2286 = AXIS2_PLACEMENT_3D('',#2287,#2288,#2289);
#2287 = CARTESIAN_POINT('',(18.,7.5,11.));
#2288 = DIRECTION('',(0.,0.,1.));
#2289 = DIRECTION('',(1.,0.,0.));
#2290 = ORIENTED_EDGE('',*,*,#2250,.T.);
#2291 = ORIENTED_EDGE('',*,*,#1813,.T.);
#2292 = ORIENTED_EDGE('',*,*,#2293,.F.);
#2293 = EDGE_CURVE('',#2294,#1806,#2296,.T.);
#2294 = VERTEX_POINT('',#2295);
#2295 = CARTESIAN_POINT('',(17.48038475773,8.8,11.));
#2296 = LINE('',#2297,#2298);
#2297 = CARTESIAN_POINT('',(17.480384757729,8.8,10.5));
#2298 = VECTOR('',#2299,1.);
#2299 = DIRECTION('',(0.,0.,1.));
#2300 = ORIENTED_EDGE('',*,*,#2301,.T.);
#2301 = EDGE_CURVE('',#2294,#2267,#2302,.T.);
#2302 = CIRCLE('',#2303,1.4);
#2303 = AXIS2_PLACEMENT_3D('',#2304,#2305,#2306);
#2304 = CARTESIAN_POINT('',(18.,7.5,11.));
#2305 = DIRECTION('',(0.,0.,1.));
#2306 = DIRECTION('',(1.,0.,0.));
#2307 = CYLINDRICAL_SURFACE('',#2308,1.4);
#2308 = AXIS2_PLACEMENT_3D('',#2309,#2310,#2311);
#2309 = CARTESIAN_POINT('',(18.,7.5,10.5));
#2310 = DIRECTION('',(0.,0.,1.));
#2311 = DIRECTION('',(1.,0.,0.));
#2312 = ADVANCED_FACE('',(#2313),#2331,.T.);
#2313 = FACE_BOUND('',#2314,.T.);
#2314 = EDGE_LOOP('',(#2315,#2323,#2329,#2330));
#2315 = ORIENTED_EDGE('',*,*,#2316,.F.);
#2316 = EDGE_CURVE('',#2317,#2294,#2319,.T.);
#2317 = VERTEX_POINT('',#2318);
#2318 = CARTESIAN_POINT('',(-14.48038475772,8.8,11.));
#2319 = LINE('',#2320,#2321);
#2320 = CARTESIAN_POINT('',(-16.3,8.8,11.));
#2321 = VECTOR('',#2322,1.);
#2322 = DIRECTION('',(1.,0.,0.));
#2323 = ORIENTED_EDGE('',*,*,#2324,.T.);
#2324 = EDGE_CURVE('',#2317,#1797,#2325,.T.);
#2325 = LINE('',#2326,#2327);
#2326 = CARTESIAN_POINT('',(-14.48038475772,8.8,10.5));
#2327 = VECTOR('',#2328,1.);
#2328 = DIRECTION('',(0.,0.,1.));
#2329 = ORIENTED_EDGE('',*,*,#1805,.T.);
#2330 = ORIENTED_EDGE('',*,*,#2293,.F.);
#2331 = PLANE('',#2332);
#2332 = AXIS2_PLACEMENT_3D('',#2333,#2334,#2335);
#2333 = CARTESIAN_POINT('',(-16.3,8.8,11.));
#2334 = DIRECTION('',(0.,1.,0.));
#2335 = DIRECTION('',(0.,0.,1.));
#2336 = ADVANCED_FACE('',(#2337),#2405,.F.);
#2337 = FACE_BOUND('',#2338,.F.);
#2338 = EDGE_LOOP('',(#2339,#2349,#2356,#2357,#2364,#2365,#2366,#2374,
    #2383,#2389,#2390,#2398));
#2339 = ORIENTED_EDGE('',*,*,#2340,.T.);
#2340 = EDGE_CURVE('',#2341,#2343,#2345,.T.);
#2341 = VERTEX_POINT('',#2342);
#2342 = CARTESIAN_POINT('',(-13.6,7.5,11.));
#2343 = VERTEX_POINT('',#2344);
#2344 = CARTESIAN_POINT('',(-13.6,7.5,13.1));
#2345 = LINE('',#2346,#2347);
#2346 = CARTESIAN_POINT('',(-13.6,7.5,10.5));
#2347 = VECTOR('',#2348,1.);
#2348 = DIRECTION('',(0.,0.,1.));
#2349 = ORIENTED_EDGE('',*,*,#2350,.F.);
#2350 = EDGE_CURVE('',#2343,#2343,#2351,.T.);
#2351 = CIRCLE('',#2352,1.4);
#2352 = AXIS2_PLACEMENT_3D('',#2353,#2354,#2355);
#2353 = CARTESIAN_POINT('',(-15.,7.5,13.1));
#2354 = DIRECTION('',(0.,0.,1.));
#2355 = DIRECTION('',(1.,0.,0.));
#2356 = ORIENTED_EDGE('',*,*,#2340,.F.);
#2357 = ORIENTED_EDGE('',*,*,#2358,.T.);
#2358 = EDGE_CURVE('',#2341,#2317,#2359,.T.);
#2359 = CIRCLE('',#2360,1.4);
#2360 = AXIS2_PLACEMENT_3D('',#2361,#2362,#2363);
#2361 = CARTESIAN_POINT('',(-15.,7.5,11.));
#2362 = DIRECTION('',(0.,0.,1.));
#2363 = DIRECTION('',(1.,0.,0.));
#2364 = ORIENTED_EDGE('',*,*,#2324,.T.);
#2365 = ORIENTED_EDGE('',*,*,#1796,.T.);
#2366 = ORIENTED_EDGE('',*,*,#2367,.F.);
#2367 = EDGE_CURVE('',#2368,#1789,#2370,.T.);
#2368 = VERTEX_POINT('',#2369);
#2369 = CARTESIAN_POINT('',(-15.51961524227,8.8,11.));
#2370 = LINE('',#2371,#2372);
#2371 = CARTESIAN_POINT('',(-15.51961524227,8.8,10.5));
#2372 = VECTOR('',#2373,1.);
#2373 = DIRECTION('',(0.,0.,1.));
#2374 = ORIENTED_EDGE('',*,*,#2375,.T.);
#2375 = EDGE_CURVE('',#2368,#2376,#2378,.T.);
#2376 = VERTEX_POINT('',#2377);
#2377 = CARTESIAN_POINT('',(-16.3,8.019615242271,11.));
#2378 = CIRCLE('',#2379,1.4);
#2379 = AXIS2_PLACEMENT_3D('',#2380,#2381,#2382);
#2380 = CARTESIAN_POINT('',(-15.,7.5,11.));
#2381 = DIRECTION('',(0.,0.,1.));
#2382 = DIRECTION('',(1.,0.,0.));
#2383 = ORIENTED_EDGE('',*,*,#2384,.T.);
#2384 = EDGE_CURVE('',#2376,#1772,#2385,.T.);
#2385 = LINE('',#2386,#2387);
#2386 = CARTESIAN_POINT('',(-16.3,8.019615242271,10.5));
#2387 = VECTOR('',#2388,1.);
#2388 = DIRECTION('',(0.,0.,1.));
#2389 = ORIENTED_EDGE('',*,*,#1771,.T.);
#2390 = ORIENTED_EDGE('',*,*,#2391,.F.);
#2391 = EDGE_CURVE('',#2392,#1764,#2394,.T.);
#2392 = VERTEX_POINT('',#2393);
#2393 = CARTESIAN_POINT('',(-16.3,6.980384757729,11.));
#2394 = LINE('',#2395,#2396);
#2395 = CARTESIAN_POINT('',(-16.3,6.980384757729,10.5));
#2396 = VECTOR('',#2397,1.);
#2397 = DIRECTION('',(0.,0.,1.));
#2398 = ORIENTED_EDGE('',*,*,#2399,.T.);
#2399 = EDGE_CURVE('',#2392,#2341,#2400,.T.);
#2400 = CIRCLE('',#2401,1.4);
#2401 = AXIS2_PLACEMENT_3D('',#2402,#2403,#2404);
#2402 = CARTESIAN_POINT('',(-15.,7.5,11.));
#2403 = DIRECTION('',(0.,0.,1.));
#2404 = DIRECTION('',(1.,0.,0.));
#2405 = CYLINDRICAL_SURFACE('',#2406,1.4);
#2406 = AXIS2_PLACEMENT_3D('',#2407,#2408,#2409);
#2407 = CARTESIAN_POINT('',(-15.,7.5,10.5));
#2408 = DIRECTION('',(0.,0.,1.));
#2409 = DIRECTION('',(1.,0.,0.));
#2410 = ADVANCED_FACE('',(#2411),#2429,.T.);
#2411 = FACE_BOUND('',#2412,.T.);
#2412 = EDGE_LOOP('',(#2413,#2421,#2427,#2428));
#2413 = ORIENTED_EDGE('',*,*,#2414,.F.);
#2414 = EDGE_CURVE('',#2415,#2368,#2417,.T.);
#2415 = VERTEX_POINT('',#2416);
#2416 = CARTESIAN_POINT('',(-16.3,8.8,11.));
#2417 = LINE('',#2418,#2419);
#2418 = CARTESIAN_POINT('',(-16.3,8.8,11.));
#2419 = VECTOR('',#2420,1.);
#2420 = DIRECTION('',(1.,0.,0.));
#2421 = ORIENTED_EDGE('',*,*,#2422,.T.);
#2422 = EDGE_CURVE('',#2415,#1781,#2423,.T.);
#2423 = LINE('',#2424,#2425);
#2424 = CARTESIAN_POINT('',(-16.3,8.8,11.));
#2425 = VECTOR('',#2426,1.);
#2426 = DIRECTION('',(0.,0.,1.));
#2427 = ORIENTED_EDGE('',*,*,#1788,.T.);
#2428 = ORIENTED_EDGE('',*,*,#2367,.F.);
#2429 = PLANE('',#2430);
#2430 = AXIS2_PLACEMENT_3D('',#2431,#2432,#2433);
#2431 = CARTESIAN_POINT('',(-16.3,8.8,11.));
#2432 = DIRECTION('',(0.,1.,0.));
#2433 = DIRECTION('',(0.,0.,1.));
#2434 = ADVANCED_FACE('',(#2435),#2446,.F.);
#2435 = FACE_BOUND('',#2436,.F.);
#2436 = EDGE_LOOP('',(#2437,#2438,#2444,#2445));
#2437 = ORIENTED_EDGE('',*,*,#2384,.F.);
#2438 = ORIENTED_EDGE('',*,*,#2439,.T.);
#2439 = EDGE_CURVE('',#2376,#2415,#2440,.T.);
#2440 = LINE('',#2441,#2442);
#2441 = CARTESIAN_POINT('',(-16.3,-8.8,11.));
#2442 = VECTOR('',#2443,1.);
#2443 = DIRECTION('',(0.,1.,0.));
#2444 = ORIENTED_EDGE('',*,*,#2422,.T.);
#2445 = ORIENTED_EDGE('',*,*,#1780,.F.);
#2446 = PLANE('',#2447);
#2447 = AXIS2_PLACEMENT_3D('',#2448,#2449,#2450);
#2448 = CARTESIAN_POINT('',(-16.3,-8.8,11.));
#2449 = DIRECTION('',(1.,0.,0.));
#2450 = DIRECTION('',(0.,0.,1.));
#2451 = ADVANCED_FACE('',(#2452),#2463,.F.);
#2452 = FACE_BOUND('',#2453,.F.);
#2453 = EDGE_LOOP('',(#2454,#2455,#2461,#2462));
#2454 = ORIENTED_EDGE('',*,*,#2073,.F.);
#2455 = ORIENTED_EDGE('',*,*,#2456,.T.);
#2456 = EDGE_CURVE('',#2065,#2392,#2457,.T.);
#2457 = LINE('',#2458,#2459);
#2458 = CARTESIAN_POINT('',(-16.3,-8.8,11.));
#2459 = VECTOR('',#2460,1.);
#2460 = DIRECTION('',(0.,1.,0.));
#2461 = ORIENTED_EDGE('',*,*,#2391,.T.);
#2462 = ORIENTED_EDGE('',*,*,#1763,.F.);
#2463 = PLANE('',#2464);
#2464 = AXIS2_PLACEMENT_3D('',#2465,#2466,#2467);
#2465 = CARTESIAN_POINT('',(-16.3,-8.8,11.));
#2466 = DIRECTION('',(1.,0.,0.));
#2467 = DIRECTION('',(0.,0.,1.));
#2468 = ADVANCED_FACE('',(#2469),#2480,.F.);
#2469 = FACE_BOUND('',#2470,.F.);
#2470 = EDGE_LOOP('',(#2471,#2472,#2478,#2479));
#2471 = ORIENTED_EDGE('',*,*,#2025,.F.);
#2472 = ORIENTED_EDGE('',*,*,#2473,.T.);
#2473 = EDGE_CURVE('',#2016,#2081,#2474,.T.);
#2474 = LINE('',#2475,#2476);
#2475 = CARTESIAN_POINT('',(-16.3,-8.8,11.));
#2476 = VECTOR('',#2477,1.);
#2477 = DIRECTION('',(0.,1.,0.));
#2478 = ORIENTED_EDGE('',*,*,#2080,.T.);
#2479 = ORIENTED_EDGE('',*,*,#1746,.F.);
#2480 = PLANE('',#2481);
#2481 = AXIS2_PLACEMENT_3D('',#2482,#2483,#2484);
#2482 = CARTESIAN_POINT('',(-16.3,-8.8,11.));
#2483 = DIRECTION('',(1.,0.,0.));
#2484 = DIRECTION('',(0.,0.,1.));
#2485 = ADVANCED_FACE('',(#2486,#2489),#2492,.T.);
#2486 = FACE_BOUND('',#2487,.T.);
#2487 = EDGE_LOOP('',(#2488));
#2488 = ORIENTED_EDGE('',*,*,#1899,.T.);
#2489 = FACE_BOUND('',#2490,.T.);
#2490 = EDGE_LOOP('',(#2491));
#2491 = ORIENTED_EDGE('',*,*,#2056,.F.);
#2492 = PLANE('',#2493);
#2493 = AXIS2_PLACEMENT_3D('',#2494,#2495,#2496);
#2494 = CARTESIAN_POINT('',(-15.,-7.5,13.1));
#2495 = DIRECTION('',(0.,0.,1.));
#2496 = DIRECTION('',(1.,0.,0.));
#2497 = ADVANCED_FACE('',(#2498,#2501),#2504,.T.);
#2498 = FACE_BOUND('',#2499,.T.);
#2499 = EDGE_LOOP('',(#2500));
#2500 = ORIENTED_EDGE('',*,*,#1924,.T.);
#2501 = FACE_BOUND('',#2502,.T.);
#2502 = EDGE_LOOP('',(#2503));
#2503 = ORIENTED_EDGE('',*,*,#2154,.F.);
#2504 = PLANE('',#2505);
#2505 = AXIS2_PLACEMENT_3D('',#2506,#2507,#2508);
#2506 = CARTESIAN_POINT('',(18.,-7.5,13.1));
#2507 = DIRECTION('',(0.,0.,1.));
#2508 = DIRECTION('',(1.,0.,0.));
#2509 = ADVANCED_FACE('',(#2510,#2513),#2516,.T.);
#2510 = FACE_BOUND('',#2511,.T.);
#2511 = EDGE_LOOP('',(#2512));
#2512 = ORIENTED_EDGE('',*,*,#1949,.T.);
#2513 = FACE_BOUND('',#2514,.T.);
#2514 = EDGE_LOOP('',(#2515));
#2515 = ORIENTED_EDGE('',*,*,#2350,.F.);
#2516 = PLANE('',#2517);
#2517 = AXIS2_PLACEMENT_3D('',#2518,#2519,#2520);
#2518 = CARTESIAN_POINT('',(-15.,7.5,13.1));
#2519 = DIRECTION('',(0.,0.,1.));
#2520 = DIRECTION('',(1.,0.,0.));
#2521 = ADVANCED_FACE('',(#2522,#2538,#2572),#2575,.F.);
#2522 = FACE_BOUND('',#2523,.F.);
#2523 = EDGE_LOOP('',(#2524,#2525,#2526,#2527,#2528,#2529,#2530,#2531,
    #2532,#2533,#2534,#2535,#2536,#2537));
#2524 = ORIENTED_EDGE('',*,*,#2456,.F.);
#2525 = ORIENTED_EDGE('',*,*,#2064,.F.);
#2526 = ORIENTED_EDGE('',*,*,#2105,.F.);
#2527 = ORIENTED_EDGE('',*,*,#2120,.T.);
#2528 = ORIENTED_EDGE('',*,*,#2162,.F.);
#2529 = ORIENTED_EDGE('',*,*,#2179,.F.);
#2530 = ORIENTED_EDGE('',*,*,#2194,.T.);
#2531 = ORIENTED_EDGE('',*,*,#2219,.T.);
#2532 = ORIENTED_EDGE('',*,*,#2242,.F.);
#2533 = ORIENTED_EDGE('',*,*,#2284,.F.);
#2534 = ORIENTED_EDGE('',*,*,#2301,.F.);
#2535 = ORIENTED_EDGE('',*,*,#2316,.F.);
#2536 = ORIENTED_EDGE('',*,*,#2358,.F.);
#2537 = ORIENTED_EDGE('',*,*,#2399,.F.);
#2538 = FACE_BOUND('',#2539,.F.);
#2539 = EDGE_LOOP('',(#2540,#2550,#2558,#2566));
#2540 = ORIENTED_EDGE('',*,*,#2541,.T.);
#2541 = EDGE_CURVE('',#2542,#2544,#2546,.T.);
#2542 = VERTEX_POINT('',#2543);
#2543 = CARTESIAN_POINT('',(1.5,-6.,11.));
#2544 = VERTEX_POINT('',#2545);
#2545 = CARTESIAN_POINT('',(0.,-6.,11.));
#2546 = LINE('',#2547,#2548);
#2547 = CARTESIAN_POINT('',(-8.15,-6.,11.));
#2548 = VECTOR('',#2549,1.);
#2549 = DIRECTION('',(-1.,0.,0.));
#2550 = ORIENTED_EDGE('',*,*,#2551,.T.);
#2551 = EDGE_CURVE('',#2544,#2552,#2554,.T.);
#2552 = VERTEX_POINT('',#2553);
#2553 = CARTESIAN_POINT('',(0.,6.,11.));
#2554 = LINE('',#2555,#2556);
#2555 = CARTESIAN_POINT('',(0.,-7.4,11.));
#2556 = VECTOR('',#2557,1.);
#2557 = DIRECTION('',(0.,1.,0.));
#2558 = ORIENTED_EDGE('',*,*,#2559,.F.);
#2559 = EDGE_CURVE('',#2560,#2552,#2562,.T.);
#2560 = VERTEX_POINT('',#2561);
#2561 = CARTESIAN_POINT('',(1.5,6.,11.));
#2562 = LINE('',#2563,#2564);
#2563 = CARTESIAN_POINT('',(-8.15,6.,11.));
#2564 = VECTOR('',#2565,1.);
#2565 = DIRECTION('',(-1.,0.,0.));
#2566 = ORIENTED_EDGE('',*,*,#2567,.F.);
#2567 = EDGE_CURVE('',#2542,#2560,#2568,.T.);
#2568 = LINE('',#2569,#2570);
#2569 = CARTESIAN_POINT('',(1.5,-7.4,11.));
#2570 = VECTOR('',#2571,1.);
#2571 = DIRECTION('',(0.,1.,0.));
#2572 = FACE_BOUND('',#2573,.F.);
#2573 = EDGE_LOOP('',(#2574));
#2574 = ORIENTED_EDGE('',*,*,#1974,.F.);
#2575 = PLANE('',#2576);
#2576 = AXIS2_PLACEMENT_3D('',#2577,#2578,#2579);
#2577 = CARTESIAN_POINT('',(-16.3,-8.8,11.));
#2578 = DIRECTION('',(0.,0.,1.));
#2579 = DIRECTION('',(1.,0.,0.));
#2580 = ADVANCED_FACE('',(#2581,#2584),#2587,.T.);
#2581 = FACE_BOUND('',#2582,.T.);
#2582 = EDGE_LOOP('',(#2583));
#2583 = ORIENTED_EDGE('',*,*,#1999,.T.);
#2584 = FACE_BOUND('',#2585,.T.);
#2585 = EDGE_LOOP('',(#2586));
#2586 = ORIENTED_EDGE('',*,*,#2276,.F.);
#2587 = PLANE('',#2588);
#2588 = AXIS2_PLACEMENT_3D('',#2589,#2590,#2591);
#2589 = CARTESIAN_POINT('',(18.,7.5,13.1));
#2590 = DIRECTION('',(0.,0.,1.));
#2591 = DIRECTION('',(1.,0.,0.));
#2592 = ADVANCED_FACE('',(#2593),#2598,.F.);
#2593 = FACE_BOUND('',#2594,.F.);
#2594 = EDGE_LOOP('',(#2595,#2596,#2597));
#2595 = ORIENTED_EDGE('',*,*,#2473,.F.);
#2596 = ORIENTED_EDGE('',*,*,#2015,.T.);
#2597 = ORIENTED_EDGE('',*,*,#2088,.F.);
#2598 = PLANE('',#2599);
#2599 = AXIS2_PLACEMENT_3D('',#2600,#2601,#2602);
#2600 = CARTESIAN_POINT('',(-16.3,-8.8,11.));
#2601 = DIRECTION('',(0.,0.,1.));
#2602 = DIRECTION('',(1.,0.,0.));
#2603 = ADVANCED_FACE('',(#2604),#2609,.F.);
#2604 = FACE_BOUND('',#2605,.F.);
#2605 = EDGE_LOOP('',(#2606,#2607,#2608));
#2606 = ORIENTED_EDGE('',*,*,#2439,.F.);
#2607 = ORIENTED_EDGE('',*,*,#2375,.F.);
#2608 = ORIENTED_EDGE('',*,*,#2414,.F.);
#2609 = PLANE('',#2610);
#2610 = AXIS2_PLACEMENT_3D('',#2611,#2612,#2613);
#2611 = CARTESIAN_POINT('',(-16.3,-8.8,11.));
#2612 = DIRECTION('',(0.,0.,1.));
#2613 = DIRECTION('',(1.,0.,0.));
#2614 = ADVANCED_FACE('',(#2615),#2640,.F.);
#2615 = FACE_BOUND('',#2616,.F.);
#2616 = EDGE_LOOP('',(#2617,#2625,#2633,#2639));
#2617 = ORIENTED_EDGE('',*,*,#2618,.F.);
#2618 = EDGE_CURVE('',#2619,#2542,#2621,.T.);
#2619 = VERTEX_POINT('',#2620);
#2620 = CARTESIAN_POINT('',(1.5,-6.,10.));
#2621 = LINE('',#2622,#2623);
#2622 = CARTESIAN_POINT('',(1.5,-6.,10.));
#2623 = VECTOR('',#2624,1.);
#2624 = DIRECTION('',(0.,0.,1.));
#2625 = ORIENTED_EDGE('',*,*,#2626,.F.);
#2626 = EDGE_CURVE('',#2627,#2619,#2629,.T.);
#2627 = VERTEX_POINT('',#2628);
#2628 = CARTESIAN_POINT('',(0.,-6.,10.));
#2629 = LINE('',#2630,#2631);
#2630 = CARTESIAN_POINT('',(0.,-6.,10.));
#2631 = VECTOR('',#2632,1.);
#2632 = DIRECTION('',(1.,0.,0.));
#2633 = ORIENTED_EDGE('',*,*,#2634,.T.);
#2634 = EDGE_CURVE('',#2627,#2544,#2635,.T.);
#2635 = LINE('',#2636,#2637);
#2636 = CARTESIAN_POINT('',(0.,-6.,10.));
#2637 = VECTOR('',#2638,1.);
#2638 = DIRECTION('',(0.,0.,1.));
#2639 = ORIENTED_EDGE('',*,*,#2541,.F.);
#2640 = PLANE('',#2641);
#2641 = AXIS2_PLACEMENT_3D('',#2642,#2643,#2644);
#2642 = CARTESIAN_POINT('',(0.,-6.,10.));
#2643 = DIRECTION('',(0.,1.,0.));
#2644 = DIRECTION('',(0.,0.,1.));
#2645 = ADVANCED_FACE('',(#2646),#2664,.T.);
#2646 = FACE_BOUND('',#2647,.T.);
#2647 = EDGE_LOOP('',(#2648,#2649,#2657,#2663));
#2648 = ORIENTED_EDGE('',*,*,#2618,.F.);
#2649 = ORIENTED_EDGE('',*,*,#2650,.T.);
#2650 = EDGE_CURVE('',#2619,#2651,#2653,.T.);
#2651 = VERTEX_POINT('',#2652);
#2652 = CARTESIAN_POINT('',(1.5,6.,10.));
#2653 = LINE('',#2654,#2655);
#2654 = CARTESIAN_POINT('',(1.5,-6.,10.));
#2655 = VECTOR('',#2656,1.);
#2656 = DIRECTION('',(0.,1.,0.));
#2657 = ORIENTED_EDGE('',*,*,#2658,.T.);
#2658 = EDGE_CURVE('',#2651,#2560,#2659,.T.);
#2659 = LINE('',#2660,#2661);
#2660 = CARTESIAN_POINT('',(1.5,6.,10.));
#2661 = VECTOR('',#2662,1.);
#2662 = DIRECTION('',(0.,0.,1.));
#2663 = ORIENTED_EDGE('',*,*,#2567,.F.);
#2664 = PLANE('',#2665);
#2665 = AXIS2_PLACEMENT_3D('',#2666,#2667,#2668);
#2666 = CARTESIAN_POINT('',(1.5,-6.,10.));
#2667 = DIRECTION('',(1.,0.,0.));
#2668 = DIRECTION('',(0.,0.,1.));
#2669 = ADVANCED_FACE('',(#2670),#2688,.F.);
#2670 = FACE_BOUND('',#2671,.F.);
#2671 = EDGE_LOOP('',(#2672,#2673,#2681,#2687));
#2672 = ORIENTED_EDGE('',*,*,#2634,.F.);
#2673 = ORIENTED_EDGE('',*,*,#2674,.T.);
#2674 = EDGE_CURVE('',#2627,#2675,#2677,.T.);
#2675 = VERTEX_POINT('',#2676);
#2676 = CARTESIAN_POINT('',(0.,6.,10.));
#2677 = LINE('',#2678,#2679);
#2678 = CARTESIAN_POINT('',(0.,-6.,10.));
#2679 = VECTOR('',#2680,1.);
#2680 = DIRECTION('',(0.,1.,0.));
#2681 = ORIENTED_EDGE('',*,*,#2682,.T.);
#2682 = EDGE_CURVE('',#2675,#2552,#2683,.T.);
#2683 = LINE('',#2684,#2685);
#2684 = CARTESIAN_POINT('',(0.,6.,10.));
#2685 = VECTOR('',#2686,1.);
#2686 = DIRECTION('',(0.,0.,1.));
#2687 = ORIENTED_EDGE('',*,*,#2551,.F.);
#2688 = PLANE('',#2689);
#2689 = AXIS2_PLACEMENT_3D('',#2690,#2691,#2692);
#2690 = CARTESIAN_POINT('',(0.,-6.,10.));
#2691 = DIRECTION('',(1.,0.,0.));
#2692 = DIRECTION('',(0.,0.,1.));
#2693 = ADVANCED_FACE('',(#2694),#2705,.T.);
#2694 = FACE_BOUND('',#2695,.T.);
#2695 = EDGE_LOOP('',(#2696,#2697,#2703,#2704));
#2696 = ORIENTED_EDGE('',*,*,#2658,.F.);
#2697 = ORIENTED_EDGE('',*,*,#2698,.F.);
#2698 = EDGE_CURVE('',#2675,#2651,#2699,.T.);
#2699 = LINE('',#2700,#2701);
#2700 = CARTESIAN_POINT('',(0.,6.,10.));
#2701 = VECTOR('',#2702,1.);
#2702 = DIRECTION('',(1.,0.,0.));
#2703 = ORIENTED_EDGE('',*,*,#2682,.T.);
#2704 = ORIENTED_EDGE('',*,*,#2559,.F.);
#2705 = PLANE('',#2706);
#2706 = AXIS2_PLACEMENT_3D('',#2707,#2708,#2709);
#2707 = CARTESIAN_POINT('',(0.,6.,10.));
#2708 = DIRECTION('',(0.,1.,0.));
#2709 = DIRECTION('',(0.,0.,1.));
#2710 = ADVANCED_FACE('',(#2711),#2717,.F.);
#2711 = FACE_BOUND('',#2712,.F.);
#2712 = EDGE_LOOP('',(#2713,#2714,#2715,#2716));
#2713 = ORIENTED_EDGE('',*,*,#2674,.F.);
#2714 = ORIENTED_EDGE('',*,*,#2626,.T.);
#2715 = ORIENTED_EDGE('',*,*,#2650,.T.);
#2716 = ORIENTED_EDGE('',*,*,#2698,.F.);
#2717 = PLANE('',#2718);
#2718 = AXIS2_PLACEMENT_3D('',#2719,#2720,#2721);
#2719 = CARTESIAN_POINT('',(0.,-6.,10.));
#2720 = DIRECTION('',(0.,0.,1.));
#2721 = DIRECTION('',(1.,0.,0.));
#2722 = MANIFOLD_SOLID_BREP('',#2723);
#2723 = CLOSED_SHELL('',(#2724,#2757,#2766));
#2724 = ADVANCED_FACE('',(#2725),#2752,.T.);
#2725 = FACE_BOUND('',#2726,.T.);
#2726 = EDGE_LOOP('',(#2727,#2736,#2744,#2751));
#2727 = ORIENTED_EDGE('',*,*,#2728,.F.);
#2728 = EDGE_CURVE('',#2729,#2729,#2731,.T.);
#2729 = VERTEX_POINT('',#2730);
#2730 = CARTESIAN_POINT('',(-13.7,-7.5,14.6));
#2731 = CIRCLE('',#2732,1.3);
#2732 = AXIS2_PLACEMENT_3D('',#2733,#2734,#2735);
#2733 = CARTESIAN_POINT('',(-15.,-7.5,14.6));
#2734 = DIRECTION('',(0.,0.,1.));
#2735 = DIRECTION('',(1.,0.,0.));
#2736 = ORIENTED_EDGE('',*,*,#2737,.F.);
#2737 = EDGE_CURVE('',#2738,#2729,#2740,.T.);
#2738 = VERTEX_POINT('',#2739);
#2739 = CARTESIAN_POINT('',(-12.4,-7.5,13.2));
#2740 = LINE('',#2741,#2742);
#2741 = CARTESIAN_POINT('',(-12.4,-7.5,13.2));
#2742 = VECTOR('',#2743,1.);
#2743 = DIRECTION('',(-0.680451099367,1.666624521633E-16,0.732793491626)
  );
#2744 = ORIENTED_EDGE('',*,*,#2745,.T.);
#2745 = EDGE_CURVE('',#2738,#2738,#2746,.T.);
#2746 = CIRCLE('',#2747,2.6);
#2747 = AXIS2_PLACEMENT_3D('',#2748,#2749,#2750);
#2748 = CARTESIAN_POINT('',(-15.,-7.5,13.2));
#2749 = DIRECTION('',(0.,0.,1.));
#2750 = DIRECTION('',(1.,0.,0.));
#2751 = ORIENTED_EDGE('',*,*,#2737,.T.);
#2752 = CONICAL_SURFACE('',#2753,2.6,0.748378047524);
#2753 = AXIS2_PLACEMENT_3D('',#2754,#2755,#2756);
#2754 = CARTESIAN_POINT('',(-15.,-7.5,13.2));
#2755 = DIRECTION('',(-0.,-0.,-1.));
#2756 = DIRECTION('',(1.,0.,0.));
#2757 = ADVANCED_FACE('',(#2758),#2761,.T.);
#2758 = FACE_BOUND('',#2759,.T.);
#2759 = EDGE_LOOP('',(#2760));
#2760 = ORIENTED_EDGE('',*,*,#2728,.T.);
#2761 = PLANE('',#2762);
#2762 = AXIS2_PLACEMENT_3D('',#2763,#2764,#2765);
#2763 = CARTESIAN_POINT('',(-15.,-7.5,14.6));
#2764 = DIRECTION('',(0.,0.,1.));
#2765 = DIRECTION('',(1.,0.,0.));
#2766 = ADVANCED_FACE('',(#2767),#2770,.F.);
#2767 = FACE_BOUND('',#2768,.T.);
#2768 = EDGE_LOOP('',(#2769));
#2769 = ORIENTED_EDGE('',*,*,#2745,.F.);
#2770 = PLANE('',#2771);
#2771 = AXIS2_PLACEMENT_3D('',#2772,#2773,#2774);
#2772 = CARTESIAN_POINT('',(-15.,-7.5,13.2));
#2773 = DIRECTION('',(0.,0.,1.));
#2774 = DIRECTION('',(1.,0.,0.));
#2775 = MANIFOLD_SOLID_BREP('',#2776);
#2776 = CLOSED_SHELL('',(#2777,#2810,#2819));
#2777 = ADVANCED_FACE('',(#2778),#2805,.T.);
#2778 = FACE_BOUND('',#2779,.T.);
#2779 = EDGE_LOOP('',(#2780,#2789,#2797,#2804));
#2780 = ORIENTED_EDGE('',*,*,#2781,.F.);
#2781 = EDGE_CURVE('',#2782,#2782,#2784,.T.);
#2782 = VERTEX_POINT('',#2783);
#2783 = CARTESIAN_POINT('',(-13.8,-7.5,12.));
#2784 = CIRCLE('',#2785,1.2);
#2785 = AXIS2_PLACEMENT_3D('',#2786,#2787,#2788);
#2786 = CARTESIAN_POINT('',(-15.,-7.5,12.));
#2787 = DIRECTION('',(0.,0.,1.));
#2788 = DIRECTION('',(1.,0.,0.));
#2789 = ORIENTED_EDGE('',*,*,#2790,.F.);
#2790 = EDGE_CURVE('',#2791,#2782,#2793,.T.);
#2791 = VERTEX_POINT('',#2792);
#2792 = CARTESIAN_POINT('',(-13.8,-7.5,5.));
#2793 = LINE('',#2794,#2795);
#2794 = CARTESIAN_POINT('',(-13.8,-7.5,5.));
#2795 = VECTOR('',#2796,1.);
#2796 = DIRECTION('',(0.,0.,1.));
#2797 = ORIENTED_EDGE('',*,*,#2798,.T.);
#2798 = EDGE_CURVE('',#2791,#2791,#2799,.T.);
#2799 = CIRCLE('',#2800,1.2);
#2800 = AXIS2_PLACEMENT_3D('',#2801,#2802,#2803);
#2801 = CARTESIAN_POINT('',(-15.,-7.5,5.));
#2802 = DIRECTION('',(0.,0.,1.));
#2803 = DIRECTION('',(1.,0.,0.));
#2804 = ORIENTED_EDGE('',*,*,#2790,.T.);
#2805 = CYLINDRICAL_SURFACE('',#2806,1.2);
#2806 = AXIS2_PLACEMENT_3D('',#2807,#2808,#2809);
#2807 = CARTESIAN_POINT('',(-15.,-7.5,5.));
#2808 = DIRECTION('',(0.,0.,1.));
#2809 = DIRECTION('',(1.,0.,0.));
#2810 = ADVANCED_FACE('',(#2811),#2814,.T.);
#2811 = FACE_BOUND('',#2812,.T.);
#2812 = EDGE_LOOP('',(#2813));
#2813 = ORIENTED_EDGE('',*,*,#2781,.T.);
#2814 = PLANE('',#2815);
#2815 = AXIS2_PLACEMENT_3D('',#2816,#2817,#2818);
#2816 = CARTESIAN_POINT('',(-15.,-7.5,12.));
#2817 = DIRECTION('',(0.,0.,1.));
#2818 = DIRECTION('',(1.,0.,0.));
#2819 = ADVANCED_FACE('',(#2820),#2823,.F.);
#2820 = FACE_BOUND('',#2821,.T.);
#2821 = EDGE_LOOP('',(#2822));
#2822 = ORIENTED_EDGE('',*,*,#2798,.F.);
#2823 = PLANE('',#2824);
#2824 = AXIS2_PLACEMENT_3D('',#2825,#2826,#2827);
#2825 = CARTESIAN_POINT('',(-15.,-7.5,5.));
#2826 = DIRECTION('',(0.,0.,1.));
#2827 = DIRECTION('',(1.,0.,0.));
#2828 = MANIFOLD_SOLID_BREP('',#2829);
#2829 = CLOSED_SHELL('',(#2830,#2863,#2872));
#2830 = ADVANCED_FACE('',(#2831),#2858,.T.);
#2831 = FACE_BOUND('',#2832,.T.);
#2832 = EDGE_LOOP('',(#2833,#2842,#2850,#2857));
#2833 = ORIENTED_EDGE('',*,*,#2834,.F.);
#2834 = EDGE_CURVE('',#2835,#2835,#2837,.T.);
#2835 = VERTEX_POINT('',#2836);
#2836 = CARTESIAN_POINT('',(-13.7,7.5,14.6));
#2837 = CIRCLE('',#2838,1.3);
#2838 = AXIS2_PLACEMENT_3D('',#2839,#2840,#2841);
#2839 = CARTESIAN_POINT('',(-15.,7.5,14.6));
#2840 = DIRECTION('',(0.,0.,1.));
#2841 = DIRECTION('',(1.,0.,0.));
#2842 = ORIENTED_EDGE('',*,*,#2843,.F.);
#2843 = EDGE_CURVE('',#2844,#2835,#2846,.T.);
#2844 = VERTEX_POINT('',#2845);
#2845 = CARTESIAN_POINT('',(-12.4,7.5,13.2));
#2846 = LINE('',#2847,#2848);
#2847 = CARTESIAN_POINT('',(-12.4,7.5,13.2));
#2848 = VECTOR('',#2849,1.);
#2849 = DIRECTION('',(-0.680451099367,1.666624521633E-16,0.732793491626)
  );
#2850 = ORIENTED_EDGE('',*,*,#2851,.T.);
#2851 = EDGE_CURVE('',#2844,#2844,#2852,.T.);
#2852 = CIRCLE('',#2853,2.6);
#2853 = AXIS2_PLACEMENT_3D('',#2854,#2855,#2856);
#2854 = CARTESIAN_POINT('',(-15.,7.5,13.2));
#2855 = DIRECTION('',(0.,0.,1.));
#2856 = DIRECTION('',(1.,0.,0.));
#2857 = ORIENTED_EDGE('',*,*,#2843,.T.);
#2858 = CONICAL_SURFACE('',#2859,2.6,0.748378047524);
#2859 = AXIS2_PLACEMENT_3D('',#2860,#2861,#2862);
#2860 = CARTESIAN_POINT('',(-15.,7.5,13.2));
#2861 = DIRECTION('',(-0.,-0.,-1.));
#2862 = DIRECTION('',(1.,0.,0.));
#2863 = ADVANCED_FACE('',(#2864),#2867,.T.);
#2864 = FACE_BOUND('',#2865,.T.);
#2865 = EDGE_LOOP('',(#2866));
#2866 = ORIENTED_EDGE('',*,*,#2834,.T.);
#2867 = PLANE('',#2868);
#2868 = AXIS2_PLACEMENT_3D('',#2869,#2870,#2871);
#2869 = CARTESIAN_POINT('',(-15.,7.5,14.6));
#2870 = DIRECTION('',(0.,0.,1.));
#2871 = DIRECTION('',(1.,0.,0.));
#2872 = ADVANCED_FACE('',(#2873),#2876,.F.);
#2873 = FACE_BOUND('',#2874,.T.);
#2874 = EDGE_LOOP('',(#2875));
#2875 = ORIENTED_EDGE('',*,*,#2851,.F.);
#2876 = PLANE('',#2877);
#2877 = AXIS2_PLACEMENT_3D('',#2878,#2879,#2880);
#2878 = CARTESIAN_POINT('',(-15.,7.5,13.2));
#2879 = DIRECTION('',(0.,0.,1.));
#2880 = DIRECTION('',(1.,0.,0.));
#2881 = MANIFOLD_SOLID_BREP('',#2882);
#2882 = CLOSED_SHELL('',(#2883,#2916,#2925));
#2883 = ADVANCED_FACE('',(#2884),#2911,.T.);
#2884 = FACE_BOUND('',#2885,.T.);
#2885 = EDGE_LOOP('',(#2886,#2895,#2903,#2910));
#2886 = ORIENTED_EDGE('',*,*,#2887,.F.);
#2887 = EDGE_CURVE('',#2888,#2888,#2890,.T.);
#2888 = VERTEX_POINT('',#2889);
#2889 = CARTESIAN_POINT('',(-13.8,7.5,12.));
#2890 = CIRCLE('',#2891,1.2);
#2891 = AXIS2_PLACEMENT_3D('',#2892,#2893,#2894);
#2892 = CARTESIAN_POINT('',(-15.,7.5,12.));
#2893 = DIRECTION('',(0.,0.,1.));
#2894 = DIRECTION('',(1.,0.,0.));
#2895 = ORIENTED_EDGE('',*,*,#2896,.F.);
#2896 = EDGE_CURVE('',#2897,#2888,#2899,.T.);
#2897 = VERTEX_POINT('',#2898);
#2898 = CARTESIAN_POINT('',(-13.8,7.5,5.));
#2899 = LINE('',#2900,#2901);
#2900 = CARTESIAN_POINT('',(-13.8,7.5,5.));
#2901 = VECTOR('',#2902,1.);
#2902 = DIRECTION('',(0.,0.,1.));
#2903 = ORIENTED_EDGE('',*,*,#2904,.T.);
#2904 = EDGE_CURVE('',#2897,#2897,#2905,.T.);
#2905 = CIRCLE('',#2906,1.2);
#2906 = AXIS2_PLACEMENT_3D('',#2907,#2908,#2909);
#2907 = CARTESIAN_POINT('',(-15.,7.5,5.));
#2908 = DIRECTION('',(0.,0.,1.));
#2909 = DIRECTION('',(1.,0.,0.));
#2910 = ORIENTED_EDGE('',*,*,#2896,.T.);
#2911 = CYLINDRICAL_SURFACE('',#2912,1.2);
#2912 = AXIS2_PLACEMENT_3D('',#2913,#2914,#2915);
#2913 = CARTESIAN_POINT('',(-15.,7.5,5.));
#2914 = DIRECTION('',(0.,0.,1.));
#2915 = DIRECTION('',(1.,0.,0.));
#2916 = ADVANCED_FACE('',(#2917),#2920,.T.);
#2917 = FACE_BOUND('',#2918,.T.);
#2918 = EDGE_LOOP('',(#2919));
#2919 = ORIENTED_EDGE('',*,*,#2887,.T.);
#2920 = PLANE('',#2921);
#2921 = AXIS2_PLACEMENT_3D('',#2922,#2923,#2924);
#2922 = CARTESIAN_POINT('',(-15.,7.5,12.));
#2923 = DIRECTION('',(0.,0.,1.));
#2924 = DIRECTION('',(1.,0.,0.));
#2925 = ADVANCED_FACE('',(#2926),#2929,.F.);
#2926 = FACE_BOUND('',#2927,.T.);
#2927 = EDGE_LOOP('',(#2928));
#2928 = ORIENTED_EDGE('',*,*,#2904,.F.);
#2929 = PLANE('',#2930);
#2930 = AXIS2_PLACEMENT_3D('',#2931,#2932,#2933);
#2931 = CARTESIAN_POINT('',(-15.,7.5,5.));
#2932 = DIRECTION('',(0.,0.,1.));
#2933 = DIRECTION('',(1.,0.,0.));
#2934 = MANIFOLD_SOLID_BREP('',#2935);
#2935 = CLOSED_SHELL('',(#2936,#2969,#2978));
#2936 = ADVANCED_FACE('',(#2937),#2964,.T.);
#2937 = FACE_BOUND('',#2938,.T.);
#2938 = EDGE_LOOP('',(#2939,#2948,#2956,#2963));
#2939 = ORIENTED_EDGE('',*,*,#2940,.F.);
#2940 = EDGE_CURVE('',#2941,#2941,#2943,.T.);
#2941 = VERTEX_POINT('',#2942);
#2942 = CARTESIAN_POINT('',(19.3,-7.5,14.6));
#2943 = CIRCLE('',#2944,1.3);
#2944 = AXIS2_PLACEMENT_3D('',#2945,#2946,#2947);
#2945 = CARTESIAN_POINT('',(18.,-7.5,14.6));
#2946 = DIRECTION('',(0.,0.,1.));
#2947 = DIRECTION('',(1.,0.,0.));
#2948 = ORIENTED_EDGE('',*,*,#2949,.F.);
#2949 = EDGE_CURVE('',#2950,#2941,#2952,.T.);
#2950 = VERTEX_POINT('',#2951);
#2951 = CARTESIAN_POINT('',(20.6,-7.5,13.2));
#2952 = LINE('',#2953,#2954);
#2953 = CARTESIAN_POINT('',(20.6,-7.5,13.2));
#2954 = VECTOR('',#2955,1.);
#2955 = DIRECTION('',(-0.680451099367,1.666624521633E-16,0.732793491626)
  );
#2956 = ORIENTED_EDGE('',*,*,#2957,.T.);
#2957 = EDGE_CURVE('',#2950,#2950,#2958,.T.);
#2958 = CIRCLE('',#2959,2.6);
#2959 = AXIS2_PLACEMENT_3D('',#2960,#2961,#2962);
#2960 = CARTESIAN_POINT('',(18.,-7.5,13.2));
#2961 = DIRECTION('',(0.,0.,1.));
#2962 = DIRECTION('',(1.,0.,0.));
#2963 = ORIENTED_EDGE('',*,*,#2949,.T.);
#2964 = CONICAL_SURFACE('',#2965,2.6,0.748378047524);
#2965 = AXIS2_PLACEMENT_3D('',#2966,#2967,#2968);
#2966 = CARTESIAN_POINT('',(18.,-7.5,13.2));
#2967 = DIRECTION('',(-0.,-0.,-1.));
#2968 = DIRECTION('',(1.,0.,0.));
#2969 = ADVANCED_FACE('',(#2970),#2973,.T.);
#2970 = FACE_BOUND('',#2971,.T.);
#2971 = EDGE_LOOP('',(#2972));
#2972 = ORIENTED_EDGE('',*,*,#2940,.T.);
#2973 = PLANE('',#2974);
#2974 = AXIS2_PLACEMENT_3D('',#2975,#2976,#2977);
#2975 = CARTESIAN_POINT('',(18.,-7.5,14.6));
#2976 = DIRECTION('',(0.,0.,1.));
#2977 = DIRECTION('',(1.,0.,0.));
#2978 = ADVANCED_FACE('',(#2979),#2982,.F.);
#2979 = FACE_BOUND('',#2980,.T.);
#2980 = EDGE_LOOP('',(#2981));
#2981 = ORIENTED_EDGE('',*,*,#2957,.F.);
#2982 = PLANE('',#2983);
#2983 = AXIS2_PLACEMENT_3D('',#2984,#2985,#2986);
#2984 = CARTESIAN_POINT('',(18.,-7.5,13.2));
#2985 = DIRECTION('',(0.,0.,1.));
#2986 = DIRECTION('',(1.,0.,0.));
#2987 = MANIFOLD_SOLID_BREP('',#2988);
#2988 = CLOSED_SHELL('',(#2989,#3022,#3031));
#2989 = ADVANCED_FACE('',(#2990),#3017,.T.);
#2990 = FACE_BOUND('',#2991,.T.);
#2991 = EDGE_LOOP('',(#2992,#3001,#3009,#3016));
#2992 = ORIENTED_EDGE('',*,*,#2993,.F.);
#2993 = EDGE_CURVE('',#2994,#2994,#2996,.T.);
#2994 = VERTEX_POINT('',#2995);
#2995 = CARTESIAN_POINT('',(19.2,-7.5,12.));
#2996 = CIRCLE('',#2997,1.2);
#2997 = AXIS2_PLACEMENT_3D('',#2998,#2999,#3000);
#2998 = CARTESIAN_POINT('',(18.,-7.5,12.));
#2999 = DIRECTION('',(0.,0.,1.));
#3000 = DIRECTION('',(1.,0.,0.));
#3001 = ORIENTED_EDGE('',*,*,#3002,.F.);
#3002 = EDGE_CURVE('',#3003,#2994,#3005,.T.);
#3003 = VERTEX_POINT('',#3004);
#3004 = CARTESIAN_POINT('',(19.2,-7.5,5.));
#3005 = LINE('',#3006,#3007);
#3006 = CARTESIAN_POINT('',(19.2,-7.5,5.));
#3007 = VECTOR('',#3008,1.);
#3008 = DIRECTION('',(0.,0.,1.));
#3009 = ORIENTED_EDGE('',*,*,#3010,.T.);
#3010 = EDGE_CURVE('',#3003,#3003,#3011,.T.);
#3011 = CIRCLE('',#3012,1.2);
#3012 = AXIS2_PLACEMENT_3D('',#3013,#3014,#3015);
#3013 = CARTESIAN_POINT('',(18.,-7.5,5.));
#3014 = DIRECTION('',(0.,0.,1.));
#3015 = DIRECTION('',(1.,0.,0.));
#3016 = ORIENTED_EDGE('',*,*,#3002,.T.);
#3017 = CYLINDRICAL_SURFACE('',#3018,1.2);
#3018 = AXIS2_PLACEMENT_3D('',#3019,#3020,#3021);
#3019 = CARTESIAN_POINT('',(18.,-7.5,5.));
#3020 = DIRECTION('',(0.,0.,1.));
#3021 = DIRECTION('',(1.,0.,0.));
#3022 = ADVANCED_FACE('',(#3023),#3026,.T.);
#3023 = FACE_BOUND('',#3024,.T.);
#3024 = EDGE_LOOP('',(#3025));
#3025 = ORIENTED_EDGE('',*,*,#2993,.T.);
#3026 = PLANE('',#3027);
#3027 = AXIS2_PLACEMENT_3D('',#3028,#3029,#3030);
#3028 = CARTESIAN_POINT('',(18.,-7.5,12.));
#3029 = DIRECTION('',(0.,0.,1.));
#3030 = DIRECTION('',(1.,0.,0.));
#3031 = ADVANCED_FACE('',(#3032),#3035,.F.);
#3032 = FACE_BOUND('',#3033,.T.);
#3033 = EDGE_LOOP('',(#3034));
#3034 = ORIENTED_EDGE('',*,*,#3010,.F.);
#3035 = PLANE('',#3036);
#3036 = AXIS2_PLACEMENT_3D('',#3037,#3038,#3039);
#3037 = CARTESIAN_POINT('',(18.,-7.5,5.));
#3038 = DIRECTION('',(0.,0.,1.));
#3039 = DIRECTION('',(1.,0.,0.));
#3040 = MANIFOLD_SOLID_BREP('',#3041);
#3041 = CLOSED_SHELL('',(#3042,#3075,#3084));
#3042 = ADVANCED_FACE('',(#3043),#3070,.T.);
#3043 = FACE_BOUND('',#3044,.T.);
#3044 = EDGE_LOOP('',(#3045,#3054,#3062,#3069));
#3045 = ORIENTED_EDGE('',*,*,#3046,.F.);
#3046 = EDGE_CURVE('',#3047,#3047,#3049,.T.);
#3047 = VERTEX_POINT('',#3048);
#3048 = CARTESIAN_POINT('',(19.3,7.5,14.6));
#3049 = CIRCLE('',#3050,1.3);
#3050 = AXIS2_PLACEMENT_3D('',#3051,#3052,#3053);
#3051 = CARTESIAN_POINT('',(18.,7.5,14.6));
#3052 = DIRECTION('',(0.,0.,1.));
#3053 = DIRECTION('',(1.,0.,0.));
#3054 = ORIENTED_EDGE('',*,*,#3055,.F.);
#3055 = EDGE_CURVE('',#3056,#3047,#3058,.T.);
#3056 = VERTEX_POINT('',#3057);
#3057 = CARTESIAN_POINT('',(20.6,7.5,13.2));
#3058 = LINE('',#3059,#3060);
#3059 = CARTESIAN_POINT('',(20.6,7.5,13.2));
#3060 = VECTOR('',#3061,1.);
#3061 = DIRECTION('',(-0.680451099367,1.666624521633E-16,0.732793491626)
  );
#3062 = ORIENTED_EDGE('',*,*,#3063,.T.);
#3063 = EDGE_CURVE('',#3056,#3056,#3064,.T.);
#3064 = CIRCLE('',#3065,2.6);
#3065 = AXIS2_PLACEMENT_3D('',#3066,#3067,#3068);
#3066 = CARTESIAN_POINT('',(18.,7.5,13.2));
#3067 = DIRECTION('',(0.,0.,1.));
#3068 = DIRECTION('',(1.,0.,0.));
#3069 = ORIENTED_EDGE('',*,*,#3055,.T.);
#3070 = CONICAL_SURFACE('',#3071,2.6,0.748378047524);
#3071 = AXIS2_PLACEMENT_3D('',#3072,#3073,#3074);
#3072 = CARTESIAN_POINT('',(18.,7.5,13.2));
#3073 = DIRECTION('',(-0.,-0.,-1.));
#3074 = DIRECTION('',(1.,0.,0.));
#3075 = ADVANCED_FACE('',(#3076),#3079,.T.);
#3076 = FACE_BOUND('',#3077,.T.);
#3077 = EDGE_LOOP('',(#3078));
#3078 = ORIENTED_EDGE('',*,*,#3046,.T.);
#3079 = PLANE('',#3080);
#3080 = AXIS2_PLACEMENT_3D('',#3081,#3082,#3083);
#3081 = CARTESIAN_POINT('',(18.,7.5,14.6));
#3082 = DIRECTION('',(0.,0.,1.));
#3083 = DIRECTION('',(1.,0.,0.));
#3084 = ADVANCED_FACE('',(#3085),#3088,.F.);
#3085 = FACE_BOUND('',#3086,.T.);
#3086 = EDGE_LOOP('',(#3087));
#3087 = ORIENTED_EDGE('',*,*,#3063,.F.);
#3088 = PLANE('',#3089);
#3089 = AXIS2_PLACEMENT_3D('',#3090,#3091,#3092);
#3090 = CARTESIAN_POINT('',(18.,7.5,13.2));
#3091 = DIRECTION('',(0.,0.,1.));
#3092 = DIRECTION('',(1.,0.,0.));
#3093 = MANIFOLD_SOLID_BREP('',#3094);
#3094 = CLOSED_SHELL('',(#3095,#3128,#3137));
#3095 = ADVANCED_FACE('',(#3096),#3123,.T.);
#3096 = FACE_BOUND('',#3097,.T.);
#3097 = EDGE_LOOP('',(#3098,#3107,#3115,#3122));
#3098 = ORIENTED_EDGE('',*,*,#3099,.F.);
#3099 = EDGE_CURVE('',#3100,#3100,#3102,.T.);
#3100 = VERTEX_POINT('',#3101);
#3101 = CARTESIAN_POINT('',(19.2,7.5,12.));
#3102 = CIRCLE('',#3103,1.2);
#3103 = AXIS2_PLACEMENT_3D('',#3104,#3105,#3106);
#3104 = CARTESIAN_POINT('',(18.,7.5,12.));
#3105 = DIRECTION('',(0.,0.,1.));
#3106 = DIRECTION('',(1.,0.,0.));
#3107 = ORIENTED_EDGE('',*,*,#3108,.F.);
#3108 = EDGE_CURVE('',#3109,#3100,#3111,.T.);
#3109 = VERTEX_POINT('',#3110);
#3110 = CARTESIAN_POINT('',(19.2,7.5,5.));
#3111 = LINE('',#3112,#3113);
#3112 = CARTESIAN_POINT('',(19.2,7.5,5.));
#3113 = VECTOR('',#3114,1.);
#3114 = DIRECTION('',(0.,0.,1.));
#3115 = ORIENTED_EDGE('',*,*,#3116,.T.);
#3116 = EDGE_CURVE('',#3109,#3109,#3117,.T.);
#3117 = CIRCLE('',#3118,1.2);
#3118 = AXIS2_PLACEMENT_3D('',#3119,#3120,#3121);
#3119 = CARTESIAN_POINT('',(18.,7.5,5.));
#3120 = DIRECTION('',(0.,0.,1.));
#3121 = DIRECTION('',(1.,0.,0.));
#3122 = ORIENTED_EDGE('',*,*,#3108,.T.);
#3123 = CYLINDRICAL_SURFACE('',#3124,1.2);
#3124 = AXIS2_PLACEMENT_3D('',#3125,#3126,#3127);
#3125 = CARTESIAN_POINT('',(18.,7.5,5.));
#3126 = DIRECTION('',(0.,0.,1.));
#3127 = DIRECTION('',(1.,0.,0.));
#3128 = ADVANCED_FACE('',(#3129),#3132,.T.);
#3129 = FACE_BOUND('',#3130,.T.);
#3130 = EDGE_LOOP('',(#3131));
#3131 = ORIENTED_EDGE('',*,*,#3099,.T.);
#3132 = PLANE('',#3133);
#3133 = AXIS2_PLACEMENT_3D('',#3134,#3135,#3136);
#3134 = CARTESIAN_POINT('',(18.,7.5,12.));
#3135 = DIRECTION('',(0.,0.,1.));
#3136 = DIRECTION('',(1.,0.,0.));
#3137 = ADVANCED_FACE('',(#3138),#3141,.F.);
#3138 = FACE_BOUND('',#3139,.T.);
#3139 = EDGE_LOOP('',(#3140));
#3140 = ORIENTED_EDGE('',*,*,#3116,.F.);
#3141 = PLANE('',#3142);
#3142 = AXIS2_PLACEMENT_3D('',#3143,#3144,#3145);
#3143 = CARTESIAN_POINT('',(18.,7.5,5.));
#3144 = DIRECTION('',(0.,0.,1.));
#3145 = DIRECTION('',(1.,0.,0.));
#3146 = MANIFOLD_SOLID_BREP('',#3147);
#3147 = CLOSED_SHELL('',(#3148,#3181,#3190));
#3148 = ADVANCED_FACE('',(#3149),#3176,.T.);
#3149 = FACE_BOUND('',#3150,.T.);
#3150 = EDGE_LOOP('',(#3151,#3160,#3168,#3175));
#3151 = ORIENTED_EDGE('',*,*,#3152,.F.);
#3152 = EDGE_CURVE('',#3153,#3153,#3155,.T.);
#3153 = VERTEX_POINT('',#3154);
#3154 = CARTESIAN_POINT('',(-58.,5.143516556419E-16,3.9));
#3155 = CIRCLE('',#3156,2.1);
#3156 = AXIS2_PLACEMENT_3D('',#3157,#3158,#3159);
#3157 = CARTESIAN_POINT('',(-58.,0.,6.));
#3158 = DIRECTION('',(-1.,0.,0.));
#3159 = DIRECTION('',(0.,0.,-1.));
#3160 = ORIENTED_EDGE('',*,*,#3161,.F.);
#3161 = EDGE_CURVE('',#3162,#3153,#3164,.T.);
#3162 = VERTEX_POINT('',#3163);
#3163 = CARTESIAN_POINT('',(-18.,5.143516556419E-16,3.9));
#3164 = LINE('',#3165,#3166);
#3165 = CARTESIAN_POINT('',(-18.,5.143516556419E-16,3.9));
#3166 = VECTOR('',#3167,1.);
#3167 = DIRECTION('',(-1.,0.,0.));
#3168 = ORIENTED_EDGE('',*,*,#3169,.T.);
#3169 = EDGE_CURVE('',#3162,#3162,#3170,.T.);
#3170 = CIRCLE('',#3171,2.1);
#3171 = AXIS2_PLACEMENT_3D('',#3172,#3173,#3174);
#3172 = CARTESIAN_POINT('',(-18.,0.,6.));
#3173 = DIRECTION('',(-1.,0.,0.));
#3174 = DIRECTION('',(0.,0.,-1.));
#3175 = ORIENTED_EDGE('',*,*,#3161,.T.);
#3176 = CYLINDRICAL_SURFACE('',#3177,2.1);
#3177 = AXIS2_PLACEMENT_3D('',#3178,#3179,#3180);
#3178 = CARTESIAN_POINT('',(-18.,0.,6.));
#3179 = DIRECTION('',(-1.,0.,0.));
#3180 = DIRECTION('',(0.,0.,-1.));
#3181 = ADVANCED_FACE('',(#3182),#3185,.T.);
#3182 = FACE_BOUND('',#3183,.T.);
#3183 = EDGE_LOOP('',(#3184));
#3184 = ORIENTED_EDGE('',*,*,#3152,.T.);
#3185 = PLANE('',#3186);
#3186 = AXIS2_PLACEMENT_3D('',#3187,#3188,#3189);
#3187 = CARTESIAN_POINT('',(-58.,0.,6.));
#3188 = DIRECTION('',(-1.,0.,0.));
#3189 = DIRECTION('',(0.,0.,-1.));
#3190 = ADVANCED_FACE('',(#3191),#3194,.F.);
#3191 = FACE_BOUND('',#3192,.T.);
#3192 = EDGE_LOOP('',(#3193));
#3193 = ORIENTED_EDGE('',*,*,#3169,.F.);
#3194 = PLANE('',#3195);
#3195 = AXIS2_PLACEMENT_3D('',#3196,#3197,#3198);
#3196 = CARTESIAN_POINT('',(-18.,0.,6.));
#3197 = DIRECTION('',(-1.,0.,0.));
#3198 = DIRECTION('',(0.,0.,-1.));
#3199 = MANIFOLD_SOLID_BREP('',#3200);
#3200 = CLOSED_SHELL('',(#3201,#3241,#3272,#3307,#3331,#3359,#3371));
#3201 = ADVANCED_FACE('',(#3202),#3236,.F.);
#3202 = FACE_BOUND('',#3203,.F.);
#3203 = EDGE_LOOP('',(#3204,#3214,#3222,#3230));
#3204 = ORIENTED_EDGE('',*,*,#3205,.F.);
#3205 = EDGE_CURVE('',#3206,#3208,#3210,.T.);
#3206 = VERTEX_POINT('',#3207);
#3207 = CARTESIAN_POINT('',(-4.,-7.5,3.5));
#3208 = VERTEX_POINT('',#3209);
#3209 = CARTESIAN_POINT('',(-4.,-7.5,5.1));
#3210 = LINE('',#3211,#3212);
#3211 = CARTESIAN_POINT('',(-4.,-7.5,3.5));
#3212 = VECTOR('',#3213,1.);
#3213 = DIRECTION('',(0.,0.,1.));
#3214 = ORIENTED_EDGE('',*,*,#3215,.T.);
#3215 = EDGE_CURVE('',#3206,#3216,#3218,.T.);
#3216 = VERTEX_POINT('',#3217);
#3217 = CARTESIAN_POINT('',(-4.,7.5,3.5));
#3218 = LINE('',#3219,#3220);
#3219 = CARTESIAN_POINT('',(-4.,-7.5,3.5));
#3220 = VECTOR('',#3221,1.);
#3221 = DIRECTION('',(0.,1.,0.));
#3222 = ORIENTED_EDGE('',*,*,#3223,.T.);
#3223 = EDGE_CURVE('',#3216,#3224,#3226,.T.);
#3224 = VERTEX_POINT('',#3225);
#3225 = CARTESIAN_POINT('',(-4.,7.5,5.1));
#3226 = LINE('',#3227,#3228);
#3227 = CARTESIAN_POINT('',(-4.,7.5,3.5));
#3228 = VECTOR('',#3229,1.);
#3229 = DIRECTION('',(0.,0.,1.));
#3230 = ORIENTED_EDGE('',*,*,#3231,.F.);
#3231 = EDGE_CURVE('',#3208,#3224,#3232,.T.);
#3232 = LINE('',#3233,#3234);
#3233 = CARTESIAN_POINT('',(-4.,-7.5,5.1));
#3234 = VECTOR('',#3235,1.);
#3235 = DIRECTION('',(0.,1.,0.));
#3236 = PLANE('',#3237);
#3237 = AXIS2_PLACEMENT_3D('',#3238,#3239,#3240);
#3238 = CARTESIAN_POINT('',(-4.,-7.5,3.5));
#3239 = DIRECTION('',(1.,0.,0.));
#3240 = DIRECTION('',(0.,0.,1.));
#3241 = ADVANCED_FACE('',(#3242),#3267,.F.);
#3242 = FACE_BOUND('',#3243,.F.);
#3243 = EDGE_LOOP('',(#3244,#3252,#3253,#3261));
#3244 = ORIENTED_EDGE('',*,*,#3245,.F.);
#3245 = EDGE_CURVE('',#3206,#3246,#3248,.T.);
#3246 = VERTEX_POINT('',#3247);
#3247 = CARTESIAN_POINT('',(14.5,-7.5,3.5));
#3248 = LINE('',#3249,#3250);
#3249 = CARTESIAN_POINT('',(-4.,-7.5,3.5));
#3250 = VECTOR('',#3251,1.);
#3251 = DIRECTION('',(1.,0.,0.));
#3252 = ORIENTED_EDGE('',*,*,#3205,.T.);
#3253 = ORIENTED_EDGE('',*,*,#3254,.T.);
#3254 = EDGE_CURVE('',#3208,#3255,#3257,.T.);
#3255 = VERTEX_POINT('',#3256);
#3256 = CARTESIAN_POINT('',(14.5,-7.5,5.1));
#3257 = LINE('',#3258,#3259);
#3258 = CARTESIAN_POINT('',(-4.,-7.5,5.1));
#3259 = VECTOR('',#3260,1.);
#3260 = DIRECTION('',(1.,0.,0.));
#3261 = ORIENTED_EDGE('',*,*,#3262,.F.);
#3262 = EDGE_CURVE('',#3246,#3255,#3263,.T.);
#3263 = LINE('',#3264,#3265);
#3264 = CARTESIAN_POINT('',(14.5,-7.5,3.5));
#3265 = VECTOR('',#3266,1.);
#3266 = DIRECTION('',(0.,0.,1.));
#3267 = PLANE('',#3268);
#3268 = AXIS2_PLACEMENT_3D('',#3269,#3270,#3271);
#3269 = CARTESIAN_POINT('',(-4.,-7.5,3.5));
#3270 = DIRECTION('',(0.,1.,0.));
#3271 = DIRECTION('',(0.,0.,1.));
#3272 = ADVANCED_FACE('',(#3273,#3291),#3302,.T.);
#3273 = FACE_BOUND('',#3274,.T.);
#3274 = EDGE_LOOP('',(#3275,#3276,#3277,#3285));
#3275 = ORIENTED_EDGE('',*,*,#3231,.F.);
#3276 = ORIENTED_EDGE('',*,*,#3254,.T.);
#3277 = ORIENTED_EDGE('',*,*,#3278,.T.);
#3278 = EDGE_CURVE('',#3255,#3279,#3281,.T.);
#3279 = VERTEX_POINT('',#3280);
#3280 = CARTESIAN_POINT('',(14.5,7.5,5.1));
#3281 = LINE('',#3282,#3283);
#3282 = CARTESIAN_POINT('',(14.5,-7.5,5.1));
#3283 = VECTOR('',#3284,1.);
#3284 = DIRECTION('',(0.,1.,0.));
#3285 = ORIENTED_EDGE('',*,*,#3286,.F.);
#3286 = EDGE_CURVE('',#3224,#3279,#3287,.T.);
#3287 = LINE('',#3288,#3289);
#3288 = CARTESIAN_POINT('',(-4.,7.5,5.1));
#3289 = VECTOR('',#3290,1.);
#3290 = DIRECTION('',(1.,0.,0.));
#3291 = FACE_BOUND('',#3292,.T.);
#3292 = EDGE_LOOP('',(#3293));
#3293 = ORIENTED_EDGE('',*,*,#3294,.F.);
#3294 = EDGE_CURVE('',#3295,#3295,#3297,.T.);
#3295 = VERTEX_POINT('',#3296);
#3296 = CARTESIAN_POINT('',(5.1,-3.918869757272E-16,5.1));
#3297 = CIRCLE('',#3298,1.6);
#3298 = AXIS2_PLACEMENT_3D('',#3299,#3300,#3301);
#3299 = CARTESIAN_POINT('',(3.5,0.,5.1));
#3300 = DIRECTION('',(0.,0.,1.));
#3301 = DIRECTION('',(1.,0.,0.));
#3302 = PLANE('',#3303);
#3303 = AXIS2_PLACEMENT_3D('',#3304,#3305,#3306);
#3304 = CARTESIAN_POINT('',(-4.,-7.5,5.1));
#3305 = DIRECTION('',(0.,0.,1.));
#3306 = DIRECTION('',(1.,0.,0.));
#3307 = ADVANCED_FACE('',(#3308),#3326,.T.);
#3308 = FACE_BOUND('',#3309,.T.);
#3309 = EDGE_LOOP('',(#3310,#3318,#3319,#3320));
#3310 = ORIENTED_EDGE('',*,*,#3311,.F.);
#3311 = EDGE_CURVE('',#3216,#3312,#3314,.T.);
#3312 = VERTEX_POINT('',#3313);
#3313 = CARTESIAN_POINT('',(14.5,7.5,3.5));
#3314 = LINE('',#3315,#3316);
#3315 = CARTESIAN_POINT('',(-4.,7.5,3.5));
#3316 = VECTOR('',#3317,1.);
#3317 = DIRECTION('',(1.,0.,0.));
#3318 = ORIENTED_EDGE('',*,*,#3223,.T.);
#3319 = ORIENTED_EDGE('',*,*,#3286,.T.);
#3320 = ORIENTED_EDGE('',*,*,#3321,.F.);
#3321 = EDGE_CURVE('',#3312,#3279,#3322,.T.);
#3322 = LINE('',#3323,#3324);
#3323 = CARTESIAN_POINT('',(14.5,7.5,3.5));
#3324 = VECTOR('',#3325,1.);
#3325 = DIRECTION('',(0.,0.,1.));
#3326 = PLANE('',#3327);
#3327 = AXIS2_PLACEMENT_3D('',#3328,#3329,#3330);
#3328 = CARTESIAN_POINT('',(-4.,7.5,3.5));
#3329 = DIRECTION('',(0.,1.,0.));
#3330 = DIRECTION('',(0.,0.,1.));
#3331 = ADVANCED_FACE('',(#3332,#3343),#3354,.F.);
#3332 = FACE_BOUND('',#3333,.F.);
#3333 = EDGE_LOOP('',(#3334,#3335,#3336,#3342));
#3334 = ORIENTED_EDGE('',*,*,#3215,.F.);
#3335 = ORIENTED_EDGE('',*,*,#3245,.T.);
#3336 = ORIENTED_EDGE('',*,*,#3337,.T.);
#3337 = EDGE_CURVE('',#3246,#3312,#3338,.T.);
#3338 = LINE('',#3339,#3340);
#3339 = CARTESIAN_POINT('',(14.5,-7.5,3.5));
#3340 = VECTOR('',#3341,1.);
#3341 = DIRECTION('',(0.,1.,0.));
#3342 = ORIENTED_EDGE('',*,*,#3311,.F.);
#3343 = FACE_BOUND('',#3344,.F.);
#3344 = EDGE_LOOP('',(#3345));
#3345 = ORIENTED_EDGE('',*,*,#3346,.F.);
#3346 = EDGE_CURVE('',#3347,#3347,#3349,.T.);
#3347 = VERTEX_POINT('',#3348);
#3348 = CARTESIAN_POINT('',(5.1,-3.918869757272E-16,3.5));
#3349 = CIRCLE('',#3350,1.6);
#3350 = AXIS2_PLACEMENT_3D('',#3351,#3352,#3353);
#3351 = CARTESIAN_POINT('',(3.5,0.,3.5));
#3352 = DIRECTION('',(0.,0.,1.));
#3353 = DIRECTION('',(1.,0.,0.));
#3354 = PLANE('',#3355);
#3355 = AXIS2_PLACEMENT_3D('',#3356,#3357,#3358);
#3356 = CARTESIAN_POINT('',(-4.,-7.5,3.5));
#3357 = DIRECTION('',(0.,0.,1.));
#3358 = DIRECTION('',(1.,0.,0.));
#3359 = ADVANCED_FACE('',(#3360),#3366,.T.);
#3360 = FACE_BOUND('',#3361,.T.);
#3361 = EDGE_LOOP('',(#3362,#3363,#3364,#3365));
#3362 = ORIENTED_EDGE('',*,*,#3262,.F.);
#3363 = ORIENTED_EDGE('',*,*,#3337,.T.);
#3364 = ORIENTED_EDGE('',*,*,#3321,.T.);
#3365 = ORIENTED_EDGE('',*,*,#3278,.F.);
#3366 = PLANE('',#3367);
#3367 = AXIS2_PLACEMENT_3D('',#3368,#3369,#3370);
#3368 = CARTESIAN_POINT('',(14.5,-7.5,3.5));
#3369 = DIRECTION('',(1.,0.,0.));
#3370 = DIRECTION('',(0.,0.,1.));
#3371 = ADVANCED_FACE('',(#3372),#3383,.F.);
#3372 = FACE_BOUND('',#3373,.F.);
#3373 = EDGE_LOOP('',(#3374,#3375,#3381,#3382));
#3374 = ORIENTED_EDGE('',*,*,#3294,.F.);
#3375 = ORIENTED_EDGE('',*,*,#3376,.F.);
#3376 = EDGE_CURVE('',#3347,#3295,#3377,.T.);
#3377 = LINE('',#3378,#3379);
#3378 = CARTESIAN_POINT('',(5.1,-3.918869757272E-16,3.));
#3379 = VECTOR('',#3380,1.);
#3380 = DIRECTION('',(0.,0.,1.));
#3381 = ORIENTED_EDGE('',*,*,#3346,.T.);
#3382 = ORIENTED_EDGE('',*,*,#3376,.T.);
#3383 = CYLINDRICAL_SURFACE('',#3384,1.6);
#3384 = AXIS2_PLACEMENT_3D('',#3385,#3386,#3387);
#3385 = CARTESIAN_POINT('',(3.5,0.,3.));
#3386 = DIRECTION('',(0.,0.,1.));
#3387 = DIRECTION('',(1.,0.,0.));
#3388 = MANIFOLD_SOLID_BREP('',#3389);
#3389 = CLOSED_SHELL('',(#3390,#3423,#3432));
#3390 = ADVANCED_FACE('',(#3391),#3418,.T.);
#3391 = FACE_BOUND('',#3392,.T.);
#3392 = EDGE_LOOP('',(#3393,#3402,#3410,#3417));
#3393 = ORIENTED_EDGE('',*,*,#3394,.F.);
#3394 = EDGE_CURVE('',#3395,#3395,#3397,.T.);
#3395 = VERTEX_POINT('',#3396);
#3396 = CARTESIAN_POINT('',(18.7,-1.27,4.55));
#3397 = CIRCLE('',#3398,0.25);
#3398 = AXIS2_PLACEMENT_3D('',#3399,#3400,#3401);
#3399 = CARTESIAN_POINT('',(18.7,-1.27,4.3));
#3400 = DIRECTION('',(1.,0.,-0.));
#3401 = DIRECTION('',(0.,0.,1.));
#3402 = ORIENTED_EDGE('',*,*,#3403,.F.);
#3403 = EDGE_CURVE('',#3404,#3395,#3406,.T.);
#3404 = VERTEX_POINT('',#3405);
#3405 = CARTESIAN_POINT('',(14.5,-1.27,4.55));
#3406 = LINE('',#3407,#3408);
#3407 = CARTESIAN_POINT('',(14.5,-1.27,4.55));
#3408 = VECTOR('',#3409,1.);
#3409 = DIRECTION('',(1.,0.,0.));
#3410 = ORIENTED_EDGE('',*,*,#3411,.T.);
#3411 = EDGE_CURVE('',#3404,#3404,#3412,.T.);
#3412 = CIRCLE('',#3413,0.25);
#3413 = AXIS2_PLACEMENT_3D('',#3414,#3415,#3416);
#3414 = CARTESIAN_POINT('',(14.5,-1.27,4.3));
#3415 = DIRECTION('',(1.,0.,-0.));
#3416 = DIRECTION('',(0.,0.,1.));
#3417 = ORIENTED_EDGE('',*,*,#3403,.T.);
#3418 = CYLINDRICAL_SURFACE('',#3419,0.25);
#3419 = AXIS2_PLACEMENT_3D('',#3420,#3421,#3422);
#3420 = CARTESIAN_POINT('',(14.5,-1.27,4.3));
#3421 = DIRECTION('',(1.,0.,0.));
#3422 = DIRECTION('',(0.,0.,1.));
#3423 = ADVANCED_FACE('',(#3424),#3427,.T.);
#3424 = FACE_BOUND('',#3425,.T.);
#3425 = EDGE_LOOP('',(#3426));
#3426 = ORIENTED_EDGE('',*,*,#3394,.T.);
#3427 = PLANE('',#3428);
#3428 = AXIS2_PLACEMENT_3D('',#3429,#3430,#3431);
#3429 = CARTESIAN_POINT('',(18.7,-1.27,4.3));
#3430 = DIRECTION('',(1.,0.,0.));
#3431 = DIRECTION('',(0.,0.,1.));
#3432 = ADVANCED_FACE('',(#3433),#3436,.F.);
#3433 = FACE_BOUND('',#3434,.T.);
#3434 = EDGE_LOOP('',(#3435));
#3435 = ORIENTED_EDGE('',*,*,#3411,.F.);
#3436 = PLANE('',#3437);
#3437 = AXIS2_PLACEMENT_3D('',#3438,#3439,#3440);
#3438 = CARTESIAN_POINT('',(14.5,-1.27,4.3));
#3439 = DIRECTION('',(1.,0.,0.));
#3440 = DIRECTION('',(0.,0.,1.));
#3441 = MANIFOLD_SOLID_BREP('',#3442);
#3442 = CLOSED_SHELL('',(#3443,#3476,#3485));
#3443 = ADVANCED_FACE('',(#3444),#3471,.T.);
#3444 = FACE_BOUND('',#3445,.T.);
#3445 = EDGE_LOOP('',(#3446,#3455,#3463,#3470));
#3446 = ORIENTED_EDGE('',*,*,#3447,.F.);
#3447 = EDGE_CURVE('',#3448,#3448,#3450,.T.);
#3448 = VERTEX_POINT('',#3449);
#3449 = CARTESIAN_POINT('',(18.7,6.123233995737E-17,4.55));
#3450 = CIRCLE('',#3451,0.25);
#3451 = AXIS2_PLACEMENT_3D('',#3452,#3453,#3454);
#3452 = CARTESIAN_POINT('',(18.7,0.,4.3));
#3453 = DIRECTION('',(1.,0.,-0.));
#3454 = DIRECTION('',(0.,0.,1.));
#3455 = ORIENTED_EDGE('',*,*,#3456,.F.);
#3456 = EDGE_CURVE('',#3457,#3448,#3459,.T.);
#3457 = VERTEX_POINT('',#3458);
#3458 = CARTESIAN_POINT('',(14.5,6.123233995737E-17,4.55));
#3459 = LINE('',#3460,#3461);
#3460 = CARTESIAN_POINT('',(14.5,6.123233995737E-17,4.55));
#3461 = VECTOR('',#3462,1.);
#3462 = DIRECTION('',(1.,0.,0.));
#3463 = ORIENTED_EDGE('',*,*,#3464,.T.);
#3464 = EDGE_CURVE('',#3457,#3457,#3465,.T.);
#3465 = CIRCLE('',#3466,0.25);
#3466 = AXIS2_PLACEMENT_3D('',#3467,#3468,#3469);
#3467 = CARTESIAN_POINT('',(14.5,0.,4.3));
#3468 = DIRECTION('',(1.,0.,-0.));
#3469 = DIRECTION('',(0.,0.,1.));
#3470 = ORIENTED_EDGE('',*,*,#3456,.T.);
#3471 = CYLINDRICAL_SURFACE('',#3472,0.25);
#3472 = AXIS2_PLACEMENT_3D('',#3473,#3474,#3475);
#3473 = CARTESIAN_POINT('',(14.5,0.,4.3));
#3474 = DIRECTION('',(1.,0.,0.));
#3475 = DIRECTION('',(0.,0.,1.));
#3476 = ADVANCED_FACE('',(#3477),#3480,.T.);
#3477 = FACE_BOUND('',#3478,.T.);
#3478 = EDGE_LOOP('',(#3479));
#3479 = ORIENTED_EDGE('',*,*,#3447,.T.);
#3480 = PLANE('',#3481);
#3481 = AXIS2_PLACEMENT_3D('',#3482,#3483,#3484);
#3482 = CARTESIAN_POINT('',(18.7,0.,4.3));
#3483 = DIRECTION('',(1.,0.,0.));
#3484 = DIRECTION('',(0.,0.,1.));
#3485 = ADVANCED_FACE('',(#3486),#3489,.F.);
#3486 = FACE_BOUND('',#3487,.T.);
#3487 = EDGE_LOOP('',(#3488));
#3488 = ORIENTED_EDGE('',*,*,#3464,.F.);
#3489 = PLANE('',#3490);
#3490 = AXIS2_PLACEMENT_3D('',#3491,#3492,#3493);
#3491 = CARTESIAN_POINT('',(14.5,0.,4.3));
#3492 = DIRECTION('',(1.,0.,0.));
#3493 = DIRECTION('',(0.,0.,1.));
#3494 = MANIFOLD_SOLID_BREP('',#3495);
#3495 = CLOSED_SHELL('',(#3496,#3529,#3538));
#3496 = ADVANCED_FACE('',(#3497),#3524,.T.);
#3497 = FACE_BOUND('',#3498,.T.);
#3498 = EDGE_LOOP('',(#3499,#3508,#3516,#3523));
#3499 = ORIENTED_EDGE('',*,*,#3500,.F.);
#3500 = EDGE_CURVE('',#3501,#3501,#3503,.T.);
#3501 = VERTEX_POINT('',#3502);
#3502 = CARTESIAN_POINT('',(18.7,1.27,4.55));
#3503 = CIRCLE('',#3504,0.25);
#3504 = AXIS2_PLACEMENT_3D('',#3505,#3506,#3507);
#3505 = CARTESIAN_POINT('',(18.7,1.27,4.3));
#3506 = DIRECTION('',(1.,0.,-0.));
#3507 = DIRECTION('',(0.,0.,1.));
#3508 = ORIENTED_EDGE('',*,*,#3509,.F.);
#3509 = EDGE_CURVE('',#3510,#3501,#3512,.T.);
#3510 = VERTEX_POINT('',#3511);
#3511 = CARTESIAN_POINT('',(14.5,1.27,4.55));
#3512 = LINE('',#3513,#3514);
#3513 = CARTESIAN_POINT('',(14.5,1.27,4.55));
#3514 = VECTOR('',#3515,1.);
#3515 = DIRECTION('',(1.,0.,0.));
#3516 = ORIENTED_EDGE('',*,*,#3517,.T.);
#3517 = EDGE_CURVE('',#3510,#3510,#3518,.T.);
#3518 = CIRCLE('',#3519,0.25);
#3519 = AXIS2_PLACEMENT_3D('',#3520,#3521,#3522);
#3520 = CARTESIAN_POINT('',(14.5,1.27,4.3));
#3521 = DIRECTION('',(1.,0.,-0.));
#3522 = DIRECTION('',(0.,0.,1.));
#3523 = ORIENTED_EDGE('',*,*,#3509,.T.);
#3524 = CYLINDRICAL_SURFACE('',#3525,0.25);
#3525 = AXIS2_PLACEMENT_3D('',#3526,#3527,#3528);
#3526 = CARTESIAN_POINT('',(14.5,1.27,4.3));
#3527 = DIRECTION('',(1.,0.,0.));
#3528 = DIRECTION('',(0.,0.,1.));
#3529 = ADVANCED_FACE('',(#3530),#3533,.T.);
#3530 = FACE_BOUND('',#3531,.T.);
#3531 = EDGE_LOOP('',(#3532));
#3532 = ORIENTED_EDGE('',*,*,#3500,.T.);
#3533 = PLANE('',#3534);
#3534 = AXIS2_PLACEMENT_3D('',#3535,#3536,#3537);
#3535 = CARTESIAN_POINT('',(18.7,1.27,4.3));
#3536 = DIRECTION('',(1.,0.,0.));
#3537 = DIRECTION('',(0.,0.,1.));
#3538 = ADVANCED_FACE('',(#3539),#3542,.F.);
#3539 = FACE_BOUND('',#3540,.T.);
#3540 = EDGE_LOOP('',(#3541));
#3541 = ORIENTED_EDGE('',*,*,#3517,.F.);
#3542 = PLANE('',#3543);
#3543 = AXIS2_PLACEMENT_3D('',#3544,#3545,#3546);
#3544 = CARTESIAN_POINT('',(14.5,1.27,4.3));
#3545 = DIRECTION('',(1.,0.,0.));
#3546 = DIRECTION('',(0.,0.,1.));
#3547 = MANIFOLD_SOLID_BREP('',#3548);
#3548 = CLOSED_SHELL('',(#3549,#3589,#3612,#3636,#3652));
#3549 = ADVANCED_FACE('',(#3550),#3584,.F.);
#3550 = FACE_BOUND('',#3551,.F.);
#3551 = EDGE_LOOP('',(#3552,#3562,#3570,#3578));
#3552 = ORIENTED_EDGE('',*,*,#3553,.F.);
#3553 = EDGE_CURVE('',#3554,#3556,#3558,.T.);
#3554 = VERTEX_POINT('',#3555);
#3555 = CARTESIAN_POINT('',(18.7,-2.1,4.773240316631));
#3556 = VERTEX_POINT('',#3557);
#3557 = CARTESIAN_POINT('',(18.7,-2.1,5.9));
#3558 = LINE('',#3559,#3560);
#3559 = CARTESIAN_POINT('',(18.7,-2.1,2.7));
#3560 = VECTOR('',#3561,1.);
#3561 = DIRECTION('',(0.,0.,1.));
#3562 = ORIENTED_EDGE('',*,*,#3563,.T.);
#3563 = EDGE_CURVE('',#3554,#3564,#3566,.T.);
#3564 = VERTEX_POINT('',#3565);
#3565 = CARTESIAN_POINT('',(18.7,2.1,4.773240316631));
#3566 = LINE('',#3567,#3568);
#3567 = CARTESIAN_POINT('',(18.7,-2.3,4.773240316631));
#3568 = VECTOR('',#3569,1.);
#3569 = DIRECTION('',(0.,1.,0.));
#3570 = ORIENTED_EDGE('',*,*,#3571,.T.);
#3571 = EDGE_CURVE('',#3564,#3572,#3574,.T.);
#3572 = VERTEX_POINT('',#3573);
#3573 = CARTESIAN_POINT('',(18.7,2.1,5.9));
#3574 = LINE('',#3575,#3576);
#3575 = CARTESIAN_POINT('',(18.7,2.1,2.7));
#3576 = VECTOR('',#3577,1.);
#3577 = DIRECTION('',(0.,0.,1.));
#3578 = ORIENTED_EDGE('',*,*,#3579,.F.);
#3579 = EDGE_CURVE('',#3556,#3572,#3580,.T.);
#3580 = LINE('',#3581,#3582);
#3581 = CARTESIAN_POINT('',(18.7,-2.1,5.9));
#3582 = VECTOR('',#3583,1.);
#3583 = DIRECTION('',(0.,1.,0.));
#3584 = PLANE('',#3585);
#3585 = AXIS2_PLACEMENT_3D('',#3586,#3587,#3588);
#3586 = CARTESIAN_POINT('',(18.7,-2.1,2.7));
#3587 = DIRECTION('',(1.,0.,0.));
#3588 = DIRECTION('',(0.,0.,1.));
#3589 = ADVANCED_FACE('',(#3590),#3607,.F.);
#3590 = FACE_BOUND('',#3591,.F.);
#3591 = EDGE_LOOP('',(#3592,#3600,#3601));
#3592 = ORIENTED_EDGE('',*,*,#3593,.T.);
#3593 = EDGE_CURVE('',#3594,#3554,#3596,.T.);
#3594 = VERTEX_POINT('',#3595);
#3595 = CARTESIAN_POINT('',(19.225416669255,-2.1,5.9));
#3596 = LINE('',#3597,#3598);
#3597 = CARTESIAN_POINT('',(17.842529686322,-2.1,2.934389294816));
#3598 = VECTOR('',#3599,1.);
#3599 = DIRECTION('',(-0.422618261741,0.,-0.906307787037));
#3600 = ORIENTED_EDGE('',*,*,#3553,.T.);
#3601 = ORIENTED_EDGE('',*,*,#3602,.T.);
#3602 = EDGE_CURVE('',#3556,#3594,#3603,.T.);
#3603 = LINE('',#3604,#3605);
#3604 = CARTESIAN_POINT('',(18.7,-2.1,5.9));
#3605 = VECTOR('',#3606,1.);
#3606 = DIRECTION('',(1.,0.,0.));
#3607 = PLANE('',#3608);
#3608 = AXIS2_PLACEMENT_3D('',#3609,#3610,#3611);
#3609 = CARTESIAN_POINT('',(18.7,-2.1,2.7));
#3610 = DIRECTION('',(0.,1.,0.));
#3611 = DIRECTION('',(0.,0.,1.));
#3612 = ADVANCED_FACE('',(#3613),#3631,.T.);
#3613 = FACE_BOUND('',#3614,.T.);
#3614 = EDGE_LOOP('',(#3615,#3623,#3624,#3625));
#3615 = ORIENTED_EDGE('',*,*,#3616,.F.);
#3616 = EDGE_CURVE('',#3572,#3617,#3619,.T.);
#3617 = VERTEX_POINT('',#3618);
#3618 = CARTESIAN_POINT('',(19.225416669255,2.1,5.9));
#3619 = LINE('',#3620,#3621);
#3620 = CARTESIAN_POINT('',(18.7,2.1,5.9));
#3621 = VECTOR('',#3622,1.);
#3622 = DIRECTION('',(1.,0.,0.));
#3623 = ORIENTED_EDGE('',*,*,#3579,.F.);
#3624 = ORIENTED_EDGE('',*,*,#3602,.T.);
#3625 = ORIENTED_EDGE('',*,*,#3626,.T.);
#3626 = EDGE_CURVE('',#3594,#3617,#3627,.T.);
#3627 = LINE('',#3628,#3629);
#3628 = CARTESIAN_POINT('',(19.225416669255,-2.3,5.9));
#3629 = VECTOR('',#3630,1.);
#3630 = DIRECTION('',(0.,1.,0.));
#3631 = PLANE('',#3632);
#3632 = AXIS2_PLACEMENT_3D('',#3633,#3634,#3635);
#3633 = CARTESIAN_POINT('',(18.7,-2.1,5.9));
#3634 = DIRECTION('',(0.,0.,1.));
#3635 = DIRECTION('',(1.,0.,0.));
#3636 = ADVANCED_FACE('',(#3637),#3647,.T.);
#3637 = FACE_BOUND('',#3638,.T.);
#3638 = EDGE_LOOP('',(#3639,#3645,#3646));
#3639 = ORIENTED_EDGE('',*,*,#3640,.T.);
#3640 = EDGE_CURVE('',#3617,#3564,#3641,.T.);
#3641 = LINE('',#3642,#3643);
#3642 = CARTESIAN_POINT('',(17.842529686322,2.1,2.934389294816));
#3643 = VECTOR('',#3644,1.);
#3644 = DIRECTION('',(-0.422618261741,0.,-0.906307787037));
#3645 = ORIENTED_EDGE('',*,*,#3571,.T.);
#3646 = ORIENTED_EDGE('',*,*,#3616,.T.);
#3647 = PLANE('',#3648);
#3648 = AXIS2_PLACEMENT_3D('',#3649,#3650,#3651);
#3649 = CARTESIAN_POINT('',(18.7,2.1,2.7));
#3650 = DIRECTION('',(0.,1.,0.));
#3651 = DIRECTION('',(0.,0.,1.));
#3652 = ADVANCED_FACE('',(#3653),#3659,.T.);
#3653 = FACE_BOUND('',#3654,.T.);
#3654 = EDGE_LOOP('',(#3655,#3656,#3657,#3658));
#3655 = ORIENTED_EDGE('',*,*,#3593,.T.);
#3656 = ORIENTED_EDGE('',*,*,#3563,.T.);
#3657 = ORIENTED_EDGE('',*,*,#3640,.F.);
#3658 = ORIENTED_EDGE('',*,*,#3626,.F.);
#3659 = PLANE('',#3660);
#3660 = AXIS2_PLACEMENT_3D('',#3661,#3662,#3663);
#3661 = CARTESIAN_POINT('',(17.779156484546,-2.5,2.798485025034));
#3662 = DIRECTION('',(0.906307787037,0.,-0.422618261741));
#3663 = DIRECTION('',(0.422618261741,0.,0.906307787037));
#3664 = MANIFOLD_SOLID_BREP('',#3665);
#3665 = CLOSED_SHELL('',(#3666,#3714,#3745,#3769,#3793,#3817,#3834));
#3666 = ADVANCED_FACE('',(#3667),#3709,.F.);
#3667 = FACE_BOUND('',#3668,.F.);
#3668 = EDGE_LOOP('',(#3669,#3679,#3687,#3695,#3703));
#3669 = ORIENTED_EDGE('',*,*,#3670,.F.);
#3670 = EDGE_CURVE('',#3671,#3673,#3675,.T.);
#3671 = VERTEX_POINT('',#3672);
#3672 = CARTESIAN_POINT('',(18.836610082122,-2.1,2.7));
#3673 = VERTEX_POINT('',#3674);
#3674 = CARTESIAN_POINT('',(20.2,-2.1,2.7));
#3675 = LINE('',#3676,#3677);
#3676 = CARTESIAN_POINT('',(18.7,-2.1,2.7));
#3677 = VECTOR('',#3678,1.);
#3678 = DIRECTION('',(1.,0.,0.));
#3679 = ORIENTED_EDGE('',*,*,#3680,.F.);
#3680 = EDGE_CURVE('',#3681,#3671,#3683,.T.);
#3681 = VERTEX_POINT('',#3682);
#3682 = CARTESIAN_POINT('',(20.164628187676,-2.1,5.547944017922));
#3683 = LINE('',#3684,#3685);
#3684 = CARTESIAN_POINT('',(18.748837473359,-2.1,2.511771033076));
#3685 = VECTOR('',#3686,1.);
#3686 = DIRECTION('',(-0.422618261741,0.,-0.906307787037));
#3687 = ORIENTED_EDGE('',*,*,#3688,.F.);
#3688 = EDGE_CURVE('',#3689,#3681,#3691,.T.);
#3689 = VERTEX_POINT('',#3690);
#3690 = CARTESIAN_POINT('',(19.409641697702,-2.1,5.9));
#3691 = LINE('',#3692,#3693);
#3692 = CARTESIAN_POINT('',(19.65536895659,-2.1,5.785415497363));
#3693 = VECTOR('',#3694,1.);
#3694 = DIRECTION('',(0.906307787037,0.,-0.422618261741));
#3695 = ORIENTED_EDGE('',*,*,#3696,.T.);
#3696 = EDGE_CURVE('',#3689,#3697,#3699,.T.);
#3697 = VERTEX_POINT('',#3698);
#3698 = CARTESIAN_POINT('',(20.2,-2.1,5.9));
#3699 = LINE('',#3700,#3701);
#3700 = CARTESIAN_POINT('',(18.7,-2.1,5.9));
#3701 = VECTOR('',#3702,1.);
#3702 = DIRECTION('',(1.,0.,0.));
#3703 = ORIENTED_EDGE('',*,*,#3704,.F.);
#3704 = EDGE_CURVE('',#3673,#3697,#3705,.T.);
#3705 = LINE('',#3706,#3707);
#3706 = CARTESIAN_POINT('',(20.2,-2.1,2.7));
#3707 = VECTOR('',#3708,1.);
#3708 = DIRECTION('',(0.,0.,1.));
#3709 = PLANE('',#3710);
#3710 = AXIS2_PLACEMENT_3D('',#3711,#3712,#3713);
#3711 = CARTESIAN_POINT('',(18.7,-2.1,2.7));
#3712 = DIRECTION('',(0.,1.,0.));
#3713 = DIRECTION('',(0.,0.,1.));
#3714 = ADVANCED_FACE('',(#3715),#3740,.F.);
#3715 = FACE_BOUND('',#3716,.F.);
#3716 = EDGE_LOOP('',(#3717,#3727,#3733,#3734));
#3717 = ORIENTED_EDGE('',*,*,#3718,.F.);
#3718 = EDGE_CURVE('',#3719,#3721,#3723,.T.);
#3719 = VERTEX_POINT('',#3720);
#3720 = CARTESIAN_POINT('',(18.836610082122,2.1,2.7));
#3721 = VERTEX_POINT('',#3722);
#3722 = CARTESIAN_POINT('',(20.2,2.1,2.7));
#3723 = LINE('',#3724,#3725);
#3724 = CARTESIAN_POINT('',(18.7,2.1,2.7));
#3725 = VECTOR('',#3726,1.);
#3726 = DIRECTION('',(1.,0.,0.));
#3727 = ORIENTED_EDGE('',*,*,#3728,.F.);
#3728 = EDGE_CURVE('',#3671,#3719,#3729,.T.);
#3729 = LINE('',#3730,#3731);
#3730 = CARTESIAN_POINT('',(18.836610082122,-2.3,2.7));
#3731 = VECTOR('',#3732,1.);
#3732 = DIRECTION('',(0.,1.,0.));
#3733 = ORIENTED_EDGE('',*,*,#3670,.T.);
#3734 = ORIENTED_EDGE('',*,*,#3735,.T.);
#3735 = EDGE_CURVE('',#3673,#3721,#3736,.T.);
#3736 = LINE('',#3737,#3738);
#3737 = CARTESIAN_POINT('',(20.2,-2.1,2.7));
#3738 = VECTOR('',#3739,1.);
#3739 = DIRECTION('',(0.,1.,0.));
#3740 = PLANE('',#3741);
#3741 = AXIS2_PLACEMENT_3D('',#3742,#3743,#3744);
#3742 = CARTESIAN_POINT('',(18.7,-2.1,2.7));
#3743 = DIRECTION('',(0.,0.,1.));
#3744 = DIRECTION('',(1.,0.,0.));
#3745 = ADVANCED_FACE('',(#3746),#3764,.T.);
#3746 = FACE_BOUND('',#3747,.T.);
#3747 = EDGE_LOOP('',(#3748,#3749,#3750,#3758));
#3748 = ORIENTED_EDGE('',*,*,#3704,.F.);
#3749 = ORIENTED_EDGE('',*,*,#3735,.T.);
#3750 = ORIENTED_EDGE('',*,*,#3751,.T.);
#3751 = EDGE_CURVE('',#3721,#3752,#3754,.T.);
#3752 = VERTEX_POINT('',#3753);
#3753 = CARTESIAN_POINT('',(20.2,2.1,5.9));
#3754 = LINE('',#3755,#3756);
#3755 = CARTESIAN_POINT('',(20.2,2.1,2.7));
#3756 = VECTOR('',#3757,1.);
#3757 = DIRECTION('',(0.,0.,1.));
#3758 = ORIENTED_EDGE('',*,*,#3759,.F.);
#3759 = EDGE_CURVE('',#3697,#3752,#3760,.T.);
#3760 = LINE('',#3761,#3762);
#3761 = CARTESIAN_POINT('',(20.2,-2.1,5.9));
#3762 = VECTOR('',#3763,1.);
#3763 = DIRECTION('',(0.,1.,0.));
#3764 = PLANE('',#3765);
#3765 = AXIS2_PLACEMENT_3D('',#3766,#3767,#3768);
#3766 = CARTESIAN_POINT('',(20.2,-2.1,2.7));
#3767 = DIRECTION('',(1.,0.,0.));
#3768 = DIRECTION('',(0.,0.,1.));
#3769 = ADVANCED_FACE('',(#3770),#3788,.T.);
#3770 = FACE_BOUND('',#3771,.T.);
#3771 = EDGE_LOOP('',(#3772,#3780,#3786,#3787));
#3772 = ORIENTED_EDGE('',*,*,#3773,.F.);
#3773 = EDGE_CURVE('',#3774,#3752,#3776,.T.);
#3774 = VERTEX_POINT('',#3775);
#3775 = CARTESIAN_POINT('',(19.409641697702,2.1,5.9));
#3776 = LINE('',#3777,#3778);
#3777 = CARTESIAN_POINT('',(18.7,2.1,5.9));
#3778 = VECTOR('',#3779,1.);
#3779 = DIRECTION('',(1.,0.,0.));
#3780 = ORIENTED_EDGE('',*,*,#3781,.F.);
#3781 = EDGE_CURVE('',#3689,#3774,#3782,.T.);
#3782 = LINE('',#3783,#3784);
#3783 = CARTESIAN_POINT('',(19.409641697702,-2.3,5.9));
#3784 = VECTOR('',#3785,1.);
#3785 = DIRECTION('',(0.,1.,0.));
#3786 = ORIENTED_EDGE('',*,*,#3696,.T.);
#3787 = ORIENTED_EDGE('',*,*,#3759,.T.);
#3788 = PLANE('',#3789);
#3789 = AXIS2_PLACEMENT_3D('',#3790,#3791,#3792);
#3790 = CARTESIAN_POINT('',(18.7,-2.1,5.9));
#3791 = DIRECTION('',(0.,0.,1.));
#3792 = DIRECTION('',(1.,0.,0.));
#3793 = ADVANCED_FACE('',(#3794),#3812,.F.);
#3794 = FACE_BOUND('',#3795,.F.);
#3795 = EDGE_LOOP('',(#3796,#3804,#3810,#3811));
#3796 = ORIENTED_EDGE('',*,*,#3797,.T.);
#3797 = EDGE_CURVE('',#3681,#3798,#3800,.T.);
#3798 = VERTEX_POINT('',#3799);
#3799 = CARTESIAN_POINT('',(20.164628187676,2.1,5.547944017922));
#3800 = LINE('',#3801,#3802);
#3801 = CARTESIAN_POINT('',(20.164628187676,-2.5,5.547944017922));
#3802 = VECTOR('',#3803,1.);
#3803 = DIRECTION('',(0.,1.,0.));
#3804 = ORIENTED_EDGE('',*,*,#3805,.F.);
#3805 = EDGE_CURVE('',#3774,#3798,#3806,.T.);
#3806 = LINE('',#3807,#3808);
#3807 = CARTESIAN_POINT('',(19.65536895659,2.1,5.785415497363));
#3808 = VECTOR('',#3809,1.);
#3809 = DIRECTION('',(0.906307787037,0.,-0.422618261741));
#3810 = ORIENTED_EDGE('',*,*,#3781,.F.);
#3811 = ORIENTED_EDGE('',*,*,#3688,.T.);
#3812 = PLANE('',#3813);
#3813 = AXIS2_PLACEMENT_3D('',#3814,#3815,#3816);
#3814 = CARTESIAN_POINT('',(19.258320400639,-2.5,5.970562279662));
#3815 = DIRECTION('',(0.422618261741,0.,0.906307787037));
#3816 = DIRECTION('',(0.906307787037,0.,-0.422618261741));
#3817 = ADVANCED_FACE('',(#3818),#3829,.F.);
#3818 = FACE_BOUND('',#3819,.F.);
#3819 = EDGE_LOOP('',(#3820,#3821,#3822,#3823));
#3820 = ORIENTED_EDGE('',*,*,#3797,.F.);
#3821 = ORIENTED_EDGE('',*,*,#3680,.T.);
#3822 = ORIENTED_EDGE('',*,*,#3728,.T.);
#3823 = ORIENTED_EDGE('',*,*,#3824,.F.);
#3824 = EDGE_CURVE('',#3798,#3719,#3825,.T.);
#3825 = LINE('',#3826,#3827);
#3826 = CARTESIAN_POINT('',(18.748837473359,2.1,2.511771033076));
#3827 = VECTOR('',#3828,1.);
#3828 = DIRECTION('',(-0.422618261741,0.,-0.906307787037));
#3829 = PLANE('',#3830);
#3830 = AXIS2_PLACEMENT_3D('',#3831,#3832,#3833);
#3831 = CARTESIAN_POINT('',(18.685464271583,-2.5,2.375866763293));
#3832 = DIRECTION('',(0.906307787037,0.,-0.422618261741));
#3833 = DIRECTION('',(0.422618261741,0.,0.906307787037));
#3834 = ADVANCED_FACE('',(#3835),#3842,.T.);
#3835 = FACE_BOUND('',#3836,.T.);
#3836 = EDGE_LOOP('',(#3837,#3838,#3839,#3840,#3841));
#3837 = ORIENTED_EDGE('',*,*,#3718,.F.);
#3838 = ORIENTED_EDGE('',*,*,#3824,.F.);
#3839 = ORIENTED_EDGE('',*,*,#3805,.F.);
#3840 = ORIENTED_EDGE('',*,*,#3773,.T.);
#3841 = ORIENTED_EDGE('',*,*,#3751,.F.);
#3842 = PLANE('',#3843);
#3843 = AXIS2_PLACEMENT_3D('',#3844,#3845,#3846);
#3844 = CARTESIAN_POINT('',(18.7,2.1,2.7));
#3845 = DIRECTION('',(0.,1.,0.));
#3846 = DIRECTION('',(0.,0.,1.));
#3847 = MANIFOLD_SOLID_BREP('',#3848);
#3848 = CLOSED_SHELL('',(#3849,#3889,#3929,#3951,#3973,#3985));
#3849 = ADVANCED_FACE('',(#3850),#3884,.F.);
#3850 = FACE_BOUND('',#3851,.F.);
#3851 = EDGE_LOOP('',(#3852,#3862,#3870,#3878));
#3852 = ORIENTED_EDGE('',*,*,#3853,.F.);
#3853 = EDGE_CURVE('',#3854,#3856,#3858,.T.);
#3854 = VERTEX_POINT('',#3855);
#3855 = CARTESIAN_POINT('',(5.,2.5,5.1));
#3856 = VERTEX_POINT('',#3857);
#3857 = CARTESIAN_POINT('',(5.,2.5,5.9));
#3858 = LINE('',#3859,#3860);
#3859 = CARTESIAN_POINT('',(5.,2.5,5.1));
#3860 = VECTOR('',#3861,1.);
#3861 = DIRECTION('',(0.,0.,1.));
#3862 = ORIENTED_EDGE('',*,*,#3863,.T.);
#3863 = EDGE_CURVE('',#3854,#3864,#3866,.T.);
#3864 = VERTEX_POINT('',#3865);
#3865 = CARTESIAN_POINT('',(5.,3.75,5.1));
#3866 = LINE('',#3867,#3868);
#3867 = CARTESIAN_POINT('',(5.,2.5,5.1));
#3868 = VECTOR('',#3869,1.);
#3869 = DIRECTION('',(0.,1.,0.));
#3870 = ORIENTED_EDGE('',*,*,#3871,.T.);
#3871 = EDGE_CURVE('',#3864,#3872,#3874,.T.);
#3872 = VERTEX_POINT('',#3873);
#3873 = CARTESIAN_POINT('',(5.,3.75,5.9));
#3874 = LINE('',#3875,#3876);
#3875 = CARTESIAN_POINT('',(5.,3.75,5.1));
#3876 = VECTOR('',#3877,1.);
#3877 = DIRECTION('',(0.,0.,1.));
#3878 = ORIENTED_EDGE('',*,*,#3879,.F.);
#3879 = EDGE_CURVE('',#3856,#3872,#3880,.T.);
#3880 = LINE('',#3881,#3882);
#3881 = CARTESIAN_POINT('',(5.,2.5,5.9));
#3882 = VECTOR('',#3883,1.);
#3883 = DIRECTION('',(0.,1.,0.));
#3884 = PLANE('',#3885);
#3885 = AXIS2_PLACEMENT_3D('',#3886,#3887,#3888);
#3886 = CARTESIAN_POINT('',(5.,2.5,5.1));
#3887 = DIRECTION('',(1.,0.,0.));
#3888 = DIRECTION('',(0.,0.,1.));
#3889 = ADVANCED_FACE('',(#3890),#3924,.T.);
#3890 = FACE_BOUND('',#3891,.T.);
#3891 = EDGE_LOOP('',(#3892,#3902,#3910,#3918));
#3892 = ORIENTED_EDGE('',*,*,#3893,.F.);
#3893 = EDGE_CURVE('',#3894,#3896,#3898,.T.);
#3894 = VERTEX_POINT('',#3895);
#3895 = CARTESIAN_POINT('',(7.,2.5,5.1));
#3896 = VERTEX_POINT('',#3897);
#3897 = CARTESIAN_POINT('',(7.,2.5,5.9));
#3898 = LINE('',#3899,#3900);
#3899 = CARTESIAN_POINT('',(7.,2.5,5.1));
#3900 = VECTOR('',#3901,1.);
#3901 = DIRECTION('',(0.,0.,1.));
#3902 = ORIENTED_EDGE('',*,*,#3903,.T.);
#3903 = EDGE_CURVE('',#3894,#3904,#3906,.T.);
#3904 = VERTEX_POINT('',#3905);
#3905 = CARTESIAN_POINT('',(7.,3.75,5.1));
#3906 = LINE('',#3907,#3908);
#3907 = CARTESIAN_POINT('',(7.,2.5,5.1));
#3908 = VECTOR('',#3909,1.);
#3909 = DIRECTION('',(0.,1.,0.));
#3910 = ORIENTED_EDGE('',*,*,#3911,.T.);
#3911 = EDGE_CURVE('',#3904,#3912,#3914,.T.);
#3912 = VERTEX_POINT('',#3913);
#3913 = CARTESIAN_POINT('',(7.,3.75,5.9));
#3914 = LINE('',#3915,#3916);
#3915 = CARTESIAN_POINT('',(7.,3.75,5.1));
#3916 = VECTOR('',#3917,1.);
#3917 = DIRECTION('',(0.,0.,1.));
#3918 = ORIENTED_EDGE('',*,*,#3919,.F.);
#3919 = EDGE_CURVE('',#3896,#3912,#3920,.T.);
#3920 = LINE('',#3921,#3922);
#3921 = CARTESIAN_POINT('',(7.,2.5,5.9));
#3922 = VECTOR('',#3923,1.);
#3923 = DIRECTION('',(0.,1.,0.));
#3924 = PLANE('',#3925);
#3925 = AXIS2_PLACEMENT_3D('',#3926,#3927,#3928);
#3926 = CARTESIAN_POINT('',(7.,2.5,5.1));
#3927 = DIRECTION('',(1.,0.,0.));
#3928 = DIRECTION('',(0.,0.,1.));
#3929 = ADVANCED_FACE('',(#3930),#3946,.F.);
#3930 = FACE_BOUND('',#3931,.F.);
#3931 = EDGE_LOOP('',(#3932,#3938,#3939,#3945));
#3932 = ORIENTED_EDGE('',*,*,#3933,.F.);
#3933 = EDGE_CURVE('',#3854,#3894,#3934,.T.);
#3934 = LINE('',#3935,#3936);
#3935 = CARTESIAN_POINT('',(5.,2.5,5.1));
#3936 = VECTOR('',#3937,1.);
#3937 = DIRECTION('',(1.,0.,0.));
#3938 = ORIENTED_EDGE('',*,*,#3853,.T.);
#3939 = ORIENTED_EDGE('',*,*,#3940,.T.);
#3940 = EDGE_CURVE('',#3856,#3896,#3941,.T.);
#3941 = LINE('',#3942,#3943);
#3942 = CARTESIAN_POINT('',(5.,2.5,5.9));
#3943 = VECTOR('',#3944,1.);
#3944 = DIRECTION('',(1.,0.,0.));
#3945 = ORIENTED_EDGE('',*,*,#3893,.F.);
#3946 = PLANE('',#3947);
#3947 = AXIS2_PLACEMENT_3D('',#3948,#3949,#3950);
#3948 = CARTESIAN_POINT('',(5.,2.5,5.1));
#3949 = DIRECTION('',(0.,1.,0.));
#3950 = DIRECTION('',(0.,0.,1.));
#3951 = ADVANCED_FACE('',(#3952),#3968,.T.);
#3952 = FACE_BOUND('',#3953,.T.);
#3953 = EDGE_LOOP('',(#3954,#3960,#3961,#3967));
#3954 = ORIENTED_EDGE('',*,*,#3955,.F.);
#3955 = EDGE_CURVE('',#3864,#3904,#3956,.T.);
#3956 = LINE('',#3957,#3958);
#3957 = CARTESIAN_POINT('',(5.,3.75,5.1));
#3958 = VECTOR('',#3959,1.);
#3959 = DIRECTION('',(1.,0.,0.));
#3960 = ORIENTED_EDGE('',*,*,#3871,.T.);
#3961 = ORIENTED_EDGE('',*,*,#3962,.T.);
#3962 = EDGE_CURVE('',#3872,#3912,#3963,.T.);
#3963 = LINE('',#3964,#3965);
#3964 = CARTESIAN_POINT('',(5.,3.75,5.9));
#3965 = VECTOR('',#3966,1.);
#3966 = DIRECTION('',(1.,0.,0.));
#3967 = ORIENTED_EDGE('',*,*,#3911,.F.);
#3968 = PLANE('',#3969);
#3969 = AXIS2_PLACEMENT_3D('',#3970,#3971,#3972);
#3970 = CARTESIAN_POINT('',(5.,3.75,5.1));
#3971 = DIRECTION('',(0.,1.,0.));
#3972 = DIRECTION('',(0.,0.,1.));
#3973 = ADVANCED_FACE('',(#3974),#3980,.F.);
#3974 = FACE_BOUND('',#3975,.F.);
#3975 = EDGE_LOOP('',(#3976,#3977,#3978,#3979));
#3976 = ORIENTED_EDGE('',*,*,#3863,.F.);
#3977 = ORIENTED_EDGE('',*,*,#3933,.T.);
#3978 = ORIENTED_EDGE('',*,*,#3903,.T.);
#3979 = ORIENTED_EDGE('',*,*,#3955,.F.);
#3980 = PLANE('',#3981);
#3981 = AXIS2_PLACEMENT_3D('',#3982,#3983,#3984);
#3982 = CARTESIAN_POINT('',(5.,2.5,5.1));
#3983 = DIRECTION('',(0.,0.,1.));
#3984 = DIRECTION('',(1.,0.,0.));
#3985 = ADVANCED_FACE('',(#3986),#3992,.T.);
#3986 = FACE_BOUND('',#3987,.T.);
#3987 = EDGE_LOOP('',(#3988,#3989,#3990,#3991));
#3988 = ORIENTED_EDGE('',*,*,#3879,.F.);
#3989 = ORIENTED_EDGE('',*,*,#3940,.T.);
#3990 = ORIENTED_EDGE('',*,*,#3919,.T.);
#3991 = ORIENTED_EDGE('',*,*,#3962,.F.);
#3992 = PLANE('',#3993);
#3993 = AXIS2_PLACEMENT_3D('',#3994,#3995,#3996);
#3994 = CARTESIAN_POINT('',(5.,2.5,5.9));
#3995 = DIRECTION('',(0.,0.,1.));
#3996 = DIRECTION('',(1.,0.,0.));
#3997 = MANIFOLD_SOLID_BREP('',#3998);
#3998 = CLOSED_SHELL('',(#3999,#4039,#4079,#4101,#4123,#4135));
#3999 = ADVANCED_FACE('',(#4000),#4034,.F.);
#4000 = FACE_BOUND('',#4001,.F.);
#4001 = EDGE_LOOP('',(#4002,#4012,#4020,#4028));
#4002 = ORIENTED_EDGE('',*,*,#4003,.F.);
#4003 = EDGE_CURVE('',#4004,#4006,#4008,.T.);
#4004 = VERTEX_POINT('',#4005);
#4005 = CARTESIAN_POINT('',(5.,-3.75,5.1));
#4006 = VERTEX_POINT('',#4007);
#4007 = CARTESIAN_POINT('',(5.,-3.75,5.7));
#4008 = LINE('',#4009,#4010);
#4009 = CARTESIAN_POINT('',(5.,-3.75,5.1));
#4010 = VECTOR('',#4011,1.);
#4011 = DIRECTION('',(0.,0.,1.));
#4012 = ORIENTED_EDGE('',*,*,#4013,.T.);
#4013 = EDGE_CURVE('',#4004,#4014,#4016,.T.);
#4014 = VERTEX_POINT('',#4015);
#4015 = CARTESIAN_POINT('',(5.,-2.5,5.1));
#4016 = LINE('',#4017,#4018);
#4017 = CARTESIAN_POINT('',(5.,-3.75,5.1));
#4018 = VECTOR('',#4019,1.);
#4019 = DIRECTION('',(0.,1.,0.));
#4020 = ORIENTED_EDGE('',*,*,#4021,.T.);
#4021 = EDGE_CURVE('',#4014,#4022,#4024,.T.);
#4022 = VERTEX_POINT('',#4023);
#4023 = CARTESIAN_POINT('',(5.,-2.5,5.7));
#4024 = LINE('',#4025,#4026);
#4025 = CARTESIAN_POINT('',(5.,-2.5,5.1));
#4026 = VECTOR('',#4027,1.);
#4027 = DIRECTION('',(0.,0.,1.));
#4028 = ORIENTED_EDGE('',*,*,#4029,.F.);
#4029 = EDGE_CURVE('',#4006,#4022,#4030,.T.);
#4030 = LINE('',#4031,#4032);
#4031 = CARTESIAN_POINT('',(5.,-3.75,5.7));
#4032 = VECTOR('',#4033,1.);
#4033 = DIRECTION('',(0.,1.,0.));
#4034 = PLANE('',#4035);
#4035 = AXIS2_PLACEMENT_3D('',#4036,#4037,#4038);
#4036 = CARTESIAN_POINT('',(5.,-3.75,5.1));
#4037 = DIRECTION('',(1.,0.,0.));
#4038 = DIRECTION('',(0.,0.,1.));
#4039 = ADVANCED_FACE('',(#4040),#4074,.T.);
#4040 = FACE_BOUND('',#4041,.T.);
#4041 = EDGE_LOOP('',(#4042,#4052,#4060,#4068));
#4042 = ORIENTED_EDGE('',*,*,#4043,.F.);
#4043 = EDGE_CURVE('',#4044,#4046,#4048,.T.);
#4044 = VERTEX_POINT('',#4045);
#4045 = CARTESIAN_POINT('',(7.,-3.75,5.1));
#4046 = VERTEX_POINT('',#4047);
#4047 = CARTESIAN_POINT('',(7.,-3.75,5.7));
#4048 = LINE('',#4049,#4050);
#4049 = CARTESIAN_POINT('',(7.,-3.75,5.1));
#4050 = VECTOR('',#4051,1.);
#4051 = DIRECTION('',(0.,0.,1.));
#4052 = ORIENTED_EDGE('',*,*,#4053,.T.);
#4053 = EDGE_CURVE('',#4044,#4054,#4056,.T.);
#4054 = VERTEX_POINT('',#4055);
#4055 = CARTESIAN_POINT('',(7.,-2.5,5.1));
#4056 = LINE('',#4057,#4058);
#4057 = CARTESIAN_POINT('',(7.,-3.75,5.1));
#4058 = VECTOR('',#4059,1.);
#4059 = DIRECTION('',(0.,1.,0.));
#4060 = ORIENTED_EDGE('',*,*,#4061,.T.);
#4061 = EDGE_CURVE('',#4054,#4062,#4064,.T.);
#4062 = VERTEX_POINT('',#4063);
#4063 = CARTESIAN_POINT('',(7.,-2.5,5.7));
#4064 = LINE('',#4065,#4066);
#4065 = CARTESIAN_POINT('',(7.,-2.5,5.1));
#4066 = VECTOR('',#4067,1.);
#4067 = DIRECTION('',(0.,0.,1.));
#4068 = ORIENTED_EDGE('',*,*,#4069,.F.);
#4069 = EDGE_CURVE('',#4046,#4062,#4070,.T.);
#4070 = LINE('',#4071,#4072);
#4071 = CARTESIAN_POINT('',(7.,-3.75,5.7));
#4072 = VECTOR('',#4073,1.);
#4073 = DIRECTION('',(0.,1.,0.));
#4074 = PLANE('',#4075);
#4075 = AXIS2_PLACEMENT_3D('',#4076,#4077,#4078);
#4076 = CARTESIAN_POINT('',(7.,-3.75,5.1));
#4077 = DIRECTION('',(1.,0.,0.));
#4078 = DIRECTION('',(0.,0.,1.));
#4079 = ADVANCED_FACE('',(#4080),#4096,.F.);
#4080 = FACE_BOUND('',#4081,.F.);
#4081 = EDGE_LOOP('',(#4082,#4088,#4089,#4095));
#4082 = ORIENTED_EDGE('',*,*,#4083,.F.);
#4083 = EDGE_CURVE('',#4004,#4044,#4084,.T.);
#4084 = LINE('',#4085,#4086);
#4085 = CARTESIAN_POINT('',(5.,-3.75,5.1));
#4086 = VECTOR('',#4087,1.);
#4087 = DIRECTION('',(1.,0.,0.));
#4088 = ORIENTED_EDGE('',*,*,#4003,.T.);
#4089 = ORIENTED_EDGE('',*,*,#4090,.T.);
#4090 = EDGE_CURVE('',#4006,#4046,#4091,.T.);
#4091 = LINE('',#4092,#4093);
#4092 = CARTESIAN_POINT('',(5.,-3.75,5.7));
#4093 = VECTOR('',#4094,1.);
#4094 = DIRECTION('',(1.,0.,0.));
#4095 = ORIENTED_EDGE('',*,*,#4043,.F.);
#4096 = PLANE('',#4097);
#4097 = AXIS2_PLACEMENT_3D('',#4098,#4099,#4100);
#4098 = CARTESIAN_POINT('',(5.,-3.75,5.1));
#4099 = DIRECTION('',(0.,1.,0.));
#4100 = DIRECTION('',(0.,0.,1.));
#4101 = ADVANCED_FACE('',(#4102),#4118,.T.);
#4102 = FACE_BOUND('',#4103,.T.);
#4103 = EDGE_LOOP('',(#4104,#4110,#4111,#4117));
#4104 = ORIENTED_EDGE('',*,*,#4105,.F.);
#4105 = EDGE_CURVE('',#4014,#4054,#4106,.T.);
#4106 = LINE('',#4107,#4108);
#4107 = CARTESIAN_POINT('',(5.,-2.5,5.1));
#4108 = VECTOR('',#4109,1.);
#4109 = DIRECTION('',(1.,0.,0.));
#4110 = ORIENTED_EDGE('',*,*,#4021,.T.);
#4111 = ORIENTED_EDGE('',*,*,#4112,.T.);
#4112 = EDGE_CURVE('',#4022,#4062,#4113,.T.);
#4113 = LINE('',#4114,#4115);
#4114 = CARTESIAN_POINT('',(5.,-2.5,5.7));
#4115 = VECTOR('',#4116,1.);
#4116 = DIRECTION('',(1.,0.,0.));
#4117 = ORIENTED_EDGE('',*,*,#4061,.F.);
#4118 = PLANE('',#4119);
#4119 = AXIS2_PLACEMENT_3D('',#4120,#4121,#4122);
#4120 = CARTESIAN_POINT('',(5.,-2.5,5.1));
#4121 = DIRECTION('',(0.,1.,0.));
#4122 = DIRECTION('',(0.,0.,1.));
#4123 = ADVANCED_FACE('',(#4124),#4130,.F.);
#4124 = FACE_BOUND('',#4125,.F.);
#4125 = EDGE_LOOP('',(#4126,#4127,#4128,#4129));
#4126 = ORIENTED_EDGE('',*,*,#4013,.F.);
#4127 = ORIENTED_EDGE('',*,*,#4083,.T.);
#4128 = ORIENTED_EDGE('',*,*,#4053,.T.);
#4129 = ORIENTED_EDGE('',*,*,#4105,.F.);
#4130 = PLANE('',#4131);
#4131 = AXIS2_PLACEMENT_3D('',#4132,#4133,#4134);
#4132 = CARTESIAN_POINT('',(5.,-3.75,5.1));
#4133 = DIRECTION('',(0.,0.,1.));
#4134 = DIRECTION('',(1.,0.,0.));
#4135 = ADVANCED_FACE('',(#4136),#4142,.T.);
#4136 = FACE_BOUND('',#4137,.T.);
#4137 = EDGE_LOOP('',(#4138,#4139,#4140,#4141));
#4138 = ORIENTED_EDGE('',*,*,#4029,.F.);
#4139 = ORIENTED_EDGE('',*,*,#4090,.T.);
#4140 = ORIENTED_EDGE('',*,*,#4069,.T.);
#4141 = ORIENTED_EDGE('',*,*,#4112,.F.);
#4142 = PLANE('',#4143);
#4143 = AXIS2_PLACEMENT_3D('',#4144,#4145,#4146);
#4144 = CARTESIAN_POINT('',(5.,-3.75,5.7));
#4145 = DIRECTION('',(0.,0.,1.));
#4146 = DIRECTION('',(1.,0.,0.));
#4147 = MANIFOLD_SOLID_BREP('',#4148);
#4148 = CLOSED_SHELL('',(#4149,#4189,#4229,#4251,#4273,#4285));
#4149 = ADVANCED_FACE('',(#4150),#4184,.F.);
#4150 = FACE_BOUND('',#4151,.F.);
#4151 = EDGE_LOOP('',(#4152,#4162,#4170,#4178));
#4152 = ORIENTED_EDGE('',*,*,#4153,.F.);
#4153 = EDGE_CURVE('',#4154,#4156,#4158,.T.);
#4154 = VERTEX_POINT('',#4155);
#4155 = CARTESIAN_POINT('',(-4.,-3.81,5.1));
#4156 = VERTEX_POINT('',#4157);
#4157 = CARTESIAN_POINT('',(-4.,-3.81,7.6));
#4158 = LINE('',#4159,#4160);
#4159 = CARTESIAN_POINT('',(-4.,-3.81,5.1));
#4160 = VECTOR('',#4161,1.);
#4161 = DIRECTION('',(0.,0.,1.));
#4162 = ORIENTED_EDGE('',*,*,#4163,.T.);
#4163 = EDGE_CURVE('',#4154,#4164,#4166,.T.);
#4164 = VERTEX_POINT('',#4165);
#4165 = CARTESIAN_POINT('',(-4.,3.81,5.1));
#4166 = LINE('',#4167,#4168);
#4167 = CARTESIAN_POINT('',(-4.,-3.81,5.1));
#4168 = VECTOR('',#4169,1.);
#4169 = DIRECTION('',(0.,1.,0.));
#4170 = ORIENTED_EDGE('',*,*,#4171,.T.);
#4171 = EDGE_CURVE('',#4164,#4172,#4174,.T.);
#4172 = VERTEX_POINT('',#4173);
#4173 = CARTESIAN_POINT('',(-4.,3.81,7.6));
#4174 = LINE('',#4175,#4176);
#4175 = CARTESIAN_POINT('',(-4.,3.81,5.1));
#4176 = VECTOR('',#4177,1.);
#4177 = DIRECTION('',(0.,0.,1.));
#4178 = ORIENTED_EDGE('',*,*,#4179,.F.);
#4179 = EDGE_CURVE('',#4156,#4172,#4180,.T.);
#4180 = LINE('',#4181,#4182);
#4181 = CARTESIAN_POINT('',(-4.,-3.81,7.6));
#4182 = VECTOR('',#4183,1.);
#4183 = DIRECTION('',(0.,1.,0.));
#4184 = PLANE('',#4185);
#4185 = AXIS2_PLACEMENT_3D('',#4186,#4187,#4188);
#4186 = CARTESIAN_POINT('',(-4.,-3.81,5.1));
#4187 = DIRECTION('',(1.,0.,0.));
#4188 = DIRECTION('',(0.,0.,1.));
#4189 = ADVANCED_FACE('',(#4190),#4224,.T.);
#4190 = FACE_BOUND('',#4191,.T.);
#4191 = EDGE_LOOP('',(#4192,#4202,#4210,#4218));
#4192 = ORIENTED_EDGE('',*,*,#4193,.F.);
#4193 = EDGE_CURVE('',#4194,#4196,#4198,.T.);
#4194 = VERTEX_POINT('',#4195);
#4195 = CARTESIAN_POINT('',(-1.5,-3.81,5.1));
#4196 = VERTEX_POINT('',#4197);
#4197 = CARTESIAN_POINT('',(-1.5,-3.81,7.6));
#4198 = LINE('',#4199,#4200);
#4199 = CARTESIAN_POINT('',(-1.5,-3.81,5.1));
#4200 = VECTOR('',#4201,1.);
#4201 = DIRECTION('',(0.,0.,1.));
#4202 = ORIENTED_EDGE('',*,*,#4203,.T.);
#4203 = EDGE_CURVE('',#4194,#4204,#4206,.T.);
#4204 = VERTEX_POINT('',#4205);
#4205 = CARTESIAN_POINT('',(-1.5,3.81,5.1));
#4206 = LINE('',#4207,#4208);
#4207 = CARTESIAN_POINT('',(-1.5,-3.81,5.1));
#4208 = VECTOR('',#4209,1.);
#4209 = DIRECTION('',(0.,1.,0.));
#4210 = ORIENTED_EDGE('',*,*,#4211,.T.);
#4211 = EDGE_CURVE('',#4204,#4212,#4214,.T.);
#4212 = VERTEX_POINT('',#4213);
#4213 = CARTESIAN_POINT('',(-1.5,3.81,7.6));
#4214 = LINE('',#4215,#4216);
#4215 = CARTESIAN_POINT('',(-1.5,3.81,5.1));
#4216 = VECTOR('',#4217,1.);
#4217 = DIRECTION('',(0.,0.,1.));
#4218 = ORIENTED_EDGE('',*,*,#4219,.F.);
#4219 = EDGE_CURVE('',#4196,#4212,#4220,.T.);
#4220 = LINE('',#4221,#4222);
#4221 = CARTESIAN_POINT('',(-1.5,-3.81,7.6));
#4222 = VECTOR('',#4223,1.);
#4223 = DIRECTION('',(0.,1.,0.));
#4224 = PLANE('',#4225);
#4225 = AXIS2_PLACEMENT_3D('',#4226,#4227,#4228);
#4226 = CARTESIAN_POINT('',(-1.5,-3.81,5.1));
#4227 = DIRECTION('',(1.,0.,0.));
#4228 = DIRECTION('',(0.,0.,1.));
#4229 = ADVANCED_FACE('',(#4230),#4246,.F.);
#4230 = FACE_BOUND('',#4231,.F.);
#4231 = EDGE_LOOP('',(#4232,#4238,#4239,#4245));
#4232 = ORIENTED_EDGE('',*,*,#4233,.F.);
#4233 = EDGE_CURVE('',#4154,#4194,#4234,.T.);
#4234 = LINE('',#4235,#4236);
#4235 = CARTESIAN_POINT('',(-4.,-3.81,5.1));
#4236 = VECTOR('',#4237,1.);
#4237 = DIRECTION('',(1.,0.,0.));
#4238 = ORIENTED_EDGE('',*,*,#4153,.T.);
#4239 = ORIENTED_EDGE('',*,*,#4240,.T.);
#4240 = EDGE_CURVE('',#4156,#4196,#4241,.T.);
#4241 = LINE('',#4242,#4243);
#4242 = CARTESIAN_POINT('',(-4.,-3.81,7.6));
#4243 = VECTOR('',#4244,1.);
#4244 = DIRECTION('',(1.,0.,0.));
#4245 = ORIENTED_EDGE('',*,*,#4193,.F.);
#4246 = PLANE('',#4247);
#4247 = AXIS2_PLACEMENT_3D('',#4248,#4249,#4250);
#4248 = CARTESIAN_POINT('',(-4.,-3.81,5.1));
#4249 = DIRECTION('',(0.,1.,0.));
#4250 = DIRECTION('',(0.,0.,1.));
#4251 = ADVANCED_FACE('',(#4252),#4268,.T.);
#4252 = FACE_BOUND('',#4253,.T.);
#4253 = EDGE_LOOP('',(#4254,#4260,#4261,#4267));
#4254 = ORIENTED_EDGE('',*,*,#4255,.F.);
#4255 = EDGE_CURVE('',#4164,#4204,#4256,.T.);
#4256 = LINE('',#4257,#4258);
#4257 = CARTESIAN_POINT('',(-4.,3.81,5.1));
#4258 = VECTOR('',#4259,1.);
#4259 = DIRECTION('',(1.,0.,0.));
#4260 = ORIENTED_EDGE('',*,*,#4171,.T.);
#4261 = ORIENTED_EDGE('',*,*,#4262,.T.);
#4262 = EDGE_CURVE('',#4172,#4212,#4263,.T.);
#4263 = LINE('',#4264,#4265);
#4264 = CARTESIAN_POINT('',(-4.,3.81,7.6));
#4265 = VECTOR('',#4266,1.);
#4266 = DIRECTION('',(1.,0.,0.));
#4267 = ORIENTED_EDGE('',*,*,#4211,.F.);
#4268 = PLANE('',#4269);
#4269 = AXIS2_PLACEMENT_3D('',#4270,#4271,#4272);
#4270 = CARTESIAN_POINT('',(-4.,3.81,5.1));
#4271 = DIRECTION('',(0.,1.,0.));
#4272 = DIRECTION('',(0.,0.,1.));
#4273 = ADVANCED_FACE('',(#4274),#4280,.F.);
#4274 = FACE_BOUND('',#4275,.F.);
#4275 = EDGE_LOOP('',(#4276,#4277,#4278,#4279));
#4276 = ORIENTED_EDGE('',*,*,#4163,.F.);
#4277 = ORIENTED_EDGE('',*,*,#4233,.T.);
#4278 = ORIENTED_EDGE('',*,*,#4203,.T.);
#4279 = ORIENTED_EDGE('',*,*,#4255,.F.);
#4280 = PLANE('',#4281);
#4281 = AXIS2_PLACEMENT_3D('',#4282,#4283,#4284);
#4282 = CARTESIAN_POINT('',(-4.,-3.81,5.1));
#4283 = DIRECTION('',(0.,0.,1.));
#4284 = DIRECTION('',(1.,0.,0.));
#4285 = ADVANCED_FACE('',(#4286),#4292,.T.);
#4286 = FACE_BOUND('',#4287,.T.);
#4287 = EDGE_LOOP('',(#4288,#4289,#4290,#4291));
#4288 = ORIENTED_EDGE('',*,*,#4179,.F.);
#4289 = ORIENTED_EDGE('',*,*,#4240,.T.);
#4290 = ORIENTED_EDGE('',*,*,#4219,.T.);
#4291 = ORIENTED_EDGE('',*,*,#4262,.F.);
#4292 = PLANE('',#4293);
#4293 = AXIS2_PLACEMENT_3D('',#4294,#4295,#4296);
#4294 = CARTESIAN_POINT('',(-4.,-3.81,7.6));
#4295 = DIRECTION('',(0.,0.,1.));
#4296 = DIRECTION('',(1.,0.,0.));
#4297 = MANIFOLD_SOLID_BREP('',#4298);
#4298 = CLOSED_SHELL('',(#4299,#4339,#4379,#4401,#4423,#4435));
#4299 = ADVANCED_FACE('',(#4300),#4334,.F.);
#4300 = FACE_BOUND('',#4301,.F.);
#4301 = EDGE_LOOP('',(#4302,#4312,#4320,#4328));
#4302 = ORIENTED_EDGE('',*,*,#4303,.F.);
#4303 = EDGE_CURVE('',#4304,#4306,#4308,.T.);
#4304 = VERTEX_POINT('',#4305);
#4305 = CARTESIAN_POINT('',(-7.5,-2.86,6.03));
#4306 = VERTEX_POINT('',#4307);
#4307 = CARTESIAN_POINT('',(-7.5,-2.86,6.67));
#4308 = LINE('',#4309,#4310);
#4309 = CARTESIAN_POINT('',(-7.5,-2.86,6.03));
#4310 = VECTOR('',#4311,1.);
#4311 = DIRECTION('',(0.,0.,1.));
#4312 = ORIENTED_EDGE('',*,*,#4313,.T.);
#4313 = EDGE_CURVE('',#4304,#4314,#4316,.T.);
#4314 = VERTEX_POINT('',#4315);
#4315 = CARTESIAN_POINT('',(-7.5,-2.22,6.03));
#4316 = LINE('',#4317,#4318);
#4317 = CARTESIAN_POINT('',(-7.5,-2.86,6.03));
#4318 = VECTOR('',#4319,1.);
#4319 = DIRECTION('',(0.,1.,0.));
#4320 = ORIENTED_EDGE('',*,*,#4321,.T.);
#4321 = EDGE_CURVE('',#4314,#4322,#4324,.T.);
#4322 = VERTEX_POINT('',#4323);
#4323 = CARTESIAN_POINT('',(-7.5,-2.22,6.67));
#4324 = LINE('',#4325,#4326);
#4325 = CARTESIAN_POINT('',(-7.5,-2.22,6.03));
#4326 = VECTOR('',#4327,1.);
#4327 = DIRECTION('',(0.,0.,1.));
#4328 = ORIENTED_EDGE('',*,*,#4329,.F.);
#4329 = EDGE_CURVE('',#4306,#4322,#4330,.T.);
#4330 = LINE('',#4331,#4332);
#4331 = CARTESIAN_POINT('',(-7.5,-2.86,6.67));
#4332 = VECTOR('',#4333,1.);
#4333 = DIRECTION('',(0.,1.,0.));
#4334 = PLANE('',#4335);
#4335 = AXIS2_PLACEMENT_3D('',#4336,#4337,#4338);
#4336 = CARTESIAN_POINT('',(-7.5,-2.86,6.03));
#4337 = DIRECTION('',(1.,0.,0.));
#4338 = DIRECTION('',(0.,0.,1.));
#4339 = ADVANCED_FACE('',(#4340),#4374,.T.);
#4340 = FACE_BOUND('',#4341,.T.);
#4341 = EDGE_LOOP('',(#4342,#4352,#4360,#4368));
#4342 = ORIENTED_EDGE('',*,*,#4343,.F.);
#4343 = EDGE_CURVE('',#4344,#4346,#4348,.T.);
#4344 = VERTEX_POINT('',#4345);
#4345 = CARTESIAN_POINT('',(-0.5,-2.86,6.03));
#4346 = VERTEX_POINT('',#4347);
#4347 = CARTESIAN_POINT('',(-0.5,-2.86,6.67));
#4348 = LINE('',#4349,#4350);
#4349 = CARTESIAN_POINT('',(-0.5,-2.86,6.03));
#4350 = VECTOR('',#4351,1.);
#4351 = DIRECTION('',(0.,0.,1.));
#4352 = ORIENTED_EDGE('',*,*,#4353,.T.);
#4353 = EDGE_CURVE('',#4344,#4354,#4356,.T.);
#4354 = VERTEX_POINT('',#4355);
#4355 = CARTESIAN_POINT('',(-0.5,-2.22,6.03));
#4356 = LINE('',#4357,#4358);
#4357 = CARTESIAN_POINT('',(-0.5,-2.86,6.03));
#4358 = VECTOR('',#4359,1.);
#4359 = DIRECTION('',(0.,1.,0.));
#4360 = ORIENTED_EDGE('',*,*,#4361,.T.);
#4361 = EDGE_CURVE('',#4354,#4362,#4364,.T.);
#4362 = VERTEX_POINT('',#4363);
#4363 = CARTESIAN_POINT('',(-0.5,-2.22,6.67));
#4364 = LINE('',#4365,#4366);
#4365 = CARTESIAN_POINT('',(-0.5,-2.22,6.03));
#4366 = VECTOR('',#4367,1.);
#4367 = DIRECTION('',(0.,0.,1.));
#4368 = ORIENTED_EDGE('',*,*,#4369,.F.);
#4369 = EDGE_CURVE('',#4346,#4362,#4370,.T.);
#4370 = LINE('',#4371,#4372);
#4371 = CARTESIAN_POINT('',(-0.5,-2.86,6.67));
#4372 = VECTOR('',#4373,1.);
#4373 = DIRECTION('',(0.,1.,0.));
#4374 = PLANE('',#4375);
#4375 = AXIS2_PLACEMENT_3D('',#4376,#4377,#4378);
#4376 = CARTESIAN_POINT('',(-0.5,-2.86,6.03));
#4377 = DIRECTION('',(1.,0.,0.));
#4378 = DIRECTION('',(0.,0.,1.));
#4379 = ADVANCED_FACE('',(#4380),#4396,.F.);
#4380 = FACE_BOUND('',#4381,.F.);
#4381 = EDGE_LOOP('',(#4382,#4388,#4389,#4395));
#4382 = ORIENTED_EDGE('',*,*,#4383,.F.);
#4383 = EDGE_CURVE('',#4304,#4344,#4384,.T.);
#4384 = LINE('',#4385,#4386);
#4385 = CARTESIAN_POINT('',(-7.5,-2.86,6.03));
#4386 = VECTOR('',#4387,1.);
#4387 = DIRECTION('',(1.,0.,0.));
#4388 = ORIENTED_EDGE('',*,*,#4303,.T.);
#4389 = ORIENTED_EDGE('',*,*,#4390,.T.);
#4390 = EDGE_CURVE('',#4306,#4346,#4391,.T.);
#4391 = LINE('',#4392,#4393);
#4392 = CARTESIAN_POINT('',(-7.5,-2.86,6.67));
#4393 = VECTOR('',#4394,1.);
#4394 = DIRECTION('',(1.,0.,0.));
#4395 = ORIENTED_EDGE('',*,*,#4343,.F.);
#4396 = PLANE('',#4397);
#4397 = AXIS2_PLACEMENT_3D('',#4398,#4399,#4400);
#4398 = CARTESIAN_POINT('',(-7.5,-2.86,6.03));
#4399 = DIRECTION('',(0.,1.,0.));
#4400 = DIRECTION('',(0.,0.,1.));
#4401 = ADVANCED_FACE('',(#4402),#4418,.T.);
#4402 = FACE_BOUND('',#4403,.T.);
#4403 = EDGE_LOOP('',(#4404,#4410,#4411,#4417));
#4404 = ORIENTED_EDGE('',*,*,#4405,.F.);
#4405 = EDGE_CURVE('',#4314,#4354,#4406,.T.);
#4406 = LINE('',#4407,#4408);
#4407 = CARTESIAN_POINT('',(-7.5,-2.22,6.03));
#4408 = VECTOR('',#4409,1.);
#4409 = DIRECTION('',(1.,0.,0.));
#4410 = ORIENTED_EDGE('',*,*,#4321,.T.);
#4411 = ORIENTED_EDGE('',*,*,#4412,.T.);
#4412 = EDGE_CURVE('',#4322,#4362,#4413,.T.);
#4413 = LINE('',#4414,#4415);
#4414 = CARTESIAN_POINT('',(-7.5,-2.22,6.67));
#4415 = VECTOR('',#4416,1.);
#4416 = DIRECTION('',(1.,0.,0.));
#4417 = ORIENTED_EDGE('',*,*,#4361,.F.);
#4418 = PLANE('',#4419);
#4419 = AXIS2_PLACEMENT_3D('',#4420,#4421,#4422);
#4420 = CARTESIAN_POINT('',(-7.5,-2.22,6.03));
#4421 = DIRECTION('',(0.,1.,0.));
#4422 = DIRECTION('',(0.,0.,1.));
#4423 = ADVANCED_FACE('',(#4424),#4430,.F.);
#4424 = FACE_BOUND('',#4425,.F.);
#4425 = EDGE_LOOP('',(#4426,#4427,#4428,#4429));
#4426 = ORIENTED_EDGE('',*,*,#4313,.F.);
#4427 = ORIENTED_EDGE('',*,*,#4383,.T.);
#4428 = ORIENTED_EDGE('',*,*,#4353,.T.);
#4429 = ORIENTED_EDGE('',*,*,#4405,.F.);
#4430 = PLANE('',#4431);
#4431 = AXIS2_PLACEMENT_3D('',#4432,#4433,#4434);
#4432 = CARTESIAN_POINT('',(-7.5,-2.86,6.03));
#4433 = DIRECTION('',(0.,0.,1.));
#4434 = DIRECTION('',(1.,0.,0.));
#4435 = ADVANCED_FACE('',(#4436),#4442,.T.);
#4436 = FACE_BOUND('',#4437,.T.);
#4437 = EDGE_LOOP('',(#4438,#4439,#4440,#4441));
#4438 = ORIENTED_EDGE('',*,*,#4329,.F.);
#4439 = ORIENTED_EDGE('',*,*,#4390,.T.);
#4440 = ORIENTED_EDGE('',*,*,#4369,.T.);
#4441 = ORIENTED_EDGE('',*,*,#4412,.F.);
#4442 = PLANE('',#4443);
#4443 = AXIS2_PLACEMENT_3D('',#4444,#4445,#4446);
#4444 = CARTESIAN_POINT('',(-7.5,-2.86,6.67));
#4445 = DIRECTION('',(0.,0.,1.));
#4446 = DIRECTION('',(1.,0.,0.));
#4447 = MANIFOLD_SOLID_BREP('',#4448);
#4448 = CLOSED_SHELL('',(#4449,#4489,#4529,#4551,#4573,#4585));
#4449 = ADVANCED_FACE('',(#4450),#4484,.F.);
#4450 = FACE_BOUND('',#4451,.F.);
#4451 = EDGE_LOOP('',(#4452,#4462,#4470,#4478));
#4452 = ORIENTED_EDGE('',*,*,#4453,.F.);
#4453 = EDGE_CURVE('',#4454,#4456,#4458,.T.);
#4454 = VERTEX_POINT('',#4455);
#4455 = CARTESIAN_POINT('',(-7.5,-0.32,6.03));
#4456 = VERTEX_POINT('',#4457);
#4457 = CARTESIAN_POINT('',(-7.5,-0.32,6.67));
#4458 = LINE('',#4459,#4460);
#4459 = CARTESIAN_POINT('',(-7.5,-0.32,6.03));
#4460 = VECTOR('',#4461,1.);
#4461 = DIRECTION('',(0.,0.,1.));
#4462 = ORIENTED_EDGE('',*,*,#4463,.T.);
#4463 = EDGE_CURVE('',#4454,#4464,#4466,.T.);
#4464 = VERTEX_POINT('',#4465);
#4465 = CARTESIAN_POINT('',(-7.5,0.32,6.03));
#4466 = LINE('',#4467,#4468);
#4467 = CARTESIAN_POINT('',(-7.5,-0.32,6.03));
#4468 = VECTOR('',#4469,1.);
#4469 = DIRECTION('',(0.,1.,0.));
#4470 = ORIENTED_EDGE('',*,*,#4471,.T.);
#4471 = EDGE_CURVE('',#4464,#4472,#4474,.T.);
#4472 = VERTEX_POINT('',#4473);
#4473 = CARTESIAN_POINT('',(-7.5,0.32,6.67));
#4474 = LINE('',#4475,#4476);
#4475 = CARTESIAN_POINT('',(-7.5,0.32,6.03));
#4476 = VECTOR('',#4477,1.);
#4477 = DIRECTION('',(0.,0.,1.));
#4478 = ORIENTED_EDGE('',*,*,#4479,.F.);
#4479 = EDGE_CURVE('',#4456,#4472,#4480,.T.);
#4480 = LINE('',#4481,#4482);
#4481 = CARTESIAN_POINT('',(-7.5,-0.32,6.67));
#4482 = VECTOR('',#4483,1.);
#4483 = DIRECTION('',(0.,1.,0.));
#4484 = PLANE('',#4485);
#4485 = AXIS2_PLACEMENT_3D('',#4486,#4487,#4488);
#4486 = CARTESIAN_POINT('',(-7.5,-0.32,6.03));
#4487 = DIRECTION('',(1.,0.,0.));
#4488 = DIRECTION('',(0.,0.,1.));
#4489 = ADVANCED_FACE('',(#4490),#4524,.T.);
#4490 = FACE_BOUND('',#4491,.T.);
#4491 = EDGE_LOOP('',(#4492,#4502,#4510,#4518));
#4492 = ORIENTED_EDGE('',*,*,#4493,.F.);
#4493 = EDGE_CURVE('',#4494,#4496,#4498,.T.);
#4494 = VERTEX_POINT('',#4495);
#4495 = CARTESIAN_POINT('',(-0.5,-0.32,6.03));
#4496 = VERTEX_POINT('',#4497);
#4497 = CARTESIAN_POINT('',(-0.5,-0.32,6.67));
#4498 = LINE('',#4499,#4500);
#4499 = CARTESIAN_POINT('',(-0.5,-0.32,6.03));
#4500 = VECTOR('',#4501,1.);
#4501 = DIRECTION('',(0.,0.,1.));
#4502 = ORIENTED_EDGE('',*,*,#4503,.T.);
#4503 = EDGE_CURVE('',#4494,#4504,#4506,.T.);
#4504 = VERTEX_POINT('',#4505);
#4505 = CARTESIAN_POINT('',(-0.5,0.32,6.03));
#4506 = LINE('',#4507,#4508);
#4507 = CARTESIAN_POINT('',(-0.5,-0.32,6.03));
#4508 = VECTOR('',#4509,1.);
#4509 = DIRECTION('',(0.,1.,0.));
#4510 = ORIENTED_EDGE('',*,*,#4511,.T.);
#4511 = EDGE_CURVE('',#4504,#4512,#4514,.T.);
#4512 = VERTEX_POINT('',#4513);
#4513 = CARTESIAN_POINT('',(-0.5,0.32,6.67));
#4514 = LINE('',#4515,#4516);
#4515 = CARTESIAN_POINT('',(-0.5,0.32,6.03));
#4516 = VECTOR('',#4517,1.);
#4517 = DIRECTION('',(0.,0.,1.));
#4518 = ORIENTED_EDGE('',*,*,#4519,.F.);
#4519 = EDGE_CURVE('',#4496,#4512,#4520,.T.);
#4520 = LINE('',#4521,#4522);
#4521 = CARTESIAN_POINT('',(-0.5,-0.32,6.67));
#4522 = VECTOR('',#4523,1.);
#4523 = DIRECTION('',(0.,1.,0.));
#4524 = PLANE('',#4525);
#4525 = AXIS2_PLACEMENT_3D('',#4526,#4527,#4528);
#4526 = CARTESIAN_POINT('',(-0.5,-0.32,6.03));
#4527 = DIRECTION('',(1.,0.,0.));
#4528 = DIRECTION('',(0.,0.,1.));
#4529 = ADVANCED_FACE('',(#4530),#4546,.F.);
#4530 = FACE_BOUND('',#4531,.F.);
#4531 = EDGE_LOOP('',(#4532,#4538,#4539,#4545));
#4532 = ORIENTED_EDGE('',*,*,#4533,.F.);
#4533 = EDGE_CURVE('',#4454,#4494,#4534,.T.);
#4534 = LINE('',#4535,#4536);
#4535 = CARTESIAN_POINT('',(-7.5,-0.32,6.03));
#4536 = VECTOR('',#4537,1.);
#4537 = DIRECTION('',(1.,0.,0.));
#4538 = ORIENTED_EDGE('',*,*,#4453,.T.);
#4539 = ORIENTED_EDGE('',*,*,#4540,.T.);
#4540 = EDGE_CURVE('',#4456,#4496,#4541,.T.);
#4541 = LINE('',#4542,#4543);
#4542 = CARTESIAN_POINT('',(-7.5,-0.32,6.67));
#4543 = VECTOR('',#4544,1.);
#4544 = DIRECTION('',(1.,0.,0.));
#4545 = ORIENTED_EDGE('',*,*,#4493,.F.);
#4546 = PLANE('',#4547);
#4547 = AXIS2_PLACEMENT_3D('',#4548,#4549,#4550);
#4548 = CARTESIAN_POINT('',(-7.5,-0.32,6.03));
#4549 = DIRECTION('',(0.,1.,0.));
#4550 = DIRECTION('',(0.,0.,1.));
#4551 = ADVANCED_FACE('',(#4552),#4568,.T.);
#4552 = FACE_BOUND('',#4553,.T.);
#4553 = EDGE_LOOP('',(#4554,#4560,#4561,#4567));
#4554 = ORIENTED_EDGE('',*,*,#4555,.F.);
#4555 = EDGE_CURVE('',#4464,#4504,#4556,.T.);
#4556 = LINE('',#4557,#4558);
#4557 = CARTESIAN_POINT('',(-7.5,0.32,6.03));
#4558 = VECTOR('',#4559,1.);
#4559 = DIRECTION('',(1.,0.,0.));
#4560 = ORIENTED_EDGE('',*,*,#4471,.T.);
#4561 = ORIENTED_EDGE('',*,*,#4562,.T.);
#4562 = EDGE_CURVE('',#4472,#4512,#4563,.T.);
#4563 = LINE('',#4564,#4565);
#4564 = CARTESIAN_POINT('',(-7.5,0.32,6.67));
#4565 = VECTOR('',#4566,1.);
#4566 = DIRECTION('',(1.,0.,0.));
#4567 = ORIENTED_EDGE('',*,*,#4511,.F.);
#4568 = PLANE('',#4569);
#4569 = AXIS2_PLACEMENT_3D('',#4570,#4571,#4572);
#4570 = CARTESIAN_POINT('',(-7.5,0.32,6.03));
#4571 = DIRECTION('',(0.,1.,0.));
#4572 = DIRECTION('',(0.,0.,1.));
#4573 = ADVANCED_FACE('',(#4574),#4580,.F.);
#4574 = FACE_BOUND('',#4575,.F.);
#4575 = EDGE_LOOP('',(#4576,#4577,#4578,#4579));
#4576 = ORIENTED_EDGE('',*,*,#4463,.F.);
#4577 = ORIENTED_EDGE('',*,*,#4533,.T.);
#4578 = ORIENTED_EDGE('',*,*,#4503,.T.);
#4579 = ORIENTED_EDGE('',*,*,#4555,.F.);
#4580 = PLANE('',#4581);
#4581 = AXIS2_PLACEMENT_3D('',#4582,#4583,#4584);
#4582 = CARTESIAN_POINT('',(-7.5,-0.32,6.03));
#4583 = DIRECTION('',(0.,0.,1.));
#4584 = DIRECTION('',(1.,0.,0.));
#4585 = ADVANCED_FACE('',(#4586),#4592,.T.);
#4586 = FACE_BOUND('',#4587,.T.);
#4587 = EDGE_LOOP('',(#4588,#4589,#4590,#4591));
#4588 = ORIENTED_EDGE('',*,*,#4479,.F.);
#4589 = ORIENTED_EDGE('',*,*,#4540,.T.);
#4590 = ORIENTED_EDGE('',*,*,#4519,.T.);
#4591 = ORIENTED_EDGE('',*,*,#4562,.F.);
#4592 = PLANE('',#4593);
#4593 = AXIS2_PLACEMENT_3D('',#4594,#4595,#4596);
#4594 = CARTESIAN_POINT('',(-7.5,-0.32,6.67));
#4595 = DIRECTION('',(0.,0.,1.));
#4596 = DIRECTION('',(1.,0.,0.));
#4597 = MANIFOLD_SOLID_BREP('',#4598);
#4598 = CLOSED_SHELL('',(#4599,#4639,#4679,#4701,#4723,#4735));
#4599 = ADVANCED_FACE('',(#4600),#4634,.F.);
#4600 = FACE_BOUND('',#4601,.F.);
#4601 = EDGE_LOOP('',(#4602,#4612,#4620,#4628));
#4602 = ORIENTED_EDGE('',*,*,#4603,.F.);
#4603 = EDGE_CURVE('',#4604,#4606,#4608,.T.);
#4604 = VERTEX_POINT('',#4605);
#4605 = CARTESIAN_POINT('',(-7.5,2.22,6.03));
#4606 = VERTEX_POINT('',#4607);
#4607 = CARTESIAN_POINT('',(-7.5,2.22,6.67));
#4608 = LINE('',#4609,#4610);
#4609 = CARTESIAN_POINT('',(-7.5,2.22,6.03));
#4610 = VECTOR('',#4611,1.);
#4611 = DIRECTION('',(0.,0.,1.));
#4612 = ORIENTED_EDGE('',*,*,#4613,.T.);
#4613 = EDGE_CURVE('',#4604,#4614,#4616,.T.);
#4614 = VERTEX_POINT('',#4615);
#4615 = CARTESIAN_POINT('',(-7.5,2.86,6.03));
#4616 = LINE('',#4617,#4618);
#4617 = CARTESIAN_POINT('',(-7.5,2.22,6.03));
#4618 = VECTOR('',#4619,1.);
#4619 = DIRECTION('',(0.,1.,0.));
#4620 = ORIENTED_EDGE('',*,*,#4621,.T.);
#4621 = EDGE_CURVE('',#4614,#4622,#4624,.T.);
#4622 = VERTEX_POINT('',#4623);
#4623 = CARTESIAN_POINT('',(-7.5,2.86,6.67));
#4624 = LINE('',#4625,#4626);
#4625 = CARTESIAN_POINT('',(-7.5,2.86,6.03));
#4626 = VECTOR('',#4627,1.);
#4627 = DIRECTION('',(0.,0.,1.));
#4628 = ORIENTED_EDGE('',*,*,#4629,.F.);
#4629 = EDGE_CURVE('',#4606,#4622,#4630,.T.);
#4630 = LINE('',#4631,#4632);
#4631 = CARTESIAN_POINT('',(-7.5,2.22,6.67));
#4632 = VECTOR('',#4633,1.);
#4633 = DIRECTION('',(0.,1.,0.));
#4634 = PLANE('',#4635);
#4635 = AXIS2_PLACEMENT_3D('',#4636,#4637,#4638);
#4636 = CARTESIAN_POINT('',(-7.5,2.22,6.03));
#4637 = DIRECTION('',(1.,0.,0.));
#4638 = DIRECTION('',(0.,0.,1.));
#4639 = ADVANCED_FACE('',(#4640),#4674,.T.);
#4640 = FACE_BOUND('',#4641,.T.);
#4641 = EDGE_LOOP('',(#4642,#4652,#4660,#4668));
#4642 = ORIENTED_EDGE('',*,*,#4643,.F.);
#4643 = EDGE_CURVE('',#4644,#4646,#4648,.T.);
#4644 = VERTEX_POINT('',#4645);
#4645 = CARTESIAN_POINT('',(-0.5,2.22,6.03));
#4646 = VERTEX_POINT('',#4647);
#4647 = CARTESIAN_POINT('',(-0.5,2.22,6.67));
#4648 = LINE('',#4649,#4650);
#4649 = CARTESIAN_POINT('',(-0.5,2.22,6.03));
#4650 = VECTOR('',#4651,1.);
#4651 = DIRECTION('',(0.,0.,1.));
#4652 = ORIENTED_EDGE('',*,*,#4653,.T.);
#4653 = EDGE_CURVE('',#4644,#4654,#4656,.T.);
#4654 = VERTEX_POINT('',#4655);
#4655 = CARTESIAN_POINT('',(-0.5,2.86,6.03));
#4656 = LINE('',#4657,#4658);
#4657 = CARTESIAN_POINT('',(-0.5,2.22,6.03));
#4658 = VECTOR('',#4659,1.);
#4659 = DIRECTION('',(0.,1.,0.));
#4660 = ORIENTED_EDGE('',*,*,#4661,.T.);
#4661 = EDGE_CURVE('',#4654,#4662,#4664,.T.);
#4662 = VERTEX_POINT('',#4663);
#4663 = CARTESIAN_POINT('',(-0.5,2.86,6.67));
#4664 = LINE('',#4665,#4666);
#4665 = CARTESIAN_POINT('',(-0.5,2.86,6.03));
#4666 = VECTOR('',#4667,1.);
#4667 = DIRECTION('',(0.,0.,1.));
#4668 = ORIENTED_EDGE('',*,*,#4669,.F.);
#4669 = EDGE_CURVE('',#4646,#4662,#4670,.T.);
#4670 = LINE('',#4671,#4672);
#4671 = CARTESIAN_POINT('',(-0.5,2.22,6.67));
#4672 = VECTOR('',#4673,1.);
#4673 = DIRECTION('',(0.,1.,0.));
#4674 = PLANE('',#4675);
#4675 = AXIS2_PLACEMENT_3D('',#4676,#4677,#4678);
#4676 = CARTESIAN_POINT('',(-0.5,2.22,6.03));
#4677 = DIRECTION('',(1.,0.,0.));
#4678 = DIRECTION('',(0.,0.,1.));
#4679 = ADVANCED_FACE('',(#4680),#4696,.F.);
#4680 = FACE_BOUND('',#4681,.F.);
#4681 = EDGE_LOOP('',(#4682,#4688,#4689,#4695));
#4682 = ORIENTED_EDGE('',*,*,#4683,.F.);
#4683 = EDGE_CURVE('',#4604,#4644,#4684,.T.);
#4684 = LINE('',#4685,#4686);
#4685 = CARTESIAN_POINT('',(-7.5,2.22,6.03));
#4686 = VECTOR('',#4687,1.);
#4687 = DIRECTION('',(1.,0.,0.));
#4688 = ORIENTED_EDGE('',*,*,#4603,.T.);
#4689 = ORIENTED_EDGE('',*,*,#4690,.T.);
#4690 = EDGE_CURVE('',#4606,#4646,#4691,.T.);
#4691 = LINE('',#4692,#4693);
#4692 = CARTESIAN_POINT('',(-7.5,2.22,6.67));
#4693 = VECTOR('',#4694,1.);
#4694 = DIRECTION('',(1.,0.,0.));
#4695 = ORIENTED_EDGE('',*,*,#4643,.F.);
#4696 = PLANE('',#4697);
#4697 = AXIS2_PLACEMENT_3D('',#4698,#4699,#4700);
#4698 = CARTESIAN_POINT('',(-7.5,2.22,6.03));
#4699 = DIRECTION('',(0.,1.,0.));
#4700 = DIRECTION('',(0.,0.,1.));
#4701 = ADVANCED_FACE('',(#4702),#4718,.T.);
#4702 = FACE_BOUND('',#4703,.T.);
#4703 = EDGE_LOOP('',(#4704,#4710,#4711,#4717));
#4704 = ORIENTED_EDGE('',*,*,#4705,.F.);
#4705 = EDGE_CURVE('',#4614,#4654,#4706,.T.);
#4706 = LINE('',#4707,#4708);
#4707 = CARTESIAN_POINT('',(-7.5,2.86,6.03));
#4708 = VECTOR('',#4709,1.);
#4709 = DIRECTION('',(1.,0.,0.));
#4710 = ORIENTED_EDGE('',*,*,#4621,.T.);
#4711 = ORIENTED_EDGE('',*,*,#4712,.T.);
#4712 = EDGE_CURVE('',#4622,#4662,#4713,.T.);
#4713 = LINE('',#4714,#4715);
#4714 = CARTESIAN_POINT('',(-7.5,2.86,6.67));
#4715 = VECTOR('',#4716,1.);
#4716 = DIRECTION('',(1.,0.,0.));
#4717 = ORIENTED_EDGE('',*,*,#4661,.F.);
#4718 = PLANE('',#4719);
#4719 = AXIS2_PLACEMENT_3D('',#4720,#4721,#4722);
#4720 = CARTESIAN_POINT('',(-7.5,2.86,6.03));
#4721 = DIRECTION('',(0.,1.,0.));
#4722 = DIRECTION('',(0.,0.,1.));
#4723 = ADVANCED_FACE('',(#4724),#4730,.F.);
#4724 = FACE_BOUND('',#4725,.F.);
#4725 = EDGE_LOOP('',(#4726,#4727,#4728,#4729));
#4726 = ORIENTED_EDGE('',*,*,#4613,.F.);
#4727 = ORIENTED_EDGE('',*,*,#4683,.T.);
#4728 = ORIENTED_EDGE('',*,*,#4653,.T.);
#4729 = ORIENTED_EDGE('',*,*,#4705,.F.);
#4730 = PLANE('',#4731);
#4731 = AXIS2_PLACEMENT_3D('',#4732,#4733,#4734);
#4732 = CARTESIAN_POINT('',(-7.5,2.22,6.03));
#4733 = DIRECTION('',(0.,0.,1.));
#4734 = DIRECTION('',(1.,0.,0.));
#4735 = ADVANCED_FACE('',(#4736),#4742,.T.);
#4736 = FACE_BOUND('',#4737,.T.);
#4737 = EDGE_LOOP('',(#4738,#4739,#4740,#4741));
#4738 = ORIENTED_EDGE('',*,*,#4629,.F.);
#4739 = ORIENTED_EDGE('',*,*,#4690,.T.);
#4740 = ORIENTED_EDGE('',*,*,#4669,.T.);
#4741 = ORIENTED_EDGE('',*,*,#4712,.F.);
#4742 = PLANE('',#4743);
#4743 = AXIS2_PLACEMENT_3D('',#4744,#4745,#4746);
#4744 = CARTESIAN_POINT('',(-7.5,2.22,6.67));
#4745 = DIRECTION('',(0.,0.,1.));
#4746 = DIRECTION('',(1.,0.,0.));
#4747 = MANIFOLD_SOLID_BREP('',#4748);
#4748 = CLOSED_SHELL('',(#4749,#4839,#4859,#4879,#4904,#4921));
#4749 = ADVANCED_FACE('',(#4750,#4777),#4834,.T.);
#4750 = FACE_BOUND('',#4751,.T.);
#4751 = EDGE_LOOP('',(#4752,#4762,#4769,#4770));
#4752 = ORIENTED_EDGE('',*,*,#4753,.T.);
#4753 = EDGE_CURVE('',#4754,#4756,#4758,.T.);
#4754 = VERTEX_POINT('',#4755);
#4755 = CARTESIAN_POINT('',(43.,-2.449293598295E-15,-1.7));
#4756 = VERTEX_POINT('',#4757);
#4757 = CARTESIAN_POINT('',(43.,-2.449293598295E-15,10.3));
#4758 = LINE('',#4759,#4760);
#4759 = CARTESIAN_POINT('',(43.,-2.449293598295E-15,-1.7));
#4760 = VECTOR('',#4761,1.);
#4761 = DIRECTION('',(0.,0.,1.));
#4762 = ORIENTED_EDGE('',*,*,#4763,.F.);
#4763 = EDGE_CURVE('',#4756,#4756,#4764,.T.);
#4764 = CIRCLE('',#4765,10.);
#4765 = AXIS2_PLACEMENT_3D('',#4766,#4767,#4768);
#4766 = CARTESIAN_POINT('',(33.,0.,10.3));
#4767 = DIRECTION('',(0.,0.,1.));
#4768 = DIRECTION('',(1.,0.,0.));
#4769 = ORIENTED_EDGE('',*,*,#4753,.F.);
#4770 = ORIENTED_EDGE('',*,*,#4771,.T.);
#4771 = EDGE_CURVE('',#4754,#4754,#4772,.T.);
#4772 = CIRCLE('',#4773,10.);
#4773 = AXIS2_PLACEMENT_3D('',#4774,#4775,#4776);
#4774 = CARTESIAN_POINT('',(33.,0.,-1.7));
#4775 = DIRECTION('',(0.,0.,1.));
#4776 = DIRECTION('',(1.,0.,0.));
#4777 = FACE_BOUND('',#4778,.T.);
#4778 = EDGE_LOOP('',(#4779));
#4779 = ORIENTED_EDGE('',*,*,#4780,.F.);
#4780 = EDGE_CURVE('',#4781,#4781,#4783,.T.);
#4781 = VERTEX_POINT('',#4782);
#4782 = CARTESIAN_POINT('',(23.,6.368163355566E-16,1.7));
#4783 = B_SPLINE_CURVE_WITH_KNOTS('',7,(#4784,#4785,#4786,#4787,#4788,
    #4789,#4790,#4791,#4792,#4793,#4794,#4795,#4796,#4797,#4798,#4799,
    #4800,#4801,#4802,#4803,#4804,#4805,#4806,#4807,#4808,#4809,#4810,
    #4811,#4812,#4813,#4814,#4815,#4816,#4817,#4818,#4819,#4820,#4821,
    #4822,#4823,#4824,#4825,#4826,#4827,#4828,#4829,#4830,#4831,#4832,
    #4833),.UNSPECIFIED.,.T.,.F.,(8,6,6,6,6,6,6,6,8),(0.,0.112218513305,
    0.25,0.387781486695,0.5,0.612218513305,0.75,0.887781486695,1.),
  .UNSPECIFIED.);
#4784 = CARTESIAN_POINT('',(23.,8.881784197001E-16,1.7));
#4785 = CARTESIAN_POINT('',(23.,-0.319634837202,1.7));
#4786 = CARTESIAN_POINT('',(23.011919853015,-0.63072732252,1.74584338353
    ));
#4787 = CARTESIAN_POINT('',(23.034609582403,-0.925646494421,
    1.833123243538));
#4788 = CARTESIAN_POINT('',(23.065361891265,-1.197974088008,
    1.956118124789));
#4789 = CARTESIAN_POINT('',(23.100491068996,-1.442664526052,
    2.10774928516));
#4790 = CARTESIAN_POINT('',(23.136411663916,-1.656474853394,
    2.279519591224));
#4791 = CARTESIAN_POINT('',(23.212248175501,-2.061939986399,
    2.684984724228));
#4792 = CARTESIAN_POINT('',(23.25253203317,-2.244523124154,
    2.930942145348));
#4793 = CARTESIAN_POINT('',(23.287706236826,-2.388007363198,
    3.191805953795));
#4794 = CARTESIAN_POINT('',(23.315440924513,-2.494256030659,
    3.462508325564));
#4795 = CARTESIAN_POINT('',(23.334403079504,-2.564677963742,
    3.739366180211));
#4796 = CARTESIAN_POINT('',(23.343913836341,-2.6,4.019428558195));
#4797 = CARTESIAN_POINT('',(23.343913836341,-2.6,4.580571441805));
#4798 = CARTESIAN_POINT('',(23.334403079504,-2.564677963742,
    4.860633819789));
#4799 = CARTESIAN_POINT('',(23.315440924513,-2.494256030659,
    5.137491674436));
#4800 = CARTESIAN_POINT('',(23.287706236826,-2.388007363197,
    5.408194046205));
#4801 = CARTESIAN_POINT('',(23.25253203317,-2.244523124154,
    5.669057854652));
#4802 = CARTESIAN_POINT('',(23.212248175501,-2.061939986398,
    5.915015275772));
#4803 = CARTESIAN_POINT('',(23.136411663916,-1.656474853394,
    6.320480408776));
#4804 = CARTESIAN_POINT('',(23.100491068996,-1.442664526052,
    6.49225071484));
#4805 = CARTESIAN_POINT('',(23.065361891265,-1.197974088008,
    6.643881875211));
#4806 = CARTESIAN_POINT('',(23.034609582403,-0.925646494421,
    6.766876756462));
#4807 = CARTESIAN_POINT('',(23.011919853015,-0.63072732252,6.85415661647
    ));
#4808 = CARTESIAN_POINT('',(23.,-0.319634837201,6.9));
#4809 = CARTESIAN_POINT('',(23.,0.319634837202,6.9));
#4810 = CARTESIAN_POINT('',(23.011919853015,0.63072732252,6.85415661647)
  );
#4811 = CARTESIAN_POINT('',(23.034609582403,0.925646494422,
    6.766876756462));
#4812 = CARTESIAN_POINT('',(23.065361891265,1.197974088008,
    6.643881875211));
#4813 = CARTESIAN_POINT('',(23.100491068996,1.442664526052,6.49225071484
    ));
#4814 = CARTESIAN_POINT('',(23.136411663916,1.656474853394,
    6.320480408776));
#4815 = CARTESIAN_POINT('',(23.212248175501,2.061939986398,
    5.915015275772));
#4816 = CARTESIAN_POINT('',(23.25253203317,2.244523124154,5.669057854652
    ));
#4817 = CARTESIAN_POINT('',(23.287706236826,2.388007363197,
    5.408194046205));
#4818 = CARTESIAN_POINT('',(23.315440924513,2.494256030659,
    5.137491674436));
#4819 = CARTESIAN_POINT('',(23.334403079504,2.564677963742,
    4.860633819789));
#4820 = CARTESIAN_POINT('',(23.343913836341,2.6,4.580571441805));
#4821 = CARTESIAN_POINT('',(23.343913836341,2.6,4.019428558195));
#4822 = CARTESIAN_POINT('',(23.334403079504,2.564677963742,
    3.739366180211));
#4823 = CARTESIAN_POINT('',(23.315440924513,2.494256030659,
    3.462508325564));
#4824 = CARTESIAN_POINT('',(23.287706236826,2.388007363198,
    3.191805953795));
#4825 = CARTESIAN_POINT('',(23.25253203317,2.244523124154,2.930942145348
    ));
#4826 = CARTESIAN_POINT('',(23.212248175501,2.061939986399,
    2.684984724228));
#4827 = CARTESIAN_POINT('',(23.136411663916,1.656474853394,
    2.279519591224));
#4828 = CARTESIAN_POINT('',(23.100491068996,1.442664526052,2.10774928516
    ));
#4829 = CARTESIAN_POINT('',(23.065361891264,1.197974088007,
    1.956118124789));
#4830 = CARTESIAN_POINT('',(23.034609582403,0.925646494423,
    1.833123243539));
#4831 = CARTESIAN_POINT('',(23.011919853015,0.63072732252,1.74584338353)
  );
#4832 = CARTESIAN_POINT('',(23.,0.319634837202,1.7));
#4833 = CARTESIAN_POINT('',(23.,8.881784197001E-16,1.7));
#4834 = CYLINDRICAL_SURFACE('',#4835,10.);
#4835 = AXIS2_PLACEMENT_3D('',#4836,#4837,#4838);
#4836 = CARTESIAN_POINT('',(33.,0.,-1.7));
#4837 = DIRECTION('',(0.,0.,1.));
#4838 = DIRECTION('',(1.,0.,0.));
#4839 = ADVANCED_FACE('',(#4840,#4843),#4854,.F.);
#4840 = FACE_BOUND('',#4841,.F.);
#4841 = EDGE_LOOP('',(#4842));
#4842 = ORIENTED_EDGE('',*,*,#4771,.T.);
#4843 = FACE_BOUND('',#4844,.F.);
#4844 = EDGE_LOOP('',(#4845));
#4845 = ORIENTED_EDGE('',*,*,#4846,.F.);
#4846 = EDGE_CURVE('',#4847,#4847,#4849,.T.);
#4847 = VERTEX_POINT('',#4848);
#4848 = CARTESIAN_POINT('',(38.,-1.224646799147E-15,-1.7));
#4849 = CIRCLE('',#4850,5.);
#4850 = AXIS2_PLACEMENT_3D('',#4851,#4852,#4853);
#4851 = CARTESIAN_POINT('',(33.,0.,-1.7));
#4852 = DIRECTION('',(0.,0.,1.));
#4853 = DIRECTION('',(1.,0.,0.));
#4854 = PLANE('',#4855);
#4855 = AXIS2_PLACEMENT_3D('',#4856,#4857,#4858);
#4856 = CARTESIAN_POINT('',(33.,0.,-1.7));
#4857 = DIRECTION('',(0.,0.,1.));
#4858 = DIRECTION('',(1.,0.,0.));
#4859 = ADVANCED_FACE('',(#4860,#4863),#4874,.T.);
#4860 = FACE_BOUND('',#4861,.T.);
#4861 = EDGE_LOOP('',(#4862));
#4862 = ORIENTED_EDGE('',*,*,#4763,.T.);
#4863 = FACE_BOUND('',#4864,.T.);
#4864 = EDGE_LOOP('',(#4865));
#4865 = ORIENTED_EDGE('',*,*,#4866,.F.);
#4866 = EDGE_CURVE('',#4867,#4867,#4869,.T.);
#4867 = VERTEX_POINT('',#4868);
#4868 = CARTESIAN_POINT('',(38.,-1.224646799147E-15,10.3));
#4869 = CIRCLE('',#4870,5.);
#4870 = AXIS2_PLACEMENT_3D('',#4871,#4872,#4873);
#4871 = CARTESIAN_POINT('',(33.,0.,10.3));
#4872 = DIRECTION('',(0.,0.,1.));
#4873 = DIRECTION('',(1.,0.,0.));
#4874 = PLANE('',#4875);
#4875 = AXIS2_PLACEMENT_3D('',#4876,#4877,#4878);
#4876 = CARTESIAN_POINT('',(33.,0.,10.3));
#4877 = DIRECTION('',(0.,0.,1.));
#4878 = DIRECTION('',(1.,0.,0.));
#4879 = ADVANCED_FACE('',(#4880),#4899,.F.);
#4880 = FACE_BOUND('',#4881,.F.);
#4881 = EDGE_LOOP('',(#4882,#4883,#4891,#4898));
#4882 = ORIENTED_EDGE('',*,*,#4780,.F.);
#4883 = ORIENTED_EDGE('',*,*,#4884,.F.);
#4884 = EDGE_CURVE('',#4885,#4781,#4887,.T.);
#4885 = VERTEX_POINT('',#4886);
#4886 = CARTESIAN_POINT('',(25.1,6.368163355566E-16,1.7));
#4887 = LINE('',#4888,#4889);
#4888 = CARTESIAN_POINT('',(25.1,6.368163355566E-16,1.7));
#4889 = VECTOR('',#4890,1.);
#4890 = DIRECTION('',(-1.,0.,0.));
#4891 = ORIENTED_EDGE('',*,*,#4892,.T.);
#4892 = EDGE_CURVE('',#4885,#4885,#4893,.T.);
#4893 = CIRCLE('',#4894,2.6);
#4894 = AXIS2_PLACEMENT_3D('',#4895,#4896,#4897);
#4895 = CARTESIAN_POINT('',(25.1,0.,4.3));
#4896 = DIRECTION('',(-1.,0.,0.));
#4897 = DIRECTION('',(0.,0.,-1.));
#4898 = ORIENTED_EDGE('',*,*,#4884,.T.);
#4899 = CYLINDRICAL_SURFACE('',#4900,2.6);
#4900 = AXIS2_PLACEMENT_3D('',#4901,#4902,#4903);
#4901 = CARTESIAN_POINT('',(25.1,0.,4.3));
#4902 = DIRECTION('',(-1.,0.,0.));
#4903 = DIRECTION('',(0.,0.,-1.));
#4904 = ADVANCED_FACE('',(#4905),#4916,.F.);
#4905 = FACE_BOUND('',#4906,.F.);
#4906 = EDGE_LOOP('',(#4907,#4908,#4914,#4915));
#4907 = ORIENTED_EDGE('',*,*,#4866,.F.);
#4908 = ORIENTED_EDGE('',*,*,#4909,.F.);
#4909 = EDGE_CURVE('',#4847,#4867,#4910,.T.);
#4910 = LINE('',#4911,#4912);
#4911 = CARTESIAN_POINT('',(38.,-1.224646799147E-15,-2.7));
#4912 = VECTOR('',#4913,1.);
#4913 = DIRECTION('',(0.,0.,1.));
#4914 = ORIENTED_EDGE('',*,*,#4846,.T.);
#4915 = ORIENTED_EDGE('',*,*,#4909,.T.);
#4916 = CYLINDRICAL_SURFACE('',#4917,5.);
#4917 = AXIS2_PLACEMENT_3D('',#4918,#4919,#4920);
#4918 = CARTESIAN_POINT('',(33.,0.,-2.7));
#4919 = DIRECTION('',(0.,0.,1.));
#4920 = DIRECTION('',(1.,0.,0.));
#4921 = ADVANCED_FACE('',(#4922),#4925,.T.);
#4922 = FACE_BOUND('',#4923,.F.);
#4923 = EDGE_LOOP('',(#4924));
#4924 = ORIENTED_EDGE('',*,*,#4892,.F.);
#4925 = PLANE('',#4926);
#4926 = AXIS2_PLACEMENT_3D('',#4927,#4928,#4929);
#4927 = CARTESIAN_POINT('',(25.1,0.,4.3));
#4928 = DIRECTION('',(-1.,0.,0.));
#4929 = DIRECTION('',(0.,0.,-1.));
#4930 = MANIFOLD_SOLID_BREP('',#4931);
#4931 = CLOSED_SHELL('',(#4932,#4965,#4974));
#4932 = ADVANCED_FACE('',(#4933),#4960,.T.);
#4933 = FACE_BOUND('',#4934,.T.);
#4934 = EDGE_LOOP('',(#4935,#4944,#4952,#4959));
#4935 = ORIENTED_EDGE('',*,*,#4936,.F.);
#4936 = EDGE_CURVE('',#4937,#4937,#4939,.T.);
#4937 = VERTEX_POINT('',#4938);
#4938 = CARTESIAN_POINT('',(23.,6.123233995737E-16,1.8));
#4939 = CIRCLE('',#4940,2.5);
#4940 = AXIS2_PLACEMENT_3D('',#4941,#4942,#4943);
#4941 = CARTESIAN_POINT('',(23.,0.,4.3));
#4942 = DIRECTION('',(-1.,0.,0.));
#4943 = DIRECTION('',(0.,0.,-1.));
#4944 = ORIENTED_EDGE('',*,*,#4945,.F.);
#4945 = EDGE_CURVE('',#4946,#4937,#4948,.T.);
#4946 = VERTEX_POINT('',#4947);
#4947 = CARTESIAN_POINT('',(25.,6.123233995737E-16,1.8));
#4948 = LINE('',#4949,#4950);
#4949 = CARTESIAN_POINT('',(25.,6.123233995737E-16,1.8));
#4950 = VECTOR('',#4951,1.);
#4951 = DIRECTION('',(-1.,0.,0.));
#4952 = ORIENTED_EDGE('',*,*,#4953,.T.);
#4953 = EDGE_CURVE('',#4946,#4946,#4954,.T.);
#4954 = CIRCLE('',#4955,2.5);
#4955 = AXIS2_PLACEMENT_3D('',#4956,#4957,#4958);
#4956 = CARTESIAN_POINT('',(25.,0.,4.3));
#4957 = DIRECTION('',(-1.,0.,0.));
#4958 = DIRECTION('',(0.,0.,-1.));
#4959 = ORIENTED_EDGE('',*,*,#4945,.T.);
#4960 = CYLINDRICAL_SURFACE('',#4961,2.5);
#4961 = AXIS2_PLACEMENT_3D('',#4962,#4963,#4964);
#4962 = CARTESIAN_POINT('',(25.,0.,4.3));
#4963 = DIRECTION('',(-1.,0.,0.));
#4964 = DIRECTION('',(0.,0.,-1.));
#4965 = ADVANCED_FACE('',(#4966),#4969,.T.);
#4966 = FACE_BOUND('',#4967,.T.);
#4967 = EDGE_LOOP('',(#4968));
#4968 = ORIENTED_EDGE('',*,*,#4936,.T.);
#4969 = PLANE('',#4970);
#4970 = AXIS2_PLACEMENT_3D('',#4971,#4972,#4973);
#4971 = CARTESIAN_POINT('',(23.,0.,4.3));
#4972 = DIRECTION('',(-1.,0.,0.));
#4973 = DIRECTION('',(0.,0.,-1.));
#4974 = ADVANCED_FACE('',(#4975),#4978,.F.);
#4975 = FACE_BOUND('',#4976,.T.);
#4976 = EDGE_LOOP('',(#4977));
#4977 = ORIENTED_EDGE('',*,*,#4953,.F.);
#4978 = PLANE('',#4979);
#4979 = AXIS2_PLACEMENT_3D('',#4980,#4981,#4982);
#4980 = CARTESIAN_POINT('',(25.,0.,4.3));
#4981 = DIRECTION('',(-1.,0.,0.));
#4982 = DIRECTION('',(0.,0.,-1.));
#4983 = MANIFOLD_SOLID_BREP('',#4984);
#4984 = CLOSED_SHELL('',(#4985,#5018,#5027));
#4985 = ADVANCED_FACE('',(#4986),#5013,.T.);
#4986 = FACE_BOUND('',#4987,.T.);
#4987 = EDGE_LOOP('',(#4988,#4997,#5005,#5012));
#4988 = ORIENTED_EDGE('',*,*,#4989,.F.);
#4989 = EDGE_CURVE('',#4990,#4990,#4992,.T.);
#4990 = VERTEX_POINT('',#4991);
#4991 = CARTESIAN_POINT('',(38.,-1.224646799147E-15,24.3));
#4992 = CIRCLE('',#4993,5.);
#4993 = AXIS2_PLACEMENT_3D('',#4994,#4995,#4996);
#4994 = CARTESIAN_POINT('',(33.,0.,24.3));
#4995 = DIRECTION('',(0.,0.,1.));
#4996 = DIRECTION('',(1.,0.,0.));
#4997 = ORIENTED_EDGE('',*,*,#4998,.F.);
#4998 = EDGE_CURVE('',#4999,#4990,#5001,.T.);
#4999 = VERTEX_POINT('',#5000);
#5000 = CARTESIAN_POINT('',(38.,-1.224646799147E-15,-15.7));
#5001 = LINE('',#5002,#5003);
#5002 = CARTESIAN_POINT('',(38.,-1.224646799147E-15,-15.7));
#5003 = VECTOR('',#5004,1.);
#5004 = DIRECTION('',(0.,0.,1.));
#5005 = ORIENTED_EDGE('',*,*,#5006,.T.);
#5006 = EDGE_CURVE('',#4999,#4999,#5007,.T.);
#5007 = CIRCLE('',#5008,5.);
#5008 = AXIS2_PLACEMENT_3D('',#5009,#5010,#5011);
#5009 = CARTESIAN_POINT('',(33.,0.,-15.7));
#5010 = DIRECTION('',(0.,0.,1.));
#5011 = DIRECTION('',(1.,0.,0.));
#5012 = ORIENTED_EDGE('',*,*,#4998,.T.);
#5013 = CYLINDRICAL_SURFACE('',#5014,5.);
#5014 = AXIS2_PLACEMENT_3D('',#5015,#5016,#5017);
#5015 = CARTESIAN_POINT('',(33.,0.,-15.7));
#5016 = DIRECTION('',(0.,0.,1.));
#5017 = DIRECTION('',(1.,0.,0.));
#5018 = ADVANCED_FACE('',(#5019),#5022,.T.);
#5019 = FACE_BOUND('',#5020,.T.);
#5020 = EDGE_LOOP('',(#5021));
#5021 = ORIENTED_EDGE('',*,*,#4989,.T.);
#5022 = PLANE('',#5023);
#5023 = AXIS2_PLACEMENT_3D('',#5024,#5025,#5026);
#5024 = CARTESIAN_POINT('',(33.,0.,24.3));
#5025 = DIRECTION('',(0.,0.,1.));
#5026 = DIRECTION('',(1.,0.,0.));
#5027 = ADVANCED_FACE('',(#5028),#5031,.F.);
#5028 = FACE_BOUND('',#5029,.T.);
#5029 = EDGE_LOOP('',(#5030));
#5030 = ORIENTED_EDGE('',*,*,#5006,.F.);
#5031 = PLANE('',#5032);
#5032 = AXIS2_PLACEMENT_3D('',#5033,#5034,#5035);
#5033 = CARTESIAN_POINT('',(33.,0.,-15.7));
#5034 = DIRECTION('',(0.,0.,1.));
#5035 = DIRECTION('',(1.,0.,0.));
#5036 = ( GEOMETRIC_REPRESENTATION_CONTEXT(3) 
GLOBAL_UNCERTAINTY_ASSIGNED_CONTEXT((#5040)) 
GLOBAL_UNIT_ASSIGNED_CONTEXT((#5037,#5038,#5039)) REPRESENTATION_CONTEXT
('Context #1','3D Context with UNIT and UNCERTAINTY') );
#5037 = ( LENGTH_UNIT() NAMED_UNIT(*) SI_UNIT(.MILLI.,.METRE.) );
#5038 = ( NAMED_UNIT(*) PLANE_ANGLE_UNIT() SI_UNIT($,.RADIAN.) );
#5039 = ( NAMED_UNIT(*) SI_UNIT($,.STERADIAN.) SOLID_ANGLE_UNIT() );
#5040 = UNCERTAINTY_MEASURE_WITH_UNIT(LENGTH_MEASURE(1.E-07),#5037,
  'distance_accuracy_value','confusion accuracy');
#5041 = PRODUCT_RELATED_PRODUCT_CATEGORY('part',$,(#7));
ENDSEC;
END-ISO-10303-21;
