ISO-10303-21;
HEADER;
FILE_DESCRIPTION(('FreeCAD Model'),'2;1');
FILE_NAME('Open CASCADE Shape Model','2026-09-11T17:01:43',('FreeCAD'),(
    'FreeCAD'),'Open CASCADE STEP processor 7.8','FreeCAD','Unknown');
FILE_SCHEMA(('AUTOMOTIVE_DESIGN { 1 0 10303 214 1 1 1 1 }'));
ENDSEC;
DATA;
#1 = APPLICATION_PROTOCOL_DEFINITION('international standard',
  'automotive_design',2000,#2);
#2 = APPLICATION_CONTEXT(
  'core data for automotive mechanical design processes');
#3 = SHAPE_DEFINITION_REPRESENTATION(#4,#10);
#4 = PRODUCT_DEFINITION_SHAPE('','',#5);
#5 = PRODUCT_DEFINITION('design','',#6,#9);
#6 = PRODUCT_DEFINITION_FORMATION('','',#7);
#7 = PRODUCT('Open CASCADE STEP translator 7.8 4',
  'Open CASCADE STEP translator 7.8 4','',(#8));
#8 = PRODUCT_CONTEXT('',#2,'mechanical');
#9 = PRODUCT_DEFINITION_CONTEXT('part definition',#2,'design');
#10 = SHAPE_REPRESENTATION('',(#11,#15,#4136,#5708,#6608,#7436,#8242,
    #8340,#8438,#8928,#9234,#9706,#9856,#10006,#10839,#11133,#11427,
    #11721,#12015,#12307,#12599,#12891,#13183,#13475,#13767,#14059,
    #14292,#14622,#14855,#14908,#14961,#15014,#15306,#15369,#15432,
    #15495,#15593,#15736,#15879,#16022,#16165,#16308,#16451,#16594,
    #16737,#16880,#17023,#17166,#17309,#17401,#17493,#17585,#17677,
    #17769,#17861,#17953),#18045);
#11 = AXIS2_PLACEMENT_3D('',#12,#13,#14);
#12 = CARTESIAN_POINT('',(0.,0.,0.));
#13 = DIRECTION('',(0.,0.,1.));
#14 = DIRECTION('',(1.,0.,-0.));
#15 = MANIFOLD_SOLID_BREP('',#16);
#16 = CLOSED_SHELL('',(#17,#122,#341,#365,#457,#531,#562,#593,#621,#646,
    #671,#696,#742,#773,#789,#820,#836,#867,#891,#906,#937,#952,#983,
    #1007,#1022,#1062,#1077,#1108,#1132,#1147,#1246,#1261,#1285,#1307,
    #1324,#1341,#1353,#1375,#1392,#1409,#1421,#1449,#1491,#1522,#1546,
    #1570,#1587,#1599,#1616,#1640,#1664,#1692,#1717,#1741,#1752,#1781,
    #1799,#1823,#2006,#2035,#2053,#2064,#2089,#2125,#2143,#2154,#2179,
    #2191,#2227,#2245,#2256,#2268,#2280,#2297,#2343,#2352,#2377,#2402,
    #2427,#2476,#2500,#2525,#2584,#2671,#2729,#2754,#2795,#2867,#2900,
    #2959,#3039,#3064,#3089,#3114,#3184,#3193,#3213,#3233,#3273,#3291,
    #3317,#3346,#3378,#3395,#3407,#3425,#3468,#3504,#3515,#3533,#3576,
    #3588,#3599,#3619,#3643,#3677,#3688,#3705,#3725,#3736,#3756,#3790,
    #3824,#3833,#3842,#3851,#3877,#3902,#3927,#3939,#3951,#3975,#3993,
    #4004,#4013,#4038,#4047,#4072,#4089,#4100,#4109,#4118,#4127));
#17 = ADVANCED_FACE('',(#18,#84,#95,#106),#117,.F.);
#18 = FACE_BOUND('',#19,.F.);
#19 = EDGE_LOOP('',(#20,#30,#38,#46,#54,#62,#70,#78));
#20 = ORIENTED_EDGE('',*,*,#21,.F.);
#21 = EDGE_CURVE('',#22,#24,#26,.T.);
#22 = VERTEX_POINT('',#23);
#23 = CARTESIAN_POINT('',(-55.5,-43.,38.));
#24 = VERTEX_POINT('',#25);
#25 = CARTESIAN_POINT('',(-55.5,43.,38.));
#26 = LINE('',#27,#28);
#27 = CARTESIAN_POINT('',(-55.5,-43.,38.));
#28 = VECTOR('',#29,1.);
#29 = DIRECTION('',(0.,1.,0.));
#30 = ORIENTED_EDGE('',*,*,#31,.F.);
#31 = EDGE_CURVE('',#32,#22,#34,.T.);
#32 = VERTEX_POINT('',#33);
#33 = CARTESIAN_POINT('',(-55.5,-43.,0.));
#34 = LINE('',#35,#36);
#35 = CARTESIAN_POINT('',(-55.5,-43.,0.));
#36 = VECTOR('',#37,1.);
#37 = DIRECTION('',(0.,0.,1.));
#38 = ORIENTED_EDGE('',*,*,#39,.T.);
#39 = EDGE_CURVE('',#32,#40,#42,.T.);
#40 = VERTEX_POINT('',#41);
#41 = CARTESIAN_POINT('',(-55.5,-14.,0.));
#42 = LINE('',#43,#44);
#43 = CARTESIAN_POINT('',(-55.5,-43.,0.));
#44 = VECTOR('',#45,1.);
#45 = DIRECTION('',(0.,1.,0.));
#46 = ORIENTED_EDGE('',*,*,#47,.T.);
#47 = EDGE_CURVE('',#40,#48,#50,.T.);
#48 = VERTEX_POINT('',#49);
#49 = CARTESIAN_POINT('',(-55.5,-14.,3.5));
#50 = LINE('',#51,#52);
#51 = CARTESIAN_POINT('',(-55.5,-14.,0.));
#52 = VECTOR('',#53,1.);
#53 = DIRECTION('',(0.,0.,1.));
#54 = ORIENTED_EDGE('',*,*,#55,.T.);
#55 = EDGE_CURVE('',#48,#56,#58,.T.);
#56 = VERTEX_POINT('',#57);
#57 = CARTESIAN_POINT('',(-55.5,14.,3.5));
#58 = LINE('',#59,#60);
#59 = CARTESIAN_POINT('',(-55.5,-14.,3.5));
#60 = VECTOR('',#61,1.);
#61 = DIRECTION('',(0.,1.,0.));
#62 = ORIENTED_EDGE('',*,*,#63,.F.);
#63 = EDGE_CURVE('',#64,#56,#66,.T.);
#64 = VERTEX_POINT('',#65);
#65 = CARTESIAN_POINT('',(-55.5,14.,0.));
#66 = LINE('',#67,#68);
#67 = CARTESIAN_POINT('',(-55.5,14.,0.));
#68 = VECTOR('',#69,1.);
#69 = DIRECTION('',(0.,0.,1.));
#70 = ORIENTED_EDGE('',*,*,#71,.T.);
#71 = EDGE_CURVE('',#64,#72,#74,.T.);
#72 = VERTEX_POINT('',#73);
#73 = CARTESIAN_POINT('',(-55.5,43.,0.));
#74 = LINE('',#75,#76);
#75 = CARTESIAN_POINT('',(-55.5,-43.,0.));
#76 = VECTOR('',#77,1.);
#77 = DIRECTION('',(0.,1.,0.));
#78 = ORIENTED_EDGE('',*,*,#79,.T.);
#79 = EDGE_CURVE('',#72,#24,#80,.T.);
#80 = LINE('',#81,#82);
#81 = CARTESIAN_POINT('',(-55.5,43.,0.));
#82 = VECTOR('',#83,1.);
#83 = DIRECTION('',(0.,0.,1.));
#84 = FACE_BOUND('',#85,.F.);
#85 = EDGE_LOOP('',(#86));
#86 = ORIENTED_EDGE('',*,*,#87,.F.);
#87 = EDGE_CURVE('',#88,#88,#90,.T.);
#88 = VERTEX_POINT('',#89);
#89 = CARTESIAN_POINT('',(-55.5,18.,35.));
#90 = CIRCLE('',#91,6.);
#91 = AXIS2_PLACEMENT_3D('',#92,#93,#94);
#92 = CARTESIAN_POINT('',(-55.5,18.,29.));
#93 = DIRECTION('',(1.,0.,-0.));
#94 = DIRECTION('',(0.,0.,1.));
#95 = FACE_BOUND('',#96,.F.);
#96 = EDGE_LOOP('',(#97));
#97 = ORIENTED_EDGE('',*,*,#98,.F.);
#98 = EDGE_CURVE('',#99,#99,#101,.T.);
#99 = VERTEX_POINT('',#100);
#100 = CARTESIAN_POINT('',(-55.5,2.,32.));
#101 = CIRCLE('',#102,3.);
#102 = AXIS2_PLACEMENT_3D('',#103,#104,#105);
#103 = CARTESIAN_POINT('',(-55.5,2.,29.));
#104 = DIRECTION('',(1.,0.,-0.));
#105 = DIRECTION('',(0.,0.,1.));
#106 = FACE_BOUND('',#107,.F.);
#107 = EDGE_LOOP('',(#108));
#108 = ORIENTED_EDGE('',*,*,#109,.F.);
#109 = EDGE_CURVE('',#110,#110,#112,.T.);
#110 = VERTEX_POINT('',#111);
#111 = CARTESIAN_POINT('',(-55.5,-16.,37.1));
#112 = CIRCLE('',#113,8.1);
#113 = AXIS2_PLACEMENT_3D('',#114,#115,#116);
#114 = CARTESIAN_POINT('',(-55.5,-16.,29.));
#115 = DIRECTION('',(1.,0.,-0.));
#116 = DIRECTION('',(0.,0.,1.));
#117 = PLANE('',#118);
#118 = AXIS2_PLACEMENT_3D('',#119,#120,#121);
#119 = CARTESIAN_POINT('',(-55.5,-43.,0.));
#120 = DIRECTION('',(1.,0.,0.));
#121 = DIRECTION('',(0.,0.,1.));
#122 = ADVANCED_FACE('',(#123,#148),#336,.T.);
#123 = FACE_BOUND('',#124,.T.);
#124 = EDGE_LOOP('',(#125,#126,#134,#142));
#125 = ORIENTED_EDGE('',*,*,#21,.F.);
#126 = ORIENTED_EDGE('',*,*,#127,.T.);
#127 = EDGE_CURVE('',#22,#128,#130,.T.);
#128 = VERTEX_POINT('',#129);
#129 = CARTESIAN_POINT('',(55.5,-43.,38.));
#130 = LINE('',#131,#132);
#131 = CARTESIAN_POINT('',(-55.5,-43.,38.));
#132 = VECTOR('',#133,1.);
#133 = DIRECTION('',(1.,0.,0.));
#134 = ORIENTED_EDGE('',*,*,#135,.T.);
#135 = EDGE_CURVE('',#128,#136,#138,.T.);
#136 = VERTEX_POINT('',#137);
#137 = CARTESIAN_POINT('',(55.5,43.,38.));
#138 = LINE('',#139,#140);
#139 = CARTESIAN_POINT('',(55.5,-43.,38.));
#140 = VECTOR('',#141,1.);
#141 = DIRECTION('',(0.,1.,0.));
#142 = ORIENTED_EDGE('',*,*,#143,.F.);
#143 = EDGE_CURVE('',#24,#136,#144,.T.);
#144 = LINE('',#145,#146);
#145 = CARTESIAN_POINT('',(-55.5,43.,38.));
#146 = VECTOR('',#147,1.);
#147 = DIRECTION('',(1.,0.,0.));
#148 = FACE_BOUND('',#149,.T.);
#149 = EDGE_LOOP('',(#150,#160,#168,#177,#185,#194,#202,#210,#219,#227,
    #236,#244,#252,#261,#269,#278,#286,#294,#303,#312,#320,#329));
#150 = ORIENTED_EDGE('',*,*,#151,.F.);
#151 = EDGE_CURVE('',#152,#154,#156,.T.);
#152 = VERTEX_POINT('',#153);
#153 = CARTESIAN_POINT('',(53.,-40.5,38.));
#154 = VERTEX_POINT('',#155);
#155 = CARTESIAN_POINT('',(53.,-38.9364916731,38.));
#156 = LINE('',#157,#158);
#157 = CARTESIAN_POINT('',(53.,-41.75,38.));
#158 = VECTOR('',#159,1.);
#159 = DIRECTION('',(0.,1.,0.));
#160 = ORIENTED_EDGE('',*,*,#161,.T.);
#161 = EDGE_CURVE('',#152,#162,#164,.T.);
#162 = VERTEX_POINT('',#163);
#163 = CARTESIAN_POINT('',(51.436491673104,-40.5,38.));
#164 = LINE('',#165,#166);
#165 = CARTESIAN_POINT('',(-54.25,-40.5,38.));
#166 = VECTOR('',#167,1.);
#167 = DIRECTION('',(-1.,0.,0.));
#168 = ORIENTED_EDGE('',*,*,#169,.F.);
#169 = EDGE_CURVE('',#170,#162,#172,.T.);
#170 = VERTEX_POINT('',#171);
#171 = CARTESIAN_POINT('',(47.563508326896,-40.5,38.));
#172 = CIRCLE('',#173,4.);
#173 = AXIS2_PLACEMENT_3D('',#174,#175,#176);
#174 = CARTESIAN_POINT('',(49.5,-37.,38.));
#175 = DIRECTION('',(0.,0.,1.));
#176 = DIRECTION('',(1.,0.,0.));
#177 = ORIENTED_EDGE('',*,*,#178,.T.);
#178 = EDGE_CURVE('',#170,#179,#181,.T.);
#179 = VERTEX_POINT('',#180);
#180 = CARTESIAN_POINT('',(-47.56350832689,-40.5,38.));
#181 = LINE('',#182,#183);
#182 = CARTESIAN_POINT('',(-54.25,-40.5,38.));
#183 = VECTOR('',#184,1.);
#184 = DIRECTION('',(-1.,0.,0.));
#185 = ORIENTED_EDGE('',*,*,#186,.F.);
#186 = EDGE_CURVE('',#187,#179,#189,.T.);
#187 = VERTEX_POINT('',#188);
#188 = CARTESIAN_POINT('',(-51.4364916731,-40.5,38.));
#189 = CIRCLE('',#190,4.);
#190 = AXIS2_PLACEMENT_3D('',#191,#192,#193);
#191 = CARTESIAN_POINT('',(-49.5,-37.,38.));
#192 = DIRECTION('',(0.,0.,1.));
#193 = DIRECTION('',(1.,0.,0.));
#194 = ORIENTED_EDGE('',*,*,#195,.T.);
#195 = EDGE_CURVE('',#187,#196,#198,.T.);
#196 = VERTEX_POINT('',#197);
#197 = CARTESIAN_POINT('',(-53.,-40.5,38.));
#198 = LINE('',#199,#200);
#199 = CARTESIAN_POINT('',(-54.25,-40.5,38.));
#200 = VECTOR('',#201,1.);
#201 = DIRECTION('',(-1.,0.,0.));
#202 = ORIENTED_EDGE('',*,*,#203,.T.);
#203 = EDGE_CURVE('',#196,#204,#206,.T.);
#204 = VERTEX_POINT('',#205);
#205 = CARTESIAN_POINT('',(-53.,-38.9364916731,38.));
#206 = LINE('',#207,#208);
#207 = CARTESIAN_POINT('',(-53.,-41.75,38.));
#208 = VECTOR('',#209,1.);
#209 = DIRECTION('',(0.,1.,0.));
#210 = ORIENTED_EDGE('',*,*,#211,.F.);
#211 = EDGE_CURVE('',#212,#204,#214,.T.);
#212 = VERTEX_POINT('',#213);
#213 = CARTESIAN_POINT('',(-53.,-35.06350832689,38.));
#214 = CIRCLE('',#215,4.);
#215 = AXIS2_PLACEMENT_3D('',#216,#217,#218);
#216 = CARTESIAN_POINT('',(-49.5,-37.,38.));
#217 = DIRECTION('',(0.,0.,1.));
#218 = DIRECTION('',(1.,0.,0.));
#219 = ORIENTED_EDGE('',*,*,#220,.T.);
#220 = EDGE_CURVE('',#212,#221,#223,.T.);
#221 = VERTEX_POINT('',#222);
#222 = CARTESIAN_POINT('',(-53.,35.063508326896,38.));
#223 = LINE('',#224,#225);
#224 = CARTESIAN_POINT('',(-53.,-41.75,38.));
#225 = VECTOR('',#226,1.);
#226 = DIRECTION('',(0.,1.,0.));
#227 = ORIENTED_EDGE('',*,*,#228,.F.);
#228 = EDGE_CURVE('',#229,#221,#231,.T.);
#229 = VERTEX_POINT('',#230);
#230 = CARTESIAN_POINT('',(-53.,38.936491673104,38.));
#231 = CIRCLE('',#232,4.);
#232 = AXIS2_PLACEMENT_3D('',#233,#234,#235);
#233 = CARTESIAN_POINT('',(-49.5,37.,38.));
#234 = DIRECTION('',(0.,0.,1.));
#235 = DIRECTION('',(1.,0.,0.));
#236 = ORIENTED_EDGE('',*,*,#237,.T.);
#237 = EDGE_CURVE('',#229,#238,#240,.T.);
#238 = VERTEX_POINT('',#239);
#239 = CARTESIAN_POINT('',(-53.,40.5,38.));
#240 = LINE('',#241,#242);
#241 = CARTESIAN_POINT('',(-53.,-41.75,38.));
#242 = VECTOR('',#243,1.);
#243 = DIRECTION('',(0.,1.,0.));
#244 = ORIENTED_EDGE('',*,*,#245,.F.);
#245 = EDGE_CURVE('',#246,#238,#248,.T.);
#246 = VERTEX_POINT('',#247);
#247 = CARTESIAN_POINT('',(-51.4364916731,40.5,38.));
#248 = LINE('',#249,#250);
#249 = CARTESIAN_POINT('',(-54.25,40.5,38.));
#250 = VECTOR('',#251,1.);
#251 = DIRECTION('',(-1.,0.,0.));
#252 = ORIENTED_EDGE('',*,*,#253,.F.);
#253 = EDGE_CURVE('',#254,#246,#256,.T.);
#254 = VERTEX_POINT('',#255);
#255 = CARTESIAN_POINT('',(-47.56350832689,40.5,38.));
#256 = CIRCLE('',#257,4.);
#257 = AXIS2_PLACEMENT_3D('',#258,#259,#260);
#258 = CARTESIAN_POINT('',(-49.5,37.,38.));
#259 = DIRECTION('',(0.,0.,1.));
#260 = DIRECTION('',(1.,0.,0.));
#261 = ORIENTED_EDGE('',*,*,#262,.F.);
#262 = EDGE_CURVE('',#263,#254,#265,.T.);
#263 = VERTEX_POINT('',#264);
#264 = CARTESIAN_POINT('',(47.563508326896,40.5,38.));
#265 = LINE('',#266,#267);
#266 = CARTESIAN_POINT('',(-54.25,40.5,38.));
#267 = VECTOR('',#268,1.);
#268 = DIRECTION('',(-1.,0.,0.));
#269 = ORIENTED_EDGE('',*,*,#270,.F.);
#270 = EDGE_CURVE('',#271,#263,#273,.T.);
#271 = VERTEX_POINT('',#272);
#272 = CARTESIAN_POINT('',(51.436491673104,40.5,38.));
#273 = CIRCLE('',#274,4.);
#274 = AXIS2_PLACEMENT_3D('',#275,#276,#277);
#275 = CARTESIAN_POINT('',(49.5,37.,38.));
#276 = DIRECTION('',(0.,0.,1.));
#277 = DIRECTION('',(1.,0.,0.));
#278 = ORIENTED_EDGE('',*,*,#279,.F.);
#279 = EDGE_CURVE('',#280,#271,#282,.T.);
#280 = VERTEX_POINT('',#281);
#281 = CARTESIAN_POINT('',(53.,40.5,38.));
#282 = LINE('',#283,#284);
#283 = CARTESIAN_POINT('',(-54.25,40.5,38.));
#284 = VECTOR('',#285,1.);
#285 = DIRECTION('',(-1.,0.,0.));
#286 = ORIENTED_EDGE('',*,*,#287,.F.);
#287 = EDGE_CURVE('',#288,#280,#290,.T.);
#288 = VERTEX_POINT('',#289);
#289 = CARTESIAN_POINT('',(53.,38.936491673104,38.));
#290 = LINE('',#291,#292);
#291 = CARTESIAN_POINT('',(53.,-41.75,38.));
#292 = VECTOR('',#293,1.);
#293 = DIRECTION('',(0.,1.,0.));
#294 = ORIENTED_EDGE('',*,*,#295,.F.);
#295 = EDGE_CURVE('',#296,#288,#298,.T.);
#296 = VERTEX_POINT('',#297);
#297 = CARTESIAN_POINT('',(53.5,37.,38.));
#298 = CIRCLE('',#299,4.);
#299 = AXIS2_PLACEMENT_3D('',#300,#301,#302);
#300 = CARTESIAN_POINT('',(49.5,37.,38.));
#301 = DIRECTION('',(0.,0.,1.));
#302 = DIRECTION('',(1.,0.,0.));
#303 = ORIENTED_EDGE('',*,*,#304,.F.);
#304 = EDGE_CURVE('',#305,#296,#307,.T.);
#305 = VERTEX_POINT('',#306);
#306 = CARTESIAN_POINT('',(53.,35.063508326896,38.));
#307 = CIRCLE('',#308,4.);
#308 = AXIS2_PLACEMENT_3D('',#309,#310,#311);
#309 = CARTESIAN_POINT('',(49.5,37.,38.));
#310 = DIRECTION('',(0.,0.,1.));
#311 = DIRECTION('',(1.,0.,0.));
#312 = ORIENTED_EDGE('',*,*,#313,.F.);
#313 = EDGE_CURVE('',#314,#305,#316,.T.);
#314 = VERTEX_POINT('',#315);
#315 = CARTESIAN_POINT('',(53.,-35.06350832689,38.));
#316 = LINE('',#317,#318);
#317 = CARTESIAN_POINT('',(53.,-41.75,38.));
#318 = VECTOR('',#319,1.);
#319 = DIRECTION('',(0.,1.,0.));
#320 = ORIENTED_EDGE('',*,*,#321,.F.);
#321 = EDGE_CURVE('',#322,#314,#324,.T.);
#322 = VERTEX_POINT('',#323);
#323 = CARTESIAN_POINT('',(53.5,-37.,38.));
#324 = CIRCLE('',#325,4.);
#325 = AXIS2_PLACEMENT_3D('',#326,#327,#328);
#326 = CARTESIAN_POINT('',(49.5,-37.,38.));
#327 = DIRECTION('',(0.,0.,1.));
#328 = DIRECTION('',(1.,0.,0.));
#329 = ORIENTED_EDGE('',*,*,#330,.F.);
#330 = EDGE_CURVE('',#154,#322,#331,.T.);
#331 = CIRCLE('',#332,4.);
#332 = AXIS2_PLACEMENT_3D('',#333,#334,#335);
#333 = CARTESIAN_POINT('',(49.5,-37.,38.));
#334 = DIRECTION('',(0.,0.,1.));
#335 = DIRECTION('',(1.,0.,0.));
#336 = PLANE('',#337);
#337 = AXIS2_PLACEMENT_3D('',#338,#339,#340);
#338 = CARTESIAN_POINT('',(-55.5,-43.,38.));
#339 = DIRECTION('',(0.,0.,1.));
#340 = DIRECTION('',(1.,0.,0.));
#341 = ADVANCED_FACE('',(#342),#360,.T.);
#342 = FACE_BOUND('',#343,.T.);
#343 = EDGE_LOOP('',(#344,#352,#353,#354));
#344 = ORIENTED_EDGE('',*,*,#345,.F.);
#345 = EDGE_CURVE('',#72,#346,#348,.T.);
#346 = VERTEX_POINT('',#347);
#347 = CARTESIAN_POINT('',(55.5,43.,0.));
#348 = LINE('',#349,#350);
#349 = CARTESIAN_POINT('',(-55.5,43.,0.));
#350 = VECTOR('',#351,1.);
#351 = DIRECTION('',(1.,0.,0.));
#352 = ORIENTED_EDGE('',*,*,#79,.T.);
#353 = ORIENTED_EDGE('',*,*,#143,.T.);
#354 = ORIENTED_EDGE('',*,*,#355,.F.);
#355 = EDGE_CURVE('',#346,#136,#356,.T.);
#356 = LINE('',#357,#358);
#357 = CARTESIAN_POINT('',(55.5,43.,0.));
#358 = VECTOR('',#359,1.);
#359 = DIRECTION('',(0.,0.,1.));
#360 = PLANE('',#361);
#361 = AXIS2_PLACEMENT_3D('',#362,#363,#364);
#362 = CARTESIAN_POINT('',(-55.5,43.,0.));
#363 = DIRECTION('',(0.,1.,0.));
#364 = DIRECTION('',(0.,0.,1.));
#365 = ADVANCED_FACE('',(#366,#384,#418),#452,.F.);
#366 = FACE_BOUND('',#367,.F.);
#367 = EDGE_LOOP('',(#368,#376,#377,#378));
#368 = ORIENTED_EDGE('',*,*,#369,.F.);
#369 = EDGE_CURVE('',#32,#370,#372,.T.);
#370 = VERTEX_POINT('',#371);
#371 = CARTESIAN_POINT('',(55.5,-43.,0.));
#372 = LINE('',#373,#374);
#373 = CARTESIAN_POINT('',(-55.5,-43.,0.));
#374 = VECTOR('',#375,1.);
#375 = DIRECTION('',(1.,0.,0.));
#376 = ORIENTED_EDGE('',*,*,#31,.T.);
#377 = ORIENTED_EDGE('',*,*,#127,.T.);
#378 = ORIENTED_EDGE('',*,*,#379,.F.);
#379 = EDGE_CURVE('',#370,#128,#380,.T.);
#380 = LINE('',#381,#382);
#381 = CARTESIAN_POINT('',(55.5,-43.,0.));
#382 = VECTOR('',#383,1.);
#383 = DIRECTION('',(0.,0.,1.));
#384 = FACE_BOUND('',#385,.F.);
#385 = EDGE_LOOP('',(#386,#396,#404,#412));
#386 = ORIENTED_EDGE('',*,*,#387,.F.);
#387 = EDGE_CURVE('',#388,#390,#392,.T.);
#388 = VERTEX_POINT('',#389);
#389 = CARTESIAN_POINT('',(-14.,-43.,31.));
#390 = VERTEX_POINT('',#391);
#391 = CARTESIAN_POINT('',(-4.,-43.,31.));
#392 = LINE('',#393,#394);
#393 = CARTESIAN_POINT('',(-34.75,-43.,31.));
#394 = VECTOR('',#395,1.);
#395 = DIRECTION('',(1.,0.,0.));
#396 = ORIENTED_EDGE('',*,*,#397,.T.);
#397 = EDGE_CURVE('',#388,#398,#400,.T.);
#398 = VERTEX_POINT('',#399);
#399 = CARTESIAN_POINT('',(-14.,-43.,26.5));
#400 = LINE('',#401,#402);
#401 = CARTESIAN_POINT('',(-14.,-43.,13.25));
#402 = VECTOR('',#403,1.);
#403 = DIRECTION('',(0.,0.,-1.));
#404 = ORIENTED_EDGE('',*,*,#405,.T.);
#405 = EDGE_CURVE('',#398,#406,#408,.T.);
#406 = VERTEX_POINT('',#407);
#407 = CARTESIAN_POINT('',(-4.,-43.,26.5));
#408 = LINE('',#409,#410);
#409 = CARTESIAN_POINT('',(-34.75,-43.,26.5));
#410 = VECTOR('',#411,1.);
#411 = DIRECTION('',(1.,0.,0.));
#412 = ORIENTED_EDGE('',*,*,#413,.F.);
#413 = EDGE_CURVE('',#390,#406,#414,.T.);
#414 = LINE('',#415,#416);
#415 = CARTESIAN_POINT('',(-4.,-43.,13.25));
#416 = VECTOR('',#417,1.);
#417 = DIRECTION('',(0.,0.,-1.));
#418 = FACE_BOUND('',#419,.F.);
#419 = EDGE_LOOP('',(#420,#430,#438,#446));
#420 = ORIENTED_EDGE('',*,*,#421,.F.);
#421 = EDGE_CURVE('',#422,#424,#426,.T.);
#422 = VERTEX_POINT('',#423);
#423 = CARTESIAN_POINT('',(17.,-43.,9.));
#424 = VERTEX_POINT('',#425);
#425 = CARTESIAN_POINT('',(27.,-43.,9.));
#426 = LINE('',#427,#428);
#427 = CARTESIAN_POINT('',(-19.25,-43.,9.));
#428 = VECTOR('',#429,1.);
#429 = DIRECTION('',(1.,0.,0.));
#430 = ORIENTED_EDGE('',*,*,#431,.T.);
#431 = EDGE_CURVE('',#422,#432,#434,.T.);
#432 = VERTEX_POINT('',#433);
#433 = CARTESIAN_POINT('',(17.,-43.,4.5));
#434 = LINE('',#435,#436);
#435 = CARTESIAN_POINT('',(17.,-43.,2.25));
#436 = VECTOR('',#437,1.);
#437 = DIRECTION('',(0.,0.,-1.));
#438 = ORIENTED_EDGE('',*,*,#439,.T.);
#439 = EDGE_CURVE('',#432,#440,#442,.T.);
#440 = VERTEX_POINT('',#441);
#441 = CARTESIAN_POINT('',(27.,-43.,4.5));
#442 = LINE('',#443,#444);
#443 = CARTESIAN_POINT('',(-19.25,-43.,4.5));
#444 = VECTOR('',#445,1.);
#445 = DIRECTION('',(1.,0.,0.));
#446 = ORIENTED_EDGE('',*,*,#447,.F.);
#447 = EDGE_CURVE('',#424,#440,#448,.T.);
#448 = LINE('',#449,#450);
#449 = CARTESIAN_POINT('',(27.,-43.,2.25));
#450 = VECTOR('',#451,1.);
#451 = DIRECTION('',(0.,0.,-1.));
#452 = PLANE('',#453);
#453 = AXIS2_PLACEMENT_3D('',#454,#455,#456);
#454 = CARTESIAN_POINT('',(-55.5,-43.,0.));
#455 = DIRECTION('',(0.,1.,0.));
#456 = DIRECTION('',(0.,0.,1.));
#457 = ADVANCED_FACE('',(#458,#492),#526,.F.);
#458 = FACE_BOUND('',#459,.F.);
#459 = EDGE_LOOP('',(#460,#461,#462,#470,#478,#484,#485,#486));
#460 = ORIENTED_EDGE('',*,*,#39,.F.);
#461 = ORIENTED_EDGE('',*,*,#369,.T.);
#462 = ORIENTED_EDGE('',*,*,#463,.T.);
#463 = EDGE_CURVE('',#370,#464,#466,.T.);
#464 = VERTEX_POINT('',#465);
#465 = CARTESIAN_POINT('',(55.5,-14.,0.));
#466 = LINE('',#467,#468);
#467 = CARTESIAN_POINT('',(55.5,-43.,0.));
#468 = VECTOR('',#469,1.);
#469 = DIRECTION('',(0.,1.,0.));
#470 = ORIENTED_EDGE('',*,*,#471,.T.);
#471 = EDGE_CURVE('',#464,#472,#474,.T.);
#472 = VERTEX_POINT('',#473);
#473 = CARTESIAN_POINT('',(55.5,14.,0.));
#474 = LINE('',#475,#476);
#475 = CARTESIAN_POINT('',(55.5,-43.,0.));
#476 = VECTOR('',#477,1.);
#477 = DIRECTION('',(0.,1.,0.));
#478 = ORIENTED_EDGE('',*,*,#479,.T.);
#479 = EDGE_CURVE('',#472,#346,#480,.T.);
#480 = LINE('',#481,#482);
#481 = CARTESIAN_POINT('',(55.5,-43.,0.));
#482 = VECTOR('',#483,1.);
#483 = DIRECTION('',(0.,1.,0.));
#484 = ORIENTED_EDGE('',*,*,#345,.F.);
#485 = ORIENTED_EDGE('',*,*,#71,.F.);
#486 = ORIENTED_EDGE('',*,*,#487,.F.);
#487 = EDGE_CURVE('',#40,#64,#488,.T.);
#488 = LINE('',#489,#490);
#489 = CARTESIAN_POINT('',(-55.5,-43.,0.));
#490 = VECTOR('',#491,1.);
#491 = DIRECTION('',(0.,1.,0.));
#492 = FACE_BOUND('',#493,.F.);
#493 = EDGE_LOOP('',(#494,#504,#512,#520));
#494 = ORIENTED_EDGE('',*,*,#495,.T.);
#495 = EDGE_CURVE('',#496,#498,#500,.T.);
#496 = VERTEX_POINT('',#497);
#497 = CARTESIAN_POINT('',(40.2,-10.2,0.));
#498 = VERTEX_POINT('',#499);
#499 = CARTESIAN_POINT('',(-40.2,-10.2,0.));
#500 = LINE('',#501,#502);
#501 = CARTESIAN_POINT('',(-47.85,-10.2,0.));
#502 = VECTOR('',#503,1.);
#503 = DIRECTION('',(-1.,0.,0.));
#504 = ORIENTED_EDGE('',*,*,#505,.T.);
#505 = EDGE_CURVE('',#498,#506,#508,.T.);
#506 = VERTEX_POINT('',#507);
#507 = CARTESIAN_POINT('',(-40.2,34.2,0.));
#508 = LINE('',#509,#510);
#509 = CARTESIAN_POINT('',(-40.2,-26.6,0.));
#510 = VECTOR('',#511,1.);
#511 = DIRECTION('',(0.,1.,0.));
#512 = ORIENTED_EDGE('',*,*,#513,.F.);
#513 = EDGE_CURVE('',#514,#506,#516,.T.);
#514 = VERTEX_POINT('',#515);
#515 = CARTESIAN_POINT('',(40.2,34.2,0.));
#516 = LINE('',#517,#518);
#517 = CARTESIAN_POINT('',(-47.85,34.2,0.));
#518 = VECTOR('',#519,1.);
#519 = DIRECTION('',(-1.,0.,0.));
#520 = ORIENTED_EDGE('',*,*,#521,.F.);
#521 = EDGE_CURVE('',#496,#514,#522,.T.);
#522 = LINE('',#523,#524);
#523 = CARTESIAN_POINT('',(40.2,-26.6,0.));
#524 = VECTOR('',#525,1.);
#525 = DIRECTION('',(0.,1.,0.));
#526 = PLANE('',#527);
#527 = AXIS2_PLACEMENT_3D('',#528,#529,#530);
#528 = CARTESIAN_POINT('',(-55.5,-43.,0.));
#529 = DIRECTION('',(0.,0.,1.));
#530 = DIRECTION('',(1.,0.,0.));
#531 = ADVANCED_FACE('',(#532),#557,.T.);
#532 = FACE_BOUND('',#533,.T.);
#533 = EDGE_LOOP('',(#534,#542,#550,#556));
#534 = ORIENTED_EDGE('',*,*,#535,.F.);
#535 = EDGE_CURVE('',#536,#64,#538,.T.);
#536 = VERTEX_POINT('',#537);
#537 = CARTESIAN_POINT('',(-69.5,14.,0.));
#538 = LINE('',#539,#540);
#539 = CARTESIAN_POINT('',(-69.5,14.,0.));
#540 = VECTOR('',#541,1.);
#541 = DIRECTION('',(1.,0.,0.));
#542 = ORIENTED_EDGE('',*,*,#543,.T.);
#543 = EDGE_CURVE('',#536,#544,#546,.T.);
#544 = VERTEX_POINT('',#545);
#545 = CARTESIAN_POINT('',(-69.5,14.,3.5));
#546 = LINE('',#547,#548);
#547 = CARTESIAN_POINT('',(-69.5,14.,0.));
#548 = VECTOR('',#549,1.);
#549 = DIRECTION('',(0.,0.,1.));
#550 = ORIENTED_EDGE('',*,*,#551,.T.);
#551 = EDGE_CURVE('',#544,#56,#552,.T.);
#552 = LINE('',#553,#554);
#553 = CARTESIAN_POINT('',(-69.5,14.,3.5));
#554 = VECTOR('',#555,1.);
#555 = DIRECTION('',(1.,0.,0.));
#556 = ORIENTED_EDGE('',*,*,#63,.F.);
#557 = PLANE('',#558);
#558 = AXIS2_PLACEMENT_3D('',#559,#560,#561);
#559 = CARTESIAN_POINT('',(-69.5,14.,0.));
#560 = DIRECTION('',(0.,1.,0.));
#561 = DIRECTION('',(0.,0.,1.));
#562 = ADVANCED_FACE('',(#563),#588,.F.);
#563 = FACE_BOUND('',#564,.F.);
#564 = EDGE_LOOP('',(#565,#573,#581,#587));
#565 = ORIENTED_EDGE('',*,*,#566,.F.);
#566 = EDGE_CURVE('',#567,#40,#569,.T.);
#567 = VERTEX_POINT('',#568);
#568 = CARTESIAN_POINT('',(-69.5,-14.,0.));
#569 = LINE('',#570,#571);
#570 = CARTESIAN_POINT('',(-69.5,-14.,0.));
#571 = VECTOR('',#572,1.);
#572 = DIRECTION('',(1.,0.,0.));
#573 = ORIENTED_EDGE('',*,*,#574,.T.);
#574 = EDGE_CURVE('',#567,#575,#577,.T.);
#575 = VERTEX_POINT('',#576);
#576 = CARTESIAN_POINT('',(-69.5,-14.,3.5));
#577 = LINE('',#578,#579);
#578 = CARTESIAN_POINT('',(-69.5,-14.,0.));
#579 = VECTOR('',#580,1.);
#580 = DIRECTION('',(0.,0.,1.));
#581 = ORIENTED_EDGE('',*,*,#582,.T.);
#582 = EDGE_CURVE('',#575,#48,#583,.T.);
#583 = LINE('',#584,#585);
#584 = CARTESIAN_POINT('',(-69.5,-14.,3.5));
#585 = VECTOR('',#586,1.);
#586 = DIRECTION('',(1.,0.,0.));
#587 = ORIENTED_EDGE('',*,*,#47,.F.);
#588 = PLANE('',#589);
#589 = AXIS2_PLACEMENT_3D('',#590,#591,#592);
#590 = CARTESIAN_POINT('',(-69.5,-14.,0.));
#591 = DIRECTION('',(0.,1.,0.));
#592 = DIRECTION('',(0.,0.,1.));
#593 = ADVANCED_FACE('',(#594,#605),#616,.T.);
#594 = FACE_BOUND('',#595,.T.);
#595 = EDGE_LOOP('',(#596,#602,#603,#604));
#596 = ORIENTED_EDGE('',*,*,#597,.F.);
#597 = EDGE_CURVE('',#575,#544,#598,.T.);
#598 = LINE('',#599,#600);
#599 = CARTESIAN_POINT('',(-69.5,-14.,3.5));
#600 = VECTOR('',#601,1.);
#601 = DIRECTION('',(0.,1.,0.));
#602 = ORIENTED_EDGE('',*,*,#582,.T.);
#603 = ORIENTED_EDGE('',*,*,#55,.T.);
#604 = ORIENTED_EDGE('',*,*,#551,.F.);
#605 = FACE_BOUND('',#606,.T.);
#606 = EDGE_LOOP('',(#607));
#607 = ORIENTED_EDGE('',*,*,#608,.F.);
#608 = EDGE_CURVE('',#609,#609,#611,.T.);
#609 = VERTEX_POINT('',#610);
#610 = CARTESIAN_POINT('',(-60.,-6.123233995737E-16,3.5));
#611 = CIRCLE('',#612,2.5);
#612 = AXIS2_PLACEMENT_3D('',#613,#614,#615);
#613 = CARTESIAN_POINT('',(-62.5,0.,3.5));
#614 = DIRECTION('',(0.,0.,1.));
#615 = DIRECTION('',(1.,0.,0.));
#616 = PLANE('',#617);
#617 = AXIS2_PLACEMENT_3D('',#618,#619,#620);
#618 = CARTESIAN_POINT('',(-69.5,-14.,3.5));
#619 = DIRECTION('',(0.,0.,1.));
#620 = DIRECTION('',(1.,0.,0.));
#621 = ADVANCED_FACE('',(#622),#641,.F.);
#622 = FACE_BOUND('',#623,.F.);
#623 = EDGE_LOOP('',(#624,#633,#639,#640));
#624 = ORIENTED_EDGE('',*,*,#625,.F.);
#625 = EDGE_CURVE('',#626,#626,#628,.T.);
#626 = VERTEX_POINT('',#627);
#627 = CARTESIAN_POINT('',(-53.,18.,35.));
#628 = CIRCLE('',#629,6.);
#629 = AXIS2_PLACEMENT_3D('',#630,#631,#632);
#630 = CARTESIAN_POINT('',(-53.,18.,29.));
#631 = DIRECTION('',(1.,0.,-0.));
#632 = DIRECTION('',(0.,0.,1.));
#633 = ORIENTED_EDGE('',*,*,#634,.F.);
#634 = EDGE_CURVE('',#88,#626,#635,.T.);
#635 = LINE('',#636,#637);
#636 = CARTESIAN_POINT('',(-56.5,18.,35.));
#637 = VECTOR('',#638,1.);
#638 = DIRECTION('',(1.,0.,0.));
#639 = ORIENTED_EDGE('',*,*,#87,.T.);
#640 = ORIENTED_EDGE('',*,*,#634,.T.);
#641 = CYLINDRICAL_SURFACE('',#642,6.);
#642 = AXIS2_PLACEMENT_3D('',#643,#644,#645);
#643 = CARTESIAN_POINT('',(-56.5,18.,29.));
#644 = DIRECTION('',(1.,0.,0.));
#645 = DIRECTION('',(0.,0.,1.));
#646 = ADVANCED_FACE('',(#647),#666,.F.);
#647 = FACE_BOUND('',#648,.F.);
#648 = EDGE_LOOP('',(#649,#658,#664,#665));
#649 = ORIENTED_EDGE('',*,*,#650,.F.);
#650 = EDGE_CURVE('',#651,#651,#653,.T.);
#651 = VERTEX_POINT('',#652);
#652 = CARTESIAN_POINT('',(-53.,2.,32.));
#653 = CIRCLE('',#654,3.);
#654 = AXIS2_PLACEMENT_3D('',#655,#656,#657);
#655 = CARTESIAN_POINT('',(-53.,2.,29.));
#656 = DIRECTION('',(1.,0.,-0.));
#657 = DIRECTION('',(0.,0.,1.));
#658 = ORIENTED_EDGE('',*,*,#659,.F.);
#659 = EDGE_CURVE('',#99,#651,#660,.T.);
#660 = LINE('',#661,#662);
#661 = CARTESIAN_POINT('',(-56.5,2.,32.));
#662 = VECTOR('',#663,1.);
#663 = DIRECTION('',(1.,0.,0.));
#664 = ORIENTED_EDGE('',*,*,#98,.T.);
#665 = ORIENTED_EDGE('',*,*,#659,.T.);
#666 = CYLINDRICAL_SURFACE('',#667,3.);
#667 = AXIS2_PLACEMENT_3D('',#668,#669,#670);
#668 = CARTESIAN_POINT('',(-56.5,2.,29.));
#669 = DIRECTION('',(1.,0.,0.));
#670 = DIRECTION('',(0.,0.,1.));
#671 = ADVANCED_FACE('',(#672),#691,.F.);
#672 = FACE_BOUND('',#673,.F.);
#673 = EDGE_LOOP('',(#674,#683,#689,#690));
#674 = ORIENTED_EDGE('',*,*,#675,.F.);
#675 = EDGE_CURVE('',#676,#676,#678,.T.);
#676 = VERTEX_POINT('',#677);
#677 = CARTESIAN_POINT('',(-53.,-16.,37.1));
#678 = CIRCLE('',#679,8.1);
#679 = AXIS2_PLACEMENT_3D('',#680,#681,#682);
#680 = CARTESIAN_POINT('',(-53.,-16.,29.));
#681 = DIRECTION('',(1.,0.,-0.));
#682 = DIRECTION('',(0.,0.,1.));
#683 = ORIENTED_EDGE('',*,*,#684,.F.);
#684 = EDGE_CURVE('',#110,#676,#685,.T.);
#685 = LINE('',#686,#687);
#686 = CARTESIAN_POINT('',(-56.5,-16.,37.1));
#687 = VECTOR('',#688,1.);
#688 = DIRECTION('',(1.,0.,0.));
#689 = ORIENTED_EDGE('',*,*,#109,.T.);
#690 = ORIENTED_EDGE('',*,*,#684,.T.);
#691 = CYLINDRICAL_SURFACE('',#692,8.1);
#692 = AXIS2_PLACEMENT_3D('',#693,#694,#695);
#693 = CARTESIAN_POINT('',(-56.5,-16.,29.));
#694 = DIRECTION('',(1.,0.,0.));
#695 = DIRECTION('',(0.,0.,1.));
#696 = ADVANCED_FACE('',(#697,#726),#737,.T.);
#697 = FACE_BOUND('',#698,.T.);
#698 = EDGE_LOOP('',(#699,#700,#701,#702,#710,#718,#724,#725));
#699 = ORIENTED_EDGE('',*,*,#135,.F.);
#700 = ORIENTED_EDGE('',*,*,#379,.F.);
#701 = ORIENTED_EDGE('',*,*,#463,.T.);
#702 = ORIENTED_EDGE('',*,*,#703,.T.);
#703 = EDGE_CURVE('',#464,#704,#706,.T.);
#704 = VERTEX_POINT('',#705);
#705 = CARTESIAN_POINT('',(55.5,-14.,3.5));
#706 = LINE('',#707,#708);
#707 = CARTESIAN_POINT('',(55.5,-14.,0.));
#708 = VECTOR('',#709,1.);
#709 = DIRECTION('',(0.,0.,1.));
#710 = ORIENTED_EDGE('',*,*,#711,.T.);
#711 = EDGE_CURVE('',#704,#712,#714,.T.);
#712 = VERTEX_POINT('',#713);
#713 = CARTESIAN_POINT('',(55.5,14.,3.5));
#714 = LINE('',#715,#716);
#715 = CARTESIAN_POINT('',(55.5,-14.,3.5));
#716 = VECTOR('',#717,1.);
#717 = DIRECTION('',(0.,1.,0.));
#718 = ORIENTED_EDGE('',*,*,#719,.F.);
#719 = EDGE_CURVE('',#472,#712,#720,.T.);
#720 = LINE('',#721,#722);
#721 = CARTESIAN_POINT('',(55.5,14.,0.));
#722 = VECTOR('',#723,1.);
#723 = DIRECTION('',(0.,0.,1.));
#724 = ORIENTED_EDGE('',*,*,#479,.T.);
#725 = ORIENTED_EDGE('',*,*,#355,.T.);
#726 = FACE_BOUND('',#727,.T.);
#727 = EDGE_LOOP('',(#728));
#728 = ORIENTED_EDGE('',*,*,#729,.F.);
#729 = EDGE_CURVE('',#730,#730,#732,.T.);
#730 = VERTEX_POINT('',#731);
#731 = CARTESIAN_POINT('',(55.5,6.,32.));
#732 = CIRCLE('',#733,3.5);
#733 = AXIS2_PLACEMENT_3D('',#734,#735,#736);
#734 = CARTESIAN_POINT('',(55.5,6.,28.5));
#735 = DIRECTION('',(1.,0.,-0.));
#736 = DIRECTION('',(0.,0.,1.));
#737 = PLANE('',#738);
#738 = AXIS2_PLACEMENT_3D('',#739,#740,#741);
#739 = CARTESIAN_POINT('',(55.5,-43.,0.));
#740 = DIRECTION('',(1.,0.,0.));
#741 = DIRECTION('',(0.,0.,1.));
#742 = ADVANCED_FACE('',(#743),#768,.F.);
#743 = FACE_BOUND('',#744,.F.);
#744 = EDGE_LOOP('',(#745,#753,#761,#767));
#745 = ORIENTED_EDGE('',*,*,#746,.F.);
#746 = EDGE_CURVE('',#747,#152,#749,.T.);
#747 = VERTEX_POINT('',#748);
#748 = CARTESIAN_POINT('',(53.,-40.5,2.5));
#749 = LINE('',#750,#751);
#750 = CARTESIAN_POINT('',(53.,-40.5,2.5));
#751 = VECTOR('',#752,1.);
#752 = DIRECTION('',(0.,0.,1.));
#753 = ORIENTED_EDGE('',*,*,#754,.T.);
#754 = EDGE_CURVE('',#747,#755,#757,.T.);
#755 = VERTEX_POINT('',#756);
#756 = CARTESIAN_POINT('',(53.,-38.9364916731,2.5));
#757 = LINE('',#758,#759);
#758 = CARTESIAN_POINT('',(53.,-40.5,2.5));
#759 = VECTOR('',#760,1.);
#760 = DIRECTION('',(0.,1.,0.));
#761 = ORIENTED_EDGE('',*,*,#762,.T.);
#762 = EDGE_CURVE('',#755,#154,#763,.T.);
#763 = LINE('',#764,#765);
#764 = CARTESIAN_POINT('',(53.,-38.9364916731,2.5));
#765 = VECTOR('',#766,1.);
#766 = DIRECTION('',(0.,0.,1.));
#767 = ORIENTED_EDGE('',*,*,#151,.F.);
#768 = PLANE('',#769);
#769 = AXIS2_PLACEMENT_3D('',#770,#771,#772);
#770 = CARTESIAN_POINT('',(53.,-40.5,2.5));
#771 = DIRECTION('',(1.,0.,0.));
#772 = DIRECTION('',(0.,0.,1.));
#773 = ADVANCED_FACE('',(#774),#784,.T.);
#774 = FACE_BOUND('',#775,.T.);
#775 = EDGE_LOOP('',(#776,#782,#783));
#776 = ORIENTED_EDGE('',*,*,#777,.F.);
#777 = EDGE_CURVE('',#154,#314,#778,.T.);
#778 = LINE('',#779,#780);
#779 = CARTESIAN_POINT('',(53.,-41.75,38.));
#780 = VECTOR('',#781,1.);
#781 = DIRECTION('',(0.,1.,0.));
#782 = ORIENTED_EDGE('',*,*,#330,.T.);
#783 = ORIENTED_EDGE('',*,*,#321,.T.);
#784 = PLANE('',#785);
#785 = AXIS2_PLACEMENT_3D('',#786,#787,#788);
#786 = CARTESIAN_POINT('',(-55.5,-43.,38.));
#787 = DIRECTION('',(0.,0.,1.));
#788 = DIRECTION('',(1.,0.,0.));
#789 = ADVANCED_FACE('',(#790),#815,.F.);
#790 = FACE_BOUND('',#791,.F.);
#791 = EDGE_LOOP('',(#792,#800,#808,#814));
#792 = ORIENTED_EDGE('',*,*,#793,.F.);
#793 = EDGE_CURVE('',#794,#314,#796,.T.);
#794 = VERTEX_POINT('',#795);
#795 = CARTESIAN_POINT('',(53.,-35.06350832689,2.5));
#796 = LINE('',#797,#798);
#797 = CARTESIAN_POINT('',(53.,-35.06350832689,2.5));
#798 = VECTOR('',#799,1.);
#799 = DIRECTION('',(0.,0.,1.));
#800 = ORIENTED_EDGE('',*,*,#801,.T.);
#801 = EDGE_CURVE('',#794,#802,#804,.T.);
#802 = VERTEX_POINT('',#803);
#803 = CARTESIAN_POINT('',(53.,35.063508326896,2.5));
#804 = LINE('',#805,#806);
#805 = CARTESIAN_POINT('',(53.,-40.5,2.5));
#806 = VECTOR('',#807,1.);
#807 = DIRECTION('',(0.,1.,0.));
#808 = ORIENTED_EDGE('',*,*,#809,.T.);
#809 = EDGE_CURVE('',#802,#305,#810,.T.);
#810 = LINE('',#811,#812);
#811 = CARTESIAN_POINT('',(53.,35.063508326896,2.5));
#812 = VECTOR('',#813,1.);
#813 = DIRECTION('',(0.,0.,1.));
#814 = ORIENTED_EDGE('',*,*,#313,.F.);
#815 = PLANE('',#816);
#816 = AXIS2_PLACEMENT_3D('',#817,#818,#819);
#817 = CARTESIAN_POINT('',(53.,-40.5,2.5));
#818 = DIRECTION('',(1.,0.,0.));
#819 = DIRECTION('',(0.,0.,1.));
#820 = ADVANCED_FACE('',(#821),#831,.T.);
#821 = FACE_BOUND('',#822,.T.);
#822 = EDGE_LOOP('',(#823,#829,#830));
#823 = ORIENTED_EDGE('',*,*,#824,.F.);
#824 = EDGE_CURVE('',#305,#288,#825,.T.);
#825 = LINE('',#826,#827);
#826 = CARTESIAN_POINT('',(53.,-41.75,38.));
#827 = VECTOR('',#828,1.);
#828 = DIRECTION('',(0.,1.,0.));
#829 = ORIENTED_EDGE('',*,*,#304,.T.);
#830 = ORIENTED_EDGE('',*,*,#295,.T.);
#831 = PLANE('',#832);
#832 = AXIS2_PLACEMENT_3D('',#833,#834,#835);
#833 = CARTESIAN_POINT('',(-55.5,-43.,38.));
#834 = DIRECTION('',(0.,0.,1.));
#835 = DIRECTION('',(1.,0.,0.));
#836 = ADVANCED_FACE('',(#837),#862,.F.);
#837 = FACE_BOUND('',#838,.F.);
#838 = EDGE_LOOP('',(#839,#847,#855,#861));
#839 = ORIENTED_EDGE('',*,*,#840,.F.);
#840 = EDGE_CURVE('',#841,#288,#843,.T.);
#841 = VERTEX_POINT('',#842);
#842 = CARTESIAN_POINT('',(53.,38.936491673104,2.5));
#843 = LINE('',#844,#845);
#844 = CARTESIAN_POINT('',(53.,38.936491673104,2.5));
#845 = VECTOR('',#846,1.);
#846 = DIRECTION('',(0.,0.,1.));
#847 = ORIENTED_EDGE('',*,*,#848,.T.);
#848 = EDGE_CURVE('',#841,#849,#851,.T.);
#849 = VERTEX_POINT('',#850);
#850 = CARTESIAN_POINT('',(53.,40.5,2.5));
#851 = LINE('',#852,#853);
#852 = CARTESIAN_POINT('',(53.,-40.5,2.5));
#853 = VECTOR('',#854,1.);
#854 = DIRECTION('',(0.,1.,0.));
#855 = ORIENTED_EDGE('',*,*,#856,.T.);
#856 = EDGE_CURVE('',#849,#280,#857,.T.);
#857 = LINE('',#858,#859);
#858 = CARTESIAN_POINT('',(53.,40.5,2.5));
#859 = VECTOR('',#860,1.);
#860 = DIRECTION('',(0.,0.,1.));
#861 = ORIENTED_EDGE('',*,*,#287,.F.);
#862 = PLANE('',#863);
#863 = AXIS2_PLACEMENT_3D('',#864,#865,#866);
#864 = CARTESIAN_POINT('',(53.,-40.5,2.5));
#865 = DIRECTION('',(1.,0.,0.));
#866 = DIRECTION('',(0.,0.,1.));
#867 = ADVANCED_FACE('',(#868),#886,.F.);
#868 = FACE_BOUND('',#869,.F.);
#869 = EDGE_LOOP('',(#870,#871,#879,#885));
#870 = ORIENTED_EDGE('',*,*,#856,.F.);
#871 = ORIENTED_EDGE('',*,*,#872,.F.);
#872 = EDGE_CURVE('',#873,#849,#875,.T.);
#873 = VERTEX_POINT('',#874);
#874 = CARTESIAN_POINT('',(51.436491673104,40.5,2.5));
#875 = LINE('',#876,#877);
#876 = CARTESIAN_POINT('',(-53.,40.5,2.5));
#877 = VECTOR('',#878,1.);
#878 = DIRECTION('',(1.,0.,0.));
#879 = ORIENTED_EDGE('',*,*,#880,.T.);
#880 = EDGE_CURVE('',#873,#271,#881,.T.);
#881 = LINE('',#882,#883);
#882 = CARTESIAN_POINT('',(51.436491673104,40.5,2.5));
#883 = VECTOR('',#884,1.);
#884 = DIRECTION('',(0.,0.,1.));
#885 = ORIENTED_EDGE('',*,*,#279,.F.);
#886 = PLANE('',#887);
#887 = AXIS2_PLACEMENT_3D('',#888,#889,#890);
#888 = CARTESIAN_POINT('',(-53.,40.5,2.5));
#889 = DIRECTION('',(0.,1.,0.));
#890 = DIRECTION('',(0.,0.,1.));
#891 = ADVANCED_FACE('',(#892),#901,.T.);
#892 = FACE_BOUND('',#893,.T.);
#893 = EDGE_LOOP('',(#894,#900));
#894 = ORIENTED_EDGE('',*,*,#895,.F.);
#895 = EDGE_CURVE('',#271,#263,#896,.T.);
#896 = LINE('',#897,#898);
#897 = CARTESIAN_POINT('',(-54.25,40.5,38.));
#898 = VECTOR('',#899,1.);
#899 = DIRECTION('',(-1.,0.,0.));
#900 = ORIENTED_EDGE('',*,*,#270,.T.);
#901 = PLANE('',#902);
#902 = AXIS2_PLACEMENT_3D('',#903,#904,#905);
#903 = CARTESIAN_POINT('',(-55.5,-43.,38.));
#904 = DIRECTION('',(0.,0.,1.));
#905 = DIRECTION('',(1.,0.,0.));
#906 = ADVANCED_FACE('',(#907),#932,.F.);
#907 = FACE_BOUND('',#908,.F.);
#908 = EDGE_LOOP('',(#909,#917,#925,#931));
#909 = ORIENTED_EDGE('',*,*,#910,.F.);
#910 = EDGE_CURVE('',#911,#263,#913,.T.);
#911 = VERTEX_POINT('',#912);
#912 = CARTESIAN_POINT('',(47.563508326896,40.5,2.5));
#913 = LINE('',#914,#915);
#914 = CARTESIAN_POINT('',(47.563508326896,40.5,2.5));
#915 = VECTOR('',#916,1.);
#916 = DIRECTION('',(0.,0.,1.));
#917 = ORIENTED_EDGE('',*,*,#918,.F.);
#918 = EDGE_CURVE('',#919,#911,#921,.T.);
#919 = VERTEX_POINT('',#920);
#920 = CARTESIAN_POINT('',(-47.56350832689,40.5,2.5));
#921 = LINE('',#922,#923);
#922 = CARTESIAN_POINT('',(-53.,40.5,2.5));
#923 = VECTOR('',#924,1.);
#924 = DIRECTION('',(1.,0.,0.));
#925 = ORIENTED_EDGE('',*,*,#926,.T.);
#926 = EDGE_CURVE('',#919,#254,#927,.T.);
#927 = LINE('',#928,#929);
#928 = CARTESIAN_POINT('',(-47.56350832689,40.5,2.5));
#929 = VECTOR('',#930,1.);
#930 = DIRECTION('',(0.,0.,1.));
#931 = ORIENTED_EDGE('',*,*,#262,.F.);
#932 = PLANE('',#933);
#933 = AXIS2_PLACEMENT_3D('',#934,#935,#936);
#934 = CARTESIAN_POINT('',(-53.,40.5,2.5));
#935 = DIRECTION('',(0.,1.,0.));
#936 = DIRECTION('',(0.,0.,1.));
#937 = ADVANCED_FACE('',(#938),#947,.T.);
#938 = FACE_BOUND('',#939,.T.);
#939 = EDGE_LOOP('',(#940,#946));
#940 = ORIENTED_EDGE('',*,*,#941,.F.);
#941 = EDGE_CURVE('',#254,#246,#942,.T.);
#942 = LINE('',#943,#944);
#943 = CARTESIAN_POINT('',(-54.25,40.5,38.));
#944 = VECTOR('',#945,1.);
#945 = DIRECTION('',(-1.,0.,0.));
#946 = ORIENTED_EDGE('',*,*,#253,.T.);
#947 = PLANE('',#948);
#948 = AXIS2_PLACEMENT_3D('',#949,#950,#951);
#949 = CARTESIAN_POINT('',(-55.5,-43.,38.));
#950 = DIRECTION('',(0.,0.,1.));
#951 = DIRECTION('',(1.,0.,0.));
#952 = ADVANCED_FACE('',(#953),#978,.F.);
#953 = FACE_BOUND('',#954,.F.);
#954 = EDGE_LOOP('',(#955,#963,#971,#977));
#955 = ORIENTED_EDGE('',*,*,#956,.F.);
#956 = EDGE_CURVE('',#957,#246,#959,.T.);
#957 = VERTEX_POINT('',#958);
#958 = CARTESIAN_POINT('',(-51.4364916731,40.5,2.5));
#959 = LINE('',#960,#961);
#960 = CARTESIAN_POINT('',(-51.4364916731,40.5,2.5));
#961 = VECTOR('',#962,1.);
#962 = DIRECTION('',(0.,0.,1.));
#963 = ORIENTED_EDGE('',*,*,#964,.F.);
#964 = EDGE_CURVE('',#965,#957,#967,.T.);
#965 = VERTEX_POINT('',#966);
#966 = CARTESIAN_POINT('',(-53.,40.5,2.5));
#967 = LINE('',#968,#969);
#968 = CARTESIAN_POINT('',(-53.,40.5,2.5));
#969 = VECTOR('',#970,1.);
#970 = DIRECTION('',(1.,0.,0.));
#971 = ORIENTED_EDGE('',*,*,#972,.T.);
#972 = EDGE_CURVE('',#965,#238,#973,.T.);
#973 = LINE('',#974,#975);
#974 = CARTESIAN_POINT('',(-53.,40.5,2.5));
#975 = VECTOR('',#976,1.);
#976 = DIRECTION('',(0.,0.,1.));
#977 = ORIENTED_EDGE('',*,*,#245,.F.);
#978 = PLANE('',#979);
#979 = AXIS2_PLACEMENT_3D('',#980,#981,#982);
#980 = CARTESIAN_POINT('',(-53.,40.5,2.5));
#981 = DIRECTION('',(0.,1.,0.));
#982 = DIRECTION('',(0.,0.,1.));
#983 = ADVANCED_FACE('',(#984),#1002,.T.);
#984 = FACE_BOUND('',#985,.T.);
#985 = EDGE_LOOP('',(#986,#994,#1000,#1001));
#986 = ORIENTED_EDGE('',*,*,#987,.F.);
#987 = EDGE_CURVE('',#988,#229,#990,.T.);
#988 = VERTEX_POINT('',#989);
#989 = CARTESIAN_POINT('',(-53.,38.936491673104,2.5));
#990 = LINE('',#991,#992);
#991 = CARTESIAN_POINT('',(-53.,38.936491673104,2.5));
#992 = VECTOR('',#993,1.);
#993 = DIRECTION('',(0.,0.,1.));
#994 = ORIENTED_EDGE('',*,*,#995,.T.);
#995 = EDGE_CURVE('',#988,#965,#996,.T.);
#996 = LINE('',#997,#998);
#997 = CARTESIAN_POINT('',(-53.,-40.5,2.5));
#998 = VECTOR('',#999,1.);
#999 = DIRECTION('',(0.,1.,0.));
#1000 = ORIENTED_EDGE('',*,*,#972,.T.);
#1001 = ORIENTED_EDGE('',*,*,#237,.F.);
#1002 = PLANE('',#1003);
#1003 = AXIS2_PLACEMENT_3D('',#1004,#1005,#1006);
#1004 = CARTESIAN_POINT('',(-53.,-40.5,2.5));
#1005 = DIRECTION('',(1.,0.,0.));
#1006 = DIRECTION('',(0.,0.,1.));
#1007 = ADVANCED_FACE('',(#1008),#1017,.T.);
#1008 = FACE_BOUND('',#1009,.T.);
#1009 = EDGE_LOOP('',(#1010,#1011));
#1010 = ORIENTED_EDGE('',*,*,#228,.T.);
#1011 = ORIENTED_EDGE('',*,*,#1012,.T.);
#1012 = EDGE_CURVE('',#221,#229,#1013,.T.);
#1013 = LINE('',#1014,#1015);
#1014 = CARTESIAN_POINT('',(-53.,-41.75,38.));
#1015 = VECTOR('',#1016,1.);
#1016 = DIRECTION('',(0.,1.,0.));
#1017 = PLANE('',#1018);
#1018 = AXIS2_PLACEMENT_3D('',#1019,#1020,#1021);
#1019 = CARTESIAN_POINT('',(-55.5,-43.,38.));
#1020 = DIRECTION('',(0.,0.,1.));
#1021 = DIRECTION('',(1.,0.,0.));
#1022 = ADVANCED_FACE('',(#1023,#1048,#1051,#1054),#1057,.T.);
#1023 = FACE_BOUND('',#1024,.T.);
#1024 = EDGE_LOOP('',(#1025,#1033,#1041,#1047));
#1025 = ORIENTED_EDGE('',*,*,#1026,.F.);
#1026 = EDGE_CURVE('',#1027,#212,#1029,.T.);
#1027 = VERTEX_POINT('',#1028);
#1028 = CARTESIAN_POINT('',(-53.,-35.06350832689,2.5));
#1029 = LINE('',#1030,#1031);
#1030 = CARTESIAN_POINT('',(-53.,-35.06350832689,2.5));
#1031 = VECTOR('',#1032,1.);
#1032 = DIRECTION('',(0.,0.,1.));
#1033 = ORIENTED_EDGE('',*,*,#1034,.T.);
#1034 = EDGE_CURVE('',#1027,#1035,#1037,.T.);
#1035 = VERTEX_POINT('',#1036);
#1036 = CARTESIAN_POINT('',(-53.,35.063508326896,2.5));
#1037 = LINE('',#1038,#1039);
#1038 = CARTESIAN_POINT('',(-53.,-40.5,2.5));
#1039 = VECTOR('',#1040,1.);
#1040 = DIRECTION('',(0.,1.,0.));
#1041 = ORIENTED_EDGE('',*,*,#1042,.T.);
#1042 = EDGE_CURVE('',#1035,#221,#1043,.T.);
#1043 = LINE('',#1044,#1045);
#1044 = CARTESIAN_POINT('',(-53.,35.063508326896,2.5));
#1045 = VECTOR('',#1046,1.);
#1046 = DIRECTION('',(0.,0.,1.));
#1047 = ORIENTED_EDGE('',*,*,#220,.F.);
#1048 = FACE_BOUND('',#1049,.T.);
#1049 = EDGE_LOOP('',(#1050));
#1050 = ORIENTED_EDGE('',*,*,#625,.F.);
#1051 = FACE_BOUND('',#1052,.T.);
#1052 = EDGE_LOOP('',(#1053));
#1053 = ORIENTED_EDGE('',*,*,#650,.F.);
#1054 = FACE_BOUND('',#1055,.T.);
#1055 = EDGE_LOOP('',(#1056));
#1056 = ORIENTED_EDGE('',*,*,#675,.F.);
#1057 = PLANE('',#1058);
#1058 = AXIS2_PLACEMENT_3D('',#1059,#1060,#1061);
#1059 = CARTESIAN_POINT('',(-53.,-40.5,2.5));
#1060 = DIRECTION('',(1.,0.,0.));
#1061 = DIRECTION('',(0.,0.,1.));
#1062 = ADVANCED_FACE('',(#1063),#1072,.T.);
#1063 = FACE_BOUND('',#1064,.T.);
#1064 = EDGE_LOOP('',(#1065,#1066));
#1065 = ORIENTED_EDGE('',*,*,#211,.T.);
#1066 = ORIENTED_EDGE('',*,*,#1067,.T.);
#1067 = EDGE_CURVE('',#204,#212,#1068,.T.);
#1068 = LINE('',#1069,#1070);
#1069 = CARTESIAN_POINT('',(-53.,-41.75,38.));
#1070 = VECTOR('',#1071,1.);
#1071 = DIRECTION('',(0.,1.,0.));
#1072 = PLANE('',#1073);
#1073 = AXIS2_PLACEMENT_3D('',#1074,#1075,#1076);
#1074 = CARTESIAN_POINT('',(-55.5,-43.,38.));
#1075 = DIRECTION('',(0.,0.,1.));
#1076 = DIRECTION('',(1.,0.,0.));
#1077 = ADVANCED_FACE('',(#1078),#1103,.T.);
#1078 = FACE_BOUND('',#1079,.T.);
#1079 = EDGE_LOOP('',(#1080,#1088,#1096,#1102));
#1080 = ORIENTED_EDGE('',*,*,#1081,.F.);
#1081 = EDGE_CURVE('',#1082,#196,#1084,.T.);
#1082 = VERTEX_POINT('',#1083);
#1083 = CARTESIAN_POINT('',(-53.,-40.5,2.5));
#1084 = LINE('',#1085,#1086);
#1085 = CARTESIAN_POINT('',(-53.,-40.5,2.5));
#1086 = VECTOR('',#1087,1.);
#1087 = DIRECTION('',(0.,0.,1.));
#1088 = ORIENTED_EDGE('',*,*,#1089,.T.);
#1089 = EDGE_CURVE('',#1082,#1090,#1092,.T.);
#1090 = VERTEX_POINT('',#1091);
#1091 = CARTESIAN_POINT('',(-53.,-38.9364916731,2.5));
#1092 = LINE('',#1093,#1094);
#1093 = CARTESIAN_POINT('',(-53.,-40.5,2.5));
#1094 = VECTOR('',#1095,1.);
#1095 = DIRECTION('',(0.,1.,0.));
#1096 = ORIENTED_EDGE('',*,*,#1097,.T.);
#1097 = EDGE_CURVE('',#1090,#204,#1098,.T.);
#1098 = LINE('',#1099,#1100);
#1099 = CARTESIAN_POINT('',(-53.,-38.9364916731,2.5));
#1100 = VECTOR('',#1101,1.);
#1101 = DIRECTION('',(0.,0.,1.));
#1102 = ORIENTED_EDGE('',*,*,#203,.F.);
#1103 = PLANE('',#1104);
#1104 = AXIS2_PLACEMENT_3D('',#1105,#1106,#1107);
#1105 = CARTESIAN_POINT('',(-53.,-40.5,2.5));
#1106 = DIRECTION('',(1.,0.,0.));
#1107 = DIRECTION('',(0.,0.,1.));
#1108 = ADVANCED_FACE('',(#1109),#1127,.T.);
#1109 = FACE_BOUND('',#1110,.T.);
#1110 = EDGE_LOOP('',(#1111,#1119,#1125,#1126));
#1111 = ORIENTED_EDGE('',*,*,#1112,.F.);
#1112 = EDGE_CURVE('',#1113,#187,#1115,.T.);
#1113 = VERTEX_POINT('',#1114);
#1114 = CARTESIAN_POINT('',(-51.4364916731,-40.5,2.5));
#1115 = LINE('',#1116,#1117);
#1116 = CARTESIAN_POINT('',(-51.4364916731,-40.5,2.5));
#1117 = VECTOR('',#1118,1.);
#1118 = DIRECTION('',(0.,0.,1.));
#1119 = ORIENTED_EDGE('',*,*,#1120,.F.);
#1120 = EDGE_CURVE('',#1082,#1113,#1121,.T.);
#1121 = LINE('',#1122,#1123);
#1122 = CARTESIAN_POINT('',(-53.,-40.5,2.5));
#1123 = VECTOR('',#1124,1.);
#1124 = DIRECTION('',(1.,0.,0.));
#1125 = ORIENTED_EDGE('',*,*,#1081,.T.);
#1126 = ORIENTED_EDGE('',*,*,#195,.F.);
#1127 = PLANE('',#1128);
#1128 = AXIS2_PLACEMENT_3D('',#1129,#1130,#1131);
#1129 = CARTESIAN_POINT('',(-53.,-40.5,2.5));
#1130 = DIRECTION('',(0.,1.,0.));
#1131 = DIRECTION('',(0.,0.,1.));
#1132 = ADVANCED_FACE('',(#1133),#1142,.T.);
#1133 = FACE_BOUND('',#1134,.T.);
#1134 = EDGE_LOOP('',(#1135,#1136));
#1135 = ORIENTED_EDGE('',*,*,#186,.T.);
#1136 = ORIENTED_EDGE('',*,*,#1137,.T.);
#1137 = EDGE_CURVE('',#179,#187,#1138,.T.);
#1138 = LINE('',#1139,#1140);
#1139 = CARTESIAN_POINT('',(-54.25,-40.5,38.));
#1140 = VECTOR('',#1141,1.);
#1141 = DIRECTION('',(-1.,0.,0.));
#1142 = PLANE('',#1143);
#1143 = AXIS2_PLACEMENT_3D('',#1144,#1145,#1146);
#1144 = CARTESIAN_POINT('',(-55.5,-43.,38.));
#1145 = DIRECTION('',(0.,0.,1.));
#1146 = DIRECTION('',(1.,0.,0.));
#1147 = ADVANCED_FACE('',(#1148,#1173,#1207),#1241,.T.);
#1148 = FACE_BOUND('',#1149,.T.);
#1149 = EDGE_LOOP('',(#1150,#1158,#1166,#1172));
#1150 = ORIENTED_EDGE('',*,*,#1151,.F.);
#1151 = EDGE_CURVE('',#1152,#170,#1154,.T.);
#1152 = VERTEX_POINT('',#1153);
#1153 = CARTESIAN_POINT('',(47.563508326896,-40.5,2.5));
#1154 = LINE('',#1155,#1156);
#1155 = CARTESIAN_POINT('',(47.563508326896,-40.5,2.5));
#1156 = VECTOR('',#1157,1.);
#1157 = DIRECTION('',(0.,0.,1.));
#1158 = ORIENTED_EDGE('',*,*,#1159,.F.);
#1159 = EDGE_CURVE('',#1160,#1152,#1162,.T.);
#1160 = VERTEX_POINT('',#1161);
#1161 = CARTESIAN_POINT('',(-47.56350832689,-40.5,2.5));
#1162 = LINE('',#1163,#1164);
#1163 = CARTESIAN_POINT('',(-53.,-40.5,2.5));
#1164 = VECTOR('',#1165,1.);
#1165 = DIRECTION('',(1.,0.,0.));
#1166 = ORIENTED_EDGE('',*,*,#1167,.T.);
#1167 = EDGE_CURVE('',#1160,#179,#1168,.T.);
#1168 = LINE('',#1169,#1170);
#1169 = CARTESIAN_POINT('',(-47.56350832689,-40.5,2.5));
#1170 = VECTOR('',#1171,1.);
#1171 = DIRECTION('',(0.,0.,1.));
#1172 = ORIENTED_EDGE('',*,*,#178,.F.);
#1173 = FACE_BOUND('',#1174,.T.);
#1174 = EDGE_LOOP('',(#1175,#1185,#1193,#1201));
#1175 = ORIENTED_EDGE('',*,*,#1176,.F.);
#1176 = EDGE_CURVE('',#1177,#1179,#1181,.T.);
#1177 = VERTEX_POINT('',#1178);
#1178 = CARTESIAN_POINT('',(-14.,-40.5,31.));
#1179 = VERTEX_POINT('',#1180);
#1180 = CARTESIAN_POINT('',(-4.,-40.5,31.));
#1181 = LINE('',#1182,#1183);
#1182 = CARTESIAN_POINT('',(-33.5,-40.5,31.));
#1183 = VECTOR('',#1184,1.);
#1184 = DIRECTION('',(1.,0.,0.));
#1185 = ORIENTED_EDGE('',*,*,#1186,.T.);
#1186 = EDGE_CURVE('',#1177,#1187,#1189,.T.);
#1187 = VERTEX_POINT('',#1188);
#1188 = CARTESIAN_POINT('',(-14.,-40.5,26.5));
#1189 = LINE('',#1190,#1191);
#1190 = CARTESIAN_POINT('',(-14.,-40.5,14.5));
#1191 = VECTOR('',#1192,1.);
#1192 = DIRECTION('',(0.,0.,-1.));
#1193 = ORIENTED_EDGE('',*,*,#1194,.T.);
#1194 = EDGE_CURVE('',#1187,#1195,#1197,.T.);
#1195 = VERTEX_POINT('',#1196);
#1196 = CARTESIAN_POINT('',(-4.,-40.5,26.5));
#1197 = LINE('',#1198,#1199);
#1198 = CARTESIAN_POINT('',(-33.5,-40.5,26.5));
#1199 = VECTOR('',#1200,1.);
#1200 = DIRECTION('',(1.,0.,0.));
#1201 = ORIENTED_EDGE('',*,*,#1202,.F.);
#1202 = EDGE_CURVE('',#1179,#1195,#1203,.T.);
#1203 = LINE('',#1204,#1205);
#1204 = CARTESIAN_POINT('',(-4.,-40.5,14.5));
#1205 = VECTOR('',#1206,1.);
#1206 = DIRECTION('',(0.,0.,-1.));
#1207 = FACE_BOUND('',#1208,.T.);
#1208 = EDGE_LOOP('',(#1209,#1219,#1227,#1235));
#1209 = ORIENTED_EDGE('',*,*,#1210,.F.);
#1210 = EDGE_CURVE('',#1211,#1213,#1215,.T.);
#1211 = VERTEX_POINT('',#1212);
#1212 = CARTESIAN_POINT('',(17.,-40.5,9.));
#1213 = VERTEX_POINT('',#1214);
#1214 = CARTESIAN_POINT('',(27.,-40.5,9.));
#1215 = LINE('',#1216,#1217);
#1216 = CARTESIAN_POINT('',(-18.,-40.5,9.));
#1217 = VECTOR('',#1218,1.);
#1218 = DIRECTION('',(1.,0.,0.));
#1219 = ORIENTED_EDGE('',*,*,#1220,.T.);
#1220 = EDGE_CURVE('',#1211,#1221,#1223,.T.);
#1221 = VERTEX_POINT('',#1222);
#1222 = CARTESIAN_POINT('',(17.,-40.5,4.5));
#1223 = LINE('',#1224,#1225);
#1224 = CARTESIAN_POINT('',(17.,-40.5,3.5));
#1225 = VECTOR('',#1226,1.);
#1226 = DIRECTION('',(0.,0.,-1.));
#1227 = ORIENTED_EDGE('',*,*,#1228,.T.);
#1228 = EDGE_CURVE('',#1221,#1229,#1231,.T.);
#1229 = VERTEX_POINT('',#1230);
#1230 = CARTESIAN_POINT('',(27.,-40.5,4.5));
#1231 = LINE('',#1232,#1233);
#1232 = CARTESIAN_POINT('',(-18.,-40.5,4.5));
#1233 = VECTOR('',#1234,1.);
#1234 = DIRECTION('',(1.,0.,0.));
#1235 = ORIENTED_EDGE('',*,*,#1236,.F.);
#1236 = EDGE_CURVE('',#1213,#1229,#1237,.T.);
#1237 = LINE('',#1238,#1239);
#1238 = CARTESIAN_POINT('',(27.,-40.5,3.5));
#1239 = VECTOR('',#1240,1.);
#1240 = DIRECTION('',(0.,0.,-1.));
#1241 = PLANE('',#1242);
#1242 = AXIS2_PLACEMENT_3D('',#1243,#1244,#1245);
#1243 = CARTESIAN_POINT('',(-53.,-40.5,2.5));
#1244 = DIRECTION('',(0.,1.,0.));
#1245 = DIRECTION('',(0.,0.,1.));
#1246 = ADVANCED_FACE('',(#1247),#1256,.T.);
#1247 = FACE_BOUND('',#1248,.T.);
#1248 = EDGE_LOOP('',(#1249,#1250));
#1249 = ORIENTED_EDGE('',*,*,#169,.T.);
#1250 = ORIENTED_EDGE('',*,*,#1251,.T.);
#1251 = EDGE_CURVE('',#162,#170,#1252,.T.);
#1252 = LINE('',#1253,#1254);
#1253 = CARTESIAN_POINT('',(-54.25,-40.5,38.));
#1254 = VECTOR('',#1255,1.);
#1255 = DIRECTION('',(-1.,0.,0.));
#1256 = PLANE('',#1257);
#1257 = AXIS2_PLACEMENT_3D('',#1258,#1259,#1260);
#1258 = CARTESIAN_POINT('',(-55.5,-43.,38.));
#1259 = DIRECTION('',(0.,0.,1.));
#1260 = DIRECTION('',(1.,0.,0.));
#1261 = ADVANCED_FACE('',(#1262),#1280,.T.);
#1262 = FACE_BOUND('',#1263,.T.);
#1263 = EDGE_LOOP('',(#1264,#1265,#1273,#1279));
#1264 = ORIENTED_EDGE('',*,*,#746,.F.);
#1265 = ORIENTED_EDGE('',*,*,#1266,.F.);
#1266 = EDGE_CURVE('',#1267,#747,#1269,.T.);
#1267 = VERTEX_POINT('',#1268);
#1268 = CARTESIAN_POINT('',(51.436491673104,-40.5,2.5));
#1269 = LINE('',#1270,#1271);
#1270 = CARTESIAN_POINT('',(-53.,-40.5,2.5));
#1271 = VECTOR('',#1272,1.);
#1272 = DIRECTION('',(1.,0.,0.));
#1273 = ORIENTED_EDGE('',*,*,#1274,.T.);
#1274 = EDGE_CURVE('',#1267,#162,#1275,.T.);
#1275 = LINE('',#1276,#1277);
#1276 = CARTESIAN_POINT('',(51.436491673104,-40.5,2.5));
#1277 = VECTOR('',#1278,1.);
#1278 = DIRECTION('',(0.,0.,1.));
#1279 = ORIENTED_EDGE('',*,*,#161,.F.);
#1280 = PLANE('',#1281);
#1281 = AXIS2_PLACEMENT_3D('',#1282,#1283,#1284);
#1282 = CARTESIAN_POINT('',(-53.,-40.5,2.5));
#1283 = DIRECTION('',(0.,1.,0.));
#1284 = DIRECTION('',(0.,0.,1.));
#1285 = ADVANCED_FACE('',(#1286),#1302,.F.);
#1286 = FACE_BOUND('',#1287,.F.);
#1287 = EDGE_LOOP('',(#1288,#1294,#1295,#1301));
#1288 = ORIENTED_EDGE('',*,*,#1289,.F.);
#1289 = EDGE_CURVE('',#388,#1177,#1290,.T.);
#1290 = LINE('',#1291,#1292);
#1291 = CARTESIAN_POINT('',(-14.,-44.,31.));
#1292 = VECTOR('',#1293,1.);
#1293 = DIRECTION('',(0.,1.,0.));
#1294 = ORIENTED_EDGE('',*,*,#387,.T.);
#1295 = ORIENTED_EDGE('',*,*,#1296,.T.);
#1296 = EDGE_CURVE('',#390,#1179,#1297,.T.);
#1297 = LINE('',#1298,#1299);
#1298 = CARTESIAN_POINT('',(-4.,-44.,31.));
#1299 = VECTOR('',#1300,1.);
#1300 = DIRECTION('',(0.,1.,0.));
#1301 = ORIENTED_EDGE('',*,*,#1176,.F.);
#1302 = PLANE('',#1303);
#1303 = AXIS2_PLACEMENT_3D('',#1304,#1305,#1306);
#1304 = CARTESIAN_POINT('',(-14.,-44.,31.));
#1305 = DIRECTION('',(0.,0.,1.));
#1306 = DIRECTION('',(1.,0.,0.));
#1307 = ADVANCED_FACE('',(#1308),#1319,.F.);
#1308 = FACE_BOUND('',#1309,.F.);
#1309 = EDGE_LOOP('',(#1310,#1311,#1312,#1318));
#1310 = ORIENTED_EDGE('',*,*,#1296,.F.);
#1311 = ORIENTED_EDGE('',*,*,#413,.T.);
#1312 = ORIENTED_EDGE('',*,*,#1313,.T.);
#1313 = EDGE_CURVE('',#406,#1195,#1314,.T.);
#1314 = LINE('',#1315,#1316);
#1315 = CARTESIAN_POINT('',(-4.,-44.,26.5));
#1316 = VECTOR('',#1317,1.);
#1317 = DIRECTION('',(0.,1.,0.));
#1318 = ORIENTED_EDGE('',*,*,#1202,.F.);
#1319 = PLANE('',#1320);
#1320 = AXIS2_PLACEMENT_3D('',#1321,#1322,#1323);
#1321 = CARTESIAN_POINT('',(-4.,-44.,26.5));
#1322 = DIRECTION('',(1.,0.,0.));
#1323 = DIRECTION('',(0.,0.,1.));
#1324 = ADVANCED_FACE('',(#1325),#1336,.T.);
#1325 = FACE_BOUND('',#1326,.T.);
#1326 = EDGE_LOOP('',(#1327,#1333,#1334,#1335));
#1327 = ORIENTED_EDGE('',*,*,#1328,.F.);
#1328 = EDGE_CURVE('',#398,#1187,#1329,.T.);
#1329 = LINE('',#1330,#1331);
#1330 = CARTESIAN_POINT('',(-14.,-44.,26.5));
#1331 = VECTOR('',#1332,1.);
#1332 = DIRECTION('',(0.,1.,0.));
#1333 = ORIENTED_EDGE('',*,*,#405,.T.);
#1334 = ORIENTED_EDGE('',*,*,#1313,.T.);
#1335 = ORIENTED_EDGE('',*,*,#1194,.F.);
#1336 = PLANE('',#1337);
#1337 = AXIS2_PLACEMENT_3D('',#1338,#1339,#1340);
#1338 = CARTESIAN_POINT('',(-14.,-44.,26.5));
#1339 = DIRECTION('',(0.,0.,1.));
#1340 = DIRECTION('',(1.,0.,0.));
#1341 = ADVANCED_FACE('',(#1342),#1348,.T.);
#1342 = FACE_BOUND('',#1343,.T.);
#1343 = EDGE_LOOP('',(#1344,#1345,#1346,#1347));
#1344 = ORIENTED_EDGE('',*,*,#1289,.F.);
#1345 = ORIENTED_EDGE('',*,*,#397,.T.);
#1346 = ORIENTED_EDGE('',*,*,#1328,.T.);
#1347 = ORIENTED_EDGE('',*,*,#1186,.F.);
#1348 = PLANE('',#1349);
#1349 = AXIS2_PLACEMENT_3D('',#1350,#1351,#1352);
#1350 = CARTESIAN_POINT('',(-14.,-44.,26.5));
#1351 = DIRECTION('',(1.,0.,0.));
#1352 = DIRECTION('',(0.,0.,1.));
#1353 = ADVANCED_FACE('',(#1354),#1370,.F.);
#1354 = FACE_BOUND('',#1355,.F.);
#1355 = EDGE_LOOP('',(#1356,#1362,#1363,#1369));
#1356 = ORIENTED_EDGE('',*,*,#1357,.F.);
#1357 = EDGE_CURVE('',#422,#1211,#1358,.T.);
#1358 = LINE('',#1359,#1360);
#1359 = CARTESIAN_POINT('',(17.,-44.,9.));
#1360 = VECTOR('',#1361,1.);
#1361 = DIRECTION('',(0.,1.,0.));
#1362 = ORIENTED_EDGE('',*,*,#421,.T.);
#1363 = ORIENTED_EDGE('',*,*,#1364,.T.);
#1364 = EDGE_CURVE('',#424,#1213,#1365,.T.);
#1365 = LINE('',#1366,#1367);
#1366 = CARTESIAN_POINT('',(27.,-44.,9.));
#1367 = VECTOR('',#1368,1.);
#1368 = DIRECTION('',(0.,1.,0.));
#1369 = ORIENTED_EDGE('',*,*,#1210,.F.);
#1370 = PLANE('',#1371);
#1371 = AXIS2_PLACEMENT_3D('',#1372,#1373,#1374);
#1372 = CARTESIAN_POINT('',(17.,-44.,9.));
#1373 = DIRECTION('',(0.,0.,1.));
#1374 = DIRECTION('',(1.,0.,0.));
#1375 = ADVANCED_FACE('',(#1376),#1387,.T.);
#1376 = FACE_BOUND('',#1377,.T.);
#1377 = EDGE_LOOP('',(#1378,#1379,#1380,#1386));
#1378 = ORIENTED_EDGE('',*,*,#1357,.F.);
#1379 = ORIENTED_EDGE('',*,*,#431,.T.);
#1380 = ORIENTED_EDGE('',*,*,#1381,.T.);
#1381 = EDGE_CURVE('',#432,#1221,#1382,.T.);
#1382 = LINE('',#1383,#1384);
#1383 = CARTESIAN_POINT('',(17.,-44.,4.5));
#1384 = VECTOR('',#1385,1.);
#1385 = DIRECTION('',(0.,1.,0.));
#1386 = ORIENTED_EDGE('',*,*,#1220,.F.);
#1387 = PLANE('',#1388);
#1388 = AXIS2_PLACEMENT_3D('',#1389,#1390,#1391);
#1389 = CARTESIAN_POINT('',(17.,-44.,4.5));
#1390 = DIRECTION('',(1.,0.,0.));
#1391 = DIRECTION('',(0.,0.,1.));
#1392 = ADVANCED_FACE('',(#1393),#1404,.F.);
#1393 = FACE_BOUND('',#1394,.F.);
#1394 = EDGE_LOOP('',(#1395,#1396,#1397,#1403));
#1395 = ORIENTED_EDGE('',*,*,#1364,.F.);
#1396 = ORIENTED_EDGE('',*,*,#447,.T.);
#1397 = ORIENTED_EDGE('',*,*,#1398,.T.);
#1398 = EDGE_CURVE('',#440,#1229,#1399,.T.);
#1399 = LINE('',#1400,#1401);
#1400 = CARTESIAN_POINT('',(27.,-44.,4.5));
#1401 = VECTOR('',#1402,1.);
#1402 = DIRECTION('',(0.,1.,0.));
#1403 = ORIENTED_EDGE('',*,*,#1236,.F.);
#1404 = PLANE('',#1405);
#1405 = AXIS2_PLACEMENT_3D('',#1406,#1407,#1408);
#1406 = CARTESIAN_POINT('',(27.,-44.,4.5));
#1407 = DIRECTION('',(1.,0.,0.));
#1408 = DIRECTION('',(0.,0.,1.));
#1409 = ADVANCED_FACE('',(#1410),#1416,.T.);
#1410 = FACE_BOUND('',#1411,.T.);
#1411 = EDGE_LOOP('',(#1412,#1413,#1414,#1415));
#1412 = ORIENTED_EDGE('',*,*,#1381,.F.);
#1413 = ORIENTED_EDGE('',*,*,#439,.T.);
#1414 = ORIENTED_EDGE('',*,*,#1398,.T.);
#1415 = ORIENTED_EDGE('',*,*,#1228,.F.);
#1416 = PLANE('',#1417);
#1417 = AXIS2_PLACEMENT_3D('',#1418,#1419,#1420);
#1418 = CARTESIAN_POINT('',(17.,-44.,4.5));
#1419 = DIRECTION('',(0.,0.,1.));
#1420 = DIRECTION('',(1.,0.,0.));
#1421 = ADVANCED_FACE('',(#1422,#1433),#1444,.F.);
#1422 = FACE_BOUND('',#1423,.F.);
#1423 = EDGE_LOOP('',(#1424,#1430,#1431,#1432));
#1424 = ORIENTED_EDGE('',*,*,#1425,.F.);
#1425 = EDGE_CURVE('',#567,#536,#1426,.T.);
#1426 = LINE('',#1427,#1428);
#1427 = CARTESIAN_POINT('',(-69.5,-14.,0.));
#1428 = VECTOR('',#1429,1.);
#1429 = DIRECTION('',(0.,1.,0.));
#1430 = ORIENTED_EDGE('',*,*,#566,.T.);
#1431 = ORIENTED_EDGE('',*,*,#487,.T.);
#1432 = ORIENTED_EDGE('',*,*,#535,.F.);
#1433 = FACE_BOUND('',#1434,.F.);
#1434 = EDGE_LOOP('',(#1435));
#1435 = ORIENTED_EDGE('',*,*,#1436,.F.);
#1436 = EDGE_CURVE('',#1437,#1437,#1439,.T.);
#1437 = VERTEX_POINT('',#1438);
#1438 = CARTESIAN_POINT('',(-60.,-6.123233995737E-16,0.));
#1439 = CIRCLE('',#1440,2.5);
#1440 = AXIS2_PLACEMENT_3D('',#1441,#1442,#1443);
#1441 = CARTESIAN_POINT('',(-62.5,0.,0.));
#1442 = DIRECTION('',(0.,0.,1.));
#1443 = DIRECTION('',(1.,0.,0.));
#1444 = PLANE('',#1445);
#1445 = AXIS2_PLACEMENT_3D('',#1446,#1447,#1448);
#1446 = CARTESIAN_POINT('',(-69.5,-14.,0.));
#1447 = DIRECTION('',(0.,0.,1.));
#1448 = DIRECTION('',(1.,0.,0.));
#1449 = ADVANCED_FACE('',(#1450,#1475),#1486,.F.);
#1450 = FACE_BOUND('',#1451,.F.);
#1451 = EDGE_LOOP('',(#1452,#1453,#1461,#1469));
#1452 = ORIENTED_EDGE('',*,*,#471,.F.);
#1453 = ORIENTED_EDGE('',*,*,#1454,.T.);
#1454 = EDGE_CURVE('',#464,#1455,#1457,.T.);
#1455 = VERTEX_POINT('',#1456);
#1456 = CARTESIAN_POINT('',(69.5,-14.,0.));
#1457 = LINE('',#1458,#1459);
#1458 = CARTESIAN_POINT('',(55.5,-14.,0.));
#1459 = VECTOR('',#1460,1.);
#1460 = DIRECTION('',(1.,0.,0.));
#1461 = ORIENTED_EDGE('',*,*,#1462,.T.);
#1462 = EDGE_CURVE('',#1455,#1463,#1465,.T.);
#1463 = VERTEX_POINT('',#1464);
#1464 = CARTESIAN_POINT('',(69.5,14.,0.));
#1465 = LINE('',#1466,#1467);
#1466 = CARTESIAN_POINT('',(69.5,-14.,0.));
#1467 = VECTOR('',#1468,1.);
#1468 = DIRECTION('',(0.,1.,0.));
#1469 = ORIENTED_EDGE('',*,*,#1470,.F.);
#1470 = EDGE_CURVE('',#472,#1463,#1471,.T.);
#1471 = LINE('',#1472,#1473);
#1472 = CARTESIAN_POINT('',(55.5,14.,0.));
#1473 = VECTOR('',#1474,1.);
#1474 = DIRECTION('',(1.,0.,0.));
#1475 = FACE_BOUND('',#1476,.F.);
#1476 = EDGE_LOOP('',(#1477));
#1477 = ORIENTED_EDGE('',*,*,#1478,.F.);
#1478 = EDGE_CURVE('',#1479,#1479,#1481,.T.);
#1479 = VERTEX_POINT('',#1480);
#1480 = CARTESIAN_POINT('',(65.,-6.123233995737E-16,0.));
#1481 = CIRCLE('',#1482,2.5);
#1482 = AXIS2_PLACEMENT_3D('',#1483,#1484,#1485);
#1483 = CARTESIAN_POINT('',(62.5,0.,0.));
#1484 = DIRECTION('',(0.,0.,1.));
#1485 = DIRECTION('',(1.,0.,0.));
#1486 = PLANE('',#1487);
#1487 = AXIS2_PLACEMENT_3D('',#1488,#1489,#1490);
#1488 = CARTESIAN_POINT('',(55.5,-14.,0.));
#1489 = DIRECTION('',(0.,0.,1.));
#1490 = DIRECTION('',(1.,0.,0.));
#1491 = ADVANCED_FACE('',(#1492),#1517,.T.);
#1492 = FACE_BOUND('',#1493,.T.);
#1493 = EDGE_LOOP('',(#1494,#1502,#1503,#1511));
#1494 = ORIENTED_EDGE('',*,*,#1495,.F.);
#1495 = EDGE_CURVE('',#496,#1496,#1498,.T.);
#1496 = VERTEX_POINT('',#1497);
#1497 = CARTESIAN_POINT('',(40.2,-10.2,1.5));
#1498 = LINE('',#1499,#1500);
#1499 = CARTESIAN_POINT('',(40.2,-10.2,-0.5));
#1500 = VECTOR('',#1501,1.);
#1501 = DIRECTION('',(0.,0.,1.));
#1502 = ORIENTED_EDGE('',*,*,#495,.T.);
#1503 = ORIENTED_EDGE('',*,*,#1504,.T.);
#1504 = EDGE_CURVE('',#498,#1505,#1507,.T.);
#1505 = VERTEX_POINT('',#1506);
#1506 = CARTESIAN_POINT('',(-40.2,-10.2,1.5));
#1507 = LINE('',#1508,#1509);
#1508 = CARTESIAN_POINT('',(-40.2,-10.2,-0.5));
#1509 = VECTOR('',#1510,1.);
#1510 = DIRECTION('',(0.,0.,1.));
#1511 = ORIENTED_EDGE('',*,*,#1512,.T.);
#1512 = EDGE_CURVE('',#1505,#1496,#1513,.T.);
#1513 = LINE('',#1514,#1515);
#1514 = CARTESIAN_POINT('',(-40.2,-10.2,1.5));
#1515 = VECTOR('',#1516,1.);
#1516 = DIRECTION('',(1.,0.,0.));
#1517 = PLANE('',#1518);
#1518 = AXIS2_PLACEMENT_3D('',#1519,#1520,#1521);
#1519 = CARTESIAN_POINT('',(-40.2,-10.2,-0.5));
#1520 = DIRECTION('',(0.,1.,0.));
#1521 = DIRECTION('',(0.,0.,1.));
#1522 = ADVANCED_FACE('',(#1523),#1541,.F.);
#1523 = FACE_BOUND('',#1524,.F.);
#1524 = EDGE_LOOP('',(#1525,#1526,#1527,#1535));
#1525 = ORIENTED_EDGE('',*,*,#1495,.F.);
#1526 = ORIENTED_EDGE('',*,*,#521,.T.);
#1527 = ORIENTED_EDGE('',*,*,#1528,.T.);
#1528 = EDGE_CURVE('',#514,#1529,#1531,.T.);
#1529 = VERTEX_POINT('',#1530);
#1530 = CARTESIAN_POINT('',(40.2,34.2,1.5));
#1531 = LINE('',#1532,#1533);
#1532 = CARTESIAN_POINT('',(40.2,34.2,-0.5));
#1533 = VECTOR('',#1534,1.);
#1534 = DIRECTION('',(0.,0.,1.));
#1535 = ORIENTED_EDGE('',*,*,#1536,.F.);
#1536 = EDGE_CURVE('',#1496,#1529,#1537,.T.);
#1537 = LINE('',#1538,#1539);
#1538 = CARTESIAN_POINT('',(40.2,-10.2,1.5));
#1539 = VECTOR('',#1540,1.);
#1540 = DIRECTION('',(0.,1.,0.));
#1541 = PLANE('',#1542);
#1542 = AXIS2_PLACEMENT_3D('',#1543,#1544,#1545);
#1543 = CARTESIAN_POINT('',(40.2,-10.2,-0.5));
#1544 = DIRECTION('',(1.,0.,0.));
#1545 = DIRECTION('',(0.,0.,1.));
#1546 = ADVANCED_FACE('',(#1547),#1565,.F.);
#1547 = FACE_BOUND('',#1548,.F.);
#1548 = EDGE_LOOP('',(#1549,#1550,#1551,#1559));
#1549 = ORIENTED_EDGE('',*,*,#1528,.F.);
#1550 = ORIENTED_EDGE('',*,*,#513,.T.);
#1551 = ORIENTED_EDGE('',*,*,#1552,.T.);
#1552 = EDGE_CURVE('',#506,#1553,#1555,.T.);
#1553 = VERTEX_POINT('',#1554);
#1554 = CARTESIAN_POINT('',(-40.2,34.2,1.5));
#1555 = LINE('',#1556,#1557);
#1556 = CARTESIAN_POINT('',(-40.2,34.2,-0.5));
#1557 = VECTOR('',#1558,1.);
#1558 = DIRECTION('',(0.,0.,1.));
#1559 = ORIENTED_EDGE('',*,*,#1560,.T.);
#1560 = EDGE_CURVE('',#1553,#1529,#1561,.T.);
#1561 = LINE('',#1562,#1563);
#1562 = CARTESIAN_POINT('',(-40.2,34.2,1.5));
#1563 = VECTOR('',#1564,1.);
#1564 = DIRECTION('',(1.,0.,0.));
#1565 = PLANE('',#1566);
#1566 = AXIS2_PLACEMENT_3D('',#1567,#1568,#1569);
#1567 = CARTESIAN_POINT('',(-40.2,34.2,-0.5));
#1568 = DIRECTION('',(0.,1.,0.));
#1569 = DIRECTION('',(0.,0.,1.));
#1570 = ADVANCED_FACE('',(#1571),#1582,.T.);
#1571 = FACE_BOUND('',#1572,.T.);
#1572 = EDGE_LOOP('',(#1573,#1574,#1575,#1576));
#1573 = ORIENTED_EDGE('',*,*,#1504,.F.);
#1574 = ORIENTED_EDGE('',*,*,#505,.T.);
#1575 = ORIENTED_EDGE('',*,*,#1552,.T.);
#1576 = ORIENTED_EDGE('',*,*,#1577,.F.);
#1577 = EDGE_CURVE('',#1505,#1553,#1578,.T.);
#1578 = LINE('',#1579,#1580);
#1579 = CARTESIAN_POINT('',(-40.2,-10.2,1.5));
#1580 = VECTOR('',#1581,1.);
#1581 = DIRECTION('',(0.,1.,0.));
#1582 = PLANE('',#1583);
#1583 = AXIS2_PLACEMENT_3D('',#1584,#1585,#1586);
#1584 = CARTESIAN_POINT('',(-40.2,-10.2,-0.5));
#1585 = DIRECTION('',(1.,0.,0.));
#1586 = DIRECTION('',(0.,0.,1.));
#1587 = ADVANCED_FACE('',(#1588),#1594,.F.);
#1588 = FACE_BOUND('',#1589,.F.);
#1589 = EDGE_LOOP('',(#1590,#1591,#1592,#1593));
#1590 = ORIENTED_EDGE('',*,*,#574,.F.);
#1591 = ORIENTED_EDGE('',*,*,#1425,.T.);
#1592 = ORIENTED_EDGE('',*,*,#543,.T.);
#1593 = ORIENTED_EDGE('',*,*,#597,.F.);
#1594 = PLANE('',#1595);
#1595 = AXIS2_PLACEMENT_3D('',#1596,#1597,#1598);
#1596 = CARTESIAN_POINT('',(-69.5,-14.,0.));
#1597 = DIRECTION('',(1.,0.,0.));
#1598 = DIRECTION('',(0.,0.,1.));
#1599 = ADVANCED_FACE('',(#1600),#1611,.F.);
#1600 = FACE_BOUND('',#1601,.F.);
#1601 = EDGE_LOOP('',(#1602,#1603,#1609,#1610));
#1602 = ORIENTED_EDGE('',*,*,#608,.F.);
#1603 = ORIENTED_EDGE('',*,*,#1604,.F.);
#1604 = EDGE_CURVE('',#1437,#609,#1605,.T.);
#1605 = LINE('',#1606,#1607);
#1606 = CARTESIAN_POINT('',(-60.,-6.123233995737E-16,-0.5));
#1607 = VECTOR('',#1608,1.);
#1608 = DIRECTION('',(0.,0.,1.));
#1609 = ORIENTED_EDGE('',*,*,#1436,.T.);
#1610 = ORIENTED_EDGE('',*,*,#1604,.T.);
#1611 = CYLINDRICAL_SURFACE('',#1612,2.5);
#1612 = AXIS2_PLACEMENT_3D('',#1613,#1614,#1615);
#1613 = CARTESIAN_POINT('',(-62.5,0.,-0.5));
#1614 = DIRECTION('',(0.,0.,1.));
#1615 = DIRECTION('',(1.,0.,0.));
#1616 = ADVANCED_FACE('',(#1617),#1635,.T.);
#1617 = FACE_BOUND('',#1618,.T.);
#1618 = EDGE_LOOP('',(#1619,#1620,#1621,#1629));
#1619 = ORIENTED_EDGE('',*,*,#1470,.F.);
#1620 = ORIENTED_EDGE('',*,*,#719,.T.);
#1621 = ORIENTED_EDGE('',*,*,#1622,.T.);
#1622 = EDGE_CURVE('',#712,#1623,#1625,.T.);
#1623 = VERTEX_POINT('',#1624);
#1624 = CARTESIAN_POINT('',(69.5,14.,3.5));
#1625 = LINE('',#1626,#1627);
#1626 = CARTESIAN_POINT('',(55.5,14.,3.5));
#1627 = VECTOR('',#1628,1.);
#1628 = DIRECTION('',(1.,0.,0.));
#1629 = ORIENTED_EDGE('',*,*,#1630,.F.);
#1630 = EDGE_CURVE('',#1463,#1623,#1631,.T.);
#1631 = LINE('',#1632,#1633);
#1632 = CARTESIAN_POINT('',(69.5,14.,0.));
#1633 = VECTOR('',#1634,1.);
#1634 = DIRECTION('',(0.,0.,1.));
#1635 = PLANE('',#1636);
#1636 = AXIS2_PLACEMENT_3D('',#1637,#1638,#1639);
#1637 = CARTESIAN_POINT('',(55.5,14.,0.));
#1638 = DIRECTION('',(0.,1.,0.));
#1639 = DIRECTION('',(0.,0.,1.));
#1640 = ADVANCED_FACE('',(#1641),#1659,.F.);
#1641 = FACE_BOUND('',#1642,.F.);
#1642 = EDGE_LOOP('',(#1643,#1644,#1645,#1653));
#1643 = ORIENTED_EDGE('',*,*,#1454,.F.);
#1644 = ORIENTED_EDGE('',*,*,#703,.T.);
#1645 = ORIENTED_EDGE('',*,*,#1646,.T.);
#1646 = EDGE_CURVE('',#704,#1647,#1649,.T.);
#1647 = VERTEX_POINT('',#1648);
#1648 = CARTESIAN_POINT('',(69.5,-14.,3.5));
#1649 = LINE('',#1650,#1651);
#1650 = CARTESIAN_POINT('',(55.5,-14.,3.5));
#1651 = VECTOR('',#1652,1.);
#1652 = DIRECTION('',(1.,0.,0.));
#1653 = ORIENTED_EDGE('',*,*,#1654,.F.);
#1654 = EDGE_CURVE('',#1455,#1647,#1655,.T.);
#1655 = LINE('',#1656,#1657);
#1656 = CARTESIAN_POINT('',(69.5,-14.,0.));
#1657 = VECTOR('',#1658,1.);
#1658 = DIRECTION('',(0.,0.,1.));
#1659 = PLANE('',#1660);
#1660 = AXIS2_PLACEMENT_3D('',#1661,#1662,#1663);
#1661 = CARTESIAN_POINT('',(55.5,-14.,0.));
#1662 = DIRECTION('',(0.,1.,0.));
#1663 = DIRECTION('',(0.,0.,1.));
#1664 = ADVANCED_FACE('',(#1665,#1676),#1687,.T.);
#1665 = FACE_BOUND('',#1666,.T.);
#1666 = EDGE_LOOP('',(#1667,#1668,#1669,#1675));
#1667 = ORIENTED_EDGE('',*,*,#711,.F.);
#1668 = ORIENTED_EDGE('',*,*,#1646,.T.);
#1669 = ORIENTED_EDGE('',*,*,#1670,.T.);
#1670 = EDGE_CURVE('',#1647,#1623,#1671,.T.);
#1671 = LINE('',#1672,#1673);
#1672 = CARTESIAN_POINT('',(69.5,-14.,3.5));
#1673 = VECTOR('',#1674,1.);
#1674 = DIRECTION('',(0.,1.,0.));
#1675 = ORIENTED_EDGE('',*,*,#1622,.F.);
#1676 = FACE_BOUND('',#1677,.T.);
#1677 = EDGE_LOOP('',(#1678));
#1678 = ORIENTED_EDGE('',*,*,#1679,.F.);
#1679 = EDGE_CURVE('',#1680,#1680,#1682,.T.);
#1680 = VERTEX_POINT('',#1681);
#1681 = CARTESIAN_POINT('',(65.,-6.123233995737E-16,3.5));
#1682 = CIRCLE('',#1683,2.5);
#1683 = AXIS2_PLACEMENT_3D('',#1684,#1685,#1686);
#1684 = CARTESIAN_POINT('',(62.5,0.,3.5));
#1685 = DIRECTION('',(0.,0.,1.));
#1686 = DIRECTION('',(1.,0.,0.));
#1687 = PLANE('',#1688);
#1688 = AXIS2_PLACEMENT_3D('',#1689,#1690,#1691);
#1689 = CARTESIAN_POINT('',(55.5,-14.,3.5));
#1690 = DIRECTION('',(0.,0.,1.));
#1691 = DIRECTION('',(1.,0.,0.));
#1692 = ADVANCED_FACE('',(#1693),#1712,.F.);
#1693 = FACE_BOUND('',#1694,.F.);
#1694 = EDGE_LOOP('',(#1695,#1696,#1704,#1711));
#1695 = ORIENTED_EDGE('',*,*,#729,.F.);
#1696 = ORIENTED_EDGE('',*,*,#1697,.F.);
#1697 = EDGE_CURVE('',#1698,#730,#1700,.T.);
#1698 = VERTEX_POINT('',#1699);
#1699 = CARTESIAN_POINT('',(54.5,6.,32.));
#1700 = LINE('',#1701,#1702);
#1701 = CARTESIAN_POINT('',(54.5,6.,32.));
#1702 = VECTOR('',#1703,1.);
#1703 = DIRECTION('',(1.,0.,0.));
#1704 = ORIENTED_EDGE('',*,*,#1705,.T.);
#1705 = EDGE_CURVE('',#1698,#1698,#1706,.T.);
#1706 = CIRCLE('',#1707,3.5);
#1707 = AXIS2_PLACEMENT_3D('',#1708,#1709,#1710);
#1708 = CARTESIAN_POINT('',(54.5,6.,28.5));
#1709 = DIRECTION('',(1.,0.,-0.));
#1710 = DIRECTION('',(0.,0.,1.));
#1711 = ORIENTED_EDGE('',*,*,#1697,.T.);
#1712 = CYLINDRICAL_SURFACE('',#1713,3.5);
#1713 = AXIS2_PLACEMENT_3D('',#1714,#1715,#1716);
#1714 = CARTESIAN_POINT('',(54.5,6.,28.5));
#1715 = DIRECTION('',(1.,0.,0.));
#1716 = DIRECTION('',(0.,0.,1.));
#1717 = ADVANCED_FACE('',(#1718),#1736,.T.);
#1718 = FACE_BOUND('',#1719,.T.);
#1719 = EDGE_LOOP('',(#1720,#1721,#1728,#1729));
#1720 = ORIENTED_EDGE('',*,*,#762,.T.);
#1721 = ORIENTED_EDGE('',*,*,#1722,.F.);
#1722 = EDGE_CURVE('',#162,#154,#1723,.T.);
#1723 = CIRCLE('',#1724,4.);
#1724 = AXIS2_PLACEMENT_3D('',#1725,#1726,#1727);
#1725 = CARTESIAN_POINT('',(49.5,-37.,38.));
#1726 = DIRECTION('',(0.,0.,1.));
#1727 = DIRECTION('',(1.,0.,0.));
#1728 = ORIENTED_EDGE('',*,*,#1274,.F.);
#1729 = ORIENTED_EDGE('',*,*,#1730,.T.);
#1730 = EDGE_CURVE('',#1267,#755,#1731,.T.);
#1731 = CIRCLE('',#1732,4.);
#1732 = AXIS2_PLACEMENT_3D('',#1733,#1734,#1735);
#1733 = CARTESIAN_POINT('',(49.5,-37.,2.5));
#1734 = DIRECTION('',(0.,0.,1.));
#1735 = DIRECTION('',(1.,0.,0.));
#1736 = CYLINDRICAL_SURFACE('',#1737,4.);
#1737 = AXIS2_PLACEMENT_3D('',#1738,#1739,#1740);
#1738 = CARTESIAN_POINT('',(49.5,-37.,2.5));
#1739 = DIRECTION('',(0.,0.,1.));
#1740 = DIRECTION('',(1.,0.,0.));
#1741 = ADVANCED_FACE('',(#1742),#1747,.T.);
#1742 = FACE_BOUND('',#1743,.T.);
#1743 = EDGE_LOOP('',(#1744,#1745,#1746));
#1744 = ORIENTED_EDGE('',*,*,#1730,.F.);
#1745 = ORIENTED_EDGE('',*,*,#1266,.T.);
#1746 = ORIENTED_EDGE('',*,*,#754,.T.);
#1747 = PLANE('',#1748);
#1748 = AXIS2_PLACEMENT_3D('',#1749,#1750,#1751);
#1749 = CARTESIAN_POINT('',(-53.,-40.5,2.5));
#1750 = DIRECTION('',(0.,0.,1.));
#1751 = DIRECTION('',(1.,0.,0.));
#1752 = ADVANCED_FACE('',(#1753,#1765),#1776,.T.);
#1753 = FACE_BOUND('',#1754,.T.);
#1754 = EDGE_LOOP('',(#1755,#1756,#1763,#1764));
#1755 = ORIENTED_EDGE('',*,*,#777,.T.);
#1756 = ORIENTED_EDGE('',*,*,#1757,.T.);
#1757 = EDGE_CURVE('',#314,#170,#1758,.T.);
#1758 = CIRCLE('',#1759,4.);
#1759 = AXIS2_PLACEMENT_3D('',#1760,#1761,#1762);
#1760 = CARTESIAN_POINT('',(49.5,-37.,38.));
#1761 = DIRECTION('',(0.,0.,1.));
#1762 = DIRECTION('',(1.,0.,0.));
#1763 = ORIENTED_EDGE('',*,*,#1251,.F.);
#1764 = ORIENTED_EDGE('',*,*,#1722,.T.);
#1765 = FACE_BOUND('',#1766,.T.);
#1766 = EDGE_LOOP('',(#1767));
#1767 = ORIENTED_EDGE('',*,*,#1768,.F.);
#1768 = EDGE_CURVE('',#1769,#1769,#1771,.T.);
#1769 = VERTEX_POINT('',#1770);
#1770 = CARTESIAN_POINT('',(51.6,-37.,38.));
#1771 = CIRCLE('',#1772,2.1);
#1772 = AXIS2_PLACEMENT_3D('',#1773,#1774,#1775);
#1773 = CARTESIAN_POINT('',(49.5,-37.,38.));
#1774 = DIRECTION('',(0.,0.,1.));
#1775 = DIRECTION('',(1.,0.,0.));
#1776 = PLANE('',#1777);
#1777 = AXIS2_PLACEMENT_3D('',#1778,#1779,#1780);
#1778 = CARTESIAN_POINT('',(49.5,-37.,38.));
#1779 = DIRECTION('',(0.,0.,1.));
#1780 = DIRECTION('',(1.,0.,0.));
#1781 = ADVANCED_FACE('',(#1782),#1794,.T.);
#1782 = FACE_BOUND('',#1783,.T.);
#1783 = EDGE_LOOP('',(#1784,#1785,#1786,#1793));
#1784 = ORIENTED_EDGE('',*,*,#1757,.F.);
#1785 = ORIENTED_EDGE('',*,*,#793,.F.);
#1786 = ORIENTED_EDGE('',*,*,#1787,.T.);
#1787 = EDGE_CURVE('',#794,#1152,#1788,.T.);
#1788 = CIRCLE('',#1789,4.);
#1789 = AXIS2_PLACEMENT_3D('',#1790,#1791,#1792);
#1790 = CARTESIAN_POINT('',(49.5,-37.,2.5));
#1791 = DIRECTION('',(0.,0.,1.));
#1792 = DIRECTION('',(1.,0.,0.));
#1793 = ORIENTED_EDGE('',*,*,#1151,.T.);
#1794 = CYLINDRICAL_SURFACE('',#1795,4.);
#1795 = AXIS2_PLACEMENT_3D('',#1796,#1797,#1798);
#1796 = CARTESIAN_POINT('',(49.5,-37.,2.5));
#1797 = DIRECTION('',(0.,0.,1.));
#1798 = DIRECTION('',(1.,0.,0.));
#1799 = ADVANCED_FACE('',(#1800),#1818,.T.);
#1800 = FACE_BOUND('',#1801,.T.);
#1801 = EDGE_LOOP('',(#1802,#1803,#1810,#1811));
#1802 = ORIENTED_EDGE('',*,*,#809,.T.);
#1803 = ORIENTED_EDGE('',*,*,#1804,.F.);
#1804 = EDGE_CURVE('',#263,#305,#1805,.T.);
#1805 = CIRCLE('',#1806,4.);
#1806 = AXIS2_PLACEMENT_3D('',#1807,#1808,#1809);
#1807 = CARTESIAN_POINT('',(49.5,37.,38.));
#1808 = DIRECTION('',(0.,0.,1.));
#1809 = DIRECTION('',(1.,0.,0.));
#1810 = ORIENTED_EDGE('',*,*,#910,.F.);
#1811 = ORIENTED_EDGE('',*,*,#1812,.T.);
#1812 = EDGE_CURVE('',#911,#802,#1813,.T.);
#1813 = CIRCLE('',#1814,4.);
#1814 = AXIS2_PLACEMENT_3D('',#1815,#1816,#1817);
#1815 = CARTESIAN_POINT('',(49.5,37.,2.5));
#1816 = DIRECTION('',(0.,0.,1.));
#1817 = DIRECTION('',(1.,0.,0.));
#1818 = CYLINDRICAL_SURFACE('',#1819,4.);
#1819 = AXIS2_PLACEMENT_3D('',#1820,#1821,#1822);
#1820 = CARTESIAN_POINT('',(49.5,37.,2.5));
#1821 = DIRECTION('',(0.,0.,1.));
#1822 = DIRECTION('',(1.,0.,0.));
#1823 = ADVANCED_FACE('',(#1824,#1864,#1875,#1886),#2001,.T.);
#1824 = FACE_BOUND('',#1825,.T.);
#1825 = EDGE_LOOP('',(#1826,#1827,#1836,#1843,#1844,#1845,#1846,#1847,
    #1848,#1857));
#1826 = ORIENTED_EDGE('',*,*,#1034,.F.);
#1827 = ORIENTED_EDGE('',*,*,#1828,.F.);
#1828 = EDGE_CURVE('',#1829,#1027,#1831,.T.);
#1829 = VERTEX_POINT('',#1830);
#1830 = CARTESIAN_POINT('',(-45.5,-37.,2.5));
#1831 = CIRCLE('',#1832,4.);
#1832 = AXIS2_PLACEMENT_3D('',#1833,#1834,#1835);
#1833 = CARTESIAN_POINT('',(-49.5,-37.,2.5));
#1834 = DIRECTION('',(0.,0.,1.));
#1835 = DIRECTION('',(1.,0.,0.));
#1836 = ORIENTED_EDGE('',*,*,#1837,.F.);
#1837 = EDGE_CURVE('',#1160,#1829,#1838,.T.);
#1838 = CIRCLE('',#1839,4.);
#1839 = AXIS2_PLACEMENT_3D('',#1840,#1841,#1842);
#1840 = CARTESIAN_POINT('',(-49.5,-37.,2.5));
#1841 = DIRECTION('',(0.,0.,1.));
#1842 = DIRECTION('',(1.,0.,0.));
#1843 = ORIENTED_EDGE('',*,*,#1159,.T.);
#1844 = ORIENTED_EDGE('',*,*,#1787,.F.);
#1845 = ORIENTED_EDGE('',*,*,#801,.T.);
#1846 = ORIENTED_EDGE('',*,*,#1812,.F.);
#1847 = ORIENTED_EDGE('',*,*,#918,.F.);
#1848 = ORIENTED_EDGE('',*,*,#1849,.F.);
#1849 = EDGE_CURVE('',#1850,#919,#1852,.T.);
#1850 = VERTEX_POINT('',#1851);
#1851 = CARTESIAN_POINT('',(-45.5,37.,2.5));
#1852 = CIRCLE('',#1853,4.);
#1853 = AXIS2_PLACEMENT_3D('',#1854,#1855,#1856);
#1854 = CARTESIAN_POINT('',(-49.5,37.,2.5));
#1855 = DIRECTION('',(0.,0.,1.));
#1856 = DIRECTION('',(1.,0.,0.));
#1857 = ORIENTED_EDGE('',*,*,#1858,.F.);
#1858 = EDGE_CURVE('',#1035,#1850,#1859,.T.);
#1859 = CIRCLE('',#1860,4.);
#1860 = AXIS2_PLACEMENT_3D('',#1861,#1862,#1863);
#1861 = CARTESIAN_POINT('',(-49.5,37.,2.5));
#1862 = DIRECTION('',(0.,0.,1.));
#1863 = DIRECTION('',(1.,0.,0.));
#1864 = FACE_BOUND('',#1865,.T.);
#1865 = EDGE_LOOP('',(#1866));
#1866 = ORIENTED_EDGE('',*,*,#1867,.F.);
#1867 = EDGE_CURVE('',#1868,#1868,#1870,.T.);
#1868 = VERTEX_POINT('',#1869);
#1869 = CARTESIAN_POINT('',(-37.,-27.5,2.5));
#1870 = CIRCLE('',#1871,3.);
#1871 = AXIS2_PLACEMENT_3D('',#1872,#1873,#1874);
#1872 = CARTESIAN_POINT('',(-40.,-27.5,2.5));
#1873 = DIRECTION('',(0.,0.,1.));
#1874 = DIRECTION('',(1.,0.,0.));
#1875 = FACE_BOUND('',#1876,.T.);
#1876 = EDGE_LOOP('',(#1877));
#1877 = ORIENTED_EDGE('',*,*,#1878,.F.);
#1878 = EDGE_CURVE('',#1879,#1879,#1881,.T.);
#1879 = VERTEX_POINT('',#1880);
#1880 = CARTESIAN_POINT('',(43.,-27.5,2.5));
#1881 = CIRCLE('',#1882,3.);
#1882 = AXIS2_PLACEMENT_3D('',#1883,#1884,#1885);
#1883 = CARTESIAN_POINT('',(40.,-27.5,2.5));
#1884 = DIRECTION('',(0.,0.,1.));
#1885 = DIRECTION('',(1.,0.,0.));
#1886 = FACE_BOUND('',#1887,.T.);
#1887 = EDGE_LOOP('',(#1888,#1899,#1907,#1916,#1925,#1933,#1942,#1951,
    #1960,#1969,#1977,#1986,#1995));
#1888 = ORIENTED_EDGE('',*,*,#1889,.F.);
#1889 = EDGE_CURVE('',#1890,#1892,#1894,.T.);
#1890 = VERTEX_POINT('',#1891);
#1891 = CARTESIAN_POINT('',(-37.,-4.,2.5));
#1892 = VERTEX_POINT('',#1893);
#1893 = CARTESIAN_POINT('',(-35.34168760482,-9.5,2.5));
#1894 = CIRCLE('',#1895,3.);
#1895 = AXIS2_PLACEMENT_3D('',#1896,#1897,#1898);
#1896 = CARTESIAN_POINT('',(-37.,-7.,2.5));
#1897 = DIRECTION('',(0.,0.,1.));
#1898 = DIRECTION('',(1.,0.,0.));
#1899 = ORIENTED_EDGE('',*,*,#1900,.T.);
#1900 = EDGE_CURVE('',#1890,#1901,#1903,.T.);
#1901 = VERTEX_POINT('',#1902);
#1902 = CARTESIAN_POINT('',(-37.,27.5,2.5));
#1903 = LINE('',#1904,#1905);
#1904 = CARTESIAN_POINT('',(-37.,-23.75,2.5));
#1905 = VECTOR('',#1906,1.);
#1906 = DIRECTION('',(0.,1.,0.));
#1907 = ORIENTED_EDGE('',*,*,#1908,.F.);
#1908 = EDGE_CURVE('',#1909,#1901,#1911,.T.);
#1909 = VERTEX_POINT('',#1910);
#1910 = CARTESIAN_POINT('',(-39.9579901557,30.499705847743,2.5));
#1911 = CIRCLE('',#1912,3.);
#1912 = AXIS2_PLACEMENT_3D('',#1913,#1914,#1915);
#1913 = CARTESIAN_POINT('',(-40.,27.5,2.5));
#1914 = DIRECTION('',(0.,0.,1.));
#1915 = DIRECTION('',(1.,0.,0.));
#1916 = ORIENTED_EDGE('',*,*,#1917,.F.);
#1917 = EDGE_CURVE('',#1918,#1909,#1920,.T.);
#1918 = VERTEX_POINT('',#1919);
#1919 = CARTESIAN_POINT('',(-34.,31.,2.5));
#1920 = CIRCLE('',#1921,3.);
#1921 = AXIS2_PLACEMENT_3D('',#1922,#1923,#1924);
#1922 = CARTESIAN_POINT('',(-37.,31.,2.5));
#1923 = DIRECTION('',(0.,0.,1.));
#1924 = DIRECTION('',(1.,0.,0.));
#1925 = ORIENTED_EDGE('',*,*,#1926,.F.);
#1926 = EDGE_CURVE('',#1927,#1918,#1929,.T.);
#1927 = VERTEX_POINT('',#1928);
#1928 = CARTESIAN_POINT('',(34.,31.,2.5));
#1929 = LINE('',#1930,#1931);
#1930 = CARTESIAN_POINT('',(-45.,31.,2.5));
#1931 = VECTOR('',#1932,1.);
#1932 = DIRECTION('',(-1.,0.,0.));
#1933 = ORIENTED_EDGE('',*,*,#1934,.F.);
#1934 = EDGE_CURVE('',#1935,#1927,#1937,.T.);
#1935 = VERTEX_POINT('',#1936);
#1936 = CARTESIAN_POINT('',(40.,31.,2.5));
#1937 = CIRCLE('',#1938,3.);
#1938 = AXIS2_PLACEMENT_3D('',#1939,#1940,#1941);
#1939 = CARTESIAN_POINT('',(37.,31.,2.5));
#1940 = DIRECTION('',(0.,0.,1.));
#1941 = DIRECTION('',(1.,0.,0.));
#1942 = ORIENTED_EDGE('',*,*,#1943,.F.);
#1943 = EDGE_CURVE('',#1944,#1935,#1946,.T.);
#1944 = VERTEX_POINT('',#1945);
#1945 = CARTESIAN_POINT('',(39.9579901557,30.499705847743,2.5));
#1946 = CIRCLE('',#1947,3.);
#1947 = AXIS2_PLACEMENT_3D('',#1948,#1949,#1950);
#1948 = CARTESIAN_POINT('',(37.,31.,2.5));
#1949 = DIRECTION('',(0.,0.,1.));
#1950 = DIRECTION('',(1.,0.,0.));
#1951 = ORIENTED_EDGE('',*,*,#1952,.F.);
#1952 = EDGE_CURVE('',#1953,#1944,#1955,.T.);
#1953 = VERTEX_POINT('',#1954);
#1954 = CARTESIAN_POINT('',(43.,27.5,2.5));
#1955 = CIRCLE('',#1956,3.);
#1956 = AXIS2_PLACEMENT_3D('',#1957,#1958,#1959);
#1957 = CARTESIAN_POINT('',(40.,27.5,2.5));
#1958 = DIRECTION('',(0.,0.,1.));
#1959 = DIRECTION('',(1.,0.,0.));
#1960 = ORIENTED_EDGE('',*,*,#1961,.F.);
#1961 = EDGE_CURVE('',#1962,#1953,#1964,.T.);
#1962 = VERTEX_POINT('',#1963);
#1963 = CARTESIAN_POINT('',(37.,27.5,2.5));
#1964 = CIRCLE('',#1965,3.);
#1965 = AXIS2_PLACEMENT_3D('',#1966,#1967,#1968);
#1966 = CARTESIAN_POINT('',(40.,27.5,2.5));
#1967 = DIRECTION('',(0.,0.,1.));
#1968 = DIRECTION('',(1.,0.,0.));
#1969 = ORIENTED_EDGE('',*,*,#1970,.F.);
#1970 = EDGE_CURVE('',#1971,#1962,#1973,.T.);
#1971 = VERTEX_POINT('',#1972);
#1972 = CARTESIAN_POINT('',(37.,-4.,2.5));
#1973 = LINE('',#1974,#1975);
#1974 = CARTESIAN_POINT('',(37.,-23.75,2.5));
#1975 = VECTOR('',#1976,1.);
#1976 = DIRECTION('',(0.,1.,0.));
#1977 = ORIENTED_EDGE('',*,*,#1978,.F.);
#1978 = EDGE_CURVE('',#1979,#1971,#1981,.T.);
#1979 = VERTEX_POINT('',#1980);
#1980 = CARTESIAN_POINT('',(40.,-7.,2.5));
#1981 = CIRCLE('',#1982,3.);
#1982 = AXIS2_PLACEMENT_3D('',#1983,#1984,#1985);
#1983 = CARTESIAN_POINT('',(37.,-7.,2.5));
#1984 = DIRECTION('',(0.,0.,1.));
#1985 = DIRECTION('',(1.,0.,0.));
#1986 = ORIENTED_EDGE('',*,*,#1987,.F.);
#1987 = EDGE_CURVE('',#1988,#1979,#1990,.T.);
#1988 = VERTEX_POINT('',#1989);
#1989 = CARTESIAN_POINT('',(35.341687604822,-9.5,2.5));
#1990 = CIRCLE('',#1991,3.);
#1991 = AXIS2_PLACEMENT_3D('',#1992,#1993,#1994);
#1992 = CARTESIAN_POINT('',(37.,-7.,2.5));
#1993 = DIRECTION('',(0.,0.,1.));
#1994 = DIRECTION('',(1.,0.,0.));
#1995 = ORIENTED_EDGE('',*,*,#1996,.F.);
#1996 = EDGE_CURVE('',#1892,#1988,#1997,.T.);
#1997 = LINE('',#1998,#1999);
#1998 = CARTESIAN_POINT('',(-38.5,-9.5,2.5));
#1999 = VECTOR('',#2000,1.);
#2000 = DIRECTION('',(1.,0.,0.));
#2001 = PLANE('',#2002);
#2002 = AXIS2_PLACEMENT_3D('',#2003,#2004,#2005);
#2003 = CARTESIAN_POINT('',(-53.,-40.5,2.5));
#2004 = DIRECTION('',(0.,0.,1.));
#2005 = DIRECTION('',(1.,0.,0.));
#2006 = ADVANCED_FACE('',(#2007,#2019),#2030,.T.);
#2007 = FACE_BOUND('',#2008,.T.);
#2008 = EDGE_LOOP('',(#2009,#2010,#2017,#2018));
#2009 = ORIENTED_EDGE('',*,*,#824,.T.);
#2010 = ORIENTED_EDGE('',*,*,#2011,.T.);
#2011 = EDGE_CURVE('',#288,#271,#2012,.T.);
#2012 = CIRCLE('',#2013,4.);
#2013 = AXIS2_PLACEMENT_3D('',#2014,#2015,#2016);
#2014 = CARTESIAN_POINT('',(49.5,37.,38.));
#2015 = DIRECTION('',(0.,0.,1.));
#2016 = DIRECTION('',(1.,0.,0.));
#2017 = ORIENTED_EDGE('',*,*,#895,.T.);
#2018 = ORIENTED_EDGE('',*,*,#1804,.T.);
#2019 = FACE_BOUND('',#2020,.T.);
#2020 = EDGE_LOOP('',(#2021));
#2021 = ORIENTED_EDGE('',*,*,#2022,.F.);
#2022 = EDGE_CURVE('',#2023,#2023,#2025,.T.);
#2023 = VERTEX_POINT('',#2024);
#2024 = CARTESIAN_POINT('',(51.6,37.,38.));
#2025 = CIRCLE('',#2026,2.1);
#2026 = AXIS2_PLACEMENT_3D('',#2027,#2028,#2029);
#2027 = CARTESIAN_POINT('',(49.5,37.,38.));
#2028 = DIRECTION('',(0.,0.,1.));
#2029 = DIRECTION('',(1.,0.,0.));
#2030 = PLANE('',#2031);
#2031 = AXIS2_PLACEMENT_3D('',#2032,#2033,#2034);
#2032 = CARTESIAN_POINT('',(49.5,37.,38.));
#2033 = DIRECTION('',(0.,0.,1.));
#2034 = DIRECTION('',(1.,0.,0.));
#2035 = ADVANCED_FACE('',(#2036),#2048,.T.);
#2036 = FACE_BOUND('',#2037,.T.);
#2037 = EDGE_LOOP('',(#2038,#2039,#2040,#2047));
#2038 = ORIENTED_EDGE('',*,*,#2011,.F.);
#2039 = ORIENTED_EDGE('',*,*,#840,.F.);
#2040 = ORIENTED_EDGE('',*,*,#2041,.T.);
#2041 = EDGE_CURVE('',#841,#873,#2042,.T.);
#2042 = CIRCLE('',#2043,4.);
#2043 = AXIS2_PLACEMENT_3D('',#2044,#2045,#2046);
#2044 = CARTESIAN_POINT('',(49.5,37.,2.5));
#2045 = DIRECTION('',(0.,0.,1.));
#2046 = DIRECTION('',(1.,0.,0.));
#2047 = ORIENTED_EDGE('',*,*,#880,.T.);
#2048 = CYLINDRICAL_SURFACE('',#2049,4.);
#2049 = AXIS2_PLACEMENT_3D('',#2050,#2051,#2052);
#2050 = CARTESIAN_POINT('',(49.5,37.,2.5));
#2051 = DIRECTION('',(0.,0.,1.));
#2052 = DIRECTION('',(1.,0.,0.));
#2053 = ADVANCED_FACE('',(#2054),#2059,.T.);
#2054 = FACE_BOUND('',#2055,.T.);
#2055 = EDGE_LOOP('',(#2056,#2057,#2058));
#2056 = ORIENTED_EDGE('',*,*,#2041,.F.);
#2057 = ORIENTED_EDGE('',*,*,#848,.T.);
#2058 = ORIENTED_EDGE('',*,*,#872,.F.);
#2059 = PLANE('',#2060);
#2060 = AXIS2_PLACEMENT_3D('',#2061,#2062,#2063);
#2061 = CARTESIAN_POINT('',(-53.,-40.5,2.5));
#2062 = DIRECTION('',(0.,0.,1.));
#2063 = DIRECTION('',(1.,0.,0.));
#2064 = ADVANCED_FACE('',(#2065),#2084,.T.);
#2065 = FACE_BOUND('',#2066,.T.);
#2066 = EDGE_LOOP('',(#2067,#2076,#2082,#2083));
#2067 = ORIENTED_EDGE('',*,*,#2068,.F.);
#2068 = EDGE_CURVE('',#2069,#254,#2071,.T.);
#2069 = VERTEX_POINT('',#2070);
#2070 = CARTESIAN_POINT('',(-45.5,37.,38.));
#2071 = CIRCLE('',#2072,4.);
#2072 = AXIS2_PLACEMENT_3D('',#2073,#2074,#2075);
#2073 = CARTESIAN_POINT('',(-49.5,37.,38.));
#2074 = DIRECTION('',(0.,0.,1.));
#2075 = DIRECTION('',(1.,0.,0.));
#2076 = ORIENTED_EDGE('',*,*,#2077,.F.);
#2077 = EDGE_CURVE('',#1850,#2069,#2078,.T.);
#2078 = LINE('',#2079,#2080);
#2079 = CARTESIAN_POINT('',(-45.5,37.,2.5));
#2080 = VECTOR('',#2081,1.);
#2081 = DIRECTION('',(0.,0.,1.));
#2082 = ORIENTED_EDGE('',*,*,#1849,.T.);
#2083 = ORIENTED_EDGE('',*,*,#926,.T.);
#2084 = CYLINDRICAL_SURFACE('',#2085,4.);
#2085 = AXIS2_PLACEMENT_3D('',#2086,#2087,#2088);
#2086 = CARTESIAN_POINT('',(-49.5,37.,2.5));
#2087 = DIRECTION('',(0.,0.,1.));
#2088 = DIRECTION('',(1.,0.,0.));
#2089 = ADVANCED_FACE('',(#2090,#2109),#2120,.T.);
#2090 = FACE_BOUND('',#2091,.T.);
#2091 = EDGE_LOOP('',(#2092,#2099,#2100,#2101,#2108));
#2092 = ORIENTED_EDGE('',*,*,#2093,.T.);
#2093 = EDGE_CURVE('',#221,#2069,#2094,.T.);
#2094 = CIRCLE('',#2095,4.);
#2095 = AXIS2_PLACEMENT_3D('',#2096,#2097,#2098);
#2096 = CARTESIAN_POINT('',(-49.5,37.,38.));
#2097 = DIRECTION('',(0.,0.,1.));
#2098 = DIRECTION('',(1.,0.,0.));
#2099 = ORIENTED_EDGE('',*,*,#2068,.T.);
#2100 = ORIENTED_EDGE('',*,*,#941,.T.);
#2101 = ORIENTED_EDGE('',*,*,#2102,.T.);
#2102 = EDGE_CURVE('',#246,#229,#2103,.T.);
#2103 = CIRCLE('',#2104,4.);
#2104 = AXIS2_PLACEMENT_3D('',#2105,#2106,#2107);
#2105 = CARTESIAN_POINT('',(-49.5,37.,38.));
#2106 = DIRECTION('',(0.,0.,1.));
#2107 = DIRECTION('',(1.,0.,0.));
#2108 = ORIENTED_EDGE('',*,*,#1012,.F.);
#2109 = FACE_BOUND('',#2110,.T.);
#2110 = EDGE_LOOP('',(#2111));
#2111 = ORIENTED_EDGE('',*,*,#2112,.F.);
#2112 = EDGE_CURVE('',#2113,#2113,#2115,.T.);
#2113 = VERTEX_POINT('',#2114);
#2114 = CARTESIAN_POINT('',(-47.4,37.,38.));
#2115 = CIRCLE('',#2116,2.1);
#2116 = AXIS2_PLACEMENT_3D('',#2117,#2118,#2119);
#2117 = CARTESIAN_POINT('',(-49.5,37.,38.));
#2118 = DIRECTION('',(0.,0.,1.));
#2119 = DIRECTION('',(1.,0.,0.));
#2120 = PLANE('',#2121);
#2121 = AXIS2_PLACEMENT_3D('',#2122,#2123,#2124);
#2122 = CARTESIAN_POINT('',(-49.5,37.,38.));
#2123 = DIRECTION('',(0.,0.,1.));
#2124 = DIRECTION('',(1.,0.,0.));
#2125 = ADVANCED_FACE('',(#2126),#2138,.T.);
#2126 = FACE_BOUND('',#2127,.T.);
#2127 = EDGE_LOOP('',(#2128,#2129,#2130,#2137));
#2128 = ORIENTED_EDGE('',*,*,#2102,.F.);
#2129 = ORIENTED_EDGE('',*,*,#956,.F.);
#2130 = ORIENTED_EDGE('',*,*,#2131,.T.);
#2131 = EDGE_CURVE('',#957,#988,#2132,.T.);
#2132 = CIRCLE('',#2133,4.);
#2133 = AXIS2_PLACEMENT_3D('',#2134,#2135,#2136);
#2134 = CARTESIAN_POINT('',(-49.5,37.,2.5));
#2135 = DIRECTION('',(0.,0.,1.));
#2136 = DIRECTION('',(1.,0.,0.));
#2137 = ORIENTED_EDGE('',*,*,#987,.T.);
#2138 = CYLINDRICAL_SURFACE('',#2139,4.);
#2139 = AXIS2_PLACEMENT_3D('',#2140,#2141,#2142);
#2140 = CARTESIAN_POINT('',(-49.5,37.,2.5));
#2141 = DIRECTION('',(0.,0.,1.));
#2142 = DIRECTION('',(1.,0.,0.));
#2143 = ADVANCED_FACE('',(#2144),#2149,.T.);
#2144 = FACE_BOUND('',#2145,.T.);
#2145 = EDGE_LOOP('',(#2146,#2147,#2148));
#2146 = ORIENTED_EDGE('',*,*,#995,.F.);
#2147 = ORIENTED_EDGE('',*,*,#2131,.F.);
#2148 = ORIENTED_EDGE('',*,*,#964,.F.);
#2149 = PLANE('',#2150);
#2150 = AXIS2_PLACEMENT_3D('',#2151,#2152,#2153);
#2151 = CARTESIAN_POINT('',(-53.,-40.5,2.5));
#2152 = DIRECTION('',(0.,0.,1.));
#2153 = DIRECTION('',(1.,0.,0.));
#2154 = ADVANCED_FACE('',(#2155),#2174,.T.);
#2155 = FACE_BOUND('',#2156,.T.);
#2156 = EDGE_LOOP('',(#2157,#2166,#2172,#2173));
#2157 = ORIENTED_EDGE('',*,*,#2158,.F.);
#2158 = EDGE_CURVE('',#2159,#212,#2161,.T.);
#2159 = VERTEX_POINT('',#2160);
#2160 = CARTESIAN_POINT('',(-45.5,-37.,38.));
#2161 = CIRCLE('',#2162,4.);
#2162 = AXIS2_PLACEMENT_3D('',#2163,#2164,#2165);
#2163 = CARTESIAN_POINT('',(-49.5,-37.,38.));
#2164 = DIRECTION('',(0.,0.,1.));
#2165 = DIRECTION('',(1.,0.,0.));
#2166 = ORIENTED_EDGE('',*,*,#2167,.F.);
#2167 = EDGE_CURVE('',#1829,#2159,#2168,.T.);
#2168 = LINE('',#2169,#2170);
#2169 = CARTESIAN_POINT('',(-45.5,-37.,2.5));
#2170 = VECTOR('',#2171,1.);
#2171 = DIRECTION('',(0.,0.,1.));
#2172 = ORIENTED_EDGE('',*,*,#1828,.T.);
#2173 = ORIENTED_EDGE('',*,*,#1026,.T.);
#2174 = CYLINDRICAL_SURFACE('',#2175,4.);
#2175 = AXIS2_PLACEMENT_3D('',#2176,#2177,#2178);
#2176 = CARTESIAN_POINT('',(-49.5,-37.,2.5));
#2177 = DIRECTION('',(0.,0.,1.));
#2178 = DIRECTION('',(1.,0.,0.));
#2179 = ADVANCED_FACE('',(#2180),#2186,.T.);
#2180 = FACE_BOUND('',#2181,.T.);
#2181 = EDGE_LOOP('',(#2182,#2183,#2184,#2185));
#2182 = ORIENTED_EDGE('',*,*,#2077,.T.);
#2183 = ORIENTED_EDGE('',*,*,#2093,.F.);
#2184 = ORIENTED_EDGE('',*,*,#1042,.F.);
#2185 = ORIENTED_EDGE('',*,*,#1858,.T.);
#2186 = CYLINDRICAL_SURFACE('',#2187,4.);
#2187 = AXIS2_PLACEMENT_3D('',#2188,#2189,#2190);
#2188 = CARTESIAN_POINT('',(-49.5,37.,2.5));
#2189 = DIRECTION('',(0.,0.,1.));
#2190 = DIRECTION('',(1.,0.,0.));
#2191 = ADVANCED_FACE('',(#2192,#2211),#2222,.T.);
#2192 = FACE_BOUND('',#2193,.T.);
#2193 = EDGE_LOOP('',(#2194,#2201,#2202,#2203,#2210));
#2194 = ORIENTED_EDGE('',*,*,#2195,.T.);
#2195 = EDGE_CURVE('',#179,#2159,#2196,.T.);
#2196 = CIRCLE('',#2197,4.);
#2197 = AXIS2_PLACEMENT_3D('',#2198,#2199,#2200);
#2198 = CARTESIAN_POINT('',(-49.5,-37.,38.));
#2199 = DIRECTION('',(0.,0.,1.));
#2200 = DIRECTION('',(1.,0.,0.));
#2201 = ORIENTED_EDGE('',*,*,#2158,.T.);
#2202 = ORIENTED_EDGE('',*,*,#1067,.F.);
#2203 = ORIENTED_EDGE('',*,*,#2204,.T.);
#2204 = EDGE_CURVE('',#204,#187,#2205,.T.);
#2205 = CIRCLE('',#2206,4.);
#2206 = AXIS2_PLACEMENT_3D('',#2207,#2208,#2209);
#2207 = CARTESIAN_POINT('',(-49.5,-37.,38.));
#2208 = DIRECTION('',(0.,0.,1.));
#2209 = DIRECTION('',(1.,0.,0.));
#2210 = ORIENTED_EDGE('',*,*,#1137,.F.);
#2211 = FACE_BOUND('',#2212,.T.);
#2212 = EDGE_LOOP('',(#2213));
#2213 = ORIENTED_EDGE('',*,*,#2214,.F.);
#2214 = EDGE_CURVE('',#2215,#2215,#2217,.T.);
#2215 = VERTEX_POINT('',#2216);
#2216 = CARTESIAN_POINT('',(-47.4,-37.,38.));
#2217 = CIRCLE('',#2218,2.1);
#2218 = AXIS2_PLACEMENT_3D('',#2219,#2220,#2221);
#2219 = CARTESIAN_POINT('',(-49.5,-37.,38.));
#2220 = DIRECTION('',(0.,0.,1.));
#2221 = DIRECTION('',(1.,0.,0.));
#2222 = PLANE('',#2223);
#2223 = AXIS2_PLACEMENT_3D('',#2224,#2225,#2226);
#2224 = CARTESIAN_POINT('',(-49.5,-37.,38.));
#2225 = DIRECTION('',(0.,0.,1.));
#2226 = DIRECTION('',(1.,0.,0.));
#2227 = ADVANCED_FACE('',(#2228),#2240,.T.);
#2228 = FACE_BOUND('',#2229,.T.);
#2229 = EDGE_LOOP('',(#2230,#2231,#2232,#2239));
#2230 = ORIENTED_EDGE('',*,*,#2204,.F.);
#2231 = ORIENTED_EDGE('',*,*,#1097,.F.);
#2232 = ORIENTED_EDGE('',*,*,#2233,.T.);
#2233 = EDGE_CURVE('',#1090,#1113,#2234,.T.);
#2234 = CIRCLE('',#2235,4.);
#2235 = AXIS2_PLACEMENT_3D('',#2236,#2237,#2238);
#2236 = CARTESIAN_POINT('',(-49.5,-37.,2.5));
#2237 = DIRECTION('',(0.,0.,1.));
#2238 = DIRECTION('',(1.,0.,0.));
#2239 = ORIENTED_EDGE('',*,*,#1112,.T.);
#2240 = CYLINDRICAL_SURFACE('',#2241,4.);
#2241 = AXIS2_PLACEMENT_3D('',#2242,#2243,#2244);
#2242 = CARTESIAN_POINT('',(-49.5,-37.,2.5));
#2243 = DIRECTION('',(0.,0.,1.));
#2244 = DIRECTION('',(1.,0.,0.));
#2245 = ADVANCED_FACE('',(#2246),#2251,.T.);
#2246 = FACE_BOUND('',#2247,.T.);
#2247 = EDGE_LOOP('',(#2248,#2249,#2250));
#2248 = ORIENTED_EDGE('',*,*,#1089,.F.);
#2249 = ORIENTED_EDGE('',*,*,#1120,.T.);
#2250 = ORIENTED_EDGE('',*,*,#2233,.F.);
#2251 = PLANE('',#2252);
#2252 = AXIS2_PLACEMENT_3D('',#2253,#2254,#2255);
#2253 = CARTESIAN_POINT('',(-53.,-40.5,2.5));
#2254 = DIRECTION('',(0.,0.,1.));
#2255 = DIRECTION('',(1.,0.,0.));
#2256 = ADVANCED_FACE('',(#2257),#2263,.T.);
#2257 = FACE_BOUND('',#2258,.T.);
#2258 = EDGE_LOOP('',(#2259,#2260,#2261,#2262));
#2259 = ORIENTED_EDGE('',*,*,#2167,.T.);
#2260 = ORIENTED_EDGE('',*,*,#2195,.F.);
#2261 = ORIENTED_EDGE('',*,*,#1167,.F.);
#2262 = ORIENTED_EDGE('',*,*,#1837,.T.);
#2263 = CYLINDRICAL_SURFACE('',#2264,4.);
#2264 = AXIS2_PLACEMENT_3D('',#2265,#2266,#2267);
#2265 = CARTESIAN_POINT('',(-49.5,-37.,2.5));
#2266 = DIRECTION('',(0.,0.,1.));
#2267 = DIRECTION('',(1.,0.,0.));
#2268 = ADVANCED_FACE('',(#2269),#2275,.T.);
#2269 = FACE_BOUND('',#2270,.T.);
#2270 = EDGE_LOOP('',(#2271,#2272,#2273,#2274));
#2271 = ORIENTED_EDGE('',*,*,#1654,.F.);
#2272 = ORIENTED_EDGE('',*,*,#1462,.T.);
#2273 = ORIENTED_EDGE('',*,*,#1630,.T.);
#2274 = ORIENTED_EDGE('',*,*,#1670,.F.);
#2275 = PLANE('',#2276);
#2276 = AXIS2_PLACEMENT_3D('',#2277,#2278,#2279);
#2277 = CARTESIAN_POINT('',(69.5,-14.,0.));
#2278 = DIRECTION('',(1.,0.,0.));
#2279 = DIRECTION('',(0.,0.,1.));
#2280 = ADVANCED_FACE('',(#2281),#2292,.F.);
#2281 = FACE_BOUND('',#2282,.F.);
#2282 = EDGE_LOOP('',(#2283,#2284,#2290,#2291));
#2283 = ORIENTED_EDGE('',*,*,#1679,.F.);
#2284 = ORIENTED_EDGE('',*,*,#2285,.F.);
#2285 = EDGE_CURVE('',#1479,#1680,#2286,.T.);
#2286 = LINE('',#2287,#2288);
#2287 = CARTESIAN_POINT('',(65.,-6.123233995737E-16,-0.5));
#2288 = VECTOR('',#2289,1.);
#2289 = DIRECTION('',(0.,0.,1.));
#2290 = ORIENTED_EDGE('',*,*,#1478,.T.);
#2291 = ORIENTED_EDGE('',*,*,#2285,.T.);
#2292 = CYLINDRICAL_SURFACE('',#2293,2.5);
#2293 = AXIS2_PLACEMENT_3D('',#2294,#2295,#2296);
#2294 = CARTESIAN_POINT('',(62.5,0.,-0.5));
#2295 = DIRECTION('',(0.,0.,1.));
#2296 = DIRECTION('',(1.,0.,0.));
#2297 = ADVANCED_FACE('',(#2298,#2304),#2338,.F.);
#2298 = FACE_BOUND('',#2299,.F.);
#2299 = EDGE_LOOP('',(#2300,#2301,#2302,#2303));
#2300 = ORIENTED_EDGE('',*,*,#1577,.F.);
#2301 = ORIENTED_EDGE('',*,*,#1512,.T.);
#2302 = ORIENTED_EDGE('',*,*,#1536,.T.);
#2303 = ORIENTED_EDGE('',*,*,#1560,.F.);
#2304 = FACE_BOUND('',#2305,.F.);
#2305 = EDGE_LOOP('',(#2306,#2316,#2324,#2332));
#2306 = ORIENTED_EDGE('',*,*,#2307,.F.);
#2307 = EDGE_CURVE('',#2308,#2310,#2312,.T.);
#2308 = VERTEX_POINT('',#2309);
#2309 = CARTESIAN_POINT('',(-37.,-7.,1.5));
#2310 = VERTEX_POINT('',#2311);
#2311 = CARTESIAN_POINT('',(37.,-7.,1.5));
#2312 = LINE('',#2313,#2314);
#2313 = CARTESIAN_POINT('',(-38.6,-7.,1.5));
#2314 = VECTOR('',#2315,1.);
#2315 = DIRECTION('',(1.,0.,0.));
#2316 = ORIENTED_EDGE('',*,*,#2317,.F.);
#2317 = EDGE_CURVE('',#2318,#2308,#2320,.T.);
#2318 = VERTEX_POINT('',#2319);
#2319 = CARTESIAN_POINT('',(-37.,31.,1.5));
#2320 = LINE('',#2321,#2322);
#2321 = CARTESIAN_POINT('',(-37.,-8.6,1.5));
#2322 = VECTOR('',#2323,1.);
#2323 = DIRECTION('',(0.,-1.,0.));
#2324 = ORIENTED_EDGE('',*,*,#2325,.T.);
#2325 = EDGE_CURVE('',#2318,#2326,#2328,.T.);
#2326 = VERTEX_POINT('',#2327);
#2327 = CARTESIAN_POINT('',(37.,31.,1.5));
#2328 = LINE('',#2329,#2330);
#2329 = CARTESIAN_POINT('',(-38.6,31.,1.5));
#2330 = VECTOR('',#2331,1.);
#2331 = DIRECTION('',(1.,0.,0.));
#2332 = ORIENTED_EDGE('',*,*,#2333,.T.);
#2333 = EDGE_CURVE('',#2326,#2310,#2334,.T.);
#2334 = LINE('',#2335,#2336);
#2335 = CARTESIAN_POINT('',(37.,-8.6,1.5));
#2336 = VECTOR('',#2337,1.);
#2337 = DIRECTION('',(0.,-1.,0.));
#2338 = PLANE('',#2339);
#2339 = AXIS2_PLACEMENT_3D('',#2340,#2341,#2342);
#2340 = CARTESIAN_POINT('',(-40.2,-10.2,1.5));
#2341 = DIRECTION('',(0.,0.,1.));
#2342 = DIRECTION('',(1.,0.,0.));
#2343 = ADVANCED_FACE('',(#2344),#2347,.T.);
#2344 = FACE_BOUND('',#2345,.F.);
#2345 = EDGE_LOOP('',(#2346));
#2346 = ORIENTED_EDGE('',*,*,#1705,.F.);
#2347 = PLANE('',#2348);
#2348 = AXIS2_PLACEMENT_3D('',#2349,#2350,#2351);
#2349 = CARTESIAN_POINT('',(54.5,6.,28.5));
#2350 = DIRECTION('',(1.,0.,0.));
#2351 = DIRECTION('',(0.,0.,1.));
#2352 = ADVANCED_FACE('',(#2353),#2372,.F.);
#2353 = FACE_BOUND('',#2354,.F.);
#2354 = EDGE_LOOP('',(#2355,#2356,#2364,#2371));
#2355 = ORIENTED_EDGE('',*,*,#1768,.F.);
#2356 = ORIENTED_EDGE('',*,*,#2357,.F.);
#2357 = EDGE_CURVE('',#2358,#1769,#2360,.T.);
#2358 = VERTEX_POINT('',#2359);
#2359 = CARTESIAN_POINT('',(51.6,-37.,32.));
#2360 = LINE('',#2361,#2362);
#2361 = CARTESIAN_POINT('',(51.6,-37.,32.));
#2362 = VECTOR('',#2363,1.);
#2363 = DIRECTION('',(0.,0.,1.));
#2364 = ORIENTED_EDGE('',*,*,#2365,.T.);
#2365 = EDGE_CURVE('',#2358,#2358,#2366,.T.);
#2366 = CIRCLE('',#2367,2.1);
#2367 = AXIS2_PLACEMENT_3D('',#2368,#2369,#2370);
#2368 = CARTESIAN_POINT('',(49.5,-37.,32.));
#2369 = DIRECTION('',(0.,0.,1.));
#2370 = DIRECTION('',(1.,0.,0.));
#2371 = ORIENTED_EDGE('',*,*,#2357,.T.);
#2372 = CYLINDRICAL_SURFACE('',#2373,2.1);
#2373 = AXIS2_PLACEMENT_3D('',#2374,#2375,#2376);
#2374 = CARTESIAN_POINT('',(49.5,-37.,32.));
#2375 = DIRECTION('',(0.,0.,1.));
#2376 = DIRECTION('',(1.,0.,0.));
#2377 = ADVANCED_FACE('',(#2378),#2397,.T.);
#2378 = FACE_BOUND('',#2379,.T.);
#2379 = EDGE_LOOP('',(#2380,#2389,#2395,#2396));
#2380 = ORIENTED_EDGE('',*,*,#2381,.F.);
#2381 = EDGE_CURVE('',#2382,#2382,#2384,.T.);
#2382 = VERTEX_POINT('',#2383);
#2383 = CARTESIAN_POINT('',(-37.,-27.5,22.5));
#2384 = CIRCLE('',#2385,3.);
#2385 = AXIS2_PLACEMENT_3D('',#2386,#2387,#2388);
#2386 = CARTESIAN_POINT('',(-40.,-27.5,22.5));
#2387 = DIRECTION('',(0.,0.,1.));
#2388 = DIRECTION('',(1.,0.,0.));
#2389 = ORIENTED_EDGE('',*,*,#2390,.F.);
#2390 = EDGE_CURVE('',#1868,#2382,#2391,.T.);
#2391 = LINE('',#2392,#2393);
#2392 = CARTESIAN_POINT('',(-37.,-27.5,2.5));
#2393 = VECTOR('',#2394,1.);
#2394 = DIRECTION('',(0.,0.,1.));
#2395 = ORIENTED_EDGE('',*,*,#1867,.T.);
#2396 = ORIENTED_EDGE('',*,*,#2390,.T.);
#2397 = CYLINDRICAL_SURFACE('',#2398,3.);
#2398 = AXIS2_PLACEMENT_3D('',#2399,#2400,#2401);
#2399 = CARTESIAN_POINT('',(-40.,-27.5,2.5));
#2400 = DIRECTION('',(0.,0.,1.));
#2401 = DIRECTION('',(1.,0.,0.));
#2402 = ADVANCED_FACE('',(#2403),#2422,.T.);
#2403 = FACE_BOUND('',#2404,.T.);
#2404 = EDGE_LOOP('',(#2405,#2414,#2420,#2421));
#2405 = ORIENTED_EDGE('',*,*,#2406,.F.);
#2406 = EDGE_CURVE('',#2407,#2407,#2409,.T.);
#2407 = VERTEX_POINT('',#2408);
#2408 = CARTESIAN_POINT('',(43.,-27.5,22.5));
#2409 = CIRCLE('',#2410,3.);
#2410 = AXIS2_PLACEMENT_3D('',#2411,#2412,#2413);
#2411 = CARTESIAN_POINT('',(40.,-27.5,22.5));
#2412 = DIRECTION('',(0.,0.,1.));
#2413 = DIRECTION('',(1.,0.,0.));
#2414 = ORIENTED_EDGE('',*,*,#2415,.F.);
#2415 = EDGE_CURVE('',#1879,#2407,#2416,.T.);
#2416 = LINE('',#2417,#2418);
#2417 = CARTESIAN_POINT('',(43.,-27.5,2.5));
#2418 = VECTOR('',#2419,1.);
#2419 = DIRECTION('',(0.,0.,1.));
#2420 = ORIENTED_EDGE('',*,*,#1878,.T.);
#2421 = ORIENTED_EDGE('',*,*,#2415,.T.);
#2422 = CYLINDRICAL_SURFACE('',#2423,3.);
#2423 = AXIS2_PLACEMENT_3D('',#2424,#2425,#2426);
#2424 = CARTESIAN_POINT('',(40.,-27.5,2.5));
#2425 = DIRECTION('',(0.,0.,1.));
#2426 = DIRECTION('',(1.,0.,0.));
#2427 = ADVANCED_FACE('',(#2428),#2471,.T.);
#2428 = FACE_BOUND('',#2429,.T.);
#2429 = EDGE_LOOP('',(#2430,#2441,#2449,#2458,#2464,#2465));
#2430 = ORIENTED_EDGE('',*,*,#2431,.F.);
#2431 = EDGE_CURVE('',#2432,#2434,#2436,.T.);
#2432 = VERTEX_POINT('',#2433);
#2433 = CARTESIAN_POINT('',(-34.,-7.,8.5));
#2434 = VERTEX_POINT('',#2435);
#2435 = CARTESIAN_POINT('',(-35.34168760482,-9.5,8.5));
#2436 = CIRCLE('',#2437,3.);
#2437 = AXIS2_PLACEMENT_3D('',#2438,#2439,#2440);
#2438 = CARTESIAN_POINT('',(-37.,-7.,8.5));
#2439 = DIRECTION('',(0.,0.,1.));
#2440 = DIRECTION('',(1.,0.,0.));
#2441 = ORIENTED_EDGE('',*,*,#2442,.F.);
#2442 = EDGE_CURVE('',#2443,#2432,#2445,.T.);
#2443 = VERTEX_POINT('',#2444);
#2444 = CARTESIAN_POINT('',(-34.,-7.,3.));
#2445 = LINE('',#2446,#2447);
#2446 = CARTESIAN_POINT('',(-34.,-7.,2.5));
#2447 = VECTOR('',#2448,1.);
#2448 = DIRECTION('',(0.,0.,1.));
#2449 = ORIENTED_EDGE('',*,*,#2450,.T.);
#2450 = EDGE_CURVE('',#2443,#2451,#2453,.T.);
#2451 = VERTEX_POINT('',#2452);
#2452 = CARTESIAN_POINT('',(-37.,-4.,3.));
#2453 = CIRCLE('',#2454,3.);
#2454 = AXIS2_PLACEMENT_3D('',#2455,#2456,#2457);
#2455 = CARTESIAN_POINT('',(-37.,-7.,3.));
#2456 = DIRECTION('',(0.,0.,1.));
#2457 = DIRECTION('',(1.,0.,0.));
#2458 = ORIENTED_EDGE('',*,*,#2459,.F.);
#2459 = EDGE_CURVE('',#1890,#2451,#2460,.T.);
#2460 = LINE('',#2461,#2462);
#2461 = CARTESIAN_POINT('',(-37.,-4.,2.5));
#2462 = VECTOR('',#2463,1.);
#2463 = DIRECTION('',(0.,0.,1.));
#2464 = ORIENTED_EDGE('',*,*,#1889,.T.);
#2465 = ORIENTED_EDGE('',*,*,#2466,.T.);
#2466 = EDGE_CURVE('',#1892,#2434,#2467,.T.);
#2467 = LINE('',#2468,#2469);
#2468 = CARTESIAN_POINT('',(-35.34168760482,-9.5,2.5));
#2469 = VECTOR('',#2470,1.);
#2470 = DIRECTION('',(0.,0.,1.));
#2471 = CYLINDRICAL_SURFACE('',#2472,3.);
#2472 = AXIS2_PLACEMENT_3D('',#2473,#2474,#2475);
#2473 = CARTESIAN_POINT('',(-37.,-7.,2.5));
#2474 = DIRECTION('',(0.,0.,1.));
#2475 = DIRECTION('',(1.,0.,0.));
#2476 = ADVANCED_FACE('',(#2477),#2495,.F.);
#2477 = FACE_BOUND('',#2478,.F.);
#2478 = EDGE_LOOP('',(#2479,#2480,#2481,#2489));
#2479 = ORIENTED_EDGE('',*,*,#1996,.F.);
#2480 = ORIENTED_EDGE('',*,*,#2466,.T.);
#2481 = ORIENTED_EDGE('',*,*,#2482,.T.);
#2482 = EDGE_CURVE('',#2434,#2483,#2485,.T.);
#2483 = VERTEX_POINT('',#2484);
#2484 = CARTESIAN_POINT('',(35.341687604822,-9.5,8.5));
#2485 = LINE('',#2486,#2487);
#2486 = CARTESIAN_POINT('',(-38.5,-9.5,8.5));
#2487 = VECTOR('',#2488,1.);
#2488 = DIRECTION('',(1.,0.,0.));
#2489 = ORIENTED_EDGE('',*,*,#2490,.F.);
#2490 = EDGE_CURVE('',#1988,#2483,#2491,.T.);
#2491 = LINE('',#2492,#2493);
#2492 = CARTESIAN_POINT('',(35.341687604822,-9.5,2.5));
#2493 = VECTOR('',#2494,1.);
#2494 = DIRECTION('',(0.,0.,1.));
#2495 = PLANE('',#2496);
#2496 = AXIS2_PLACEMENT_3D('',#2497,#2498,#2499);
#2497 = CARTESIAN_POINT('',(-38.5,-9.5,2.5));
#2498 = DIRECTION('',(0.,1.,0.));
#2499 = DIRECTION('',(0.,0.,1.));
#2500 = ADVANCED_FACE('',(#2501),#2520,.T.);
#2501 = FACE_BOUND('',#2502,.T.);
#2502 = EDGE_LOOP('',(#2503,#2511,#2518,#2519));
#2503 = ORIENTED_EDGE('',*,*,#2504,.T.);
#2504 = EDGE_CURVE('',#1979,#2505,#2507,.T.);
#2505 = VERTEX_POINT('',#2506);
#2506 = CARTESIAN_POINT('',(40.,-7.,8.5));
#2507 = LINE('',#2508,#2509);
#2508 = CARTESIAN_POINT('',(40.,-7.,2.5));
#2509 = VECTOR('',#2510,1.);
#2510 = DIRECTION('',(0.,0.,1.));
#2511 = ORIENTED_EDGE('',*,*,#2512,.F.);
#2512 = EDGE_CURVE('',#2483,#2505,#2513,.T.);
#2513 = CIRCLE('',#2514,3.);
#2514 = AXIS2_PLACEMENT_3D('',#2515,#2516,#2517);
#2515 = CARTESIAN_POINT('',(37.,-7.,8.5));
#2516 = DIRECTION('',(0.,0.,1.));
#2517 = DIRECTION('',(1.,0.,0.));
#2518 = ORIENTED_EDGE('',*,*,#2490,.F.);
#2519 = ORIENTED_EDGE('',*,*,#1987,.T.);
#2520 = CYLINDRICAL_SURFACE('',#2521,3.);
#2521 = AXIS2_PLACEMENT_3D('',#2522,#2523,#2524);
#2522 = CARTESIAN_POINT('',(37.,-7.,2.5));
#2523 = DIRECTION('',(0.,0.,1.));
#2524 = DIRECTION('',(1.,0.,0.));
#2525 = ADVANCED_FACE('',(#2526),#2579,.T.);
#2526 = FACE_BOUND('',#2527,.T.);
#2527 = EDGE_LOOP('',(#2528,#2537,#2538,#2539,#2547,#2556,#2564,#2573));
#2528 = ORIENTED_EDGE('',*,*,#2529,.F.);
#2529 = EDGE_CURVE('',#2505,#2530,#2532,.T.);
#2530 = VERTEX_POINT('',#2531);
#2531 = CARTESIAN_POINT('',(34.04196010845,-7.5,8.5));
#2532 = CIRCLE('',#2533,3.);
#2533 = AXIS2_PLACEMENT_3D('',#2534,#2535,#2536);
#2534 = CARTESIAN_POINT('',(37.,-7.,8.5));
#2535 = DIRECTION('',(0.,0.,1.));
#2536 = DIRECTION('',(1.,0.,0.));
#2537 = ORIENTED_EDGE('',*,*,#2504,.F.);
#2538 = ORIENTED_EDGE('',*,*,#1978,.T.);
#2539 = ORIENTED_EDGE('',*,*,#2540,.T.);
#2540 = EDGE_CURVE('',#1971,#2541,#2543,.T.);
#2541 = VERTEX_POINT('',#2542);
#2542 = CARTESIAN_POINT('',(37.,-4.,3.));
#2543 = LINE('',#2544,#2545);
#2544 = CARTESIAN_POINT('',(37.,-4.,2.5));
#2545 = VECTOR('',#2546,1.);
#2546 = DIRECTION('',(0.,0.,1.));
#2547 = ORIENTED_EDGE('',*,*,#2548,.T.);
#2548 = EDGE_CURVE('',#2541,#2549,#2551,.T.);
#2549 = VERTEX_POINT('',#2550);
#2550 = CARTESIAN_POINT('',(34.,-7.,3.));
#2551 = CIRCLE('',#2552,3.);
#2552 = AXIS2_PLACEMENT_3D('',#2553,#2554,#2555);
#2553 = CARTESIAN_POINT('',(37.,-7.,3.));
#2554 = DIRECTION('',(0.,0.,1.));
#2555 = DIRECTION('',(1.,0.,0.));
#2556 = ORIENTED_EDGE('',*,*,#2557,.F.);
#2557 = EDGE_CURVE('',#2558,#2549,#2560,.T.);
#2558 = VERTEX_POINT('',#2559);
#2559 = CARTESIAN_POINT('',(34.,-7.,2.5));
#2560 = LINE('',#2561,#2562);
#2561 = CARTESIAN_POINT('',(34.,-7.,2.5));
#2562 = VECTOR('',#2563,1.);
#2563 = DIRECTION('',(0.,0.,1.));
#2564 = ORIENTED_EDGE('',*,*,#2565,.T.);
#2565 = EDGE_CURVE('',#2558,#2566,#2568,.T.);
#2566 = VERTEX_POINT('',#2567);
#2567 = CARTESIAN_POINT('',(34.04196010845,-7.5,2.5));
#2568 = CIRCLE('',#2569,3.);
#2569 = AXIS2_PLACEMENT_3D('',#2570,#2571,#2572);
#2570 = CARTESIAN_POINT('',(37.,-7.,2.5));
#2571 = DIRECTION('',(0.,0.,1.));
#2572 = DIRECTION('',(1.,0.,0.));
#2573 = ORIENTED_EDGE('',*,*,#2574,.T.);
#2574 = EDGE_CURVE('',#2566,#2530,#2575,.T.);
#2575 = LINE('',#2576,#2577);
#2576 = CARTESIAN_POINT('',(34.04196010845,-7.5,2.5));
#2577 = VECTOR('',#2578,1.);
#2578 = DIRECTION('',(0.,0.,1.));
#2579 = CYLINDRICAL_SURFACE('',#2580,3.);
#2580 = AXIS2_PLACEMENT_3D('',#2581,#2582,#2583);
#2581 = CARTESIAN_POINT('',(37.,-7.,2.5));
#2582 = DIRECTION('',(0.,0.,1.));
#2583 = DIRECTION('',(1.,0.,0.));
#2584 = ADVANCED_FACE('',(#2585),#2666,.F.);
#2585 = FACE_BOUND('',#2586,.F.);
#2586 = EDGE_LOOP('',(#2587,#2595,#2596,#2604,#2612,#2620,#2628,#2636,
    #2642,#2643,#2644,#2652,#2660));
#2587 = ORIENTED_EDGE('',*,*,#2588,.F.);
#2588 = EDGE_CURVE('',#2310,#2589,#2591,.T.);
#2589 = VERTEX_POINT('',#2590);
#2590 = CARTESIAN_POINT('',(37.,-7.,2.5));
#2591 = LINE('',#2592,#2593);
#2592 = CARTESIAN_POINT('',(37.,-7.,-0.5));
#2593 = VECTOR('',#2594,1.);
#2594 = DIRECTION('',(0.,0.,1.));
#2595 = ORIENTED_EDGE('',*,*,#2333,.F.);
#2596 = ORIENTED_EDGE('',*,*,#2597,.T.);
#2597 = EDGE_CURVE('',#2326,#2598,#2600,.T.);
#2598 = VERTEX_POINT('',#2599);
#2599 = CARTESIAN_POINT('',(37.,31.,2.5));
#2600 = LINE('',#2601,#2602);
#2601 = CARTESIAN_POINT('',(37.,31.,-0.5));
#2602 = VECTOR('',#2603,1.);
#2603 = DIRECTION('',(0.,0.,1.));
#2604 = ORIENTED_EDGE('',*,*,#2605,.F.);
#2605 = EDGE_CURVE('',#2606,#2598,#2608,.T.);
#2606 = VERTEX_POINT('',#2607);
#2607 = CARTESIAN_POINT('',(37.,29.6,2.5));
#2608 = LINE('',#2609,#2610);
#2609 = CARTESIAN_POINT('',(37.,-23.75,2.5));
#2610 = VECTOR('',#2611,1.);
#2611 = DIRECTION('',(0.,1.,0.));
#2612 = ORIENTED_EDGE('',*,*,#2613,.T.);
#2613 = EDGE_CURVE('',#2606,#2614,#2616,.T.);
#2614 = VERTEX_POINT('',#2615);
#2615 = CARTESIAN_POINT('',(37.,29.6,3.));
#2616 = LINE('',#2617,#2618);
#2617 = CARTESIAN_POINT('',(37.,29.6,-0.5));
#2618 = VECTOR('',#2619,1.);
#2619 = DIRECTION('',(0.,0.,1.));
#2620 = ORIENTED_EDGE('',*,*,#2621,.F.);
#2621 = EDGE_CURVE('',#2622,#2614,#2624,.T.);
#2622 = VERTEX_POINT('',#2623);
#2623 = CARTESIAN_POINT('',(37.,28.,3.));
#2624 = LINE('',#2625,#2626);
#2625 = CARTESIAN_POINT('',(37.,-7.,3.));
#2626 = VECTOR('',#2627,1.);
#2627 = DIRECTION('',(0.,1.,0.));
#2628 = ORIENTED_EDGE('',*,*,#2629,.F.);
#2629 = EDGE_CURVE('',#2630,#2622,#2632,.T.);
#2630 = VERTEX_POINT('',#2631);
#2631 = CARTESIAN_POINT('',(37.,28.,2.5));
#2632 = LINE('',#2633,#2634);
#2633 = CARTESIAN_POINT('',(37.,28.,2.5));
#2634 = VECTOR('',#2635,1.);
#2635 = DIRECTION('',(0.,0.,1.));
#2636 = ORIENTED_EDGE('',*,*,#2637,.F.);
#2637 = EDGE_CURVE('',#1962,#2630,#2638,.T.);
#2638 = LINE('',#2639,#2640);
#2639 = CARTESIAN_POINT('',(37.,-23.75,2.5));
#2640 = VECTOR('',#2641,1.);
#2641 = DIRECTION('',(0.,1.,0.));
#2642 = ORIENTED_EDGE('',*,*,#1970,.F.);
#2643 = ORIENTED_EDGE('',*,*,#2540,.T.);
#2644 = ORIENTED_EDGE('',*,*,#2645,.F.);
#2645 = EDGE_CURVE('',#2646,#2541,#2648,.T.);
#2646 = VERTEX_POINT('',#2647);
#2647 = CARTESIAN_POINT('',(37.,-5.6,3.));
#2648 = LINE('',#2649,#2650);
#2649 = CARTESIAN_POINT('',(37.,-7.,3.));
#2650 = VECTOR('',#2651,1.);
#2651 = DIRECTION('',(0.,1.,0.));
#2652 = ORIENTED_EDGE('',*,*,#2653,.F.);
#2653 = EDGE_CURVE('',#2654,#2646,#2656,.T.);
#2654 = VERTEX_POINT('',#2655);
#2655 = CARTESIAN_POINT('',(37.,-5.6,2.5));
#2656 = LINE('',#2657,#2658);
#2657 = CARTESIAN_POINT('',(37.,-5.6,-0.5));
#2658 = VECTOR('',#2659,1.);
#2659 = DIRECTION('',(0.,0.,1.));
#2660 = ORIENTED_EDGE('',*,*,#2661,.F.);
#2661 = EDGE_CURVE('',#2589,#2654,#2662,.T.);
#2662 = LINE('',#2663,#2664);
#2663 = CARTESIAN_POINT('',(37.,-23.75,2.5));
#2664 = VECTOR('',#2665,1.);
#2665 = DIRECTION('',(0.,1.,0.));
#2666 = PLANE('',#2667);
#2667 = AXIS2_PLACEMENT_3D('',#2668,#2669,#2670);
#2668 = CARTESIAN_POINT('',(37.,-7.,-0.5));
#2669 = DIRECTION('',(1.,0.,0.));
#2670 = DIRECTION('',(0.,0.,1.));
#2671 = ADVANCED_FACE('',(#2672),#2724,.T.);
#2672 = FACE_BOUND('',#2673,.T.);
#2673 = EDGE_LOOP('',(#2674,#2675,#2683,#2690,#2691,#2692,#2700,#2709,
    #2717));
#2674 = ORIENTED_EDGE('',*,*,#1961,.T.);
#2675 = ORIENTED_EDGE('',*,*,#2676,.T.);
#2676 = EDGE_CURVE('',#1953,#2677,#2679,.T.);
#2677 = VERTEX_POINT('',#2678);
#2678 = CARTESIAN_POINT('',(43.,27.5,22.5));
#2679 = LINE('',#2680,#2681);
#2680 = CARTESIAN_POINT('',(43.,27.5,2.5));
#2681 = VECTOR('',#2682,1.);
#2682 = DIRECTION('',(0.,0.,1.));
#2683 = ORIENTED_EDGE('',*,*,#2684,.F.);
#2684 = EDGE_CURVE('',#2677,#2677,#2685,.T.);
#2685 = CIRCLE('',#2686,3.);
#2686 = AXIS2_PLACEMENT_3D('',#2687,#2688,#2689);
#2687 = CARTESIAN_POINT('',(40.,27.5,22.5));
#2688 = DIRECTION('',(0.,0.,1.));
#2689 = DIRECTION('',(1.,0.,0.));
#2690 = ORIENTED_EDGE('',*,*,#2676,.F.);
#2691 = ORIENTED_EDGE('',*,*,#1952,.T.);
#2692 = ORIENTED_EDGE('',*,*,#2693,.T.);
#2693 = EDGE_CURVE('',#1944,#2694,#2696,.T.);
#2694 = VERTEX_POINT('',#2695);
#2695 = CARTESIAN_POINT('',(39.9579901557,30.499705847743,8.5));
#2696 = LINE('',#2697,#2698);
#2697 = CARTESIAN_POINT('',(39.9579901557,30.499705847743,2.5));
#2698 = VECTOR('',#2699,1.);
#2699 = DIRECTION('',(0.,0.,1.));
#2700 = ORIENTED_EDGE('',*,*,#2701,.T.);
#2701 = EDGE_CURVE('',#2694,#2702,#2704,.T.);
#2702 = VERTEX_POINT('',#2703);
#2703 = CARTESIAN_POINT('',(37.0420098443,28.000294152257,8.5));
#2704 = CIRCLE('',#2705,3.);
#2705 = AXIS2_PLACEMENT_3D('',#2706,#2707,#2708);
#2706 = CARTESIAN_POINT('',(40.,27.5,8.5));
#2707 = DIRECTION('',(0.,0.,1.));
#2708 = DIRECTION('',(1.,0.,0.));
#2709 = ORIENTED_EDGE('',*,*,#2710,.F.);
#2710 = EDGE_CURVE('',#2711,#2702,#2713,.T.);
#2711 = VERTEX_POINT('',#2712);
#2712 = CARTESIAN_POINT('',(37.0420098443,28.000294152257,2.5));
#2713 = LINE('',#2714,#2715);
#2714 = CARTESIAN_POINT('',(37.0420098443,28.000294152257,2.5));
#2715 = VECTOR('',#2716,1.);
#2716 = DIRECTION('',(0.,0.,1.));
#2717 = ORIENTED_EDGE('',*,*,#2718,.T.);
#2718 = EDGE_CURVE('',#2711,#1962,#2719,.T.);
#2719 = CIRCLE('',#2720,3.);
#2720 = AXIS2_PLACEMENT_3D('',#2721,#2722,#2723);
#2721 = CARTESIAN_POINT('',(40.,27.5,2.5));
#2722 = DIRECTION('',(0.,0.,1.));
#2723 = DIRECTION('',(1.,0.,0.));
#2724 = CYLINDRICAL_SURFACE('',#2725,3.);
#2725 = AXIS2_PLACEMENT_3D('',#2726,#2727,#2728);
#2726 = CARTESIAN_POINT('',(40.,27.5,2.5));
#2727 = DIRECTION('',(0.,0.,1.));
#2728 = DIRECTION('',(1.,0.,0.));
#2729 = ADVANCED_FACE('',(#2730),#2749,.T.);
#2730 = FACE_BOUND('',#2731,.T.);
#2731 = EDGE_LOOP('',(#2732,#2740,#2747,#2748));
#2732 = ORIENTED_EDGE('',*,*,#2733,.T.);
#2733 = EDGE_CURVE('',#1935,#2734,#2736,.T.);
#2734 = VERTEX_POINT('',#2735);
#2735 = CARTESIAN_POINT('',(40.,31.,8.5));
#2736 = LINE('',#2737,#2738);
#2737 = CARTESIAN_POINT('',(40.,31.,2.5));
#2738 = VECTOR('',#2739,1.);
#2739 = DIRECTION('',(0.,0.,1.));
#2740 = ORIENTED_EDGE('',*,*,#2741,.F.);
#2741 = EDGE_CURVE('',#2694,#2734,#2742,.T.);
#2742 = CIRCLE('',#2743,3.);
#2743 = AXIS2_PLACEMENT_3D('',#2744,#2745,#2746);
#2744 = CARTESIAN_POINT('',(37.,31.,8.5));
#2745 = DIRECTION('',(0.,0.,1.));
#2746 = DIRECTION('',(1.,0.,0.));
#2747 = ORIENTED_EDGE('',*,*,#2693,.F.);
#2748 = ORIENTED_EDGE('',*,*,#1943,.T.);
#2749 = CYLINDRICAL_SURFACE('',#2750,3.);
#2750 = AXIS2_PLACEMENT_3D('',#2751,#2752,#2753);
#2751 = CARTESIAN_POINT('',(37.,31.,2.5));
#2752 = DIRECTION('',(0.,0.,1.));
#2753 = DIRECTION('',(1.,0.,0.));
#2754 = ADVANCED_FACE('',(#2755),#2790,.T.);
#2755 = FACE_BOUND('',#2756,.T.);
#2756 = EDGE_LOOP('',(#2757,#2764,#2765,#2766,#2774,#2781,#2782,#2789));
#2757 = ORIENTED_EDGE('',*,*,#2758,.F.);
#2758 = EDGE_CURVE('',#2734,#2702,#2759,.T.);
#2759 = CIRCLE('',#2760,3.);
#2760 = AXIS2_PLACEMENT_3D('',#2761,#2762,#2763);
#2761 = CARTESIAN_POINT('',(37.,31.,8.5));
#2762 = DIRECTION('',(0.,0.,1.));
#2763 = DIRECTION('',(1.,0.,0.));
#2764 = ORIENTED_EDGE('',*,*,#2733,.F.);
#2765 = ORIENTED_EDGE('',*,*,#1934,.T.);
#2766 = ORIENTED_EDGE('',*,*,#2767,.T.);
#2767 = EDGE_CURVE('',#1927,#2768,#2770,.T.);
#2768 = VERTEX_POINT('',#2769);
#2769 = CARTESIAN_POINT('',(34.,31.,3.));
#2770 = LINE('',#2771,#2772);
#2771 = CARTESIAN_POINT('',(34.,31.,2.5));
#2772 = VECTOR('',#2773,1.);
#2773 = DIRECTION('',(0.,0.,1.));
#2774 = ORIENTED_EDGE('',*,*,#2775,.T.);
#2775 = EDGE_CURVE('',#2768,#2622,#2776,.T.);
#2776 = CIRCLE('',#2777,3.);
#2777 = AXIS2_PLACEMENT_3D('',#2778,#2779,#2780);
#2778 = CARTESIAN_POINT('',(37.,31.,3.));
#2779 = DIRECTION('',(0.,0.,1.));
#2780 = DIRECTION('',(1.,0.,0.));
#2781 = ORIENTED_EDGE('',*,*,#2629,.F.);
#2782 = ORIENTED_EDGE('',*,*,#2783,.T.);
#2783 = EDGE_CURVE('',#2630,#2711,#2784,.T.);
#2784 = CIRCLE('',#2785,3.);
#2785 = AXIS2_PLACEMENT_3D('',#2786,#2787,#2788);
#2786 = CARTESIAN_POINT('',(37.,31.,2.5));
#2787 = DIRECTION('',(0.,0.,1.));
#2788 = DIRECTION('',(1.,0.,0.));
#2789 = ORIENTED_EDGE('',*,*,#2710,.T.);
#2790 = CYLINDRICAL_SURFACE('',#2791,3.);
#2791 = AXIS2_PLACEMENT_3D('',#2792,#2793,#2794);
#2792 = CARTESIAN_POINT('',(37.,31.,2.5));
#2793 = DIRECTION('',(0.,0.,1.));
#2794 = DIRECTION('',(1.,0.,0.));
#2795 = ADVANCED_FACE('',(#2796),#2862,.F.);
#2796 = FACE_BOUND('',#2797,.F.);
#2797 = EDGE_LOOP('',(#2798,#2799,#2800,#2808,#2816,#2824,#2832,#2838,
    #2839,#2840,#2848,#2856));
#2798 = ORIENTED_EDGE('',*,*,#2597,.F.);
#2799 = ORIENTED_EDGE('',*,*,#2325,.F.);
#2800 = ORIENTED_EDGE('',*,*,#2801,.T.);
#2801 = EDGE_CURVE('',#2318,#2802,#2804,.T.);
#2802 = VERTEX_POINT('',#2803);
#2803 = CARTESIAN_POINT('',(-37.,31.,2.5));
#2804 = LINE('',#2805,#2806);
#2805 = CARTESIAN_POINT('',(-37.,31.,-0.5));
#2806 = VECTOR('',#2807,1.);
#2807 = DIRECTION('',(0.,0.,1.));
#2808 = ORIENTED_EDGE('',*,*,#2809,.F.);
#2809 = EDGE_CURVE('',#2810,#2802,#2812,.T.);
#2810 = VERTEX_POINT('',#2811);
#2811 = CARTESIAN_POINT('',(-35.6,31.,2.5));
#2812 = LINE('',#2813,#2814);
#2813 = CARTESIAN_POINT('',(-45.,31.,2.5));
#2814 = VECTOR('',#2815,1.);
#2815 = DIRECTION('',(-1.,0.,0.));
#2816 = ORIENTED_EDGE('',*,*,#2817,.T.);
#2817 = EDGE_CURVE('',#2810,#2818,#2820,.T.);
#2818 = VERTEX_POINT('',#2819);
#2819 = CARTESIAN_POINT('',(-35.6,31.,3.));
#2820 = LINE('',#2821,#2822);
#2821 = CARTESIAN_POINT('',(-35.6,31.,-0.5));
#2822 = VECTOR('',#2823,1.);
#2823 = DIRECTION('',(0.,0.,1.));
#2824 = ORIENTED_EDGE('',*,*,#2825,.T.);
#2825 = EDGE_CURVE('',#2818,#2826,#2828,.T.);
#2826 = VERTEX_POINT('',#2827);
#2827 = CARTESIAN_POINT('',(-34.,31.,3.));
#2828 = LINE('',#2829,#2830);
#2829 = CARTESIAN_POINT('',(-37.,31.,3.));
#2830 = VECTOR('',#2831,1.);
#2831 = DIRECTION('',(1.,0.,0.));
#2832 = ORIENTED_EDGE('',*,*,#2833,.F.);
#2833 = EDGE_CURVE('',#1918,#2826,#2834,.T.);
#2834 = LINE('',#2835,#2836);
#2835 = CARTESIAN_POINT('',(-34.,31.,2.5));
#2836 = VECTOR('',#2837,1.);
#2837 = DIRECTION('',(0.,0.,1.));
#2838 = ORIENTED_EDGE('',*,*,#1926,.F.);
#2839 = ORIENTED_EDGE('',*,*,#2767,.T.);
#2840 = ORIENTED_EDGE('',*,*,#2841,.T.);
#2841 = EDGE_CURVE('',#2768,#2842,#2844,.T.);
#2842 = VERTEX_POINT('',#2843);
#2843 = CARTESIAN_POINT('',(35.6,31.,3.));
#2844 = LINE('',#2845,#2846);
#2845 = CARTESIAN_POINT('',(-37.,31.,3.));
#2846 = VECTOR('',#2847,1.);
#2847 = DIRECTION('',(1.,0.,0.));
#2848 = ORIENTED_EDGE('',*,*,#2849,.F.);
#2849 = EDGE_CURVE('',#2850,#2842,#2852,.T.);
#2850 = VERTEX_POINT('',#2851);
#2851 = CARTESIAN_POINT('',(35.6,31.,2.5));
#2852 = LINE('',#2853,#2854);
#2853 = CARTESIAN_POINT('',(35.6,31.,-0.5));
#2854 = VECTOR('',#2855,1.);
#2855 = DIRECTION('',(0.,0.,1.));
#2856 = ORIENTED_EDGE('',*,*,#2857,.F.);
#2857 = EDGE_CURVE('',#2598,#2850,#2858,.T.);
#2858 = LINE('',#2859,#2860);
#2859 = CARTESIAN_POINT('',(-45.,31.,2.5));
#2860 = VECTOR('',#2861,1.);
#2861 = DIRECTION('',(-1.,0.,0.));
#2862 = PLANE('',#2863);
#2863 = AXIS2_PLACEMENT_3D('',#2864,#2865,#2866);
#2864 = CARTESIAN_POINT('',(-37.,31.,-0.5));
#2865 = DIRECTION('',(0.,1.,0.));
#2866 = DIRECTION('',(0.,0.,1.));
#2867 = ADVANCED_FACE('',(#2868),#2895,.T.);
#2868 = FACE_BOUND('',#2869,.T.);
#2869 = EDGE_LOOP('',(#2870,#2881,#2887,#2888,#2889));
#2870 = ORIENTED_EDGE('',*,*,#2871,.F.);
#2871 = EDGE_CURVE('',#2872,#2874,#2876,.T.);
#2872 = VERTEX_POINT('',#2873);
#2873 = CARTESIAN_POINT('',(-34.,31.,8.5));
#2874 = VERTEX_POINT('',#2875);
#2875 = CARTESIAN_POINT('',(-39.9579901557,30.499705847743,8.5));
#2876 = CIRCLE('',#2877,3.);
#2877 = AXIS2_PLACEMENT_3D('',#2878,#2879,#2880);
#2878 = CARTESIAN_POINT('',(-37.,31.,8.5));
#2879 = DIRECTION('',(0.,0.,1.));
#2880 = DIRECTION('',(1.,0.,0.));
#2881 = ORIENTED_EDGE('',*,*,#2882,.F.);
#2882 = EDGE_CURVE('',#2826,#2872,#2883,.T.);
#2883 = LINE('',#2884,#2885);
#2884 = CARTESIAN_POINT('',(-34.,31.,2.5));
#2885 = VECTOR('',#2886,1.);
#2886 = DIRECTION('',(0.,0.,1.));
#2887 = ORIENTED_EDGE('',*,*,#2833,.F.);
#2888 = ORIENTED_EDGE('',*,*,#1917,.T.);
#2889 = ORIENTED_EDGE('',*,*,#2890,.T.);
#2890 = EDGE_CURVE('',#1909,#2874,#2891,.T.);
#2891 = LINE('',#2892,#2893);
#2892 = CARTESIAN_POINT('',(-39.9579901557,30.499705847743,2.5));
#2893 = VECTOR('',#2894,1.);
#2894 = DIRECTION('',(0.,0.,1.));
#2895 = CYLINDRICAL_SURFACE('',#2896,3.);
#2896 = AXIS2_PLACEMENT_3D('',#2897,#2898,#2899);
#2897 = CARTESIAN_POINT('',(-37.,31.,2.5));
#2898 = DIRECTION('',(0.,0.,1.));
#2899 = DIRECTION('',(1.,0.,0.));
#2900 = ADVANCED_FACE('',(#2901),#2954,.T.);
#2901 = FACE_BOUND('',#2902,.T.);
#2902 = EDGE_LOOP('',(#2903,#2904,#2912,#2920,#2927,#2928,#2929,#2938,
    #2946,#2953));
#2903 = ORIENTED_EDGE('',*,*,#1908,.T.);
#2904 = ORIENTED_EDGE('',*,*,#2905,.T.);
#2905 = EDGE_CURVE('',#1901,#2906,#2908,.T.);
#2906 = VERTEX_POINT('',#2907);
#2907 = CARTESIAN_POINT('',(-37.,27.5,3.));
#2908 = LINE('',#2909,#2910);
#2909 = CARTESIAN_POINT('',(-37.,27.5,2.5));
#2910 = VECTOR('',#2911,1.);
#2911 = DIRECTION('',(0.,0.,1.));
#2912 = ORIENTED_EDGE('',*,*,#2913,.T.);
#2913 = EDGE_CURVE('',#2906,#2914,#2916,.T.);
#2914 = VERTEX_POINT('',#2915);
#2915 = CARTESIAN_POINT('',(-37.,27.5,22.5));
#2916 = LINE('',#2917,#2918);
#2917 = CARTESIAN_POINT('',(-37.,27.5,2.5));
#2918 = VECTOR('',#2919,1.);
#2919 = DIRECTION('',(0.,0.,1.));
#2920 = ORIENTED_EDGE('',*,*,#2921,.F.);
#2921 = EDGE_CURVE('',#2914,#2914,#2922,.T.);
#2922 = CIRCLE('',#2923,3.);
#2923 = AXIS2_PLACEMENT_3D('',#2924,#2925,#2926);
#2924 = CARTESIAN_POINT('',(-40.,27.5,22.5));
#2925 = DIRECTION('',(0.,0.,1.));
#2926 = DIRECTION('',(1.,0.,0.));
#2927 = ORIENTED_EDGE('',*,*,#2913,.F.);
#2928 = ORIENTED_EDGE('',*,*,#2905,.F.);
#2929 = ORIENTED_EDGE('',*,*,#2930,.T.);
#2930 = EDGE_CURVE('',#1901,#2931,#2933,.T.);
#2931 = VERTEX_POINT('',#2932);
#2932 = CARTESIAN_POINT('',(-37.0420098443,28.000294152257,2.5));
#2933 = CIRCLE('',#2934,3.);
#2934 = AXIS2_PLACEMENT_3D('',#2935,#2936,#2937);
#2935 = CARTESIAN_POINT('',(-40.,27.5,2.5));
#2936 = DIRECTION('',(0.,0.,1.));
#2937 = DIRECTION('',(1.,0.,0.));
#2938 = ORIENTED_EDGE('',*,*,#2939,.T.);
#2939 = EDGE_CURVE('',#2931,#2940,#2942,.T.);
#2940 = VERTEX_POINT('',#2941);
#2941 = CARTESIAN_POINT('',(-37.0420098443,28.000294152257,8.5));
#2942 = LINE('',#2943,#2944);
#2943 = CARTESIAN_POINT('',(-37.0420098443,28.000294152257,2.5));
#2944 = VECTOR('',#2945,1.);
#2945 = DIRECTION('',(0.,0.,1.));
#2946 = ORIENTED_EDGE('',*,*,#2947,.T.);
#2947 = EDGE_CURVE('',#2940,#2874,#2948,.T.);
#2948 = CIRCLE('',#2949,3.);
#2949 = AXIS2_PLACEMENT_3D('',#2950,#2951,#2952);
#2950 = CARTESIAN_POINT('',(-40.,27.5,8.5));
#2951 = DIRECTION('',(0.,0.,1.));
#2952 = DIRECTION('',(1.,0.,0.));
#2953 = ORIENTED_EDGE('',*,*,#2890,.F.);
#2954 = CYLINDRICAL_SURFACE('',#2955,3.);
#2955 = AXIS2_PLACEMENT_3D('',#2956,#2957,#2958);
#2956 = CARTESIAN_POINT('',(-40.,27.5,2.5));
#2957 = DIRECTION('',(0.,0.,1.));
#2958 = DIRECTION('',(1.,0.,0.));
#2959 = ADVANCED_FACE('',(#2960),#3034,.T.);
#2960 = FACE_BOUND('',#2961,.T.);
#2961 = EDGE_LOOP('',(#2962,#2970,#2971,#2972,#2980,#2988,#2996,#3004,
    #3010,#3011,#3012,#3020,#3028));
#2962 = ORIENTED_EDGE('',*,*,#2963,.F.);
#2963 = EDGE_CURVE('',#2308,#2964,#2966,.T.);
#2964 = VERTEX_POINT('',#2965);
#2965 = CARTESIAN_POINT('',(-37.,-7.,2.5));
#2966 = LINE('',#2967,#2968);
#2967 = CARTESIAN_POINT('',(-37.,-7.,-0.5));
#2968 = VECTOR('',#2969,1.);
#2969 = DIRECTION('',(0.,0.,1.));
#2970 = ORIENTED_EDGE('',*,*,#2317,.F.);
#2971 = ORIENTED_EDGE('',*,*,#2801,.T.);
#2972 = ORIENTED_EDGE('',*,*,#2973,.F.);
#2973 = EDGE_CURVE('',#2974,#2802,#2976,.T.);
#2974 = VERTEX_POINT('',#2975);
#2975 = CARTESIAN_POINT('',(-37.,29.6,2.5));
#2976 = LINE('',#2977,#2978);
#2977 = CARTESIAN_POINT('',(-37.,-23.75,2.5));
#2978 = VECTOR('',#2979,1.);
#2979 = DIRECTION('',(0.,1.,0.));
#2980 = ORIENTED_EDGE('',*,*,#2981,.T.);
#2981 = EDGE_CURVE('',#2974,#2982,#2984,.T.);
#2982 = VERTEX_POINT('',#2983);
#2983 = CARTESIAN_POINT('',(-37.,29.6,3.));
#2984 = LINE('',#2985,#2986);
#2985 = CARTESIAN_POINT('',(-37.,29.6,-0.5));
#2986 = VECTOR('',#2987,1.);
#2987 = DIRECTION('',(0.,0.,1.));
#2988 = ORIENTED_EDGE('',*,*,#2989,.F.);
#2989 = EDGE_CURVE('',#2990,#2982,#2992,.T.);
#2990 = VERTEX_POINT('',#2991);
#2991 = CARTESIAN_POINT('',(-37.,28.,3.));
#2992 = LINE('',#2993,#2994);
#2993 = CARTESIAN_POINT('',(-37.,-7.,3.));
#2994 = VECTOR('',#2995,1.);
#2995 = DIRECTION('',(0.,1.,0.));
#2996 = ORIENTED_EDGE('',*,*,#2997,.F.);
#2997 = EDGE_CURVE('',#2998,#2990,#3000,.T.);
#2998 = VERTEX_POINT('',#2999);
#2999 = CARTESIAN_POINT('',(-37.,28.,2.5));
#3000 = LINE('',#3001,#3002);
#3001 = CARTESIAN_POINT('',(-37.,28.,2.5));
#3002 = VECTOR('',#3003,1.);
#3003 = DIRECTION('',(0.,0.,1.));
#3004 = ORIENTED_EDGE('',*,*,#3005,.F.);
#3005 = EDGE_CURVE('',#1901,#2998,#3006,.T.);
#3006 = LINE('',#3007,#3008);
#3007 = CARTESIAN_POINT('',(-37.,-23.75,2.5));
#3008 = VECTOR('',#3009,1.);
#3009 = DIRECTION('',(0.,1.,0.));
#3010 = ORIENTED_EDGE('',*,*,#1900,.F.);
#3011 = ORIENTED_EDGE('',*,*,#2459,.T.);
#3012 = ORIENTED_EDGE('',*,*,#3013,.F.);
#3013 = EDGE_CURVE('',#3014,#2451,#3016,.T.);
#3014 = VERTEX_POINT('',#3015);
#3015 = CARTESIAN_POINT('',(-37.,-5.6,3.));
#3016 = LINE('',#3017,#3018);
#3017 = CARTESIAN_POINT('',(-37.,-7.,3.));
#3018 = VECTOR('',#3019,1.);
#3019 = DIRECTION('',(0.,1.,0.));
#3020 = ORIENTED_EDGE('',*,*,#3021,.F.);
#3021 = EDGE_CURVE('',#3022,#3014,#3024,.T.);
#3022 = VERTEX_POINT('',#3023);
#3023 = CARTESIAN_POINT('',(-37.,-5.6,2.5));
#3024 = LINE('',#3025,#3026);
#3025 = CARTESIAN_POINT('',(-37.,-5.6,-0.5));
#3026 = VECTOR('',#3027,1.);
#3027 = DIRECTION('',(0.,0.,1.));
#3028 = ORIENTED_EDGE('',*,*,#3029,.F.);
#3029 = EDGE_CURVE('',#2964,#3022,#3030,.T.);
#3030 = LINE('',#3031,#3032);
#3031 = CARTESIAN_POINT('',(-37.,-23.75,2.5));
#3032 = VECTOR('',#3033,1.);
#3033 = DIRECTION('',(0.,1.,0.));
#3034 = PLANE('',#3035);
#3035 = AXIS2_PLACEMENT_3D('',#3036,#3037,#3038);
#3036 = CARTESIAN_POINT('',(-37.,-7.,-0.5));
#3037 = DIRECTION('',(1.,0.,0.));
#3038 = DIRECTION('',(0.,0.,1.));
#3039 = ADVANCED_FACE('',(#3040),#3059,.F.);
#3040 = FACE_BOUND('',#3041,.F.);
#3041 = EDGE_LOOP('',(#3042,#3043,#3051,#3058));
#3042 = ORIENTED_EDGE('',*,*,#2022,.F.);
#3043 = ORIENTED_EDGE('',*,*,#3044,.F.);
#3044 = EDGE_CURVE('',#3045,#2023,#3047,.T.);
#3045 = VERTEX_POINT('',#3046);
#3046 = CARTESIAN_POINT('',(51.6,37.,32.));
#3047 = LINE('',#3048,#3049);
#3048 = CARTESIAN_POINT('',(51.6,37.,32.));
#3049 = VECTOR('',#3050,1.);
#3050 = DIRECTION('',(0.,0.,1.));
#3051 = ORIENTED_EDGE('',*,*,#3052,.T.);
#3052 = EDGE_CURVE('',#3045,#3045,#3053,.T.);
#3053 = CIRCLE('',#3054,2.1);
#3054 = AXIS2_PLACEMENT_3D('',#3055,#3056,#3057);
#3055 = CARTESIAN_POINT('',(49.5,37.,32.));
#3056 = DIRECTION('',(0.,0.,1.));
#3057 = DIRECTION('',(1.,0.,0.));
#3058 = ORIENTED_EDGE('',*,*,#3044,.T.);
#3059 = CYLINDRICAL_SURFACE('',#3060,2.1);
#3060 = AXIS2_PLACEMENT_3D('',#3061,#3062,#3063);
#3061 = CARTESIAN_POINT('',(49.5,37.,32.));
#3062 = DIRECTION('',(0.,0.,1.));
#3063 = DIRECTION('',(1.,0.,0.));
#3064 = ADVANCED_FACE('',(#3065),#3084,.F.);
#3065 = FACE_BOUND('',#3066,.F.);
#3066 = EDGE_LOOP('',(#3067,#3068,#3076,#3083));
#3067 = ORIENTED_EDGE('',*,*,#2112,.F.);
#3068 = ORIENTED_EDGE('',*,*,#3069,.F.);
#3069 = EDGE_CURVE('',#3070,#2113,#3072,.T.);
#3070 = VERTEX_POINT('',#3071);
#3071 = CARTESIAN_POINT('',(-47.4,37.,32.));
#3072 = LINE('',#3073,#3074);
#3073 = CARTESIAN_POINT('',(-47.4,37.,32.));
#3074 = VECTOR('',#3075,1.);
#3075 = DIRECTION('',(0.,0.,1.));
#3076 = ORIENTED_EDGE('',*,*,#3077,.T.);
#3077 = EDGE_CURVE('',#3070,#3070,#3078,.T.);
#3078 = CIRCLE('',#3079,2.1);
#3079 = AXIS2_PLACEMENT_3D('',#3080,#3081,#3082);
#3080 = CARTESIAN_POINT('',(-49.5,37.,32.));
#3081 = DIRECTION('',(0.,0.,1.));
#3082 = DIRECTION('',(1.,0.,0.));
#3083 = ORIENTED_EDGE('',*,*,#3069,.T.);
#3084 = CYLINDRICAL_SURFACE('',#3085,2.1);
#3085 = AXIS2_PLACEMENT_3D('',#3086,#3087,#3088);
#3086 = CARTESIAN_POINT('',(-49.5,37.,32.));
#3087 = DIRECTION('',(0.,0.,1.));
#3088 = DIRECTION('',(1.,0.,0.));
#3089 = ADVANCED_FACE('',(#3090),#3109,.F.);
#3090 = FACE_BOUND('',#3091,.F.);
#3091 = EDGE_LOOP('',(#3092,#3093,#3101,#3108));
#3092 = ORIENTED_EDGE('',*,*,#2214,.F.);
#3093 = ORIENTED_EDGE('',*,*,#3094,.F.);
#3094 = EDGE_CURVE('',#3095,#2215,#3097,.T.);
#3095 = VERTEX_POINT('',#3096);
#3096 = CARTESIAN_POINT('',(-47.4,-37.,32.));
#3097 = LINE('',#3098,#3099);
#3098 = CARTESIAN_POINT('',(-47.4,-37.,32.));
#3099 = VECTOR('',#3100,1.);
#3100 = DIRECTION('',(0.,0.,1.));
#3101 = ORIENTED_EDGE('',*,*,#3102,.T.);
#3102 = EDGE_CURVE('',#3095,#3095,#3103,.T.);
#3103 = CIRCLE('',#3104,2.1);
#3104 = AXIS2_PLACEMENT_3D('',#3105,#3106,#3107);
#3105 = CARTESIAN_POINT('',(-49.5,-37.,32.));
#3106 = DIRECTION('',(0.,0.,1.));
#3107 = DIRECTION('',(1.,0.,0.));
#3108 = ORIENTED_EDGE('',*,*,#3094,.T.);
#3109 = CYLINDRICAL_SURFACE('',#3110,2.1);
#3110 = AXIS2_PLACEMENT_3D('',#3111,#3112,#3113);
#3111 = CARTESIAN_POINT('',(-49.5,-37.,32.));
#3112 = DIRECTION('',(0.,0.,1.));
#3113 = DIRECTION('',(1.,0.,0.));
#3114 = ADVANCED_FACE('',(#3115),#3179,.T.);
#3115 = FACE_BOUND('',#3116,.T.);
#3116 = EDGE_LOOP('',(#3117,#3118,#3119,#3120,#3128,#3136,#3142,#3150,
    #3156,#3157,#3165,#3173));
#3117 = ORIENTED_EDGE('',*,*,#2588,.F.);
#3118 = ORIENTED_EDGE('',*,*,#2307,.F.);
#3119 = ORIENTED_EDGE('',*,*,#2963,.T.);
#3120 = ORIENTED_EDGE('',*,*,#3121,.F.);
#3121 = EDGE_CURVE('',#3122,#2964,#3124,.T.);
#3122 = VERTEX_POINT('',#3123);
#3123 = CARTESIAN_POINT('',(-35.6,-7.,2.5));
#3124 = LINE('',#3125,#3126);
#3125 = CARTESIAN_POINT('',(-45.,-7.,2.5));
#3126 = VECTOR('',#3127,1.);
#3127 = DIRECTION('',(-1.,0.,0.));
#3128 = ORIENTED_EDGE('',*,*,#3129,.T.);
#3129 = EDGE_CURVE('',#3122,#3130,#3132,.T.);
#3130 = VERTEX_POINT('',#3131);
#3131 = CARTESIAN_POINT('',(-35.6,-7.,3.));
#3132 = LINE('',#3133,#3134);
#3133 = CARTESIAN_POINT('',(-35.6,-7.,-0.5));
#3134 = VECTOR('',#3135,1.);
#3135 = DIRECTION('',(0.,0.,1.));
#3136 = ORIENTED_EDGE('',*,*,#3137,.T.);
#3137 = EDGE_CURVE('',#3130,#2443,#3138,.T.);
#3138 = LINE('',#3139,#3140);
#3139 = CARTESIAN_POINT('',(-37.,-7.,3.));
#3140 = VECTOR('',#3141,1.);
#3141 = DIRECTION('',(1.,0.,0.));
#3142 = ORIENTED_EDGE('',*,*,#3143,.F.);
#3143 = EDGE_CURVE('',#3144,#2443,#3146,.T.);
#3144 = VERTEX_POINT('',#3145);
#3145 = CARTESIAN_POINT('',(-34.,-7.,2.5));
#3146 = LINE('',#3147,#3148);
#3147 = CARTESIAN_POINT('',(-34.,-7.,2.5));
#3148 = VECTOR('',#3149,1.);
#3149 = DIRECTION('',(0.,0.,1.));
#3150 = ORIENTED_EDGE('',*,*,#3151,.F.);
#3151 = EDGE_CURVE('',#2558,#3144,#3152,.T.);
#3152 = LINE('',#3153,#3154);
#3153 = CARTESIAN_POINT('',(-45.,-7.,2.5));
#3154 = VECTOR('',#3155,1.);
#3155 = DIRECTION('',(-1.,0.,0.));
#3156 = ORIENTED_EDGE('',*,*,#2557,.T.);
#3157 = ORIENTED_EDGE('',*,*,#3158,.T.);
#3158 = EDGE_CURVE('',#2549,#3159,#3161,.T.);
#3159 = VERTEX_POINT('',#3160);
#3160 = CARTESIAN_POINT('',(35.6,-7.,3.));
#3161 = LINE('',#3162,#3163);
#3162 = CARTESIAN_POINT('',(-37.,-7.,3.));
#3163 = VECTOR('',#3164,1.);
#3164 = DIRECTION('',(1.,0.,0.));
#3165 = ORIENTED_EDGE('',*,*,#3166,.F.);
#3166 = EDGE_CURVE('',#3167,#3159,#3169,.T.);
#3167 = VERTEX_POINT('',#3168);
#3168 = CARTESIAN_POINT('',(35.6,-7.,2.5));
#3169 = LINE('',#3170,#3171);
#3170 = CARTESIAN_POINT('',(35.6,-7.,-0.5));
#3171 = VECTOR('',#3172,1.);
#3172 = DIRECTION('',(0.,0.,1.));
#3173 = ORIENTED_EDGE('',*,*,#3174,.F.);
#3174 = EDGE_CURVE('',#2589,#3167,#3175,.T.);
#3175 = LINE('',#3176,#3177);
#3176 = CARTESIAN_POINT('',(-45.,-7.,2.5));
#3177 = VECTOR('',#3178,1.);
#3178 = DIRECTION('',(-1.,0.,0.));
#3179 = PLANE('',#3180);
#3180 = AXIS2_PLACEMENT_3D('',#3181,#3182,#3183);
#3181 = CARTESIAN_POINT('',(-37.,-7.,-0.5));
#3182 = DIRECTION('',(0.,1.,0.));
#3183 = DIRECTION('',(0.,0.,1.));
#3184 = ADVANCED_FACE('',(#3185),#3188,.T.);
#3185 = FACE_BOUND('',#3186,.F.);
#3186 = EDGE_LOOP('',(#3187));
#3187 = ORIENTED_EDGE('',*,*,#2365,.F.);
#3188 = PLANE('',#3189);
#3189 = AXIS2_PLACEMENT_3D('',#3190,#3191,#3192);
#3190 = CARTESIAN_POINT('',(49.5,-37.,32.));
#3191 = DIRECTION('',(0.,0.,1.));
#3192 = DIRECTION('',(1.,0.,0.));
#3193 = ADVANCED_FACE('',(#3194,#3197),#3208,.T.);
#3194 = FACE_BOUND('',#3195,.T.);
#3195 = EDGE_LOOP('',(#3196));
#3196 = ORIENTED_EDGE('',*,*,#2381,.T.);
#3197 = FACE_BOUND('',#3198,.T.);
#3198 = EDGE_LOOP('',(#3199));
#3199 = ORIENTED_EDGE('',*,*,#3200,.F.);
#3200 = EDGE_CURVE('',#3201,#3201,#3203,.T.);
#3201 = VERTEX_POINT('',#3202);
#3202 = CARTESIAN_POINT('',(-38.7,-27.5,22.5));
#3203 = CIRCLE('',#3204,1.3);
#3204 = AXIS2_PLACEMENT_3D('',#3205,#3206,#3207);
#3205 = CARTESIAN_POINT('',(-40.,-27.5,22.5));
#3206 = DIRECTION('',(0.,0.,1.));
#3207 = DIRECTION('',(1.,0.,0.));
#3208 = PLANE('',#3209);
#3209 = AXIS2_PLACEMENT_3D('',#3210,#3211,#3212);
#3210 = CARTESIAN_POINT('',(-40.,-27.5,22.5));
#3211 = DIRECTION('',(0.,0.,1.));
#3212 = DIRECTION('',(1.,0.,0.));
#3213 = ADVANCED_FACE('',(#3214,#3217),#3228,.T.);
#3214 = FACE_BOUND('',#3215,.T.);
#3215 = EDGE_LOOP('',(#3216));
#3216 = ORIENTED_EDGE('',*,*,#2406,.T.);
#3217 = FACE_BOUND('',#3218,.T.);
#3218 = EDGE_LOOP('',(#3219));
#3219 = ORIENTED_EDGE('',*,*,#3220,.F.);
#3220 = EDGE_CURVE('',#3221,#3221,#3223,.T.);
#3221 = VERTEX_POINT('',#3222);
#3222 = CARTESIAN_POINT('',(41.3,-27.5,22.5));
#3223 = CIRCLE('',#3224,1.3);
#3224 = AXIS2_PLACEMENT_3D('',#3225,#3226,#3227);
#3225 = CARTESIAN_POINT('',(40.,-27.5,22.5));
#3226 = DIRECTION('',(0.,0.,1.));
#3227 = DIRECTION('',(1.,0.,0.));
#3228 = PLANE('',#3229);
#3229 = AXIS2_PLACEMENT_3D('',#3230,#3231,#3232);
#3230 = CARTESIAN_POINT('',(40.,-27.5,22.5));
#3231 = DIRECTION('',(0.,0.,1.));
#3232 = DIRECTION('',(1.,0.,0.));
#3233 = ADVANCED_FACE('',(#3234),#3268,.T.);
#3234 = FACE_BOUND('',#3235,.T.);
#3235 = EDGE_LOOP('',(#3236,#3245,#3246,#3254,#3262));
#3236 = ORIENTED_EDGE('',*,*,#3237,.T.);
#3237 = EDGE_CURVE('',#3238,#2432,#3240,.T.);
#3238 = VERTEX_POINT('',#3239);
#3239 = CARTESIAN_POINT('',(-34.04196010845,-7.5,8.5));
#3240 = CIRCLE('',#3241,3.);
#3241 = AXIS2_PLACEMENT_3D('',#3242,#3243,#3244);
#3242 = CARTESIAN_POINT('',(-37.,-7.,8.5));
#3243 = DIRECTION('',(0.,0.,1.));
#3244 = DIRECTION('',(1.,0.,0.));
#3245 = ORIENTED_EDGE('',*,*,#2431,.T.);
#3246 = ORIENTED_EDGE('',*,*,#3247,.F.);
#3247 = EDGE_CURVE('',#3248,#2434,#3250,.T.);
#3248 = VERTEX_POINT('',#3249);
#3249 = CARTESIAN_POINT('',(-38.5,-9.5,8.5));
#3250 = LINE('',#3251,#3252);
#3251 = CARTESIAN_POINT('',(-38.5,-9.5,8.5));
#3252 = VECTOR('',#3253,1.);
#3253 = DIRECTION('',(1.,0.,0.));
#3254 = ORIENTED_EDGE('',*,*,#3255,.T.);
#3255 = EDGE_CURVE('',#3248,#3256,#3258,.T.);
#3256 = VERTEX_POINT('',#3257);
#3257 = CARTESIAN_POINT('',(-38.5,-7.5,8.5));
#3258 = LINE('',#3259,#3260);
#3259 = CARTESIAN_POINT('',(-38.5,-9.5,8.5));
#3260 = VECTOR('',#3261,1.);
#3261 = DIRECTION('',(0.,1.,0.));
#3262 = ORIENTED_EDGE('',*,*,#3263,.T.);
#3263 = EDGE_CURVE('',#3256,#3238,#3264,.T.);
#3264 = LINE('',#3265,#3266);
#3265 = CARTESIAN_POINT('',(-38.5,-7.5,8.5));
#3266 = VECTOR('',#3267,1.);
#3267 = DIRECTION('',(1.,0.,0.));
#3268 = PLANE('',#3269);
#3269 = AXIS2_PLACEMENT_3D('',#3270,#3271,#3272);
#3270 = CARTESIAN_POINT('',(-37.,-7.,8.5));
#3271 = DIRECTION('',(0.,0.,1.));
#3272 = DIRECTION('',(1.,0.,0.));
#3273 = ADVANCED_FACE('',(#3274),#3286,.F.);
#3274 = FACE_BOUND('',#3275,.F.);
#3275 = EDGE_LOOP('',(#3276,#3277,#3284,#3285));
#3276 = ORIENTED_EDGE('',*,*,#3013,.F.);
#3277 = ORIENTED_EDGE('',*,*,#3278,.F.);
#3278 = EDGE_CURVE('',#3130,#3014,#3279,.T.);
#3279 = CIRCLE('',#3280,1.4);
#3280 = AXIS2_PLACEMENT_3D('',#3281,#3282,#3283);
#3281 = CARTESIAN_POINT('',(-37.,-7.,3.));
#3282 = DIRECTION('',(0.,0.,1.));
#3283 = DIRECTION('',(1.,0.,0.));
#3284 = ORIENTED_EDGE('',*,*,#3137,.T.);
#3285 = ORIENTED_EDGE('',*,*,#2450,.T.);
#3286 = PLANE('',#3287);
#3287 = AXIS2_PLACEMENT_3D('',#3288,#3289,#3290);
#3288 = CARTESIAN_POINT('',(-37.,-7.,3.));
#3289 = DIRECTION('',(0.,0.,1.));
#3290 = DIRECTION('',(1.,0.,0.));
#3291 = ADVANCED_FACE('',(#3292),#3312,.T.);
#3292 = FACE_BOUND('',#3293,.T.);
#3293 = EDGE_LOOP('',(#3294,#3295,#3296,#3297,#3305));
#3294 = ORIENTED_EDGE('',*,*,#3143,.T.);
#3295 = ORIENTED_EDGE('',*,*,#2442,.T.);
#3296 = ORIENTED_EDGE('',*,*,#3237,.F.);
#3297 = ORIENTED_EDGE('',*,*,#3298,.F.);
#3298 = EDGE_CURVE('',#3299,#3238,#3301,.T.);
#3299 = VERTEX_POINT('',#3300);
#3300 = CARTESIAN_POINT('',(-34.04196010845,-7.5,2.5));
#3301 = LINE('',#3302,#3303);
#3302 = CARTESIAN_POINT('',(-34.04196010845,-7.5,2.5));
#3303 = VECTOR('',#3304,1.);
#3304 = DIRECTION('',(0.,0.,1.));
#3305 = ORIENTED_EDGE('',*,*,#3306,.T.);
#3306 = EDGE_CURVE('',#3299,#3144,#3307,.T.);
#3307 = CIRCLE('',#3308,3.);
#3308 = AXIS2_PLACEMENT_3D('',#3309,#3310,#3311);
#3309 = CARTESIAN_POINT('',(-37.,-7.,2.5));
#3310 = DIRECTION('',(0.,0.,1.));
#3311 = DIRECTION('',(1.,0.,0.));
#3312 = CYLINDRICAL_SURFACE('',#3313,3.);
#3313 = AXIS2_PLACEMENT_3D('',#3314,#3315,#3316);
#3314 = CARTESIAN_POINT('',(-37.,-7.,2.5));
#3315 = DIRECTION('',(0.,0.,1.));
#3316 = DIRECTION('',(1.,0.,0.));
#3317 = ADVANCED_FACE('',(#3318),#3341,.T.);
#3318 = FACE_BOUND('',#3319,.T.);
#3319 = EDGE_LOOP('',(#3320,#3327,#3328,#3335));
#3320 = ORIENTED_EDGE('',*,*,#3321,.F.);
#3321 = EDGE_CURVE('',#2434,#3238,#3322,.T.);
#3322 = CIRCLE('',#3323,3.);
#3323 = AXIS2_PLACEMENT_3D('',#3324,#3325,#3326);
#3324 = CARTESIAN_POINT('',(-37.,-7.,8.5));
#3325 = DIRECTION('',(0.,0.,1.));
#3326 = DIRECTION('',(1.,0.,0.));
#3327 = ORIENTED_EDGE('',*,*,#2482,.T.);
#3328 = ORIENTED_EDGE('',*,*,#3329,.F.);
#3329 = EDGE_CURVE('',#2530,#2483,#3330,.T.);
#3330 = CIRCLE('',#3331,3.);
#3331 = AXIS2_PLACEMENT_3D('',#3332,#3333,#3334);
#3332 = CARTESIAN_POINT('',(37.,-7.,8.5));
#3333 = DIRECTION('',(0.,0.,1.));
#3334 = DIRECTION('',(1.,0.,0.));
#3335 = ORIENTED_EDGE('',*,*,#3336,.F.);
#3336 = EDGE_CURVE('',#3238,#2530,#3337,.T.);
#3337 = LINE('',#3338,#3339);
#3338 = CARTESIAN_POINT('',(-38.5,-7.5,8.5));
#3339 = VECTOR('',#3340,1.);
#3340 = DIRECTION('',(1.,0.,0.));
#3341 = PLANE('',#3342);
#3342 = AXIS2_PLACEMENT_3D('',#3343,#3344,#3345);
#3343 = CARTESIAN_POINT('',(-38.5,-9.5,8.5));
#3344 = DIRECTION('',(0.,0.,1.));
#3345 = DIRECTION('',(1.,0.,0.));
#3346 = ADVANCED_FACE('',(#3347),#3373,.T.);
#3347 = FACE_BOUND('',#3348,.T.);
#3348 = EDGE_LOOP('',(#3349,#3350,#3351,#3359,#3367));
#3349 = ORIENTED_EDGE('',*,*,#2512,.T.);
#3350 = ORIENTED_EDGE('',*,*,#2529,.T.);
#3351 = ORIENTED_EDGE('',*,*,#3352,.T.);
#3352 = EDGE_CURVE('',#2530,#3353,#3355,.T.);
#3353 = VERTEX_POINT('',#3354);
#3354 = CARTESIAN_POINT('',(38.5,-7.5,8.5));
#3355 = LINE('',#3356,#3357);
#3356 = CARTESIAN_POINT('',(-38.5,-7.5,8.5));
#3357 = VECTOR('',#3358,1.);
#3358 = DIRECTION('',(1.,0.,0.));
#3359 = ORIENTED_EDGE('',*,*,#3360,.F.);
#3360 = EDGE_CURVE('',#3361,#3353,#3363,.T.);
#3361 = VERTEX_POINT('',#3362);
#3362 = CARTESIAN_POINT('',(38.5,-9.5,8.5));
#3363 = LINE('',#3364,#3365);
#3364 = CARTESIAN_POINT('',(38.5,-9.5,8.5));
#3365 = VECTOR('',#3366,1.);
#3366 = DIRECTION('',(0.,1.,0.));
#3367 = ORIENTED_EDGE('',*,*,#3368,.F.);
#3368 = EDGE_CURVE('',#2483,#3361,#3369,.T.);
#3369 = LINE('',#3370,#3371);
#3370 = CARTESIAN_POINT('',(-38.5,-9.5,8.5));
#3371 = VECTOR('',#3372,1.);
#3372 = DIRECTION('',(1.,0.,0.));
#3373 = PLANE('',#3374);
#3374 = AXIS2_PLACEMENT_3D('',#3375,#3376,#3377);
#3375 = CARTESIAN_POINT('',(37.,-7.,8.5));
#3376 = DIRECTION('',(0.,0.,1.));
#3377 = DIRECTION('',(1.,0.,0.));
#3378 = ADVANCED_FACE('',(#3379),#3390,.T.);
#3379 = FACE_BOUND('',#3380,.T.);
#3380 = EDGE_LOOP('',(#3381,#3382,#3383,#3384));
#3381 = ORIENTED_EDGE('',*,*,#3298,.T.);
#3382 = ORIENTED_EDGE('',*,*,#3336,.T.);
#3383 = ORIENTED_EDGE('',*,*,#2574,.F.);
#3384 = ORIENTED_EDGE('',*,*,#3385,.F.);
#3385 = EDGE_CURVE('',#3299,#2566,#3386,.T.);
#3386 = LINE('',#3387,#3388);
#3387 = CARTESIAN_POINT('',(-38.5,-7.5,2.5));
#3388 = VECTOR('',#3389,1.);
#3389 = DIRECTION('',(1.,0.,0.));
#3390 = PLANE('',#3391);
#3391 = AXIS2_PLACEMENT_3D('',#3392,#3393,#3394);
#3392 = CARTESIAN_POINT('',(-38.5,-7.5,2.5));
#3393 = DIRECTION('',(0.,1.,0.));
#3394 = DIRECTION('',(0.,0.,1.));
#3395 = ADVANCED_FACE('',(#3396),#3402,.T.);
#3396 = FACE_BOUND('',#3397,.T.);
#3397 = EDGE_LOOP('',(#3398,#3399,#3400,#3401));
#3398 = ORIENTED_EDGE('',*,*,#3151,.T.);
#3399 = ORIENTED_EDGE('',*,*,#3306,.F.);
#3400 = ORIENTED_EDGE('',*,*,#3385,.T.);
#3401 = ORIENTED_EDGE('',*,*,#2565,.F.);
#3402 = PLANE('',#3403);
#3403 = AXIS2_PLACEMENT_3D('',#3404,#3405,#3406);
#3404 = CARTESIAN_POINT('',(-53.,-40.5,2.5));
#3405 = DIRECTION('',(0.,0.,1.));
#3406 = DIRECTION('',(1.,0.,0.));
#3407 = ADVANCED_FACE('',(#3408),#3420,.F.);
#3408 = FACE_BOUND('',#3409,.F.);
#3409 = EDGE_LOOP('',(#3410,#3411,#3412,#3419));
#3410 = ORIENTED_EDGE('',*,*,#2548,.T.);
#3411 = ORIENTED_EDGE('',*,*,#3158,.T.);
#3412 = ORIENTED_EDGE('',*,*,#3413,.F.);
#3413 = EDGE_CURVE('',#2646,#3159,#3414,.T.);
#3414 = CIRCLE('',#3415,1.4);
#3415 = AXIS2_PLACEMENT_3D('',#3416,#3417,#3418);
#3416 = CARTESIAN_POINT('',(37.,-7.,3.));
#3417 = DIRECTION('',(0.,0.,1.));
#3418 = DIRECTION('',(1.,0.,0.));
#3419 = ORIENTED_EDGE('',*,*,#2645,.T.);
#3420 = PLANE('',#3421);
#3421 = AXIS2_PLACEMENT_3D('',#3422,#3423,#3424);
#3422 = CARTESIAN_POINT('',(-37.,-7.,3.));
#3423 = DIRECTION('',(0.,0.,1.));
#3424 = DIRECTION('',(1.,0.,0.));
#3425 = ADVANCED_FACE('',(#3426),#3463,.T.);
#3426 = FACE_BOUND('',#3427,.T.);
#3427 = EDGE_LOOP('',(#3428,#3438,#3447,#3454,#3455,#3456));
#3428 = ORIENTED_EDGE('',*,*,#3429,.T.);
#3429 = EDGE_CURVE('',#3430,#3432,#3434,.T.);
#3430 = VERTEX_POINT('',#3431);
#3431 = CARTESIAN_POINT('',(35.692330316938,-7.5,2.5));
#3432 = VERTEX_POINT('',#3433);
#3433 = CARTESIAN_POINT('',(38.307669683062,-7.5,2.5));
#3434 = LINE('',#3435,#3436);
#3435 = CARTESIAN_POINT('',(-38.5,-7.5,2.5));
#3436 = VECTOR('',#3437,1.);
#3437 = DIRECTION('',(1.,0.,0.));
#3438 = ORIENTED_EDGE('',*,*,#3439,.T.);
#3439 = EDGE_CURVE('',#3432,#3440,#3442,.T.);
#3440 = VERTEX_POINT('',#3441);
#3441 = CARTESIAN_POINT('',(38.4,-7.,2.5));
#3442 = CIRCLE('',#3443,1.4);
#3443 = AXIS2_PLACEMENT_3D('',#3444,#3445,#3446);
#3444 = CARTESIAN_POINT('',(37.,-7.,2.5));
#3445 = DIRECTION('',(0.,0.,1.));
#3446 = DIRECTION('',(1.,0.,0.));
#3447 = ORIENTED_EDGE('',*,*,#3448,.T.);
#3448 = EDGE_CURVE('',#3440,#2654,#3449,.T.);
#3449 = CIRCLE('',#3450,1.4);
#3450 = AXIS2_PLACEMENT_3D('',#3451,#3452,#3453);
#3451 = CARTESIAN_POINT('',(37.,-7.,2.5));
#3452 = DIRECTION('',(0.,0.,1.));
#3453 = DIRECTION('',(1.,0.,0.));
#3454 = ORIENTED_EDGE('',*,*,#2661,.F.);
#3455 = ORIENTED_EDGE('',*,*,#3174,.T.);
#3456 = ORIENTED_EDGE('',*,*,#3457,.T.);
#3457 = EDGE_CURVE('',#3167,#3430,#3458,.T.);
#3458 = CIRCLE('',#3459,1.4);
#3459 = AXIS2_PLACEMENT_3D('',#3460,#3461,#3462);
#3460 = CARTESIAN_POINT('',(37.,-7.,2.5));
#3461 = DIRECTION('',(0.,0.,1.));
#3462 = DIRECTION('',(1.,0.,0.));
#3463 = PLANE('',#3464);
#3464 = AXIS2_PLACEMENT_3D('',#3465,#3466,#3467);
#3465 = CARTESIAN_POINT('',(-53.,-40.5,2.5));
#3466 = DIRECTION('',(0.,0.,1.));
#3467 = DIRECTION('',(1.,0.,0.));
#3468 = ADVANCED_FACE('',(#3469),#3499,.F.);
#3469 = FACE_BOUND('',#3470,.F.);
#3470 = EDGE_LOOP('',(#3471,#3479,#3480,#3481,#3482,#3483,#3484,#3492));
#3471 = ORIENTED_EDGE('',*,*,#3472,.F.);
#3472 = EDGE_CURVE('',#3440,#3473,#3475,.T.);
#3473 = VERTEX_POINT('',#3474);
#3474 = CARTESIAN_POINT('',(38.4,-7.,6.5));
#3475 = LINE('',#3476,#3477);
#3476 = CARTESIAN_POINT('',(38.4,-7.,-0.5));
#3477 = VECTOR('',#3478,1.);
#3478 = DIRECTION('',(0.,0.,1.));
#3479 = ORIENTED_EDGE('',*,*,#3448,.T.);
#3480 = ORIENTED_EDGE('',*,*,#2653,.T.);
#3481 = ORIENTED_EDGE('',*,*,#3413,.T.);
#3482 = ORIENTED_EDGE('',*,*,#3166,.F.);
#3483 = ORIENTED_EDGE('',*,*,#3457,.T.);
#3484 = ORIENTED_EDGE('',*,*,#3485,.T.);
#3485 = EDGE_CURVE('',#3430,#3486,#3488,.T.);
#3486 = VERTEX_POINT('',#3487);
#3487 = CARTESIAN_POINT('',(35.692330316938,-7.5,6.5));
#3488 = LINE('',#3489,#3490);
#3489 = CARTESIAN_POINT('',(35.692330316938,-7.5,-0.5));
#3490 = VECTOR('',#3491,1.);
#3491 = DIRECTION('',(0.,0.,1.));
#3492 = ORIENTED_EDGE('',*,*,#3493,.F.);
#3493 = EDGE_CURVE('',#3473,#3486,#3494,.T.);
#3494 = CIRCLE('',#3495,1.4);
#3495 = AXIS2_PLACEMENT_3D('',#3496,#3497,#3498);
#3496 = CARTESIAN_POINT('',(37.,-7.,6.5));
#3497 = DIRECTION('',(0.,0.,1.));
#3498 = DIRECTION('',(1.,0.,0.));
#3499 = CYLINDRICAL_SURFACE('',#3500,1.4);
#3500 = AXIS2_PLACEMENT_3D('',#3501,#3502,#3503);
#3501 = CARTESIAN_POINT('',(37.,-7.,-0.5));
#3502 = DIRECTION('',(0.,0.,1.));
#3503 = DIRECTION('',(1.,0.,0.));
#3504 = ADVANCED_FACE('',(#3505),#3510,.T.);
#3505 = FACE_BOUND('',#3506,.T.);
#3506 = EDGE_LOOP('',(#3507,#3508,#3509));
#3507 = ORIENTED_EDGE('',*,*,#2637,.F.);
#3508 = ORIENTED_EDGE('',*,*,#2718,.F.);
#3509 = ORIENTED_EDGE('',*,*,#2783,.F.);
#3510 = PLANE('',#3511);
#3511 = AXIS2_PLACEMENT_3D('',#3512,#3513,#3514);
#3512 = CARTESIAN_POINT('',(-53.,-40.5,2.5));
#3513 = DIRECTION('',(0.,0.,1.));
#3514 = DIRECTION('',(1.,0.,0.));
#3515 = ADVANCED_FACE('',(#3516),#3528,.F.);
#3516 = FACE_BOUND('',#3517,.F.);
#3517 = EDGE_LOOP('',(#3518,#3519,#3520,#3521));
#3518 = ORIENTED_EDGE('',*,*,#2841,.F.);
#3519 = ORIENTED_EDGE('',*,*,#2775,.T.);
#3520 = ORIENTED_EDGE('',*,*,#2621,.T.);
#3521 = ORIENTED_EDGE('',*,*,#3522,.F.);
#3522 = EDGE_CURVE('',#2842,#2614,#3523,.T.);
#3523 = CIRCLE('',#3524,1.4);
#3524 = AXIS2_PLACEMENT_3D('',#3525,#3526,#3527);
#3525 = CARTESIAN_POINT('',(37.,31.,3.));
#3526 = DIRECTION('',(0.,0.,1.));
#3527 = DIRECTION('',(1.,0.,0.));
#3528 = PLANE('',#3529);
#3529 = AXIS2_PLACEMENT_3D('',#3530,#3531,#3532);
#3530 = CARTESIAN_POINT('',(-37.,-7.,3.));
#3531 = DIRECTION('',(0.,0.,1.));
#3532 = DIRECTION('',(1.,0.,0.));
#3533 = ADVANCED_FACE('',(#3534),#3571,.F.);
#3534 = FACE_BOUND('',#3535,.F.);
#3535 = EDGE_LOOP('',(#3536,#3545,#3553,#3560,#3561,#3568,#3569,#3570));
#3536 = ORIENTED_EDGE('',*,*,#3537,.T.);
#3537 = EDGE_CURVE('',#2606,#3538,#3540,.T.);
#3538 = VERTEX_POINT('',#3539);
#3539 = CARTESIAN_POINT('',(38.4,31.,2.5));
#3540 = CIRCLE('',#3541,1.4);
#3541 = AXIS2_PLACEMENT_3D('',#3542,#3543,#3544);
#3542 = CARTESIAN_POINT('',(37.,31.,2.5));
#3543 = DIRECTION('',(0.,0.,1.));
#3544 = DIRECTION('',(1.,0.,0.));
#3545 = ORIENTED_EDGE('',*,*,#3546,.T.);
#3546 = EDGE_CURVE('',#3538,#3547,#3549,.T.);
#3547 = VERTEX_POINT('',#3548);
#3548 = CARTESIAN_POINT('',(38.4,31.,6.5));
#3549 = LINE('',#3550,#3551);
#3550 = CARTESIAN_POINT('',(38.4,31.,-0.5));
#3551 = VECTOR('',#3552,1.);
#3552 = DIRECTION('',(0.,0.,1.));
#3553 = ORIENTED_EDGE('',*,*,#3554,.F.);
#3554 = EDGE_CURVE('',#3547,#3547,#3555,.T.);
#3555 = CIRCLE('',#3556,1.4);
#3556 = AXIS2_PLACEMENT_3D('',#3557,#3558,#3559);
#3557 = CARTESIAN_POINT('',(37.,31.,6.5));
#3558 = DIRECTION('',(0.,0.,1.));
#3559 = DIRECTION('',(1.,0.,0.));
#3560 = ORIENTED_EDGE('',*,*,#3546,.F.);
#3561 = ORIENTED_EDGE('',*,*,#3562,.T.);
#3562 = EDGE_CURVE('',#3538,#2850,#3563,.T.);
#3563 = CIRCLE('',#3564,1.4);
#3564 = AXIS2_PLACEMENT_3D('',#3565,#3566,#3567);
#3565 = CARTESIAN_POINT('',(37.,31.,2.5));
#3566 = DIRECTION('',(0.,0.,1.));
#3567 = DIRECTION('',(1.,0.,0.));
#3568 = ORIENTED_EDGE('',*,*,#2849,.T.);
#3569 = ORIENTED_EDGE('',*,*,#3522,.T.);
#3570 = ORIENTED_EDGE('',*,*,#2613,.F.);
#3571 = CYLINDRICAL_SURFACE('',#3572,1.4);
#3572 = AXIS2_PLACEMENT_3D('',#3573,#3574,#3575);
#3573 = CARTESIAN_POINT('',(37.,31.,-0.5));
#3574 = DIRECTION('',(0.,0.,1.));
#3575 = DIRECTION('',(1.,0.,0.));
#3576 = ADVANCED_FACE('',(#3577),#3583,.T.);
#3577 = FACE_BOUND('',#3578,.T.);
#3578 = EDGE_LOOP('',(#3579,#3580,#3581,#3582));
#3579 = ORIENTED_EDGE('',*,*,#3537,.T.);
#3580 = ORIENTED_EDGE('',*,*,#3562,.T.);
#3581 = ORIENTED_EDGE('',*,*,#2857,.F.);
#3582 = ORIENTED_EDGE('',*,*,#2605,.F.);
#3583 = PLANE('',#3584);
#3584 = AXIS2_PLACEMENT_3D('',#3585,#3586,#3587);
#3585 = CARTESIAN_POINT('',(-53.,-40.5,2.5));
#3586 = DIRECTION('',(0.,0.,1.));
#3587 = DIRECTION('',(1.,0.,0.));
#3588 = ADVANCED_FACE('',(#3589),#3594,.T.);
#3589 = FACE_BOUND('',#3590,.T.);
#3590 = EDGE_LOOP('',(#3591,#3592,#3593));
#3591 = ORIENTED_EDGE('',*,*,#2741,.T.);
#3592 = ORIENTED_EDGE('',*,*,#2758,.T.);
#3593 = ORIENTED_EDGE('',*,*,#2701,.F.);
#3594 = PLANE('',#3595);
#3595 = AXIS2_PLACEMENT_3D('',#3596,#3597,#3598);
#3596 = CARTESIAN_POINT('',(37.,31.,8.5));
#3597 = DIRECTION('',(0.,0.,1.));
#3598 = DIRECTION('',(1.,0.,0.));
#3599 = ADVANCED_FACE('',(#3600,#3603),#3614,.T.);
#3600 = FACE_BOUND('',#3601,.T.);
#3601 = EDGE_LOOP('',(#3602));
#3602 = ORIENTED_EDGE('',*,*,#2684,.T.);
#3603 = FACE_BOUND('',#3604,.T.);
#3604 = EDGE_LOOP('',(#3605));
#3605 = ORIENTED_EDGE('',*,*,#3606,.F.);
#3606 = EDGE_CURVE('',#3607,#3607,#3609,.T.);
#3607 = VERTEX_POINT('',#3608);
#3608 = CARTESIAN_POINT('',(41.3,27.5,22.5));
#3609 = CIRCLE('',#3610,1.3);
#3610 = AXIS2_PLACEMENT_3D('',#3611,#3612,#3613);
#3611 = CARTESIAN_POINT('',(40.,27.5,22.5));
#3612 = DIRECTION('',(0.,0.,1.));
#3613 = DIRECTION('',(1.,0.,0.));
#3614 = PLANE('',#3615);
#3615 = AXIS2_PLACEMENT_3D('',#3616,#3617,#3618);
#3616 = CARTESIAN_POINT('',(40.,27.5,22.5));
#3617 = DIRECTION('',(0.,0.,1.));
#3618 = DIRECTION('',(1.,0.,0.));
#3619 = ADVANCED_FACE('',(#3620),#3638,.F.);
#3620 = FACE_BOUND('',#3621,.F.);
#3621 = EDGE_LOOP('',(#3622,#3623,#3630,#3631));
#3622 = ORIENTED_EDGE('',*,*,#2989,.F.);
#3623 = ORIENTED_EDGE('',*,*,#3624,.T.);
#3624 = EDGE_CURVE('',#2990,#2826,#3625,.T.);
#3625 = CIRCLE('',#3626,3.);
#3626 = AXIS2_PLACEMENT_3D('',#3627,#3628,#3629);
#3627 = CARTESIAN_POINT('',(-37.,31.,3.));
#3628 = DIRECTION('',(0.,0.,1.));
#3629 = DIRECTION('',(1.,0.,0.));
#3630 = ORIENTED_EDGE('',*,*,#2825,.F.);
#3631 = ORIENTED_EDGE('',*,*,#3632,.F.);
#3632 = EDGE_CURVE('',#2982,#2818,#3633,.T.);
#3633 = CIRCLE('',#3634,1.4);
#3634 = AXIS2_PLACEMENT_3D('',#3635,#3636,#3637);
#3635 = CARTESIAN_POINT('',(-37.,31.,3.));
#3636 = DIRECTION('',(0.,0.,1.));
#3637 = DIRECTION('',(1.,0.,0.));
#3638 = PLANE('',#3639);
#3639 = AXIS2_PLACEMENT_3D('',#3640,#3641,#3642);
#3640 = CARTESIAN_POINT('',(-37.,-7.,3.));
#3641 = DIRECTION('',(0.,0.,1.));
#3642 = DIRECTION('',(1.,0.,0.));
#3643 = ADVANCED_FACE('',(#3644),#3672,.F.);
#3644 = FACE_BOUND('',#3645,.F.);
#3645 = EDGE_LOOP('',(#3646,#3647,#3654,#3655,#3656,#3664,#3671));
#3646 = ORIENTED_EDGE('',*,*,#2817,.F.);
#3647 = ORIENTED_EDGE('',*,*,#3648,.T.);
#3648 = EDGE_CURVE('',#2810,#2974,#3649,.T.);
#3649 = CIRCLE('',#3650,1.4);
#3650 = AXIS2_PLACEMENT_3D('',#3651,#3652,#3653);
#3651 = CARTESIAN_POINT('',(-37.,31.,2.5));
#3652 = DIRECTION('',(0.,0.,1.));
#3653 = DIRECTION('',(1.,0.,0.));
#3654 = ORIENTED_EDGE('',*,*,#2981,.T.);
#3655 = ORIENTED_EDGE('',*,*,#3632,.T.);
#3656 = ORIENTED_EDGE('',*,*,#3657,.T.);
#3657 = EDGE_CURVE('',#2818,#3658,#3660,.T.);
#3658 = VERTEX_POINT('',#3659);
#3659 = CARTESIAN_POINT('',(-35.6,31.,6.5));
#3660 = LINE('',#3661,#3662);
#3661 = CARTESIAN_POINT('',(-35.6,31.,-0.5));
#3662 = VECTOR('',#3663,1.);
#3663 = DIRECTION('',(0.,0.,1.));
#3664 = ORIENTED_EDGE('',*,*,#3665,.F.);
#3665 = EDGE_CURVE('',#3658,#3658,#3666,.T.);
#3666 = CIRCLE('',#3667,1.4);
#3667 = AXIS2_PLACEMENT_3D('',#3668,#3669,#3670);
#3668 = CARTESIAN_POINT('',(-37.,31.,6.5));
#3669 = DIRECTION('',(0.,0.,1.));
#3670 = DIRECTION('',(1.,0.,0.));
#3671 = ORIENTED_EDGE('',*,*,#3657,.F.);
#3672 = CYLINDRICAL_SURFACE('',#3673,1.4);
#3673 = AXIS2_PLACEMENT_3D('',#3674,#3675,#3676);
#3674 = CARTESIAN_POINT('',(-37.,31.,-0.5));
#3675 = DIRECTION('',(0.,0.,1.));
#3676 = DIRECTION('',(1.,0.,0.));
#3677 = ADVANCED_FACE('',(#3678),#3683,.T.);
#3678 = FACE_BOUND('',#3679,.T.);
#3679 = EDGE_LOOP('',(#3680,#3681,#3682));
#3680 = ORIENTED_EDGE('',*,*,#2809,.F.);
#3681 = ORIENTED_EDGE('',*,*,#3648,.T.);
#3682 = ORIENTED_EDGE('',*,*,#2973,.T.);
#3683 = PLANE('',#3684);
#3684 = AXIS2_PLACEMENT_3D('',#3685,#3686,#3687);
#3685 = CARTESIAN_POINT('',(-53.,-40.5,2.5));
#3686 = DIRECTION('',(0.,0.,1.));
#3687 = DIRECTION('',(1.,0.,0.));
#3688 = ADVANCED_FACE('',(#3689),#3700,.T.);
#3689 = FACE_BOUND('',#3690,.T.);
#3690 = EDGE_LOOP('',(#3691,#3698,#3699));
#3691 = ORIENTED_EDGE('',*,*,#3692,.T.);
#3692 = EDGE_CURVE('',#2940,#2872,#3693,.T.);
#3693 = CIRCLE('',#3694,3.);
#3694 = AXIS2_PLACEMENT_3D('',#3695,#3696,#3697);
#3695 = CARTESIAN_POINT('',(-37.,31.,8.5));
#3696 = DIRECTION('',(0.,0.,1.));
#3697 = DIRECTION('',(1.,0.,0.));
#3698 = ORIENTED_EDGE('',*,*,#2871,.T.);
#3699 = ORIENTED_EDGE('',*,*,#2947,.F.);
#3700 = PLANE('',#3701);
#3701 = AXIS2_PLACEMENT_3D('',#3702,#3703,#3704);
#3702 = CARTESIAN_POINT('',(-37.,31.,8.5));
#3703 = DIRECTION('',(0.,0.,1.));
#3704 = DIRECTION('',(1.,0.,0.));
#3705 = ADVANCED_FACE('',(#3706),#3720,.T.);
#3706 = FACE_BOUND('',#3707,.T.);
#3707 = EDGE_LOOP('',(#3708,#3709,#3710,#3711,#3712,#3719));
#3708 = ORIENTED_EDGE('',*,*,#3624,.T.);
#3709 = ORIENTED_EDGE('',*,*,#2882,.T.);
#3710 = ORIENTED_EDGE('',*,*,#3692,.F.);
#3711 = ORIENTED_EDGE('',*,*,#2939,.F.);
#3712 = ORIENTED_EDGE('',*,*,#3713,.T.);
#3713 = EDGE_CURVE('',#2931,#2998,#3714,.T.);
#3714 = CIRCLE('',#3715,3.);
#3715 = AXIS2_PLACEMENT_3D('',#3716,#3717,#3718);
#3716 = CARTESIAN_POINT('',(-37.,31.,2.5));
#3717 = DIRECTION('',(0.,0.,1.));
#3718 = DIRECTION('',(1.,0.,0.));
#3719 = ORIENTED_EDGE('',*,*,#2997,.T.);
#3720 = CYLINDRICAL_SURFACE('',#3721,3.);
#3721 = AXIS2_PLACEMENT_3D('',#3722,#3723,#3724);
#3722 = CARTESIAN_POINT('',(-37.,31.,2.5));
#3723 = DIRECTION('',(0.,0.,1.));
#3724 = DIRECTION('',(1.,0.,0.));
#3725 = ADVANCED_FACE('',(#3726),#3731,.T.);
#3726 = FACE_BOUND('',#3727,.T.);
#3727 = EDGE_LOOP('',(#3728,#3729,#3730));
#3728 = ORIENTED_EDGE('',*,*,#2930,.F.);
#3729 = ORIENTED_EDGE('',*,*,#3005,.T.);
#3730 = ORIENTED_EDGE('',*,*,#3713,.F.);
#3731 = PLANE('',#3732);
#3732 = AXIS2_PLACEMENT_3D('',#3733,#3734,#3735);
#3733 = CARTESIAN_POINT('',(-53.,-40.5,2.5));
#3734 = DIRECTION('',(0.,0.,1.));
#3735 = DIRECTION('',(1.,0.,0.));
#3736 = ADVANCED_FACE('',(#3737,#3740),#3751,.T.);
#3737 = FACE_BOUND('',#3738,.T.);
#3738 = EDGE_LOOP('',(#3739));
#3739 = ORIENTED_EDGE('',*,*,#2921,.T.);
#3740 = FACE_BOUND('',#3741,.T.);
#3741 = EDGE_LOOP('',(#3742));
#3742 = ORIENTED_EDGE('',*,*,#3743,.F.);
#3743 = EDGE_CURVE('',#3744,#3744,#3746,.T.);
#3744 = VERTEX_POINT('',#3745);
#3745 = CARTESIAN_POINT('',(-38.7,27.5,22.5));
#3746 = CIRCLE('',#3747,1.3);
#3747 = AXIS2_PLACEMENT_3D('',#3748,#3749,#3750);
#3748 = CARTESIAN_POINT('',(-40.,27.5,22.5));
#3749 = DIRECTION('',(0.,0.,1.));
#3750 = DIRECTION('',(1.,0.,0.));
#3751 = PLANE('',#3752);
#3752 = AXIS2_PLACEMENT_3D('',#3753,#3754,#3755);
#3753 = CARTESIAN_POINT('',(-40.,27.5,22.5));
#3754 = DIRECTION('',(0.,0.,1.));
#3755 = DIRECTION('',(1.,0.,0.));
#3756 = ADVANCED_FACE('',(#3757),#3785,.T.);
#3757 = FACE_BOUND('',#3758,.T.);
#3758 = EDGE_LOOP('',(#3759,#3769,#3776,#3777,#3778));
#3759 = ORIENTED_EDGE('',*,*,#3760,.T.);
#3760 = EDGE_CURVE('',#3761,#3763,#3765,.T.);
#3761 = VERTEX_POINT('',#3762);
#3762 = CARTESIAN_POINT('',(-38.30766968306,-7.5,2.5));
#3763 = VERTEX_POINT('',#3764);
#3764 = CARTESIAN_POINT('',(-35.69233031693,-7.5,2.5));
#3765 = LINE('',#3766,#3767);
#3766 = CARTESIAN_POINT('',(-38.5,-7.5,2.5));
#3767 = VECTOR('',#3768,1.);
#3768 = DIRECTION('',(1.,0.,0.));
#3769 = ORIENTED_EDGE('',*,*,#3770,.T.);
#3770 = EDGE_CURVE('',#3763,#3122,#3771,.T.);
#3771 = CIRCLE('',#3772,1.4);
#3772 = AXIS2_PLACEMENT_3D('',#3773,#3774,#3775);
#3773 = CARTESIAN_POINT('',(-37.,-7.,2.5));
#3774 = DIRECTION('',(0.,0.,1.));
#3775 = DIRECTION('',(1.,0.,0.));
#3776 = ORIENTED_EDGE('',*,*,#3121,.T.);
#3777 = ORIENTED_EDGE('',*,*,#3029,.T.);
#3778 = ORIENTED_EDGE('',*,*,#3779,.T.);
#3779 = EDGE_CURVE('',#3022,#3761,#3780,.T.);
#3780 = CIRCLE('',#3781,1.4);
#3781 = AXIS2_PLACEMENT_3D('',#3782,#3783,#3784);
#3782 = CARTESIAN_POINT('',(-37.,-7.,2.5));
#3783 = DIRECTION('',(0.,0.,1.));
#3784 = DIRECTION('',(1.,0.,0.));
#3785 = PLANE('',#3786);
#3786 = AXIS2_PLACEMENT_3D('',#3787,#3788,#3789);
#3787 = CARTESIAN_POINT('',(-53.,-40.5,2.5));
#3788 = DIRECTION('',(0.,0.,1.));
#3789 = DIRECTION('',(1.,0.,0.));
#3790 = ADVANCED_FACE('',(#3791),#3819,.F.);
#3791 = FACE_BOUND('',#3792,.F.);
#3792 = EDGE_LOOP('',(#3793,#3804,#3810,#3811,#3812,#3813));
#3793 = ORIENTED_EDGE('',*,*,#3794,.F.);
#3794 = EDGE_CURVE('',#3795,#3797,#3799,.T.);
#3795 = VERTEX_POINT('',#3796);
#3796 = CARTESIAN_POINT('',(-35.6,-7.,6.5));
#3797 = VERTEX_POINT('',#3798);
#3798 = CARTESIAN_POINT('',(-38.30766968306,-7.5,6.5));
#3799 = CIRCLE('',#3800,1.4);
#3800 = AXIS2_PLACEMENT_3D('',#3801,#3802,#3803);
#3801 = CARTESIAN_POINT('',(-37.,-7.,6.5));
#3802 = DIRECTION('',(0.,0.,1.));
#3803 = DIRECTION('',(1.,0.,0.));
#3804 = ORIENTED_EDGE('',*,*,#3805,.F.);
#3805 = EDGE_CURVE('',#3130,#3795,#3806,.T.);
#3806 = LINE('',#3807,#3808);
#3807 = CARTESIAN_POINT('',(-35.6,-7.,-0.5));
#3808 = VECTOR('',#3809,1.);
#3809 = DIRECTION('',(0.,0.,1.));
#3810 = ORIENTED_EDGE('',*,*,#3278,.T.);
#3811 = ORIENTED_EDGE('',*,*,#3021,.F.);
#3812 = ORIENTED_EDGE('',*,*,#3779,.T.);
#3813 = ORIENTED_EDGE('',*,*,#3814,.T.);
#3814 = EDGE_CURVE('',#3761,#3797,#3815,.T.);
#3815 = LINE('',#3816,#3817);
#3816 = CARTESIAN_POINT('',(-38.30766968306,-7.5,-0.5));
#3817 = VECTOR('',#3818,1.);
#3818 = DIRECTION('',(0.,0.,1.));
#3819 = CYLINDRICAL_SURFACE('',#3820,1.4);
#3820 = AXIS2_PLACEMENT_3D('',#3821,#3822,#3823);
#3821 = CARTESIAN_POINT('',(-37.,-7.,-0.5));
#3822 = DIRECTION('',(0.,0.,1.));
#3823 = DIRECTION('',(1.,0.,0.));
#3824 = ADVANCED_FACE('',(#3825),#3828,.T.);
#3825 = FACE_BOUND('',#3826,.F.);
#3826 = EDGE_LOOP('',(#3827));
#3827 = ORIENTED_EDGE('',*,*,#3052,.F.);
#3828 = PLANE('',#3829);
#3829 = AXIS2_PLACEMENT_3D('',#3830,#3831,#3832);
#3830 = CARTESIAN_POINT('',(49.5,37.,32.));
#3831 = DIRECTION('',(0.,0.,1.));
#3832 = DIRECTION('',(1.,0.,0.));
#3833 = ADVANCED_FACE('',(#3834),#3837,.T.);
#3834 = FACE_BOUND('',#3835,.F.);
#3835 = EDGE_LOOP('',(#3836));
#3836 = ORIENTED_EDGE('',*,*,#3077,.F.);
#3837 = PLANE('',#3838);
#3838 = AXIS2_PLACEMENT_3D('',#3839,#3840,#3841);
#3839 = CARTESIAN_POINT('',(-49.5,37.,32.));
#3840 = DIRECTION('',(0.,0.,1.));
#3841 = DIRECTION('',(1.,0.,0.));
#3842 = ADVANCED_FACE('',(#3843),#3846,.T.);
#3843 = FACE_BOUND('',#3844,.F.);
#3844 = EDGE_LOOP('',(#3845));
#3845 = ORIENTED_EDGE('',*,*,#3102,.F.);
#3846 = PLANE('',#3847);
#3847 = AXIS2_PLACEMENT_3D('',#3848,#3849,#3850);
#3848 = CARTESIAN_POINT('',(-49.5,-37.,32.));
#3849 = DIRECTION('',(0.,0.,1.));
#3850 = DIRECTION('',(1.,0.,0.));
#3851 = ADVANCED_FACE('',(#3852),#3872,.F.);
#3852 = FACE_BOUND('',#3853,.F.);
#3853 = EDGE_LOOP('',(#3854,#3855,#3856,#3857,#3866));
#3854 = ORIENTED_EDGE('',*,*,#3770,.T.);
#3855 = ORIENTED_EDGE('',*,*,#3129,.T.);
#3856 = ORIENTED_EDGE('',*,*,#3805,.T.);
#3857 = ORIENTED_EDGE('',*,*,#3858,.F.);
#3858 = EDGE_CURVE('',#3859,#3795,#3861,.T.);
#3859 = VERTEX_POINT('',#3860);
#3860 = CARTESIAN_POINT('',(-35.69233031693,-7.5,6.5));
#3861 = CIRCLE('',#3862,1.4);
#3862 = AXIS2_PLACEMENT_3D('',#3863,#3864,#3865);
#3863 = CARTESIAN_POINT('',(-37.,-7.,6.5));
#3864 = DIRECTION('',(0.,0.,1.));
#3865 = DIRECTION('',(1.,0.,0.));
#3866 = ORIENTED_EDGE('',*,*,#3867,.F.);
#3867 = EDGE_CURVE('',#3763,#3859,#3868,.T.);
#3868 = LINE('',#3869,#3870);
#3869 = CARTESIAN_POINT('',(-35.69233031693,-7.5,-0.5));
#3870 = VECTOR('',#3871,1.);
#3871 = DIRECTION('',(0.,0.,1.));
#3872 = CYLINDRICAL_SURFACE('',#3873,1.4);
#3873 = AXIS2_PLACEMENT_3D('',#3874,#3875,#3876);
#3874 = CARTESIAN_POINT('',(-37.,-7.,-0.5));
#3875 = DIRECTION('',(0.,0.,1.));
#3876 = DIRECTION('',(1.,0.,0.));
#3877 = ADVANCED_FACE('',(#3878),#3897,.F.);
#3878 = FACE_BOUND('',#3879,.F.);
#3879 = EDGE_LOOP('',(#3880,#3881,#3889,#3896));
#3880 = ORIENTED_EDGE('',*,*,#3200,.F.);
#3881 = ORIENTED_EDGE('',*,*,#3882,.F.);
#3882 = EDGE_CURVE('',#3883,#3201,#3885,.T.);
#3883 = VERTEX_POINT('',#3884);
#3884 = CARTESIAN_POINT('',(-38.7,-27.5,17.5));
#3885 = LINE('',#3886,#3887);
#3886 = CARTESIAN_POINT('',(-38.7,-27.5,17.5));
#3887 = VECTOR('',#3888,1.);
#3888 = DIRECTION('',(0.,0.,1.));
#3889 = ORIENTED_EDGE('',*,*,#3890,.T.);
#3890 = EDGE_CURVE('',#3883,#3883,#3891,.T.);
#3891 = CIRCLE('',#3892,1.3);
#3892 = AXIS2_PLACEMENT_3D('',#3893,#3894,#3895);
#3893 = CARTESIAN_POINT('',(-40.,-27.5,17.5));
#3894 = DIRECTION('',(0.,0.,1.));
#3895 = DIRECTION('',(1.,0.,0.));
#3896 = ORIENTED_EDGE('',*,*,#3882,.T.);
#3897 = CYLINDRICAL_SURFACE('',#3898,1.3);
#3898 = AXIS2_PLACEMENT_3D('',#3899,#3900,#3901);
#3899 = CARTESIAN_POINT('',(-40.,-27.5,17.5));
#3900 = DIRECTION('',(0.,0.,1.));
#3901 = DIRECTION('',(1.,0.,0.));
#3902 = ADVANCED_FACE('',(#3903),#3922,.F.);
#3903 = FACE_BOUND('',#3904,.F.);
#3904 = EDGE_LOOP('',(#3905,#3906,#3914,#3921));
#3905 = ORIENTED_EDGE('',*,*,#3220,.F.);
#3906 = ORIENTED_EDGE('',*,*,#3907,.F.);
#3907 = EDGE_CURVE('',#3908,#3221,#3910,.T.);
#3908 = VERTEX_POINT('',#3909);
#3909 = CARTESIAN_POINT('',(41.3,-27.5,17.5));
#3910 = LINE('',#3911,#3912);
#3911 = CARTESIAN_POINT('',(41.3,-27.5,17.5));
#3912 = VECTOR('',#3913,1.);
#3913 = DIRECTION('',(0.,0.,1.));
#3914 = ORIENTED_EDGE('',*,*,#3915,.T.);
#3915 = EDGE_CURVE('',#3908,#3908,#3916,.T.);
#3916 = CIRCLE('',#3917,1.3);
#3917 = AXIS2_PLACEMENT_3D('',#3918,#3919,#3920);
#3918 = CARTESIAN_POINT('',(40.,-27.5,17.5));
#3919 = DIRECTION('',(0.,0.,1.));
#3920 = DIRECTION('',(1.,0.,0.));
#3921 = ORIENTED_EDGE('',*,*,#3907,.T.);
#3922 = CYLINDRICAL_SURFACE('',#3923,1.3);
#3923 = AXIS2_PLACEMENT_3D('',#3924,#3925,#3926);
#3924 = CARTESIAN_POINT('',(40.,-27.5,17.5));
#3925 = DIRECTION('',(0.,0.,1.));
#3926 = DIRECTION('',(1.,0.,0.));
#3927 = ADVANCED_FACE('',(#3928),#3934,.T.);
#3928 = FACE_BOUND('',#3929,.T.);
#3929 = EDGE_LOOP('',(#3930,#3931,#3932,#3933));
#3930 = ORIENTED_EDGE('',*,*,#3247,.T.);
#3931 = ORIENTED_EDGE('',*,*,#3321,.T.);
#3932 = ORIENTED_EDGE('',*,*,#3263,.F.);
#3933 = ORIENTED_EDGE('',*,*,#3255,.F.);
#3934 = PLANE('',#3935);
#3935 = AXIS2_PLACEMENT_3D('',#3936,#3937,#3938);
#3936 = CARTESIAN_POINT('',(-37.,-7.,8.5));
#3937 = DIRECTION('',(0.,0.,1.));
#3938 = DIRECTION('',(1.,0.,0.));
#3939 = ADVANCED_FACE('',(#3940),#3946,.T.);
#3940 = FACE_BOUND('',#3941,.T.);
#3941 = EDGE_LOOP('',(#3942,#3943,#3944,#3945));
#3942 = ORIENTED_EDGE('',*,*,#3352,.F.);
#3943 = ORIENTED_EDGE('',*,*,#3329,.T.);
#3944 = ORIENTED_EDGE('',*,*,#3368,.T.);
#3945 = ORIENTED_EDGE('',*,*,#3360,.T.);
#3946 = PLANE('',#3947);
#3947 = AXIS2_PLACEMENT_3D('',#3948,#3949,#3950);
#3948 = CARTESIAN_POINT('',(37.,-7.,8.5));
#3949 = DIRECTION('',(0.,0.,1.));
#3950 = DIRECTION('',(1.,0.,0.));
#3951 = ADVANCED_FACE('',(#3952),#3970,.T.);
#3952 = FACE_BOUND('',#3953,.T.);
#3953 = EDGE_LOOP('',(#3954,#3955,#3956,#3964));
#3954 = ORIENTED_EDGE('',*,*,#3429,.F.);
#3955 = ORIENTED_EDGE('',*,*,#3485,.T.);
#3956 = ORIENTED_EDGE('',*,*,#3957,.F.);
#3957 = EDGE_CURVE('',#3958,#3486,#3960,.T.);
#3958 = VERTEX_POINT('',#3959);
#3959 = CARTESIAN_POINT('',(38.307669683062,-7.5,6.5));
#3960 = LINE('',#3961,#3962);
#3961 = CARTESIAN_POINT('',(-0.75,-7.5,6.5));
#3962 = VECTOR('',#3963,1.);
#3963 = DIRECTION('',(-1.,0.,0.));
#3964 = ORIENTED_EDGE('',*,*,#3965,.F.);
#3965 = EDGE_CURVE('',#3432,#3958,#3966,.T.);
#3966 = LINE('',#3967,#3968);
#3967 = CARTESIAN_POINT('',(38.307669683062,-7.5,-0.5));
#3968 = VECTOR('',#3969,1.);
#3969 = DIRECTION('',(0.,0.,1.));
#3970 = PLANE('',#3971);
#3971 = AXIS2_PLACEMENT_3D('',#3972,#3973,#3974);
#3972 = CARTESIAN_POINT('',(-38.5,-7.5,2.5));
#3973 = DIRECTION('',(0.,1.,0.));
#3974 = DIRECTION('',(0.,0.,1.));
#3975 = ADVANCED_FACE('',(#3976),#3988,.F.);
#3976 = FACE_BOUND('',#3977,.F.);
#3977 = EDGE_LOOP('',(#3978,#3979,#3980,#3987));
#3978 = ORIENTED_EDGE('',*,*,#3439,.T.);
#3979 = ORIENTED_EDGE('',*,*,#3472,.T.);
#3980 = ORIENTED_EDGE('',*,*,#3981,.F.);
#3981 = EDGE_CURVE('',#3958,#3473,#3982,.T.);
#3982 = CIRCLE('',#3983,1.4);
#3983 = AXIS2_PLACEMENT_3D('',#3984,#3985,#3986);
#3984 = CARTESIAN_POINT('',(37.,-7.,6.5));
#3985 = DIRECTION('',(0.,0.,1.));
#3986 = DIRECTION('',(1.,0.,0.));
#3987 = ORIENTED_EDGE('',*,*,#3965,.F.);
#3988 = CYLINDRICAL_SURFACE('',#3989,1.4);
#3989 = AXIS2_PLACEMENT_3D('',#3990,#3991,#3992);
#3990 = CARTESIAN_POINT('',(37.,-7.,-0.5));
#3991 = DIRECTION('',(0.,0.,1.));
#3992 = DIRECTION('',(1.,0.,0.));
#3993 = ADVANCED_FACE('',(#3994),#3999,.F.);
#3994 = FACE_BOUND('',#3995,.F.);
#3995 = EDGE_LOOP('',(#3996,#3997,#3998));
#3996 = ORIENTED_EDGE('',*,*,#3981,.T.);
#3997 = ORIENTED_EDGE('',*,*,#3493,.T.);
#3998 = ORIENTED_EDGE('',*,*,#3957,.F.);
#3999 = PLANE('',#4000);
#4000 = AXIS2_PLACEMENT_3D('',#4001,#4002,#4003);
#4001 = CARTESIAN_POINT('',(37.,-7.,6.5));
#4002 = DIRECTION('',(0.,0.,1.));
#4003 = DIRECTION('',(1.,0.,0.));
#4004 = ADVANCED_FACE('',(#4005),#4008,.F.);
#4005 = FACE_BOUND('',#4006,.F.);
#4006 = EDGE_LOOP('',(#4007));
#4007 = ORIENTED_EDGE('',*,*,#3554,.T.);
#4008 = PLANE('',#4009);
#4009 = AXIS2_PLACEMENT_3D('',#4010,#4011,#4012);
#4010 = CARTESIAN_POINT('',(37.,31.,6.5));
#4011 = DIRECTION('',(0.,0.,1.));
#4012 = DIRECTION('',(1.,0.,0.));
#4013 = ADVANCED_FACE('',(#4014),#4033,.F.);
#4014 = FACE_BOUND('',#4015,.F.);
#4015 = EDGE_LOOP('',(#4016,#4017,#4025,#4032));
#4016 = ORIENTED_EDGE('',*,*,#3606,.F.);
#4017 = ORIENTED_EDGE('',*,*,#4018,.F.);
#4018 = EDGE_CURVE('',#4019,#3607,#4021,.T.);
#4019 = VERTEX_POINT('',#4020);
#4020 = CARTESIAN_POINT('',(41.3,27.5,17.5));
#4021 = LINE('',#4022,#4023);
#4022 = CARTESIAN_POINT('',(41.3,27.5,17.5));
#4023 = VECTOR('',#4024,1.);
#4024 = DIRECTION('',(0.,0.,1.));
#4025 = ORIENTED_EDGE('',*,*,#4026,.T.);
#4026 = EDGE_CURVE('',#4019,#4019,#4027,.T.);
#4027 = CIRCLE('',#4028,1.3);
#4028 = AXIS2_PLACEMENT_3D('',#4029,#4030,#4031);
#4029 = CARTESIAN_POINT('',(40.,27.5,17.5));
#4030 = DIRECTION('',(0.,0.,1.));
#4031 = DIRECTION('',(1.,0.,0.));
#4032 = ORIENTED_EDGE('',*,*,#4018,.T.);
#4033 = CYLINDRICAL_SURFACE('',#4034,1.3);
#4034 = AXIS2_PLACEMENT_3D('',#4035,#4036,#4037);
#4035 = CARTESIAN_POINT('',(40.,27.5,17.5));
#4036 = DIRECTION('',(0.,0.,1.));
#4037 = DIRECTION('',(1.,0.,0.));
#4038 = ADVANCED_FACE('',(#4039),#4042,.F.);
#4039 = FACE_BOUND('',#4040,.F.);
#4040 = EDGE_LOOP('',(#4041));
#4041 = ORIENTED_EDGE('',*,*,#3665,.T.);
#4042 = PLANE('',#4043);
#4043 = AXIS2_PLACEMENT_3D('',#4044,#4045,#4046);
#4044 = CARTESIAN_POINT('',(-37.,31.,6.5));
#4045 = DIRECTION('',(0.,0.,1.));
#4046 = DIRECTION('',(1.,0.,0.));
#4047 = ADVANCED_FACE('',(#4048),#4067,.F.);
#4048 = FACE_BOUND('',#4049,.F.);
#4049 = EDGE_LOOP('',(#4050,#4051,#4059,#4066));
#4050 = ORIENTED_EDGE('',*,*,#3743,.F.);
#4051 = ORIENTED_EDGE('',*,*,#4052,.F.);
#4052 = EDGE_CURVE('',#4053,#3744,#4055,.T.);
#4053 = VERTEX_POINT('',#4054);
#4054 = CARTESIAN_POINT('',(-38.7,27.5,17.5));
#4055 = LINE('',#4056,#4057);
#4056 = CARTESIAN_POINT('',(-38.7,27.5,17.5));
#4057 = VECTOR('',#4058,1.);
#4058 = DIRECTION('',(0.,0.,1.));
#4059 = ORIENTED_EDGE('',*,*,#4060,.T.);
#4060 = EDGE_CURVE('',#4053,#4053,#4061,.T.);
#4061 = CIRCLE('',#4062,1.3);
#4062 = AXIS2_PLACEMENT_3D('',#4063,#4064,#4065);
#4063 = CARTESIAN_POINT('',(-40.,27.5,17.5));
#4064 = DIRECTION('',(0.,0.,1.));
#4065 = DIRECTION('',(1.,0.,0.));
#4066 = ORIENTED_EDGE('',*,*,#4052,.T.);
#4067 = CYLINDRICAL_SURFACE('',#4068,1.3);
#4068 = AXIS2_PLACEMENT_3D('',#4069,#4070,#4071);
#4069 = CARTESIAN_POINT('',(-40.,27.5,17.5));
#4070 = DIRECTION('',(0.,0.,1.));
#4071 = DIRECTION('',(1.,0.,0.));
#4072 = ADVANCED_FACE('',(#4073),#4084,.T.);
#4073 = FACE_BOUND('',#4074,.T.);
#4074 = EDGE_LOOP('',(#4075,#4076,#4077,#4083));
#4075 = ORIENTED_EDGE('',*,*,#3760,.F.);
#4076 = ORIENTED_EDGE('',*,*,#3814,.T.);
#4077 = ORIENTED_EDGE('',*,*,#4078,.F.);
#4078 = EDGE_CURVE('',#3859,#3797,#4079,.T.);
#4079 = LINE('',#4080,#4081);
#4080 = CARTESIAN_POINT('',(-37.75,-7.5,6.5));
#4081 = VECTOR('',#4082,1.);
#4082 = DIRECTION('',(-1.,0.,0.));
#4083 = ORIENTED_EDGE('',*,*,#3867,.F.);
#4084 = PLANE('',#4085);
#4085 = AXIS2_PLACEMENT_3D('',#4086,#4087,#4088);
#4086 = CARTESIAN_POINT('',(-38.5,-7.5,2.5));
#4087 = DIRECTION('',(0.,1.,0.));
#4088 = DIRECTION('',(0.,0.,1.));
#4089 = ADVANCED_FACE('',(#4090),#4095,.F.);
#4090 = FACE_BOUND('',#4091,.F.);
#4091 = EDGE_LOOP('',(#4092,#4093,#4094));
#4092 = ORIENTED_EDGE('',*,*,#3858,.T.);
#4093 = ORIENTED_EDGE('',*,*,#3794,.T.);
#4094 = ORIENTED_EDGE('',*,*,#4078,.F.);
#4095 = PLANE('',#4096);
#4096 = AXIS2_PLACEMENT_3D('',#4097,#4098,#4099);
#4097 = CARTESIAN_POINT('',(-37.,-7.,6.5));
#4098 = DIRECTION('',(0.,0.,1.));
#4099 = DIRECTION('',(1.,0.,0.));
#4100 = ADVANCED_FACE('',(#4101),#4104,.T.);
#4101 = FACE_BOUND('',#4102,.F.);
#4102 = EDGE_LOOP('',(#4103));
#4103 = ORIENTED_EDGE('',*,*,#3890,.F.);
#4104 = PLANE('',#4105);
#4105 = AXIS2_PLACEMENT_3D('',#4106,#4107,#4108);
#4106 = CARTESIAN_POINT('',(-40.,-27.5,17.5));
#4107 = DIRECTION('',(0.,0.,1.));
#4108 = DIRECTION('',(1.,0.,0.));
#4109 = ADVANCED_FACE('',(#4110),#4113,.T.);
#4110 = FACE_BOUND('',#4111,.F.);
#4111 = EDGE_LOOP('',(#4112));
#4112 = ORIENTED_EDGE('',*,*,#3915,.F.);
#4113 = PLANE('',#4114);
#4114 = AXIS2_PLACEMENT_3D('',#4115,#4116,#4117);
#4115 = CARTESIAN_POINT('',(40.,-27.5,17.5));
#4116 = DIRECTION('',(0.,0.,1.));
#4117 = DIRECTION('',(1.,0.,0.));
#4118 = ADVANCED_FACE('',(#4119),#4122,.T.);
#4119 = FACE_BOUND('',#4120,.F.);
#4120 = EDGE_LOOP('',(#4121));
#4121 = ORIENTED_EDGE('',*,*,#4026,.F.);
#4122 = PLANE('',#4123);
#4123 = AXIS2_PLACEMENT_3D('',#4124,#4125,#4126);
#4124 = CARTESIAN_POINT('',(40.,27.5,17.5));
#4125 = DIRECTION('',(0.,0.,1.));
#4126 = DIRECTION('',(1.,0.,0.));
#4127 = ADVANCED_FACE('',(#4128),#4131,.T.);
#4128 = FACE_BOUND('',#4129,.F.);
#4129 = EDGE_LOOP('',(#4130));
#4130 = ORIENTED_EDGE('',*,*,#4060,.F.);
#4131 = PLANE('',#4132);
#4132 = AXIS2_PLACEMENT_3D('',#4133,#4134,#4135);
#4133 = CARTESIAN_POINT('',(-40.,27.5,17.5));
#4134 = DIRECTION('',(0.,0.,1.));
#4135 = DIRECTION('',(1.,0.,0.));
#4136 = MANIFOLD_SOLID_BREP('',#4137);
#4137 = CLOSED_SHELL('',(#4138,#4178,#4209,#4567,#4591,#4642,#4654,#4679
    ,#4710,#4734,#4758,#4775,#4800,#4825,#4850,#4875,#4906,#4930,#4954,
    #4978,#5002,#5026,#5050,#5067,#5092,#5117,#5142,#5167,#5192,#5223,
    #5247,#5271,#5288,#5319,#5343,#5367,#5384,#5415,#5439,#5463,#5480,
    #5505,#5530,#5561,#5585,#5609,#5626));
#4138 = ADVANCED_FACE('',(#4139),#4173,.F.);
#4139 = FACE_BOUND('',#4140,.F.);
#4140 = EDGE_LOOP('',(#4141,#4151,#4159,#4167));
#4141 = ORIENTED_EDGE('',*,*,#4142,.F.);
#4142 = EDGE_CURVE('',#4143,#4145,#4147,.T.);
#4143 = VERTEX_POINT('',#4144);
#4144 = CARTESIAN_POINT('',(-55.5,-43.,38.));
#4145 = VERTEX_POINT('',#4146);
#4146 = CARTESIAN_POINT('',(-55.5,-43.,52.));
#4147 = LINE('',#4148,#4149);
#4148 = CARTESIAN_POINT('',(-55.5,-43.,38.));
#4149 = VECTOR('',#4150,1.);
#4150 = DIRECTION('',(0.,0.,1.));
#4151 = ORIENTED_EDGE('',*,*,#4152,.T.);
#4152 = EDGE_CURVE('',#4143,#4153,#4155,.T.);
#4153 = VERTEX_POINT('',#4154);
#4154 = CARTESIAN_POINT('',(-55.5,43.,38.));
#4155 = LINE('',#4156,#4157);
#4156 = CARTESIAN_POINT('',(-55.5,-43.,38.));
#4157 = VECTOR('',#4158,1.);
#4158 = DIRECTION('',(0.,1.,0.));
#4159 = ORIENTED_EDGE('',*,*,#4160,.T.);
#4160 = EDGE_CURVE('',#4153,#4161,#4163,.T.);
#4161 = VERTEX_POINT('',#4162);
#4162 = CARTESIAN_POINT('',(-55.5,43.,52.));
#4163 = LINE('',#4164,#4165);
#4164 = CARTESIAN_POINT('',(-55.5,43.,38.));
#4165 = VECTOR('',#4166,1.);
#4166 = DIRECTION('',(0.,0.,1.));
#4167 = ORIENTED_EDGE('',*,*,#4168,.F.);
#4168 = EDGE_CURVE('',#4145,#4161,#4169,.T.);
#4169 = LINE('',#4170,#4171);
#4170 = CARTESIAN_POINT('',(-55.5,-43.,52.));
#4171 = VECTOR('',#4172,1.);
#4172 = DIRECTION('',(0.,1.,0.));
#4173 = PLANE('',#4174);
#4174 = AXIS2_PLACEMENT_3D('',#4175,#4176,#4177);
#4175 = CARTESIAN_POINT('',(-55.5,-43.,38.));
#4176 = DIRECTION('',(1.,0.,0.));
#4177 = DIRECTION('',(0.,0.,1.));
#4178 = ADVANCED_FACE('',(#4179),#4204,.F.);
#4179 = FACE_BOUND('',#4180,.F.);
#4180 = EDGE_LOOP('',(#4181,#4189,#4190,#4198));
#4181 = ORIENTED_EDGE('',*,*,#4182,.F.);
#4182 = EDGE_CURVE('',#4143,#4183,#4185,.T.);
#4183 = VERTEX_POINT('',#4184);
#4184 = CARTESIAN_POINT('',(55.5,-43.,38.));
#4185 = LINE('',#4186,#4187);
#4186 = CARTESIAN_POINT('',(-55.5,-43.,38.));
#4187 = VECTOR('',#4188,1.);
#4188 = DIRECTION('',(1.,0.,0.));
#4189 = ORIENTED_EDGE('',*,*,#4142,.T.);
#4190 = ORIENTED_EDGE('',*,*,#4191,.T.);
#4191 = EDGE_CURVE('',#4145,#4192,#4194,.T.);
#4192 = VERTEX_POINT('',#4193);
#4193 = CARTESIAN_POINT('',(55.5,-43.,52.));
#4194 = LINE('',#4195,#4196);
#4195 = CARTESIAN_POINT('',(-55.5,-43.,52.));
#4196 = VECTOR('',#4197,1.);
#4197 = DIRECTION('',(1.,0.,0.));
#4198 = ORIENTED_EDGE('',*,*,#4199,.F.);
#4199 = EDGE_CURVE('',#4183,#4192,#4200,.T.);
#4200 = LINE('',#4201,#4202);
#4201 = CARTESIAN_POINT('',(55.5,-43.,38.));
#4202 = VECTOR('',#4203,1.);
#4203 = DIRECTION('',(0.,0.,1.));
#4204 = PLANE('',#4205);
#4205 = AXIS2_PLACEMENT_3D('',#4206,#4207,#4208);
#4206 = CARTESIAN_POINT('',(-55.5,-43.,38.));
#4207 = DIRECTION('',(0.,1.,0.));
#4208 = DIRECTION('',(0.,0.,1.));
#4209 = ADVANCED_FACE('',(#4210,#4228,#4239,#4273,#4284,#4295,#4306,
    #4317,#4383,#4394,#4405,#4416,#4427,#4438,#4472,#4506,#4540,#4551),
  #4562,.T.);
#4210 = FACE_BOUND('',#4211,.T.);
#4211 = EDGE_LOOP('',(#4212,#4213,#4214,#4222));
#4212 = ORIENTED_EDGE('',*,*,#4168,.F.);
#4213 = ORIENTED_EDGE('',*,*,#4191,.T.);
#4214 = ORIENTED_EDGE('',*,*,#4215,.T.);
#4215 = EDGE_CURVE('',#4192,#4216,#4218,.T.);
#4216 = VERTEX_POINT('',#4217);
#4217 = CARTESIAN_POINT('',(55.5,43.,52.));
#4218 = LINE('',#4219,#4220);
#4219 = CARTESIAN_POINT('',(55.5,-43.,52.));
#4220 = VECTOR('',#4221,1.);
#4221 = DIRECTION('',(0.,1.,0.));
#4222 = ORIENTED_EDGE('',*,*,#4223,.F.);
#4223 = EDGE_CURVE('',#4161,#4216,#4224,.T.);
#4224 = LINE('',#4225,#4226);
#4225 = CARTESIAN_POINT('',(-55.5,43.,52.));
#4226 = VECTOR('',#4227,1.);
#4227 = DIRECTION('',(1.,0.,0.));
#4228 = FACE_BOUND('',#4229,.T.);
#4229 = EDGE_LOOP('',(#4230));
#4230 = ORIENTED_EDGE('',*,*,#4231,.F.);
#4231 = EDGE_CURVE('',#4232,#4232,#4234,.T.);
#4232 = VERTEX_POINT('',#4233);
#4233 = CARTESIAN_POINT('',(-46.4,-37.,52.));
#4234 = CIRCLE('',#4235,3.1);
#4235 = AXIS2_PLACEMENT_3D('',#4236,#4237,#4238);
#4236 = CARTESIAN_POINT('',(-49.5,-37.,52.));
#4237 = DIRECTION('',(0.,0.,1.));
#4238 = DIRECTION('',(1.,0.,0.));
#4239 = FACE_BOUND('',#4240,.T.);
#4240 = EDGE_LOOP('',(#4241,#4251,#4259,#4267));
#4241 = ORIENTED_EDGE('',*,*,#4242,.T.);
#4242 = EDGE_CURVE('',#4243,#4245,#4247,.T.);
#4243 = VERTEX_POINT('',#4244);
#4244 = CARTESIAN_POINT('',(1.,-6.,52.));
#4245 = VERTEX_POINT('',#4246);
#4246 = CARTESIAN_POINT('',(-19.,-6.,52.));
#4247 = LINE('',#4248,#4249);
#4248 = CARTESIAN_POINT('',(-37.25,-6.,52.));
#4249 = VECTOR('',#4250,1.);
#4250 = DIRECTION('',(-1.,0.,0.));
#4251 = ORIENTED_EDGE('',*,*,#4252,.T.);
#4252 = EDGE_CURVE('',#4245,#4253,#4255,.T.);
#4253 = VERTEX_POINT('',#4254);
#4254 = CARTESIAN_POINT('',(-19.,-3.8,52.));
#4255 = LINE('',#4256,#4257);
#4256 = CARTESIAN_POINT('',(-19.,-24.5,52.));
#4257 = VECTOR('',#4258,1.);
#4258 = DIRECTION('',(0.,1.,0.));
#4259 = ORIENTED_EDGE('',*,*,#4260,.F.);
#4260 = EDGE_CURVE('',#4261,#4253,#4263,.T.);
#4261 = VERTEX_POINT('',#4262);
#4262 = CARTESIAN_POINT('',(1.,-3.8,52.));
#4263 = LINE('',#4264,#4265);
#4264 = CARTESIAN_POINT('',(-37.25,-3.8,52.));
#4265 = VECTOR('',#4266,1.);
#4266 = DIRECTION('',(-1.,0.,0.));
#4267 = ORIENTED_EDGE('',*,*,#4268,.F.);
#4268 = EDGE_CURVE('',#4243,#4261,#4269,.T.);
#4269 = LINE('',#4270,#4271);
#4270 = CARTESIAN_POINT('',(1.,-24.5,52.));
#4271 = VECTOR('',#4272,1.);
#4272 = DIRECTION('',(0.,1.,0.));
#4273 = FACE_BOUND('',#4274,.T.);
#4274 = EDGE_LOOP('',(#4275));
#4275 = ORIENTED_EDGE('',*,*,#4276,.F.);
#4276 = EDGE_CURVE('',#4277,#4277,#4279,.T.);
#4277 = VERTEX_POINT('',#4278);
#4278 = CARTESIAN_POINT('',(25.6,-22.,52.));
#4279 = CIRCLE('',#4280,1.6);
#4280 = AXIS2_PLACEMENT_3D('',#4281,#4282,#4283);
#4281 = CARTESIAN_POINT('',(24.,-22.,52.));
#4282 = DIRECTION('',(0.,0.,1.));
#4283 = DIRECTION('',(1.,0.,0.));
#4284 = FACE_BOUND('',#4285,.T.);
#4285 = EDGE_LOOP('',(#4286));
#4286 = ORIENTED_EDGE('',*,*,#4287,.F.);
#4287 = EDGE_CURVE('',#4288,#4288,#4290,.T.);
#4288 = VERTEX_POINT('',#4289);
#4289 = CARTESIAN_POINT('',(52.6,-37.,52.));
#4290 = CIRCLE('',#4291,3.1);
#4291 = AXIS2_PLACEMENT_3D('',#4292,#4293,#4294);
#4292 = CARTESIAN_POINT('',(49.5,-37.,52.));
#4293 = DIRECTION('',(0.,0.,1.));
#4294 = DIRECTION('',(1.,0.,0.));
#4295 = FACE_BOUND('',#4296,.T.);
#4296 = EDGE_LOOP('',(#4297));
#4297 = ORIENTED_EDGE('',*,*,#4298,.F.);
#4298 = EDGE_CURVE('',#4299,#4299,#4301,.T.);
#4299 = VERTEX_POINT('',#4300);
#4300 = CARTESIAN_POINT('',(32.6,-22.,52.));
#4301 = CIRCLE('',#4302,1.6);
#4302 = AXIS2_PLACEMENT_3D('',#4303,#4304,#4305);
#4303 = CARTESIAN_POINT('',(31.,-22.,52.));
#4304 = DIRECTION('',(0.,0.,1.));
#4305 = DIRECTION('',(1.,0.,0.));
#4306 = FACE_BOUND('',#4307,.T.);
#4307 = EDGE_LOOP('',(#4308));
#4308 = ORIENTED_EDGE('',*,*,#4309,.F.);
#4309 = EDGE_CURVE('',#4310,#4310,#4312,.T.);
#4310 = VERTEX_POINT('',#4311);
#4311 = CARTESIAN_POINT('',(39.6,-22.,52.));
#4312 = CIRCLE('',#4313,1.6);
#4313 = AXIS2_PLACEMENT_3D('',#4314,#4315,#4316);
#4314 = CARTESIAN_POINT('',(38.,-22.,52.));
#4315 = DIRECTION('',(0.,0.,1.));
#4316 = DIRECTION('',(1.,0.,0.));
#4317 = FACE_BOUND('',#4318,.T.);
#4318 = EDGE_LOOP('',(#4319,#4329,#4337,#4345,#4353,#4361,#4369,#4377));
#4319 = ORIENTED_EDGE('',*,*,#4320,.F.);
#4320 = EDGE_CURVE('',#4321,#4323,#4325,.T.);
#4321 = VERTEX_POINT('',#4322);
#4322 = CARTESIAN_POINT('',(19.,-21.25,52.));
#4323 = VERTEX_POINT('',#4324);
#4324 = CARTESIAN_POINT('',(19.,-6.75,52.));
#4325 = LINE('',#4326,#4327);
#4326 = CARTESIAN_POINT('',(19.,-32.125,52.));
#4327 = VECTOR('',#4328,1.);
#4328 = DIRECTION('',(0.,1.,0.));
#4329 = ORIENTED_EDGE('',*,*,#4330,.T.);
#4330 = EDGE_CURVE('',#4321,#4331,#4333,.T.);
#4331 = VERTEX_POINT('',#4332);
#4332 = CARTESIAN_POINT('',(-7.,-21.25,52.));
#4333 = LINE('',#4334,#4335);
#4334 = CARTESIAN_POINT('',(-31.25,-21.25,52.));
#4335 = VECTOR('',#4336,1.);
#4336 = DIRECTION('',(-1.,0.,0.));
#4337 = ORIENTED_EDGE('',*,*,#4338,.T.);
#4338 = EDGE_CURVE('',#4331,#4339,#4341,.T.);
#4339 = VERTEX_POINT('',#4340);
#4340 = CARTESIAN_POINT('',(-7.,-12.,52.));
#4341 = LINE('',#4342,#4343);
#4342 = CARTESIAN_POINT('',(-7.,-32.125,52.));
#4343 = VECTOR('',#4344,1.);
#4344 = DIRECTION('',(0.,1.,0.));
#4345 = ORIENTED_EDGE('',*,*,#4346,.T.);
#4346 = EDGE_CURVE('',#4339,#4347,#4349,.T.);
#4347 = VERTEX_POINT('',#4348);
#4348 = CARTESIAN_POINT('',(-19.,-12.,52.));
#4349 = LINE('',#4350,#4351);
#4350 = CARTESIAN_POINT('',(-37.25,-12.,52.));
#4351 = VECTOR('',#4352,1.);
#4352 = DIRECTION('',(-1.,0.,0.));
#4353 = ORIENTED_EDGE('',*,*,#4354,.T.);
#4354 = EDGE_CURVE('',#4347,#4355,#4357,.T.);
#4355 = VERTEX_POINT('',#4356);
#4356 = CARTESIAN_POINT('',(-19.,-9.8,52.));
#4357 = LINE('',#4358,#4359);
#4358 = CARTESIAN_POINT('',(-19.,-27.5,52.));
#4359 = VECTOR('',#4360,1.);
#4360 = DIRECTION('',(0.,1.,0.));
#4361 = ORIENTED_EDGE('',*,*,#4362,.F.);
#4362 = EDGE_CURVE('',#4363,#4355,#4365,.T.);
#4363 = VERTEX_POINT('',#4364);
#4364 = CARTESIAN_POINT('',(-7.,-9.8,52.));
#4365 = LINE('',#4366,#4367);
#4366 = CARTESIAN_POINT('',(-37.25,-9.8,52.));
#4367 = VECTOR('',#4368,1.);
#4368 = DIRECTION('',(-1.,0.,0.));
#4369 = ORIENTED_EDGE('',*,*,#4370,.T.);
#4370 = EDGE_CURVE('',#4363,#4371,#4373,.T.);
#4371 = VERTEX_POINT('',#4372);
#4372 = CARTESIAN_POINT('',(-7.,-6.75,52.));
#4373 = LINE('',#4374,#4375);
#4374 = CARTESIAN_POINT('',(-7.,-32.125,52.));
#4375 = VECTOR('',#4376,1.);
#4376 = DIRECTION('',(0.,1.,0.));
#4377 = ORIENTED_EDGE('',*,*,#4378,.F.);
#4378 = EDGE_CURVE('',#4323,#4371,#4379,.T.);
#4379 = LINE('',#4380,#4381);
#4380 = CARTESIAN_POINT('',(-31.25,-6.75,52.));
#4381 = VECTOR('',#4382,1.);
#4382 = DIRECTION('',(-1.,0.,0.));
#4383 = FACE_BOUND('',#4384,.T.);
#4384 = EDGE_LOOP('',(#4385));
#4385 = ORIENTED_EDGE('',*,*,#4386,.F.);
#4386 = EDGE_CURVE('',#4387,#4387,#4389,.T.);
#4387 = VERTEX_POINT('',#4388);
#4388 = CARTESIAN_POINT('',(31.9,-10.4,52.));
#4389 = CIRCLE('',#4390,0.9);
#4390 = AXIS2_PLACEMENT_3D('',#4391,#4392,#4393);
#4391 = CARTESIAN_POINT('',(31.,-10.4,52.));
#4392 = DIRECTION('',(0.,0.,1.));
#4393 = DIRECTION('',(1.,0.,0.));
#4394 = FACE_BOUND('',#4395,.T.);
#4395 = EDGE_LOOP('',(#4396));
#4396 = ORIENTED_EDGE('',*,*,#4397,.F.);
#4397 = EDGE_CURVE('',#4398,#4398,#4400,.T.);
#4398 = VERTEX_POINT('',#4399);
#4399 = CARTESIAN_POINT('',(29.5,-8.,52.));
#4400 = CIRCLE('',#4401,0.9);
#4401 = AXIS2_PLACEMENT_3D('',#4402,#4403,#4404);
#4402 = CARTESIAN_POINT('',(28.6,-8.,52.));
#4403 = DIRECTION('',(0.,0.,1.));
#4404 = DIRECTION('',(1.,0.,0.));
#4405 = FACE_BOUND('',#4406,.T.);
#4406 = EDGE_LOOP('',(#4407));
#4407 = ORIENTED_EDGE('',*,*,#4408,.F.);
#4408 = EDGE_CURVE('',#4409,#4409,#4411,.T.);
#4409 = VERTEX_POINT('',#4410);
#4410 = CARTESIAN_POINT('',(31.9,-8.,52.));
#4411 = CIRCLE('',#4412,0.9);
#4412 = AXIS2_PLACEMENT_3D('',#4413,#4414,#4415);
#4413 = CARTESIAN_POINT('',(31.,-8.,52.));
#4414 = DIRECTION('',(0.,0.,1.));
#4415 = DIRECTION('',(1.,0.,0.));
#4416 = FACE_BOUND('',#4417,.T.);
#4417 = EDGE_LOOP('',(#4418));
#4418 = ORIENTED_EDGE('',*,*,#4419,.F.);
#4419 = EDGE_CURVE('',#4420,#4420,#4422,.T.);
#4420 = VERTEX_POINT('',#4421);
#4421 = CARTESIAN_POINT('',(31.9,-5.6,52.));
#4422 = CIRCLE('',#4423,0.9);
#4423 = AXIS2_PLACEMENT_3D('',#4424,#4425,#4426);
#4424 = CARTESIAN_POINT('',(31.,-5.6,52.));
#4425 = DIRECTION('',(0.,0.,1.));
#4426 = DIRECTION('',(1.,0.,0.));
#4427 = FACE_BOUND('',#4428,.T.);
#4428 = EDGE_LOOP('',(#4429));
#4429 = ORIENTED_EDGE('',*,*,#4430,.F.);
#4430 = EDGE_CURVE('',#4431,#4431,#4433,.T.);
#4431 = VERTEX_POINT('',#4432);
#4432 = CARTESIAN_POINT('',(34.3,-8.,52.));
#4433 = CIRCLE('',#4434,0.9);
#4434 = AXIS2_PLACEMENT_3D('',#4435,#4436,#4437);
#4435 = CARTESIAN_POINT('',(33.4,-8.,52.));
#4436 = DIRECTION('',(0.,0.,1.));
#4437 = DIRECTION('',(1.,0.,0.));
#4438 = FACE_BOUND('',#4439,.T.);
#4439 = EDGE_LOOP('',(#4440,#4450,#4458,#4466));
#4440 = ORIENTED_EDGE('',*,*,#4441,.T.);
#4441 = EDGE_CURVE('',#4442,#4444,#4446,.T.);
#4442 = VERTEX_POINT('',#4443);
#4443 = CARTESIAN_POINT('',(1.,0.,52.));
#4444 = VERTEX_POINT('',#4445);
#4445 = CARTESIAN_POINT('',(-19.,0.,52.));
#4446 = LINE('',#4447,#4448);
#4447 = CARTESIAN_POINT('',(-37.25,0.,52.));
#4448 = VECTOR('',#4449,1.);
#4449 = DIRECTION('',(-1.,0.,0.));
#4450 = ORIENTED_EDGE('',*,*,#4451,.T.);
#4451 = EDGE_CURVE('',#4444,#4452,#4454,.T.);
#4452 = VERTEX_POINT('',#4453);
#4453 = CARTESIAN_POINT('',(-19.,2.2,52.));
#4454 = LINE('',#4455,#4456);
#4455 = CARTESIAN_POINT('',(-19.,-21.5,52.));
#4456 = VECTOR('',#4457,1.);
#4457 = DIRECTION('',(0.,1.,0.));
#4458 = ORIENTED_EDGE('',*,*,#4459,.F.);
#4459 = EDGE_CURVE('',#4460,#4452,#4462,.T.);
#4460 = VERTEX_POINT('',#4461);
#4461 = CARTESIAN_POINT('',(1.,2.2,52.));
#4462 = LINE('',#4463,#4464);
#4463 = CARTESIAN_POINT('',(-37.25,2.2,52.));
#4464 = VECTOR('',#4465,1.);
#4465 = DIRECTION('',(-1.,0.,0.));
#4466 = ORIENTED_EDGE('',*,*,#4467,.F.);
#4467 = EDGE_CURVE('',#4442,#4460,#4468,.T.);
#4468 = LINE('',#4469,#4470);
#4469 = CARTESIAN_POINT('',(1.,-21.5,52.));
#4470 = VECTOR('',#4471,1.);
#4471 = DIRECTION('',(0.,1.,0.));
#4472 = FACE_BOUND('',#4473,.T.);
#4473 = EDGE_LOOP('',(#4474,#4484,#4492,#4500));
#4474 = ORIENTED_EDGE('',*,*,#4475,.T.);
#4475 = EDGE_CURVE('',#4476,#4478,#4480,.T.);
#4476 = VERTEX_POINT('',#4477);
#4477 = CARTESIAN_POINT('',(1.,6.,52.));
#4478 = VERTEX_POINT('',#4479);
#4479 = CARTESIAN_POINT('',(-19.,6.,52.));
#4480 = LINE('',#4481,#4482);
#4481 = CARTESIAN_POINT('',(-37.25,6.,52.));
#4482 = VECTOR('',#4483,1.);
#4483 = DIRECTION('',(-1.,0.,0.));
#4484 = ORIENTED_EDGE('',*,*,#4485,.T.);
#4485 = EDGE_CURVE('',#4478,#4486,#4488,.T.);
#4486 = VERTEX_POINT('',#4487);
#4487 = CARTESIAN_POINT('',(-19.,8.2,52.));
#4488 = LINE('',#4489,#4490);
#4489 = CARTESIAN_POINT('',(-19.,-18.5,52.));
#4490 = VECTOR('',#4491,1.);
#4491 = DIRECTION('',(0.,1.,0.));
#4492 = ORIENTED_EDGE('',*,*,#4493,.F.);
#4493 = EDGE_CURVE('',#4494,#4486,#4496,.T.);
#4494 = VERTEX_POINT('',#4495);
#4495 = CARTESIAN_POINT('',(1.,8.2,52.));
#4496 = LINE('',#4497,#4498);
#4497 = CARTESIAN_POINT('',(-37.25,8.2,52.));
#4498 = VECTOR('',#4499,1.);
#4499 = DIRECTION('',(-1.,0.,0.));
#4500 = ORIENTED_EDGE('',*,*,#4501,.F.);
#4501 = EDGE_CURVE('',#4476,#4494,#4502,.T.);
#4502 = LINE('',#4503,#4504);
#4503 = CARTESIAN_POINT('',(1.,-18.5,52.));
#4504 = VECTOR('',#4505,1.);
#4505 = DIRECTION('',(0.,1.,0.));
#4506 = FACE_BOUND('',#4507,.T.);
#4507 = EDGE_LOOP('',(#4508,#4518,#4526,#4534));
#4508 = ORIENTED_EDGE('',*,*,#4509,.T.);
#4509 = EDGE_CURVE('',#4510,#4512,#4514,.T.);
#4510 = VERTEX_POINT('',#4511);
#4511 = CARTESIAN_POINT('',(1.,12.,52.));
#4512 = VERTEX_POINT('',#4513);
#4513 = CARTESIAN_POINT('',(-19.,12.,52.));
#4514 = LINE('',#4515,#4516);
#4515 = CARTESIAN_POINT('',(-37.25,12.,52.));
#4516 = VECTOR('',#4517,1.);
#4517 = DIRECTION('',(-1.,0.,0.));
#4518 = ORIENTED_EDGE('',*,*,#4519,.T.);
#4519 = EDGE_CURVE('',#4512,#4520,#4522,.T.);
#4520 = VERTEX_POINT('',#4521);
#4521 = CARTESIAN_POINT('',(-19.,14.2,52.));
#4522 = LINE('',#4523,#4524);
#4523 = CARTESIAN_POINT('',(-19.,-15.5,52.));
#4524 = VECTOR('',#4525,1.);
#4525 = DIRECTION('',(0.,1.,0.));
#4526 = ORIENTED_EDGE('',*,*,#4527,.F.);
#4527 = EDGE_CURVE('',#4528,#4520,#4530,.T.);
#4528 = VERTEX_POINT('',#4529);
#4529 = CARTESIAN_POINT('',(1.,14.2,52.));
#4530 = LINE('',#4531,#4532);
#4531 = CARTESIAN_POINT('',(-37.25,14.2,52.));
#4532 = VECTOR('',#4533,1.);
#4533 = DIRECTION('',(-1.,0.,0.));
#4534 = ORIENTED_EDGE('',*,*,#4535,.F.);
#4535 = EDGE_CURVE('',#4510,#4528,#4536,.T.);
#4536 = LINE('',#4537,#4538);
#4537 = CARTESIAN_POINT('',(1.,-15.5,52.));
#4538 = VECTOR('',#4539,1.);
#4539 = DIRECTION('',(0.,1.,0.));
#4540 = FACE_BOUND('',#4541,.T.);
#4541 = EDGE_LOOP('',(#4542));
#4542 = ORIENTED_EDGE('',*,*,#4543,.F.);
#4543 = EDGE_CURVE('',#4544,#4544,#4546,.T.);
#4544 = VERTEX_POINT('',#4545);
#4545 = CARTESIAN_POINT('',(-46.4,37.,52.));
#4546 = CIRCLE('',#4547,3.1);
#4547 = AXIS2_PLACEMENT_3D('',#4548,#4549,#4550);
#4548 = CARTESIAN_POINT('',(-49.5,37.,52.));
#4549 = DIRECTION('',(0.,0.,1.));
#4550 = DIRECTION('',(1.,0.,0.));
#4551 = FACE_BOUND('',#4552,.T.);
#4552 = EDGE_LOOP('',(#4553));
#4553 = ORIENTED_EDGE('',*,*,#4554,.F.);
#4554 = EDGE_CURVE('',#4555,#4555,#4557,.T.);
#4555 = VERTEX_POINT('',#4556);
#4556 = CARTESIAN_POINT('',(52.6,37.,52.));
#4557 = CIRCLE('',#4558,3.1);
#4558 = AXIS2_PLACEMENT_3D('',#4559,#4560,#4561);
#4559 = CARTESIAN_POINT('',(49.5,37.,52.));
#4560 = DIRECTION('',(0.,0.,1.));
#4561 = DIRECTION('',(1.,0.,0.));
#4562 = PLANE('',#4563);
#4563 = AXIS2_PLACEMENT_3D('',#4564,#4565,#4566);
#4564 = CARTESIAN_POINT('',(-55.5,-43.,52.));
#4565 = DIRECTION('',(0.,0.,1.));
#4566 = DIRECTION('',(1.,0.,0.));
#4567 = ADVANCED_FACE('',(#4568),#4586,.T.);
#4568 = FACE_BOUND('',#4569,.T.);
#4569 = EDGE_LOOP('',(#4570,#4578,#4579,#4580));
#4570 = ORIENTED_EDGE('',*,*,#4571,.F.);
#4571 = EDGE_CURVE('',#4153,#4572,#4574,.T.);
#4572 = VERTEX_POINT('',#4573);
#4573 = CARTESIAN_POINT('',(55.5,43.,38.));
#4574 = LINE('',#4575,#4576);
#4575 = CARTESIAN_POINT('',(-55.5,43.,38.));
#4576 = VECTOR('',#4577,1.);
#4577 = DIRECTION('',(1.,0.,0.));
#4578 = ORIENTED_EDGE('',*,*,#4160,.T.);
#4579 = ORIENTED_EDGE('',*,*,#4223,.T.);
#4580 = ORIENTED_EDGE('',*,*,#4581,.F.);
#4581 = EDGE_CURVE('',#4572,#4216,#4582,.T.);
#4582 = LINE('',#4583,#4584);
#4583 = CARTESIAN_POINT('',(55.5,43.,38.));
#4584 = VECTOR('',#4585,1.);
#4585 = DIRECTION('',(0.,0.,1.));
#4586 = PLANE('',#4587);
#4587 = AXIS2_PLACEMENT_3D('',#4588,#4589,#4590);
#4588 = CARTESIAN_POINT('',(-55.5,43.,38.));
#4589 = DIRECTION('',(0.,1.,0.));
#4590 = DIRECTION('',(0.,0.,1.));
#4591 = ADVANCED_FACE('',(#4592,#4603),#4637,.F.);
#4592 = FACE_BOUND('',#4593,.F.);
#4593 = EDGE_LOOP('',(#4594,#4595,#4596,#4602));
#4594 = ORIENTED_EDGE('',*,*,#4152,.F.);
#4595 = ORIENTED_EDGE('',*,*,#4182,.T.);
#4596 = ORIENTED_EDGE('',*,*,#4597,.T.);
#4597 = EDGE_CURVE('',#4183,#4572,#4598,.T.);
#4598 = LINE('',#4599,#4600);
#4599 = CARTESIAN_POINT('',(55.5,-43.,38.));
#4600 = VECTOR('',#4601,1.);
#4601 = DIRECTION('',(0.,1.,0.));
#4602 = ORIENTED_EDGE('',*,*,#4571,.F.);
#4603 = FACE_BOUND('',#4604,.F.);
#4604 = EDGE_LOOP('',(#4605,#4615,#4623,#4631));
#4605 = ORIENTED_EDGE('',*,*,#4606,.T.);
#4606 = EDGE_CURVE('',#4607,#4609,#4611,.T.);
#4607 = VERTEX_POINT('',#4608);
#4608 = CARTESIAN_POINT('',(53.,-40.5,38.));
#4609 = VERTEX_POINT('',#4610);
#4610 = CARTESIAN_POINT('',(-53.,-40.5,38.));
#4611 = LINE('',#4612,#4613);
#4612 = CARTESIAN_POINT('',(-54.25,-40.5,38.));
#4613 = VECTOR('',#4614,1.);
#4614 = DIRECTION('',(-1.,0.,0.));
#4615 = ORIENTED_EDGE('',*,*,#4616,.T.);
#4616 = EDGE_CURVE('',#4609,#4617,#4619,.T.);
#4617 = VERTEX_POINT('',#4618);
#4618 = CARTESIAN_POINT('',(-53.,40.5,38.));
#4619 = LINE('',#4620,#4621);
#4620 = CARTESIAN_POINT('',(-53.,-41.75,38.));
#4621 = VECTOR('',#4622,1.);
#4622 = DIRECTION('',(0.,1.,0.));
#4623 = ORIENTED_EDGE('',*,*,#4624,.F.);
#4624 = EDGE_CURVE('',#4625,#4617,#4627,.T.);
#4625 = VERTEX_POINT('',#4626);
#4626 = CARTESIAN_POINT('',(53.,40.5,38.));
#4627 = LINE('',#4628,#4629);
#4628 = CARTESIAN_POINT('',(-54.25,40.5,38.));
#4629 = VECTOR('',#4630,1.);
#4630 = DIRECTION('',(-1.,0.,0.));
#4631 = ORIENTED_EDGE('',*,*,#4632,.F.);
#4632 = EDGE_CURVE('',#4607,#4625,#4633,.T.);
#4633 = LINE('',#4634,#4635);
#4634 = CARTESIAN_POINT('',(53.,-41.75,38.));
#4635 = VECTOR('',#4636,1.);
#4636 = DIRECTION('',(0.,1.,0.));
#4637 = PLANE('',#4638);
#4638 = AXIS2_PLACEMENT_3D('',#4639,#4640,#4641);
#4639 = CARTESIAN_POINT('',(-55.5,-43.,38.));
#4640 = DIRECTION('',(0.,0.,1.));
#4641 = DIRECTION('',(1.,0.,0.));
#4642 = ADVANCED_FACE('',(#4643),#4649,.T.);
#4643 = FACE_BOUND('',#4644,.T.);
#4644 = EDGE_LOOP('',(#4645,#4646,#4647,#4648));
#4645 = ORIENTED_EDGE('',*,*,#4199,.F.);
#4646 = ORIENTED_EDGE('',*,*,#4597,.T.);
#4647 = ORIENTED_EDGE('',*,*,#4581,.T.);
#4648 = ORIENTED_EDGE('',*,*,#4215,.F.);
#4649 = PLANE('',#4650);
#4650 = AXIS2_PLACEMENT_3D('',#4651,#4652,#4653);
#4651 = CARTESIAN_POINT('',(55.5,-43.,38.));
#4652 = DIRECTION('',(1.,0.,0.));
#4653 = DIRECTION('',(0.,0.,1.));
#4654 = ADVANCED_FACE('',(#4655),#4674,.F.);
#4655 = FACE_BOUND('',#4656,.F.);
#4656 = EDGE_LOOP('',(#4657,#4665,#4666,#4667));
#4657 = ORIENTED_EDGE('',*,*,#4658,.T.);
#4658 = EDGE_CURVE('',#4659,#4232,#4661,.T.);
#4659 = VERTEX_POINT('',#4660);
#4660 = CARTESIAN_POINT('',(-46.4,-37.,49.9));
#4661 = LINE('',#4662,#4663);
#4662 = CARTESIAN_POINT('',(-46.4,-37.,49.5));
#4663 = VECTOR('',#4664,1.);
#4664 = DIRECTION('',(0.,0.,1.));
#4665 = ORIENTED_EDGE('',*,*,#4231,.F.);
#4666 = ORIENTED_EDGE('',*,*,#4658,.F.);
#4667 = ORIENTED_EDGE('',*,*,#4668,.T.);
#4668 = EDGE_CURVE('',#4659,#4659,#4669,.T.);
#4669 = CIRCLE('',#4670,3.1);
#4670 = AXIS2_PLACEMENT_3D('',#4671,#4672,#4673);
#4671 = CARTESIAN_POINT('',(-49.5,-37.,49.9));
#4672 = DIRECTION('',(0.,0.,1.));
#4673 = DIRECTION('',(1.,0.,0.));
#4674 = CYLINDRICAL_SURFACE('',#4675,3.1);
#4675 = AXIS2_PLACEMENT_3D('',#4676,#4677,#4678);
#4676 = CARTESIAN_POINT('',(-49.5,-37.,49.5));
#4677 = DIRECTION('',(0.,0.,1.));
#4678 = DIRECTION('',(1.,0.,0.));
#4679 = ADVANCED_FACE('',(#4680),#4705,.T.);
#4680 = FACE_BOUND('',#4681,.T.);
#4681 = EDGE_LOOP('',(#4682,#4690,#4698,#4704));
#4682 = ORIENTED_EDGE('',*,*,#4683,.F.);
#4683 = EDGE_CURVE('',#4684,#4243,#4686,.T.);
#4684 = VERTEX_POINT('',#4685);
#4685 = CARTESIAN_POINT('',(1.,-6.,49.9));
#4686 = LINE('',#4687,#4688);
#4687 = CARTESIAN_POINT('',(1.,-6.,48.4));
#4688 = VECTOR('',#4689,1.);
#4689 = DIRECTION('',(0.,0.,1.));
#4690 = ORIENTED_EDGE('',*,*,#4691,.T.);
#4691 = EDGE_CURVE('',#4684,#4692,#4694,.T.);
#4692 = VERTEX_POINT('',#4693);
#4693 = CARTESIAN_POINT('',(-19.,-6.,49.9));
#4694 = LINE('',#4695,#4696);
#4695 = CARTESIAN_POINT('',(-36.,-6.,49.9));
#4696 = VECTOR('',#4697,1.);
#4697 = DIRECTION('',(-1.,0.,0.));
#4698 = ORIENTED_EDGE('',*,*,#4699,.T.);
#4699 = EDGE_CURVE('',#4692,#4245,#4700,.T.);
#4700 = LINE('',#4701,#4702);
#4701 = CARTESIAN_POINT('',(-19.,-6.,48.4));
#4702 = VECTOR('',#4703,1.);
#4703 = DIRECTION('',(0.,0.,1.));
#4704 = ORIENTED_EDGE('',*,*,#4242,.F.);
#4705 = PLANE('',#4706);
#4706 = AXIS2_PLACEMENT_3D('',#4707,#4708,#4709);
#4707 = CARTESIAN_POINT('',(-19.,-6.,48.4));
#4708 = DIRECTION('',(0.,1.,0.));
#4709 = DIRECTION('',(0.,0.,1.));
#4710 = ADVANCED_FACE('',(#4711),#4729,.F.);
#4711 = FACE_BOUND('',#4712,.F.);
#4712 = EDGE_LOOP('',(#4713,#4714,#4722,#4728));
#4713 = ORIENTED_EDGE('',*,*,#4683,.F.);
#4714 = ORIENTED_EDGE('',*,*,#4715,.T.);
#4715 = EDGE_CURVE('',#4684,#4716,#4718,.T.);
#4716 = VERTEX_POINT('',#4717);
#4717 = CARTESIAN_POINT('',(1.,-3.8,49.9));
#4718 = LINE('',#4719,#4720);
#4719 = CARTESIAN_POINT('',(1.,-23.25,49.9));
#4720 = VECTOR('',#4721,1.);
#4721 = DIRECTION('',(0.,1.,0.));
#4722 = ORIENTED_EDGE('',*,*,#4723,.T.);
#4723 = EDGE_CURVE('',#4716,#4261,#4724,.T.);
#4724 = LINE('',#4725,#4726);
#4725 = CARTESIAN_POINT('',(1.,-3.8,48.4));
#4726 = VECTOR('',#4727,1.);
#4727 = DIRECTION('',(0.,0.,1.));
#4728 = ORIENTED_EDGE('',*,*,#4268,.F.);
#4729 = PLANE('',#4730);
#4730 = AXIS2_PLACEMENT_3D('',#4731,#4732,#4733);
#4731 = CARTESIAN_POINT('',(1.,-6.,48.4));
#4732 = DIRECTION('',(1.,0.,0.));
#4733 = DIRECTION('',(0.,0.,1.));
#4734 = ADVANCED_FACE('',(#4735),#4753,.T.);
#4735 = FACE_BOUND('',#4736,.T.);
#4736 = EDGE_LOOP('',(#4737,#4738,#4746,#4752));
#4737 = ORIENTED_EDGE('',*,*,#4699,.F.);
#4738 = ORIENTED_EDGE('',*,*,#4739,.T.);
#4739 = EDGE_CURVE('',#4692,#4740,#4742,.T.);
#4740 = VERTEX_POINT('',#4741);
#4741 = CARTESIAN_POINT('',(-19.,-3.8,49.9));
#4742 = LINE('',#4743,#4744);
#4743 = CARTESIAN_POINT('',(-19.,-23.25,49.9));
#4744 = VECTOR('',#4745,1.);
#4745 = DIRECTION('',(0.,1.,0.));
#4746 = ORIENTED_EDGE('',*,*,#4747,.T.);
#4747 = EDGE_CURVE('',#4740,#4253,#4748,.T.);
#4748 = LINE('',#4749,#4750);
#4749 = CARTESIAN_POINT('',(-19.,-3.8,48.4));
#4750 = VECTOR('',#4751,1.);
#4751 = DIRECTION('',(0.,0.,1.));
#4752 = ORIENTED_EDGE('',*,*,#4252,.F.);
#4753 = PLANE('',#4754);
#4754 = AXIS2_PLACEMENT_3D('',#4755,#4756,#4757);
#4755 = CARTESIAN_POINT('',(-19.,-6.,48.4));
#4756 = DIRECTION('',(1.,0.,0.));
#4757 = DIRECTION('',(0.,0.,1.));
#4758 = ADVANCED_FACE('',(#4759),#4770,.F.);
#4759 = FACE_BOUND('',#4760,.F.);
#4760 = EDGE_LOOP('',(#4761,#4762,#4768,#4769));
#4761 = ORIENTED_EDGE('',*,*,#4723,.F.);
#4762 = ORIENTED_EDGE('',*,*,#4763,.T.);
#4763 = EDGE_CURVE('',#4716,#4740,#4764,.T.);
#4764 = LINE('',#4765,#4766);
#4765 = CARTESIAN_POINT('',(-36.,-3.8,49.9));
#4766 = VECTOR('',#4767,1.);
#4767 = DIRECTION('',(-1.,0.,0.));
#4768 = ORIENTED_EDGE('',*,*,#4747,.T.);
#4769 = ORIENTED_EDGE('',*,*,#4260,.F.);
#4770 = PLANE('',#4771);
#4771 = AXIS2_PLACEMENT_3D('',#4772,#4773,#4774);
#4772 = CARTESIAN_POINT('',(-19.,-3.8,48.4));
#4773 = DIRECTION('',(0.,1.,0.));
#4774 = DIRECTION('',(0.,0.,1.));
#4775 = ADVANCED_FACE('',(#4776),#4795,.F.);
#4776 = FACE_BOUND('',#4777,.F.);
#4777 = EDGE_LOOP('',(#4778,#4779,#4787,#4794));
#4778 = ORIENTED_EDGE('',*,*,#4276,.F.);
#4779 = ORIENTED_EDGE('',*,*,#4780,.F.);
#4780 = EDGE_CURVE('',#4781,#4277,#4783,.T.);
#4781 = VERTEX_POINT('',#4782);
#4782 = CARTESIAN_POINT('',(25.6,-22.,49.9));
#4783 = LINE('',#4784,#4785);
#4784 = CARTESIAN_POINT('',(25.6,-22.,48.4));
#4785 = VECTOR('',#4786,1.);
#4786 = DIRECTION('',(0.,0.,1.));
#4787 = ORIENTED_EDGE('',*,*,#4788,.T.);
#4788 = EDGE_CURVE('',#4781,#4781,#4789,.T.);
#4789 = CIRCLE('',#4790,1.6);
#4790 = AXIS2_PLACEMENT_3D('',#4791,#4792,#4793);
#4791 = CARTESIAN_POINT('',(24.,-22.,49.9));
#4792 = DIRECTION('',(0.,0.,1.));
#4793 = DIRECTION('',(1.,0.,0.));
#4794 = ORIENTED_EDGE('',*,*,#4780,.T.);
#4795 = CYLINDRICAL_SURFACE('',#4796,1.6);
#4796 = AXIS2_PLACEMENT_3D('',#4797,#4798,#4799);
#4797 = CARTESIAN_POINT('',(24.,-22.,48.4));
#4798 = DIRECTION('',(0.,0.,1.));
#4799 = DIRECTION('',(1.,0.,0.));
#4800 = ADVANCED_FACE('',(#4801),#4820,.F.);
#4801 = FACE_BOUND('',#4802,.F.);
#4802 = EDGE_LOOP('',(#4803,#4811,#4812,#4813));
#4803 = ORIENTED_EDGE('',*,*,#4804,.T.);
#4804 = EDGE_CURVE('',#4805,#4288,#4807,.T.);
#4805 = VERTEX_POINT('',#4806);
#4806 = CARTESIAN_POINT('',(52.6,-37.,49.9));
#4807 = LINE('',#4808,#4809);
#4808 = CARTESIAN_POINT('',(52.6,-37.,49.5));
#4809 = VECTOR('',#4810,1.);
#4810 = DIRECTION('',(0.,0.,1.));
#4811 = ORIENTED_EDGE('',*,*,#4287,.F.);
#4812 = ORIENTED_EDGE('',*,*,#4804,.F.);
#4813 = ORIENTED_EDGE('',*,*,#4814,.T.);
#4814 = EDGE_CURVE('',#4805,#4805,#4815,.T.);
#4815 = CIRCLE('',#4816,3.1);
#4816 = AXIS2_PLACEMENT_3D('',#4817,#4818,#4819);
#4817 = CARTESIAN_POINT('',(49.5,-37.,49.9));
#4818 = DIRECTION('',(0.,0.,1.));
#4819 = DIRECTION('',(1.,0.,0.));
#4820 = CYLINDRICAL_SURFACE('',#4821,3.1);
#4821 = AXIS2_PLACEMENT_3D('',#4822,#4823,#4824);
#4822 = CARTESIAN_POINT('',(49.5,-37.,49.5));
#4823 = DIRECTION('',(0.,0.,1.));
#4824 = DIRECTION('',(1.,0.,0.));
#4825 = ADVANCED_FACE('',(#4826),#4845,.F.);
#4826 = FACE_BOUND('',#4827,.F.);
#4827 = EDGE_LOOP('',(#4828,#4829,#4837,#4844));
#4828 = ORIENTED_EDGE('',*,*,#4298,.F.);
#4829 = ORIENTED_EDGE('',*,*,#4830,.F.);
#4830 = EDGE_CURVE('',#4831,#4299,#4833,.T.);
#4831 = VERTEX_POINT('',#4832);
#4832 = CARTESIAN_POINT('',(32.6,-22.,49.9));
#4833 = LINE('',#4834,#4835);
#4834 = CARTESIAN_POINT('',(32.6,-22.,48.4));
#4835 = VECTOR('',#4836,1.);
#4836 = DIRECTION('',(0.,0.,1.));
#4837 = ORIENTED_EDGE('',*,*,#4838,.T.);
#4838 = EDGE_CURVE('',#4831,#4831,#4839,.T.);
#4839 = CIRCLE('',#4840,1.6);
#4840 = AXIS2_PLACEMENT_3D('',#4841,#4842,#4843);
#4841 = CARTESIAN_POINT('',(31.,-22.,49.9));
#4842 = DIRECTION('',(0.,0.,1.));
#4843 = DIRECTION('',(1.,0.,0.));
#4844 = ORIENTED_EDGE('',*,*,#4830,.T.);
#4845 = CYLINDRICAL_SURFACE('',#4846,1.6);
#4846 = AXIS2_PLACEMENT_3D('',#4847,#4848,#4849);
#4847 = CARTESIAN_POINT('',(31.,-22.,48.4));
#4848 = DIRECTION('',(0.,0.,1.));
#4849 = DIRECTION('',(1.,0.,0.));
#4850 = ADVANCED_FACE('',(#4851),#4870,.F.);
#4851 = FACE_BOUND('',#4852,.F.);
#4852 = EDGE_LOOP('',(#4853,#4854,#4862,#4869));
#4853 = ORIENTED_EDGE('',*,*,#4309,.F.);
#4854 = ORIENTED_EDGE('',*,*,#4855,.F.);
#4855 = EDGE_CURVE('',#4856,#4310,#4858,.T.);
#4856 = VERTEX_POINT('',#4857);
#4857 = CARTESIAN_POINT('',(39.6,-22.,49.9));
#4858 = LINE('',#4859,#4860);
#4859 = CARTESIAN_POINT('',(39.6,-22.,48.4));
#4860 = VECTOR('',#4861,1.);
#4861 = DIRECTION('',(0.,0.,1.));
#4862 = ORIENTED_EDGE('',*,*,#4863,.T.);
#4863 = EDGE_CURVE('',#4856,#4856,#4864,.T.);
#4864 = CIRCLE('',#4865,1.6);
#4865 = AXIS2_PLACEMENT_3D('',#4866,#4867,#4868);
#4866 = CARTESIAN_POINT('',(38.,-22.,49.9));
#4867 = DIRECTION('',(0.,0.,1.));
#4868 = DIRECTION('',(1.,0.,0.));
#4869 = ORIENTED_EDGE('',*,*,#4855,.T.);
#4870 = CYLINDRICAL_SURFACE('',#4871,1.6);
#4871 = AXIS2_PLACEMENT_3D('',#4872,#4873,#4874);
#4872 = CARTESIAN_POINT('',(38.,-22.,48.4));
#4873 = DIRECTION('',(0.,0.,1.));
#4874 = DIRECTION('',(1.,0.,0.));
#4875 = ADVANCED_FACE('',(#4876),#4901,.F.);
#4876 = FACE_BOUND('',#4877,.F.);
#4877 = EDGE_LOOP('',(#4878,#4886,#4894,#4900));
#4878 = ORIENTED_EDGE('',*,*,#4879,.F.);
#4879 = EDGE_CURVE('',#4880,#4321,#4882,.T.);
#4880 = VERTEX_POINT('',#4881);
#4881 = CARTESIAN_POINT('',(19.,-21.25,49.9));
#4882 = LINE('',#4883,#4884);
#4883 = CARTESIAN_POINT('',(19.,-21.25,48.4));
#4884 = VECTOR('',#4885,1.);
#4885 = DIRECTION('',(0.,0.,1.));
#4886 = ORIENTED_EDGE('',*,*,#4887,.T.);
#4887 = EDGE_CURVE('',#4880,#4888,#4890,.T.);
#4888 = VERTEX_POINT('',#4889);
#4889 = CARTESIAN_POINT('',(19.,-6.75,49.9));
#4890 = LINE('',#4891,#4892);
#4891 = CARTESIAN_POINT('',(19.,-30.875,49.9));
#4892 = VECTOR('',#4893,1.);
#4893 = DIRECTION('',(0.,1.,0.));
#4894 = ORIENTED_EDGE('',*,*,#4895,.T.);
#4895 = EDGE_CURVE('',#4888,#4323,#4896,.T.);
#4896 = LINE('',#4897,#4898);
#4897 = CARTESIAN_POINT('',(19.,-6.75,48.4));
#4898 = VECTOR('',#4899,1.);
#4899 = DIRECTION('',(0.,0.,1.));
#4900 = ORIENTED_EDGE('',*,*,#4320,.F.);
#4901 = PLANE('',#4902);
#4902 = AXIS2_PLACEMENT_3D('',#4903,#4904,#4905);
#4903 = CARTESIAN_POINT('',(19.,-21.25,48.4));
#4904 = DIRECTION('',(1.,0.,0.));
#4905 = DIRECTION('',(0.,0.,1.));
#4906 = ADVANCED_FACE('',(#4907),#4925,.T.);
#4907 = FACE_BOUND('',#4908,.T.);
#4908 = EDGE_LOOP('',(#4909,#4910,#4918,#4924));
#4909 = ORIENTED_EDGE('',*,*,#4879,.F.);
#4910 = ORIENTED_EDGE('',*,*,#4911,.T.);
#4911 = EDGE_CURVE('',#4880,#4912,#4914,.T.);
#4912 = VERTEX_POINT('',#4913);
#4913 = CARTESIAN_POINT('',(-7.,-21.25,49.9));
#4914 = LINE('',#4915,#4916);
#4915 = CARTESIAN_POINT('',(-30.,-21.25,49.9));
#4916 = VECTOR('',#4917,1.);
#4917 = DIRECTION('',(-1.,0.,0.));
#4918 = ORIENTED_EDGE('',*,*,#4919,.T.);
#4919 = EDGE_CURVE('',#4912,#4331,#4920,.T.);
#4920 = LINE('',#4921,#4922);
#4921 = CARTESIAN_POINT('',(-7.,-21.25,48.4));
#4922 = VECTOR('',#4923,1.);
#4923 = DIRECTION('',(0.,0.,1.));
#4924 = ORIENTED_EDGE('',*,*,#4330,.F.);
#4925 = PLANE('',#4926);
#4926 = AXIS2_PLACEMENT_3D('',#4927,#4928,#4929);
#4927 = CARTESIAN_POINT('',(-7.,-21.25,48.4));
#4928 = DIRECTION('',(0.,1.,0.));
#4929 = DIRECTION('',(0.,0.,1.));
#4930 = ADVANCED_FACE('',(#4931),#4949,.F.);
#4931 = FACE_BOUND('',#4932,.F.);
#4932 = EDGE_LOOP('',(#4933,#4934,#4942,#4948));
#4933 = ORIENTED_EDGE('',*,*,#4895,.F.);
#4934 = ORIENTED_EDGE('',*,*,#4935,.T.);
#4935 = EDGE_CURVE('',#4888,#4936,#4938,.T.);
#4936 = VERTEX_POINT('',#4937);
#4937 = CARTESIAN_POINT('',(-7.,-6.75,49.9));
#4938 = LINE('',#4939,#4940);
#4939 = CARTESIAN_POINT('',(-30.,-6.75,49.9));
#4940 = VECTOR('',#4941,1.);
#4941 = DIRECTION('',(-1.,0.,0.));
#4942 = ORIENTED_EDGE('',*,*,#4943,.T.);
#4943 = EDGE_CURVE('',#4936,#4371,#4944,.T.);
#4944 = LINE('',#4945,#4946);
#4945 = CARTESIAN_POINT('',(-7.,-6.75,48.4));
#4946 = VECTOR('',#4947,1.);
#4947 = DIRECTION('',(0.,0.,1.));
#4948 = ORIENTED_EDGE('',*,*,#4378,.F.);
#4949 = PLANE('',#4950);
#4950 = AXIS2_PLACEMENT_3D('',#4951,#4952,#4953);
#4951 = CARTESIAN_POINT('',(-7.,-6.75,48.4));
#4952 = DIRECTION('',(0.,1.,0.));
#4953 = DIRECTION('',(0.,0.,1.));
#4954 = ADVANCED_FACE('',(#4955),#4973,.T.);
#4955 = FACE_BOUND('',#4956,.T.);
#4956 = EDGE_LOOP('',(#4957,#4958,#4966,#4972));
#4957 = ORIENTED_EDGE('',*,*,#4919,.F.);
#4958 = ORIENTED_EDGE('',*,*,#4959,.T.);
#4959 = EDGE_CURVE('',#4912,#4960,#4962,.T.);
#4960 = VERTEX_POINT('',#4961);
#4961 = CARTESIAN_POINT('',(-7.,-12.,49.9));
#4962 = LINE('',#4963,#4964);
#4963 = CARTESIAN_POINT('',(-7.,-30.875,49.9));
#4964 = VECTOR('',#4965,1.);
#4965 = DIRECTION('',(0.,1.,0.));
#4966 = ORIENTED_EDGE('',*,*,#4967,.T.);
#4967 = EDGE_CURVE('',#4960,#4339,#4968,.T.);
#4968 = LINE('',#4969,#4970);
#4969 = CARTESIAN_POINT('',(-7.,-12.,48.4));
#4970 = VECTOR('',#4971,1.);
#4971 = DIRECTION('',(0.,0.,1.));
#4972 = ORIENTED_EDGE('',*,*,#4338,.F.);
#4973 = PLANE('',#4974);
#4974 = AXIS2_PLACEMENT_3D('',#4975,#4976,#4977);
#4975 = CARTESIAN_POINT('',(-7.,-21.25,48.4));
#4976 = DIRECTION('',(1.,0.,0.));
#4977 = DIRECTION('',(0.,0.,1.));
#4978 = ADVANCED_FACE('',(#4979),#4997,.T.);
#4979 = FACE_BOUND('',#4980,.T.);
#4980 = EDGE_LOOP('',(#4981,#4989,#4995,#4996));
#4981 = ORIENTED_EDGE('',*,*,#4982,.F.);
#4982 = EDGE_CURVE('',#4983,#4363,#4985,.T.);
#4983 = VERTEX_POINT('',#4984);
#4984 = CARTESIAN_POINT('',(-7.,-9.8,49.9));
#4985 = LINE('',#4986,#4987);
#4986 = CARTESIAN_POINT('',(-7.,-9.8,48.4));
#4987 = VECTOR('',#4988,1.);
#4988 = DIRECTION('',(0.,0.,1.));
#4989 = ORIENTED_EDGE('',*,*,#4990,.T.);
#4990 = EDGE_CURVE('',#4983,#4936,#4991,.T.);
#4991 = LINE('',#4992,#4993);
#4992 = CARTESIAN_POINT('',(-7.,-30.875,49.9));
#4993 = VECTOR('',#4994,1.);
#4994 = DIRECTION('',(0.,1.,0.));
#4995 = ORIENTED_EDGE('',*,*,#4943,.T.);
#4996 = ORIENTED_EDGE('',*,*,#4370,.F.);
#4997 = PLANE('',#4998);
#4998 = AXIS2_PLACEMENT_3D('',#4999,#5000,#5001);
#4999 = CARTESIAN_POINT('',(-7.,-21.25,48.4));
#5000 = DIRECTION('',(1.,0.,0.));
#5001 = DIRECTION('',(0.,0.,1.));
#5002 = ADVANCED_FACE('',(#5003),#5021,.T.);
#5003 = FACE_BOUND('',#5004,.T.);
#5004 = EDGE_LOOP('',(#5005,#5013,#5019,#5020));
#5005 = ORIENTED_EDGE('',*,*,#5006,.T.);
#5006 = EDGE_CURVE('',#4960,#5007,#5009,.T.);
#5007 = VERTEX_POINT('',#5008);
#5008 = CARTESIAN_POINT('',(-19.,-12.,49.9));
#5009 = LINE('',#5010,#5011);
#5010 = CARTESIAN_POINT('',(-36.,-12.,49.9));
#5011 = VECTOR('',#5012,1.);
#5012 = DIRECTION('',(-1.,0.,0.));
#5013 = ORIENTED_EDGE('',*,*,#5014,.T.);
#5014 = EDGE_CURVE('',#5007,#4347,#5015,.T.);
#5015 = LINE('',#5016,#5017);
#5016 = CARTESIAN_POINT('',(-19.,-12.,48.4));
#5017 = VECTOR('',#5018,1.);
#5018 = DIRECTION('',(0.,0.,1.));
#5019 = ORIENTED_EDGE('',*,*,#4346,.F.);
#5020 = ORIENTED_EDGE('',*,*,#4967,.F.);
#5021 = PLANE('',#5022);
#5022 = AXIS2_PLACEMENT_3D('',#5023,#5024,#5025);
#5023 = CARTESIAN_POINT('',(-19.,-12.,48.4));
#5024 = DIRECTION('',(0.,1.,0.));
#5025 = DIRECTION('',(0.,0.,1.));
#5026 = ADVANCED_FACE('',(#5027),#5045,.F.);
#5027 = FACE_BOUND('',#5028,.F.);
#5028 = EDGE_LOOP('',(#5029,#5037,#5043,#5044));
#5029 = ORIENTED_EDGE('',*,*,#5030,.T.);
#5030 = EDGE_CURVE('',#4983,#5031,#5033,.T.);
#5031 = VERTEX_POINT('',#5032);
#5032 = CARTESIAN_POINT('',(-19.,-9.8,49.9));
#5033 = LINE('',#5034,#5035);
#5034 = CARTESIAN_POINT('',(-36.,-9.8,49.9));
#5035 = VECTOR('',#5036,1.);
#5036 = DIRECTION('',(-1.,0.,0.));
#5037 = ORIENTED_EDGE('',*,*,#5038,.T.);
#5038 = EDGE_CURVE('',#5031,#4355,#5039,.T.);
#5039 = LINE('',#5040,#5041);
#5040 = CARTESIAN_POINT('',(-19.,-9.8,48.4));
#5041 = VECTOR('',#5042,1.);
#5042 = DIRECTION('',(0.,0.,1.));
#5043 = ORIENTED_EDGE('',*,*,#4362,.F.);
#5044 = ORIENTED_EDGE('',*,*,#4982,.F.);
#5045 = PLANE('',#5046);
#5046 = AXIS2_PLACEMENT_3D('',#5047,#5048,#5049);
#5047 = CARTESIAN_POINT('',(-19.,-9.8,48.4));
#5048 = DIRECTION('',(0.,1.,0.));
#5049 = DIRECTION('',(0.,0.,1.));
#5050 = ADVANCED_FACE('',(#5051),#5062,.T.);
#5051 = FACE_BOUND('',#5052,.T.);
#5052 = EDGE_LOOP('',(#5053,#5054,#5060,#5061));
#5053 = ORIENTED_EDGE('',*,*,#5014,.F.);
#5054 = ORIENTED_EDGE('',*,*,#5055,.T.);
#5055 = EDGE_CURVE('',#5007,#5031,#5056,.T.);
#5056 = LINE('',#5057,#5058);
#5057 = CARTESIAN_POINT('',(-19.,-26.25,49.9));
#5058 = VECTOR('',#5059,1.);
#5059 = DIRECTION('',(0.,1.,0.));
#5060 = ORIENTED_EDGE('',*,*,#5038,.T.);
#5061 = ORIENTED_EDGE('',*,*,#4354,.F.);
#5062 = PLANE('',#5063);
#5063 = AXIS2_PLACEMENT_3D('',#5064,#5065,#5066);
#5064 = CARTESIAN_POINT('',(-19.,-12.,48.4));
#5065 = DIRECTION('',(1.,0.,0.));
#5066 = DIRECTION('',(0.,0.,1.));
#5067 = ADVANCED_FACE('',(#5068),#5087,.F.);
#5068 = FACE_BOUND('',#5069,.F.);
#5069 = EDGE_LOOP('',(#5070,#5071,#5079,#5086));
#5070 = ORIENTED_EDGE('',*,*,#4386,.F.);
#5071 = ORIENTED_EDGE('',*,*,#5072,.F.);
#5072 = EDGE_CURVE('',#5073,#4387,#5075,.T.);
#5073 = VERTEX_POINT('',#5074);
#5074 = CARTESIAN_POINT('',(31.9,-10.4,49.9));
#5075 = LINE('',#5076,#5077);
#5076 = CARTESIAN_POINT('',(31.9,-10.4,48.4));
#5077 = VECTOR('',#5078,1.);
#5078 = DIRECTION('',(0.,0.,1.));
#5079 = ORIENTED_EDGE('',*,*,#5080,.T.);
#5080 = EDGE_CURVE('',#5073,#5073,#5081,.T.);
#5081 = CIRCLE('',#5082,0.9);
#5082 = AXIS2_PLACEMENT_3D('',#5083,#5084,#5085);
#5083 = CARTESIAN_POINT('',(31.,-10.4,49.9));
#5084 = DIRECTION('',(0.,0.,1.));
#5085 = DIRECTION('',(1.,0.,0.));
#5086 = ORIENTED_EDGE('',*,*,#5072,.T.);
#5087 = CYLINDRICAL_SURFACE('',#5088,0.9);
#5088 = AXIS2_PLACEMENT_3D('',#5089,#5090,#5091);
#5089 = CARTESIAN_POINT('',(31.,-10.4,48.4));
#5090 = DIRECTION('',(0.,0.,1.));
#5091 = DIRECTION('',(1.,0.,0.));
#5092 = ADVANCED_FACE('',(#5093),#5112,.F.);
#5093 = FACE_BOUND('',#5094,.F.);
#5094 = EDGE_LOOP('',(#5095,#5096,#5104,#5111));
#5095 = ORIENTED_EDGE('',*,*,#4397,.F.);
#5096 = ORIENTED_EDGE('',*,*,#5097,.F.);
#5097 = EDGE_CURVE('',#5098,#4398,#5100,.T.);
#5098 = VERTEX_POINT('',#5099);
#5099 = CARTESIAN_POINT('',(29.5,-8.,49.9));
#5100 = LINE('',#5101,#5102);
#5101 = CARTESIAN_POINT('',(29.5,-8.,48.4));
#5102 = VECTOR('',#5103,1.);
#5103 = DIRECTION('',(0.,0.,1.));
#5104 = ORIENTED_EDGE('',*,*,#5105,.T.);
#5105 = EDGE_CURVE('',#5098,#5098,#5106,.T.);
#5106 = CIRCLE('',#5107,0.9);
#5107 = AXIS2_PLACEMENT_3D('',#5108,#5109,#5110);
#5108 = CARTESIAN_POINT('',(28.6,-8.,49.9));
#5109 = DIRECTION('',(0.,0.,1.));
#5110 = DIRECTION('',(1.,0.,0.));
#5111 = ORIENTED_EDGE('',*,*,#5097,.T.);
#5112 = CYLINDRICAL_SURFACE('',#5113,0.9);
#5113 = AXIS2_PLACEMENT_3D('',#5114,#5115,#5116);
#5114 = CARTESIAN_POINT('',(28.6,-8.,48.4));
#5115 = DIRECTION('',(0.,0.,1.));
#5116 = DIRECTION('',(1.,0.,0.));
#5117 = ADVANCED_FACE('',(#5118),#5137,.F.);
#5118 = FACE_BOUND('',#5119,.F.);
#5119 = EDGE_LOOP('',(#5120,#5121,#5129,#5136));
#5120 = ORIENTED_EDGE('',*,*,#4408,.F.);
#5121 = ORIENTED_EDGE('',*,*,#5122,.F.);
#5122 = EDGE_CURVE('',#5123,#4409,#5125,.T.);
#5123 = VERTEX_POINT('',#5124);
#5124 = CARTESIAN_POINT('',(31.9,-8.,49.9));
#5125 = LINE('',#5126,#5127);
#5126 = CARTESIAN_POINT('',(31.9,-8.,48.4));
#5127 = VECTOR('',#5128,1.);
#5128 = DIRECTION('',(0.,0.,1.));
#5129 = ORIENTED_EDGE('',*,*,#5130,.T.);
#5130 = EDGE_CURVE('',#5123,#5123,#5131,.T.);
#5131 = CIRCLE('',#5132,0.9);
#5132 = AXIS2_PLACEMENT_3D('',#5133,#5134,#5135);
#5133 = CARTESIAN_POINT('',(31.,-8.,49.9));
#5134 = DIRECTION('',(0.,0.,1.));
#5135 = DIRECTION('',(1.,0.,0.));
#5136 = ORIENTED_EDGE('',*,*,#5122,.T.);
#5137 = CYLINDRICAL_SURFACE('',#5138,0.9);
#5138 = AXIS2_PLACEMENT_3D('',#5139,#5140,#5141);
#5139 = CARTESIAN_POINT('',(31.,-8.,48.4));
#5140 = DIRECTION('',(0.,0.,1.));
#5141 = DIRECTION('',(1.,0.,0.));
#5142 = ADVANCED_FACE('',(#5143),#5162,.F.);
#5143 = FACE_BOUND('',#5144,.F.);
#5144 = EDGE_LOOP('',(#5145,#5146,#5154,#5161));
#5145 = ORIENTED_EDGE('',*,*,#4419,.F.);
#5146 = ORIENTED_EDGE('',*,*,#5147,.F.);
#5147 = EDGE_CURVE('',#5148,#4420,#5150,.T.);
#5148 = VERTEX_POINT('',#5149);
#5149 = CARTESIAN_POINT('',(31.9,-5.6,49.9));
#5150 = LINE('',#5151,#5152);
#5151 = CARTESIAN_POINT('',(31.9,-5.6,48.4));
#5152 = VECTOR('',#5153,1.);
#5153 = DIRECTION('',(0.,0.,1.));
#5154 = ORIENTED_EDGE('',*,*,#5155,.T.);
#5155 = EDGE_CURVE('',#5148,#5148,#5156,.T.);
#5156 = CIRCLE('',#5157,0.9);
#5157 = AXIS2_PLACEMENT_3D('',#5158,#5159,#5160);
#5158 = CARTESIAN_POINT('',(31.,-5.6,49.9));
#5159 = DIRECTION('',(0.,0.,1.));
#5160 = DIRECTION('',(1.,0.,0.));
#5161 = ORIENTED_EDGE('',*,*,#5147,.T.);
#5162 = CYLINDRICAL_SURFACE('',#5163,0.9);
#5163 = AXIS2_PLACEMENT_3D('',#5164,#5165,#5166);
#5164 = CARTESIAN_POINT('',(31.,-5.6,48.4));
#5165 = DIRECTION('',(0.,0.,1.));
#5166 = DIRECTION('',(1.,0.,0.));
#5167 = ADVANCED_FACE('',(#5168),#5187,.F.);
#5168 = FACE_BOUND('',#5169,.F.);
#5169 = EDGE_LOOP('',(#5170,#5171,#5179,#5186));
#5170 = ORIENTED_EDGE('',*,*,#4430,.F.);
#5171 = ORIENTED_EDGE('',*,*,#5172,.F.);
#5172 = EDGE_CURVE('',#5173,#4431,#5175,.T.);
#5173 = VERTEX_POINT('',#5174);
#5174 = CARTESIAN_POINT('',(34.3,-8.,49.9));
#5175 = LINE('',#5176,#5177);
#5176 = CARTESIAN_POINT('',(34.3,-8.,48.4));
#5177 = VECTOR('',#5178,1.);
#5178 = DIRECTION('',(0.,0.,1.));
#5179 = ORIENTED_EDGE('',*,*,#5180,.T.);
#5180 = EDGE_CURVE('',#5173,#5173,#5181,.T.);
#5181 = CIRCLE('',#5182,0.9);
#5182 = AXIS2_PLACEMENT_3D('',#5183,#5184,#5185);
#5183 = CARTESIAN_POINT('',(33.4,-8.,49.9));
#5184 = DIRECTION('',(0.,0.,1.));
#5185 = DIRECTION('',(1.,0.,0.));
#5186 = ORIENTED_EDGE('',*,*,#5172,.T.);
#5187 = CYLINDRICAL_SURFACE('',#5188,0.9);
#5188 = AXIS2_PLACEMENT_3D('',#5189,#5190,#5191);
#5189 = CARTESIAN_POINT('',(33.4,-8.,48.4));
#5190 = DIRECTION('',(0.,0.,1.));
#5191 = DIRECTION('',(1.,0.,0.));
#5192 = ADVANCED_FACE('',(#5193),#5218,.T.);
#5193 = FACE_BOUND('',#5194,.T.);
#5194 = EDGE_LOOP('',(#5195,#5203,#5211,#5217));
#5195 = ORIENTED_EDGE('',*,*,#5196,.F.);
#5196 = EDGE_CURVE('',#5197,#4442,#5199,.T.);
#5197 = VERTEX_POINT('',#5198);
#5198 = CARTESIAN_POINT('',(1.,0.,49.9));
#5199 = LINE('',#5200,#5201);
#5200 = CARTESIAN_POINT('',(1.,0.,48.4));
#5201 = VECTOR('',#5202,1.);
#5202 = DIRECTION('',(0.,0.,1.));
#5203 = ORIENTED_EDGE('',*,*,#5204,.T.);
#5204 = EDGE_CURVE('',#5197,#5205,#5207,.T.);
#5205 = VERTEX_POINT('',#5206);
#5206 = CARTESIAN_POINT('',(-19.,0.,49.9));
#5207 = LINE('',#5208,#5209);
#5208 = CARTESIAN_POINT('',(-36.,0.,49.9));
#5209 = VECTOR('',#5210,1.);
#5210 = DIRECTION('',(-1.,0.,0.));
#5211 = ORIENTED_EDGE('',*,*,#5212,.T.);
#5212 = EDGE_CURVE('',#5205,#4444,#5213,.T.);
#5213 = LINE('',#5214,#5215);
#5214 = CARTESIAN_POINT('',(-19.,0.,48.4));
#5215 = VECTOR('',#5216,1.);
#5216 = DIRECTION('',(0.,0.,1.));
#5217 = ORIENTED_EDGE('',*,*,#4441,.F.);
#5218 = PLANE('',#5219);
#5219 = AXIS2_PLACEMENT_3D('',#5220,#5221,#5222);
#5220 = CARTESIAN_POINT('',(-19.,0.,48.4));
#5221 = DIRECTION('',(0.,1.,0.));
#5222 = DIRECTION('',(0.,0.,1.));
#5223 = ADVANCED_FACE('',(#5224),#5242,.F.);
#5224 = FACE_BOUND('',#5225,.F.);
#5225 = EDGE_LOOP('',(#5226,#5227,#5235,#5241));
#5226 = ORIENTED_EDGE('',*,*,#5196,.F.);
#5227 = ORIENTED_EDGE('',*,*,#5228,.T.);
#5228 = EDGE_CURVE('',#5197,#5229,#5231,.T.);
#5229 = VERTEX_POINT('',#5230);
#5230 = CARTESIAN_POINT('',(1.,2.2,49.9));
#5231 = LINE('',#5232,#5233);
#5232 = CARTESIAN_POINT('',(1.,-20.25,49.9));
#5233 = VECTOR('',#5234,1.);
#5234 = DIRECTION('',(0.,1.,0.));
#5235 = ORIENTED_EDGE('',*,*,#5236,.T.);
#5236 = EDGE_CURVE('',#5229,#4460,#5237,.T.);
#5237 = LINE('',#5238,#5239);
#5238 = CARTESIAN_POINT('',(1.,2.2,48.4));
#5239 = VECTOR('',#5240,1.);
#5240 = DIRECTION('',(0.,0.,1.));
#5241 = ORIENTED_EDGE('',*,*,#4467,.F.);
#5242 = PLANE('',#5243);
#5243 = AXIS2_PLACEMENT_3D('',#5244,#5245,#5246);
#5244 = CARTESIAN_POINT('',(1.,0.,48.4));
#5245 = DIRECTION('',(1.,0.,0.));
#5246 = DIRECTION('',(0.,0.,1.));
#5247 = ADVANCED_FACE('',(#5248),#5266,.T.);
#5248 = FACE_BOUND('',#5249,.T.);
#5249 = EDGE_LOOP('',(#5250,#5251,#5259,#5265));
#5250 = ORIENTED_EDGE('',*,*,#5212,.F.);
#5251 = ORIENTED_EDGE('',*,*,#5252,.T.);
#5252 = EDGE_CURVE('',#5205,#5253,#5255,.T.);
#5253 = VERTEX_POINT('',#5254);
#5254 = CARTESIAN_POINT('',(-19.,2.2,49.9));
#5255 = LINE('',#5256,#5257);
#5256 = CARTESIAN_POINT('',(-19.,-20.25,49.9));
#5257 = VECTOR('',#5258,1.);
#5258 = DIRECTION('',(0.,1.,0.));
#5259 = ORIENTED_EDGE('',*,*,#5260,.T.);
#5260 = EDGE_CURVE('',#5253,#4452,#5261,.T.);
#5261 = LINE('',#5262,#5263);
#5262 = CARTESIAN_POINT('',(-19.,2.2,48.4));
#5263 = VECTOR('',#5264,1.);
#5264 = DIRECTION('',(0.,0.,1.));
#5265 = ORIENTED_EDGE('',*,*,#4451,.F.);
#5266 = PLANE('',#5267);
#5267 = AXIS2_PLACEMENT_3D('',#5268,#5269,#5270);
#5268 = CARTESIAN_POINT('',(-19.,0.,48.4));
#5269 = DIRECTION('',(1.,0.,0.));
#5270 = DIRECTION('',(0.,0.,1.));
#5271 = ADVANCED_FACE('',(#5272),#5283,.F.);
#5272 = FACE_BOUND('',#5273,.F.);
#5273 = EDGE_LOOP('',(#5274,#5275,#5281,#5282));
#5274 = ORIENTED_EDGE('',*,*,#5236,.F.);
#5275 = ORIENTED_EDGE('',*,*,#5276,.T.);
#5276 = EDGE_CURVE('',#5229,#5253,#5277,.T.);
#5277 = LINE('',#5278,#5279);
#5278 = CARTESIAN_POINT('',(-36.,2.2,49.9));
#5279 = VECTOR('',#5280,1.);
#5280 = DIRECTION('',(-1.,0.,0.));
#5281 = ORIENTED_EDGE('',*,*,#5260,.T.);
#5282 = ORIENTED_EDGE('',*,*,#4459,.F.);
#5283 = PLANE('',#5284);
#5284 = AXIS2_PLACEMENT_3D('',#5285,#5286,#5287);
#5285 = CARTESIAN_POINT('',(-19.,2.2,48.4));
#5286 = DIRECTION('',(0.,1.,0.));
#5287 = DIRECTION('',(0.,0.,1.));
#5288 = ADVANCED_FACE('',(#5289),#5314,.T.);
#5289 = FACE_BOUND('',#5290,.T.);
#5290 = EDGE_LOOP('',(#5291,#5299,#5307,#5313));
#5291 = ORIENTED_EDGE('',*,*,#5292,.F.);
#5292 = EDGE_CURVE('',#5293,#4476,#5295,.T.);
#5293 = VERTEX_POINT('',#5294);
#5294 = CARTESIAN_POINT('',(1.,6.,49.9));
#5295 = LINE('',#5296,#5297);
#5296 = CARTESIAN_POINT('',(1.,6.,48.4));
#5297 = VECTOR('',#5298,1.);
#5298 = DIRECTION('',(0.,0.,1.));
#5299 = ORIENTED_EDGE('',*,*,#5300,.T.);
#5300 = EDGE_CURVE('',#5293,#5301,#5303,.T.);
#5301 = VERTEX_POINT('',#5302);
#5302 = CARTESIAN_POINT('',(-19.,6.,49.9));
#5303 = LINE('',#5304,#5305);
#5304 = CARTESIAN_POINT('',(-36.,6.,49.9));
#5305 = VECTOR('',#5306,1.);
#5306 = DIRECTION('',(-1.,0.,0.));
#5307 = ORIENTED_EDGE('',*,*,#5308,.T.);
#5308 = EDGE_CURVE('',#5301,#4478,#5309,.T.);
#5309 = LINE('',#5310,#5311);
#5310 = CARTESIAN_POINT('',(-19.,6.,48.4));
#5311 = VECTOR('',#5312,1.);
#5312 = DIRECTION('',(0.,0.,1.));
#5313 = ORIENTED_EDGE('',*,*,#4475,.F.);
#5314 = PLANE('',#5315);
#5315 = AXIS2_PLACEMENT_3D('',#5316,#5317,#5318);
#5316 = CARTESIAN_POINT('',(-19.,6.,48.4));
#5317 = DIRECTION('',(0.,1.,0.));
#5318 = DIRECTION('',(0.,0.,1.));
#5319 = ADVANCED_FACE('',(#5320),#5338,.F.);
#5320 = FACE_BOUND('',#5321,.F.);
#5321 = EDGE_LOOP('',(#5322,#5323,#5331,#5337));
#5322 = ORIENTED_EDGE('',*,*,#5292,.F.);
#5323 = ORIENTED_EDGE('',*,*,#5324,.T.);
#5324 = EDGE_CURVE('',#5293,#5325,#5327,.T.);
#5325 = VERTEX_POINT('',#5326);
#5326 = CARTESIAN_POINT('',(1.,8.2,49.9));
#5327 = LINE('',#5328,#5329);
#5328 = CARTESIAN_POINT('',(1.,-17.25,49.9));
#5329 = VECTOR('',#5330,1.);
#5330 = DIRECTION('',(0.,1.,0.));
#5331 = ORIENTED_EDGE('',*,*,#5332,.T.);
#5332 = EDGE_CURVE('',#5325,#4494,#5333,.T.);
#5333 = LINE('',#5334,#5335);
#5334 = CARTESIAN_POINT('',(1.,8.2,48.4));
#5335 = VECTOR('',#5336,1.);
#5336 = DIRECTION('',(0.,0.,1.));
#5337 = ORIENTED_EDGE('',*,*,#4501,.F.);
#5338 = PLANE('',#5339);
#5339 = AXIS2_PLACEMENT_3D('',#5340,#5341,#5342);
#5340 = CARTESIAN_POINT('',(1.,6.,48.4));
#5341 = DIRECTION('',(1.,0.,0.));
#5342 = DIRECTION('',(0.,0.,1.));
#5343 = ADVANCED_FACE('',(#5344),#5362,.T.);
#5344 = FACE_BOUND('',#5345,.T.);
#5345 = EDGE_LOOP('',(#5346,#5347,#5355,#5361));
#5346 = ORIENTED_EDGE('',*,*,#5308,.F.);
#5347 = ORIENTED_EDGE('',*,*,#5348,.T.);
#5348 = EDGE_CURVE('',#5301,#5349,#5351,.T.);
#5349 = VERTEX_POINT('',#5350);
#5350 = CARTESIAN_POINT('',(-19.,8.2,49.9));
#5351 = LINE('',#5352,#5353);
#5352 = CARTESIAN_POINT('',(-19.,-17.25,49.9));
#5353 = VECTOR('',#5354,1.);
#5354 = DIRECTION('',(0.,1.,0.));
#5355 = ORIENTED_EDGE('',*,*,#5356,.T.);
#5356 = EDGE_CURVE('',#5349,#4486,#5357,.T.);
#5357 = LINE('',#5358,#5359);
#5358 = CARTESIAN_POINT('',(-19.,8.2,48.4));
#5359 = VECTOR('',#5360,1.);
#5360 = DIRECTION('',(0.,0.,1.));
#5361 = ORIENTED_EDGE('',*,*,#4485,.F.);
#5362 = PLANE('',#5363);
#5363 = AXIS2_PLACEMENT_3D('',#5364,#5365,#5366);
#5364 = CARTESIAN_POINT('',(-19.,6.,48.4));
#5365 = DIRECTION('',(1.,0.,0.));
#5366 = DIRECTION('',(0.,0.,1.));
#5367 = ADVANCED_FACE('',(#5368),#5379,.F.);
#5368 = FACE_BOUND('',#5369,.F.);
#5369 = EDGE_LOOP('',(#5370,#5371,#5377,#5378));
#5370 = ORIENTED_EDGE('',*,*,#5332,.F.);
#5371 = ORIENTED_EDGE('',*,*,#5372,.T.);
#5372 = EDGE_CURVE('',#5325,#5349,#5373,.T.);
#5373 = LINE('',#5374,#5375);
#5374 = CARTESIAN_POINT('',(-36.,8.2,49.9));
#5375 = VECTOR('',#5376,1.);
#5376 = DIRECTION('',(-1.,0.,0.));
#5377 = ORIENTED_EDGE('',*,*,#5356,.T.);
#5378 = ORIENTED_EDGE('',*,*,#4493,.F.);
#5379 = PLANE('',#5380);
#5380 = AXIS2_PLACEMENT_3D('',#5381,#5382,#5383);
#5381 = CARTESIAN_POINT('',(-19.,8.2,48.4));
#5382 = DIRECTION('',(0.,1.,0.));
#5383 = DIRECTION('',(0.,0.,1.));
#5384 = ADVANCED_FACE('',(#5385),#5410,.T.);
#5385 = FACE_BOUND('',#5386,.T.);
#5386 = EDGE_LOOP('',(#5387,#5395,#5403,#5409));
#5387 = ORIENTED_EDGE('',*,*,#5388,.F.);
#5388 = EDGE_CURVE('',#5389,#4510,#5391,.T.);
#5389 = VERTEX_POINT('',#5390);
#5390 = CARTESIAN_POINT('',(1.,12.,49.9));
#5391 = LINE('',#5392,#5393);
#5392 = CARTESIAN_POINT('',(1.,12.,48.4));
#5393 = VECTOR('',#5394,1.);
#5394 = DIRECTION('',(0.,0.,1.));
#5395 = ORIENTED_EDGE('',*,*,#5396,.T.);
#5396 = EDGE_CURVE('',#5389,#5397,#5399,.T.);
#5397 = VERTEX_POINT('',#5398);
#5398 = CARTESIAN_POINT('',(-19.,12.,49.9));
#5399 = LINE('',#5400,#5401);
#5400 = CARTESIAN_POINT('',(-36.,12.,49.9));
#5401 = VECTOR('',#5402,1.);
#5402 = DIRECTION('',(-1.,0.,0.));
#5403 = ORIENTED_EDGE('',*,*,#5404,.T.);
#5404 = EDGE_CURVE('',#5397,#4512,#5405,.T.);
#5405 = LINE('',#5406,#5407);
#5406 = CARTESIAN_POINT('',(-19.,12.,48.4));
#5407 = VECTOR('',#5408,1.);
#5408 = DIRECTION('',(0.,0.,1.));
#5409 = ORIENTED_EDGE('',*,*,#4509,.F.);
#5410 = PLANE('',#5411);
#5411 = AXIS2_PLACEMENT_3D('',#5412,#5413,#5414);
#5412 = CARTESIAN_POINT('',(-19.,12.,48.4));
#5413 = DIRECTION('',(0.,1.,0.));
#5414 = DIRECTION('',(0.,0.,1.));
#5415 = ADVANCED_FACE('',(#5416),#5434,.F.);
#5416 = FACE_BOUND('',#5417,.F.);
#5417 = EDGE_LOOP('',(#5418,#5419,#5427,#5433));
#5418 = ORIENTED_EDGE('',*,*,#5388,.F.);
#5419 = ORIENTED_EDGE('',*,*,#5420,.T.);
#5420 = EDGE_CURVE('',#5389,#5421,#5423,.T.);
#5421 = VERTEX_POINT('',#5422);
#5422 = CARTESIAN_POINT('',(1.,14.2,49.9));
#5423 = LINE('',#5424,#5425);
#5424 = CARTESIAN_POINT('',(1.,-14.25,49.9));
#5425 = VECTOR('',#5426,1.);
#5426 = DIRECTION('',(0.,1.,0.));
#5427 = ORIENTED_EDGE('',*,*,#5428,.T.);
#5428 = EDGE_CURVE('',#5421,#4528,#5429,.T.);
#5429 = LINE('',#5430,#5431);
#5430 = CARTESIAN_POINT('',(1.,14.2,48.4));
#5431 = VECTOR('',#5432,1.);
#5432 = DIRECTION('',(0.,0.,1.));
#5433 = ORIENTED_EDGE('',*,*,#4535,.F.);
#5434 = PLANE('',#5435);
#5435 = AXIS2_PLACEMENT_3D('',#5436,#5437,#5438);
#5436 = CARTESIAN_POINT('',(1.,12.,48.4));
#5437 = DIRECTION('',(1.,0.,0.));
#5438 = DIRECTION('',(0.,0.,1.));
#5439 = ADVANCED_FACE('',(#5440),#5458,.T.);
#5440 = FACE_BOUND('',#5441,.T.);
#5441 = EDGE_LOOP('',(#5442,#5443,#5451,#5457));
#5442 = ORIENTED_EDGE('',*,*,#5404,.F.);
#5443 = ORIENTED_EDGE('',*,*,#5444,.T.);
#5444 = EDGE_CURVE('',#5397,#5445,#5447,.T.);
#5445 = VERTEX_POINT('',#5446);
#5446 = CARTESIAN_POINT('',(-19.,14.2,49.9));
#5447 = LINE('',#5448,#5449);
#5448 = CARTESIAN_POINT('',(-19.,-14.25,49.9));
#5449 = VECTOR('',#5450,1.);
#5450 = DIRECTION('',(0.,1.,0.));
#5451 = ORIENTED_EDGE('',*,*,#5452,.T.);
#5452 = EDGE_CURVE('',#5445,#4520,#5453,.T.);
#5453 = LINE('',#5454,#5455);
#5454 = CARTESIAN_POINT('',(-19.,14.2,48.4));
#5455 = VECTOR('',#5456,1.);
#5456 = DIRECTION('',(0.,0.,1.));
#5457 = ORIENTED_EDGE('',*,*,#4519,.F.);
#5458 = PLANE('',#5459);
#5459 = AXIS2_PLACEMENT_3D('',#5460,#5461,#5462);
#5460 = CARTESIAN_POINT('',(-19.,12.,48.4));
#5461 = DIRECTION('',(1.,0.,0.));
#5462 = DIRECTION('',(0.,0.,1.));
#5463 = ADVANCED_FACE('',(#5464),#5475,.F.);
#5464 = FACE_BOUND('',#5465,.F.);
#5465 = EDGE_LOOP('',(#5466,#5467,#5473,#5474));
#5466 = ORIENTED_EDGE('',*,*,#5428,.F.);
#5467 = ORIENTED_EDGE('',*,*,#5468,.T.);
#5468 = EDGE_CURVE('',#5421,#5445,#5469,.T.);
#5469 = LINE('',#5470,#5471);
#5470 = CARTESIAN_POINT('',(-36.,14.2,49.9));
#5471 = VECTOR('',#5472,1.);
#5472 = DIRECTION('',(-1.,0.,0.));
#5473 = ORIENTED_EDGE('',*,*,#5452,.T.);
#5474 = ORIENTED_EDGE('',*,*,#4527,.F.);
#5475 = PLANE('',#5476);
#5476 = AXIS2_PLACEMENT_3D('',#5477,#5478,#5479);
#5477 = CARTESIAN_POINT('',(-19.,14.2,48.4));
#5478 = DIRECTION('',(0.,1.,0.));
#5479 = DIRECTION('',(0.,0.,1.));
#5480 = ADVANCED_FACE('',(#5481),#5500,.F.);
#5481 = FACE_BOUND('',#5482,.F.);
#5482 = EDGE_LOOP('',(#5483,#5491,#5492,#5493));
#5483 = ORIENTED_EDGE('',*,*,#5484,.T.);
#5484 = EDGE_CURVE('',#5485,#4544,#5487,.T.);
#5485 = VERTEX_POINT('',#5486);
#5486 = CARTESIAN_POINT('',(-46.4,37.,49.9));
#5487 = LINE('',#5488,#5489);
#5488 = CARTESIAN_POINT('',(-46.4,37.,49.5));
#5489 = VECTOR('',#5490,1.);
#5490 = DIRECTION('',(0.,0.,1.));
#5491 = ORIENTED_EDGE('',*,*,#4543,.F.);
#5492 = ORIENTED_EDGE('',*,*,#5484,.F.);
#5493 = ORIENTED_EDGE('',*,*,#5494,.T.);
#5494 = EDGE_CURVE('',#5485,#5485,#5495,.T.);
#5495 = CIRCLE('',#5496,3.1);
#5496 = AXIS2_PLACEMENT_3D('',#5497,#5498,#5499);
#5497 = CARTESIAN_POINT('',(-49.5,37.,49.9));
#5498 = DIRECTION('',(0.,0.,1.));
#5499 = DIRECTION('',(1.,0.,0.));
#5500 = CYLINDRICAL_SURFACE('',#5501,3.1);
#5501 = AXIS2_PLACEMENT_3D('',#5502,#5503,#5504);
#5502 = CARTESIAN_POINT('',(-49.5,37.,49.5));
#5503 = DIRECTION('',(0.,0.,1.));
#5504 = DIRECTION('',(1.,0.,0.));
#5505 = ADVANCED_FACE('',(#5506),#5525,.F.);
#5506 = FACE_BOUND('',#5507,.F.);
#5507 = EDGE_LOOP('',(#5508,#5516,#5517,#5518));
#5508 = ORIENTED_EDGE('',*,*,#5509,.T.);
#5509 = EDGE_CURVE('',#5510,#4555,#5512,.T.);
#5510 = VERTEX_POINT('',#5511);
#5511 = CARTESIAN_POINT('',(52.6,37.,49.9));
#5512 = LINE('',#5513,#5514);
#5513 = CARTESIAN_POINT('',(52.6,37.,49.5));
#5514 = VECTOR('',#5515,1.);
#5515 = DIRECTION('',(0.,0.,1.));
#5516 = ORIENTED_EDGE('',*,*,#4554,.F.);
#5517 = ORIENTED_EDGE('',*,*,#5509,.F.);
#5518 = ORIENTED_EDGE('',*,*,#5519,.T.);
#5519 = EDGE_CURVE('',#5510,#5510,#5520,.T.);
#5520 = CIRCLE('',#5521,3.1);
#5521 = AXIS2_PLACEMENT_3D('',#5522,#5523,#5524);
#5522 = CARTESIAN_POINT('',(49.5,37.,49.9));
#5523 = DIRECTION('',(0.,0.,1.));
#5524 = DIRECTION('',(1.,0.,0.));
#5525 = CYLINDRICAL_SURFACE('',#5526,3.1);
#5526 = AXIS2_PLACEMENT_3D('',#5527,#5528,#5529);
#5527 = CARTESIAN_POINT('',(49.5,37.,49.5));
#5528 = DIRECTION('',(0.,0.,1.));
#5529 = DIRECTION('',(1.,0.,0.));
#5530 = ADVANCED_FACE('',(#5531),#5556,.T.);
#5531 = FACE_BOUND('',#5532,.T.);
#5532 = EDGE_LOOP('',(#5533,#5541,#5542,#5550));
#5533 = ORIENTED_EDGE('',*,*,#5534,.F.);
#5534 = EDGE_CURVE('',#4607,#5535,#5537,.T.);
#5535 = VERTEX_POINT('',#5536);
#5536 = CARTESIAN_POINT('',(53.,-40.5,49.9));
#5537 = LINE('',#5538,#5539);
#5538 = CARTESIAN_POINT('',(53.,-40.5,37.5));
#5539 = VECTOR('',#5540,1.);
#5540 = DIRECTION('',(0.,0.,1.));
#5541 = ORIENTED_EDGE('',*,*,#4606,.T.);
#5542 = ORIENTED_EDGE('',*,*,#5543,.T.);
#5543 = EDGE_CURVE('',#4609,#5544,#5546,.T.);
#5544 = VERTEX_POINT('',#5545);
#5545 = CARTESIAN_POINT('',(-53.,-40.5,49.9));
#5546 = LINE('',#5547,#5548);
#5547 = CARTESIAN_POINT('',(-53.,-40.5,37.5));
#5548 = VECTOR('',#5549,1.);
#5549 = DIRECTION('',(0.,0.,1.));
#5550 = ORIENTED_EDGE('',*,*,#5551,.T.);
#5551 = EDGE_CURVE('',#5544,#5535,#5552,.T.);
#5552 = LINE('',#5553,#5554);
#5553 = CARTESIAN_POINT('',(-53.,-40.5,49.9));
#5554 = VECTOR('',#5555,1.);
#5555 = DIRECTION('',(1.,0.,0.));
#5556 = PLANE('',#5557);
#5557 = AXIS2_PLACEMENT_3D('',#5558,#5559,#5560);
#5558 = CARTESIAN_POINT('',(-53.,-40.5,37.5));
#5559 = DIRECTION('',(0.,1.,0.));
#5560 = DIRECTION('',(0.,0.,1.));
#5561 = ADVANCED_FACE('',(#5562),#5580,.F.);
#5562 = FACE_BOUND('',#5563,.F.);
#5563 = EDGE_LOOP('',(#5564,#5565,#5566,#5574));
#5564 = ORIENTED_EDGE('',*,*,#5534,.F.);
#5565 = ORIENTED_EDGE('',*,*,#4632,.T.);
#5566 = ORIENTED_EDGE('',*,*,#5567,.T.);
#5567 = EDGE_CURVE('',#4625,#5568,#5570,.T.);
#5568 = VERTEX_POINT('',#5569);
#5569 = CARTESIAN_POINT('',(53.,40.5,49.9));
#5570 = LINE('',#5571,#5572);
#5571 = CARTESIAN_POINT('',(53.,40.5,37.5));
#5572 = VECTOR('',#5573,1.);
#5573 = DIRECTION('',(0.,0.,1.));
#5574 = ORIENTED_EDGE('',*,*,#5575,.F.);
#5575 = EDGE_CURVE('',#5535,#5568,#5576,.T.);
#5576 = LINE('',#5577,#5578);
#5577 = CARTESIAN_POINT('',(53.,-40.5,49.9));
#5578 = VECTOR('',#5579,1.);
#5579 = DIRECTION('',(0.,1.,0.));
#5580 = PLANE('',#5581);
#5581 = AXIS2_PLACEMENT_3D('',#5582,#5583,#5584);
#5582 = CARTESIAN_POINT('',(53.,-40.5,37.5));
#5583 = DIRECTION('',(1.,0.,0.));
#5584 = DIRECTION('',(0.,0.,1.));
#5585 = ADVANCED_FACE('',(#5586),#5604,.F.);
#5586 = FACE_BOUND('',#5587,.F.);
#5587 = EDGE_LOOP('',(#5588,#5589,#5590,#5598));
#5588 = ORIENTED_EDGE('',*,*,#5567,.F.);
#5589 = ORIENTED_EDGE('',*,*,#4624,.T.);
#5590 = ORIENTED_EDGE('',*,*,#5591,.T.);
#5591 = EDGE_CURVE('',#4617,#5592,#5594,.T.);
#5592 = VERTEX_POINT('',#5593);
#5593 = CARTESIAN_POINT('',(-53.,40.5,49.9));
#5594 = LINE('',#5595,#5596);
#5595 = CARTESIAN_POINT('',(-53.,40.5,37.5));
#5596 = VECTOR('',#5597,1.);
#5597 = DIRECTION('',(0.,0.,1.));
#5598 = ORIENTED_EDGE('',*,*,#5599,.T.);
#5599 = EDGE_CURVE('',#5592,#5568,#5600,.T.);
#5600 = LINE('',#5601,#5602);
#5601 = CARTESIAN_POINT('',(-53.,40.5,49.9));
#5602 = VECTOR('',#5603,1.);
#5603 = DIRECTION('',(1.,0.,0.));
#5604 = PLANE('',#5605);
#5605 = AXIS2_PLACEMENT_3D('',#5606,#5607,#5608);
#5606 = CARTESIAN_POINT('',(-53.,40.5,37.5));
#5607 = DIRECTION('',(0.,1.,0.));
#5608 = DIRECTION('',(0.,0.,1.));
#5609 = ADVANCED_FACE('',(#5610),#5621,.T.);
#5610 = FACE_BOUND('',#5611,.T.);
#5611 = EDGE_LOOP('',(#5612,#5613,#5614,#5615));
#5612 = ORIENTED_EDGE('',*,*,#5543,.F.);
#5613 = ORIENTED_EDGE('',*,*,#4616,.T.);
#5614 = ORIENTED_EDGE('',*,*,#5591,.T.);
#5615 = ORIENTED_EDGE('',*,*,#5616,.F.);
#5616 = EDGE_CURVE('',#5544,#5592,#5617,.T.);
#5617 = LINE('',#5618,#5619);
#5618 = CARTESIAN_POINT('',(-53.,-40.5,49.9));
#5619 = VECTOR('',#5620,1.);
#5620 = DIRECTION('',(0.,1.,0.));
#5621 = PLANE('',#5622);
#5622 = AXIS2_PLACEMENT_3D('',#5623,#5624,#5625);
#5623 = CARTESIAN_POINT('',(-53.,-40.5,37.5));
#5624 = DIRECTION('',(1.,0.,0.));
#5625 = DIRECTION('',(0.,0.,1.));
#5626 = ADVANCED_FACE('',(#5627,#5633,#5636,#5642,#5645,#5648,#5651,
    #5654,#5664,#5667,#5670,#5673,#5676,#5679,#5685,#5691,#5697,#5700),
  #5703,.F.);
#5627 = FACE_BOUND('',#5628,.F.);
#5628 = EDGE_LOOP('',(#5629,#5630,#5631,#5632));
#5629 = ORIENTED_EDGE('',*,*,#5616,.F.);
#5630 = ORIENTED_EDGE('',*,*,#5551,.T.);
#5631 = ORIENTED_EDGE('',*,*,#5575,.T.);
#5632 = ORIENTED_EDGE('',*,*,#5599,.F.);
#5633 = FACE_BOUND('',#5634,.F.);
#5634 = EDGE_LOOP('',(#5635));
#5635 = ORIENTED_EDGE('',*,*,#4668,.F.);
#5636 = FACE_BOUND('',#5637,.F.);
#5637 = EDGE_LOOP('',(#5638,#5639,#5640,#5641));
#5638 = ORIENTED_EDGE('',*,*,#4691,.T.);
#5639 = ORIENTED_EDGE('',*,*,#4739,.T.);
#5640 = ORIENTED_EDGE('',*,*,#4763,.F.);
#5641 = ORIENTED_EDGE('',*,*,#4715,.F.);
#5642 = FACE_BOUND('',#5643,.F.);
#5643 = EDGE_LOOP('',(#5644));
#5644 = ORIENTED_EDGE('',*,*,#4788,.F.);
#5645 = FACE_BOUND('',#5646,.F.);
#5646 = EDGE_LOOP('',(#5647));
#5647 = ORIENTED_EDGE('',*,*,#4814,.F.);
#5648 = FACE_BOUND('',#5649,.F.);
#5649 = EDGE_LOOP('',(#5650));
#5650 = ORIENTED_EDGE('',*,*,#4838,.F.);
#5651 = FACE_BOUND('',#5652,.F.);
#5652 = EDGE_LOOP('',(#5653));
#5653 = ORIENTED_EDGE('',*,*,#4863,.F.);
#5654 = FACE_BOUND('',#5655,.F.);
#5655 = EDGE_LOOP('',(#5656,#5657,#5658,#5659,#5660,#5661,#5662,#5663));
#5656 = ORIENTED_EDGE('',*,*,#4887,.F.);
#5657 = ORIENTED_EDGE('',*,*,#4911,.T.);
#5658 = ORIENTED_EDGE('',*,*,#4959,.T.);
#5659 = ORIENTED_EDGE('',*,*,#5006,.T.);
#5660 = ORIENTED_EDGE('',*,*,#5055,.T.);
#5661 = ORIENTED_EDGE('',*,*,#5030,.F.);
#5662 = ORIENTED_EDGE('',*,*,#4990,.T.);
#5663 = ORIENTED_EDGE('',*,*,#4935,.F.);
#5664 = FACE_BOUND('',#5665,.F.);
#5665 = EDGE_LOOP('',(#5666));
#5666 = ORIENTED_EDGE('',*,*,#5080,.F.);
#5667 = FACE_BOUND('',#5668,.F.);
#5668 = EDGE_LOOP('',(#5669));
#5669 = ORIENTED_EDGE('',*,*,#5105,.F.);
#5670 = FACE_BOUND('',#5671,.F.);
#5671 = EDGE_LOOP('',(#5672));
#5672 = ORIENTED_EDGE('',*,*,#5130,.F.);
#5673 = FACE_BOUND('',#5674,.F.);
#5674 = EDGE_LOOP('',(#5675));
#5675 = ORIENTED_EDGE('',*,*,#5155,.F.);
#5676 = FACE_BOUND('',#5677,.F.);
#5677 = EDGE_LOOP('',(#5678));
#5678 = ORIENTED_EDGE('',*,*,#5180,.F.);
#5679 = FACE_BOUND('',#5680,.F.);
#5680 = EDGE_LOOP('',(#5681,#5682,#5683,#5684));
#5681 = ORIENTED_EDGE('',*,*,#5204,.T.);
#5682 = ORIENTED_EDGE('',*,*,#5252,.T.);
#5683 = ORIENTED_EDGE('',*,*,#5276,.F.);
#5684 = ORIENTED_EDGE('',*,*,#5228,.F.);
#5685 = FACE_BOUND('',#5686,.F.);
#5686 = EDGE_LOOP('',(#5687,#5688,#5689,#5690));
#5687 = ORIENTED_EDGE('',*,*,#5300,.T.);
#5688 = ORIENTED_EDGE('',*,*,#5348,.T.);
#5689 = ORIENTED_EDGE('',*,*,#5372,.F.);
#5690 = ORIENTED_EDGE('',*,*,#5324,.F.);
#5691 = FACE_BOUND('',#5692,.F.);
#5692 = EDGE_LOOP('',(#5693,#5694,#5695,#5696));
#5693 = ORIENTED_EDGE('',*,*,#5396,.T.);
#5694 = ORIENTED_EDGE('',*,*,#5444,.T.);
#5695 = ORIENTED_EDGE('',*,*,#5468,.F.);
#5696 = ORIENTED_EDGE('',*,*,#5420,.F.);
#5697 = FACE_BOUND('',#5698,.F.);
#5698 = EDGE_LOOP('',(#5699));
#5699 = ORIENTED_EDGE('',*,*,#5494,.F.);
#5700 = FACE_BOUND('',#5701,.F.);
#5701 = EDGE_LOOP('',(#5702));
#5702 = ORIENTED_EDGE('',*,*,#5519,.F.);
#5703 = PLANE('',#5704);
#5704 = AXIS2_PLACEMENT_3D('',#5705,#5706,#5707);
#5705 = CARTESIAN_POINT('',(-53.,-40.5,49.9));
#5706 = DIRECTION('',(0.,0.,1.));
#5707 = DIRECTION('',(1.,0.,0.));
#5708 = MANIFOLD_SOLID_BREP('',#5709);
#5709 = CLOSED_SHELL('',(#5710,#5750,#5781,#5993,#6017,#6068,#6080,#6148
    ,#6173,#6191,#6216,#6234,#6297,#6315,#6333,#6396,#6414,#6432,#6490,
    #6508,#6526,#6537,#6548,#6558,#6568,#6578,#6588,#6598));
#5710 = ADVANCED_FACE('',(#5711),#5745,.F.);
#5711 = FACE_BOUND('',#5712,.F.);
#5712 = EDGE_LOOP('',(#5713,#5723,#5731,#5739));
#5713 = ORIENTED_EDGE('',*,*,#5714,.F.);
#5714 = EDGE_CURVE('',#5715,#5717,#5719,.T.);
#5715 = VERTEX_POINT('',#5716);
#5716 = CARTESIAN_POINT('',(-52.75,-40.25,35.5));
#5717 = VERTEX_POINT('',#5718);
#5718 = CARTESIAN_POINT('',(-52.75,-40.25,38.));
#5719 = LINE('',#5720,#5721);
#5720 = CARTESIAN_POINT('',(-52.75,-40.25,35.5));
#5721 = VECTOR('',#5722,1.);
#5722 = DIRECTION('',(0.,0.,1.));
#5723 = ORIENTED_EDGE('',*,*,#5724,.T.);
#5724 = EDGE_CURVE('',#5715,#5725,#5727,.T.);
#5725 = VERTEX_POINT('',#5726);
#5726 = CARTESIAN_POINT('',(-52.75,40.25,35.5));
#5727 = LINE('',#5728,#5729);
#5728 = CARTESIAN_POINT('',(-52.75,-40.25,35.5));
#5729 = VECTOR('',#5730,1.);
#5730 = DIRECTION('',(0.,1.,0.));
#5731 = ORIENTED_EDGE('',*,*,#5732,.T.);
#5732 = EDGE_CURVE('',#5725,#5733,#5735,.T.);
#5733 = VERTEX_POINT('',#5734);
#5734 = CARTESIAN_POINT('',(-52.75,40.25,38.));
#5735 = LINE('',#5736,#5737);
#5736 = CARTESIAN_POINT('',(-52.75,40.25,35.5));
#5737 = VECTOR('',#5738,1.);
#5738 = DIRECTION('',(0.,0.,1.));
#5739 = ORIENTED_EDGE('',*,*,#5740,.F.);
#5740 = EDGE_CURVE('',#5717,#5733,#5741,.T.);
#5741 = LINE('',#5742,#5743);
#5742 = CARTESIAN_POINT('',(-52.75,-40.25,38.));
#5743 = VECTOR('',#5744,1.);
#5744 = DIRECTION('',(0.,1.,0.));
#5745 = PLANE('',#5746);
#5746 = AXIS2_PLACEMENT_3D('',#5747,#5748,#5749);
#5747 = CARTESIAN_POINT('',(-52.75,-40.25,35.5));
#5748 = DIRECTION('',(1.,0.,0.));
#5749 = DIRECTION('',(0.,0.,1.));
#5750 = ADVANCED_FACE('',(#5751),#5776,.F.);
#5751 = FACE_BOUND('',#5752,.F.);
#5752 = EDGE_LOOP('',(#5753,#5761,#5762,#5770));
#5753 = ORIENTED_EDGE('',*,*,#5754,.F.);
#5754 = EDGE_CURVE('',#5715,#5755,#5757,.T.);
#5755 = VERTEX_POINT('',#5756);
#5756 = CARTESIAN_POINT('',(52.75,-40.25,35.5));
#5757 = LINE('',#5758,#5759);
#5758 = CARTESIAN_POINT('',(-52.75,-40.25,35.5));
#5759 = VECTOR('',#5760,1.);
#5760 = DIRECTION('',(1.,0.,0.));
#5761 = ORIENTED_EDGE('',*,*,#5714,.T.);
#5762 = ORIENTED_EDGE('',*,*,#5763,.T.);
#5763 = EDGE_CURVE('',#5717,#5764,#5766,.T.);
#5764 = VERTEX_POINT('',#5765);
#5765 = CARTESIAN_POINT('',(52.75,-40.25,38.));
#5766 = LINE('',#5767,#5768);
#5767 = CARTESIAN_POINT('',(-52.75,-40.25,38.));
#5768 = VECTOR('',#5769,1.);
#5769 = DIRECTION('',(1.,0.,0.));
#5770 = ORIENTED_EDGE('',*,*,#5771,.F.);
#5771 = EDGE_CURVE('',#5755,#5764,#5772,.T.);
#5772 = LINE('',#5773,#5774);
#5773 = CARTESIAN_POINT('',(52.75,-40.25,35.5));
#5774 = VECTOR('',#5775,1.);
#5775 = DIRECTION('',(0.,0.,1.));
#5776 = PLANE('',#5777);
#5777 = AXIS2_PLACEMENT_3D('',#5778,#5779,#5780);
#5778 = CARTESIAN_POINT('',(-52.75,-40.25,35.5));
#5779 = DIRECTION('',(0.,1.,0.));
#5780 = DIRECTION('',(0.,0.,1.));
#5781 = ADVANCED_FACE('',(#5782,#5800),#5988,.T.);
#5782 = FACE_BOUND('',#5783,.T.);
#5783 = EDGE_LOOP('',(#5784,#5785,#5786,#5794));
#5784 = ORIENTED_EDGE('',*,*,#5740,.F.);
#5785 = ORIENTED_EDGE('',*,*,#5763,.T.);
#5786 = ORIENTED_EDGE('',*,*,#5787,.T.);
#5787 = EDGE_CURVE('',#5764,#5788,#5790,.T.);
#5788 = VERTEX_POINT('',#5789);
#5789 = CARTESIAN_POINT('',(52.75,40.25,38.));
#5790 = LINE('',#5791,#5792);
#5791 = CARTESIAN_POINT('',(52.75,-40.25,38.));
#5792 = VECTOR('',#5793,1.);
#5793 = DIRECTION('',(0.,1.,0.));
#5794 = ORIENTED_EDGE('',*,*,#5795,.F.);
#5795 = EDGE_CURVE('',#5733,#5788,#5796,.T.);
#5796 = LINE('',#5797,#5798);
#5797 = CARTESIAN_POINT('',(-52.75,40.25,38.));
#5798 = VECTOR('',#5799,1.);
#5799 = DIRECTION('',(1.,0.,0.));
#5800 = FACE_BOUND('',#5801,.T.);
#5801 = EDGE_LOOP('',(#5802,#5812,#5820,#5829,#5837,#5846,#5854,#5862,
    #5871,#5879,#5888,#5896,#5904,#5913,#5921,#5930,#5938,#5946,#5955,
    #5964,#5972,#5981));
#5802 = ORIENTED_EDGE('',*,*,#5803,.F.);
#5803 = EDGE_CURVE('',#5804,#5806,#5808,.T.);
#5804 = VERTEX_POINT('',#5805);
#5805 = CARTESIAN_POINT('',(50.75,-38.25,38.));
#5806 = VERTEX_POINT('',#5807);
#5807 = CARTESIAN_POINT('',(50.75,-38.07703296142,38.));
#5808 = LINE('',#5809,#5810);
#5809 = CARTESIAN_POINT('',(50.75,-39.25,38.));
#5810 = VECTOR('',#5811,1.);
#5811 = DIRECTION('',(0.,1.,0.));
#5812 = ORIENTED_EDGE('',*,*,#5813,.T.);
#5813 = EDGE_CURVE('',#5804,#5814,#5816,.T.);
#5814 = VERTEX_POINT('',#5815);
#5815 = CARTESIAN_POINT('',(50.577032961427,-38.25,38.));
#5816 = LINE('',#5817,#5818);
#5817 = CARTESIAN_POINT('',(-51.75,-38.25,38.));
#5818 = VECTOR('',#5819,1.);
#5819 = DIRECTION('',(-1.,0.,0.));
#5820 = ORIENTED_EDGE('',*,*,#5821,.F.);
#5821 = EDGE_CURVE('',#5822,#5814,#5824,.T.);
#5822 = VERTEX_POINT('',#5823);
#5823 = CARTESIAN_POINT('',(48.422967038573,-38.25,38.));
#5824 = CIRCLE('',#5825,1.65);
#5825 = AXIS2_PLACEMENT_3D('',#5826,#5827,#5828);
#5826 = CARTESIAN_POINT('',(49.5,-37.,38.));
#5827 = DIRECTION('',(0.,0.,1.));
#5828 = DIRECTION('',(1.,0.,0.));
#5829 = ORIENTED_EDGE('',*,*,#5830,.T.);
#5830 = EDGE_CURVE('',#5822,#5831,#5833,.T.);
#5831 = VERTEX_POINT('',#5832);
#5832 = CARTESIAN_POINT('',(-48.42296703857,-38.25,38.));
#5833 = LINE('',#5834,#5835);
#5834 = CARTESIAN_POINT('',(-51.75,-38.25,38.));
#5835 = VECTOR('',#5836,1.);
#5836 = DIRECTION('',(-1.,0.,0.));
#5837 = ORIENTED_EDGE('',*,*,#5838,.F.);
#5838 = EDGE_CURVE('',#5839,#5831,#5841,.T.);
#5839 = VERTEX_POINT('',#5840);
#5840 = CARTESIAN_POINT('',(-50.57703296142,-38.25,38.));
#5841 = CIRCLE('',#5842,1.65);
#5842 = AXIS2_PLACEMENT_3D('',#5843,#5844,#5845);
#5843 = CARTESIAN_POINT('',(-49.5,-37.,38.));
#5844 = DIRECTION('',(0.,0.,1.));
#5845 = DIRECTION('',(1.,0.,0.));
#5846 = ORIENTED_EDGE('',*,*,#5847,.T.);
#5847 = EDGE_CURVE('',#5839,#5848,#5850,.T.);
#5848 = VERTEX_POINT('',#5849);
#5849 = CARTESIAN_POINT('',(-50.75,-38.25,38.));
#5850 = LINE('',#5851,#5852);
#5851 = CARTESIAN_POINT('',(-51.75,-38.25,38.));
#5852 = VECTOR('',#5853,1.);
#5853 = DIRECTION('',(-1.,0.,0.));
#5854 = ORIENTED_EDGE('',*,*,#5855,.T.);
#5855 = EDGE_CURVE('',#5848,#5856,#5858,.T.);
#5856 = VERTEX_POINT('',#5857);
#5857 = CARTESIAN_POINT('',(-50.75,-38.07703296142,38.));
#5858 = LINE('',#5859,#5860);
#5859 = CARTESIAN_POINT('',(-50.75,-39.25,38.));
#5860 = VECTOR('',#5861,1.);
#5861 = DIRECTION('',(0.,1.,0.));
#5862 = ORIENTED_EDGE('',*,*,#5863,.F.);
#5863 = EDGE_CURVE('',#5864,#5856,#5866,.T.);
#5864 = VERTEX_POINT('',#5865);
#5865 = CARTESIAN_POINT('',(-50.75,-35.92296703857,38.));
#5866 = CIRCLE('',#5867,1.65);
#5867 = AXIS2_PLACEMENT_3D('',#5868,#5869,#5870);
#5868 = CARTESIAN_POINT('',(-49.5,-37.,38.));
#5869 = DIRECTION('',(0.,0.,1.));
#5870 = DIRECTION('',(1.,0.,0.));
#5871 = ORIENTED_EDGE('',*,*,#5872,.T.);
#5872 = EDGE_CURVE('',#5864,#5873,#5875,.T.);
#5873 = VERTEX_POINT('',#5874);
#5874 = CARTESIAN_POINT('',(-50.75,35.922967038573,38.));
#5875 = LINE('',#5876,#5877);
#5876 = CARTESIAN_POINT('',(-50.75,-39.25,38.));
#5877 = VECTOR('',#5878,1.);
#5878 = DIRECTION('',(0.,1.,0.));
#5879 = ORIENTED_EDGE('',*,*,#5880,.F.);
#5880 = EDGE_CURVE('',#5881,#5873,#5883,.T.);
#5881 = VERTEX_POINT('',#5882);
#5882 = CARTESIAN_POINT('',(-50.75,38.077032961427,38.));
#5883 = CIRCLE('',#5884,1.65);
#5884 = AXIS2_PLACEMENT_3D('',#5885,#5886,#5887);
#5885 = CARTESIAN_POINT('',(-49.5,37.,38.));
#5886 = DIRECTION('',(0.,0.,1.));
#5887 = DIRECTION('',(1.,0.,0.));
#5888 = ORIENTED_EDGE('',*,*,#5889,.T.);
#5889 = EDGE_CURVE('',#5881,#5890,#5892,.T.);
#5890 = VERTEX_POINT('',#5891);
#5891 = CARTESIAN_POINT('',(-50.75,38.25,38.));
#5892 = LINE('',#5893,#5894);
#5893 = CARTESIAN_POINT('',(-50.75,-39.25,38.));
#5894 = VECTOR('',#5895,1.);
#5895 = DIRECTION('',(0.,1.,0.));
#5896 = ORIENTED_EDGE('',*,*,#5897,.F.);
#5897 = EDGE_CURVE('',#5898,#5890,#5900,.T.);
#5898 = VERTEX_POINT('',#5899);
#5899 = CARTESIAN_POINT('',(-50.57703296142,38.25,38.));
#5900 = LINE('',#5901,#5902);
#5901 = CARTESIAN_POINT('',(-51.75,38.25,38.));
#5902 = VECTOR('',#5903,1.);
#5903 = DIRECTION('',(-1.,0.,0.));
#5904 = ORIENTED_EDGE('',*,*,#5905,.F.);
#5905 = EDGE_CURVE('',#5906,#5898,#5908,.T.);
#5906 = VERTEX_POINT('',#5907);
#5907 = CARTESIAN_POINT('',(-48.42296703857,38.25,38.));
#5908 = CIRCLE('',#5909,1.65);
#5909 = AXIS2_PLACEMENT_3D('',#5910,#5911,#5912);
#5910 = CARTESIAN_POINT('',(-49.5,37.,38.));
#5911 = DIRECTION('',(0.,0.,1.));
#5912 = DIRECTION('',(1.,0.,0.));
#5913 = ORIENTED_EDGE('',*,*,#5914,.F.);
#5914 = EDGE_CURVE('',#5915,#5906,#5917,.T.);
#5915 = VERTEX_POINT('',#5916);
#5916 = CARTESIAN_POINT('',(48.422967038573,38.25,38.));
#5917 = LINE('',#5918,#5919);
#5918 = CARTESIAN_POINT('',(-51.75,38.25,38.));
#5919 = VECTOR('',#5920,1.);
#5920 = DIRECTION('',(-1.,0.,0.));
#5921 = ORIENTED_EDGE('',*,*,#5922,.F.);
#5922 = EDGE_CURVE('',#5923,#5915,#5925,.T.);
#5923 = VERTEX_POINT('',#5924);
#5924 = CARTESIAN_POINT('',(50.577032961427,38.25,38.));
#5925 = CIRCLE('',#5926,1.65);
#5926 = AXIS2_PLACEMENT_3D('',#5927,#5928,#5929);
#5927 = CARTESIAN_POINT('',(49.5,37.,38.));
#5928 = DIRECTION('',(0.,0.,1.));
#5929 = DIRECTION('',(1.,0.,0.));
#5930 = ORIENTED_EDGE('',*,*,#5931,.F.);
#5931 = EDGE_CURVE('',#5932,#5923,#5934,.T.);
#5932 = VERTEX_POINT('',#5933);
#5933 = CARTESIAN_POINT('',(50.75,38.25,38.));
#5934 = LINE('',#5935,#5936);
#5935 = CARTESIAN_POINT('',(-51.75,38.25,38.));
#5936 = VECTOR('',#5937,1.);
#5937 = DIRECTION('',(-1.,0.,0.));
#5938 = ORIENTED_EDGE('',*,*,#5939,.F.);
#5939 = EDGE_CURVE('',#5940,#5932,#5942,.T.);
#5940 = VERTEX_POINT('',#5941);
#5941 = CARTESIAN_POINT('',(50.75,38.077032961427,38.));
#5942 = LINE('',#5943,#5944);
#5943 = CARTESIAN_POINT('',(50.75,-39.25,38.));
#5944 = VECTOR('',#5945,1.);
#5945 = DIRECTION('',(0.,1.,0.));
#5946 = ORIENTED_EDGE('',*,*,#5947,.F.);
#5947 = EDGE_CURVE('',#5948,#5940,#5950,.T.);
#5948 = VERTEX_POINT('',#5949);
#5949 = CARTESIAN_POINT('',(51.15,37.,38.));
#5950 = CIRCLE('',#5951,1.65);
#5951 = AXIS2_PLACEMENT_3D('',#5952,#5953,#5954);
#5952 = CARTESIAN_POINT('',(49.5,37.,38.));
#5953 = DIRECTION('',(0.,0.,1.));
#5954 = DIRECTION('',(1.,0.,0.));
#5955 = ORIENTED_EDGE('',*,*,#5956,.F.);
#5956 = EDGE_CURVE('',#5957,#5948,#5959,.T.);
#5957 = VERTEX_POINT('',#5958);
#5958 = CARTESIAN_POINT('',(50.75,35.922967038573,38.));
#5959 = CIRCLE('',#5960,1.65);
#5960 = AXIS2_PLACEMENT_3D('',#5961,#5962,#5963);
#5961 = CARTESIAN_POINT('',(49.5,37.,38.));
#5962 = DIRECTION('',(0.,0.,1.));
#5963 = DIRECTION('',(1.,0.,0.));
#5964 = ORIENTED_EDGE('',*,*,#5965,.F.);
#5965 = EDGE_CURVE('',#5966,#5957,#5968,.T.);
#5966 = VERTEX_POINT('',#5967);
#5967 = CARTESIAN_POINT('',(50.75,-35.92296703857,38.));
#5968 = LINE('',#5969,#5970);
#5969 = CARTESIAN_POINT('',(50.75,-39.25,38.));
#5970 = VECTOR('',#5971,1.);
#5971 = DIRECTION('',(0.,1.,0.));
#5972 = ORIENTED_EDGE('',*,*,#5973,.F.);
#5973 = EDGE_CURVE('',#5974,#5966,#5976,.T.);
#5974 = VERTEX_POINT('',#5975);
#5975 = CARTESIAN_POINT('',(51.15,-37.,38.));
#5976 = CIRCLE('',#5977,1.65);
#5977 = AXIS2_PLACEMENT_3D('',#5978,#5979,#5980);
#5978 = CARTESIAN_POINT('',(49.5,-37.,38.));
#5979 = DIRECTION('',(0.,0.,1.));
#5980 = DIRECTION('',(1.,0.,0.));
#5981 = ORIENTED_EDGE('',*,*,#5982,.F.);
#5982 = EDGE_CURVE('',#5806,#5974,#5983,.T.);
#5983 = CIRCLE('',#5984,1.65);
#5984 = AXIS2_PLACEMENT_3D('',#5985,#5986,#5987);
#5985 = CARTESIAN_POINT('',(49.5,-37.,38.));
#5986 = DIRECTION('',(0.,0.,1.));
#5987 = DIRECTION('',(1.,0.,0.));
#5988 = PLANE('',#5989);
#5989 = AXIS2_PLACEMENT_3D('',#5990,#5991,#5992);
#5990 = CARTESIAN_POINT('',(-52.75,-40.25,38.));
#5991 = DIRECTION('',(0.,0.,1.));
#5992 = DIRECTION('',(1.,0.,0.));
#5993 = ADVANCED_FACE('',(#5994),#6012,.T.);
#5994 = FACE_BOUND('',#5995,.T.);
#5995 = EDGE_LOOP('',(#5996,#6004,#6005,#6006));
#5996 = ORIENTED_EDGE('',*,*,#5997,.F.);
#5997 = EDGE_CURVE('',#5725,#5998,#6000,.T.);
#5998 = VERTEX_POINT('',#5999);
#5999 = CARTESIAN_POINT('',(52.75,40.25,35.5));
#6000 = LINE('',#6001,#6002);
#6001 = CARTESIAN_POINT('',(-52.75,40.25,35.5));
#6002 = VECTOR('',#6003,1.);
#6003 = DIRECTION('',(1.,0.,0.));
#6004 = ORIENTED_EDGE('',*,*,#5732,.T.);
#6005 = ORIENTED_EDGE('',*,*,#5795,.T.);
#6006 = ORIENTED_EDGE('',*,*,#6007,.F.);
#6007 = EDGE_CURVE('',#5998,#5788,#6008,.T.);
#6008 = LINE('',#6009,#6010);
#6009 = CARTESIAN_POINT('',(52.75,40.25,35.5));
#6010 = VECTOR('',#6011,1.);
#6011 = DIRECTION('',(0.,0.,1.));
#6012 = PLANE('',#6013);
#6013 = AXIS2_PLACEMENT_3D('',#6014,#6015,#6016);
#6014 = CARTESIAN_POINT('',(-52.75,40.25,35.5));
#6015 = DIRECTION('',(0.,1.,0.));
#6016 = DIRECTION('',(0.,0.,1.));
#6017 = ADVANCED_FACE('',(#6018,#6029),#6063,.F.);
#6018 = FACE_BOUND('',#6019,.F.);
#6019 = EDGE_LOOP('',(#6020,#6021,#6022,#6028));
#6020 = ORIENTED_EDGE('',*,*,#5724,.F.);
#6021 = ORIENTED_EDGE('',*,*,#5754,.T.);
#6022 = ORIENTED_EDGE('',*,*,#6023,.T.);
#6023 = EDGE_CURVE('',#5755,#5998,#6024,.T.);
#6024 = LINE('',#6025,#6026);
#6025 = CARTESIAN_POINT('',(52.75,-40.25,35.5));
#6026 = VECTOR('',#6027,1.);
#6027 = DIRECTION('',(0.,1.,0.));
#6028 = ORIENTED_EDGE('',*,*,#5997,.F.);
#6029 = FACE_BOUND('',#6030,.F.);
#6030 = EDGE_LOOP('',(#6031,#6041,#6049,#6057));
#6031 = ORIENTED_EDGE('',*,*,#6032,.T.);
#6032 = EDGE_CURVE('',#6033,#6035,#6037,.T.);
#6033 = VERTEX_POINT('',#6034);
#6034 = CARTESIAN_POINT('',(50.75,-38.25,35.5));
#6035 = VERTEX_POINT('',#6036);
#6036 = CARTESIAN_POINT('',(-50.75,-38.25,35.5));
#6037 = LINE('',#6038,#6039);
#6038 = CARTESIAN_POINT('',(-51.75,-38.25,35.5));
#6039 = VECTOR('',#6040,1.);
#6040 = DIRECTION('',(-1.,0.,0.));
#6041 = ORIENTED_EDGE('',*,*,#6042,.T.);
#6042 = EDGE_CURVE('',#6035,#6043,#6045,.T.);
#6043 = VERTEX_POINT('',#6044);
#6044 = CARTESIAN_POINT('',(-50.75,38.25,35.5));
#6045 = LINE('',#6046,#6047);
#6046 = CARTESIAN_POINT('',(-50.75,-39.25,35.5));
#6047 = VECTOR('',#6048,1.);
#6048 = DIRECTION('',(0.,1.,0.));
#6049 = ORIENTED_EDGE('',*,*,#6050,.F.);
#6050 = EDGE_CURVE('',#6051,#6043,#6053,.T.);
#6051 = VERTEX_POINT('',#6052);
#6052 = CARTESIAN_POINT('',(50.75,38.25,35.5));
#6053 = LINE('',#6054,#6055);
#6054 = CARTESIAN_POINT('',(-51.75,38.25,35.5));
#6055 = VECTOR('',#6056,1.);
#6056 = DIRECTION('',(-1.,0.,0.));
#6057 = ORIENTED_EDGE('',*,*,#6058,.F.);
#6058 = EDGE_CURVE('',#6033,#6051,#6059,.T.);
#6059 = LINE('',#6060,#6061);
#6060 = CARTESIAN_POINT('',(50.75,-39.25,35.5));
#6061 = VECTOR('',#6062,1.);
#6062 = DIRECTION('',(0.,1.,0.));
#6063 = PLANE('',#6064);
#6064 = AXIS2_PLACEMENT_3D('',#6065,#6066,#6067);
#6065 = CARTESIAN_POINT('',(-52.75,-40.25,35.5));
#6066 = DIRECTION('',(0.,0.,1.));
#6067 = DIRECTION('',(1.,0.,0.));
#6068 = ADVANCED_FACE('',(#6069),#6075,.T.);
#6069 = FACE_BOUND('',#6070,.T.);
#6070 = EDGE_LOOP('',(#6071,#6072,#6073,#6074));
#6071 = ORIENTED_EDGE('',*,*,#5771,.F.);
#6072 = ORIENTED_EDGE('',*,*,#6023,.T.);
#6073 = ORIENTED_EDGE('',*,*,#6007,.T.);
#6074 = ORIENTED_EDGE('',*,*,#5787,.F.);
#6075 = PLANE('',#6076);
#6076 = AXIS2_PLACEMENT_3D('',#6077,#6078,#6079);
#6077 = CARTESIAN_POINT('',(52.75,-40.25,35.5));
#6078 = DIRECTION('',(1.,0.,0.));
#6079 = DIRECTION('',(0.,0.,1.));
#6080 = ADVANCED_FACE('',(#6081),#6143,.F.);
#6081 = FACE_BOUND('',#6082,.F.);
#6082 = EDGE_LOOP('',(#6083,#6089,#6090,#6096,#6097,#6105,#6113,#6119,
    #6120,#6128,#6136,#6142));
#6083 = ORIENTED_EDGE('',*,*,#6084,.F.);
#6084 = EDGE_CURVE('',#6033,#5804,#6085,.T.);
#6085 = LINE('',#6086,#6087);
#6086 = CARTESIAN_POINT('',(50.75,-38.25,35.));
#6087 = VECTOR('',#6088,1.);
#6088 = DIRECTION('',(0.,0.,1.));
#6089 = ORIENTED_EDGE('',*,*,#6058,.T.);
#6090 = ORIENTED_EDGE('',*,*,#6091,.T.);
#6091 = EDGE_CURVE('',#6051,#5932,#6092,.T.);
#6092 = LINE('',#6093,#6094);
#6093 = CARTESIAN_POINT('',(50.75,38.25,35.));
#6094 = VECTOR('',#6095,1.);
#6095 = DIRECTION('',(0.,0.,1.));
#6096 = ORIENTED_EDGE('',*,*,#5939,.F.);
#6097 = ORIENTED_EDGE('',*,*,#6098,.F.);
#6098 = EDGE_CURVE('',#6099,#5940,#6101,.T.);
#6099 = VERTEX_POINT('',#6100);
#6100 = CARTESIAN_POINT('',(50.75,38.077032961427,37.));
#6101 = LINE('',#6102,#6103);
#6102 = CARTESIAN_POINT('',(50.75,38.077032961427,37.));
#6103 = VECTOR('',#6104,1.);
#6104 = DIRECTION('',(0.,0.,1.));
#6105 = ORIENTED_EDGE('',*,*,#6106,.T.);
#6106 = EDGE_CURVE('',#6099,#6107,#6109,.T.);
#6107 = VERTEX_POINT('',#6108);
#6108 = CARTESIAN_POINT('',(50.75,35.922967038573,37.));
#6109 = LINE('',#6110,#6111);
#6110 = CARTESIAN_POINT('',(50.75,-0.625,37.));
#6111 = VECTOR('',#6112,1.);
#6112 = DIRECTION('',(0.,-1.,0.));
#6113 = ORIENTED_EDGE('',*,*,#6114,.T.);
#6114 = EDGE_CURVE('',#6107,#5957,#6115,.T.);
#6115 = LINE('',#6116,#6117);
#6116 = CARTESIAN_POINT('',(50.75,35.922967038573,37.));
#6117 = VECTOR('',#6118,1.);
#6118 = DIRECTION('',(0.,0.,1.));
#6119 = ORIENTED_EDGE('',*,*,#5965,.F.);
#6120 = ORIENTED_EDGE('',*,*,#6121,.F.);
#6121 = EDGE_CURVE('',#6122,#5966,#6124,.T.);
#6122 = VERTEX_POINT('',#6123);
#6123 = CARTESIAN_POINT('',(50.75,-35.92296703857,37.));
#6124 = LINE('',#6125,#6126);
#6125 = CARTESIAN_POINT('',(50.75,-35.92296703857,37.));
#6126 = VECTOR('',#6127,1.);
#6127 = DIRECTION('',(0.,0.,1.));
#6128 = ORIENTED_EDGE('',*,*,#6129,.T.);
#6129 = EDGE_CURVE('',#6122,#6130,#6132,.T.);
#6130 = VERTEX_POINT('',#6131);
#6131 = CARTESIAN_POINT('',(50.75,-38.07703296142,37.));
#6132 = LINE('',#6133,#6134);
#6133 = CARTESIAN_POINT('',(50.75,-37.625,37.));
#6134 = VECTOR('',#6135,1.);
#6135 = DIRECTION('',(0.,-1.,0.));
#6136 = ORIENTED_EDGE('',*,*,#6137,.T.);
#6137 = EDGE_CURVE('',#6130,#5806,#6138,.T.);
#6138 = LINE('',#6139,#6140);
#6139 = CARTESIAN_POINT('',(50.75,-38.07703296142,37.));
#6140 = VECTOR('',#6141,1.);
#6141 = DIRECTION('',(0.,0.,1.));
#6142 = ORIENTED_EDGE('',*,*,#5803,.F.);
#6143 = PLANE('',#6144);
#6144 = AXIS2_PLACEMENT_3D('',#6145,#6146,#6147);
#6145 = CARTESIAN_POINT('',(50.75,-38.25,35.));
#6146 = DIRECTION('',(1.,0.,0.));
#6147 = DIRECTION('',(0.,0.,1.));
#6148 = ADVANCED_FACE('',(#6149),#6168,.F.);
#6149 = FACE_BOUND('',#6150,.F.);
#6150 = EDGE_LOOP('',(#6151,#6159,#6160,#6161));
#6151 = ORIENTED_EDGE('',*,*,#6152,.T.);
#6152 = EDGE_CURVE('',#6153,#5974,#6155,.T.);
#6153 = VERTEX_POINT('',#6154);
#6154 = CARTESIAN_POINT('',(51.15,-37.,37.));
#6155 = LINE('',#6156,#6157);
#6156 = CARTESIAN_POINT('',(51.15,-37.,37.));
#6157 = VECTOR('',#6158,1.);
#6158 = DIRECTION('',(0.,0.,1.));
#6159 = ORIENTED_EDGE('',*,*,#5982,.F.);
#6160 = ORIENTED_EDGE('',*,*,#6137,.F.);
#6161 = ORIENTED_EDGE('',*,*,#6162,.T.);
#6162 = EDGE_CURVE('',#6130,#6153,#6163,.T.);
#6163 = CIRCLE('',#6164,1.65);
#6164 = AXIS2_PLACEMENT_3D('',#6165,#6166,#6167);
#6165 = CARTESIAN_POINT('',(49.5,-37.,37.));
#6166 = DIRECTION('',(0.,0.,1.));
#6167 = DIRECTION('',(1.,0.,0.));
#6168 = CYLINDRICAL_SURFACE('',#6169,1.65);
#6169 = AXIS2_PLACEMENT_3D('',#6170,#6171,#6172);
#6170 = CARTESIAN_POINT('',(49.5,-37.,37.));
#6171 = DIRECTION('',(0.,0.,1.));
#6172 = DIRECTION('',(1.,0.,0.));
#6173 = ADVANCED_FACE('',(#6174),#6186,.F.);
#6174 = FACE_BOUND('',#6175,.F.);
#6175 = EDGE_LOOP('',(#6176,#6177,#6178,#6185));
#6176 = ORIENTED_EDGE('',*,*,#5973,.F.);
#6177 = ORIENTED_EDGE('',*,*,#6152,.F.);
#6178 = ORIENTED_EDGE('',*,*,#6179,.T.);
#6179 = EDGE_CURVE('',#6153,#6122,#6180,.T.);
#6180 = CIRCLE('',#6181,1.65);
#6181 = AXIS2_PLACEMENT_3D('',#6182,#6183,#6184);
#6182 = CARTESIAN_POINT('',(49.5,-37.,37.));
#6183 = DIRECTION('',(0.,0.,1.));
#6184 = DIRECTION('',(1.,0.,0.));
#6185 = ORIENTED_EDGE('',*,*,#6121,.T.);
#6186 = CYLINDRICAL_SURFACE('',#6187,1.65);
#6187 = AXIS2_PLACEMENT_3D('',#6188,#6189,#6190);
#6188 = CARTESIAN_POINT('',(49.5,-37.,37.));
#6189 = DIRECTION('',(0.,0.,1.));
#6190 = DIRECTION('',(1.,0.,0.));
#6191 = ADVANCED_FACE('',(#6192),#6211,.F.);
#6192 = FACE_BOUND('',#6193,.F.);
#6193 = EDGE_LOOP('',(#6194,#6202,#6203,#6204));
#6194 = ORIENTED_EDGE('',*,*,#6195,.T.);
#6195 = EDGE_CURVE('',#6196,#5948,#6198,.T.);
#6196 = VERTEX_POINT('',#6197);
#6197 = CARTESIAN_POINT('',(51.15,37.,37.));
#6198 = LINE('',#6199,#6200);
#6199 = CARTESIAN_POINT('',(51.15,37.,37.));
#6200 = VECTOR('',#6201,1.);
#6201 = DIRECTION('',(0.,0.,1.));
#6202 = ORIENTED_EDGE('',*,*,#5956,.F.);
#6203 = ORIENTED_EDGE('',*,*,#6114,.F.);
#6204 = ORIENTED_EDGE('',*,*,#6205,.T.);
#6205 = EDGE_CURVE('',#6107,#6196,#6206,.T.);
#6206 = CIRCLE('',#6207,1.65);
#6207 = AXIS2_PLACEMENT_3D('',#6208,#6209,#6210);
#6208 = CARTESIAN_POINT('',(49.5,37.,37.));
#6209 = DIRECTION('',(0.,0.,1.));
#6210 = DIRECTION('',(1.,0.,0.));
#6211 = CYLINDRICAL_SURFACE('',#6212,1.65);
#6212 = AXIS2_PLACEMENT_3D('',#6213,#6214,#6215);
#6213 = CARTESIAN_POINT('',(49.5,37.,37.));
#6214 = DIRECTION('',(0.,0.,1.));
#6215 = DIRECTION('',(1.,0.,0.));
#6216 = ADVANCED_FACE('',(#6217),#6229,.F.);
#6217 = FACE_BOUND('',#6218,.F.);
#6218 = EDGE_LOOP('',(#6219,#6220,#6221,#6228));
#6219 = ORIENTED_EDGE('',*,*,#5947,.F.);
#6220 = ORIENTED_EDGE('',*,*,#6195,.F.);
#6221 = ORIENTED_EDGE('',*,*,#6222,.T.);
#6222 = EDGE_CURVE('',#6196,#6099,#6223,.T.);
#6223 = CIRCLE('',#6224,1.65);
#6224 = AXIS2_PLACEMENT_3D('',#6225,#6226,#6227);
#6225 = CARTESIAN_POINT('',(49.5,37.,37.));
#6226 = DIRECTION('',(0.,0.,1.));
#6227 = DIRECTION('',(1.,0.,0.));
#6228 = ORIENTED_EDGE('',*,*,#6098,.T.);
#6229 = CYLINDRICAL_SURFACE('',#6230,1.65);
#6230 = AXIS2_PLACEMENT_3D('',#6231,#6232,#6233);
#6231 = CARTESIAN_POINT('',(49.5,37.,37.));
#6232 = DIRECTION('',(0.,0.,1.));
#6233 = DIRECTION('',(1.,0.,0.));
#6234 = ADVANCED_FACE('',(#6235),#6292,.F.);
#6235 = FACE_BOUND('',#6236,.F.);
#6236 = EDGE_LOOP('',(#6237,#6238,#6239,#6245,#6246,#6254,#6262,#6268,
    #6269,#6277,#6285,#6291));
#6237 = ORIENTED_EDGE('',*,*,#6091,.F.);
#6238 = ORIENTED_EDGE('',*,*,#6050,.T.);
#6239 = ORIENTED_EDGE('',*,*,#6240,.T.);
#6240 = EDGE_CURVE('',#6043,#5890,#6241,.T.);
#6241 = LINE('',#6242,#6243);
#6242 = CARTESIAN_POINT('',(-50.75,38.25,35.));
#6243 = VECTOR('',#6244,1.);
#6244 = DIRECTION('',(0.,0.,1.));
#6245 = ORIENTED_EDGE('',*,*,#5897,.F.);
#6246 = ORIENTED_EDGE('',*,*,#6247,.F.);
#6247 = EDGE_CURVE('',#6248,#5898,#6250,.T.);
#6248 = VERTEX_POINT('',#6249);
#6249 = CARTESIAN_POINT('',(-50.57703296142,38.25,37.));
#6250 = LINE('',#6251,#6252);
#6251 = CARTESIAN_POINT('',(-50.57703296142,38.25,37.));
#6252 = VECTOR('',#6253,1.);
#6253 = DIRECTION('',(0.,0.,1.));
#6254 = ORIENTED_EDGE('',*,*,#6255,.T.);
#6255 = EDGE_CURVE('',#6248,#6256,#6258,.T.);
#6256 = VERTEX_POINT('',#6257);
#6257 = CARTESIAN_POINT('',(-48.42296703857,38.25,37.));
#6258 = LINE('',#6259,#6260);
#6259 = CARTESIAN_POINT('',(-50.125,38.25,37.));
#6260 = VECTOR('',#6261,1.);
#6261 = DIRECTION('',(1.,0.,0.));
#6262 = ORIENTED_EDGE('',*,*,#6263,.T.);
#6263 = EDGE_CURVE('',#6256,#5906,#6264,.T.);
#6264 = LINE('',#6265,#6266);
#6265 = CARTESIAN_POINT('',(-48.42296703857,38.25,37.));
#6266 = VECTOR('',#6267,1.);
#6267 = DIRECTION('',(0.,0.,1.));
#6268 = ORIENTED_EDGE('',*,*,#5914,.F.);
#6269 = ORIENTED_EDGE('',*,*,#6270,.F.);
#6270 = EDGE_CURVE('',#6271,#5915,#6273,.T.);
#6271 = VERTEX_POINT('',#6272);
#6272 = CARTESIAN_POINT('',(48.422967038573,38.25,37.));
#6273 = LINE('',#6274,#6275);
#6274 = CARTESIAN_POINT('',(48.422967038573,38.25,37.));
#6275 = VECTOR('',#6276,1.);
#6276 = DIRECTION('',(0.,0.,1.));
#6277 = ORIENTED_EDGE('',*,*,#6278,.T.);
#6278 = EDGE_CURVE('',#6271,#6279,#6281,.T.);
#6279 = VERTEX_POINT('',#6280);
#6280 = CARTESIAN_POINT('',(50.577032961427,38.25,37.));
#6281 = LINE('',#6282,#6283);
#6282 = CARTESIAN_POINT('',(-0.625,38.25,37.));
#6283 = VECTOR('',#6284,1.);
#6284 = DIRECTION('',(1.,0.,0.));
#6285 = ORIENTED_EDGE('',*,*,#6286,.T.);
#6286 = EDGE_CURVE('',#6279,#5923,#6287,.T.);
#6287 = LINE('',#6288,#6289);
#6288 = CARTESIAN_POINT('',(50.577032961427,38.25,37.));
#6289 = VECTOR('',#6290,1.);
#6290 = DIRECTION('',(0.,0.,1.));
#6291 = ORIENTED_EDGE('',*,*,#5931,.F.);
#6292 = PLANE('',#6293);
#6293 = AXIS2_PLACEMENT_3D('',#6294,#6295,#6296);
#6294 = CARTESIAN_POINT('',(-50.75,38.25,35.));
#6295 = DIRECTION('',(0.,1.,0.));
#6296 = DIRECTION('',(0.,0.,1.));
#6297 = ADVANCED_FACE('',(#6298),#6310,.F.);
#6298 = FACE_BOUND('',#6299,.F.);
#6299 = EDGE_LOOP('',(#6300,#6301,#6308,#6309));
#6300 = ORIENTED_EDGE('',*,*,#6286,.F.);
#6301 = ORIENTED_EDGE('',*,*,#6302,.T.);
#6302 = EDGE_CURVE('',#6279,#6271,#6303,.T.);
#6303 = CIRCLE('',#6304,1.65);
#6304 = AXIS2_PLACEMENT_3D('',#6305,#6306,#6307);
#6305 = CARTESIAN_POINT('',(49.5,37.,37.));
#6306 = DIRECTION('',(0.,0.,1.));
#6307 = DIRECTION('',(1.,0.,0.));
#6308 = ORIENTED_EDGE('',*,*,#6270,.T.);
#6309 = ORIENTED_EDGE('',*,*,#5922,.F.);
#6310 = CYLINDRICAL_SURFACE('',#6311,1.65);
#6311 = AXIS2_PLACEMENT_3D('',#6312,#6313,#6314);
#6312 = CARTESIAN_POINT('',(49.5,37.,37.));
#6313 = DIRECTION('',(0.,0.,1.));
#6314 = DIRECTION('',(1.,0.,0.));
#6315 = ADVANCED_FACE('',(#6316),#6328,.F.);
#6316 = FACE_BOUND('',#6317,.F.);
#6317 = EDGE_LOOP('',(#6318,#6319,#6326,#6327));
#6318 = ORIENTED_EDGE('',*,*,#6263,.F.);
#6319 = ORIENTED_EDGE('',*,*,#6320,.T.);
#6320 = EDGE_CURVE('',#6256,#6248,#6321,.T.);
#6321 = CIRCLE('',#6322,1.65);
#6322 = AXIS2_PLACEMENT_3D('',#6323,#6324,#6325);
#6323 = CARTESIAN_POINT('',(-49.5,37.,37.));
#6324 = DIRECTION('',(0.,0.,1.));
#6325 = DIRECTION('',(1.,0.,0.));
#6326 = ORIENTED_EDGE('',*,*,#6247,.T.);
#6327 = ORIENTED_EDGE('',*,*,#5905,.F.);
#6328 = CYLINDRICAL_SURFACE('',#6329,1.65);
#6329 = AXIS2_PLACEMENT_3D('',#6330,#6331,#6332);
#6330 = CARTESIAN_POINT('',(-49.5,37.,37.));
#6331 = DIRECTION('',(0.,0.,1.));
#6332 = DIRECTION('',(1.,0.,0.));
#6333 = ADVANCED_FACE('',(#6334),#6391,.T.);
#6334 = FACE_BOUND('',#6335,.T.);
#6335 = EDGE_LOOP('',(#6336,#6342,#6343,#6344,#6345,#6353,#6361,#6367,
    #6368,#6376,#6384,#6390));
#6336 = ORIENTED_EDGE('',*,*,#6337,.F.);
#6337 = EDGE_CURVE('',#6035,#5848,#6338,.T.);
#6338 = LINE('',#6339,#6340);
#6339 = CARTESIAN_POINT('',(-50.75,-38.25,35.));
#6340 = VECTOR('',#6341,1.);
#6341 = DIRECTION('',(0.,0.,1.));
#6342 = ORIENTED_EDGE('',*,*,#6042,.T.);
#6343 = ORIENTED_EDGE('',*,*,#6240,.T.);
#6344 = ORIENTED_EDGE('',*,*,#5889,.F.);
#6345 = ORIENTED_EDGE('',*,*,#6346,.F.);
#6346 = EDGE_CURVE('',#6347,#5881,#6349,.T.);
#6347 = VERTEX_POINT('',#6348);
#6348 = CARTESIAN_POINT('',(-50.75,38.077032961427,37.));
#6349 = LINE('',#6350,#6351);
#6350 = CARTESIAN_POINT('',(-50.75,38.077032961427,37.));
#6351 = VECTOR('',#6352,1.);
#6352 = DIRECTION('',(0.,0.,1.));
#6353 = ORIENTED_EDGE('',*,*,#6354,.T.);
#6354 = EDGE_CURVE('',#6347,#6355,#6357,.T.);
#6355 = VERTEX_POINT('',#6356);
#6356 = CARTESIAN_POINT('',(-50.75,35.922967038573,37.));
#6357 = LINE('',#6358,#6359);
#6358 = CARTESIAN_POINT('',(-50.75,-0.625,37.));
#6359 = VECTOR('',#6360,1.);
#6360 = DIRECTION('',(0.,-1.,0.));
#6361 = ORIENTED_EDGE('',*,*,#6362,.T.);
#6362 = EDGE_CURVE('',#6355,#5873,#6363,.T.);
#6363 = LINE('',#6364,#6365);
#6364 = CARTESIAN_POINT('',(-50.75,35.922967038573,37.));
#6365 = VECTOR('',#6366,1.);
#6366 = DIRECTION('',(0.,0.,1.));
#6367 = ORIENTED_EDGE('',*,*,#5872,.F.);
#6368 = ORIENTED_EDGE('',*,*,#6369,.F.);
#6369 = EDGE_CURVE('',#6370,#5864,#6372,.T.);
#6370 = VERTEX_POINT('',#6371);
#6371 = CARTESIAN_POINT('',(-50.75,-35.92296703857,37.));
#6372 = LINE('',#6373,#6374);
#6373 = CARTESIAN_POINT('',(-50.75,-35.92296703857,37.));
#6374 = VECTOR('',#6375,1.);
#6375 = DIRECTION('',(0.,0.,1.));
#6376 = ORIENTED_EDGE('',*,*,#6377,.T.);
#6377 = EDGE_CURVE('',#6370,#6378,#6380,.T.);
#6378 = VERTEX_POINT('',#6379);
#6379 = CARTESIAN_POINT('',(-50.75,-38.07703296142,37.));
#6380 = LINE('',#6381,#6382);
#6381 = CARTESIAN_POINT('',(-50.75,-37.625,37.));
#6382 = VECTOR('',#6383,1.);
#6383 = DIRECTION('',(0.,-1.,0.));
#6384 = ORIENTED_EDGE('',*,*,#6385,.T.);
#6385 = EDGE_CURVE('',#6378,#5856,#6386,.T.);
#6386 = LINE('',#6387,#6388);
#6387 = CARTESIAN_POINT('',(-50.75,-38.07703296142,37.));
#6388 = VECTOR('',#6389,1.);
#6389 = DIRECTION('',(0.,0.,1.));
#6390 = ORIENTED_EDGE('',*,*,#5855,.F.);
#6391 = PLANE('',#6392);
#6392 = AXIS2_PLACEMENT_3D('',#6393,#6394,#6395);
#6393 = CARTESIAN_POINT('',(-50.75,-38.25,35.));
#6394 = DIRECTION('',(1.,0.,0.));
#6395 = DIRECTION('',(0.,0.,1.));
#6396 = ADVANCED_FACE('',(#6397),#6409,.F.);
#6397 = FACE_BOUND('',#6398,.F.);
#6398 = EDGE_LOOP('',(#6399,#6406,#6407,#6408));
#6399 = ORIENTED_EDGE('',*,*,#6400,.T.);
#6400 = EDGE_CURVE('',#6347,#6355,#6401,.T.);
#6401 = CIRCLE('',#6402,1.65);
#6402 = AXIS2_PLACEMENT_3D('',#6403,#6404,#6405);
#6403 = CARTESIAN_POINT('',(-49.5,37.,37.));
#6404 = DIRECTION('',(0.,0.,1.));
#6405 = DIRECTION('',(1.,0.,0.));
#6406 = ORIENTED_EDGE('',*,*,#6362,.T.);
#6407 = ORIENTED_EDGE('',*,*,#5880,.F.);
#6408 = ORIENTED_EDGE('',*,*,#6346,.F.);
#6409 = CYLINDRICAL_SURFACE('',#6410,1.65);
#6410 = AXIS2_PLACEMENT_3D('',#6411,#6412,#6413);
#6411 = CARTESIAN_POINT('',(-49.5,37.,37.));
#6412 = DIRECTION('',(0.,0.,1.));
#6413 = DIRECTION('',(1.,0.,0.));
#6414 = ADVANCED_FACE('',(#6415),#6427,.F.);
#6415 = FACE_BOUND('',#6416,.F.);
#6416 = EDGE_LOOP('',(#6417,#6418,#6425,#6426));
#6417 = ORIENTED_EDGE('',*,*,#6369,.F.);
#6418 = ORIENTED_EDGE('',*,*,#6419,.T.);
#6419 = EDGE_CURVE('',#6370,#6378,#6420,.T.);
#6420 = CIRCLE('',#6421,1.65);
#6421 = AXIS2_PLACEMENT_3D('',#6422,#6423,#6424);
#6422 = CARTESIAN_POINT('',(-49.5,-37.,37.));
#6423 = DIRECTION('',(0.,0.,1.));
#6424 = DIRECTION('',(1.,0.,0.));
#6425 = ORIENTED_EDGE('',*,*,#6385,.T.);
#6426 = ORIENTED_EDGE('',*,*,#5863,.F.);
#6427 = CYLINDRICAL_SURFACE('',#6428,1.65);
#6428 = AXIS2_PLACEMENT_3D('',#6429,#6430,#6431);
#6429 = CARTESIAN_POINT('',(-49.5,-37.,37.));
#6430 = DIRECTION('',(0.,0.,1.));
#6431 = DIRECTION('',(1.,0.,0.));
#6432 = ADVANCED_FACE('',(#6433),#6485,.T.);
#6433 = FACE_BOUND('',#6434,.T.);
#6434 = EDGE_LOOP('',(#6435,#6436,#6437,#6438,#6439,#6447,#6455,#6461,
    #6462,#6470,#6478,#6484));
#6435 = ORIENTED_EDGE('',*,*,#6084,.F.);
#6436 = ORIENTED_EDGE('',*,*,#6032,.T.);
#6437 = ORIENTED_EDGE('',*,*,#6337,.T.);
#6438 = ORIENTED_EDGE('',*,*,#5847,.F.);
#6439 = ORIENTED_EDGE('',*,*,#6440,.F.);
#6440 = EDGE_CURVE('',#6441,#5839,#6443,.T.);
#6441 = VERTEX_POINT('',#6442);
#6442 = CARTESIAN_POINT('',(-50.57703296142,-38.25,37.));
#6443 = LINE('',#6444,#6445);
#6444 = CARTESIAN_POINT('',(-50.57703296142,-38.25,37.));
#6445 = VECTOR('',#6446,1.);
#6446 = DIRECTION('',(0.,0.,1.));
#6447 = ORIENTED_EDGE('',*,*,#6448,.T.);
#6448 = EDGE_CURVE('',#6441,#6449,#6451,.T.);
#6449 = VERTEX_POINT('',#6450);
#6450 = CARTESIAN_POINT('',(-48.42296703857,-38.25,37.));
#6451 = LINE('',#6452,#6453);
#6452 = CARTESIAN_POINT('',(-50.125,-38.25,37.));
#6453 = VECTOR('',#6454,1.);
#6454 = DIRECTION('',(1.,0.,0.));
#6455 = ORIENTED_EDGE('',*,*,#6456,.T.);
#6456 = EDGE_CURVE('',#6449,#5831,#6457,.T.);
#6457 = LINE('',#6458,#6459);
#6458 = CARTESIAN_POINT('',(-48.42296703857,-38.25,37.));
#6459 = VECTOR('',#6460,1.);
#6460 = DIRECTION('',(0.,0.,1.));
#6461 = ORIENTED_EDGE('',*,*,#5830,.F.);
#6462 = ORIENTED_EDGE('',*,*,#6463,.F.);
#6463 = EDGE_CURVE('',#6464,#5822,#6466,.T.);
#6464 = VERTEX_POINT('',#6465);
#6465 = CARTESIAN_POINT('',(48.422967038573,-38.25,37.));
#6466 = LINE('',#6467,#6468);
#6467 = CARTESIAN_POINT('',(48.422967038573,-38.25,37.));
#6468 = VECTOR('',#6469,1.);
#6469 = DIRECTION('',(0.,0.,1.));
#6470 = ORIENTED_EDGE('',*,*,#6471,.T.);
#6471 = EDGE_CURVE('',#6464,#6472,#6474,.T.);
#6472 = VERTEX_POINT('',#6473);
#6473 = CARTESIAN_POINT('',(50.577032961427,-38.25,37.));
#6474 = LINE('',#6475,#6476);
#6475 = CARTESIAN_POINT('',(-0.625,-38.25,37.));
#6476 = VECTOR('',#6477,1.);
#6477 = DIRECTION('',(1.,0.,0.));
#6478 = ORIENTED_EDGE('',*,*,#6479,.T.);
#6479 = EDGE_CURVE('',#6472,#5814,#6480,.T.);
#6480 = LINE('',#6481,#6482);
#6481 = CARTESIAN_POINT('',(50.577032961427,-38.25,37.));
#6482 = VECTOR('',#6483,1.);
#6483 = DIRECTION('',(0.,0.,1.));
#6484 = ORIENTED_EDGE('',*,*,#5813,.F.);
#6485 = PLANE('',#6486);
#6486 = AXIS2_PLACEMENT_3D('',#6487,#6488,#6489);
#6487 = CARTESIAN_POINT('',(-50.75,-38.25,35.));
#6488 = DIRECTION('',(0.,1.,0.));
#6489 = DIRECTION('',(0.,0.,1.));
#6490 = ADVANCED_FACE('',(#6491),#6503,.F.);
#6491 = FACE_BOUND('',#6492,.F.);
#6492 = EDGE_LOOP('',(#6493,#6500,#6501,#6502));
#6493 = ORIENTED_EDGE('',*,*,#6494,.T.);
#6494 = EDGE_CURVE('',#6441,#6449,#6495,.T.);
#6495 = CIRCLE('',#6496,1.65);
#6496 = AXIS2_PLACEMENT_3D('',#6497,#6498,#6499);
#6497 = CARTESIAN_POINT('',(-49.5,-37.,37.));
#6498 = DIRECTION('',(0.,0.,1.));
#6499 = DIRECTION('',(1.,0.,0.));
#6500 = ORIENTED_EDGE('',*,*,#6456,.T.);
#6501 = ORIENTED_EDGE('',*,*,#5838,.F.);
#6502 = ORIENTED_EDGE('',*,*,#6440,.F.);
#6503 = CYLINDRICAL_SURFACE('',#6504,1.65);
#6504 = AXIS2_PLACEMENT_3D('',#6505,#6506,#6507);
#6505 = CARTESIAN_POINT('',(-49.5,-37.,37.));
#6506 = DIRECTION('',(0.,0.,1.));
#6507 = DIRECTION('',(1.,0.,0.));
#6508 = ADVANCED_FACE('',(#6509),#6521,.F.);
#6509 = FACE_BOUND('',#6510,.F.);
#6510 = EDGE_LOOP('',(#6511,#6512,#6519,#6520));
#6511 = ORIENTED_EDGE('',*,*,#6463,.F.);
#6512 = ORIENTED_EDGE('',*,*,#6513,.T.);
#6513 = EDGE_CURVE('',#6464,#6472,#6514,.T.);
#6514 = CIRCLE('',#6515,1.65);
#6515 = AXIS2_PLACEMENT_3D('',#6516,#6517,#6518);
#6516 = CARTESIAN_POINT('',(49.5,-37.,37.));
#6517 = DIRECTION('',(0.,0.,1.));
#6518 = DIRECTION('',(1.,0.,0.));
#6519 = ORIENTED_EDGE('',*,*,#6479,.T.);
#6520 = ORIENTED_EDGE('',*,*,#5821,.F.);
#6521 = CYLINDRICAL_SURFACE('',#6522,1.65);
#6522 = AXIS2_PLACEMENT_3D('',#6523,#6524,#6525);
#6523 = CARTESIAN_POINT('',(49.5,-37.,37.));
#6524 = DIRECTION('',(0.,0.,1.));
#6525 = DIRECTION('',(1.,0.,0.));
#6526 = ADVANCED_FACE('',(#6527),#6532,.T.);
#6527 = FACE_BOUND('',#6528,.T.);
#6528 = EDGE_LOOP('',(#6529,#6530,#6531));
#6529 = ORIENTED_EDGE('',*,*,#6162,.T.);
#6530 = ORIENTED_EDGE('',*,*,#6179,.T.);
#6531 = ORIENTED_EDGE('',*,*,#6129,.T.);
#6532 = PLANE('',#6533);
#6533 = AXIS2_PLACEMENT_3D('',#6534,#6535,#6536);
#6534 = CARTESIAN_POINT('',(49.5,-37.,37.));
#6535 = DIRECTION('',(0.,0.,1.));
#6536 = DIRECTION('',(1.,0.,0.));
#6537 = ADVANCED_FACE('',(#6538),#6543,.T.);
#6538 = FACE_BOUND('',#6539,.T.);
#6539 = EDGE_LOOP('',(#6540,#6541,#6542));
#6540 = ORIENTED_EDGE('',*,*,#6205,.T.);
#6541 = ORIENTED_EDGE('',*,*,#6222,.T.);
#6542 = ORIENTED_EDGE('',*,*,#6106,.T.);
#6543 = PLANE('',#6544);
#6544 = AXIS2_PLACEMENT_3D('',#6545,#6546,#6547);
#6545 = CARTESIAN_POINT('',(49.5,37.,37.));
#6546 = DIRECTION('',(0.,0.,1.));
#6547 = DIRECTION('',(1.,0.,0.));
#6548 = ADVANCED_FACE('',(#6549),#6553,.T.);
#6549 = FACE_BOUND('',#6550,.T.);
#6550 = EDGE_LOOP('',(#6551,#6552));
#6551 = ORIENTED_EDGE('',*,*,#6278,.T.);
#6552 = ORIENTED_EDGE('',*,*,#6302,.T.);
#6553 = PLANE('',#6554);
#6554 = AXIS2_PLACEMENT_3D('',#6555,#6556,#6557);
#6555 = CARTESIAN_POINT('',(49.5,37.,37.));
#6556 = DIRECTION('',(0.,0.,1.));
#6557 = DIRECTION('',(1.,0.,0.));
#6558 = ADVANCED_FACE('',(#6559),#6563,.T.);
#6559 = FACE_BOUND('',#6560,.T.);
#6560 = EDGE_LOOP('',(#6561,#6562));
#6561 = ORIENTED_EDGE('',*,*,#6255,.T.);
#6562 = ORIENTED_EDGE('',*,*,#6320,.T.);
#6563 = PLANE('',#6564);
#6564 = AXIS2_PLACEMENT_3D('',#6565,#6566,#6567);
#6565 = CARTESIAN_POINT('',(-49.5,37.,37.));
#6566 = DIRECTION('',(0.,0.,1.));
#6567 = DIRECTION('',(1.,0.,0.));
#6568 = ADVANCED_FACE('',(#6569),#6573,.T.);
#6569 = FACE_BOUND('',#6570,.T.);
#6570 = EDGE_LOOP('',(#6571,#6572));
#6571 = ORIENTED_EDGE('',*,*,#6377,.F.);
#6572 = ORIENTED_EDGE('',*,*,#6419,.T.);
#6573 = PLANE('',#6574);
#6574 = AXIS2_PLACEMENT_3D('',#6575,#6576,#6577);
#6575 = CARTESIAN_POINT('',(-49.5,-37.,37.));
#6576 = DIRECTION('',(0.,0.,1.));
#6577 = DIRECTION('',(1.,0.,0.));
#6578 = ADVANCED_FACE('',(#6579),#6583,.T.);
#6579 = FACE_BOUND('',#6580,.T.);
#6580 = EDGE_LOOP('',(#6581,#6582));
#6581 = ORIENTED_EDGE('',*,*,#6400,.T.);
#6582 = ORIENTED_EDGE('',*,*,#6354,.F.);
#6583 = PLANE('',#6584);
#6584 = AXIS2_PLACEMENT_3D('',#6585,#6586,#6587);
#6585 = CARTESIAN_POINT('',(-49.5,37.,37.));
#6586 = DIRECTION('',(0.,0.,1.));
#6587 = DIRECTION('',(1.,0.,0.));
#6588 = ADVANCED_FACE('',(#6589),#6593,.T.);
#6589 = FACE_BOUND('',#6590,.T.);
#6590 = EDGE_LOOP('',(#6591,#6592));
#6591 = ORIENTED_EDGE('',*,*,#6471,.F.);
#6592 = ORIENTED_EDGE('',*,*,#6513,.T.);
#6593 = PLANE('',#6594);
#6594 = AXIS2_PLACEMENT_3D('',#6595,#6596,#6597);
#6595 = CARTESIAN_POINT('',(49.5,-37.,37.));
#6596 = DIRECTION('',(0.,0.,1.));
#6597 = DIRECTION('',(1.,0.,0.));
#6598 = ADVANCED_FACE('',(#6599),#6603,.T.);
#6599 = FACE_BOUND('',#6600,.T.);
#6600 = EDGE_LOOP('',(#6601,#6602));
#6601 = ORIENTED_EDGE('',*,*,#6494,.T.);
#6602 = ORIENTED_EDGE('',*,*,#6448,.F.);
#6603 = PLANE('',#6604);
#6604 = AXIS2_PLACEMENT_3D('',#6605,#6606,#6607);
#6605 = CARTESIAN_POINT('',(-49.5,-37.,37.));
#6606 = DIRECTION('',(0.,0.,1.));
#6607 = DIRECTION('',(1.,0.,0.));
#6608 = MANIFOLD_SOLID_BREP('',#6609);
#6609 = CLOSED_SHELL('',(#6610,#6684,#6829,#6887,#6904,#6939,#7001,#7036
    ,#7052,#7088,#7148,#7175,#7207,#7231,#7255,#7280,#7305,#7329,#7353,
    #7371,#7398,#7409,#7420));
#6610 = ADVANCED_FACE('',(#6611),#6679,.F.);
#6611 = FACE_BOUND('',#6612,.F.);
#6612 = EDGE_LOOP('',(#6613,#6623,#6631,#6639,#6648,#6656,#6665,#6673));
#6613 = ORIENTED_EDGE('',*,*,#6614,.F.);
#6614 = EDGE_CURVE('',#6615,#6617,#6619,.T.);
#6615 = VERTEX_POINT('',#6616);
#6616 = CARTESIAN_POINT('',(-39.9,-9.9,1.4));
#6617 = VERTEX_POINT('',#6618);
#6618 = CARTESIAN_POINT('',(-39.9,33.9,1.4));
#6619 = LINE('',#6620,#6621);
#6620 = CARTESIAN_POINT('',(-39.9,-9.9,1.4));
#6621 = VECTOR('',#6622,1.);
#6622 = DIRECTION('',(0.,1.,0.));
#6623 = ORIENTED_EDGE('',*,*,#6624,.F.);
#6624 = EDGE_CURVE('',#6625,#6615,#6627,.T.);
#6625 = VERTEX_POINT('',#6626);
#6626 = CARTESIAN_POINT('',(-39.9,-9.9,0.));
#6627 = LINE('',#6628,#6629);
#6628 = CARTESIAN_POINT('',(-39.9,-9.9,0.));
#6629 = VECTOR('',#6630,1.);
#6630 = DIRECTION('',(0.,0.,1.));
#6631 = ORIENTED_EDGE('',*,*,#6632,.T.);
#6632 = EDGE_CURVE('',#6625,#6633,#6635,.T.);
#6633 = VERTEX_POINT('',#6634);
#6634 = CARTESIAN_POINT('',(-39.9,-8.352774925847,0.));
#6635 = LINE('',#6636,#6637);
#6636 = CARTESIAN_POINT('',(-39.9,-9.9,0.));
#6637 = VECTOR('',#6638,1.);
#6638 = DIRECTION('',(0.,1.,0.));
#6639 = ORIENTED_EDGE('',*,*,#6640,.T.);
#6640 = EDGE_CURVE('',#6633,#6641,#6643,.T.);
#6641 = VERTEX_POINT('',#6642);
#6642 = CARTESIAN_POINT('',(-39.9,-5.647225074153,0.));
#6643 = HYPERBOLA('',#6644,2.9,2.9);
#6644 = AXIS2_PLACEMENT_3D('',#6645,#6646,#6647);
#6645 = CARTESIAN_POINT('',(-39.9,-7.,3.2));
#6646 = DIRECTION('',(1.,-0.,0.));
#6647 = DIRECTION('',(0.,0.,-1.));
#6648 = ORIENTED_EDGE('',*,*,#6649,.T.);
#6649 = EDGE_CURVE('',#6641,#6650,#6652,.T.);
#6650 = VERTEX_POINT('',#6651);
#6651 = CARTESIAN_POINT('',(-39.9,29.647225074153,0.));
#6652 = LINE('',#6653,#6654);
#6653 = CARTESIAN_POINT('',(-39.9,-9.9,0.));
#6654 = VECTOR('',#6655,1.);
#6655 = DIRECTION('',(0.,1.,0.));
#6656 = ORIENTED_EDGE('',*,*,#6657,.T.);
#6657 = EDGE_CURVE('',#6650,#6658,#6660,.T.);
#6658 = VERTEX_POINT('',#6659);
#6659 = CARTESIAN_POINT('',(-39.9,32.352774925847,0.));
#6660 = HYPERBOLA('',#6661,2.9,2.9);
#6661 = AXIS2_PLACEMENT_3D('',#6662,#6663,#6664);
#6662 = CARTESIAN_POINT('',(-39.9,31.,3.2));
#6663 = DIRECTION('',(1.,-0.,0.));
#6664 = DIRECTION('',(0.,0.,-1.));
#6665 = ORIENTED_EDGE('',*,*,#6666,.T.);
#6666 = EDGE_CURVE('',#6658,#6667,#6669,.T.);
#6667 = VERTEX_POINT('',#6668);
#6668 = CARTESIAN_POINT('',(-39.9,33.9,0.));
#6669 = LINE('',#6670,#6671);
#6670 = CARTESIAN_POINT('',(-39.9,-9.9,0.));
#6671 = VECTOR('',#6672,1.);
#6672 = DIRECTION('',(0.,1.,0.));
#6673 = ORIENTED_EDGE('',*,*,#6674,.T.);
#6674 = EDGE_CURVE('',#6667,#6617,#6675,.T.);
#6675 = LINE('',#6676,#6677);
#6676 = CARTESIAN_POINT('',(-39.9,33.9,0.));
#6677 = VECTOR('',#6678,1.);
#6678 = DIRECTION('',(0.,0.,1.));
#6679 = PLANE('',#6680);
#6680 = AXIS2_PLACEMENT_3D('',#6681,#6682,#6683);
#6681 = CARTESIAN_POINT('',(-39.9,-9.9,0.));
#6682 = DIRECTION('',(1.,0.,0.));
#6683 = DIRECTION('',(0.,0.,1.));
#6684 = ADVANCED_FACE('',(#6685,#6710,#6721,#6732,#6802,#6813),#6824,.T.
  );
#6685 = FACE_BOUND('',#6686,.T.);
#6686 = EDGE_LOOP('',(#6687,#6688,#6696,#6704));
#6687 = ORIENTED_EDGE('',*,*,#6614,.F.);
#6688 = ORIENTED_EDGE('',*,*,#6689,.T.);
#6689 = EDGE_CURVE('',#6615,#6690,#6692,.T.);
#6690 = VERTEX_POINT('',#6691);
#6691 = CARTESIAN_POINT('',(39.9,-9.9,1.4));
#6692 = LINE('',#6693,#6694);
#6693 = CARTESIAN_POINT('',(-39.9,-9.9,1.4));
#6694 = VECTOR('',#6695,1.);
#6695 = DIRECTION('',(1.,0.,0.));
#6696 = ORIENTED_EDGE('',*,*,#6697,.T.);
#6697 = EDGE_CURVE('',#6690,#6698,#6700,.T.);
#6698 = VERTEX_POINT('',#6699);
#6699 = CARTESIAN_POINT('',(39.9,33.9,1.4));
#6700 = LINE('',#6701,#6702);
#6701 = CARTESIAN_POINT('',(39.9,-9.9,1.4));
#6702 = VECTOR('',#6703,1.);
#6703 = DIRECTION('',(0.,1.,0.));
#6704 = ORIENTED_EDGE('',*,*,#6705,.F.);
#6705 = EDGE_CURVE('',#6617,#6698,#6706,.T.);
#6706 = LINE('',#6707,#6708);
#6707 = CARTESIAN_POINT('',(-39.9,33.9,1.4));
#6708 = VECTOR('',#6709,1.);
#6709 = DIRECTION('',(1.,0.,0.));
#6710 = FACE_BOUND('',#6711,.T.);
#6711 = EDGE_LOOP('',(#6712));
#6712 = ORIENTED_EDGE('',*,*,#6713,.F.);
#6713 = EDGE_CURVE('',#6714,#6714,#6716,.T.);
#6714 = VERTEX_POINT('',#6715);
#6715 = CARTESIAN_POINT('',(-35.2,-7.,1.4));
#6716 = CIRCLE('',#6717,1.8);
#6717 = AXIS2_PLACEMENT_3D('',#6718,#6719,#6720);
#6718 = CARTESIAN_POINT('',(-37.,-7.,1.4));
#6719 = DIRECTION('',(0.,0.,1.));
#6720 = DIRECTION('',(1.,0.,0.));
#6721 = FACE_BOUND('',#6722,.T.);
#6722 = EDGE_LOOP('',(#6723));
#6723 = ORIENTED_EDGE('',*,*,#6724,.F.);
#6724 = EDGE_CURVE('',#6725,#6725,#6727,.T.);
#6725 = VERTEX_POINT('',#6726);
#6726 = CARTESIAN_POINT('',(38.8,-7.,1.4));
#6727 = CIRCLE('',#6728,1.8);
#6728 = AXIS2_PLACEMENT_3D('',#6729,#6730,#6731);
#6729 = CARTESIAN_POINT('',(37.,-7.,1.4));
#6730 = DIRECTION('',(0.,0.,1.));
#6731 = DIRECTION('',(1.,0.,0.));
#6732 = FACE_BOUND('',#6733,.T.);
#6733 = EDGE_LOOP('',(#6734,#6745,#6753,#6762,#6770,#6779,#6787,#6796));
#6734 = ORIENTED_EDGE('',*,*,#6735,.T.);
#6735 = EDGE_CURVE('',#6736,#6738,#6740,.T.);
#6736 = VERTEX_POINT('',#6737);
#6737 = CARTESIAN_POINT('',(-33.72433212916,-6.6,1.4));
#6738 = VERTEX_POINT('',#6739);
#6739 = CARTESIAN_POINT('',(-36.6,-3.724332129168,1.4));
#6740 = CIRCLE('',#6741,3.3);
#6741 = AXIS2_PLACEMENT_3D('',#6742,#6743,#6744);
#6742 = CARTESIAN_POINT('',(-37.,-7.,1.4));
#6743 = DIRECTION('',(0.,0.,1.));
#6744 = DIRECTION('',(1.,0.,0.));
#6745 = ORIENTED_EDGE('',*,*,#6746,.T.);
#6746 = EDGE_CURVE('',#6738,#6747,#6749,.T.);
#6747 = VERTEX_POINT('',#6748);
#6748 = CARTESIAN_POINT('',(-36.6,27.724332129168,1.4));
#6749 = LINE('',#6750,#6751);
#6750 = CARTESIAN_POINT('',(-36.6,-6.6,1.4));
#6751 = VECTOR('',#6752,1.);
#6752 = DIRECTION('',(0.,1.,0.));
#6753 = ORIENTED_EDGE('',*,*,#6754,.T.);
#6754 = EDGE_CURVE('',#6747,#6755,#6757,.T.);
#6755 = VERTEX_POINT('',#6756);
#6756 = CARTESIAN_POINT('',(-33.72433212916,30.6,1.4));
#6757 = CIRCLE('',#6758,3.3);
#6758 = AXIS2_PLACEMENT_3D('',#6759,#6760,#6761);
#6759 = CARTESIAN_POINT('',(-37.,31.,1.4));
#6760 = DIRECTION('',(0.,0.,1.));
#6761 = DIRECTION('',(1.,0.,0.));
#6762 = ORIENTED_EDGE('',*,*,#6763,.T.);
#6763 = EDGE_CURVE('',#6755,#6764,#6766,.T.);
#6764 = VERTEX_POINT('',#6765);
#6765 = CARTESIAN_POINT('',(33.724332129168,30.6,1.4));
#6766 = LINE('',#6767,#6768);
#6767 = CARTESIAN_POINT('',(-36.6,30.6,1.4));
#6768 = VECTOR('',#6769,1.);
#6769 = DIRECTION('',(1.,0.,0.));
#6770 = ORIENTED_EDGE('',*,*,#6771,.T.);
#6771 = EDGE_CURVE('',#6764,#6772,#6774,.T.);
#6772 = VERTEX_POINT('',#6773);
#6773 = CARTESIAN_POINT('',(36.6,27.724332129168,1.4));
#6774 = CIRCLE('',#6775,3.3);
#6775 = AXIS2_PLACEMENT_3D('',#6776,#6777,#6778);
#6776 = CARTESIAN_POINT('',(37.,31.,1.4));
#6777 = DIRECTION('',(0.,0.,1.));
#6778 = DIRECTION('',(1.,0.,0.));
#6779 = ORIENTED_EDGE('',*,*,#6780,.F.);
#6780 = EDGE_CURVE('',#6781,#6772,#6783,.T.);
#6781 = VERTEX_POINT('',#6782);
#6782 = CARTESIAN_POINT('',(36.6,-3.724332129168,1.4));
#6783 = LINE('',#6784,#6785);
#6784 = CARTESIAN_POINT('',(36.6,-6.6,1.4));
#6785 = VECTOR('',#6786,1.);
#6786 = DIRECTION('',(0.,1.,0.));
#6787 = ORIENTED_EDGE('',*,*,#6788,.T.);
#6788 = EDGE_CURVE('',#6781,#6789,#6791,.T.);
#6789 = VERTEX_POINT('',#6790);
#6790 = CARTESIAN_POINT('',(33.724332129168,-6.6,1.4));
#6791 = CIRCLE('',#6792,3.3);
#6792 = AXIS2_PLACEMENT_3D('',#6793,#6794,#6795);
#6793 = CARTESIAN_POINT('',(37.,-7.,1.4));
#6794 = DIRECTION('',(0.,0.,1.));
#6795 = DIRECTION('',(1.,0.,0.));
#6796 = ORIENTED_EDGE('',*,*,#6797,.F.);
#6797 = EDGE_CURVE('',#6736,#6789,#6798,.T.);
#6798 = LINE('',#6799,#6800);
#6799 = CARTESIAN_POINT('',(-36.6,-6.6,1.4));
#6800 = VECTOR('',#6801,1.);
#6801 = DIRECTION('',(1.,0.,0.));
#6802 = FACE_BOUND('',#6803,.T.);
#6803 = EDGE_LOOP('',(#6804));
#6804 = ORIENTED_EDGE('',*,*,#6805,.F.);
#6805 = EDGE_CURVE('',#6806,#6806,#6808,.T.);
#6806 = VERTEX_POINT('',#6807);
#6807 = CARTESIAN_POINT('',(-35.2,31.,1.4));
#6808 = CIRCLE('',#6809,1.8);
#6809 = AXIS2_PLACEMENT_3D('',#6810,#6811,#6812);
#6810 = CARTESIAN_POINT('',(-37.,31.,1.4));
#6811 = DIRECTION('',(0.,0.,1.));
#6812 = DIRECTION('',(1.,0.,0.));
#6813 = FACE_BOUND('',#6814,.T.);
#6814 = EDGE_LOOP('',(#6815));
#6815 = ORIENTED_EDGE('',*,*,#6816,.F.);
#6816 = EDGE_CURVE('',#6817,#6817,#6819,.T.);
#6817 = VERTEX_POINT('',#6818);
#6818 = CARTESIAN_POINT('',(38.8,31.,1.4));
#6819 = CIRCLE('',#6820,1.8);
#6820 = AXIS2_PLACEMENT_3D('',#6821,#6822,#6823);
#6821 = CARTESIAN_POINT('',(37.,31.,1.4));
#6822 = DIRECTION('',(0.,0.,1.));
#6823 = DIRECTION('',(1.,0.,0.));
#6824 = PLANE('',#6825);
#6825 = AXIS2_PLACEMENT_3D('',#6826,#6827,#6828);
#6826 = CARTESIAN_POINT('',(-39.9,-9.9,1.4));
#6827 = DIRECTION('',(0.,0.,1.));
#6828 = DIRECTION('',(1.,0.,0.));
#6829 = ADVANCED_FACE('',(#6830),#6882,.T.);
#6830 = FACE_BOUND('',#6831,.T.);
#6831 = EDGE_LOOP('',(#6832,#6840,#6841,#6842,#6850,#6858,#6867,#6875));
#6832 = ORIENTED_EDGE('',*,*,#6833,.F.);
#6833 = EDGE_CURVE('',#6667,#6834,#6836,.T.);
#6834 = VERTEX_POINT('',#6835);
#6835 = CARTESIAN_POINT('',(-38.35277492584,33.9,0.));
#6836 = LINE('',#6837,#6838);
#6837 = CARTESIAN_POINT('',(-39.9,33.9,0.));
#6838 = VECTOR('',#6839,1.);
#6839 = DIRECTION('',(1.,0.,0.));
#6840 = ORIENTED_EDGE('',*,*,#6674,.T.);
#6841 = ORIENTED_EDGE('',*,*,#6705,.T.);
#6842 = ORIENTED_EDGE('',*,*,#6843,.F.);
#6843 = EDGE_CURVE('',#6844,#6698,#6846,.T.);
#6844 = VERTEX_POINT('',#6845);
#6845 = CARTESIAN_POINT('',(39.9,33.9,0.));
#6846 = LINE('',#6847,#6848);
#6847 = CARTESIAN_POINT('',(39.9,33.9,0.));
#6848 = VECTOR('',#6849,1.);
#6849 = DIRECTION('',(0.,0.,1.));
#6850 = ORIENTED_EDGE('',*,*,#6851,.F.);
#6851 = EDGE_CURVE('',#6852,#6844,#6854,.T.);
#6852 = VERTEX_POINT('',#6853);
#6853 = CARTESIAN_POINT('',(38.352774925847,33.9,0.));
#6854 = LINE('',#6855,#6856);
#6855 = CARTESIAN_POINT('',(-39.9,33.9,0.));
#6856 = VECTOR('',#6857,1.);
#6857 = DIRECTION('',(1.,0.,0.));
#6858 = ORIENTED_EDGE('',*,*,#6859,.T.);
#6859 = EDGE_CURVE('',#6852,#6860,#6862,.T.);
#6860 = VERTEX_POINT('',#6861);
#6861 = CARTESIAN_POINT('',(35.647225074153,33.9,0.));
#6862 = HYPERBOLA('',#6863,2.9,2.9);
#6863 = AXIS2_PLACEMENT_3D('',#6864,#6865,#6866);
#6864 = CARTESIAN_POINT('',(37.,33.9,3.2));
#6865 = DIRECTION('',(0.,1.,0.));
#6866 = DIRECTION('',(0.,0.,-1.));
#6867 = ORIENTED_EDGE('',*,*,#6868,.F.);
#6868 = EDGE_CURVE('',#6869,#6860,#6871,.T.);
#6869 = VERTEX_POINT('',#6870);
#6870 = CARTESIAN_POINT('',(-35.64722507415,33.9,0.));
#6871 = LINE('',#6872,#6873);
#6872 = CARTESIAN_POINT('',(-39.9,33.9,0.));
#6873 = VECTOR('',#6874,1.);
#6874 = DIRECTION('',(1.,0.,0.));
#6875 = ORIENTED_EDGE('',*,*,#6876,.T.);
#6876 = EDGE_CURVE('',#6869,#6834,#6877,.T.);
#6877 = HYPERBOLA('',#6878,2.9,2.9);
#6878 = AXIS2_PLACEMENT_3D('',#6879,#6880,#6881);
#6879 = CARTESIAN_POINT('',(-37.,33.9,3.2));
#6880 = DIRECTION('',(0.,1.,0.));
#6881 = DIRECTION('',(0.,0.,-1.));
#6882 = PLANE('',#6883);
#6883 = AXIS2_PLACEMENT_3D('',#6884,#6885,#6886);
#6884 = CARTESIAN_POINT('',(-39.9,33.9,0.));
#6885 = DIRECTION('',(0.,1.,0.));
#6886 = DIRECTION('',(0.,0.,1.));
#6887 = ADVANCED_FACE('',(#6888),#6899,.F.);
#6888 = FACE_BOUND('',#6889,.F.);
#6889 = EDGE_LOOP('',(#6890,#6891,#6898));
#6890 = ORIENTED_EDGE('',*,*,#6666,.F.);
#6891 = ORIENTED_EDGE('',*,*,#6892,.F.);
#6892 = EDGE_CURVE('',#6834,#6658,#6893,.T.);
#6893 = CIRCLE('',#6894,3.2);
#6894 = AXIS2_PLACEMENT_3D('',#6895,#6896,#6897);
#6895 = CARTESIAN_POINT('',(-37.,31.,0.));
#6896 = DIRECTION('',(0.,0.,1.));
#6897 = DIRECTION('',(1.,0.,0.));
#6898 = ORIENTED_EDGE('',*,*,#6833,.F.);
#6899 = PLANE('',#6900);
#6900 = AXIS2_PLACEMENT_3D('',#6901,#6902,#6903);
#6901 = CARTESIAN_POINT('',(-39.9,-9.9,0.));
#6902 = DIRECTION('',(0.,0.,1.));
#6903 = DIRECTION('',(1.,0.,0.));
#6904 = ADVANCED_FACE('',(#6905),#6934,.F.);
#6905 = FACE_BOUND('',#6906,.F.);
#6906 = EDGE_LOOP('',(#6907,#6908,#6916,#6923,#6924,#6925,#6926,#6933));
#6907 = ORIENTED_EDGE('',*,*,#6805,.F.);
#6908 = ORIENTED_EDGE('',*,*,#6909,.F.);
#6909 = EDGE_CURVE('',#6910,#6806,#6912,.T.);
#6910 = VERTEX_POINT('',#6911);
#6911 = CARTESIAN_POINT('',(-33.8,31.,0.));
#6912 = LINE('',#6913,#6914);
#6913 = CARTESIAN_POINT('',(-33.8,31.,0.));
#6914 = VECTOR('',#6915,1.);
#6915 = DIRECTION('',(-0.707106781187,1.731912112471E-16,0.707106781187)
  );
#6916 = ORIENTED_EDGE('',*,*,#6917,.T.);
#6917 = EDGE_CURVE('',#6910,#6869,#6918,.T.);
#6918 = CIRCLE('',#6919,3.2);
#6919 = AXIS2_PLACEMENT_3D('',#6920,#6921,#6922);
#6920 = CARTESIAN_POINT('',(-37.,31.,0.));
#6921 = DIRECTION('',(0.,0.,1.));
#6922 = DIRECTION('',(1.,0.,0.));
#6923 = ORIENTED_EDGE('',*,*,#6876,.T.);
#6924 = ORIENTED_EDGE('',*,*,#6892,.T.);
#6925 = ORIENTED_EDGE('',*,*,#6657,.F.);
#6926 = ORIENTED_EDGE('',*,*,#6927,.T.);
#6927 = EDGE_CURVE('',#6650,#6910,#6928,.T.);
#6928 = CIRCLE('',#6929,3.2);
#6929 = AXIS2_PLACEMENT_3D('',#6930,#6931,#6932);
#6930 = CARTESIAN_POINT('',(-37.,31.,0.));
#6931 = DIRECTION('',(0.,0.,1.));
#6932 = DIRECTION('',(1.,0.,0.));
#6933 = ORIENTED_EDGE('',*,*,#6909,.T.);
#6934 = CONICAL_SURFACE('',#6935,3.2,0.785398163397);
#6935 = AXIS2_PLACEMENT_3D('',#6936,#6937,#6938);
#6936 = CARTESIAN_POINT('',(-37.,31.,0.));
#6937 = DIRECTION('',(-0.,-0.,-1.));
#6938 = DIRECTION('',(1.,0.,0.));
#6939 = ADVANCED_FACE('',(#6940),#6996,.F.);
#6940 = FACE_BOUND('',#6941,.F.);
#6941 = EDGE_LOOP('',(#6942,#6943,#6952,#6961,#6969,#6978,#6986,#6993,
    #6994,#6995));
#6942 = ORIENTED_EDGE('',*,*,#6649,.F.);
#6943 = ORIENTED_EDGE('',*,*,#6944,.F.);
#6944 = EDGE_CURVE('',#6945,#6641,#6947,.T.);
#6945 = VERTEX_POINT('',#6946);
#6946 = CARTESIAN_POINT('',(-33.8,-7.,0.));
#6947 = CIRCLE('',#6948,3.2);
#6948 = AXIS2_PLACEMENT_3D('',#6949,#6950,#6951);
#6949 = CARTESIAN_POINT('',(-37.,-7.,0.));
#6950 = DIRECTION('',(0.,0.,1.));
#6951 = DIRECTION('',(1.,0.,0.));
#6952 = ORIENTED_EDGE('',*,*,#6953,.F.);
#6953 = EDGE_CURVE('',#6954,#6945,#6956,.T.);
#6954 = VERTEX_POINT('',#6955);
#6955 = CARTESIAN_POINT('',(-35.64722507415,-9.9,0.));
#6956 = CIRCLE('',#6957,3.2);
#6957 = AXIS2_PLACEMENT_3D('',#6958,#6959,#6960);
#6958 = CARTESIAN_POINT('',(-37.,-7.,0.));
#6959 = DIRECTION('',(0.,0.,1.));
#6960 = DIRECTION('',(1.,0.,0.));
#6961 = ORIENTED_EDGE('',*,*,#6962,.T.);
#6962 = EDGE_CURVE('',#6954,#6963,#6965,.T.);
#6963 = VERTEX_POINT('',#6964);
#6964 = CARTESIAN_POINT('',(35.647225074153,-9.9,0.));
#6965 = LINE('',#6966,#6967);
#6966 = CARTESIAN_POINT('',(-39.9,-9.9,0.));
#6967 = VECTOR('',#6968,1.);
#6968 = DIRECTION('',(1.,0.,0.));
#6969 = ORIENTED_EDGE('',*,*,#6970,.F.);
#6970 = EDGE_CURVE('',#6971,#6963,#6973,.T.);
#6971 = VERTEX_POINT('',#6972);
#6972 = CARTESIAN_POINT('',(39.9,-5.647225074153,0.));
#6973 = CIRCLE('',#6974,3.2);
#6974 = AXIS2_PLACEMENT_3D('',#6975,#6976,#6977);
#6975 = CARTESIAN_POINT('',(37.,-7.,0.));
#6976 = DIRECTION('',(0.,0.,1.));
#6977 = DIRECTION('',(1.,0.,0.));
#6978 = ORIENTED_EDGE('',*,*,#6979,.T.);
#6979 = EDGE_CURVE('',#6971,#6980,#6982,.T.);
#6980 = VERTEX_POINT('',#6981);
#6981 = CARTESIAN_POINT('',(39.9,29.647225074153,0.));
#6982 = LINE('',#6983,#6984);
#6983 = CARTESIAN_POINT('',(39.9,-9.9,0.));
#6984 = VECTOR('',#6985,1.);
#6985 = DIRECTION('',(0.,1.,0.));
#6986 = ORIENTED_EDGE('',*,*,#6987,.F.);
#6987 = EDGE_CURVE('',#6860,#6980,#6988,.T.);
#6988 = CIRCLE('',#6989,3.2);
#6989 = AXIS2_PLACEMENT_3D('',#6990,#6991,#6992);
#6990 = CARTESIAN_POINT('',(37.,31.,0.));
#6991 = DIRECTION('',(0.,0.,1.));
#6992 = DIRECTION('',(1.,0.,0.));
#6993 = ORIENTED_EDGE('',*,*,#6868,.F.);
#6994 = ORIENTED_EDGE('',*,*,#6917,.F.);
#6995 = ORIENTED_EDGE('',*,*,#6927,.F.);
#6996 = PLANE('',#6997);
#6997 = AXIS2_PLACEMENT_3D('',#6998,#6999,#7000);
#6998 = CARTESIAN_POINT('',(-39.9,-9.9,0.));
#6999 = DIRECTION('',(0.,0.,1.));
#7000 = DIRECTION('',(1.,0.,0.));
#7001 = ADVANCED_FACE('',(#7002),#7031,.F.);
#7002 = FACE_BOUND('',#7003,.F.);
#7003 = EDGE_LOOP('',(#7004,#7005,#7011,#7012,#7013,#7022,#7029,#7030));
#7004 = ORIENTED_EDGE('',*,*,#6713,.F.);
#7005 = ORIENTED_EDGE('',*,*,#7006,.F.);
#7006 = EDGE_CURVE('',#6945,#6714,#7007,.T.);
#7007 = LINE('',#7008,#7009);
#7008 = CARTESIAN_POINT('',(-33.8,-7.,0.));
#7009 = VECTOR('',#7010,1.);
#7010 = DIRECTION('',(-0.707106781187,1.731912112471E-16,0.707106781187)
  );
#7011 = ORIENTED_EDGE('',*,*,#6944,.T.);
#7012 = ORIENTED_EDGE('',*,*,#6640,.F.);
#7013 = ORIENTED_EDGE('',*,*,#7014,.T.);
#7014 = EDGE_CURVE('',#6633,#7015,#7017,.T.);
#7015 = VERTEX_POINT('',#7016);
#7016 = CARTESIAN_POINT('',(-38.35277492584,-9.9,0.));
#7017 = CIRCLE('',#7018,3.2);
#7018 = AXIS2_PLACEMENT_3D('',#7019,#7020,#7021);
#7019 = CARTESIAN_POINT('',(-37.,-7.,0.));
#7020 = DIRECTION('',(0.,0.,1.));
#7021 = DIRECTION('',(1.,0.,0.));
#7022 = ORIENTED_EDGE('',*,*,#7023,.F.);
#7023 = EDGE_CURVE('',#6954,#7015,#7024,.T.);
#7024 = HYPERBOLA('',#7025,2.9,2.9);
#7025 = AXIS2_PLACEMENT_3D('',#7026,#7027,#7028);
#7026 = CARTESIAN_POINT('',(-37.,-9.9,3.2));
#7027 = DIRECTION('',(0.,1.,0.));
#7028 = DIRECTION('',(0.,0.,-1.));
#7029 = ORIENTED_EDGE('',*,*,#6953,.T.);
#7030 = ORIENTED_EDGE('',*,*,#7006,.T.);
#7031 = CONICAL_SURFACE('',#7032,3.2,0.785398163397);
#7032 = AXIS2_PLACEMENT_3D('',#7033,#7034,#7035);
#7033 = CARTESIAN_POINT('',(-37.,-7.,0.));
#7034 = DIRECTION('',(-0.,-0.,-1.));
#7035 = DIRECTION('',(1.,0.,0.));
#7036 = ADVANCED_FACE('',(#7037),#7047,.F.);
#7037 = FACE_BOUND('',#7038,.F.);
#7038 = EDGE_LOOP('',(#7039,#7040,#7046));
#7039 = ORIENTED_EDGE('',*,*,#6632,.F.);
#7040 = ORIENTED_EDGE('',*,*,#7041,.T.);
#7041 = EDGE_CURVE('',#6625,#7015,#7042,.T.);
#7042 = LINE('',#7043,#7044);
#7043 = CARTESIAN_POINT('',(-39.9,-9.9,0.));
#7044 = VECTOR('',#7045,1.);
#7045 = DIRECTION('',(1.,0.,0.));
#7046 = ORIENTED_EDGE('',*,*,#7014,.F.);
#7047 = PLANE('',#7048);
#7048 = AXIS2_PLACEMENT_3D('',#7049,#7050,#7051);
#7049 = CARTESIAN_POINT('',(-39.9,-9.9,0.));
#7050 = DIRECTION('',(0.,0.,1.));
#7051 = DIRECTION('',(1.,0.,0.));
#7052 = ADVANCED_FACE('',(#7053),#7083,.F.);
#7053 = FACE_BOUND('',#7054,.F.);
#7054 = EDGE_LOOP('',(#7055,#7056,#7057,#7058,#7066,#7074,#7081,#7082));
#7055 = ORIENTED_EDGE('',*,*,#7041,.F.);
#7056 = ORIENTED_EDGE('',*,*,#6624,.T.);
#7057 = ORIENTED_EDGE('',*,*,#6689,.T.);
#7058 = ORIENTED_EDGE('',*,*,#7059,.F.);
#7059 = EDGE_CURVE('',#7060,#6690,#7062,.T.);
#7060 = VERTEX_POINT('',#7061);
#7061 = CARTESIAN_POINT('',(39.9,-9.9,0.));
#7062 = LINE('',#7063,#7064);
#7063 = CARTESIAN_POINT('',(39.9,-9.9,0.));
#7064 = VECTOR('',#7065,1.);
#7065 = DIRECTION('',(0.,0.,1.));
#7066 = ORIENTED_EDGE('',*,*,#7067,.F.);
#7067 = EDGE_CURVE('',#7068,#7060,#7070,.T.);
#7068 = VERTEX_POINT('',#7069);
#7069 = CARTESIAN_POINT('',(38.352774925847,-9.9,0.));
#7070 = LINE('',#7071,#7072);
#7071 = CARTESIAN_POINT('',(-39.9,-9.9,0.));
#7072 = VECTOR('',#7073,1.);
#7073 = DIRECTION('',(1.,0.,0.));
#7074 = ORIENTED_EDGE('',*,*,#7075,.T.);
#7075 = EDGE_CURVE('',#7068,#6963,#7076,.T.);
#7076 = HYPERBOLA('',#7077,2.9,2.9);
#7077 = AXIS2_PLACEMENT_3D('',#7078,#7079,#7080);
#7078 = CARTESIAN_POINT('',(37.,-9.9,3.2));
#7079 = DIRECTION('',(0.,1.,0.));
#7080 = DIRECTION('',(0.,0.,-1.));
#7081 = ORIENTED_EDGE('',*,*,#6962,.F.);
#7082 = ORIENTED_EDGE('',*,*,#7023,.T.);
#7083 = PLANE('',#7084);
#7084 = AXIS2_PLACEMENT_3D('',#7085,#7086,#7087);
#7085 = CARTESIAN_POINT('',(-39.9,-9.9,0.));
#7086 = DIRECTION('',(0.,1.,0.));
#7087 = DIRECTION('',(0.,0.,1.));
#7088 = ADVANCED_FACE('',(#7089),#7143,.T.);
#7089 = FACE_BOUND('',#7090,.T.);
#7090 = EDGE_LOOP('',(#7091,#7092,#7093,#7101,#7110,#7117,#7118,#7127,
    #7136,#7142));
#7091 = ORIENTED_EDGE('',*,*,#6697,.F.);
#7092 = ORIENTED_EDGE('',*,*,#7059,.F.);
#7093 = ORIENTED_EDGE('',*,*,#7094,.T.);
#7094 = EDGE_CURVE('',#7060,#7095,#7097,.T.);
#7095 = VERTEX_POINT('',#7096);
#7096 = CARTESIAN_POINT('',(39.9,-8.352774925847,0.));
#7097 = LINE('',#7098,#7099);
#7098 = CARTESIAN_POINT('',(39.9,-9.9,0.));
#7099 = VECTOR('',#7100,1.);
#7100 = DIRECTION('',(0.,1.,0.));
#7101 = ORIENTED_EDGE('',*,*,#7102,.T.);
#7102 = EDGE_CURVE('',#7095,#7103,#7105,.T.);
#7103 = VERTEX_POINT('',#7104);
#7104 = CARTESIAN_POINT('',(39.9,-7.,0.3));
#7105 = HYPERBOLA('',#7106,2.9,2.9);
#7106 = AXIS2_PLACEMENT_3D('',#7107,#7108,#7109);
#7107 = CARTESIAN_POINT('',(39.9,-7.,3.2));
#7108 = DIRECTION('',(1.,-0.,0.));
#7109 = DIRECTION('',(0.,0.,-1.));
#7110 = ORIENTED_EDGE('',*,*,#7111,.T.);
#7111 = EDGE_CURVE('',#7103,#6971,#7112,.T.);
#7112 = HYPERBOLA('',#7113,2.9,2.9);
#7113 = AXIS2_PLACEMENT_3D('',#7114,#7115,#7116);
#7114 = CARTESIAN_POINT('',(39.9,-7.,3.2));
#7115 = DIRECTION('',(1.,-0.,0.));
#7116 = DIRECTION('',(0.,0.,-1.));
#7117 = ORIENTED_EDGE('',*,*,#6979,.T.);
#7118 = ORIENTED_EDGE('',*,*,#7119,.T.);
#7119 = EDGE_CURVE('',#6980,#7120,#7122,.T.);
#7120 = VERTEX_POINT('',#7121);
#7121 = CARTESIAN_POINT('',(39.9,31.,0.3));
#7122 = HYPERBOLA('',#7123,2.9,2.9);
#7123 = AXIS2_PLACEMENT_3D('',#7124,#7125,#7126);
#7124 = CARTESIAN_POINT('',(39.9,31.,3.2));
#7125 = DIRECTION('',(1.,-0.,0.));
#7126 = DIRECTION('',(0.,0.,-1.));
#7127 = ORIENTED_EDGE('',*,*,#7128,.T.);
#7128 = EDGE_CURVE('',#7120,#7129,#7131,.T.);
#7129 = VERTEX_POINT('',#7130);
#7130 = CARTESIAN_POINT('',(39.9,32.352774925847,0.));
#7131 = HYPERBOLA('',#7132,2.9,2.9);
#7132 = AXIS2_PLACEMENT_3D('',#7133,#7134,#7135);
#7133 = CARTESIAN_POINT('',(39.9,31.,3.2));
#7134 = DIRECTION('',(1.,-0.,0.));
#7135 = DIRECTION('',(0.,0.,-1.));
#7136 = ORIENTED_EDGE('',*,*,#7137,.T.);
#7137 = EDGE_CURVE('',#7129,#6844,#7138,.T.);
#7138 = LINE('',#7139,#7140);
#7139 = CARTESIAN_POINT('',(39.9,-9.9,0.));
#7140 = VECTOR('',#7141,1.);
#7141 = DIRECTION('',(0.,1.,0.));
#7142 = ORIENTED_EDGE('',*,*,#6843,.T.);
#7143 = PLANE('',#7144);
#7144 = AXIS2_PLACEMENT_3D('',#7145,#7146,#7147);
#7145 = CARTESIAN_POINT('',(39.9,-9.9,0.));
#7146 = DIRECTION('',(1.,0.,0.));
#7147 = DIRECTION('',(0.,0.,1.));
#7148 = ADVANCED_FACE('',(#7149),#7170,.F.);
#7149 = FACE_BOUND('',#7150,.F.);
#7150 = EDGE_LOOP('',(#7151,#7152,#7158,#7159,#7160,#7161,#7168,#7169));
#7151 = ORIENTED_EDGE('',*,*,#6724,.F.);
#7152 = ORIENTED_EDGE('',*,*,#7153,.F.);
#7153 = EDGE_CURVE('',#7103,#6725,#7154,.T.);
#7154 = LINE('',#7155,#7156);
#7155 = CARTESIAN_POINT('',(40.2,-7.,0.));
#7156 = VECTOR('',#7157,1.);
#7157 = DIRECTION('',(-0.707106781187,1.731912112471E-16,0.707106781187)
  );
#7158 = ORIENTED_EDGE('',*,*,#7111,.T.);
#7159 = ORIENTED_EDGE('',*,*,#6970,.T.);
#7160 = ORIENTED_EDGE('',*,*,#7075,.F.);
#7161 = ORIENTED_EDGE('',*,*,#7162,.T.);
#7162 = EDGE_CURVE('',#7068,#7095,#7163,.T.);
#7163 = CIRCLE('',#7164,3.2);
#7164 = AXIS2_PLACEMENT_3D('',#7165,#7166,#7167);
#7165 = CARTESIAN_POINT('',(37.,-7.,0.));
#7166 = DIRECTION('',(0.,0.,1.));
#7167 = DIRECTION('',(1.,0.,0.));
#7168 = ORIENTED_EDGE('',*,*,#7102,.T.);
#7169 = ORIENTED_EDGE('',*,*,#7153,.T.);
#7170 = CONICAL_SURFACE('',#7171,3.2,0.785398163397);
#7171 = AXIS2_PLACEMENT_3D('',#7172,#7173,#7174);
#7172 = CARTESIAN_POINT('',(37.,-7.,0.));
#7173 = DIRECTION('',(-0.,-0.,-1.));
#7174 = DIRECTION('',(1.,0.,0.));
#7175 = ADVANCED_FACE('',(#7176),#7202,.F.);
#7176 = FACE_BOUND('',#7177,.F.);
#7177 = EDGE_LOOP('',(#7178,#7179,#7187,#7196));
#7178 = ORIENTED_EDGE('',*,*,#6735,.T.);
#7179 = ORIENTED_EDGE('',*,*,#7180,.T.);
#7180 = EDGE_CURVE('',#6738,#7181,#7183,.T.);
#7181 = VERTEX_POINT('',#7182);
#7182 = CARTESIAN_POINT('',(-36.6,-3.724332129168,3.2));
#7183 = LINE('',#7184,#7185);
#7184 = CARTESIAN_POINT('',(-36.6,-3.724332129168,1.));
#7185 = VECTOR('',#7186,1.);
#7186 = DIRECTION('',(0.,0.,1.));
#7187 = ORIENTED_EDGE('',*,*,#7188,.F.);
#7188 = EDGE_CURVE('',#7189,#7181,#7191,.T.);
#7189 = VERTEX_POINT('',#7190);
#7190 = CARTESIAN_POINT('',(-33.72433212916,-6.6,3.2));
#7191 = CIRCLE('',#7192,3.3);
#7192 = AXIS2_PLACEMENT_3D('',#7193,#7194,#7195);
#7193 = CARTESIAN_POINT('',(-37.,-7.,3.2));
#7194 = DIRECTION('',(0.,0.,1.));
#7195 = DIRECTION('',(1.,0.,0.));
#7196 = ORIENTED_EDGE('',*,*,#7197,.F.);
#7197 = EDGE_CURVE('',#6736,#7189,#7198,.T.);
#7198 = LINE('',#7199,#7200);
#7199 = CARTESIAN_POINT('',(-33.72433212916,-6.6,1.));
#7200 = VECTOR('',#7201,1.);
#7201 = DIRECTION('',(0.,0.,1.));
#7202 = CYLINDRICAL_SURFACE('',#7203,3.3);
#7203 = AXIS2_PLACEMENT_3D('',#7204,#7205,#7206);
#7204 = CARTESIAN_POINT('',(-37.,-7.,1.));
#7205 = DIRECTION('',(0.,0.,1.));
#7206 = DIRECTION('',(1.,0.,0.));
#7207 = ADVANCED_FACE('',(#7208),#7226,.F.);
#7208 = FACE_BOUND('',#7209,.F.);
#7209 = EDGE_LOOP('',(#7210,#7211,#7212,#7220));
#7210 = ORIENTED_EDGE('',*,*,#6797,.F.);
#7211 = ORIENTED_EDGE('',*,*,#7197,.T.);
#7212 = ORIENTED_EDGE('',*,*,#7213,.T.);
#7213 = EDGE_CURVE('',#7189,#7214,#7216,.T.);
#7214 = VERTEX_POINT('',#7215);
#7215 = CARTESIAN_POINT('',(33.724332129168,-6.6,3.2));
#7216 = LINE('',#7217,#7218);
#7217 = CARTESIAN_POINT('',(-36.6,-6.6,3.2));
#7218 = VECTOR('',#7219,1.);
#7219 = DIRECTION('',(1.,0.,0.));
#7220 = ORIENTED_EDGE('',*,*,#7221,.F.);
#7221 = EDGE_CURVE('',#6789,#7214,#7222,.T.);
#7222 = LINE('',#7223,#7224);
#7223 = CARTESIAN_POINT('',(33.724332129168,-6.6,1.));
#7224 = VECTOR('',#7225,1.);
#7225 = DIRECTION('',(0.,0.,1.));
#7226 = PLANE('',#7227);
#7227 = AXIS2_PLACEMENT_3D('',#7228,#7229,#7230);
#7228 = CARTESIAN_POINT('',(-36.6,-6.6,1.4));
#7229 = DIRECTION('',(0.,1.,0.));
#7230 = DIRECTION('',(0.,0.,1.));
#7231 = ADVANCED_FACE('',(#7232),#7250,.F.);
#7232 = FACE_BOUND('',#7233,.F.);
#7233 = EDGE_LOOP('',(#7234,#7242,#7243,#7244));
#7234 = ORIENTED_EDGE('',*,*,#7235,.F.);
#7235 = EDGE_CURVE('',#7181,#7236,#7238,.T.);
#7236 = VERTEX_POINT('',#7237);
#7237 = CARTESIAN_POINT('',(-36.6,27.724332129168,3.2));
#7238 = LINE('',#7239,#7240);
#7239 = CARTESIAN_POINT('',(-36.6,-6.6,3.2));
#7240 = VECTOR('',#7241,1.);
#7241 = DIRECTION('',(0.,1.,0.));
#7242 = ORIENTED_EDGE('',*,*,#7180,.F.);
#7243 = ORIENTED_EDGE('',*,*,#6746,.T.);
#7244 = ORIENTED_EDGE('',*,*,#7245,.T.);
#7245 = EDGE_CURVE('',#6747,#7236,#7246,.T.);
#7246 = LINE('',#7247,#7248);
#7247 = CARTESIAN_POINT('',(-36.6,27.724332129168,1.));
#7248 = VECTOR('',#7249,1.);
#7249 = DIRECTION('',(0.,0.,1.));
#7250 = PLANE('',#7251);
#7251 = AXIS2_PLACEMENT_3D('',#7252,#7253,#7254);
#7252 = CARTESIAN_POINT('',(-36.6,-6.6,1.4));
#7253 = DIRECTION('',(1.,0.,0.));
#7254 = DIRECTION('',(0.,0.,1.));
#7255 = ADVANCED_FACE('',(#7256),#7275,.F.);
#7256 = FACE_BOUND('',#7257,.F.);
#7257 = EDGE_LOOP('',(#7258,#7267,#7273,#7274));
#7258 = ORIENTED_EDGE('',*,*,#7259,.F.);
#7259 = EDGE_CURVE('',#7260,#7214,#7262,.T.);
#7260 = VERTEX_POINT('',#7261);
#7261 = CARTESIAN_POINT('',(36.6,-3.724332129168,3.2));
#7262 = CIRCLE('',#7263,3.3);
#7263 = AXIS2_PLACEMENT_3D('',#7264,#7265,#7266);
#7264 = CARTESIAN_POINT('',(37.,-7.,3.2));
#7265 = DIRECTION('',(0.,0.,1.));
#7266 = DIRECTION('',(1.,0.,0.));
#7267 = ORIENTED_EDGE('',*,*,#7268,.F.);
#7268 = EDGE_CURVE('',#6781,#7260,#7269,.T.);
#7269 = LINE('',#7270,#7271);
#7270 = CARTESIAN_POINT('',(36.6,-3.724332129168,1.));
#7271 = VECTOR('',#7272,1.);
#7272 = DIRECTION('',(0.,0.,1.));
#7273 = ORIENTED_EDGE('',*,*,#6788,.T.);
#7274 = ORIENTED_EDGE('',*,*,#7221,.T.);
#7275 = CYLINDRICAL_SURFACE('',#7276,3.3);
#7276 = AXIS2_PLACEMENT_3D('',#7277,#7278,#7279);
#7277 = CARTESIAN_POINT('',(37.,-7.,1.));
#7278 = DIRECTION('',(0.,0.,1.));
#7279 = DIRECTION('',(1.,0.,0.));
#7280 = ADVANCED_FACE('',(#7281),#7300,.F.);
#7281 = FACE_BOUND('',#7282,.F.);
#7282 = EDGE_LOOP('',(#7283,#7284,#7285,#7293));
#7283 = ORIENTED_EDGE('',*,*,#7245,.F.);
#7284 = ORIENTED_EDGE('',*,*,#6754,.T.);
#7285 = ORIENTED_EDGE('',*,*,#7286,.T.);
#7286 = EDGE_CURVE('',#6755,#7287,#7289,.T.);
#7287 = VERTEX_POINT('',#7288);
#7288 = CARTESIAN_POINT('',(-33.72433212916,30.6,3.2));
#7289 = LINE('',#7290,#7291);
#7290 = CARTESIAN_POINT('',(-33.72433212916,30.6,1.));
#7291 = VECTOR('',#7292,1.);
#7292 = DIRECTION('',(0.,0.,1.));
#7293 = ORIENTED_EDGE('',*,*,#7294,.F.);
#7294 = EDGE_CURVE('',#7236,#7287,#7295,.T.);
#7295 = CIRCLE('',#7296,3.3);
#7296 = AXIS2_PLACEMENT_3D('',#7297,#7298,#7299);
#7297 = CARTESIAN_POINT('',(-37.,31.,3.2));
#7298 = DIRECTION('',(0.,0.,1.));
#7299 = DIRECTION('',(1.,0.,0.));
#7300 = CYLINDRICAL_SURFACE('',#7301,3.3);
#7301 = AXIS2_PLACEMENT_3D('',#7302,#7303,#7304);
#7302 = CARTESIAN_POINT('',(-37.,31.,1.));
#7303 = DIRECTION('',(0.,0.,1.));
#7304 = DIRECTION('',(1.,0.,0.));
#7305 = ADVANCED_FACE('',(#7306),#7324,.T.);
#7306 = FACE_BOUND('',#7307,.T.);
#7307 = EDGE_LOOP('',(#7308,#7316,#7317,#7318));
#7308 = ORIENTED_EDGE('',*,*,#7309,.F.);
#7309 = EDGE_CURVE('',#7260,#7310,#7312,.T.);
#7310 = VERTEX_POINT('',#7311);
#7311 = CARTESIAN_POINT('',(36.6,27.724332129168,3.2));
#7312 = LINE('',#7313,#7314);
#7313 = CARTESIAN_POINT('',(36.6,-6.6,3.2));
#7314 = VECTOR('',#7315,1.);
#7315 = DIRECTION('',(0.,1.,0.));
#7316 = ORIENTED_EDGE('',*,*,#7268,.F.);
#7317 = ORIENTED_EDGE('',*,*,#6780,.T.);
#7318 = ORIENTED_EDGE('',*,*,#7319,.T.);
#7319 = EDGE_CURVE('',#6772,#7310,#7320,.T.);
#7320 = LINE('',#7321,#7322);
#7321 = CARTESIAN_POINT('',(36.6,27.724332129168,1.));
#7322 = VECTOR('',#7323,1.);
#7323 = DIRECTION('',(0.,0.,1.));
#7324 = PLANE('',#7325);
#7325 = AXIS2_PLACEMENT_3D('',#7326,#7327,#7328);
#7326 = CARTESIAN_POINT('',(36.6,-6.6,1.4));
#7327 = DIRECTION('',(1.,0.,0.));
#7328 = DIRECTION('',(0.,0.,1.));
#7329 = ADVANCED_FACE('',(#7330),#7348,.T.);
#7330 = FACE_BOUND('',#7331,.T.);
#7331 = EDGE_LOOP('',(#7332,#7333,#7334,#7342));
#7332 = ORIENTED_EDGE('',*,*,#6763,.F.);
#7333 = ORIENTED_EDGE('',*,*,#7286,.T.);
#7334 = ORIENTED_EDGE('',*,*,#7335,.T.);
#7335 = EDGE_CURVE('',#7287,#7336,#7338,.T.);
#7336 = VERTEX_POINT('',#7337);
#7337 = CARTESIAN_POINT('',(33.724332129168,30.6,3.2));
#7338 = LINE('',#7339,#7340);
#7339 = CARTESIAN_POINT('',(-36.6,30.6,3.2));
#7340 = VECTOR('',#7341,1.);
#7341 = DIRECTION('',(1.,0.,0.));
#7342 = ORIENTED_EDGE('',*,*,#7343,.F.);
#7343 = EDGE_CURVE('',#6764,#7336,#7344,.T.);
#7344 = LINE('',#7345,#7346);
#7345 = CARTESIAN_POINT('',(33.724332129168,30.6,1.));
#7346 = VECTOR('',#7347,1.);
#7347 = DIRECTION('',(0.,0.,1.));
#7348 = PLANE('',#7349);
#7349 = AXIS2_PLACEMENT_3D('',#7350,#7351,#7352);
#7350 = CARTESIAN_POINT('',(-36.6,30.6,1.4));
#7351 = DIRECTION('',(0.,1.,0.));
#7352 = DIRECTION('',(0.,0.,1.));
#7353 = ADVANCED_FACE('',(#7354),#7366,.F.);
#7354 = FACE_BOUND('',#7355,.F.);
#7355 = EDGE_LOOP('',(#7356,#7363,#7364,#7365));
#7356 = ORIENTED_EDGE('',*,*,#7357,.F.);
#7357 = EDGE_CURVE('',#7336,#7310,#7358,.T.);
#7358 = CIRCLE('',#7359,3.3);
#7359 = AXIS2_PLACEMENT_3D('',#7360,#7361,#7362);
#7360 = CARTESIAN_POINT('',(37.,31.,3.2));
#7361 = DIRECTION('',(0.,0.,1.));
#7362 = DIRECTION('',(1.,0.,0.));
#7363 = ORIENTED_EDGE('',*,*,#7343,.F.);
#7364 = ORIENTED_EDGE('',*,*,#6771,.T.);
#7365 = ORIENTED_EDGE('',*,*,#7319,.T.);
#7366 = CYLINDRICAL_SURFACE('',#7367,3.3);
#7367 = AXIS2_PLACEMENT_3D('',#7368,#7369,#7370);
#7368 = CARTESIAN_POINT('',(37.,31.,1.));
#7369 = DIRECTION('',(0.,0.,1.));
#7370 = DIRECTION('',(1.,0.,0.));
#7371 = ADVANCED_FACE('',(#7372),#7393,.F.);
#7372 = FACE_BOUND('',#7373,.F.);
#7373 = EDGE_LOOP('',(#7374,#7375,#7381,#7382,#7389,#7390,#7391,#7392));
#7374 = ORIENTED_EDGE('',*,*,#6816,.F.);
#7375 = ORIENTED_EDGE('',*,*,#7376,.F.);
#7376 = EDGE_CURVE('',#7120,#6817,#7377,.T.);
#7377 = LINE('',#7378,#7379);
#7378 = CARTESIAN_POINT('',(40.2,31.,0.));
#7379 = VECTOR('',#7380,1.);
#7380 = DIRECTION('',(-0.707106781187,1.731912112471E-16,0.707106781187)
  );
#7381 = ORIENTED_EDGE('',*,*,#7128,.T.);
#7382 = ORIENTED_EDGE('',*,*,#7383,.T.);
#7383 = EDGE_CURVE('',#7129,#6852,#7384,.T.);
#7384 = CIRCLE('',#7385,3.2);
#7385 = AXIS2_PLACEMENT_3D('',#7386,#7387,#7388);
#7386 = CARTESIAN_POINT('',(37.,31.,0.));
#7387 = DIRECTION('',(0.,0.,1.));
#7388 = DIRECTION('',(1.,0.,0.));
#7389 = ORIENTED_EDGE('',*,*,#6859,.T.);
#7390 = ORIENTED_EDGE('',*,*,#6987,.T.);
#7391 = ORIENTED_EDGE('',*,*,#7119,.T.);
#7392 = ORIENTED_EDGE('',*,*,#7376,.T.);
#7393 = CONICAL_SURFACE('',#7394,3.2,0.785398163397);
#7394 = AXIS2_PLACEMENT_3D('',#7395,#7396,#7397);
#7395 = CARTESIAN_POINT('',(37.,31.,0.));
#7396 = DIRECTION('',(-0.,-0.,-1.));
#7397 = DIRECTION('',(1.,0.,0.));
#7398 = ADVANCED_FACE('',(#7399),#7404,.F.);
#7399 = FACE_BOUND('',#7400,.F.);
#7400 = EDGE_LOOP('',(#7401,#7402,#7403));
#7401 = ORIENTED_EDGE('',*,*,#7383,.F.);
#7402 = ORIENTED_EDGE('',*,*,#7137,.T.);
#7403 = ORIENTED_EDGE('',*,*,#6851,.F.);
#7404 = PLANE('',#7405);
#7405 = AXIS2_PLACEMENT_3D('',#7406,#7407,#7408);
#7406 = CARTESIAN_POINT('',(-39.9,-9.9,0.));
#7407 = DIRECTION('',(0.,0.,1.));
#7408 = DIRECTION('',(1.,0.,0.));
#7409 = ADVANCED_FACE('',(#7410),#7415,.F.);
#7410 = FACE_BOUND('',#7411,.F.);
#7411 = EDGE_LOOP('',(#7412,#7413,#7414));
#7412 = ORIENTED_EDGE('',*,*,#7162,.F.);
#7413 = ORIENTED_EDGE('',*,*,#7067,.T.);
#7414 = ORIENTED_EDGE('',*,*,#7094,.T.);
#7415 = PLANE('',#7416);
#7416 = AXIS2_PLACEMENT_3D('',#7417,#7418,#7419);
#7417 = CARTESIAN_POINT('',(-39.9,-9.9,0.));
#7418 = DIRECTION('',(0.,0.,1.));
#7419 = DIRECTION('',(1.,0.,0.));
#7420 = ADVANCED_FACE('',(#7421),#7431,.T.);
#7421 = FACE_BOUND('',#7422,.T.);
#7422 = EDGE_LOOP('',(#7423,#7424,#7425,#7426,#7427,#7428,#7429,#7430));
#7423 = ORIENTED_EDGE('',*,*,#7235,.F.);
#7424 = ORIENTED_EDGE('',*,*,#7188,.F.);
#7425 = ORIENTED_EDGE('',*,*,#7213,.T.);
#7426 = ORIENTED_EDGE('',*,*,#7259,.F.);
#7427 = ORIENTED_EDGE('',*,*,#7309,.T.);
#7428 = ORIENTED_EDGE('',*,*,#7357,.F.);
#7429 = ORIENTED_EDGE('',*,*,#7335,.F.);
#7430 = ORIENTED_EDGE('',*,*,#7294,.F.);
#7431 = PLANE('',#7432);
#7432 = AXIS2_PLACEMENT_3D('',#7433,#7434,#7435);
#7433 = CARTESIAN_POINT('',(-36.6,-6.6,3.2));
#7434 = DIRECTION('',(0.,0.,1.));
#7435 = DIRECTION('',(1.,0.,0.));
#7436 = MANIFOLD_SOLID_BREP('',#7437);
#7437 = CLOSED_SHELL('',(#7438,#7478,#7509,#7567,#7591,#7642,#7654,#7717
    ,#7741,#7797,#7814,#7877,#7901,#7957,#7974,#8032,#8065,#8083,#8110,
    #8143,#8161,#8188,#8218,#8230));
#7438 = ADVANCED_FACE('',(#7439),#7473,.F.);
#7439 = FACE_BOUND('',#7440,.F.);
#7440 = EDGE_LOOP('',(#7441,#7451,#7459,#7467));
#7441 = ORIENTED_EDGE('',*,*,#7442,.F.);
#7442 = EDGE_CURVE('',#7443,#7445,#7447,.T.);
#7443 = VERTEX_POINT('',#7444);
#7444 = CARTESIAN_POINT('',(-37.5,-8.,3.));
#7445 = VERTEX_POINT('',#7446);
#7446 = CARTESIAN_POINT('',(-37.5,-8.,21.5));
#7447 = LINE('',#7448,#7449);
#7448 = CARTESIAN_POINT('',(-37.5,-8.,3.));
#7449 = VECTOR('',#7450,1.);
#7450 = DIRECTION('',(0.,0.,1.));
#7451 = ORIENTED_EDGE('',*,*,#7452,.T.);
#7452 = EDGE_CURVE('',#7443,#7453,#7455,.T.);
#7453 = VERTEX_POINT('',#7454);
#7454 = CARTESIAN_POINT('',(-37.5,32.,3.));
#7455 = LINE('',#7456,#7457);
#7456 = CARTESIAN_POINT('',(-37.5,-8.,3.));
#7457 = VECTOR('',#7458,1.);
#7458 = DIRECTION('',(0.,1.,0.));
#7459 = ORIENTED_EDGE('',*,*,#7460,.T.);
#7460 = EDGE_CURVE('',#7453,#7461,#7463,.T.);
#7461 = VERTEX_POINT('',#7462);
#7462 = CARTESIAN_POINT('',(-37.5,32.,21.5));
#7463 = LINE('',#7464,#7465);
#7464 = CARTESIAN_POINT('',(-37.5,32.,3.));
#7465 = VECTOR('',#7466,1.);
#7466 = DIRECTION('',(0.,0.,1.));
#7467 = ORIENTED_EDGE('',*,*,#7468,.F.);
#7468 = EDGE_CURVE('',#7445,#7461,#7469,.T.);
#7469 = LINE('',#7470,#7471);
#7470 = CARTESIAN_POINT('',(-37.5,-8.,21.5));
#7471 = VECTOR('',#7472,1.);
#7472 = DIRECTION('',(0.,1.,0.));
#7473 = PLANE('',#7474);
#7474 = AXIS2_PLACEMENT_3D('',#7475,#7476,#7477);
#7475 = CARTESIAN_POINT('',(-37.5,-8.,3.));
#7476 = DIRECTION('',(1.,0.,0.));
#7477 = DIRECTION('',(0.,0.,1.));
#7478 = ADVANCED_FACE('',(#7479),#7504,.F.);
#7479 = FACE_BOUND('',#7480,.F.);
#7480 = EDGE_LOOP('',(#7481,#7489,#7490,#7498));
#7481 = ORIENTED_EDGE('',*,*,#7482,.F.);
#7482 = EDGE_CURVE('',#7443,#7483,#7485,.T.);
#7483 = VERTEX_POINT('',#7484);
#7484 = CARTESIAN_POINT('',(37.5,-8.,3.));
#7485 = LINE('',#7486,#7487);
#7486 = CARTESIAN_POINT('',(-37.5,-8.,3.));
#7487 = VECTOR('',#7488,1.);
#7488 = DIRECTION('',(1.,0.,0.));
#7489 = ORIENTED_EDGE('',*,*,#7442,.T.);
#7490 = ORIENTED_EDGE('',*,*,#7491,.T.);
#7491 = EDGE_CURVE('',#7445,#7492,#7494,.T.);
#7492 = VERTEX_POINT('',#7493);
#7493 = CARTESIAN_POINT('',(37.5,-8.,21.5));
#7494 = LINE('',#7495,#7496);
#7495 = CARTESIAN_POINT('',(-37.5,-8.,21.5));
#7496 = VECTOR('',#7497,1.);
#7497 = DIRECTION('',(1.,0.,0.));
#7498 = ORIENTED_EDGE('',*,*,#7499,.F.);
#7499 = EDGE_CURVE('',#7483,#7492,#7500,.T.);
#7500 = LINE('',#7501,#7502);
#7501 = CARTESIAN_POINT('',(37.5,-8.,3.));
#7502 = VECTOR('',#7503,1.);
#7503 = DIRECTION('',(0.,0.,1.));
#7504 = PLANE('',#7505);
#7505 = AXIS2_PLACEMENT_3D('',#7506,#7507,#7508);
#7506 = CARTESIAN_POINT('',(-37.5,-8.,3.));
#7507 = DIRECTION('',(0.,1.,0.));
#7508 = DIRECTION('',(0.,0.,1.));
#7509 = ADVANCED_FACE('',(#7510,#7528),#7562,.T.);
#7510 = FACE_BOUND('',#7511,.T.);
#7511 = EDGE_LOOP('',(#7512,#7513,#7514,#7522));
#7512 = ORIENTED_EDGE('',*,*,#7468,.F.);
#7513 = ORIENTED_EDGE('',*,*,#7491,.T.);
#7514 = ORIENTED_EDGE('',*,*,#7515,.T.);
#7515 = EDGE_CURVE('',#7492,#7516,#7518,.T.);
#7516 = VERTEX_POINT('',#7517);
#7517 = CARTESIAN_POINT('',(37.5,32.,21.5));
#7518 = LINE('',#7519,#7520);
#7519 = CARTESIAN_POINT('',(37.5,-8.,21.5));
#7520 = VECTOR('',#7521,1.);
#7521 = DIRECTION('',(0.,1.,0.));
#7522 = ORIENTED_EDGE('',*,*,#7523,.F.);
#7523 = EDGE_CURVE('',#7461,#7516,#7524,.T.);
#7524 = LINE('',#7525,#7526);
#7525 = CARTESIAN_POINT('',(-37.5,32.,21.5));
#7526 = VECTOR('',#7527,1.);
#7527 = DIRECTION('',(1.,0.,0.));
#7528 = FACE_BOUND('',#7529,.T.);
#7529 = EDGE_LOOP('',(#7530,#7540,#7548,#7556));
#7530 = ORIENTED_EDGE('',*,*,#7531,.T.);
#7531 = EDGE_CURVE('',#7532,#7534,#7536,.T.);
#7532 = VERTEX_POINT('',#7533);
#7533 = CARTESIAN_POINT('',(34.,-6.,21.5));
#7534 = VERTEX_POINT('',#7535);
#7535 = CARTESIAN_POINT('',(-34.,-6.,21.5));
#7536 = LINE('',#7537,#7538);
#7537 = CARTESIAN_POINT('',(-35.75,-6.,21.5));
#7538 = VECTOR('',#7539,1.);
#7539 = DIRECTION('',(-1.,0.,0.));
#7540 = ORIENTED_EDGE('',*,*,#7541,.T.);
#7541 = EDGE_CURVE('',#7534,#7542,#7544,.T.);
#7542 = VERTEX_POINT('',#7543);
#7543 = CARTESIAN_POINT('',(-34.,30.,21.5));
#7544 = LINE('',#7545,#7546);
#7545 = CARTESIAN_POINT('',(-34.,-7.,21.5));
#7546 = VECTOR('',#7547,1.);
#7547 = DIRECTION('',(0.,1.,0.));
#7548 = ORIENTED_EDGE('',*,*,#7549,.F.);
#7549 = EDGE_CURVE('',#7550,#7542,#7552,.T.);
#7550 = VERTEX_POINT('',#7551);
#7551 = CARTESIAN_POINT('',(34.,30.,21.5));
#7552 = LINE('',#7553,#7554);
#7553 = CARTESIAN_POINT('',(-35.75,30.,21.5));
#7554 = VECTOR('',#7555,1.);
#7555 = DIRECTION('',(-1.,0.,0.));
#7556 = ORIENTED_EDGE('',*,*,#7557,.F.);
#7557 = EDGE_CURVE('',#7532,#7550,#7558,.T.);
#7558 = LINE('',#7559,#7560);
#7559 = CARTESIAN_POINT('',(34.,-7.,21.5));
#7560 = VECTOR('',#7561,1.);
#7561 = DIRECTION('',(0.,1.,0.));
#7562 = PLANE('',#7563);
#7563 = AXIS2_PLACEMENT_3D('',#7564,#7565,#7566);
#7564 = CARTESIAN_POINT('',(-37.5,-8.,21.5));
#7565 = DIRECTION('',(0.,0.,1.));
#7566 = DIRECTION('',(1.,0.,0.));
#7567 = ADVANCED_FACE('',(#7568),#7586,.T.);
#7568 = FACE_BOUND('',#7569,.T.);
#7569 = EDGE_LOOP('',(#7570,#7578,#7579,#7580));
#7570 = ORIENTED_EDGE('',*,*,#7571,.F.);
#7571 = EDGE_CURVE('',#7453,#7572,#7574,.T.);
#7572 = VERTEX_POINT('',#7573);
#7573 = CARTESIAN_POINT('',(37.5,32.,3.));
#7574 = LINE('',#7575,#7576);
#7575 = CARTESIAN_POINT('',(-37.5,32.,3.));
#7576 = VECTOR('',#7577,1.);
#7577 = DIRECTION('',(1.,0.,0.));
#7578 = ORIENTED_EDGE('',*,*,#7460,.T.);
#7579 = ORIENTED_EDGE('',*,*,#7523,.T.);
#7580 = ORIENTED_EDGE('',*,*,#7581,.F.);
#7581 = EDGE_CURVE('',#7572,#7516,#7582,.T.);
#7582 = LINE('',#7583,#7584);
#7583 = CARTESIAN_POINT('',(37.5,32.,3.));
#7584 = VECTOR('',#7585,1.);
#7585 = DIRECTION('',(0.,0.,1.));
#7586 = PLANE('',#7587);
#7587 = AXIS2_PLACEMENT_3D('',#7588,#7589,#7590);
#7588 = CARTESIAN_POINT('',(-37.5,32.,3.));
#7589 = DIRECTION('',(0.,1.,0.));
#7590 = DIRECTION('',(0.,0.,1.));
#7591 = ADVANCED_FACE('',(#7592,#7603),#7637,.F.);
#7592 = FACE_BOUND('',#7593,.F.);
#7593 = EDGE_LOOP('',(#7594,#7595,#7596,#7602));
#7594 = ORIENTED_EDGE('',*,*,#7452,.F.);
#7595 = ORIENTED_EDGE('',*,*,#7482,.T.);
#7596 = ORIENTED_EDGE('',*,*,#7597,.T.);
#7597 = EDGE_CURVE('',#7483,#7572,#7598,.T.);
#7598 = LINE('',#7599,#7600);
#7599 = CARTESIAN_POINT('',(37.5,-8.,3.));
#7600 = VECTOR('',#7601,1.);
#7601 = DIRECTION('',(0.,1.,0.));
#7602 = ORIENTED_EDGE('',*,*,#7571,.F.);
#7603 = FACE_BOUND('',#7604,.F.);
#7604 = EDGE_LOOP('',(#7605,#7615,#7623,#7631));
#7605 = ORIENTED_EDGE('',*,*,#7606,.T.);
#7606 = EDGE_CURVE('',#7607,#7609,#7611,.T.);
#7607 = VERTEX_POINT('',#7608);
#7608 = CARTESIAN_POINT('',(34.,-6.,3.));
#7609 = VERTEX_POINT('',#7610);
#7610 = CARTESIAN_POINT('',(-34.,-6.,3.));
#7611 = LINE('',#7612,#7613);
#7612 = CARTESIAN_POINT('',(-35.75,-6.,3.));
#7613 = VECTOR('',#7614,1.);
#7614 = DIRECTION('',(-1.,0.,0.));
#7615 = ORIENTED_EDGE('',*,*,#7616,.T.);
#7616 = EDGE_CURVE('',#7609,#7617,#7619,.T.);
#7617 = VERTEX_POINT('',#7618);
#7618 = CARTESIAN_POINT('',(-34.,30.,3.));
#7619 = LINE('',#7620,#7621);
#7620 = CARTESIAN_POINT('',(-34.,-7.,3.));
#7621 = VECTOR('',#7622,1.);
#7622 = DIRECTION('',(0.,1.,0.));
#7623 = ORIENTED_EDGE('',*,*,#7624,.F.);
#7624 = EDGE_CURVE('',#7625,#7617,#7627,.T.);
#7625 = VERTEX_POINT('',#7626);
#7626 = CARTESIAN_POINT('',(34.,30.,3.));
#7627 = LINE('',#7628,#7629);
#7628 = CARTESIAN_POINT('',(-35.75,30.,3.));
#7629 = VECTOR('',#7630,1.);
#7630 = DIRECTION('',(-1.,0.,0.));
#7631 = ORIENTED_EDGE('',*,*,#7632,.F.);
#7632 = EDGE_CURVE('',#7607,#7625,#7633,.T.);
#7633 = LINE('',#7634,#7635);
#7634 = CARTESIAN_POINT('',(34.,-7.,3.));
#7635 = VECTOR('',#7636,1.);
#7636 = DIRECTION('',(0.,1.,0.));
#7637 = PLANE('',#7638);
#7638 = AXIS2_PLACEMENT_3D('',#7639,#7640,#7641);
#7639 = CARTESIAN_POINT('',(-37.5,-8.,3.));
#7640 = DIRECTION('',(0.,0.,1.));
#7641 = DIRECTION('',(1.,0.,0.));
#7642 = ADVANCED_FACE('',(#7643),#7649,.T.);
#7643 = FACE_BOUND('',#7644,.T.);
#7644 = EDGE_LOOP('',(#7645,#7646,#7647,#7648));
#7645 = ORIENTED_EDGE('',*,*,#7499,.F.);
#7646 = ORIENTED_EDGE('',*,*,#7597,.T.);
#7647 = ORIENTED_EDGE('',*,*,#7581,.T.);
#7648 = ORIENTED_EDGE('',*,*,#7515,.F.);
#7649 = PLANE('',#7650);
#7650 = AXIS2_PLACEMENT_3D('',#7651,#7652,#7653);
#7651 = CARTESIAN_POINT('',(37.5,-8.,3.));
#7652 = DIRECTION('',(1.,0.,0.));
#7653 = DIRECTION('',(0.,0.,1.));
#7654 = ADVANCED_FACE('',(#7655),#7712,.T.);
#7655 = FACE_BOUND('',#7656,.T.);
#7656 = EDGE_LOOP('',(#7657,#7667,#7673,#7674,#7682,#7690,#7698,#7706));
#7657 = ORIENTED_EDGE('',*,*,#7658,.F.);
#7658 = EDGE_CURVE('',#7659,#7661,#7663,.T.);
#7659 = VERTEX_POINT('',#7660);
#7660 = CARTESIAN_POINT('',(-34.,-6.,13.));
#7661 = VERTEX_POINT('',#7662);
#7662 = CARTESIAN_POINT('',(-33.5,-6.,13.));
#7663 = LINE('',#7664,#7665);
#7664 = CARTESIAN_POINT('',(-34.,-6.,13.));
#7665 = VECTOR('',#7666,1.);
#7666 = DIRECTION('',(1.,0.,0.));
#7667 = ORIENTED_EDGE('',*,*,#7668,.T.);
#7668 = EDGE_CURVE('',#7659,#7534,#7669,.T.);
#7669 = LINE('',#7670,#7671);
#7670 = CARTESIAN_POINT('',(-34.,-6.,13.));
#7671 = VECTOR('',#7672,1.);
#7672 = DIRECTION('',(0.,0.,1.));
#7673 = ORIENTED_EDGE('',*,*,#7531,.F.);
#7674 = ORIENTED_EDGE('',*,*,#7675,.F.);
#7675 = EDGE_CURVE('',#7676,#7532,#7678,.T.);
#7676 = VERTEX_POINT('',#7677);
#7677 = CARTESIAN_POINT('',(34.,-6.,13.));
#7678 = LINE('',#7679,#7680);
#7679 = CARTESIAN_POINT('',(34.,-6.,13.));
#7680 = VECTOR('',#7681,1.);
#7681 = DIRECTION('',(0.,0.,1.));
#7682 = ORIENTED_EDGE('',*,*,#7683,.F.);
#7683 = EDGE_CURVE('',#7684,#7676,#7686,.T.);
#7684 = VERTEX_POINT('',#7685);
#7685 = CARTESIAN_POINT('',(33.5,-6.,13.));
#7686 = LINE('',#7687,#7688);
#7687 = CARTESIAN_POINT('',(-34.,-6.,13.));
#7688 = VECTOR('',#7689,1.);
#7689 = DIRECTION('',(1.,0.,0.));
#7690 = ORIENTED_EDGE('',*,*,#7691,.T.);
#7691 = EDGE_CURVE('',#7684,#7692,#7694,.T.);
#7692 = VERTEX_POINT('',#7693);
#7693 = CARTESIAN_POINT('',(33.5,-6.,17.242362280552));
#7694 = LINE('',#7695,#7696);
#7695 = CARTESIAN_POINT('',(33.5,-6.,12.75));
#7696 = VECTOR('',#7697,1.);
#7697 = DIRECTION('',(0.,0.,1.));
#7698 = ORIENTED_EDGE('',*,*,#7699,.F.);
#7699 = EDGE_CURVE('',#7700,#7692,#7702,.T.);
#7700 = VERTEX_POINT('',#7701);
#7701 = CARTESIAN_POINT('',(-33.5,-6.,17.242362280552));
#7702 = LINE('',#7703,#7704);
#7703 = CARTESIAN_POINT('',(-33.5,-6.,17.242362280552));
#7704 = VECTOR('',#7705,1.);
#7705 = DIRECTION('',(1.,0.,0.));
#7706 = ORIENTED_EDGE('',*,*,#7707,.F.);
#7707 = EDGE_CURVE('',#7661,#7700,#7708,.T.);
#7708 = LINE('',#7709,#7710);
#7709 = CARTESIAN_POINT('',(-33.5,-6.,12.75));
#7710 = VECTOR('',#7711,1.);
#7711 = DIRECTION('',(0.,0.,1.));
#7712 = PLANE('',#7713);
#7713 = AXIS2_PLACEMENT_3D('',#7714,#7715,#7716);
#7714 = CARTESIAN_POINT('',(-34.,-6.,13.));
#7715 = DIRECTION('',(0.,1.,0.));
#7716 = DIRECTION('',(0.,0.,1.));
#7717 = ADVANCED_FACE('',(#7718),#7736,.F.);
#7718 = FACE_BOUND('',#7719,.F.);
#7719 = EDGE_LOOP('',(#7720,#7721,#7729,#7735));
#7720 = ORIENTED_EDGE('',*,*,#7675,.F.);
#7721 = ORIENTED_EDGE('',*,*,#7722,.T.);
#7722 = EDGE_CURVE('',#7676,#7723,#7725,.T.);
#7723 = VERTEX_POINT('',#7724);
#7724 = CARTESIAN_POINT('',(34.,30.,13.));
#7725 = LINE('',#7726,#7727);
#7726 = CARTESIAN_POINT('',(34.,-6.,13.));
#7727 = VECTOR('',#7728,1.);
#7728 = DIRECTION('',(0.,1.,0.));
#7729 = ORIENTED_EDGE('',*,*,#7730,.T.);
#7730 = EDGE_CURVE('',#7723,#7550,#7731,.T.);
#7731 = LINE('',#7732,#7733);
#7732 = CARTESIAN_POINT('',(34.,30.,13.));
#7733 = VECTOR('',#7734,1.);
#7734 = DIRECTION('',(0.,0.,1.));
#7735 = ORIENTED_EDGE('',*,*,#7557,.F.);
#7736 = PLANE('',#7737);
#7737 = AXIS2_PLACEMENT_3D('',#7738,#7739,#7740);
#7738 = CARTESIAN_POINT('',(34.,-6.,13.));
#7739 = DIRECTION('',(1.,0.,0.));
#7740 = DIRECTION('',(0.,0.,1.));
#7741 = ADVANCED_FACE('',(#7742),#7792,.F.);
#7742 = FACE_BOUND('',#7743,.F.);
#7743 = EDGE_LOOP('',(#7744,#7754,#7760,#7761,#7762,#7770,#7778,#7786));
#7744 = ORIENTED_EDGE('',*,*,#7745,.F.);
#7745 = EDGE_CURVE('',#7746,#7748,#7750,.T.);
#7746 = VERTEX_POINT('',#7747);
#7747 = CARTESIAN_POINT('',(-34.,30.,13.));
#7748 = VERTEX_POINT('',#7749);
#7749 = CARTESIAN_POINT('',(-33.5,30.,13.));
#7750 = LINE('',#7751,#7752);
#7751 = CARTESIAN_POINT('',(-34.,30.,13.));
#7752 = VECTOR('',#7753,1.);
#7753 = DIRECTION('',(1.,0.,0.));
#7754 = ORIENTED_EDGE('',*,*,#7755,.T.);
#7755 = EDGE_CURVE('',#7746,#7542,#7756,.T.);
#7756 = LINE('',#7757,#7758);
#7757 = CARTESIAN_POINT('',(-34.,30.,13.));
#7758 = VECTOR('',#7759,1.);
#7759 = DIRECTION('',(0.,0.,1.));
#7760 = ORIENTED_EDGE('',*,*,#7549,.F.);
#7761 = ORIENTED_EDGE('',*,*,#7730,.F.);
#7762 = ORIENTED_EDGE('',*,*,#7763,.F.);
#7763 = EDGE_CURVE('',#7764,#7723,#7766,.T.);
#7764 = VERTEX_POINT('',#7765);
#7765 = CARTESIAN_POINT('',(33.5,30.,13.));
#7766 = LINE('',#7767,#7768);
#7767 = CARTESIAN_POINT('',(-34.,30.,13.));
#7768 = VECTOR('',#7769,1.);
#7769 = DIRECTION('',(1.,0.,0.));
#7770 = ORIENTED_EDGE('',*,*,#7771,.T.);
#7771 = EDGE_CURVE('',#7764,#7772,#7774,.T.);
#7772 = VERTEX_POINT('',#7773);
#7773 = CARTESIAN_POINT('',(33.5,30.,17.242362280552));
#7774 = LINE('',#7775,#7776);
#7775 = CARTESIAN_POINT('',(33.5,30.,12.75));
#7776 = VECTOR('',#7777,1.);
#7777 = DIRECTION('',(0.,0.,1.));
#7778 = ORIENTED_EDGE('',*,*,#7779,.F.);
#7779 = EDGE_CURVE('',#7780,#7772,#7782,.T.);
#7780 = VERTEX_POINT('',#7781);
#7781 = CARTESIAN_POINT('',(-33.5,30.,17.242362280552));
#7782 = LINE('',#7783,#7784);
#7783 = CARTESIAN_POINT('',(-33.5,30.,17.242362280552));
#7784 = VECTOR('',#7785,1.);
#7785 = DIRECTION('',(1.,0.,0.));
#7786 = ORIENTED_EDGE('',*,*,#7787,.F.);
#7787 = EDGE_CURVE('',#7748,#7780,#7788,.T.);
#7788 = LINE('',#7789,#7790);
#7789 = CARTESIAN_POINT('',(-33.5,30.,12.75));
#7790 = VECTOR('',#7791,1.);
#7791 = DIRECTION('',(0.,0.,1.));
#7792 = PLANE('',#7793);
#7793 = AXIS2_PLACEMENT_3D('',#7794,#7795,#7796);
#7794 = CARTESIAN_POINT('',(-34.,30.,13.));
#7795 = DIRECTION('',(0.,1.,0.));
#7796 = DIRECTION('',(0.,0.,1.));
#7797 = ADVANCED_FACE('',(#7798),#7809,.T.);
#7798 = FACE_BOUND('',#7799,.T.);
#7799 = EDGE_LOOP('',(#7800,#7801,#7807,#7808));
#7800 = ORIENTED_EDGE('',*,*,#7668,.F.);
#7801 = ORIENTED_EDGE('',*,*,#7802,.T.);
#7802 = EDGE_CURVE('',#7659,#7746,#7803,.T.);
#7803 = LINE('',#7804,#7805);
#7804 = CARTESIAN_POINT('',(-34.,-6.,13.));
#7805 = VECTOR('',#7806,1.);
#7806 = DIRECTION('',(0.,1.,0.));
#7807 = ORIENTED_EDGE('',*,*,#7755,.T.);
#7808 = ORIENTED_EDGE('',*,*,#7541,.F.);
#7809 = PLANE('',#7810);
#7810 = AXIS2_PLACEMENT_3D('',#7811,#7812,#7813);
#7811 = CARTESIAN_POINT('',(-34.,-6.,13.));
#7812 = DIRECTION('',(1.,0.,0.));
#7813 = DIRECTION('',(0.,0.,1.));
#7814 = ADVANCED_FACE('',(#7815),#7872,.T.);
#7815 = FACE_BOUND('',#7816,.T.);
#7816 = EDGE_LOOP('',(#7817,#7825,#7826,#7834,#7842,#7850,#7858,#7866));
#7817 = ORIENTED_EDGE('',*,*,#7818,.F.);
#7818 = EDGE_CURVE('',#7607,#7819,#7821,.T.);
#7819 = VERTEX_POINT('',#7820);
#7820 = CARTESIAN_POINT('',(34.,-6.,8.));
#7821 = LINE('',#7822,#7823);
#7822 = CARTESIAN_POINT('',(34.,-6.,2.));
#7823 = VECTOR('',#7824,1.);
#7824 = DIRECTION('',(0.,0.,1.));
#7825 = ORIENTED_EDGE('',*,*,#7606,.T.);
#7826 = ORIENTED_EDGE('',*,*,#7827,.T.);
#7827 = EDGE_CURVE('',#7609,#7828,#7830,.T.);
#7828 = VERTEX_POINT('',#7829);
#7829 = CARTESIAN_POINT('',(-34.,-6.,8.));
#7830 = LINE('',#7831,#7832);
#7831 = CARTESIAN_POINT('',(-34.,-6.,2.));
#7832 = VECTOR('',#7833,1.);
#7833 = DIRECTION('',(0.,0.,1.));
#7834 = ORIENTED_EDGE('',*,*,#7835,.T.);
#7835 = EDGE_CURVE('',#7828,#7836,#7838,.T.);
#7836 = VERTEX_POINT('',#7837);
#7837 = CARTESIAN_POINT('',(-33.5,-6.,8.));
#7838 = LINE('',#7839,#7840);
#7839 = CARTESIAN_POINT('',(-34.,-6.,8.));
#7840 = VECTOR('',#7841,1.);
#7841 = DIRECTION('',(1.,0.,0.));
#7842 = ORIENTED_EDGE('',*,*,#7843,.F.);
#7843 = EDGE_CURVE('',#7844,#7836,#7846,.T.);
#7844 = VERTEX_POINT('',#7845);
#7845 = CARTESIAN_POINT('',(-33.5,-6.,7.757637719448));
#7846 = LINE('',#7847,#7848);
#7847 = CARTESIAN_POINT('',(-33.5,-6.,7.25));
#7848 = VECTOR('',#7849,1.);
#7849 = DIRECTION('',(0.,0.,1.));
#7850 = ORIENTED_EDGE('',*,*,#7851,.T.);
#7851 = EDGE_CURVE('',#7844,#7852,#7854,.T.);
#7852 = VERTEX_POINT('',#7853);
#7853 = CARTESIAN_POINT('',(33.5,-6.,7.757637719448));
#7854 = LINE('',#7855,#7856);
#7855 = CARTESIAN_POINT('',(-33.5,-6.,7.757637719448));
#7856 = VECTOR('',#7857,1.);
#7857 = DIRECTION('',(1.,0.,0.));
#7858 = ORIENTED_EDGE('',*,*,#7859,.T.);
#7859 = EDGE_CURVE('',#7852,#7860,#7862,.T.);
#7860 = VERTEX_POINT('',#7861);
#7861 = CARTESIAN_POINT('',(33.5,-6.,8.));
#7862 = LINE('',#7863,#7864);
#7863 = CARTESIAN_POINT('',(33.5,-6.,7.25));
#7864 = VECTOR('',#7865,1.);
#7865 = DIRECTION('',(0.,0.,1.));
#7866 = ORIENTED_EDGE('',*,*,#7867,.T.);
#7867 = EDGE_CURVE('',#7860,#7819,#7868,.T.);
#7868 = LINE('',#7869,#7870);
#7869 = CARTESIAN_POINT('',(-34.,-6.,8.));
#7870 = VECTOR('',#7871,1.);
#7871 = DIRECTION('',(1.,0.,0.));
#7872 = PLANE('',#7873);
#7873 = AXIS2_PLACEMENT_3D('',#7874,#7875,#7876);
#7874 = CARTESIAN_POINT('',(-34.,-6.,2.));
#7875 = DIRECTION('',(0.,1.,0.));
#7876 = DIRECTION('',(0.,0.,1.));
#7877 = ADVANCED_FACE('',(#7878),#7896,.F.);
#7878 = FACE_BOUND('',#7879,.F.);
#7879 = EDGE_LOOP('',(#7880,#7881,#7882,#7890));
#7880 = ORIENTED_EDGE('',*,*,#7818,.F.);
#7881 = ORIENTED_EDGE('',*,*,#7632,.T.);
#7882 = ORIENTED_EDGE('',*,*,#7883,.T.);
#7883 = EDGE_CURVE('',#7625,#7884,#7886,.T.);
#7884 = VERTEX_POINT('',#7885);
#7885 = CARTESIAN_POINT('',(34.,30.,8.));
#7886 = LINE('',#7887,#7888);
#7887 = CARTESIAN_POINT('',(34.,30.,2.));
#7888 = VECTOR('',#7889,1.);
#7889 = DIRECTION('',(0.,0.,1.));
#7890 = ORIENTED_EDGE('',*,*,#7891,.F.);
#7891 = EDGE_CURVE('',#7819,#7884,#7892,.T.);
#7892 = LINE('',#7893,#7894);
#7893 = CARTESIAN_POINT('',(34.,-6.,8.));
#7894 = VECTOR('',#7895,1.);
#7895 = DIRECTION('',(0.,1.,0.));
#7896 = PLANE('',#7897);
#7897 = AXIS2_PLACEMENT_3D('',#7898,#7899,#7900);
#7898 = CARTESIAN_POINT('',(34.,-6.,2.));
#7899 = DIRECTION('',(1.,0.,0.));
#7900 = DIRECTION('',(0.,0.,1.));
#7901 = ADVANCED_FACE('',(#7902),#7952,.F.);
#7902 = FACE_BOUND('',#7903,.F.);
#7903 = EDGE_LOOP('',(#7904,#7905,#7906,#7914,#7922,#7930,#7938,#7946));
#7904 = ORIENTED_EDGE('',*,*,#7883,.F.);
#7905 = ORIENTED_EDGE('',*,*,#7624,.T.);
#7906 = ORIENTED_EDGE('',*,*,#7907,.T.);
#7907 = EDGE_CURVE('',#7617,#7908,#7910,.T.);
#7908 = VERTEX_POINT('',#7909);
#7909 = CARTESIAN_POINT('',(-34.,30.,8.));
#7910 = LINE('',#7911,#7912);
#7911 = CARTESIAN_POINT('',(-34.,30.,2.));
#7912 = VECTOR('',#7913,1.);
#7913 = DIRECTION('',(0.,0.,1.));
#7914 = ORIENTED_EDGE('',*,*,#7915,.T.);
#7915 = EDGE_CURVE('',#7908,#7916,#7918,.T.);
#7916 = VERTEX_POINT('',#7917);
#7917 = CARTESIAN_POINT('',(-33.5,30.,8.));
#7918 = LINE('',#7919,#7920);
#7919 = CARTESIAN_POINT('',(-34.,30.,8.));
#7920 = VECTOR('',#7921,1.);
#7921 = DIRECTION('',(1.,0.,0.));
#7922 = ORIENTED_EDGE('',*,*,#7923,.F.);
#7923 = EDGE_CURVE('',#7924,#7916,#7926,.T.);
#7924 = VERTEX_POINT('',#7925);
#7925 = CARTESIAN_POINT('',(-33.5,30.,7.757637719448));
#7926 = LINE('',#7927,#7928);
#7927 = CARTESIAN_POINT('',(-33.5,30.,7.25));
#7928 = VECTOR('',#7929,1.);
#7929 = DIRECTION('',(0.,0.,1.));
#7930 = ORIENTED_EDGE('',*,*,#7931,.T.);
#7931 = EDGE_CURVE('',#7924,#7932,#7934,.T.);
#7932 = VERTEX_POINT('',#7933);
#7933 = CARTESIAN_POINT('',(33.5,30.,7.757637719448));
#7934 = LINE('',#7935,#7936);
#7935 = CARTESIAN_POINT('',(-33.5,30.,7.757637719448));
#7936 = VECTOR('',#7937,1.);
#7937 = DIRECTION('',(1.,0.,0.));
#7938 = ORIENTED_EDGE('',*,*,#7939,.T.);
#7939 = EDGE_CURVE('',#7932,#7940,#7942,.T.);
#7940 = VERTEX_POINT('',#7941);
#7941 = CARTESIAN_POINT('',(33.5,30.,8.));
#7942 = LINE('',#7943,#7944);
#7943 = CARTESIAN_POINT('',(33.5,30.,7.25));
#7944 = VECTOR('',#7945,1.);
#7945 = DIRECTION('',(0.,0.,1.));
#7946 = ORIENTED_EDGE('',*,*,#7947,.T.);
#7947 = EDGE_CURVE('',#7940,#7884,#7948,.T.);
#7948 = LINE('',#7949,#7950);
#7949 = CARTESIAN_POINT('',(-34.,30.,8.));
#7950 = VECTOR('',#7951,1.);
#7951 = DIRECTION('',(1.,0.,0.));
#7952 = PLANE('',#7953);
#7953 = AXIS2_PLACEMENT_3D('',#7954,#7955,#7956);
#7954 = CARTESIAN_POINT('',(-34.,30.,2.));
#7955 = DIRECTION('',(0.,1.,0.));
#7956 = DIRECTION('',(0.,0.,1.));
#7957 = ADVANCED_FACE('',(#7958),#7969,.T.);
#7958 = FACE_BOUND('',#7959,.T.);
#7959 = EDGE_LOOP('',(#7960,#7961,#7962,#7963));
#7960 = ORIENTED_EDGE('',*,*,#7827,.F.);
#7961 = ORIENTED_EDGE('',*,*,#7616,.T.);
#7962 = ORIENTED_EDGE('',*,*,#7907,.T.);
#7963 = ORIENTED_EDGE('',*,*,#7964,.F.);
#7964 = EDGE_CURVE('',#7828,#7908,#7965,.T.);
#7965 = LINE('',#7966,#7967);
#7966 = CARTESIAN_POINT('',(-34.,-6.,8.));
#7967 = VECTOR('',#7968,1.);
#7968 = DIRECTION('',(0.,1.,0.));
#7969 = PLANE('',#7970);
#7970 = AXIS2_PLACEMENT_3D('',#7971,#7972,#7973);
#7971 = CARTESIAN_POINT('',(-34.,-6.,2.));
#7972 = DIRECTION('',(1.,0.,0.));
#7973 = DIRECTION('',(0.,0.,1.));
#7974 = ADVANCED_FACE('',(#7975),#8027,.T.);
#7975 = FACE_BOUND('',#7976,.T.);
#7976 = EDGE_LOOP('',(#7977,#7978,#7979,#7980,#7988,#7996,#8002,#8003,
    #8004,#8005,#8013,#8021));
#7977 = ORIENTED_EDGE('',*,*,#7745,.F.);
#7978 = ORIENTED_EDGE('',*,*,#7802,.F.);
#7979 = ORIENTED_EDGE('',*,*,#7658,.T.);
#7980 = ORIENTED_EDGE('',*,*,#7981,.F.);
#7981 = EDGE_CURVE('',#7982,#7661,#7984,.T.);
#7982 = VERTEX_POINT('',#7983);
#7983 = CARTESIAN_POINT('',(-33.5,11.286549412995,13.));
#7984 = LINE('',#7985,#7986);
#7985 = CARTESIAN_POINT('',(-33.5,-2.,13.));
#7986 = VECTOR('',#7987,1.);
#7987 = DIRECTION('',(0.,-1.,0.));
#7988 = ORIENTED_EDGE('',*,*,#7989,.T.);
#7989 = EDGE_CURVE('',#7982,#7990,#7992,.T.);
#7990 = VERTEX_POINT('',#7991);
#7991 = CARTESIAN_POINT('',(33.5,11.286549412995,13.));
#7992 = LINE('',#7993,#7994);
#7993 = CARTESIAN_POINT('',(-33.5,11.286549412995,13.));
#7994 = VECTOR('',#7995,1.);
#7995 = DIRECTION('',(1.,0.,0.));
#7996 = ORIENTED_EDGE('',*,*,#7997,.T.);
#7997 = EDGE_CURVE('',#7990,#7684,#7998,.T.);
#7998 = LINE('',#7999,#8000);
#7999 = CARTESIAN_POINT('',(33.5,-2.,13.));
#8000 = VECTOR('',#8001,1.);
#8001 = DIRECTION('',(0.,-1.,0.));
#8002 = ORIENTED_EDGE('',*,*,#7683,.T.);
#8003 = ORIENTED_EDGE('',*,*,#7722,.T.);
#8004 = ORIENTED_EDGE('',*,*,#7763,.F.);
#8005 = ORIENTED_EDGE('',*,*,#8006,.T.);
#8006 = EDGE_CURVE('',#7764,#8007,#8009,.T.);
#8007 = VERTEX_POINT('',#8008);
#8008 = CARTESIAN_POINT('',(33.5,12.713450587005,13.));
#8009 = LINE('',#8010,#8011);
#8010 = CARTESIAN_POINT('',(33.5,8.,13.));
#8011 = VECTOR('',#8012,1.);
#8012 = DIRECTION('',(0.,-1.,0.));
#8013 = ORIENTED_EDGE('',*,*,#8014,.F.);
#8014 = EDGE_CURVE('',#8015,#8007,#8017,.T.);
#8015 = VERTEX_POINT('',#8016);
#8016 = CARTESIAN_POINT('',(-33.5,12.713450587005,13.));
#8017 = LINE('',#8018,#8019);
#8018 = CARTESIAN_POINT('',(-33.5,12.713450587005,13.));
#8019 = VECTOR('',#8020,1.);
#8020 = DIRECTION('',(1.,0.,0.));
#8021 = ORIENTED_EDGE('',*,*,#8022,.F.);
#8022 = EDGE_CURVE('',#7748,#8015,#8023,.T.);
#8023 = LINE('',#8024,#8025);
#8024 = CARTESIAN_POINT('',(-33.5,8.,13.));
#8025 = VECTOR('',#8026,1.);
#8026 = DIRECTION('',(0.,-1.,0.));
#8027 = PLANE('',#8028);
#8028 = AXIS2_PLACEMENT_3D('',#8029,#8030,#8031);
#8029 = CARTESIAN_POINT('',(-34.,-6.,13.));
#8030 = DIRECTION('',(0.,0.,1.));
#8031 = DIRECTION('',(1.,0.,0.));
#8032 = ADVANCED_FACE('',(#8033),#8060,.T.);
#8033 = FACE_BOUND('',#8034,.T.);
#8034 = EDGE_LOOP('',(#8035,#8036,#8037,#8044,#8045,#8053));
#8035 = ORIENTED_EDGE('',*,*,#7981,.T.);
#8036 = ORIENTED_EDGE('',*,*,#7707,.T.);
#8037 = ORIENTED_EDGE('',*,*,#8038,.T.);
#8038 = EDGE_CURVE('',#7700,#7844,#8039,.T.);
#8039 = CIRCLE('',#8040,9.3);
#8040 = AXIS2_PLACEMENT_3D('',#8041,#8042,#8043);
#8041 = CARTESIAN_POINT('',(-33.5,2.,12.5));
#8042 = DIRECTION('',(1.,0.,-0.));
#8043 = DIRECTION('',(0.,0.,1.));
#8044 = ORIENTED_EDGE('',*,*,#7843,.T.);
#8045 = ORIENTED_EDGE('',*,*,#8046,.F.);
#8046 = EDGE_CURVE('',#8047,#7836,#8049,.T.);
#8047 = VERTEX_POINT('',#8048);
#8048 = CARTESIAN_POINT('',(-33.5,10.13879597975,8.));
#8049 = LINE('',#8050,#8051);
#8050 = CARTESIAN_POINT('',(-33.5,-2.,8.));
#8051 = VECTOR('',#8052,1.);
#8052 = DIRECTION('',(0.,-1.,0.));
#8053 = ORIENTED_EDGE('',*,*,#8054,.T.);
#8054 = EDGE_CURVE('',#8047,#7982,#8055,.T.);
#8055 = CIRCLE('',#8056,9.3);
#8056 = AXIS2_PLACEMENT_3D('',#8057,#8058,#8059);
#8057 = CARTESIAN_POINT('',(-33.5,2.,12.5));
#8058 = DIRECTION('',(1.,0.,-0.));
#8059 = DIRECTION('',(0.,0.,1.));
#8060 = PLANE('',#8061);
#8061 = AXIS2_PLACEMENT_3D('',#8062,#8063,#8064);
#8062 = CARTESIAN_POINT('',(-33.5,2.,12.5));
#8063 = DIRECTION('',(1.,0.,0.));
#8064 = DIRECTION('',(0.,0.,1.));
#8065 = ADVANCED_FACE('',(#8066),#8078,.F.);
#8066 = FACE_BOUND('',#8067,.F.);
#8067 = EDGE_LOOP('',(#8068,#8075,#8076,#8077));
#8068 = ORIENTED_EDGE('',*,*,#8069,.F.);
#8069 = EDGE_CURVE('',#7692,#7852,#8070,.T.);
#8070 = CIRCLE('',#8071,9.3);
#8071 = AXIS2_PLACEMENT_3D('',#8072,#8073,#8074);
#8072 = CARTESIAN_POINT('',(33.5,2.,12.5));
#8073 = DIRECTION('',(1.,0.,-0.));
#8074 = DIRECTION('',(0.,0.,1.));
#8075 = ORIENTED_EDGE('',*,*,#7699,.F.);
#8076 = ORIENTED_EDGE('',*,*,#8038,.T.);
#8077 = ORIENTED_EDGE('',*,*,#7851,.T.);
#8078 = CYLINDRICAL_SURFACE('',#8079,9.3);
#8079 = AXIS2_PLACEMENT_3D('',#8080,#8081,#8082);
#8080 = CARTESIAN_POINT('',(-33.5,2.,12.5));
#8081 = DIRECTION('',(1.,0.,0.));
#8082 = DIRECTION('',(0.,0.,1.));
#8083 = ADVANCED_FACE('',(#8084),#8105,.F.);
#8084 = FACE_BOUND('',#8085,.F.);
#8085 = EDGE_LOOP('',(#8086,#8087,#8088,#8089,#8090,#8098));
#8086 = ORIENTED_EDGE('',*,*,#7997,.T.);
#8087 = ORIENTED_EDGE('',*,*,#7691,.T.);
#8088 = ORIENTED_EDGE('',*,*,#8069,.T.);
#8089 = ORIENTED_EDGE('',*,*,#7859,.T.);
#8090 = ORIENTED_EDGE('',*,*,#8091,.F.);
#8091 = EDGE_CURVE('',#8092,#7860,#8094,.T.);
#8092 = VERTEX_POINT('',#8093);
#8093 = CARTESIAN_POINT('',(33.5,10.13879597975,8.));
#8094 = LINE('',#8095,#8096);
#8095 = CARTESIAN_POINT('',(33.5,-2.,8.));
#8096 = VECTOR('',#8097,1.);
#8097 = DIRECTION('',(0.,-1.,0.));
#8098 = ORIENTED_EDGE('',*,*,#8099,.T.);
#8099 = EDGE_CURVE('',#8092,#7990,#8100,.T.);
#8100 = CIRCLE('',#8101,9.3);
#8101 = AXIS2_PLACEMENT_3D('',#8102,#8103,#8104);
#8102 = CARTESIAN_POINT('',(33.5,2.,12.5));
#8103 = DIRECTION('',(1.,0.,-0.));
#8104 = DIRECTION('',(0.,0.,1.));
#8105 = PLANE('',#8106);
#8106 = AXIS2_PLACEMENT_3D('',#8107,#8108,#8109);
#8107 = CARTESIAN_POINT('',(33.5,2.,12.5));
#8108 = DIRECTION('',(1.,0.,0.));
#8109 = DIRECTION('',(0.,0.,1.));
#8110 = ADVANCED_FACE('',(#8111),#8138,.T.);
#8111 = FACE_BOUND('',#8112,.T.);
#8112 = EDGE_LOOP('',(#8113,#8114,#8115,#8124,#8130,#8131));
#8113 = ORIENTED_EDGE('',*,*,#7787,.F.);
#8114 = ORIENTED_EDGE('',*,*,#8022,.T.);
#8115 = ORIENTED_EDGE('',*,*,#8116,.T.);
#8116 = EDGE_CURVE('',#8015,#8117,#8119,.T.);
#8117 = VERTEX_POINT('',#8118);
#8118 = CARTESIAN_POINT('',(-33.5,13.86120402025,8.));
#8119 = CIRCLE('',#8120,9.3);
#8120 = AXIS2_PLACEMENT_3D('',#8121,#8122,#8123);
#8121 = CARTESIAN_POINT('',(-33.5,22.,12.5));
#8122 = DIRECTION('',(1.,0.,-0.));
#8123 = DIRECTION('',(0.,0.,1.));
#8124 = ORIENTED_EDGE('',*,*,#8125,.F.);
#8125 = EDGE_CURVE('',#7916,#8117,#8126,.T.);
#8126 = LINE('',#8127,#8128);
#8127 = CARTESIAN_POINT('',(-33.5,8.,8.));
#8128 = VECTOR('',#8129,1.);
#8129 = DIRECTION('',(0.,-1.,0.));
#8130 = ORIENTED_EDGE('',*,*,#7923,.F.);
#8131 = ORIENTED_EDGE('',*,*,#8132,.T.);
#8132 = EDGE_CURVE('',#7924,#7780,#8133,.T.);
#8133 = CIRCLE('',#8134,9.3);
#8134 = AXIS2_PLACEMENT_3D('',#8135,#8136,#8137);
#8135 = CARTESIAN_POINT('',(-33.5,22.,12.5));
#8136 = DIRECTION('',(1.,0.,-0.));
#8137 = DIRECTION('',(0.,0.,1.));
#8138 = PLANE('',#8139);
#8139 = AXIS2_PLACEMENT_3D('',#8140,#8141,#8142);
#8140 = CARTESIAN_POINT('',(-33.5,22.,12.5));
#8141 = DIRECTION('',(1.,0.,0.));
#8142 = DIRECTION('',(0.,0.,1.));
#8143 = ADVANCED_FACE('',(#8144),#8156,.F.);
#8144 = FACE_BOUND('',#8145,.F.);
#8145 = EDGE_LOOP('',(#8146,#8153,#8154,#8155));
#8146 = ORIENTED_EDGE('',*,*,#8147,.F.);
#8147 = EDGE_CURVE('',#7932,#7772,#8148,.T.);
#8148 = CIRCLE('',#8149,9.3);
#8149 = AXIS2_PLACEMENT_3D('',#8150,#8151,#8152);
#8150 = CARTESIAN_POINT('',(33.5,22.,12.5));
#8151 = DIRECTION('',(1.,0.,-0.));
#8152 = DIRECTION('',(0.,0.,1.));
#8153 = ORIENTED_EDGE('',*,*,#7931,.F.);
#8154 = ORIENTED_EDGE('',*,*,#8132,.T.);
#8155 = ORIENTED_EDGE('',*,*,#7779,.T.);
#8156 = CYLINDRICAL_SURFACE('',#8157,9.3);
#8157 = AXIS2_PLACEMENT_3D('',#8158,#8159,#8160);
#8158 = CARTESIAN_POINT('',(-33.5,22.,12.5));
#8159 = DIRECTION('',(1.,0.,0.));
#8160 = DIRECTION('',(0.,0.,1.));
#8161 = ADVANCED_FACE('',(#8162),#8183,.F.);
#8162 = FACE_BOUND('',#8163,.F.);
#8163 = EDGE_LOOP('',(#8164,#8165,#8166,#8175,#8181,#8182));
#8164 = ORIENTED_EDGE('',*,*,#7771,.F.);
#8165 = ORIENTED_EDGE('',*,*,#8006,.T.);
#8166 = ORIENTED_EDGE('',*,*,#8167,.T.);
#8167 = EDGE_CURVE('',#8007,#8168,#8170,.T.);
#8168 = VERTEX_POINT('',#8169);
#8169 = CARTESIAN_POINT('',(33.5,13.86120402025,8.));
#8170 = CIRCLE('',#8171,9.3);
#8171 = AXIS2_PLACEMENT_3D('',#8172,#8173,#8174);
#8172 = CARTESIAN_POINT('',(33.5,22.,12.5));
#8173 = DIRECTION('',(1.,0.,-0.));
#8174 = DIRECTION('',(0.,0.,1.));
#8175 = ORIENTED_EDGE('',*,*,#8176,.F.);
#8176 = EDGE_CURVE('',#7940,#8168,#8177,.T.);
#8177 = LINE('',#8178,#8179);
#8178 = CARTESIAN_POINT('',(33.5,8.,8.));
#8179 = VECTOR('',#8180,1.);
#8180 = DIRECTION('',(0.,-1.,0.));
#8181 = ORIENTED_EDGE('',*,*,#7939,.F.);
#8182 = ORIENTED_EDGE('',*,*,#8147,.T.);
#8183 = PLANE('',#8184);
#8184 = AXIS2_PLACEMENT_3D('',#8185,#8186,#8187);
#8185 = CARTESIAN_POINT('',(33.5,22.,12.5));
#8186 = DIRECTION('',(1.,0.,0.));
#8187 = DIRECTION('',(0.,0.,1.));
#8188 = ADVANCED_FACE('',(#8189),#8213,.F.);
#8189 = FACE_BOUND('',#8190,.F.);
#8190 = EDGE_LOOP('',(#8191,#8192,#8193,#8194,#8195,#8201,#8202,#8203,
    #8204,#8205,#8206,#8212));
#8191 = ORIENTED_EDGE('',*,*,#7915,.F.);
#8192 = ORIENTED_EDGE('',*,*,#7964,.F.);
#8193 = ORIENTED_EDGE('',*,*,#7835,.T.);
#8194 = ORIENTED_EDGE('',*,*,#8046,.F.);
#8195 = ORIENTED_EDGE('',*,*,#8196,.T.);
#8196 = EDGE_CURVE('',#8047,#8092,#8197,.T.);
#8197 = LINE('',#8198,#8199);
#8198 = CARTESIAN_POINT('',(-33.5,10.13879597975,8.));
#8199 = VECTOR('',#8200,1.);
#8200 = DIRECTION('',(1.,0.,0.));
#8201 = ORIENTED_EDGE('',*,*,#8091,.T.);
#8202 = ORIENTED_EDGE('',*,*,#7867,.T.);
#8203 = ORIENTED_EDGE('',*,*,#7891,.T.);
#8204 = ORIENTED_EDGE('',*,*,#7947,.F.);
#8205 = ORIENTED_EDGE('',*,*,#8176,.T.);
#8206 = ORIENTED_EDGE('',*,*,#8207,.F.);
#8207 = EDGE_CURVE('',#8117,#8168,#8208,.T.);
#8208 = LINE('',#8209,#8210);
#8209 = CARTESIAN_POINT('',(-33.5,13.86120402025,8.));
#8210 = VECTOR('',#8211,1.);
#8211 = DIRECTION('',(1.,0.,0.));
#8212 = ORIENTED_EDGE('',*,*,#8125,.F.);
#8213 = PLANE('',#8214);
#8214 = AXIS2_PLACEMENT_3D('',#8215,#8216,#8217);
#8215 = CARTESIAN_POINT('',(-34.,-6.,8.));
#8216 = DIRECTION('',(0.,0.,1.));
#8217 = DIRECTION('',(1.,0.,0.));
#8218 = ADVANCED_FACE('',(#8219),#8225,.F.);
#8219 = FACE_BOUND('',#8220,.F.);
#8220 = EDGE_LOOP('',(#8221,#8222,#8223,#8224));
#8221 = ORIENTED_EDGE('',*,*,#8167,.F.);
#8222 = ORIENTED_EDGE('',*,*,#8014,.F.);
#8223 = ORIENTED_EDGE('',*,*,#8116,.T.);
#8224 = ORIENTED_EDGE('',*,*,#8207,.T.);
#8225 = CYLINDRICAL_SURFACE('',#8226,9.3);
#8226 = AXIS2_PLACEMENT_3D('',#8227,#8228,#8229);
#8227 = CARTESIAN_POINT('',(-33.5,22.,12.5));
#8228 = DIRECTION('',(1.,0.,0.));
#8229 = DIRECTION('',(0.,0.,1.));
#8230 = ADVANCED_FACE('',(#8231),#8237,.F.);
#8231 = FACE_BOUND('',#8232,.F.);
#8232 = EDGE_LOOP('',(#8233,#8234,#8235,#8236));
#8233 = ORIENTED_EDGE('',*,*,#8099,.F.);
#8234 = ORIENTED_EDGE('',*,*,#8196,.F.);
#8235 = ORIENTED_EDGE('',*,*,#8054,.T.);
#8236 = ORIENTED_EDGE('',*,*,#7989,.T.);
#8237 = CYLINDRICAL_SURFACE('',#8238,9.3);
#8238 = AXIS2_PLACEMENT_3D('',#8239,#8240,#8241);
#8239 = CARTESIAN_POINT('',(-33.5,2.,12.5));
#8240 = DIRECTION('',(1.,0.,0.));
#8241 = DIRECTION('',(0.,0.,1.));
#8242 = MANIFOLD_SOLID_BREP('',#8243);
#8243 = CLOSED_SHELL('',(#8244,#8277,#8297,#8306,#8331));
#8244 = ADVANCED_FACE('',(#8245),#8272,.T.);
#8245 = FACE_BOUND('',#8246,.T.);
#8246 = EDGE_LOOP('',(#8247,#8256,#8264,#8271));
#8247 = ORIENTED_EDGE('',*,*,#8248,.F.);
#8248 = EDGE_CURVE('',#8249,#8249,#8251,.T.);
#8249 = VERTEX_POINT('',#8250);
#8250 = CARTESIAN_POINT('',(32.5,2.,21.5));
#8251 = CIRCLE('',#8252,9.);
#8252 = AXIS2_PLACEMENT_3D('',#8253,#8254,#8255);
#8253 = CARTESIAN_POINT('',(32.5,2.,12.5));
#8254 = DIRECTION('',(1.,0.,-0.));
#8255 = DIRECTION('',(0.,0.,1.));
#8256 = ORIENTED_EDGE('',*,*,#8257,.F.);
#8257 = EDGE_CURVE('',#8258,#8249,#8260,.T.);
#8258 = VERTEX_POINT('',#8259);
#8259 = CARTESIAN_POINT('',(-32.5,2.,21.5));
#8260 = LINE('',#8261,#8262);
#8261 = CARTESIAN_POINT('',(-32.5,2.,21.5));
#8262 = VECTOR('',#8263,1.);
#8263 = DIRECTION('',(1.,0.,0.));
#8264 = ORIENTED_EDGE('',*,*,#8265,.T.);
#8265 = EDGE_CURVE('',#8258,#8258,#8266,.T.);
#8266 = CIRCLE('',#8267,9.);
#8267 = AXIS2_PLACEMENT_3D('',#8268,#8269,#8270);
#8268 = CARTESIAN_POINT('',(-32.5,2.,12.5));
#8269 = DIRECTION('',(1.,0.,-0.));
#8270 = DIRECTION('',(0.,0.,1.));
#8271 = ORIENTED_EDGE('',*,*,#8257,.T.);
#8272 = CYLINDRICAL_SURFACE('',#8273,9.);
#8273 = AXIS2_PLACEMENT_3D('',#8274,#8275,#8276);
#8274 = CARTESIAN_POINT('',(-32.5,2.,12.5));
#8275 = DIRECTION('',(1.,0.,0.));
#8276 = DIRECTION('',(0.,0.,1.));
#8277 = ADVANCED_FACE('',(#8278,#8281),#8292,.T.);
#8278 = FACE_BOUND('',#8279,.T.);
#8279 = EDGE_LOOP('',(#8280));
#8280 = ORIENTED_EDGE('',*,*,#8248,.T.);
#8281 = FACE_BOUND('',#8282,.T.);
#8282 = EDGE_LOOP('',(#8283));
#8283 = ORIENTED_EDGE('',*,*,#8284,.F.);
#8284 = EDGE_CURVE('',#8285,#8285,#8287,.T.);
#8285 = VERTEX_POINT('',#8286);
#8286 = CARTESIAN_POINT('',(32.5,2.,15.5));
#8287 = CIRCLE('',#8288,3.);
#8288 = AXIS2_PLACEMENT_3D('',#8289,#8290,#8291);
#8289 = CARTESIAN_POINT('',(32.5,2.,12.5));
#8290 = DIRECTION('',(1.,0.,-0.));
#8291 = DIRECTION('',(0.,0.,1.));
#8292 = PLANE('',#8293);
#8293 = AXIS2_PLACEMENT_3D('',#8294,#8295,#8296);
#8294 = CARTESIAN_POINT('',(32.5,2.,12.5));
#8295 = DIRECTION('',(1.,0.,0.));
#8296 = DIRECTION('',(0.,0.,1.));
#8297 = ADVANCED_FACE('',(#8298),#8301,.F.);
#8298 = FACE_BOUND('',#8299,.T.);
#8299 = EDGE_LOOP('',(#8300));
#8300 = ORIENTED_EDGE('',*,*,#8265,.F.);
#8301 = PLANE('',#8302);
#8302 = AXIS2_PLACEMENT_3D('',#8303,#8304,#8305);
#8303 = CARTESIAN_POINT('',(-32.5,2.,12.5));
#8304 = DIRECTION('',(1.,0.,0.));
#8305 = DIRECTION('',(0.,0.,1.));
#8306 = ADVANCED_FACE('',(#8307),#8326,.T.);
#8307 = FACE_BOUND('',#8308,.T.);
#8308 = EDGE_LOOP('',(#8309,#8318,#8324,#8325));
#8309 = ORIENTED_EDGE('',*,*,#8310,.F.);
#8310 = EDGE_CURVE('',#8311,#8311,#8313,.T.);
#8311 = VERTEX_POINT('',#8312);
#8312 = CARTESIAN_POINT('',(34.3,2.,15.5));
#8313 = CIRCLE('',#8314,3.);
#8314 = AXIS2_PLACEMENT_3D('',#8315,#8316,#8317);
#8315 = CARTESIAN_POINT('',(34.3,2.,12.5));
#8316 = DIRECTION('',(1.,0.,-0.));
#8317 = DIRECTION('',(0.,0.,1.));
#8318 = ORIENTED_EDGE('',*,*,#8319,.F.);
#8319 = EDGE_CURVE('',#8285,#8311,#8320,.T.);
#8320 = LINE('',#8321,#8322);
#8321 = CARTESIAN_POINT('',(32.5,2.,15.5));
#8322 = VECTOR('',#8323,1.);
#8323 = DIRECTION('',(1.,0.,0.));
#8324 = ORIENTED_EDGE('',*,*,#8284,.T.);
#8325 = ORIENTED_EDGE('',*,*,#8319,.T.);
#8326 = CYLINDRICAL_SURFACE('',#8327,3.);
#8327 = AXIS2_PLACEMENT_3D('',#8328,#8329,#8330);
#8328 = CARTESIAN_POINT('',(32.5,2.,12.5));
#8329 = DIRECTION('',(1.,0.,0.));
#8330 = DIRECTION('',(0.,0.,1.));
#8331 = ADVANCED_FACE('',(#8332),#8335,.T.);
#8332 = FACE_BOUND('',#8333,.T.);
#8333 = EDGE_LOOP('',(#8334));
#8334 = ORIENTED_EDGE('',*,*,#8310,.T.);
#8335 = PLANE('',#8336);
#8336 = AXIS2_PLACEMENT_3D('',#8337,#8338,#8339);
#8337 = CARTESIAN_POINT('',(34.3,2.,12.5));
#8338 = DIRECTION('',(1.,0.,0.));
#8339 = DIRECTION('',(0.,0.,1.));
#8340 = MANIFOLD_SOLID_BREP('',#8341);
#8341 = CLOSED_SHELL('',(#8342,#8375,#8395,#8404,#8429));
#8342 = ADVANCED_FACE('',(#8343),#8370,.T.);
#8343 = FACE_BOUND('',#8344,.T.);
#8344 = EDGE_LOOP('',(#8345,#8354,#8362,#8369));
#8345 = ORIENTED_EDGE('',*,*,#8346,.F.);
#8346 = EDGE_CURVE('',#8347,#8347,#8349,.T.);
#8347 = VERTEX_POINT('',#8348);
#8348 = CARTESIAN_POINT('',(32.5,22.,21.5));
#8349 = CIRCLE('',#8350,9.);
#8350 = AXIS2_PLACEMENT_3D('',#8351,#8352,#8353);
#8351 = CARTESIAN_POINT('',(32.5,22.,12.5));
#8352 = DIRECTION('',(1.,0.,-0.));
#8353 = DIRECTION('',(0.,0.,1.));
#8354 = ORIENTED_EDGE('',*,*,#8355,.F.);
#8355 = EDGE_CURVE('',#8356,#8347,#8358,.T.);
#8356 = VERTEX_POINT('',#8357);
#8357 = CARTESIAN_POINT('',(-32.5,22.,21.5));
#8358 = LINE('',#8359,#8360);
#8359 = CARTESIAN_POINT('',(-32.5,22.,21.5));
#8360 = VECTOR('',#8361,1.);
#8361 = DIRECTION('',(1.,0.,0.));
#8362 = ORIENTED_EDGE('',*,*,#8363,.T.);
#8363 = EDGE_CURVE('',#8356,#8356,#8364,.T.);
#8364 = CIRCLE('',#8365,9.);
#8365 = AXIS2_PLACEMENT_3D('',#8366,#8367,#8368);
#8366 = CARTESIAN_POINT('',(-32.5,22.,12.5));
#8367 = DIRECTION('',(1.,0.,-0.));
#8368 = DIRECTION('',(0.,0.,1.));
#8369 = ORIENTED_EDGE('',*,*,#8355,.T.);
#8370 = CYLINDRICAL_SURFACE('',#8371,9.);
#8371 = AXIS2_PLACEMENT_3D('',#8372,#8373,#8374);
#8372 = CARTESIAN_POINT('',(-32.5,22.,12.5));
#8373 = DIRECTION('',(1.,0.,0.));
#8374 = DIRECTION('',(0.,0.,1.));
#8375 = ADVANCED_FACE('',(#8376,#8379),#8390,.T.);
#8376 = FACE_BOUND('',#8377,.T.);
#8377 = EDGE_LOOP('',(#8378));
#8378 = ORIENTED_EDGE('',*,*,#8346,.T.);
#8379 = FACE_BOUND('',#8380,.T.);
#8380 = EDGE_LOOP('',(#8381));
#8381 = ORIENTED_EDGE('',*,*,#8382,.F.);
#8382 = EDGE_CURVE('',#8383,#8383,#8385,.T.);
#8383 = VERTEX_POINT('',#8384);
#8384 = CARTESIAN_POINT('',(32.5,22.,15.5));
#8385 = CIRCLE('',#8386,3.);
#8386 = AXIS2_PLACEMENT_3D('',#8387,#8388,#8389);
#8387 = CARTESIAN_POINT('',(32.5,22.,12.5));
#8388 = DIRECTION('',(1.,0.,-0.));
#8389 = DIRECTION('',(0.,0.,1.));
#8390 = PLANE('',#8391);
#8391 = AXIS2_PLACEMENT_3D('',#8392,#8393,#8394);
#8392 = CARTESIAN_POINT('',(32.5,22.,12.5));
#8393 = DIRECTION('',(1.,0.,0.));
#8394 = DIRECTION('',(0.,0.,1.));
#8395 = ADVANCED_FACE('',(#8396),#8399,.F.);
#8396 = FACE_BOUND('',#8397,.T.);
#8397 = EDGE_LOOP('',(#8398));
#8398 = ORIENTED_EDGE('',*,*,#8363,.F.);
#8399 = PLANE('',#8400);
#8400 = AXIS2_PLACEMENT_3D('',#8401,#8402,#8403);
#8401 = CARTESIAN_POINT('',(-32.5,22.,12.5));
#8402 = DIRECTION('',(1.,0.,0.));
#8403 = DIRECTION('',(0.,0.,1.));
#8404 = ADVANCED_FACE('',(#8405),#8424,.T.);
#8405 = FACE_BOUND('',#8406,.T.);
#8406 = EDGE_LOOP('',(#8407,#8416,#8422,#8423));
#8407 = ORIENTED_EDGE('',*,*,#8408,.F.);
#8408 = EDGE_CURVE('',#8409,#8409,#8411,.T.);
#8409 = VERTEX_POINT('',#8410);
#8410 = CARTESIAN_POINT('',(34.3,22.,15.5));
#8411 = CIRCLE('',#8412,3.);
#8412 = AXIS2_PLACEMENT_3D('',#8413,#8414,#8415);
#8413 = CARTESIAN_POINT('',(34.3,22.,12.5));
#8414 = DIRECTION('',(1.,0.,-0.));
#8415 = DIRECTION('',(0.,0.,1.));
#8416 = ORIENTED_EDGE('',*,*,#8417,.F.);
#8417 = EDGE_CURVE('',#8383,#8409,#8418,.T.);
#8418 = LINE('',#8419,#8420);
#8419 = CARTESIAN_POINT('',(32.5,22.,15.5));
#8420 = VECTOR('',#8421,1.);
#8421 = DIRECTION('',(1.,0.,0.));
#8422 = ORIENTED_EDGE('',*,*,#8382,.T.);
#8423 = ORIENTED_EDGE('',*,*,#8417,.T.);
#8424 = CYLINDRICAL_SURFACE('',#8425,3.);
#8425 = AXIS2_PLACEMENT_3D('',#8426,#8427,#8428);
#8426 = CARTESIAN_POINT('',(32.5,22.,12.5));
#8427 = DIRECTION('',(1.,0.,0.));
#8428 = DIRECTION('',(0.,0.,1.));
#8429 = ADVANCED_FACE('',(#8430),#8433,.T.);
#8430 = FACE_BOUND('',#8431,.T.);
#8431 = EDGE_LOOP('',(#8432));
#8432 = ORIENTED_EDGE('',*,*,#8408,.T.);
#8433 = PLANE('',#8434);
#8434 = AXIS2_PLACEMENT_3D('',#8435,#8436,#8437);
#8435 = CARTESIAN_POINT('',(34.3,22.,12.5));
#8436 = DIRECTION('',(1.,0.,0.));
#8437 = DIRECTION('',(0.,0.,1.));
#8438 = MANIFOLD_SOLID_BREP('',#8439);
#8439 = CLOSED_SHELL('',(#8440,#8480,#8543,#8624,#8648,#8665,#8677,#8717
    ,#8741,#8774,#8791,#8822,#8846,#8870,#8887,#8904,#8916));
#8440 = ADVANCED_FACE('',(#8441),#8475,.F.);
#8441 = FACE_BOUND('',#8442,.F.);
#8442 = EDGE_LOOP('',(#8443,#8453,#8461,#8469));
#8443 = ORIENTED_EDGE('',*,*,#8444,.F.);
#8444 = EDGE_CURVE('',#8445,#8447,#8449,.T.);
#8445 = VERTEX_POINT('',#8446);
#8446 = CARTESIAN_POINT('',(8.,-34.5,4.));
#8447 = VERTEX_POINT('',#8448);
#8448 = CARTESIAN_POINT('',(8.,-34.5,5.6));
#8449 = LINE('',#8450,#8451);
#8450 = CARTESIAN_POINT('',(8.,-34.5,4.));
#8451 = VECTOR('',#8452,1.);
#8452 = DIRECTION('',(0.,0.,1.));
#8453 = ORIENTED_EDGE('',*,*,#8454,.T.);
#8454 = EDGE_CURVE('',#8445,#8455,#8457,.T.);
#8455 = VERTEX_POINT('',#8456);
#8456 = CARTESIAN_POINT('',(8.,-17.5,4.));
#8457 = LINE('',#8458,#8459);
#8458 = CARTESIAN_POINT('',(8.,-34.5,4.));
#8459 = VECTOR('',#8460,1.);
#8460 = DIRECTION('',(0.,1.,0.));
#8461 = ORIENTED_EDGE('',*,*,#8462,.T.);
#8462 = EDGE_CURVE('',#8455,#8463,#8465,.T.);
#8463 = VERTEX_POINT('',#8464);
#8464 = CARTESIAN_POINT('',(8.,-17.5,5.6));
#8465 = LINE('',#8466,#8467);
#8466 = CARTESIAN_POINT('',(8.,-17.5,4.));
#8467 = VECTOR('',#8468,1.);
#8468 = DIRECTION('',(0.,0.,1.));
#8469 = ORIENTED_EDGE('',*,*,#8470,.F.);
#8470 = EDGE_CURVE('',#8447,#8463,#8471,.T.);
#8471 = LINE('',#8472,#8473);
#8472 = CARTESIAN_POINT('',(8.,-34.5,5.6));
#8473 = VECTOR('',#8474,1.);
#8474 = DIRECTION('',(0.,1.,0.));
#8475 = PLANE('',#8476);
#8476 = AXIS2_PLACEMENT_3D('',#8477,#8478,#8479);
#8477 = CARTESIAN_POINT('',(8.,-34.5,4.));
#8478 = DIRECTION('',(1.,0.,0.));
#8479 = DIRECTION('',(0.,0.,1.));
#8480 = ADVANCED_FACE('',(#8481),#8538,.F.);
#8481 = FACE_BOUND('',#8482,.F.);
#8482 = EDGE_LOOP('',(#8483,#8493,#8499,#8500,#8508,#8516,#8524,#8532));
#8483 = ORIENTED_EDGE('',*,*,#8484,.F.);
#8484 = EDGE_CURVE('',#8485,#8487,#8489,.T.);
#8485 = VERTEX_POINT('',#8486);
#8486 = CARTESIAN_POINT('',(36.,-34.5,4.));
#8487 = VERTEX_POINT('',#8488);
#8488 = CARTESIAN_POINT('',(36.,-34.5,5.6));
#8489 = LINE('',#8490,#8491);
#8490 = CARTESIAN_POINT('',(36.,-34.5,4.));
#8491 = VECTOR('',#8492,1.);
#8492 = DIRECTION('',(0.,0.,1.));
#8493 = ORIENTED_EDGE('',*,*,#8494,.F.);
#8494 = EDGE_CURVE('',#8445,#8485,#8495,.T.);
#8495 = LINE('',#8496,#8497);
#8496 = CARTESIAN_POINT('',(8.,-34.5,4.));
#8497 = VECTOR('',#8498,1.);
#8498 = DIRECTION('',(1.,0.,0.));
#8499 = ORIENTED_EDGE('',*,*,#8444,.T.);
#8500 = ORIENTED_EDGE('',*,*,#8501,.T.);
#8501 = EDGE_CURVE('',#8447,#8502,#8504,.T.);
#8502 = VERTEX_POINT('',#8503);
#8503 = CARTESIAN_POINT('',(17.55,-34.5,5.6));
#8504 = LINE('',#8505,#8506);
#8505 = CARTESIAN_POINT('',(8.,-34.5,5.6));
#8506 = VECTOR('',#8507,1.);
#8507 = DIRECTION('',(1.,0.,0.));
#8508 = ORIENTED_EDGE('',*,*,#8509,.T.);
#8509 = EDGE_CURVE('',#8502,#8510,#8512,.T.);
#8510 = VERTEX_POINT('',#8511);
#8511 = CARTESIAN_POINT('',(17.55,-34.5,4.5));
#8512 = LINE('',#8513,#8514);
#8513 = CARTESIAN_POINT('',(17.55,-34.5,4.25));
#8514 = VECTOR('',#8515,1.);
#8515 = DIRECTION('',(0.,0.,-1.));
#8516 = ORIENTED_EDGE('',*,*,#8517,.T.);
#8517 = EDGE_CURVE('',#8510,#8518,#8520,.T.);
#8518 = VERTEX_POINT('',#8519);
#8519 = CARTESIAN_POINT('',(26.45,-34.5,4.5));
#8520 = LINE('',#8521,#8522);
#8521 = CARTESIAN_POINT('',(12.775,-34.5,4.5));
#8522 = VECTOR('',#8523,1.);
#8523 = DIRECTION('',(1.,0.,0.));
#8524 = ORIENTED_EDGE('',*,*,#8525,.F.);
#8525 = EDGE_CURVE('',#8526,#8518,#8528,.T.);
#8526 = VERTEX_POINT('',#8527);
#8527 = CARTESIAN_POINT('',(26.45,-34.5,5.6));
#8528 = LINE('',#8529,#8530);
#8529 = CARTESIAN_POINT('',(26.45,-34.5,4.25));
#8530 = VECTOR('',#8531,1.);
#8531 = DIRECTION('',(0.,0.,-1.));
#8532 = ORIENTED_EDGE('',*,*,#8533,.T.);
#8533 = EDGE_CURVE('',#8526,#8487,#8534,.T.);
#8534 = LINE('',#8535,#8536);
#8535 = CARTESIAN_POINT('',(8.,-34.5,5.6));
#8536 = VECTOR('',#8537,1.);
#8537 = DIRECTION('',(1.,0.,0.));
#8538 = PLANE('',#8539);
#8539 = AXIS2_PLACEMENT_3D('',#8540,#8541,#8542);
#8540 = CARTESIAN_POINT('',(8.,-34.5,4.));
#8541 = DIRECTION('',(0.,1.,0.));
#8542 = DIRECTION('',(0.,0.,1.));
#8543 = ADVANCED_FACE('',(#8544,#8585),#8619,.T.);
#8544 = FACE_BOUND('',#8545,.T.);
#8545 = EDGE_LOOP('',(#8546,#8554,#8555,#8556,#8564,#8572,#8578,#8579));
#8546 = ORIENTED_EDGE('',*,*,#8547,.F.);
#8547 = EDGE_CURVE('',#8463,#8548,#8550,.T.);
#8548 = VERTEX_POINT('',#8549);
#8549 = CARTESIAN_POINT('',(36.,-17.5,5.6));
#8550 = LINE('',#8551,#8552);
#8551 = CARTESIAN_POINT('',(8.,-17.5,5.6));
#8552 = VECTOR('',#8553,1.);
#8553 = DIRECTION('',(1.,0.,0.));
#8554 = ORIENTED_EDGE('',*,*,#8470,.F.);
#8555 = ORIENTED_EDGE('',*,*,#8501,.T.);
#8556 = ORIENTED_EDGE('',*,*,#8557,.T.);
#8557 = EDGE_CURVE('',#8502,#8558,#8560,.T.);
#8558 = VERTEX_POINT('',#8559);
#8559 = CARTESIAN_POINT('',(17.55,-29.2,5.6));
#8560 = LINE('',#8561,#8562);
#8561 = CARTESIAN_POINT('',(17.55,-35.5,5.6));
#8562 = VECTOR('',#8563,1.);
#8563 = DIRECTION('',(0.,1.,0.));
#8564 = ORIENTED_EDGE('',*,*,#8565,.F.);
#8565 = EDGE_CURVE('',#8566,#8558,#8568,.T.);
#8566 = VERTEX_POINT('',#8567);
#8567 = CARTESIAN_POINT('',(26.45,-29.2,5.6));
#8568 = LINE('',#8569,#8570);
#8569 = CARTESIAN_POINT('',(12.775,-29.2,5.6));
#8570 = VECTOR('',#8571,1.);
#8571 = DIRECTION('',(-1.,0.,0.));
#8572 = ORIENTED_EDGE('',*,*,#8573,.F.);
#8573 = EDGE_CURVE('',#8526,#8566,#8574,.T.);
#8574 = LINE('',#8575,#8576);
#8575 = CARTESIAN_POINT('',(26.45,-35.5,5.6));
#8576 = VECTOR('',#8577,1.);
#8577 = DIRECTION('',(0.,1.,0.));
#8578 = ORIENTED_EDGE('',*,*,#8533,.T.);
#8579 = ORIENTED_EDGE('',*,*,#8580,.T.);
#8580 = EDGE_CURVE('',#8487,#8548,#8581,.T.);
#8581 = LINE('',#8582,#8583);
#8582 = CARTESIAN_POINT('',(36.,-34.5,5.6));
#8583 = VECTOR('',#8584,1.);
#8584 = DIRECTION('',(0.,1.,0.));
#8585 = FACE_BOUND('',#8586,.T.);
#8586 = EDGE_LOOP('',(#8587,#8597,#8605,#8613));
#8587 = ORIENTED_EDGE('',*,*,#8588,.F.);
#8588 = EDGE_CURVE('',#8589,#8591,#8593,.T.);
#8589 = VERTEX_POINT('',#8590);
#8590 = CARTESIAN_POINT('',(19.5,-27.,5.6));
#8591 = VERTEX_POINT('',#8592);
#8592 = CARTESIAN_POINT('',(24.5,-27.,5.6));
#8593 = LINE('',#8594,#8595);
#8594 = CARTESIAN_POINT('',(19.5,-27.,5.6));
#8595 = VECTOR('',#8596,1.);
#8596 = DIRECTION('',(1.,0.,0.));
#8597 = ORIENTED_EDGE('',*,*,#8598,.T.);
#8598 = EDGE_CURVE('',#8589,#8599,#8601,.T.);
#8599 = VERTEX_POINT('',#8600);
#8600 = CARTESIAN_POINT('',(19.5,-23.,5.6));
#8601 = LINE('',#8602,#8603);
#8602 = CARTESIAN_POINT('',(19.5,-27.,5.6));
#8603 = VECTOR('',#8604,1.);
#8604 = DIRECTION('',(0.,1.,0.));
#8605 = ORIENTED_EDGE('',*,*,#8606,.T.);
#8606 = EDGE_CURVE('',#8599,#8607,#8609,.T.);
#8607 = VERTEX_POINT('',#8608);
#8608 = CARTESIAN_POINT('',(24.5,-23.,5.6));
#8609 = LINE('',#8610,#8611);
#8610 = CARTESIAN_POINT('',(19.5,-23.,5.6));
#8611 = VECTOR('',#8612,1.);
#8612 = DIRECTION('',(1.,0.,0.));
#8613 = ORIENTED_EDGE('',*,*,#8614,.F.);
#8614 = EDGE_CURVE('',#8591,#8607,#8615,.T.);
#8615 = LINE('',#8616,#8617);
#8616 = CARTESIAN_POINT('',(24.5,-27.,5.6));
#8617 = VECTOR('',#8618,1.);
#8618 = DIRECTION('',(0.,1.,0.));
#8619 = PLANE('',#8620);
#8620 = AXIS2_PLACEMENT_3D('',#8621,#8622,#8623);
#8621 = CARTESIAN_POINT('',(8.,-34.5,5.6));
#8622 = DIRECTION('',(0.,0.,1.));
#8623 = DIRECTION('',(1.,0.,0.));
#8624 = ADVANCED_FACE('',(#8625),#8643,.T.);
#8625 = FACE_BOUND('',#8626,.T.);
#8626 = EDGE_LOOP('',(#8627,#8635,#8636,#8637));
#8627 = ORIENTED_EDGE('',*,*,#8628,.F.);
#8628 = EDGE_CURVE('',#8455,#8629,#8631,.T.);
#8629 = VERTEX_POINT('',#8630);
#8630 = CARTESIAN_POINT('',(36.,-17.5,4.));
#8631 = LINE('',#8632,#8633);
#8632 = CARTESIAN_POINT('',(8.,-17.5,4.));
#8633 = VECTOR('',#8634,1.);
#8634 = DIRECTION('',(1.,0.,0.));
#8635 = ORIENTED_EDGE('',*,*,#8462,.T.);
#8636 = ORIENTED_EDGE('',*,*,#8547,.T.);
#8637 = ORIENTED_EDGE('',*,*,#8638,.F.);
#8638 = EDGE_CURVE('',#8629,#8548,#8639,.T.);
#8639 = LINE('',#8640,#8641);
#8640 = CARTESIAN_POINT('',(36.,-17.5,4.));
#8641 = VECTOR('',#8642,1.);
#8642 = DIRECTION('',(0.,0.,1.));
#8643 = PLANE('',#8644);
#8644 = AXIS2_PLACEMENT_3D('',#8645,#8646,#8647);
#8645 = CARTESIAN_POINT('',(8.,-17.5,4.));
#8646 = DIRECTION('',(0.,1.,0.));
#8647 = DIRECTION('',(0.,0.,1.));
#8648 = ADVANCED_FACE('',(#8649),#8660,.F.);
#8649 = FACE_BOUND('',#8650,.F.);
#8650 = EDGE_LOOP('',(#8651,#8652,#8653,#8659));
#8651 = ORIENTED_EDGE('',*,*,#8454,.F.);
#8652 = ORIENTED_EDGE('',*,*,#8494,.T.);
#8653 = ORIENTED_EDGE('',*,*,#8654,.T.);
#8654 = EDGE_CURVE('',#8485,#8629,#8655,.T.);
#8655 = LINE('',#8656,#8657);
#8656 = CARTESIAN_POINT('',(36.,-34.5,4.));
#8657 = VECTOR('',#8658,1.);
#8658 = DIRECTION('',(0.,1.,0.));
#8659 = ORIENTED_EDGE('',*,*,#8628,.F.);
#8660 = PLANE('',#8661);
#8661 = AXIS2_PLACEMENT_3D('',#8662,#8663,#8664);
#8662 = CARTESIAN_POINT('',(8.,-34.5,4.));
#8663 = DIRECTION('',(0.,0.,1.));
#8664 = DIRECTION('',(1.,0.,0.));
#8665 = ADVANCED_FACE('',(#8666),#8672,.T.);
#8666 = FACE_BOUND('',#8667,.T.);
#8667 = EDGE_LOOP('',(#8668,#8669,#8670,#8671));
#8668 = ORIENTED_EDGE('',*,*,#8484,.F.);
#8669 = ORIENTED_EDGE('',*,*,#8654,.T.);
#8670 = ORIENTED_EDGE('',*,*,#8638,.T.);
#8671 = ORIENTED_EDGE('',*,*,#8580,.F.);
#8672 = PLANE('',#8673);
#8673 = AXIS2_PLACEMENT_3D('',#8674,#8675,#8676);
#8674 = CARTESIAN_POINT('',(36.,-34.5,4.));
#8675 = DIRECTION('',(1.,0.,0.));
#8676 = DIRECTION('',(0.,0.,1.));
#8677 = ADVANCED_FACE('',(#8678),#8712,.T.);
#8678 = FACE_BOUND('',#8679,.T.);
#8679 = EDGE_LOOP('',(#8680,#8690,#8698,#8704,#8705,#8706));
#8680 = ORIENTED_EDGE('',*,*,#8681,.F.);
#8681 = EDGE_CURVE('',#8682,#8684,#8686,.T.);
#8682 = VERTEX_POINT('',#8683);
#8683 = CARTESIAN_POINT('',(26.45,-36.5,7.7));
#8684 = VERTEX_POINT('',#8685);
#8685 = CARTESIAN_POINT('',(26.45,-29.2,7.7));
#8686 = LINE('',#8687,#8688);
#8687 = CARTESIAN_POINT('',(26.45,-36.5,7.7));
#8688 = VECTOR('',#8689,1.);
#8689 = DIRECTION('',(0.,1.,0.));
#8690 = ORIENTED_EDGE('',*,*,#8691,.F.);
#8691 = EDGE_CURVE('',#8692,#8682,#8694,.T.);
#8692 = VERTEX_POINT('',#8693);
#8693 = CARTESIAN_POINT('',(26.45,-36.5,4.5));
#8694 = LINE('',#8695,#8696);
#8695 = CARTESIAN_POINT('',(26.45,-36.5,4.5));
#8696 = VECTOR('',#8697,1.);
#8697 = DIRECTION('',(0.,0.,1.));
#8698 = ORIENTED_EDGE('',*,*,#8699,.T.);
#8699 = EDGE_CURVE('',#8692,#8518,#8700,.T.);
#8700 = LINE('',#8701,#8702);
#8701 = CARTESIAN_POINT('',(26.45,-36.5,4.5));
#8702 = VECTOR('',#8703,1.);
#8703 = DIRECTION('',(0.,1.,0.));
#8704 = ORIENTED_EDGE('',*,*,#8525,.F.);
#8705 = ORIENTED_EDGE('',*,*,#8573,.T.);
#8706 = ORIENTED_EDGE('',*,*,#8707,.T.);
#8707 = EDGE_CURVE('',#8566,#8684,#8708,.T.);
#8708 = LINE('',#8709,#8710);
#8709 = CARTESIAN_POINT('',(26.45,-29.2,4.5));
#8710 = VECTOR('',#8711,1.);
#8711 = DIRECTION('',(0.,0.,1.));
#8712 = PLANE('',#8713);
#8713 = AXIS2_PLACEMENT_3D('',#8714,#8715,#8716);
#8714 = CARTESIAN_POINT('',(26.45,-36.5,4.5));
#8715 = DIRECTION('',(1.,0.,0.));
#8716 = DIRECTION('',(0.,0.,1.));
#8717 = ADVANCED_FACE('',(#8718),#8736,.F.);
#8718 = FACE_BOUND('',#8719,.F.);
#8719 = EDGE_LOOP('',(#8720,#8728,#8734,#8735));
#8720 = ORIENTED_EDGE('',*,*,#8721,.F.);
#8721 = EDGE_CURVE('',#8722,#8510,#8724,.T.);
#8722 = VERTEX_POINT('',#8723);
#8723 = CARTESIAN_POINT('',(17.55,-36.5,4.5));
#8724 = LINE('',#8725,#8726);
#8725 = CARTESIAN_POINT('',(17.55,-36.5,4.5));
#8726 = VECTOR('',#8727,1.);
#8727 = DIRECTION('',(0.,1.,0.));
#8728 = ORIENTED_EDGE('',*,*,#8729,.T.);
#8729 = EDGE_CURVE('',#8722,#8692,#8730,.T.);
#8730 = LINE('',#8731,#8732);
#8731 = CARTESIAN_POINT('',(17.55,-36.5,4.5));
#8732 = VECTOR('',#8733,1.);
#8733 = DIRECTION('',(1.,0.,0.));
#8734 = ORIENTED_EDGE('',*,*,#8699,.T.);
#8735 = ORIENTED_EDGE('',*,*,#8517,.F.);
#8736 = PLANE('',#8737);
#8737 = AXIS2_PLACEMENT_3D('',#8738,#8739,#8740);
#8738 = CARTESIAN_POINT('',(17.55,-36.5,4.5));
#8739 = DIRECTION('',(0.,0.,1.));
#8740 = DIRECTION('',(1.,0.,0.));
#8741 = ADVANCED_FACE('',(#8742),#8769,.F.);
#8742 = FACE_BOUND('',#8743,.F.);
#8743 = EDGE_LOOP('',(#8744,#8754,#8760,#8761,#8762,#8763));
#8744 = ORIENTED_EDGE('',*,*,#8745,.F.);
#8745 = EDGE_CURVE('',#8746,#8748,#8750,.T.);
#8746 = VERTEX_POINT('',#8747);
#8747 = CARTESIAN_POINT('',(17.55,-36.5,7.7));
#8748 = VERTEX_POINT('',#8749);
#8749 = CARTESIAN_POINT('',(17.55,-29.2,7.7));
#8750 = LINE('',#8751,#8752);
#8751 = CARTESIAN_POINT('',(17.55,-36.5,7.7));
#8752 = VECTOR('',#8753,1.);
#8753 = DIRECTION('',(0.,1.,0.));
#8754 = ORIENTED_EDGE('',*,*,#8755,.F.);
#8755 = EDGE_CURVE('',#8722,#8746,#8756,.T.);
#8756 = LINE('',#8757,#8758);
#8757 = CARTESIAN_POINT('',(17.55,-36.5,4.5));
#8758 = VECTOR('',#8759,1.);
#8759 = DIRECTION('',(0.,0.,1.));
#8760 = ORIENTED_EDGE('',*,*,#8721,.T.);
#8761 = ORIENTED_EDGE('',*,*,#8509,.F.);
#8762 = ORIENTED_EDGE('',*,*,#8557,.T.);
#8763 = ORIENTED_EDGE('',*,*,#8764,.T.);
#8764 = EDGE_CURVE('',#8558,#8748,#8765,.T.);
#8765 = LINE('',#8766,#8767);
#8766 = CARTESIAN_POINT('',(17.55,-29.2,4.5));
#8767 = VECTOR('',#8768,1.);
#8768 = DIRECTION('',(0.,0.,1.));
#8769 = PLANE('',#8770);
#8770 = AXIS2_PLACEMENT_3D('',#8771,#8772,#8773);
#8771 = CARTESIAN_POINT('',(17.55,-36.5,4.5));
#8772 = DIRECTION('',(1.,0.,0.));
#8773 = DIRECTION('',(0.,0.,1.));
#8774 = ADVANCED_FACE('',(#8775),#8786,.T.);
#8775 = FACE_BOUND('',#8776,.T.);
#8776 = EDGE_LOOP('',(#8777,#8778,#8779,#8780));
#8777 = ORIENTED_EDGE('',*,*,#8707,.F.);
#8778 = ORIENTED_EDGE('',*,*,#8565,.T.);
#8779 = ORIENTED_EDGE('',*,*,#8764,.T.);
#8780 = ORIENTED_EDGE('',*,*,#8781,.T.);
#8781 = EDGE_CURVE('',#8748,#8684,#8782,.T.);
#8782 = LINE('',#8783,#8784);
#8783 = CARTESIAN_POINT('',(17.55,-29.2,7.7));
#8784 = VECTOR('',#8785,1.);
#8785 = DIRECTION('',(1.,0.,0.));
#8786 = PLANE('',#8787);
#8787 = AXIS2_PLACEMENT_3D('',#8788,#8789,#8790);
#8788 = CARTESIAN_POINT('',(17.55,-29.2,4.5));
#8789 = DIRECTION('',(0.,1.,0.));
#8790 = DIRECTION('',(0.,0.,1.));
#8791 = ADVANCED_FACE('',(#8792),#8817,.F.);
#8792 = FACE_BOUND('',#8793,.F.);
#8793 = EDGE_LOOP('',(#8794,#8795,#8803,#8811));
#8794 = ORIENTED_EDGE('',*,*,#8588,.F.);
#8795 = ORIENTED_EDGE('',*,*,#8796,.T.);
#8796 = EDGE_CURVE('',#8589,#8797,#8799,.T.);
#8797 = VERTEX_POINT('',#8798);
#8798 = CARTESIAN_POINT('',(19.5,-27.,6.8));
#8799 = LINE('',#8800,#8801);
#8800 = CARTESIAN_POINT('',(19.5,-27.,5.6));
#8801 = VECTOR('',#8802,1.);
#8802 = DIRECTION('',(0.,0.,1.));
#8803 = ORIENTED_EDGE('',*,*,#8804,.T.);
#8804 = EDGE_CURVE('',#8797,#8805,#8807,.T.);
#8805 = VERTEX_POINT('',#8806);
#8806 = CARTESIAN_POINT('',(24.5,-27.,6.8));
#8807 = LINE('',#8808,#8809);
#8808 = CARTESIAN_POINT('',(19.5,-27.,6.8));
#8809 = VECTOR('',#8810,1.);
#8810 = DIRECTION('',(1.,0.,0.));
#8811 = ORIENTED_EDGE('',*,*,#8812,.F.);
#8812 = EDGE_CURVE('',#8591,#8805,#8813,.T.);
#8813 = LINE('',#8814,#8815);
#8814 = CARTESIAN_POINT('',(24.5,-27.,5.6));
#8815 = VECTOR('',#8816,1.);
#8816 = DIRECTION('',(0.,0.,1.));
#8817 = PLANE('',#8818);
#8818 = AXIS2_PLACEMENT_3D('',#8819,#8820,#8821);
#8819 = CARTESIAN_POINT('',(19.5,-27.,5.6));
#8820 = DIRECTION('',(0.,1.,0.));
#8821 = DIRECTION('',(0.,0.,1.));
#8822 = ADVANCED_FACE('',(#8823),#8841,.T.);
#8823 = FACE_BOUND('',#8824,.T.);
#8824 = EDGE_LOOP('',(#8825,#8826,#8827,#8835));
#8825 = ORIENTED_EDGE('',*,*,#8812,.F.);
#8826 = ORIENTED_EDGE('',*,*,#8614,.T.);
#8827 = ORIENTED_EDGE('',*,*,#8828,.T.);
#8828 = EDGE_CURVE('',#8607,#8829,#8831,.T.);
#8829 = VERTEX_POINT('',#8830);
#8830 = CARTESIAN_POINT('',(24.5,-23.,6.8));
#8831 = LINE('',#8832,#8833);
#8832 = CARTESIAN_POINT('',(24.5,-23.,5.6));
#8833 = VECTOR('',#8834,1.);
#8834 = DIRECTION('',(0.,0.,1.));
#8835 = ORIENTED_EDGE('',*,*,#8836,.F.);
#8836 = EDGE_CURVE('',#8805,#8829,#8837,.T.);
#8837 = LINE('',#8838,#8839);
#8838 = CARTESIAN_POINT('',(24.5,-27.,6.8));
#8839 = VECTOR('',#8840,1.);
#8840 = DIRECTION('',(0.,1.,0.));
#8841 = PLANE('',#8842);
#8842 = AXIS2_PLACEMENT_3D('',#8843,#8844,#8845);
#8843 = CARTESIAN_POINT('',(24.5,-27.,5.6));
#8844 = DIRECTION('',(1.,0.,0.));
#8845 = DIRECTION('',(0.,0.,1.));
#8846 = ADVANCED_FACE('',(#8847),#8865,.T.);
#8847 = FACE_BOUND('',#8848,.T.);
#8848 = EDGE_LOOP('',(#8849,#8850,#8858,#8864));
#8849 = ORIENTED_EDGE('',*,*,#8606,.F.);
#8850 = ORIENTED_EDGE('',*,*,#8851,.T.);
#8851 = EDGE_CURVE('',#8599,#8852,#8854,.T.);
#8852 = VERTEX_POINT('',#8853);
#8853 = CARTESIAN_POINT('',(19.5,-23.,6.8));
#8854 = LINE('',#8855,#8856);
#8855 = CARTESIAN_POINT('',(19.5,-23.,5.6));
#8856 = VECTOR('',#8857,1.);
#8857 = DIRECTION('',(0.,0.,1.));
#8858 = ORIENTED_EDGE('',*,*,#8859,.T.);
#8859 = EDGE_CURVE('',#8852,#8829,#8860,.T.);
#8860 = LINE('',#8861,#8862);
#8861 = CARTESIAN_POINT('',(19.5,-23.,6.8));
#8862 = VECTOR('',#8863,1.);
#8863 = DIRECTION('',(1.,0.,0.));
#8864 = ORIENTED_EDGE('',*,*,#8828,.F.);
#8865 = PLANE('',#8866);
#8866 = AXIS2_PLACEMENT_3D('',#8867,#8868,#8869);
#8867 = CARTESIAN_POINT('',(19.5,-23.,5.6));
#8868 = DIRECTION('',(0.,1.,0.));
#8869 = DIRECTION('',(0.,0.,1.));
#8870 = ADVANCED_FACE('',(#8871),#8882,.F.);
#8871 = FACE_BOUND('',#8872,.F.);
#8872 = EDGE_LOOP('',(#8873,#8874,#8875,#8876));
#8873 = ORIENTED_EDGE('',*,*,#8796,.F.);
#8874 = ORIENTED_EDGE('',*,*,#8598,.T.);
#8875 = ORIENTED_EDGE('',*,*,#8851,.T.);
#8876 = ORIENTED_EDGE('',*,*,#8877,.F.);
#8877 = EDGE_CURVE('',#8797,#8852,#8878,.T.);
#8878 = LINE('',#8879,#8880);
#8879 = CARTESIAN_POINT('',(19.5,-27.,6.8));
#8880 = VECTOR('',#8881,1.);
#8881 = DIRECTION('',(0.,1.,0.));
#8882 = PLANE('',#8883);
#8883 = AXIS2_PLACEMENT_3D('',#8884,#8885,#8886);
#8884 = CARTESIAN_POINT('',(19.5,-27.,5.6));
#8885 = DIRECTION('',(1.,0.,0.));
#8886 = DIRECTION('',(0.,0.,1.));
#8887 = ADVANCED_FACE('',(#8888),#8899,.T.);
#8888 = FACE_BOUND('',#8889,.T.);
#8889 = EDGE_LOOP('',(#8890,#8891,#8897,#8898));
#8890 = ORIENTED_EDGE('',*,*,#8745,.F.);
#8891 = ORIENTED_EDGE('',*,*,#8892,.T.);
#8892 = EDGE_CURVE('',#8746,#8682,#8893,.T.);
#8893 = LINE('',#8894,#8895);
#8894 = CARTESIAN_POINT('',(17.55,-36.5,7.7));
#8895 = VECTOR('',#8896,1.);
#8896 = DIRECTION('',(1.,0.,0.));
#8897 = ORIENTED_EDGE('',*,*,#8681,.T.);
#8898 = ORIENTED_EDGE('',*,*,#8781,.F.);
#8899 = PLANE('',#8900);
#8900 = AXIS2_PLACEMENT_3D('',#8901,#8902,#8903);
#8901 = CARTESIAN_POINT('',(17.55,-36.5,7.7));
#8902 = DIRECTION('',(0.,0.,1.));
#8903 = DIRECTION('',(1.,0.,0.));
#8904 = ADVANCED_FACE('',(#8905),#8911,.F.);
#8905 = FACE_BOUND('',#8906,.F.);
#8906 = EDGE_LOOP('',(#8907,#8908,#8909,#8910));
#8907 = ORIENTED_EDGE('',*,*,#8729,.F.);
#8908 = ORIENTED_EDGE('',*,*,#8755,.T.);
#8909 = ORIENTED_EDGE('',*,*,#8892,.T.);
#8910 = ORIENTED_EDGE('',*,*,#8691,.F.);
#8911 = PLANE('',#8912);
#8912 = AXIS2_PLACEMENT_3D('',#8913,#8914,#8915);
#8913 = CARTESIAN_POINT('',(17.55,-36.5,4.5));
#8914 = DIRECTION('',(0.,1.,0.));
#8915 = DIRECTION('',(0.,0.,1.));
#8916 = ADVANCED_FACE('',(#8917),#8923,.T.);
#8917 = FACE_BOUND('',#8918,.T.);
#8918 = EDGE_LOOP('',(#8919,#8920,#8921,#8922));
#8919 = ORIENTED_EDGE('',*,*,#8877,.F.);
#8920 = ORIENTED_EDGE('',*,*,#8804,.T.);
#8921 = ORIENTED_EDGE('',*,*,#8836,.T.);
#8922 = ORIENTED_EDGE('',*,*,#8859,.F.);
#8923 = PLANE('',#8924);
#8924 = AXIS2_PLACEMENT_3D('',#8925,#8926,#8927);
#8925 = CARTESIAN_POINT('',(19.5,-27.,6.8));
#8926 = DIRECTION('',(0.,0.,1.));
#8927 = DIRECTION('',(1.,0.,0.));
#8928 = MANIFOLD_SOLID_BREP('',#8929);
#8929 = CLOSED_SHELL('',(#8930,#8970,#9001,#9069,#9093,#9154,#9166,#9183
    ,#9200,#9217));
#8930 = ADVANCED_FACE('',(#8931),#8965,.F.);
#8931 = FACE_BOUND('',#8932,.F.);
#8932 = EDGE_LOOP('',(#8933,#8943,#8951,#8959));
#8933 = ORIENTED_EDGE('',*,*,#8934,.F.);
#8934 = EDGE_CURVE('',#8935,#8937,#8939,.T.);
#8935 = VERTEX_POINT('',#8936);
#8936 = CARTESIAN_POINT('',(-45.,-32.5,22.5));
#8937 = VERTEX_POINT('',#8938);
#8938 = CARTESIAN_POINT('',(-45.,-32.5,24.1));
#8939 = LINE('',#8940,#8941);
#8940 = CARTESIAN_POINT('',(-45.,-32.5,22.5));
#8941 = VECTOR('',#8942,1.);
#8942 = DIRECTION('',(0.,0.,1.));
#8943 = ORIENTED_EDGE('',*,*,#8944,.T.);
#8944 = EDGE_CURVE('',#8935,#8945,#8947,.T.);
#8945 = VERTEX_POINT('',#8946);
#8946 = CARTESIAN_POINT('',(-45.,32.5,22.5));
#8947 = LINE('',#8948,#8949);
#8948 = CARTESIAN_POINT('',(-45.,-32.5,22.5));
#8949 = VECTOR('',#8950,1.);
#8950 = DIRECTION('',(0.,1.,0.));
#8951 = ORIENTED_EDGE('',*,*,#8952,.T.);
#8952 = EDGE_CURVE('',#8945,#8953,#8955,.T.);
#8953 = VERTEX_POINT('',#8954);
#8954 = CARTESIAN_POINT('',(-45.,32.5,24.1));
#8955 = LINE('',#8956,#8957);
#8956 = CARTESIAN_POINT('',(-45.,32.5,22.5));
#8957 = VECTOR('',#8958,1.);
#8958 = DIRECTION('',(0.,0.,1.));
#8959 = ORIENTED_EDGE('',*,*,#8960,.F.);
#8960 = EDGE_CURVE('',#8937,#8953,#8961,.T.);
#8961 = LINE('',#8962,#8963);
#8962 = CARTESIAN_POINT('',(-45.,-32.5,24.1));
#8963 = VECTOR('',#8964,1.);
#8964 = DIRECTION('',(0.,1.,0.));
#8965 = PLANE('',#8966);
#8966 = AXIS2_PLACEMENT_3D('',#8967,#8968,#8969);
#8967 = CARTESIAN_POINT('',(-45.,-32.5,22.5));
#8968 = DIRECTION('',(1.,0.,0.));
#8969 = DIRECTION('',(0.,0.,1.));
#8970 = ADVANCED_FACE('',(#8971),#8996,.F.);
#8971 = FACE_BOUND('',#8972,.F.);
#8972 = EDGE_LOOP('',(#8973,#8981,#8982,#8990));
#8973 = ORIENTED_EDGE('',*,*,#8974,.F.);
#8974 = EDGE_CURVE('',#8935,#8975,#8977,.T.);
#8975 = VERTEX_POINT('',#8976);
#8976 = CARTESIAN_POINT('',(45.,-32.5,22.5));
#8977 = LINE('',#8978,#8979);
#8978 = CARTESIAN_POINT('',(-45.,-32.5,22.5));
#8979 = VECTOR('',#8980,1.);
#8980 = DIRECTION('',(1.,0.,0.));
#8981 = ORIENTED_EDGE('',*,*,#8934,.T.);
#8982 = ORIENTED_EDGE('',*,*,#8983,.T.);
#8983 = EDGE_CURVE('',#8937,#8984,#8986,.T.);
#8984 = VERTEX_POINT('',#8985);
#8985 = CARTESIAN_POINT('',(45.,-32.5,24.1));
#8986 = LINE('',#8987,#8988);
#8987 = CARTESIAN_POINT('',(-45.,-32.5,24.1));
#8988 = VECTOR('',#8989,1.);
#8989 = DIRECTION('',(1.,0.,0.));
#8990 = ORIENTED_EDGE('',*,*,#8991,.F.);
#8991 = EDGE_CURVE('',#8975,#8984,#8992,.T.);
#8992 = LINE('',#8993,#8994);
#8993 = CARTESIAN_POINT('',(45.,-32.5,22.5));
#8994 = VECTOR('',#8995,1.);
#8995 = DIRECTION('',(0.,0.,1.));
#8996 = PLANE('',#8997);
#8997 = AXIS2_PLACEMENT_3D('',#8998,#8999,#9000);
#8998 = CARTESIAN_POINT('',(-45.,-32.5,22.5));
#8999 = DIRECTION('',(0.,1.,0.));
#9000 = DIRECTION('',(0.,0.,1.));
#9001 = ADVANCED_FACE('',(#9002,#9020,#9031,#9042,#9053),#9064,.T.);
#9002 = FACE_BOUND('',#9003,.T.);
#9003 = EDGE_LOOP('',(#9004,#9005,#9006,#9014));
#9004 = ORIENTED_EDGE('',*,*,#8960,.F.);
#9005 = ORIENTED_EDGE('',*,*,#8983,.T.);
#9006 = ORIENTED_EDGE('',*,*,#9007,.T.);
#9007 = EDGE_CURVE('',#8984,#9008,#9010,.T.);
#9008 = VERTEX_POINT('',#9009);
#9009 = CARTESIAN_POINT('',(45.,32.5,24.1));
#9010 = LINE('',#9011,#9012);
#9011 = CARTESIAN_POINT('',(45.,-32.5,24.1));
#9012 = VECTOR('',#9013,1.);
#9013 = DIRECTION('',(0.,1.,0.));
#9014 = ORIENTED_EDGE('',*,*,#9015,.F.);
#9015 = EDGE_CURVE('',#8953,#9008,#9016,.T.);
#9016 = LINE('',#9017,#9018);
#9017 = CARTESIAN_POINT('',(-45.,32.5,24.1));
#9018 = VECTOR('',#9019,1.);
#9019 = DIRECTION('',(1.,0.,0.));
#9020 = FACE_BOUND('',#9021,.T.);
#9021 = EDGE_LOOP('',(#9022));
#9022 = ORIENTED_EDGE('',*,*,#9023,.F.);
#9023 = EDGE_CURVE('',#9024,#9024,#9026,.T.);
#9024 = VERTEX_POINT('',#9025);
#9025 = CARTESIAN_POINT('',(-38.4,-27.5,24.1));
#9026 = CIRCLE('',#9027,1.6);
#9027 = AXIS2_PLACEMENT_3D('',#9028,#9029,#9030);
#9028 = CARTESIAN_POINT('',(-40.,-27.5,24.1));
#9029 = DIRECTION('',(0.,0.,1.));
#9030 = DIRECTION('',(1.,0.,0.));
#9031 = FACE_BOUND('',#9032,.T.);
#9032 = EDGE_LOOP('',(#9033));
#9033 = ORIENTED_EDGE('',*,*,#9034,.F.);
#9034 = EDGE_CURVE('',#9035,#9035,#9037,.T.);
#9035 = VERTEX_POINT('',#9036);
#9036 = CARTESIAN_POINT('',(41.6,-27.5,24.1));
#9037 = CIRCLE('',#9038,1.6);
#9038 = AXIS2_PLACEMENT_3D('',#9039,#9040,#9041);
#9039 = CARTESIAN_POINT('',(40.,-27.5,24.1));
#9040 = DIRECTION('',(0.,0.,1.));
#9041 = DIRECTION('',(1.,0.,0.));
#9042 = FACE_BOUND('',#9043,.T.);
#9043 = EDGE_LOOP('',(#9044));
#9044 = ORIENTED_EDGE('',*,*,#9045,.F.);
#9045 = EDGE_CURVE('',#9046,#9046,#9048,.T.);
#9046 = VERTEX_POINT('',#9047);
#9047 = CARTESIAN_POINT('',(-38.4,27.5,24.1));
#9048 = CIRCLE('',#9049,1.6);
#9049 = AXIS2_PLACEMENT_3D('',#9050,#9051,#9052);
#9050 = CARTESIAN_POINT('',(-40.,27.5,24.1));
#9051 = DIRECTION('',(0.,0.,1.));
#9052 = DIRECTION('',(1.,0.,0.));
#9053 = FACE_BOUND('',#9054,.T.);
#9054 = EDGE_LOOP('',(#9055));
#9055 = ORIENTED_EDGE('',*,*,#9056,.F.);
#9056 = EDGE_CURVE('',#9057,#9057,#9059,.T.);
#9057 = VERTEX_POINT('',#9058);
#9058 = CARTESIAN_POINT('',(41.6,27.5,24.1));
#9059 = CIRCLE('',#9060,1.6);
#9060 = AXIS2_PLACEMENT_3D('',#9061,#9062,#9063);
#9061 = CARTESIAN_POINT('',(40.,27.5,24.1));
#9062 = DIRECTION('',(0.,0.,1.));
#9063 = DIRECTION('',(1.,0.,0.));
#9064 = PLANE('',#9065);
#9065 = AXIS2_PLACEMENT_3D('',#9066,#9067,#9068);
#9066 = CARTESIAN_POINT('',(-45.,-32.5,24.1));
#9067 = DIRECTION('',(0.,0.,1.));
#9068 = DIRECTION('',(1.,0.,0.));
#9069 = ADVANCED_FACE('',(#9070),#9088,.T.);
#9070 = FACE_BOUND('',#9071,.T.);
#9071 = EDGE_LOOP('',(#9072,#9080,#9081,#9082));
#9072 = ORIENTED_EDGE('',*,*,#9073,.F.);
#9073 = EDGE_CURVE('',#8945,#9074,#9076,.T.);
#9074 = VERTEX_POINT('',#9075);
#9075 = CARTESIAN_POINT('',(45.,32.5,22.5));
#9076 = LINE('',#9077,#9078);
#9077 = CARTESIAN_POINT('',(-45.,32.5,22.5));
#9078 = VECTOR('',#9079,1.);
#9079 = DIRECTION('',(1.,0.,0.));
#9080 = ORIENTED_EDGE('',*,*,#8952,.T.);
#9081 = ORIENTED_EDGE('',*,*,#9015,.T.);
#9082 = ORIENTED_EDGE('',*,*,#9083,.F.);
#9083 = EDGE_CURVE('',#9074,#9008,#9084,.T.);
#9084 = LINE('',#9085,#9086);
#9085 = CARTESIAN_POINT('',(45.,32.5,22.5));
#9086 = VECTOR('',#9087,1.);
#9087 = DIRECTION('',(0.,0.,1.));
#9088 = PLANE('',#9089);
#9089 = AXIS2_PLACEMENT_3D('',#9090,#9091,#9092);
#9090 = CARTESIAN_POINT('',(-45.,32.5,22.5));
#9091 = DIRECTION('',(0.,1.,0.));
#9092 = DIRECTION('',(0.,0.,1.));
#9093 = ADVANCED_FACE('',(#9094,#9105,#9116,#9127,#9138),#9149,.F.);
#9094 = FACE_BOUND('',#9095,.F.);
#9095 = EDGE_LOOP('',(#9096,#9097,#9098,#9104));
#9096 = ORIENTED_EDGE('',*,*,#8944,.F.);
#9097 = ORIENTED_EDGE('',*,*,#8974,.T.);
#9098 = ORIENTED_EDGE('',*,*,#9099,.T.);
#9099 = EDGE_CURVE('',#8975,#9074,#9100,.T.);
#9100 = LINE('',#9101,#9102);
#9101 = CARTESIAN_POINT('',(45.,-32.5,22.5));
#9102 = VECTOR('',#9103,1.);
#9103 = DIRECTION('',(0.,1.,0.));
#9104 = ORIENTED_EDGE('',*,*,#9073,.F.);
#9105 = FACE_BOUND('',#9106,.F.);
#9106 = EDGE_LOOP('',(#9107));
#9107 = ORIENTED_EDGE('',*,*,#9108,.F.);
#9108 = EDGE_CURVE('',#9109,#9109,#9111,.T.);
#9109 = VERTEX_POINT('',#9110);
#9110 = CARTESIAN_POINT('',(-38.4,-27.5,22.5));
#9111 = CIRCLE('',#9112,1.6);
#9112 = AXIS2_PLACEMENT_3D('',#9113,#9114,#9115);
#9113 = CARTESIAN_POINT('',(-40.,-27.5,22.5));
#9114 = DIRECTION('',(0.,0.,1.));
#9115 = DIRECTION('',(1.,0.,0.));
#9116 = FACE_BOUND('',#9117,.F.);
#9117 = EDGE_LOOP('',(#9118));
#9118 = ORIENTED_EDGE('',*,*,#9119,.F.);
#9119 = EDGE_CURVE('',#9120,#9120,#9122,.T.);
#9120 = VERTEX_POINT('',#9121);
#9121 = CARTESIAN_POINT('',(41.6,-27.5,22.5));
#9122 = CIRCLE('',#9123,1.6);
#9123 = AXIS2_PLACEMENT_3D('',#9124,#9125,#9126);
#9124 = CARTESIAN_POINT('',(40.,-27.5,22.5));
#9125 = DIRECTION('',(0.,0.,1.));
#9126 = DIRECTION('',(1.,0.,0.));
#9127 = FACE_BOUND('',#9128,.F.);
#9128 = EDGE_LOOP('',(#9129));
#9129 = ORIENTED_EDGE('',*,*,#9130,.F.);
#9130 = EDGE_CURVE('',#9131,#9131,#9133,.T.);
#9131 = VERTEX_POINT('',#9132);
#9132 = CARTESIAN_POINT('',(-38.4,27.5,22.5));
#9133 = CIRCLE('',#9134,1.6);
#9134 = AXIS2_PLACEMENT_3D('',#9135,#9136,#9137);
#9135 = CARTESIAN_POINT('',(-40.,27.5,22.5));
#9136 = DIRECTION('',(0.,0.,1.));
#9137 = DIRECTION('',(1.,0.,0.));
#9138 = FACE_BOUND('',#9139,.F.);
#9139 = EDGE_LOOP('',(#9140));
#9140 = ORIENTED_EDGE('',*,*,#9141,.F.);
#9141 = EDGE_CURVE('',#9142,#9142,#9144,.T.);
#9142 = VERTEX_POINT('',#9143);
#9143 = CARTESIAN_POINT('',(41.6,27.5,22.5));
#9144 = CIRCLE('',#9145,1.6);
#9145 = AXIS2_PLACEMENT_3D('',#9146,#9147,#9148);
#9146 = CARTESIAN_POINT('',(40.,27.5,22.5));
#9147 = DIRECTION('',(0.,0.,1.));
#9148 = DIRECTION('',(1.,0.,0.));
#9149 = PLANE('',#9150);
#9150 = AXIS2_PLACEMENT_3D('',#9151,#9152,#9153);
#9151 = CARTESIAN_POINT('',(-45.,-32.5,22.5));
#9152 = DIRECTION('',(0.,0.,1.));
#9153 = DIRECTION('',(1.,0.,0.));
#9154 = ADVANCED_FACE('',(#9155),#9161,.T.);
#9155 = FACE_BOUND('',#9156,.T.);
#9156 = EDGE_LOOP('',(#9157,#9158,#9159,#9160));
#9157 = ORIENTED_EDGE('',*,*,#8991,.F.);
#9158 = ORIENTED_EDGE('',*,*,#9099,.T.);
#9159 = ORIENTED_EDGE('',*,*,#9083,.T.);
#9160 = ORIENTED_EDGE('',*,*,#9007,.F.);
#9161 = PLANE('',#9162);
#9162 = AXIS2_PLACEMENT_3D('',#9163,#9164,#9165);
#9163 = CARTESIAN_POINT('',(45.,-32.5,22.5));
#9164 = DIRECTION('',(1.,0.,0.));
#9165 = DIRECTION('',(0.,0.,1.));
#9166 = ADVANCED_FACE('',(#9167),#9178,.F.);
#9167 = FACE_BOUND('',#9168,.F.);
#9168 = EDGE_LOOP('',(#9169,#9170,#9176,#9177));
#9169 = ORIENTED_EDGE('',*,*,#9023,.F.);
#9170 = ORIENTED_EDGE('',*,*,#9171,.F.);
#9171 = EDGE_CURVE('',#9109,#9024,#9172,.T.);
#9172 = LINE('',#9173,#9174);
#9173 = CARTESIAN_POINT('',(-38.4,-27.5,22.3));
#9174 = VECTOR('',#9175,1.);
#9175 = DIRECTION('',(0.,0.,1.));
#9176 = ORIENTED_EDGE('',*,*,#9108,.T.);
#9177 = ORIENTED_EDGE('',*,*,#9171,.T.);
#9178 = CYLINDRICAL_SURFACE('',#9179,1.6);
#9179 = AXIS2_PLACEMENT_3D('',#9180,#9181,#9182);
#9180 = CARTESIAN_POINT('',(-40.,-27.5,22.3));
#9181 = DIRECTION('',(0.,0.,1.));
#9182 = DIRECTION('',(1.,0.,0.));
#9183 = ADVANCED_FACE('',(#9184),#9195,.F.);
#9184 = FACE_BOUND('',#9185,.F.);
#9185 = EDGE_LOOP('',(#9186,#9187,#9193,#9194));
#9186 = ORIENTED_EDGE('',*,*,#9034,.F.);
#9187 = ORIENTED_EDGE('',*,*,#9188,.F.);
#9188 = EDGE_CURVE('',#9120,#9035,#9189,.T.);
#9189 = LINE('',#9190,#9191);
#9190 = CARTESIAN_POINT('',(41.6,-27.5,22.3));
#9191 = VECTOR('',#9192,1.);
#9192 = DIRECTION('',(0.,0.,1.));
#9193 = ORIENTED_EDGE('',*,*,#9119,.T.);
#9194 = ORIENTED_EDGE('',*,*,#9188,.T.);
#9195 = CYLINDRICAL_SURFACE('',#9196,1.6);
#9196 = AXIS2_PLACEMENT_3D('',#9197,#9198,#9199);
#9197 = CARTESIAN_POINT('',(40.,-27.5,22.3));
#9198 = DIRECTION('',(0.,0.,1.));
#9199 = DIRECTION('',(1.,0.,0.));
#9200 = ADVANCED_FACE('',(#9201),#9212,.F.);
#9201 = FACE_BOUND('',#9202,.F.);
#9202 = EDGE_LOOP('',(#9203,#9204,#9210,#9211));
#9203 = ORIENTED_EDGE('',*,*,#9045,.F.);
#9204 = ORIENTED_EDGE('',*,*,#9205,.F.);
#9205 = EDGE_CURVE('',#9131,#9046,#9206,.T.);
#9206 = LINE('',#9207,#9208);
#9207 = CARTESIAN_POINT('',(-38.4,27.5,22.3));
#9208 = VECTOR('',#9209,1.);
#9209 = DIRECTION('',(0.,0.,1.));
#9210 = ORIENTED_EDGE('',*,*,#9130,.T.);
#9211 = ORIENTED_EDGE('',*,*,#9205,.T.);
#9212 = CYLINDRICAL_SURFACE('',#9213,1.6);
#9213 = AXIS2_PLACEMENT_3D('',#9214,#9215,#9216);
#9214 = CARTESIAN_POINT('',(-40.,27.5,22.3));
#9215 = DIRECTION('',(0.,0.,1.));
#9216 = DIRECTION('',(1.,0.,0.));
#9217 = ADVANCED_FACE('',(#9218),#9229,.F.);
#9218 = FACE_BOUND('',#9219,.F.);
#9219 = EDGE_LOOP('',(#9220,#9221,#9227,#9228));
#9220 = ORIENTED_EDGE('',*,*,#9056,.F.);
#9221 = ORIENTED_EDGE('',*,*,#9222,.F.);
#9222 = EDGE_CURVE('',#9142,#9057,#9223,.T.);
#9223 = LINE('',#9224,#9225);
#9224 = CARTESIAN_POINT('',(41.6,27.5,22.3));
#9225 = VECTOR('',#9226,1.);
#9226 = DIRECTION('',(0.,0.,1.));
#9227 = ORIENTED_EDGE('',*,*,#9141,.T.);
#9228 = ORIENTED_EDGE('',*,*,#9222,.T.);
#9229 = CYLINDRICAL_SURFACE('',#9230,1.6);
#9230 = AXIS2_PLACEMENT_3D('',#9231,#9232,#9233);
#9231 = CARTESIAN_POINT('',(40.,27.5,22.3));
#9232 = DIRECTION('',(0.,0.,1.));
#9233 = DIRECTION('',(1.,0.,0.));
#9234 = MANIFOLD_SOLID_BREP('',#9235);
#9235 = CLOSED_SHELL('',(#9236,#9276,#9323,#9404,#9428,#9445,#9457,#9488
    ,#9520,#9544,#9569,#9600,#9624,#9648,#9665,#9682,#9694));
#9236 = ADVANCED_FACE('',(#9237),#9271,.F.);
#9237 = FACE_BOUND('',#9238,.F.);
#9238 = EDGE_LOOP('',(#9239,#9249,#9257,#9265));
#9239 = ORIENTED_EDGE('',*,*,#9240,.F.);
#9240 = EDGE_CURVE('',#9241,#9243,#9245,.T.);
#9241 = VERTEX_POINT('',#9242);
#9242 = CARTESIAN_POINT('',(-21.75,-24.5,24.1));
#9243 = VERTEX_POINT('',#9244);
#9244 = CARTESIAN_POINT('',(-21.75,-24.5,25.7));
#9245 = LINE('',#9246,#9247);
#9246 = CARTESIAN_POINT('',(-21.75,-24.5,24.1));
#9247 = VECTOR('',#9248,1.);
#9248 = DIRECTION('',(0.,0.,1.));
#9249 = ORIENTED_EDGE('',*,*,#9250,.T.);
#9250 = EDGE_CURVE('',#9241,#9251,#9253,.T.);
#9251 = VERTEX_POINT('',#9252);
#9252 = CARTESIAN_POINT('',(-21.75,24.5,24.1));
#9253 = LINE('',#9254,#9255);
#9254 = CARTESIAN_POINT('',(-21.75,-24.5,24.1));
#9255 = VECTOR('',#9256,1.);
#9256 = DIRECTION('',(0.,1.,0.));
#9257 = ORIENTED_EDGE('',*,*,#9258,.T.);
#9258 = EDGE_CURVE('',#9251,#9259,#9261,.T.);
#9259 = VERTEX_POINT('',#9260);
#9260 = CARTESIAN_POINT('',(-21.75,24.5,25.7));
#9261 = LINE('',#9262,#9263);
#9262 = CARTESIAN_POINT('',(-21.75,24.5,24.1));
#9263 = VECTOR('',#9264,1.);
#9264 = DIRECTION('',(0.,0.,1.));
#9265 = ORIENTED_EDGE('',*,*,#9266,.F.);
#9266 = EDGE_CURVE('',#9243,#9259,#9267,.T.);
#9267 = LINE('',#9268,#9269);
#9268 = CARTESIAN_POINT('',(-21.75,-24.5,25.7));
#9269 = VECTOR('',#9270,1.);
#9270 = DIRECTION('',(0.,1.,0.));
#9271 = PLANE('',#9272);
#9272 = AXIS2_PLACEMENT_3D('',#9273,#9274,#9275);
#9273 = CARTESIAN_POINT('',(-21.75,-24.5,24.1));
#9274 = DIRECTION('',(1.,0.,0.));
#9275 = DIRECTION('',(0.,0.,1.));
#9276 = ADVANCED_FACE('',(#9277),#9318,.F.);
#9277 = FACE_BOUND('',#9278,.F.);
#9278 = EDGE_LOOP('',(#9279,#9287,#9288,#9296,#9304,#9312));
#9279 = ORIENTED_EDGE('',*,*,#9280,.F.);
#9280 = EDGE_CURVE('',#9241,#9281,#9283,.T.);
#9281 = VERTEX_POINT('',#9282);
#9282 = CARTESIAN_POINT('',(3.75,-24.5,24.1));
#9283 = LINE('',#9284,#9285);
#9284 = CARTESIAN_POINT('',(-21.75,-24.5,24.1));
#9285 = VECTOR('',#9286,1.);
#9286 = DIRECTION('',(1.,0.,0.));
#9287 = ORIENTED_EDGE('',*,*,#9240,.T.);
#9288 = ORIENTED_EDGE('',*,*,#9289,.T.);
#9289 = EDGE_CURVE('',#9243,#9290,#9292,.T.);
#9290 = VERTEX_POINT('',#9291);
#9291 = CARTESIAN_POINT('',(-13.45,-24.5,25.7));
#9292 = LINE('',#9293,#9294);
#9293 = CARTESIAN_POINT('',(-21.75,-24.5,25.7));
#9294 = VECTOR('',#9295,1.);
#9295 = DIRECTION('',(1.,0.,0.));
#9296 = ORIENTED_EDGE('',*,*,#9297,.T.);
#9297 = EDGE_CURVE('',#9290,#9298,#9300,.T.);
#9298 = VERTEX_POINT('',#9299);
#9299 = CARTESIAN_POINT('',(-4.55,-24.5,25.7));
#9300 = LINE('',#9301,#9302);
#9301 = CARTESIAN_POINT('',(-21.75,-24.5,25.7));
#9302 = VECTOR('',#9303,1.);
#9303 = DIRECTION('',(1.,0.,0.));
#9304 = ORIENTED_EDGE('',*,*,#9305,.T.);
#9305 = EDGE_CURVE('',#9298,#9306,#9308,.T.);
#9306 = VERTEX_POINT('',#9307);
#9307 = CARTESIAN_POINT('',(3.75,-24.5,25.7));
#9308 = LINE('',#9309,#9310);
#9309 = CARTESIAN_POINT('',(-21.75,-24.5,25.7));
#9310 = VECTOR('',#9311,1.);
#9311 = DIRECTION('',(1.,0.,0.));
#9312 = ORIENTED_EDGE('',*,*,#9313,.F.);
#9313 = EDGE_CURVE('',#9281,#9306,#9314,.T.);
#9314 = LINE('',#9315,#9316);
#9315 = CARTESIAN_POINT('',(3.75,-24.5,24.1));
#9316 = VECTOR('',#9317,1.);
#9317 = DIRECTION('',(0.,0.,1.));
#9318 = PLANE('',#9319);
#9319 = AXIS2_PLACEMENT_3D('',#9320,#9321,#9322);
#9320 = CARTESIAN_POINT('',(-21.75,-24.5,24.1));
#9321 = DIRECTION('',(0.,1.,0.));
#9322 = DIRECTION('',(0.,0.,1.));
#9323 = ADVANCED_FACE('',(#9324,#9365),#9399,.T.);
#9324 = FACE_BOUND('',#9325,.T.);
#9325 = EDGE_LOOP('',(#9326,#9334,#9335,#9336,#9344,#9352,#9358,#9359));
#9326 = ORIENTED_EDGE('',*,*,#9327,.F.);
#9327 = EDGE_CURVE('',#9259,#9328,#9330,.T.);
#9328 = VERTEX_POINT('',#9329);
#9329 = CARTESIAN_POINT('',(3.75,24.5,25.7));
#9330 = LINE('',#9331,#9332);
#9331 = CARTESIAN_POINT('',(-21.75,24.5,25.7));
#9332 = VECTOR('',#9333,1.);
#9333 = DIRECTION('',(1.,0.,0.));
#9334 = ORIENTED_EDGE('',*,*,#9266,.F.);
#9335 = ORIENTED_EDGE('',*,*,#9289,.T.);
#9336 = ORIENTED_EDGE('',*,*,#9337,.T.);
#9337 = EDGE_CURVE('',#9290,#9338,#9340,.T.);
#9338 = VERTEX_POINT('',#9339);
#9339 = CARTESIAN_POINT('',(-13.45,-19.2,25.7));
#9340 = LINE('',#9341,#9342);
#9341 = CARTESIAN_POINT('',(-13.45,-26.5,25.7));
#9342 = VECTOR('',#9343,1.);
#9343 = DIRECTION('',(0.,1.,0.));
#9344 = ORIENTED_EDGE('',*,*,#9345,.T.);
#9345 = EDGE_CURVE('',#9338,#9346,#9348,.T.);
#9346 = VERTEX_POINT('',#9347);
#9347 = CARTESIAN_POINT('',(-4.55,-19.2,25.7));
#9348 = LINE('',#9349,#9350);
#9349 = CARTESIAN_POINT('',(-13.45,-19.2,25.7));
#9350 = VECTOR('',#9351,1.);
#9351 = DIRECTION('',(1.,0.,0.));
#9352 = ORIENTED_EDGE('',*,*,#9353,.F.);
#9353 = EDGE_CURVE('',#9298,#9346,#9354,.T.);
#9354 = LINE('',#9355,#9356);
#9355 = CARTESIAN_POINT('',(-4.55,-26.5,25.7));
#9356 = VECTOR('',#9357,1.);
#9357 = DIRECTION('',(0.,1.,0.));
#9358 = ORIENTED_EDGE('',*,*,#9305,.T.);
#9359 = ORIENTED_EDGE('',*,*,#9360,.T.);
#9360 = EDGE_CURVE('',#9306,#9328,#9361,.T.);
#9361 = LINE('',#9362,#9363);
#9362 = CARTESIAN_POINT('',(3.75,-24.5,25.7));
#9363 = VECTOR('',#9364,1.);
#9364 = DIRECTION('',(0.,1.,0.));
#9365 = FACE_BOUND('',#9366,.T.);
#9366 = EDGE_LOOP('',(#9367,#9377,#9385,#9393));
#9367 = ORIENTED_EDGE('',*,*,#9368,.F.);
#9368 = EDGE_CURVE('',#9369,#9371,#9373,.T.);
#9369 = VERTEX_POINT('',#9370);
#9370 = CARTESIAN_POINT('',(-18.,-2.,25.7));
#9371 = VERTEX_POINT('',#9372);
#9372 = CARTESIAN_POINT('',(0.,-2.,25.7));
#9373 = LINE('',#9374,#9375);
#9374 = CARTESIAN_POINT('',(-18.,-2.,25.7));
#9375 = VECTOR('',#9376,1.);
#9376 = DIRECTION('',(1.,0.,0.));
#9377 = ORIENTED_EDGE('',*,*,#9378,.T.);
#9378 = EDGE_CURVE('',#9369,#9379,#9381,.T.);
#9379 = VERTEX_POINT('',#9380);
#9380 = CARTESIAN_POINT('',(-18.,14.,25.7));
#9381 = LINE('',#9382,#9383);
#9382 = CARTESIAN_POINT('',(-18.,-2.,25.7));
#9383 = VECTOR('',#9384,1.);
#9384 = DIRECTION('',(0.,1.,0.));
#9385 = ORIENTED_EDGE('',*,*,#9386,.T.);
#9386 = EDGE_CURVE('',#9379,#9387,#9389,.T.);
#9387 = VERTEX_POINT('',#9388);
#9388 = CARTESIAN_POINT('',(0.,14.,25.7));
#9389 = LINE('',#9390,#9391);
#9390 = CARTESIAN_POINT('',(-18.,14.,25.7));
#9391 = VECTOR('',#9392,1.);
#9392 = DIRECTION('',(1.,0.,0.));
#9393 = ORIENTED_EDGE('',*,*,#9394,.F.);
#9394 = EDGE_CURVE('',#9371,#9387,#9395,.T.);
#9395 = LINE('',#9396,#9397);
#9396 = CARTESIAN_POINT('',(0.,-2.,25.7));
#9397 = VECTOR('',#9398,1.);
#9398 = DIRECTION('',(0.,1.,0.));
#9399 = PLANE('',#9400);
#9400 = AXIS2_PLACEMENT_3D('',#9401,#9402,#9403);
#9401 = CARTESIAN_POINT('',(-21.75,-24.5,25.7));
#9402 = DIRECTION('',(0.,0.,1.));
#9403 = DIRECTION('',(1.,0.,0.));
#9404 = ADVANCED_FACE('',(#9405),#9423,.T.);
#9405 = FACE_BOUND('',#9406,.T.);
#9406 = EDGE_LOOP('',(#9407,#9415,#9416,#9417));
#9407 = ORIENTED_EDGE('',*,*,#9408,.F.);
#9408 = EDGE_CURVE('',#9251,#9409,#9411,.T.);
#9409 = VERTEX_POINT('',#9410);
#9410 = CARTESIAN_POINT('',(3.75,24.5,24.1));
#9411 = LINE('',#9412,#9413);
#9412 = CARTESIAN_POINT('',(-21.75,24.5,24.1));
#9413 = VECTOR('',#9414,1.);
#9414 = DIRECTION('',(1.,0.,0.));
#9415 = ORIENTED_EDGE('',*,*,#9258,.T.);
#9416 = ORIENTED_EDGE('',*,*,#9327,.T.);
#9417 = ORIENTED_EDGE('',*,*,#9418,.F.);
#9418 = EDGE_CURVE('',#9409,#9328,#9419,.T.);
#9419 = LINE('',#9420,#9421);
#9420 = CARTESIAN_POINT('',(3.75,24.5,24.1));
#9421 = VECTOR('',#9422,1.);
#9422 = DIRECTION('',(0.,0.,1.));
#9423 = PLANE('',#9424);
#9424 = AXIS2_PLACEMENT_3D('',#9425,#9426,#9427);
#9425 = CARTESIAN_POINT('',(-21.75,24.5,24.1));
#9426 = DIRECTION('',(0.,1.,0.));
#9427 = DIRECTION('',(0.,0.,1.));
#9428 = ADVANCED_FACE('',(#9429),#9440,.F.);
#9429 = FACE_BOUND('',#9430,.F.);
#9430 = EDGE_LOOP('',(#9431,#9432,#9433,#9439));
#9431 = ORIENTED_EDGE('',*,*,#9250,.F.);
#9432 = ORIENTED_EDGE('',*,*,#9280,.T.);
#9433 = ORIENTED_EDGE('',*,*,#9434,.T.);
#9434 = EDGE_CURVE('',#9281,#9409,#9435,.T.);
#9435 = LINE('',#9436,#9437);
#9436 = CARTESIAN_POINT('',(3.75,-24.5,24.1));
#9437 = VECTOR('',#9438,1.);
#9438 = DIRECTION('',(0.,1.,0.));
#9439 = ORIENTED_EDGE('',*,*,#9408,.F.);
#9440 = PLANE('',#9441);
#9441 = AXIS2_PLACEMENT_3D('',#9442,#9443,#9444);
#9442 = CARTESIAN_POINT('',(-21.75,-24.5,24.1));
#9443 = DIRECTION('',(0.,0.,1.));
#9444 = DIRECTION('',(1.,0.,0.));
#9445 = ADVANCED_FACE('',(#9446),#9452,.T.);
#9446 = FACE_BOUND('',#9447,.T.);
#9447 = EDGE_LOOP('',(#9448,#9449,#9450,#9451));
#9448 = ORIENTED_EDGE('',*,*,#9313,.F.);
#9449 = ORIENTED_EDGE('',*,*,#9434,.T.);
#9450 = ORIENTED_EDGE('',*,*,#9418,.T.);
#9451 = ORIENTED_EDGE('',*,*,#9360,.F.);
#9452 = PLANE('',#9453);
#9453 = AXIS2_PLACEMENT_3D('',#9454,#9455,#9456);
#9454 = CARTESIAN_POINT('',(3.75,-24.5,24.1));
#9455 = DIRECTION('',(1.,0.,0.));
#9456 = DIRECTION('',(0.,0.,1.));
#9457 = ADVANCED_FACE('',(#9458),#9483,.F.);
#9458 = FACE_BOUND('',#9459,.F.);
#9459 = EDGE_LOOP('',(#9460,#9468,#9476,#9482));
#9460 = ORIENTED_EDGE('',*,*,#9461,.F.);
#9461 = EDGE_CURVE('',#9462,#9290,#9464,.T.);
#9462 = VERTEX_POINT('',#9463);
#9463 = CARTESIAN_POINT('',(-13.45,-26.5,25.7));
#9464 = LINE('',#9465,#9466);
#9465 = CARTESIAN_POINT('',(-13.45,-26.5,25.7));
#9466 = VECTOR('',#9467,1.);
#9467 = DIRECTION('',(0.,1.,0.));
#9468 = ORIENTED_EDGE('',*,*,#9469,.T.);
#9469 = EDGE_CURVE('',#9462,#9470,#9472,.T.);
#9470 = VERTEX_POINT('',#9471);
#9471 = CARTESIAN_POINT('',(-4.55,-26.5,25.7));
#9472 = LINE('',#9473,#9474);
#9473 = CARTESIAN_POINT('',(-13.45,-26.5,25.7));
#9474 = VECTOR('',#9475,1.);
#9475 = DIRECTION('',(1.,0.,0.));
#9476 = ORIENTED_EDGE('',*,*,#9477,.T.);
#9477 = EDGE_CURVE('',#9470,#9298,#9478,.T.);
#9478 = LINE('',#9479,#9480);
#9479 = CARTESIAN_POINT('',(-4.55,-26.5,25.7));
#9480 = VECTOR('',#9481,1.);
#9481 = DIRECTION('',(0.,1.,0.));
#9482 = ORIENTED_EDGE('',*,*,#9297,.F.);
#9483 = PLANE('',#9484);
#9484 = AXIS2_PLACEMENT_3D('',#9485,#9486,#9487);
#9485 = CARTESIAN_POINT('',(-13.45,-26.5,25.7));
#9486 = DIRECTION('',(0.,0.,1.));
#9487 = DIRECTION('',(1.,0.,0.));
#9488 = ADVANCED_FACE('',(#9489),#9515,.T.);
#9489 = FACE_BOUND('',#9490,.T.);
#9490 = EDGE_LOOP('',(#9491,#9499,#9500,#9501,#9509));
#9491 = ORIENTED_EDGE('',*,*,#9492,.F.);
#9492 = EDGE_CURVE('',#9470,#9493,#9495,.T.);
#9493 = VERTEX_POINT('',#9494);
#9494 = CARTESIAN_POINT('',(-4.55,-26.5,28.9));
#9495 = LINE('',#9496,#9497);
#9496 = CARTESIAN_POINT('',(-4.55,-26.5,25.7));
#9497 = VECTOR('',#9498,1.);
#9498 = DIRECTION('',(0.,0.,1.));
#9499 = ORIENTED_EDGE('',*,*,#9477,.T.);
#9500 = ORIENTED_EDGE('',*,*,#9353,.T.);
#9501 = ORIENTED_EDGE('',*,*,#9502,.T.);
#9502 = EDGE_CURVE('',#9346,#9503,#9505,.T.);
#9503 = VERTEX_POINT('',#9504);
#9504 = CARTESIAN_POINT('',(-4.55,-19.2,28.9));
#9505 = LINE('',#9506,#9507);
#9506 = CARTESIAN_POINT('',(-4.55,-19.2,25.7));
#9507 = VECTOR('',#9508,1.);
#9508 = DIRECTION('',(0.,0.,1.));
#9509 = ORIENTED_EDGE('',*,*,#9510,.F.);
#9510 = EDGE_CURVE('',#9493,#9503,#9511,.T.);
#9511 = LINE('',#9512,#9513);
#9512 = CARTESIAN_POINT('',(-4.55,-26.5,28.9));
#9513 = VECTOR('',#9514,1.);
#9514 = DIRECTION('',(0.,1.,0.));
#9515 = PLANE('',#9516);
#9516 = AXIS2_PLACEMENT_3D('',#9517,#9518,#9519);
#9517 = CARTESIAN_POINT('',(-4.55,-26.5,25.7));
#9518 = DIRECTION('',(1.,0.,0.));
#9519 = DIRECTION('',(0.,0.,1.));
#9520 = ADVANCED_FACE('',(#9521),#9539,.T.);
#9521 = FACE_BOUND('',#9522,.T.);
#9522 = EDGE_LOOP('',(#9523,#9524,#9532,#9538));
#9523 = ORIENTED_EDGE('',*,*,#9345,.F.);
#9524 = ORIENTED_EDGE('',*,*,#9525,.T.);
#9525 = EDGE_CURVE('',#9338,#9526,#9528,.T.);
#9526 = VERTEX_POINT('',#9527);
#9527 = CARTESIAN_POINT('',(-13.45,-19.2,28.9));
#9528 = LINE('',#9529,#9530);
#9529 = CARTESIAN_POINT('',(-13.45,-19.2,25.7));
#9530 = VECTOR('',#9531,1.);
#9531 = DIRECTION('',(0.,0.,1.));
#9532 = ORIENTED_EDGE('',*,*,#9533,.T.);
#9533 = EDGE_CURVE('',#9526,#9503,#9534,.T.);
#9534 = LINE('',#9535,#9536);
#9535 = CARTESIAN_POINT('',(-13.45,-19.2,28.9));
#9536 = VECTOR('',#9537,1.);
#9537 = DIRECTION('',(1.,0.,0.));
#9538 = ORIENTED_EDGE('',*,*,#9502,.F.);
#9539 = PLANE('',#9540);
#9540 = AXIS2_PLACEMENT_3D('',#9541,#9542,#9543);
#9541 = CARTESIAN_POINT('',(-13.45,-19.2,25.7));
#9542 = DIRECTION('',(0.,1.,0.));
#9543 = DIRECTION('',(0.,0.,1.));
#9544 = ADVANCED_FACE('',(#9545),#9564,.F.);
#9545 = FACE_BOUND('',#9546,.F.);
#9546 = EDGE_LOOP('',(#9547,#9555,#9556,#9557,#9558));
#9547 = ORIENTED_EDGE('',*,*,#9548,.F.);
#9548 = EDGE_CURVE('',#9462,#9549,#9551,.T.);
#9549 = VERTEX_POINT('',#9550);
#9550 = CARTESIAN_POINT('',(-13.45,-26.5,28.9));
#9551 = LINE('',#9552,#9553);
#9552 = CARTESIAN_POINT('',(-13.45,-26.5,25.7));
#9553 = VECTOR('',#9554,1.);
#9554 = DIRECTION('',(0.,0.,1.));
#9555 = ORIENTED_EDGE('',*,*,#9461,.T.);
#9556 = ORIENTED_EDGE('',*,*,#9337,.T.);
#9557 = ORIENTED_EDGE('',*,*,#9525,.T.);
#9558 = ORIENTED_EDGE('',*,*,#9559,.F.);
#9559 = EDGE_CURVE('',#9549,#9526,#9560,.T.);
#9560 = LINE('',#9561,#9562);
#9561 = CARTESIAN_POINT('',(-13.45,-26.5,28.9));
#9562 = VECTOR('',#9563,1.);
#9563 = DIRECTION('',(0.,1.,0.));
#9564 = PLANE('',#9565);
#9565 = AXIS2_PLACEMENT_3D('',#9566,#9567,#9568);
#9566 = CARTESIAN_POINT('',(-13.45,-26.5,25.7));
#9567 = DIRECTION('',(1.,0.,0.));
#9568 = DIRECTION('',(0.,0.,1.));
#9569 = ADVANCED_FACE('',(#9570),#9595,.F.);
#9570 = FACE_BOUND('',#9571,.F.);
#9571 = EDGE_LOOP('',(#9572,#9573,#9581,#9589));
#9572 = ORIENTED_EDGE('',*,*,#9368,.F.);
#9573 = ORIENTED_EDGE('',*,*,#9574,.T.);
#9574 = EDGE_CURVE('',#9369,#9575,#9577,.T.);
#9575 = VERTEX_POINT('',#9576);
#9576 = CARTESIAN_POINT('',(-18.,-2.,28.5));
#9577 = LINE('',#9578,#9579);
#9578 = CARTESIAN_POINT('',(-18.,-2.,25.7));
#9579 = VECTOR('',#9580,1.);
#9580 = DIRECTION('',(0.,0.,1.));
#9581 = ORIENTED_EDGE('',*,*,#9582,.T.);
#9582 = EDGE_CURVE('',#9575,#9583,#9585,.T.);
#9583 = VERTEX_POINT('',#9584);
#9584 = CARTESIAN_POINT('',(0.,-2.,28.5));
#9585 = LINE('',#9586,#9587);
#9586 = CARTESIAN_POINT('',(-18.,-2.,28.5));
#9587 = VECTOR('',#9588,1.);
#9588 = DIRECTION('',(1.,0.,0.));
#9589 = ORIENTED_EDGE('',*,*,#9590,.F.);
#9590 = EDGE_CURVE('',#9371,#9583,#9591,.T.);
#9591 = LINE('',#9592,#9593);
#9592 = CARTESIAN_POINT('',(0.,-2.,25.7));
#9593 = VECTOR('',#9594,1.);
#9594 = DIRECTION('',(0.,0.,1.));
#9595 = PLANE('',#9596);
#9596 = AXIS2_PLACEMENT_3D('',#9597,#9598,#9599);
#9597 = CARTESIAN_POINT('',(-18.,-2.,25.7));
#9598 = DIRECTION('',(0.,1.,0.));
#9599 = DIRECTION('',(0.,0.,1.));
#9600 = ADVANCED_FACE('',(#9601),#9619,.F.);
#9601 = FACE_BOUND('',#9602,.F.);
#9602 = EDGE_LOOP('',(#9603,#9604,#9605,#9613));
#9603 = ORIENTED_EDGE('',*,*,#9574,.F.);
#9604 = ORIENTED_EDGE('',*,*,#9378,.T.);
#9605 = ORIENTED_EDGE('',*,*,#9606,.T.);
#9606 = EDGE_CURVE('',#9379,#9607,#9609,.T.);
#9607 = VERTEX_POINT('',#9608);
#9608 = CARTESIAN_POINT('',(-18.,14.,28.5));
#9609 = LINE('',#9610,#9611);
#9610 = CARTESIAN_POINT('',(-18.,14.,25.7));
#9611 = VECTOR('',#9612,1.);
#9612 = DIRECTION('',(0.,0.,1.));
#9613 = ORIENTED_EDGE('',*,*,#9614,.F.);
#9614 = EDGE_CURVE('',#9575,#9607,#9615,.T.);
#9615 = LINE('',#9616,#9617);
#9616 = CARTESIAN_POINT('',(-18.,-2.,28.5));
#9617 = VECTOR('',#9618,1.);
#9618 = DIRECTION('',(0.,1.,0.));
#9619 = PLANE('',#9620);
#9620 = AXIS2_PLACEMENT_3D('',#9621,#9622,#9623);
#9621 = CARTESIAN_POINT('',(-18.,-2.,25.7));
#9622 = DIRECTION('',(1.,0.,0.));
#9623 = DIRECTION('',(0.,0.,1.));
#9624 = ADVANCED_FACE('',(#9625),#9643,.T.);
#9625 = FACE_BOUND('',#9626,.T.);
#9626 = EDGE_LOOP('',(#9627,#9628,#9629,#9637));
#9627 = ORIENTED_EDGE('',*,*,#9590,.F.);
#9628 = ORIENTED_EDGE('',*,*,#9394,.T.);
#9629 = ORIENTED_EDGE('',*,*,#9630,.T.);
#9630 = EDGE_CURVE('',#9387,#9631,#9633,.T.);
#9631 = VERTEX_POINT('',#9632);
#9632 = CARTESIAN_POINT('',(0.,14.,28.5));
#9633 = LINE('',#9634,#9635);
#9634 = CARTESIAN_POINT('',(0.,14.,25.7));
#9635 = VECTOR('',#9636,1.);
#9636 = DIRECTION('',(0.,0.,1.));
#9637 = ORIENTED_EDGE('',*,*,#9638,.F.);
#9638 = EDGE_CURVE('',#9583,#9631,#9639,.T.);
#9639 = LINE('',#9640,#9641);
#9640 = CARTESIAN_POINT('',(0.,-2.,28.5));
#9641 = VECTOR('',#9642,1.);
#9642 = DIRECTION('',(0.,1.,0.));
#9643 = PLANE('',#9644);
#9644 = AXIS2_PLACEMENT_3D('',#9645,#9646,#9647);
#9645 = CARTESIAN_POINT('',(0.,-2.,25.7));
#9646 = DIRECTION('',(1.,0.,0.));
#9647 = DIRECTION('',(0.,0.,1.));
#9648 = ADVANCED_FACE('',(#9649),#9660,.T.);
#9649 = FACE_BOUND('',#9650,.T.);
#9650 = EDGE_LOOP('',(#9651,#9652,#9653,#9659));
#9651 = ORIENTED_EDGE('',*,*,#9386,.F.);
#9652 = ORIENTED_EDGE('',*,*,#9606,.T.);
#9653 = ORIENTED_EDGE('',*,*,#9654,.T.);
#9654 = EDGE_CURVE('',#9607,#9631,#9655,.T.);
#9655 = LINE('',#9656,#9657);
#9656 = CARTESIAN_POINT('',(-18.,14.,28.5));
#9657 = VECTOR('',#9658,1.);
#9658 = DIRECTION('',(1.,0.,0.));
#9659 = ORIENTED_EDGE('',*,*,#9630,.F.);
#9660 = PLANE('',#9661);
#9661 = AXIS2_PLACEMENT_3D('',#9662,#9663,#9664);
#9662 = CARTESIAN_POINT('',(-18.,14.,25.7));
#9663 = DIRECTION('',(0.,1.,0.));
#9664 = DIRECTION('',(0.,0.,1.));
#9665 = ADVANCED_FACE('',(#9666),#9677,.F.);
#9666 = FACE_BOUND('',#9667,.F.);
#9667 = EDGE_LOOP('',(#9668,#9669,#9670,#9676));
#9668 = ORIENTED_EDGE('',*,*,#9469,.F.);
#9669 = ORIENTED_EDGE('',*,*,#9548,.T.);
#9670 = ORIENTED_EDGE('',*,*,#9671,.T.);
#9671 = EDGE_CURVE('',#9549,#9493,#9672,.T.);
#9672 = LINE('',#9673,#9674);
#9673 = CARTESIAN_POINT('',(-13.45,-26.5,28.9));
#9674 = VECTOR('',#9675,1.);
#9675 = DIRECTION('',(1.,0.,0.));
#9676 = ORIENTED_EDGE('',*,*,#9492,.F.);
#9677 = PLANE('',#9678);
#9678 = AXIS2_PLACEMENT_3D('',#9679,#9680,#9681);
#9679 = CARTESIAN_POINT('',(-13.45,-26.5,25.7));
#9680 = DIRECTION('',(0.,1.,0.));
#9681 = DIRECTION('',(0.,0.,1.));
#9682 = ADVANCED_FACE('',(#9683),#9689,.T.);
#9683 = FACE_BOUND('',#9684,.T.);
#9684 = EDGE_LOOP('',(#9685,#9686,#9687,#9688));
#9685 = ORIENTED_EDGE('',*,*,#9559,.F.);
#9686 = ORIENTED_EDGE('',*,*,#9671,.T.);
#9687 = ORIENTED_EDGE('',*,*,#9510,.T.);
#9688 = ORIENTED_EDGE('',*,*,#9533,.F.);
#9689 = PLANE('',#9690);
#9690 = AXIS2_PLACEMENT_3D('',#9691,#9692,#9693);
#9691 = CARTESIAN_POINT('',(-13.45,-26.5,28.9));
#9692 = DIRECTION('',(0.,0.,1.));
#9693 = DIRECTION('',(1.,0.,0.));
#9694 = ADVANCED_FACE('',(#9695),#9701,.T.);
#9695 = FACE_BOUND('',#9696,.T.);
#9696 = EDGE_LOOP('',(#9697,#9698,#9699,#9700));
#9697 = ORIENTED_EDGE('',*,*,#9614,.F.);
#9698 = ORIENTED_EDGE('',*,*,#9582,.T.);
#9699 = ORIENTED_EDGE('',*,*,#9638,.T.);
#9700 = ORIENTED_EDGE('',*,*,#9654,.F.);
#9701 = PLANE('',#9702);
#9702 = AXIS2_PLACEMENT_3D('',#9703,#9704,#9705);
#9703 = CARTESIAN_POINT('',(-18.,-2.,28.5));
#9704 = DIRECTION('',(0.,0.,1.));
#9705 = DIRECTION('',(1.,0.,0.));
#9706 = MANIFOLD_SOLID_BREP('',#9707);
#9707 = CLOSED_SHELL('',(#9708,#9748,#9788,#9810,#9832,#9844));
#9708 = ADVANCED_FACE('',(#9709),#9743,.F.);
#9709 = FACE_BOUND('',#9710,.F.);
#9710 = EDGE_LOOP('',(#9711,#9721,#9729,#9737));
#9711 = ORIENTED_EDGE('',*,*,#9712,.F.);
#9712 = EDGE_CURVE('',#9713,#9715,#9717,.T.);
#9713 = VERTEX_POINT('',#9714);
#9714 = CARTESIAN_POINT('',(-21.25,-22.5,16.));
#9715 = VERTEX_POINT('',#9716);
#9716 = CARTESIAN_POINT('',(-21.25,-22.5,22.5));
#9717 = LINE('',#9718,#9719);
#9718 = CARTESIAN_POINT('',(-21.25,-22.5,16.));
#9719 = VECTOR('',#9720,1.);
#9720 = DIRECTION('',(0.,0.,1.));
#9721 = ORIENTED_EDGE('',*,*,#9722,.T.);
#9722 = EDGE_CURVE('',#9713,#9723,#9725,.T.);
#9723 = VERTEX_POINT('',#9724);
#9724 = CARTESIAN_POINT('',(-21.25,22.5,16.));
#9725 = LINE('',#9726,#9727);
#9726 = CARTESIAN_POINT('',(-21.25,-22.5,16.));
#9727 = VECTOR('',#9728,1.);
#9728 = DIRECTION('',(0.,1.,0.));
#9729 = ORIENTED_EDGE('',*,*,#9730,.T.);
#9730 = EDGE_CURVE('',#9723,#9731,#9733,.T.);
#9731 = VERTEX_POINT('',#9732);
#9732 = CARTESIAN_POINT('',(-21.25,22.5,22.5));
#9733 = LINE('',#9734,#9735);
#9734 = CARTESIAN_POINT('',(-21.25,22.5,16.));
#9735 = VECTOR('',#9736,1.);
#9736 = DIRECTION('',(0.,0.,1.));
#9737 = ORIENTED_EDGE('',*,*,#9738,.F.);
#9738 = EDGE_CURVE('',#9715,#9731,#9739,.T.);
#9739 = LINE('',#9740,#9741);
#9740 = CARTESIAN_POINT('',(-21.25,-22.5,22.5));
#9741 = VECTOR('',#9742,1.);
#9742 = DIRECTION('',(0.,1.,0.));
#9743 = PLANE('',#9744);
#9744 = AXIS2_PLACEMENT_3D('',#9745,#9746,#9747);
#9745 = CARTESIAN_POINT('',(-21.25,-22.5,16.));
#9746 = DIRECTION('',(1.,0.,0.));
#9747 = DIRECTION('',(0.,0.,1.));
#9748 = ADVANCED_FACE('',(#9749),#9783,.T.);
#9749 = FACE_BOUND('',#9750,.T.);
#9750 = EDGE_LOOP('',(#9751,#9761,#9769,#9777));
#9751 = ORIENTED_EDGE('',*,*,#9752,.F.);
#9752 = EDGE_CURVE('',#9753,#9755,#9757,.T.);
#9753 = VERTEX_POINT('',#9754);
#9754 = CARTESIAN_POINT('',(-18.75,-22.5,16.));
#9755 = VERTEX_POINT('',#9756);
#9756 = CARTESIAN_POINT('',(-18.75,-22.5,22.5));
#9757 = LINE('',#9758,#9759);
#9758 = CARTESIAN_POINT('',(-18.75,-22.5,16.));
#9759 = VECTOR('',#9760,1.);
#9760 = DIRECTION('',(0.,0.,1.));
#9761 = ORIENTED_EDGE('',*,*,#9762,.T.);
#9762 = EDGE_CURVE('',#9753,#9763,#9765,.T.);
#9763 = VERTEX_POINT('',#9764);
#9764 = CARTESIAN_POINT('',(-18.75,22.5,16.));
#9765 = LINE('',#9766,#9767);
#9766 = CARTESIAN_POINT('',(-18.75,-22.5,16.));
#9767 = VECTOR('',#9768,1.);
#9768 = DIRECTION('',(0.,1.,0.));
#9769 = ORIENTED_EDGE('',*,*,#9770,.T.);
#9770 = EDGE_CURVE('',#9763,#9771,#9773,.T.);
#9771 = VERTEX_POINT('',#9772);
#9772 = CARTESIAN_POINT('',(-18.75,22.5,22.5));
#9773 = LINE('',#9774,#9775);
#9774 = CARTESIAN_POINT('',(-18.75,22.5,16.));
#9775 = VECTOR('',#9776,1.);
#9776 = DIRECTION('',(0.,0.,1.));
#9777 = ORIENTED_EDGE('',*,*,#9778,.F.);
#9778 = EDGE_CURVE('',#9755,#9771,#9779,.T.);
#9779 = LINE('',#9780,#9781);
#9780 = CARTESIAN_POINT('',(-18.75,-22.5,22.5));
#9781 = VECTOR('',#9782,1.);
#9782 = DIRECTION('',(0.,1.,0.));
#9783 = PLANE('',#9784);
#9784 = AXIS2_PLACEMENT_3D('',#9785,#9786,#9787);
#9785 = CARTESIAN_POINT('',(-18.75,-22.5,16.));
#9786 = DIRECTION('',(1.,0.,0.));
#9787 = DIRECTION('',(0.,0.,1.));
#9788 = ADVANCED_FACE('',(#9789),#9805,.F.);
#9789 = FACE_BOUND('',#9790,.F.);
#9790 = EDGE_LOOP('',(#9791,#9797,#9798,#9804));
#9791 = ORIENTED_EDGE('',*,*,#9792,.F.);
#9792 = EDGE_CURVE('',#9713,#9753,#9793,.T.);
#9793 = LINE('',#9794,#9795);
#9794 = CARTESIAN_POINT('',(-21.25,-22.5,16.));
#9795 = VECTOR('',#9796,1.);
#9796 = DIRECTION('',(1.,0.,0.));
#9797 = ORIENTED_EDGE('',*,*,#9712,.T.);
#9798 = ORIENTED_EDGE('',*,*,#9799,.T.);
#9799 = EDGE_CURVE('',#9715,#9755,#9800,.T.);
#9800 = LINE('',#9801,#9802);
#9801 = CARTESIAN_POINT('',(-21.25,-22.5,22.5));
#9802 = VECTOR('',#9803,1.);
#9803 = DIRECTION('',(1.,0.,0.));
#9804 = ORIENTED_EDGE('',*,*,#9752,.F.);
#9805 = PLANE('',#9806);
#9806 = AXIS2_PLACEMENT_3D('',#9807,#9808,#9809);
#9807 = CARTESIAN_POINT('',(-21.25,-22.5,16.));
#9808 = DIRECTION('',(0.,1.,0.));
#9809 = DIRECTION('',(0.,0.,1.));
#9810 = ADVANCED_FACE('',(#9811),#9827,.T.);
#9811 = FACE_BOUND('',#9812,.T.);
#9812 = EDGE_LOOP('',(#9813,#9819,#9820,#9826));
#9813 = ORIENTED_EDGE('',*,*,#9814,.F.);
#9814 = EDGE_CURVE('',#9723,#9763,#9815,.T.);
#9815 = LINE('',#9816,#9817);
#9816 = CARTESIAN_POINT('',(-21.25,22.5,16.));
#9817 = VECTOR('',#9818,1.);
#9818 = DIRECTION('',(1.,0.,0.));
#9819 = ORIENTED_EDGE('',*,*,#9730,.T.);
#9820 = ORIENTED_EDGE('',*,*,#9821,.T.);
#9821 = EDGE_CURVE('',#9731,#9771,#9822,.T.);
#9822 = LINE('',#9823,#9824);
#9823 = CARTESIAN_POINT('',(-21.25,22.5,22.5));
#9824 = VECTOR('',#9825,1.);
#9825 = DIRECTION('',(1.,0.,0.));
#9826 = ORIENTED_EDGE('',*,*,#9770,.F.);
#9827 = PLANE('',#9828);
#9828 = AXIS2_PLACEMENT_3D('',#9829,#9830,#9831);
#9829 = CARTESIAN_POINT('',(-21.25,22.5,16.));
#9830 = DIRECTION('',(0.,1.,0.));
#9831 = DIRECTION('',(0.,0.,1.));
#9832 = ADVANCED_FACE('',(#9833),#9839,.F.);
#9833 = FACE_BOUND('',#9834,.F.);
#9834 = EDGE_LOOP('',(#9835,#9836,#9837,#9838));
#9835 = ORIENTED_EDGE('',*,*,#9722,.F.);
#9836 = ORIENTED_EDGE('',*,*,#9792,.T.);
#9837 = ORIENTED_EDGE('',*,*,#9762,.T.);
#9838 = ORIENTED_EDGE('',*,*,#9814,.F.);
#9839 = PLANE('',#9840);
#9840 = AXIS2_PLACEMENT_3D('',#9841,#9842,#9843);
#9841 = CARTESIAN_POINT('',(-21.25,-22.5,16.));
#9842 = DIRECTION('',(0.,0.,1.));
#9843 = DIRECTION('',(1.,0.,0.));
#9844 = ADVANCED_FACE('',(#9845),#9851,.T.);
#9845 = FACE_BOUND('',#9846,.T.);
#9846 = EDGE_LOOP('',(#9847,#9848,#9849,#9850));
#9847 = ORIENTED_EDGE('',*,*,#9738,.F.);
#9848 = ORIENTED_EDGE('',*,*,#9799,.T.);
#9849 = ORIENTED_EDGE('',*,*,#9778,.T.);
#9850 = ORIENTED_EDGE('',*,*,#9821,.F.);
#9851 = PLANE('',#9852);
#9852 = AXIS2_PLACEMENT_3D('',#9853,#9854,#9855);
#9853 = CARTESIAN_POINT('',(-21.25,-22.5,22.5));
#9854 = DIRECTION('',(0.,0.,1.));
#9855 = DIRECTION('',(1.,0.,0.));
#9856 = MANIFOLD_SOLID_BREP('',#9857);
#9857 = CLOSED_SHELL('',(#9858,#9898,#9938,#9960,#9982,#9994));
#9858 = ADVANCED_FACE('',(#9859),#9893,.F.);
#9859 = FACE_BOUND('',#9860,.F.);
#9860 = EDGE_LOOP('',(#9861,#9871,#9879,#9887));
#9861 = ORIENTED_EDGE('',*,*,#9862,.F.);
#9862 = EDGE_CURVE('',#9863,#9865,#9867,.T.);
#9863 = VERTEX_POINT('',#9864);
#9864 = CARTESIAN_POINT('',(0.75,-22.5,16.));
#9865 = VERTEX_POINT('',#9866);
#9866 = CARTESIAN_POINT('',(0.75,-22.5,22.5));
#9867 = LINE('',#9868,#9869);
#9868 = CARTESIAN_POINT('',(0.75,-22.5,16.));
#9869 = VECTOR('',#9870,1.);
#9870 = DIRECTION('',(0.,0.,1.));
#9871 = ORIENTED_EDGE('',*,*,#9872,.T.);
#9872 = EDGE_CURVE('',#9863,#9873,#9875,.T.);
#9873 = VERTEX_POINT('',#9874);
#9874 = CARTESIAN_POINT('',(0.75,22.5,16.));
#9875 = LINE('',#9876,#9877);
#9876 = CARTESIAN_POINT('',(0.75,-22.5,16.));
#9877 = VECTOR('',#9878,1.);
#9878 = DIRECTION('',(0.,1.,0.));
#9879 = ORIENTED_EDGE('',*,*,#9880,.T.);
#9880 = EDGE_CURVE('',#9873,#9881,#9883,.T.);
#9881 = VERTEX_POINT('',#9882);
#9882 = CARTESIAN_POINT('',(0.75,22.5,22.5));
#9883 = LINE('',#9884,#9885);
#9884 = CARTESIAN_POINT('',(0.75,22.5,16.));
#9885 = VECTOR('',#9886,1.);
#9886 = DIRECTION('',(0.,0.,1.));
#9887 = ORIENTED_EDGE('',*,*,#9888,.F.);
#9888 = EDGE_CURVE('',#9865,#9881,#9889,.T.);
#9889 = LINE('',#9890,#9891);
#9890 = CARTESIAN_POINT('',(0.75,-22.5,22.5));
#9891 = VECTOR('',#9892,1.);
#9892 = DIRECTION('',(0.,1.,0.));
#9893 = PLANE('',#9894);
#9894 = AXIS2_PLACEMENT_3D('',#9895,#9896,#9897);
#9895 = CARTESIAN_POINT('',(0.75,-22.5,16.));
#9896 = DIRECTION('',(1.,0.,0.));
#9897 = DIRECTION('',(0.,0.,1.));
#9898 = ADVANCED_FACE('',(#9899),#9933,.T.);
#9899 = FACE_BOUND('',#9900,.T.);
#9900 = EDGE_LOOP('',(#9901,#9911,#9919,#9927));
#9901 = ORIENTED_EDGE('',*,*,#9902,.F.);
#9902 = EDGE_CURVE('',#9903,#9905,#9907,.T.);
#9903 = VERTEX_POINT('',#9904);
#9904 = CARTESIAN_POINT('',(3.25,-22.5,16.));
#9905 = VERTEX_POINT('',#9906);
#9906 = CARTESIAN_POINT('',(3.25,-22.5,22.5));
#9907 = LINE('',#9908,#9909);
#9908 = CARTESIAN_POINT('',(3.25,-22.5,16.));
#9909 = VECTOR('',#9910,1.);
#9910 = DIRECTION('',(0.,0.,1.));
#9911 = ORIENTED_EDGE('',*,*,#9912,.T.);
#9912 = EDGE_CURVE('',#9903,#9913,#9915,.T.);
#9913 = VERTEX_POINT('',#9914);
#9914 = CARTESIAN_POINT('',(3.25,22.5,16.));
#9915 = LINE('',#9916,#9917);
#9916 = CARTESIAN_POINT('',(3.25,-22.5,16.));
#9917 = VECTOR('',#9918,1.);
#9918 = DIRECTION('',(0.,1.,0.));
#9919 = ORIENTED_EDGE('',*,*,#9920,.T.);
#9920 = EDGE_CURVE('',#9913,#9921,#9923,.T.);
#9921 = VERTEX_POINT('',#9922);
#9922 = CARTESIAN_POINT('',(3.25,22.5,22.5));
#9923 = LINE('',#9924,#9925);
#9924 = CARTESIAN_POINT('',(3.25,22.5,16.));
#9925 = VECTOR('',#9926,1.);
#9926 = DIRECTION('',(0.,0.,1.));
#9927 = ORIENTED_EDGE('',*,*,#9928,.F.);
#9928 = EDGE_CURVE('',#9905,#9921,#9929,.T.);
#9929 = LINE('',#9930,#9931);
#9930 = CARTESIAN_POINT('',(3.25,-22.5,22.5));
#9931 = VECTOR('',#9932,1.);
#9932 = DIRECTION('',(0.,1.,0.));
#9933 = PLANE('',#9934);
#9934 = AXIS2_PLACEMENT_3D('',#9935,#9936,#9937);
#9935 = CARTESIAN_POINT('',(3.25,-22.5,16.));
#9936 = DIRECTION('',(1.,0.,0.));
#9937 = DIRECTION('',(0.,0.,1.));
#9938 = ADVANCED_FACE('',(#9939),#9955,.F.);
#9939 = FACE_BOUND('',#9940,.F.);
#9940 = EDGE_LOOP('',(#9941,#9947,#9948,#9954));
#9941 = ORIENTED_EDGE('',*,*,#9942,.F.);
#9942 = EDGE_CURVE('',#9863,#9903,#9943,.T.);
#9943 = LINE('',#9944,#9945);
#9944 = CARTESIAN_POINT('',(0.75,-22.5,16.));
#9945 = VECTOR('',#9946,1.);
#9946 = DIRECTION('',(1.,0.,0.));
#9947 = ORIENTED_EDGE('',*,*,#9862,.T.);
#9948 = ORIENTED_EDGE('',*,*,#9949,.T.);
#9949 = EDGE_CURVE('',#9865,#9905,#9950,.T.);
#9950 = LINE('',#9951,#9952);
#9951 = CARTESIAN_POINT('',(0.75,-22.5,22.5));
#9952 = VECTOR('',#9953,1.);
#9953 = DIRECTION('',(1.,0.,0.));
#9954 = ORIENTED_EDGE('',*,*,#9902,.F.);
#9955 = PLANE('',#9956);
#9956 = AXIS2_PLACEMENT_3D('',#9957,#9958,#9959);
#9957 = CARTESIAN_POINT('',(0.75,-22.5,16.));
#9958 = DIRECTION('',(0.,1.,0.));
#9959 = DIRECTION('',(0.,0.,1.));
#9960 = ADVANCED_FACE('',(#9961),#9977,.T.);
#9961 = FACE_BOUND('',#9962,.T.);
#9962 = EDGE_LOOP('',(#9963,#9969,#9970,#9976));
#9963 = ORIENTED_EDGE('',*,*,#9964,.F.);
#9964 = EDGE_CURVE('',#9873,#9913,#9965,.T.);
#9965 = LINE('',#9966,#9967);
#9966 = CARTESIAN_POINT('',(0.75,22.5,16.));
#9967 = VECTOR('',#9968,1.);
#9968 = DIRECTION('',(1.,0.,0.));
#9969 = ORIENTED_EDGE('',*,*,#9880,.T.);
#9970 = ORIENTED_EDGE('',*,*,#9971,.T.);
#9971 = EDGE_CURVE('',#9881,#9921,#9972,.T.);
#9972 = LINE('',#9973,#9974);
#9973 = CARTESIAN_POINT('',(0.75,22.5,22.5));
#9974 = VECTOR('',#9975,1.);
#9975 = DIRECTION('',(1.,0.,0.));
#9976 = ORIENTED_EDGE('',*,*,#9920,.F.);
#9977 = PLANE('',#9978);
#9978 = AXIS2_PLACEMENT_3D('',#9979,#9980,#9981);
#9979 = CARTESIAN_POINT('',(0.75,22.5,16.));
#9980 = DIRECTION('',(0.,1.,0.));
#9981 = DIRECTION('',(0.,0.,1.));
#9982 = ADVANCED_FACE('',(#9983),#9989,.F.);
#9983 = FACE_BOUND('',#9984,.F.);
#9984 = EDGE_LOOP('',(#9985,#9986,#9987,#9988));
#9985 = ORIENTED_EDGE('',*,*,#9872,.F.);
#9986 = ORIENTED_EDGE('',*,*,#9942,.T.);
#9987 = ORIENTED_EDGE('',*,*,#9912,.T.);
#9988 = ORIENTED_EDGE('',*,*,#9964,.F.);
#9989 = PLANE('',#9990);
#9990 = AXIS2_PLACEMENT_3D('',#9991,#9992,#9993);
#9991 = CARTESIAN_POINT('',(0.75,-22.5,16.));
#9992 = DIRECTION('',(0.,0.,1.));
#9993 = DIRECTION('',(1.,0.,0.));
#9994 = ADVANCED_FACE('',(#9995),#10001,.T.);
#9995 = FACE_BOUND('',#9996,.T.);
#9996 = EDGE_LOOP('',(#9997,#9998,#9999,#10000));
#9997 = ORIENTED_EDGE('',*,*,#9888,.F.);
#9998 = ORIENTED_EDGE('',*,*,#9949,.T.);
#9999 = ORIENTED_EDGE('',*,*,#9928,.T.);
#10000 = ORIENTED_EDGE('',*,*,#9971,.F.);
#10001 = PLANE('',#10002);
#10002 = AXIS2_PLACEMENT_3D('',#10003,#10004,#10005);
#10003 = CARTESIAN_POINT('',(0.75,-22.5,22.5));
#10004 = DIRECTION('',(0.,0.,1.));
#10005 = DIRECTION('',(1.,0.,0.));
#10006 = MANIFOLD_SOLID_BREP('',#10007);
#10007 = CLOSED_SHELL('',(#10008,#10048,#10079,#10169,#10193,#10276,
    #10293,#10310,#10359,#10383,#10425,#10456,#10480,#10504,#10521,
    #10538,#10569,#10593,#10617,#10634,#10667,#10679,#10691,#10703,
    #10715,#10740,#10760,#10785,#10805,#10830));
#10008 = ADVANCED_FACE('',(#10009),#10043,.F.);
#10009 = FACE_BOUND('',#10010,.F.);
#10010 = EDGE_LOOP('',(#10011,#10021,#10029,#10037));
#10011 = ORIENTED_EDGE('',*,*,#10012,.F.);
#10012 = EDGE_CURVE('',#10013,#10015,#10017,.T.);
#10013 = VERTEX_POINT('',#10014);
#10014 = CARTESIAN_POINT('',(13.,0.55,26.6));
#10015 = VERTEX_POINT('',#10016);
#10016 = CARTESIAN_POINT('',(13.,0.55,28.2));
#10017 = LINE('',#10018,#10019);
#10018 = CARTESIAN_POINT('',(13.,0.55,26.6));
#10019 = VECTOR('',#10020,1.);
#10020 = DIRECTION('',(0.,0.,1.));
#10021 = ORIENTED_EDGE('',*,*,#10022,.T.);
#10022 = EDGE_CURVE('',#10013,#10023,#10025,.T.);
#10023 = VERTEX_POINT('',#10024);
#10024 = CARTESIAN_POINT('',(13.,21.55,26.6));
#10025 = LINE('',#10026,#10027);
#10026 = CARTESIAN_POINT('',(13.,0.55,26.6));
#10027 = VECTOR('',#10028,1.);
#10028 = DIRECTION('',(0.,1.,0.));
#10029 = ORIENTED_EDGE('',*,*,#10030,.T.);
#10030 = EDGE_CURVE('',#10023,#10031,#10033,.T.);
#10031 = VERTEX_POINT('',#10032);
#10032 = CARTESIAN_POINT('',(13.,21.55,28.2));
#10033 = LINE('',#10034,#10035);
#10034 = CARTESIAN_POINT('',(13.,21.55,26.6));
#10035 = VECTOR('',#10036,1.);
#10036 = DIRECTION('',(0.,0.,1.));
#10037 = ORIENTED_EDGE('',*,*,#10038,.F.);
#10038 = EDGE_CURVE('',#10015,#10031,#10039,.T.);
#10039 = LINE('',#10040,#10041);
#10040 = CARTESIAN_POINT('',(13.,0.55,28.2));
#10041 = VECTOR('',#10042,1.);
#10042 = DIRECTION('',(0.,1.,0.));
#10043 = PLANE('',#10044);
#10044 = AXIS2_PLACEMENT_3D('',#10045,#10046,#10047);
#10045 = CARTESIAN_POINT('',(13.,0.55,26.6));
#10046 = DIRECTION('',(1.,0.,0.));
#10047 = DIRECTION('',(0.,0.,1.));
#10048 = ADVANCED_FACE('',(#10049),#10074,.F.);
#10049 = FACE_BOUND('',#10050,.F.);
#10050 = EDGE_LOOP('',(#10051,#10059,#10060,#10068));
#10051 = ORIENTED_EDGE('',*,*,#10052,.F.);
#10052 = EDGE_CURVE('',#10013,#10053,#10055,.T.);
#10053 = VERTEX_POINT('',#10054);
#10054 = CARTESIAN_POINT('',(49.,0.55,26.6));
#10055 = LINE('',#10056,#10057);
#10056 = CARTESIAN_POINT('',(13.,0.55,26.6));
#10057 = VECTOR('',#10058,1.);
#10058 = DIRECTION('',(1.,0.,0.));
#10059 = ORIENTED_EDGE('',*,*,#10012,.T.);
#10060 = ORIENTED_EDGE('',*,*,#10061,.T.);
#10061 = EDGE_CURVE('',#10015,#10062,#10064,.T.);
#10062 = VERTEX_POINT('',#10063);
#10063 = CARTESIAN_POINT('',(49.,0.55,28.2));
#10064 = LINE('',#10065,#10066);
#10065 = CARTESIAN_POINT('',(13.,0.55,28.2));
#10066 = VECTOR('',#10067,1.);
#10067 = DIRECTION('',(1.,0.,0.));
#10068 = ORIENTED_EDGE('',*,*,#10069,.F.);
#10069 = EDGE_CURVE('',#10053,#10062,#10070,.T.);
#10070 = LINE('',#10071,#10072);
#10071 = CARTESIAN_POINT('',(49.,0.55,26.6));
#10072 = VECTOR('',#10073,1.);
#10073 = DIRECTION('',(0.,0.,1.));
#10074 = PLANE('',#10075);
#10075 = AXIS2_PLACEMENT_3D('',#10076,#10077,#10078);
#10076 = CARTESIAN_POINT('',(13.,0.55,26.6));
#10077 = DIRECTION('',(0.,1.,0.));
#10078 = DIRECTION('',(0.,0.,1.));
#10079 = ADVANCED_FACE('',(#10080,#10130),#10164,.T.);
#10080 = FACE_BOUND('',#10081,.T.);
#10081 = EDGE_LOOP('',(#10082,#10090,#10091,#10092,#10100,#10108,#10116,
    #10124));
#10082 = ORIENTED_EDGE('',*,*,#10083,.F.);
#10083 = EDGE_CURVE('',#10031,#10084,#10086,.T.);
#10084 = VERTEX_POINT('',#10085);
#10085 = CARTESIAN_POINT('',(49.,21.55,28.2));
#10086 = LINE('',#10087,#10088);
#10087 = CARTESIAN_POINT('',(13.,21.55,28.2));
#10088 = VECTOR('',#10089,1.);
#10089 = DIRECTION('',(1.,0.,0.));
#10090 = ORIENTED_EDGE('',*,*,#10038,.F.);
#10091 = ORIENTED_EDGE('',*,*,#10061,.T.);
#10092 = ORIENTED_EDGE('',*,*,#10093,.T.);
#10093 = EDGE_CURVE('',#10062,#10094,#10096,.T.);
#10094 = VERTEX_POINT('',#10095);
#10095 = CARTESIAN_POINT('',(49.,2.75,28.2));
#10096 = LINE('',#10097,#10098);
#10097 = CARTESIAN_POINT('',(49.,0.55,28.2));
#10098 = VECTOR('',#10099,1.);
#10099 = DIRECTION('',(0.,1.,0.));
#10100 = ORIENTED_EDGE('',*,*,#10101,.T.);
#10101 = EDGE_CURVE('',#10094,#10102,#10104,.T.);
#10102 = VERTEX_POINT('',#10103);
#10103 = CARTESIAN_POINT('',(45.5,2.75,28.2));
#10104 = LINE('',#10105,#10106);
#10105 = CARTESIAN_POINT('',(29.25,2.75,28.2));
#10106 = VECTOR('',#10107,1.);
#10107 = DIRECTION('',(-1.,0.,0.));
#10108 = ORIENTED_EDGE('',*,*,#10109,.T.);
#10109 = EDGE_CURVE('',#10102,#10110,#10112,.T.);
#10110 = VERTEX_POINT('',#10111);
#10111 = CARTESIAN_POINT('',(45.5,9.25,28.2));
#10112 = LINE('',#10113,#10114);
#10113 = CARTESIAN_POINT('',(45.5,1.65,28.2));
#10114 = VECTOR('',#10115,1.);
#10115 = DIRECTION('',(0.,1.,0.));
#10116 = ORIENTED_EDGE('',*,*,#10117,.F.);
#10117 = EDGE_CURVE('',#10118,#10110,#10120,.T.);
#10118 = VERTEX_POINT('',#10119);
#10119 = CARTESIAN_POINT('',(49.,9.25,28.2));
#10120 = LINE('',#10121,#10122);
#10121 = CARTESIAN_POINT('',(29.25,9.25,28.2));
#10122 = VECTOR('',#10123,1.);
#10123 = DIRECTION('',(-1.,0.,0.));
#10124 = ORIENTED_EDGE('',*,*,#10125,.T.);
#10125 = EDGE_CURVE('',#10118,#10084,#10126,.T.);
#10126 = LINE('',#10127,#10128);
#10127 = CARTESIAN_POINT('',(49.,0.55,28.2));
#10128 = VECTOR('',#10129,1.);
#10129 = DIRECTION('',(0.,1.,0.));
#10130 = FACE_BOUND('',#10131,.T.);
#10131 = EDGE_LOOP('',(#10132,#10142,#10150,#10158));
#10132 = ORIENTED_EDGE('',*,*,#10133,.F.);
#10133 = EDGE_CURVE('',#10134,#10136,#10138,.T.);
#10134 = VERTEX_POINT('',#10135);
#10135 = CARTESIAN_POINT('',(17.,2.5,28.2));
#10136 = VERTEX_POINT('',#10137);
#10137 = CARTESIAN_POINT('',(39.,2.5,28.2));
#10138 = LINE('',#10139,#10140);
#10139 = CARTESIAN_POINT('',(17.,2.5,28.2));
#10140 = VECTOR('',#10141,1.);
#10141 = DIRECTION('',(1.,0.,0.));
#10142 = ORIENTED_EDGE('',*,*,#10143,.T.);
#10143 = EDGE_CURVE('',#10134,#10144,#10146,.T.);
#10144 = VERTEX_POINT('',#10145);
#10145 = CARTESIAN_POINT('',(17.,19.5,28.2));
#10146 = LINE('',#10147,#10148);
#10147 = CARTESIAN_POINT('',(17.,2.5,28.2));
#10148 = VECTOR('',#10149,1.);
#10149 = DIRECTION('',(0.,1.,0.));
#10150 = ORIENTED_EDGE('',*,*,#10151,.T.);
#10151 = EDGE_CURVE('',#10144,#10152,#10154,.T.);
#10152 = VERTEX_POINT('',#10153);
#10153 = CARTESIAN_POINT('',(39.,19.5,28.2));
#10154 = LINE('',#10155,#10156);
#10155 = CARTESIAN_POINT('',(17.,19.5,28.2));
#10156 = VECTOR('',#10157,1.);
#10157 = DIRECTION('',(1.,0.,0.));
#10158 = ORIENTED_EDGE('',*,*,#10159,.F.);
#10159 = EDGE_CURVE('',#10136,#10152,#10160,.T.);
#10160 = LINE('',#10161,#10162);
#10161 = CARTESIAN_POINT('',(39.,2.5,28.2));
#10162 = VECTOR('',#10163,1.);
#10163 = DIRECTION('',(0.,1.,0.));
#10164 = PLANE('',#10165);
#10165 = AXIS2_PLACEMENT_3D('',#10166,#10167,#10168);
#10166 = CARTESIAN_POINT('',(13.,0.55,28.2));
#10167 = DIRECTION('',(0.,0.,1.));
#10168 = DIRECTION('',(1.,0.,0.));
#10169 = ADVANCED_FACE('',(#10170),#10188,.T.);
#10170 = FACE_BOUND('',#10171,.T.);
#10171 = EDGE_LOOP('',(#10172,#10180,#10181,#10182));
#10172 = ORIENTED_EDGE('',*,*,#10173,.F.);
#10173 = EDGE_CURVE('',#10023,#10174,#10176,.T.);
#10174 = VERTEX_POINT('',#10175);
#10175 = CARTESIAN_POINT('',(49.,21.55,26.6));
#10176 = LINE('',#10177,#10178);
#10177 = CARTESIAN_POINT('',(13.,21.55,26.6));
#10178 = VECTOR('',#10179,1.);
#10179 = DIRECTION('',(1.,0.,0.));
#10180 = ORIENTED_EDGE('',*,*,#10030,.T.);
#10181 = ORIENTED_EDGE('',*,*,#10083,.T.);
#10182 = ORIENTED_EDGE('',*,*,#10183,.F.);
#10183 = EDGE_CURVE('',#10174,#10084,#10184,.T.);
#10184 = LINE('',#10185,#10186);
#10185 = CARTESIAN_POINT('',(49.,21.55,26.6));
#10186 = VECTOR('',#10187,1.);
#10187 = DIRECTION('',(0.,0.,1.));
#10188 = PLANE('',#10189);
#10189 = AXIS2_PLACEMENT_3D('',#10190,#10191,#10192);
#10190 = CARTESIAN_POINT('',(13.,21.55,26.6));
#10191 = DIRECTION('',(0.,1.,0.));
#10192 = DIRECTION('',(0.,0.,1.));
#10193 = ADVANCED_FACE('',(#10194,#10237),#10271,.F.);
#10194 = FACE_BOUND('',#10195,.F.);
#10195 = EDGE_LOOP('',(#10196,#10197,#10198,#10199,#10207,#10215,#10223,
    #10231));
#10196 = ORIENTED_EDGE('',*,*,#10173,.F.);
#10197 = ORIENTED_EDGE('',*,*,#10022,.F.);
#10198 = ORIENTED_EDGE('',*,*,#10052,.T.);
#10199 = ORIENTED_EDGE('',*,*,#10200,.T.);
#10200 = EDGE_CURVE('',#10053,#10201,#10203,.T.);
#10201 = VERTEX_POINT('',#10202);
#10202 = CARTESIAN_POINT('',(49.,2.75,26.6));
#10203 = LINE('',#10204,#10205);
#10204 = CARTESIAN_POINT('',(49.,0.55,26.6));
#10205 = VECTOR('',#10206,1.);
#10206 = DIRECTION('',(0.,1.,0.));
#10207 = ORIENTED_EDGE('',*,*,#10208,.T.);
#10208 = EDGE_CURVE('',#10201,#10209,#10211,.T.);
#10209 = VERTEX_POINT('',#10210);
#10210 = CARTESIAN_POINT('',(45.5,2.75,26.6));
#10211 = LINE('',#10212,#10213);
#10212 = CARTESIAN_POINT('',(29.25,2.75,26.6));
#10213 = VECTOR('',#10214,1.);
#10214 = DIRECTION('',(-1.,0.,0.));
#10215 = ORIENTED_EDGE('',*,*,#10216,.T.);
#10216 = EDGE_CURVE('',#10209,#10217,#10219,.T.);
#10217 = VERTEX_POINT('',#10218);
#10218 = CARTESIAN_POINT('',(45.5,9.25,26.6));
#10219 = LINE('',#10220,#10221);
#10220 = CARTESIAN_POINT('',(45.5,1.65,26.6));
#10221 = VECTOR('',#10222,1.);
#10222 = DIRECTION('',(0.,1.,0.));
#10223 = ORIENTED_EDGE('',*,*,#10224,.F.);
#10224 = EDGE_CURVE('',#10225,#10217,#10227,.T.);
#10225 = VERTEX_POINT('',#10226);
#10226 = CARTESIAN_POINT('',(49.,9.25,26.6));
#10227 = LINE('',#10228,#10229);
#10228 = CARTESIAN_POINT('',(29.25,9.25,26.6));
#10229 = VECTOR('',#10230,1.);
#10230 = DIRECTION('',(-1.,0.,0.));
#10231 = ORIENTED_EDGE('',*,*,#10232,.T.);
#10232 = EDGE_CURVE('',#10225,#10174,#10233,.T.);
#10233 = LINE('',#10234,#10235);
#10234 = CARTESIAN_POINT('',(49.,0.55,26.6));
#10235 = VECTOR('',#10236,1.);
#10236 = DIRECTION('',(0.,1.,0.));
#10237 = FACE_BOUND('',#10238,.F.);
#10238 = EDGE_LOOP('',(#10239,#10249,#10257,#10265));
#10239 = ORIENTED_EDGE('',*,*,#10240,.F.);
#10240 = EDGE_CURVE('',#10241,#10243,#10245,.T.);
#10241 = VERTEX_POINT('',#10242);
#10242 = CARTESIAN_POINT('',(13.25,2.55,26.6));
#10243 = VERTEX_POINT('',#10244);
#10244 = CARTESIAN_POINT('',(15.75,2.55,26.6));
#10245 = LINE('',#10246,#10247);
#10246 = CARTESIAN_POINT('',(13.25,2.55,26.6));
#10247 = VECTOR('',#10248,1.);
#10248 = DIRECTION('',(1.,0.,0.));
#10249 = ORIENTED_EDGE('',*,*,#10250,.T.);
#10250 = EDGE_CURVE('',#10241,#10251,#10253,.T.);
#10251 = VERTEX_POINT('',#10252);
#10252 = CARTESIAN_POINT('',(13.25,19.55,26.6));
#10253 = LINE('',#10254,#10255);
#10254 = CARTESIAN_POINT('',(13.25,2.55,26.6));
#10255 = VECTOR('',#10256,1.);
#10256 = DIRECTION('',(0.,1.,0.));
#10257 = ORIENTED_EDGE('',*,*,#10258,.T.);
#10258 = EDGE_CURVE('',#10251,#10259,#10261,.T.);
#10259 = VERTEX_POINT('',#10260);
#10260 = CARTESIAN_POINT('',(15.75,19.55,26.6));
#10261 = LINE('',#10262,#10263);
#10262 = CARTESIAN_POINT('',(13.25,19.55,26.6));
#10263 = VECTOR('',#10264,1.);
#10264 = DIRECTION('',(1.,0.,0.));
#10265 = ORIENTED_EDGE('',*,*,#10266,.F.);
#10266 = EDGE_CURVE('',#10243,#10259,#10267,.T.);
#10267 = LINE('',#10268,#10269);
#10268 = CARTESIAN_POINT('',(15.75,2.55,26.6));
#10269 = VECTOR('',#10270,1.);
#10270 = DIRECTION('',(0.,1.,0.));
#10271 = PLANE('',#10272);
#10272 = AXIS2_PLACEMENT_3D('',#10273,#10274,#10275);
#10273 = CARTESIAN_POINT('',(13.,0.55,26.6));
#10274 = DIRECTION('',(0.,0.,1.));
#10275 = DIRECTION('',(1.,0.,0.));
#10276 = ADVANCED_FACE('',(#10277),#10288,.T.);
#10277 = FACE_BOUND('',#10278,.T.);
#10278 = EDGE_LOOP('',(#10279,#10280,#10281,#10282));
#10279 = ORIENTED_EDGE('',*,*,#10093,.F.);
#10280 = ORIENTED_EDGE('',*,*,#10069,.F.);
#10281 = ORIENTED_EDGE('',*,*,#10200,.T.);
#10282 = ORIENTED_EDGE('',*,*,#10283,.T.);
#10283 = EDGE_CURVE('',#10201,#10094,#10284,.T.);
#10284 = LINE('',#10285,#10286);
#10285 = CARTESIAN_POINT('',(49.,2.75,25.925));
#10286 = VECTOR('',#10287,1.);
#10287 = DIRECTION('',(0.,0.,1.));
#10288 = PLANE('',#10289);
#10289 = AXIS2_PLACEMENT_3D('',#10290,#10291,#10292);
#10290 = CARTESIAN_POINT('',(49.,0.55,26.6));
#10291 = DIRECTION('',(1.,0.,0.));
#10292 = DIRECTION('',(0.,0.,1.));
#10293 = ADVANCED_FACE('',(#10294),#10305,.T.);
#10294 = FACE_BOUND('',#10295,.T.);
#10295 = EDGE_LOOP('',(#10296,#10297,#10303,#10304));
#10296 = ORIENTED_EDGE('',*,*,#10125,.F.);
#10297 = ORIENTED_EDGE('',*,*,#10298,.F.);
#10298 = EDGE_CURVE('',#10225,#10118,#10299,.T.);
#10299 = LINE('',#10300,#10301);
#10300 = CARTESIAN_POINT('',(49.,9.25,25.925));
#10301 = VECTOR('',#10302,1.);
#10302 = DIRECTION('',(0.,0.,1.));
#10303 = ORIENTED_EDGE('',*,*,#10232,.T.);
#10304 = ORIENTED_EDGE('',*,*,#10183,.T.);
#10305 = PLANE('',#10306);
#10306 = AXIS2_PLACEMENT_3D('',#10307,#10308,#10309);
#10307 = CARTESIAN_POINT('',(49.,0.55,26.6));
#10308 = DIRECTION('',(1.,0.,0.));
#10309 = DIRECTION('',(0.,0.,1.));
#10310 = ADVANCED_FACE('',(#10311),#10354,.T.);
#10311 = FACE_BOUND('',#10312,.T.);
#10312 = EDGE_LOOP('',(#10313,#10323,#10331,#10337,#10338,#10339,#10340,
    #10348));
#10313 = ORIENTED_EDGE('',*,*,#10314,.F.);
#10314 = EDGE_CURVE('',#10315,#10317,#10319,.T.);
#10315 = VERTEX_POINT('',#10316);
#10316 = CARTESIAN_POINT('',(52.,9.25,25.25));
#10317 = VERTEX_POINT('',#10318);
#10318 = CARTESIAN_POINT('',(52.,9.25,31.75));
#10319 = LINE('',#10320,#10321);
#10320 = CARTESIAN_POINT('',(52.,9.25,25.25));
#10321 = VECTOR('',#10322,1.);
#10322 = DIRECTION('',(0.,0.,1.));
#10323 = ORIENTED_EDGE('',*,*,#10324,.F.);
#10324 = EDGE_CURVE('',#10325,#10315,#10327,.T.);
#10325 = VERTEX_POINT('',#10326);
#10326 = CARTESIAN_POINT('',(45.5,9.25,25.25));
#10327 = LINE('',#10328,#10329);
#10328 = CARTESIAN_POINT('',(45.5,9.25,25.25));
#10329 = VECTOR('',#10330,1.);
#10330 = DIRECTION('',(1.,0.,0.));
#10331 = ORIENTED_EDGE('',*,*,#10332,.T.);
#10332 = EDGE_CURVE('',#10325,#10217,#10333,.T.);
#10333 = LINE('',#10334,#10335);
#10334 = CARTESIAN_POINT('',(45.5,9.25,25.25));
#10335 = VECTOR('',#10336,1.);
#10336 = DIRECTION('',(0.,0.,1.));
#10337 = ORIENTED_EDGE('',*,*,#10224,.F.);
#10338 = ORIENTED_EDGE('',*,*,#10298,.T.);
#10339 = ORIENTED_EDGE('',*,*,#10117,.T.);
#10340 = ORIENTED_EDGE('',*,*,#10341,.T.);
#10341 = EDGE_CURVE('',#10110,#10342,#10344,.T.);
#10342 = VERTEX_POINT('',#10343);
#10343 = CARTESIAN_POINT('',(45.5,9.25,31.75));
#10344 = LINE('',#10345,#10346);
#10345 = CARTESIAN_POINT('',(45.5,9.25,25.25));
#10346 = VECTOR('',#10347,1.);
#10347 = DIRECTION('',(0.,0.,1.));
#10348 = ORIENTED_EDGE('',*,*,#10349,.T.);
#10349 = EDGE_CURVE('',#10342,#10317,#10350,.T.);
#10350 = LINE('',#10351,#10352);
#10351 = CARTESIAN_POINT('',(45.5,9.25,31.75));
#10352 = VECTOR('',#10353,1.);
#10353 = DIRECTION('',(1.,0.,0.));
#10354 = PLANE('',#10355);
#10355 = AXIS2_PLACEMENT_3D('',#10356,#10357,#10358);
#10356 = CARTESIAN_POINT('',(45.5,9.25,25.25));
#10357 = DIRECTION('',(0.,1.,0.));
#10358 = DIRECTION('',(0.,0.,1.));
#10359 = ADVANCED_FACE('',(#10360),#10378,.F.);
#10360 = FACE_BOUND('',#10361,.F.);
#10361 = EDGE_LOOP('',(#10362,#10370,#10371,#10372));
#10362 = ORIENTED_EDGE('',*,*,#10363,.F.);
#10363 = EDGE_CURVE('',#10102,#10364,#10366,.T.);
#10364 = VERTEX_POINT('',#10365);
#10365 = CARTESIAN_POINT('',(45.5,2.75,31.75));
#10366 = LINE('',#10367,#10368);
#10367 = CARTESIAN_POINT('',(45.5,2.75,25.25));
#10368 = VECTOR('',#10369,1.);
#10369 = DIRECTION('',(0.,0.,1.));
#10370 = ORIENTED_EDGE('',*,*,#10109,.T.);
#10371 = ORIENTED_EDGE('',*,*,#10341,.T.);
#10372 = ORIENTED_EDGE('',*,*,#10373,.F.);
#10373 = EDGE_CURVE('',#10364,#10342,#10374,.T.);
#10374 = LINE('',#10375,#10376);
#10375 = CARTESIAN_POINT('',(45.5,2.75,31.75));
#10376 = VECTOR('',#10377,1.);
#10377 = DIRECTION('',(0.,1.,0.));
#10378 = PLANE('',#10379);
#10379 = AXIS2_PLACEMENT_3D('',#10380,#10381,#10382);
#10380 = CARTESIAN_POINT('',(45.5,2.75,25.25));
#10381 = DIRECTION('',(1.,0.,0.));
#10382 = DIRECTION('',(0.,0.,1.));
#10383 = ADVANCED_FACE('',(#10384),#10420,.F.);
#10384 = FACE_BOUND('',#10385,.F.);
#10385 = EDGE_LOOP('',(#10386,#10396,#10404,#10410,#10411,#10412,#10413,
    #10414));
#10386 = ORIENTED_EDGE('',*,*,#10387,.F.);
#10387 = EDGE_CURVE('',#10388,#10390,#10392,.T.);
#10388 = VERTEX_POINT('',#10389);
#10389 = CARTESIAN_POINT('',(52.,2.75,25.25));
#10390 = VERTEX_POINT('',#10391);
#10391 = CARTESIAN_POINT('',(52.,2.75,31.75));
#10392 = LINE('',#10393,#10394);
#10393 = CARTESIAN_POINT('',(52.,2.75,25.25));
#10394 = VECTOR('',#10395,1.);
#10395 = DIRECTION('',(0.,0.,1.));
#10396 = ORIENTED_EDGE('',*,*,#10397,.F.);
#10397 = EDGE_CURVE('',#10398,#10388,#10400,.T.);
#10398 = VERTEX_POINT('',#10399);
#10399 = CARTESIAN_POINT('',(45.5,2.75,25.25));
#10400 = LINE('',#10401,#10402);
#10401 = CARTESIAN_POINT('',(45.5,2.75,25.25));
#10402 = VECTOR('',#10403,1.);
#10403 = DIRECTION('',(1.,0.,0.));
#10404 = ORIENTED_EDGE('',*,*,#10405,.T.);
#10405 = EDGE_CURVE('',#10398,#10209,#10406,.T.);
#10406 = LINE('',#10407,#10408);
#10407 = CARTESIAN_POINT('',(45.5,2.75,25.25));
#10408 = VECTOR('',#10409,1.);
#10409 = DIRECTION('',(0.,0.,1.));
#10410 = ORIENTED_EDGE('',*,*,#10208,.F.);
#10411 = ORIENTED_EDGE('',*,*,#10283,.T.);
#10412 = ORIENTED_EDGE('',*,*,#10101,.T.);
#10413 = ORIENTED_EDGE('',*,*,#10363,.T.);
#10414 = ORIENTED_EDGE('',*,*,#10415,.T.);
#10415 = EDGE_CURVE('',#10364,#10390,#10416,.T.);
#10416 = LINE('',#10417,#10418);
#10417 = CARTESIAN_POINT('',(45.5,2.75,31.75));
#10418 = VECTOR('',#10419,1.);
#10419 = DIRECTION('',(1.,0.,0.));
#10420 = PLANE('',#10421);
#10421 = AXIS2_PLACEMENT_3D('',#10422,#10423,#10424);
#10422 = CARTESIAN_POINT('',(45.5,2.75,25.25));
#10423 = DIRECTION('',(0.,1.,0.));
#10424 = DIRECTION('',(0.,0.,1.));
#10425 = ADVANCED_FACE('',(#10426),#10451,.F.);
#10426 = FACE_BOUND('',#10427,.F.);
#10427 = EDGE_LOOP('',(#10428,#10429,#10437,#10445));
#10428 = ORIENTED_EDGE('',*,*,#10133,.F.);
#10429 = ORIENTED_EDGE('',*,*,#10430,.T.);
#10430 = EDGE_CURVE('',#10134,#10431,#10433,.T.);
#10431 = VERTEX_POINT('',#10432);
#10432 = CARTESIAN_POINT('',(17.,2.5,30.9));
#10433 = LINE('',#10434,#10435);
#10434 = CARTESIAN_POINT('',(17.,2.5,28.2));
#10435 = VECTOR('',#10436,1.);
#10436 = DIRECTION('',(0.,0.,1.));
#10437 = ORIENTED_EDGE('',*,*,#10438,.T.);
#10438 = EDGE_CURVE('',#10431,#10439,#10441,.T.);
#10439 = VERTEX_POINT('',#10440);
#10440 = CARTESIAN_POINT('',(39.,2.5,30.9));
#10441 = LINE('',#10442,#10443);
#10442 = CARTESIAN_POINT('',(17.,2.5,30.9));
#10443 = VECTOR('',#10444,1.);
#10444 = DIRECTION('',(1.,0.,0.));
#10445 = ORIENTED_EDGE('',*,*,#10446,.F.);
#10446 = EDGE_CURVE('',#10136,#10439,#10447,.T.);
#10447 = LINE('',#10448,#10449);
#10448 = CARTESIAN_POINT('',(39.,2.5,28.2));
#10449 = VECTOR('',#10450,1.);
#10450 = DIRECTION('',(0.,0.,1.));
#10451 = PLANE('',#10452);
#10452 = AXIS2_PLACEMENT_3D('',#10453,#10454,#10455);
#10453 = CARTESIAN_POINT('',(17.,2.5,28.2));
#10454 = DIRECTION('',(0.,1.,0.));
#10455 = DIRECTION('',(0.,0.,1.));
#10456 = ADVANCED_FACE('',(#10457),#10475,.F.);
#10457 = FACE_BOUND('',#10458,.F.);
#10458 = EDGE_LOOP('',(#10459,#10460,#10461,#10469));
#10459 = ORIENTED_EDGE('',*,*,#10430,.F.);
#10460 = ORIENTED_EDGE('',*,*,#10143,.T.);
#10461 = ORIENTED_EDGE('',*,*,#10462,.T.);
#10462 = EDGE_CURVE('',#10144,#10463,#10465,.T.);
#10463 = VERTEX_POINT('',#10464);
#10464 = CARTESIAN_POINT('',(17.,19.5,30.9));
#10465 = LINE('',#10466,#10467);
#10466 = CARTESIAN_POINT('',(17.,19.5,28.2));
#10467 = VECTOR('',#10468,1.);
#10468 = DIRECTION('',(0.,0.,1.));
#10469 = ORIENTED_EDGE('',*,*,#10470,.F.);
#10470 = EDGE_CURVE('',#10431,#10463,#10471,.T.);
#10471 = LINE('',#10472,#10473);
#10472 = CARTESIAN_POINT('',(17.,2.5,30.9));
#10473 = VECTOR('',#10474,1.);
#10474 = DIRECTION('',(0.,1.,0.));
#10475 = PLANE('',#10476);
#10476 = AXIS2_PLACEMENT_3D('',#10477,#10478,#10479);
#10477 = CARTESIAN_POINT('',(17.,2.5,28.2));
#10478 = DIRECTION('',(1.,0.,0.));
#10479 = DIRECTION('',(0.,0.,1.));
#10480 = ADVANCED_FACE('',(#10481),#10499,.T.);
#10481 = FACE_BOUND('',#10482,.T.);
#10482 = EDGE_LOOP('',(#10483,#10484,#10485,#10493));
#10483 = ORIENTED_EDGE('',*,*,#10446,.F.);
#10484 = ORIENTED_EDGE('',*,*,#10159,.T.);
#10485 = ORIENTED_EDGE('',*,*,#10486,.T.);
#10486 = EDGE_CURVE('',#10152,#10487,#10489,.T.);
#10487 = VERTEX_POINT('',#10488);
#10488 = CARTESIAN_POINT('',(39.,19.5,30.9));
#10489 = LINE('',#10490,#10491);
#10490 = CARTESIAN_POINT('',(39.,19.5,28.2));
#10491 = VECTOR('',#10492,1.);
#10492 = DIRECTION('',(0.,0.,1.));
#10493 = ORIENTED_EDGE('',*,*,#10494,.F.);
#10494 = EDGE_CURVE('',#10439,#10487,#10495,.T.);
#10495 = LINE('',#10496,#10497);
#10496 = CARTESIAN_POINT('',(39.,2.5,30.9));
#10497 = VECTOR('',#10498,1.);
#10498 = DIRECTION('',(0.,1.,0.));
#10499 = PLANE('',#10500);
#10500 = AXIS2_PLACEMENT_3D('',#10501,#10502,#10503);
#10501 = CARTESIAN_POINT('',(39.,2.5,28.2));
#10502 = DIRECTION('',(1.,0.,0.));
#10503 = DIRECTION('',(0.,0.,1.));
#10504 = ADVANCED_FACE('',(#10505),#10516,.T.);
#10505 = FACE_BOUND('',#10506,.T.);
#10506 = EDGE_LOOP('',(#10507,#10508,#10509,#10515));
#10507 = ORIENTED_EDGE('',*,*,#10151,.F.);
#10508 = ORIENTED_EDGE('',*,*,#10462,.T.);
#10509 = ORIENTED_EDGE('',*,*,#10510,.T.);
#10510 = EDGE_CURVE('',#10463,#10487,#10511,.T.);
#10511 = LINE('',#10512,#10513);
#10512 = CARTESIAN_POINT('',(17.,19.5,30.9));
#10513 = VECTOR('',#10514,1.);
#10514 = DIRECTION('',(1.,0.,0.));
#10515 = ORIENTED_EDGE('',*,*,#10486,.F.);
#10516 = PLANE('',#10517);
#10517 = AXIS2_PLACEMENT_3D('',#10518,#10519,#10520);
#10518 = CARTESIAN_POINT('',(17.,19.5,28.2));
#10519 = DIRECTION('',(0.,1.,0.));
#10520 = DIRECTION('',(0.,0.,1.));
#10521 = ADVANCED_FACE('',(#10522),#10533,.F.);
#10522 = FACE_BOUND('',#10523,.F.);
#10523 = EDGE_LOOP('',(#10524,#10525,#10531,#10532));
#10524 = ORIENTED_EDGE('',*,*,#10405,.F.);
#10525 = ORIENTED_EDGE('',*,*,#10526,.T.);
#10526 = EDGE_CURVE('',#10398,#10325,#10527,.T.);
#10527 = LINE('',#10528,#10529);
#10528 = CARTESIAN_POINT('',(45.5,2.75,25.25));
#10529 = VECTOR('',#10530,1.);
#10530 = DIRECTION('',(0.,1.,0.));
#10531 = ORIENTED_EDGE('',*,*,#10332,.T.);
#10532 = ORIENTED_EDGE('',*,*,#10216,.F.);
#10533 = PLANE('',#10534);
#10534 = AXIS2_PLACEMENT_3D('',#10535,#10536,#10537);
#10535 = CARTESIAN_POINT('',(45.5,2.75,25.25));
#10536 = DIRECTION('',(1.,0.,0.));
#10537 = DIRECTION('',(0.,0.,1.));
#10538 = ADVANCED_FACE('',(#10539),#10564,.F.);
#10539 = FACE_BOUND('',#10540,.F.);
#10540 = EDGE_LOOP('',(#10541,#10551,#10557,#10558));
#10541 = ORIENTED_EDGE('',*,*,#10542,.F.);
#10542 = EDGE_CURVE('',#10543,#10545,#10547,.T.);
#10543 = VERTEX_POINT('',#10544);
#10544 = CARTESIAN_POINT('',(13.25,2.55,24.1));
#10545 = VERTEX_POINT('',#10546);
#10546 = CARTESIAN_POINT('',(15.75,2.55,24.1));
#10547 = LINE('',#10548,#10549);
#10548 = CARTESIAN_POINT('',(13.25,2.55,24.1));
#10549 = VECTOR('',#10550,1.);
#10550 = DIRECTION('',(1.,0.,0.));
#10551 = ORIENTED_EDGE('',*,*,#10552,.T.);
#10552 = EDGE_CURVE('',#10543,#10241,#10553,.T.);
#10553 = LINE('',#10554,#10555);
#10554 = CARTESIAN_POINT('',(13.25,2.55,24.1));
#10555 = VECTOR('',#10556,1.);
#10556 = DIRECTION('',(0.,0.,1.));
#10557 = ORIENTED_EDGE('',*,*,#10240,.T.);
#10558 = ORIENTED_EDGE('',*,*,#10559,.F.);
#10559 = EDGE_CURVE('',#10545,#10243,#10560,.T.);
#10560 = LINE('',#10561,#10562);
#10561 = CARTESIAN_POINT('',(15.75,2.55,24.1));
#10562 = VECTOR('',#10563,1.);
#10563 = DIRECTION('',(0.,0.,1.));
#10564 = PLANE('',#10565);
#10565 = AXIS2_PLACEMENT_3D('',#10566,#10567,#10568);
#10566 = CARTESIAN_POINT('',(13.25,2.55,24.1));
#10567 = DIRECTION('',(0.,1.,0.));
#10568 = DIRECTION('',(0.,0.,1.));
#10569 = ADVANCED_FACE('',(#10570),#10588,.T.);
#10570 = FACE_BOUND('',#10571,.T.);
#10571 = EDGE_LOOP('',(#10572,#10573,#10581,#10587));
#10572 = ORIENTED_EDGE('',*,*,#10559,.F.);
#10573 = ORIENTED_EDGE('',*,*,#10574,.T.);
#10574 = EDGE_CURVE('',#10545,#10575,#10577,.T.);
#10575 = VERTEX_POINT('',#10576);
#10576 = CARTESIAN_POINT('',(15.75,19.55,24.1));
#10577 = LINE('',#10578,#10579);
#10578 = CARTESIAN_POINT('',(15.75,2.55,24.1));
#10579 = VECTOR('',#10580,1.);
#10580 = DIRECTION('',(0.,1.,0.));
#10581 = ORIENTED_EDGE('',*,*,#10582,.T.);
#10582 = EDGE_CURVE('',#10575,#10259,#10583,.T.);
#10583 = LINE('',#10584,#10585);
#10584 = CARTESIAN_POINT('',(15.75,19.55,24.1));
#10585 = VECTOR('',#10586,1.);
#10586 = DIRECTION('',(0.,0.,1.));
#10587 = ORIENTED_EDGE('',*,*,#10266,.F.);
#10588 = PLANE('',#10589);
#10589 = AXIS2_PLACEMENT_3D('',#10590,#10591,#10592);
#10590 = CARTESIAN_POINT('',(15.75,2.55,24.1));
#10591 = DIRECTION('',(1.,0.,0.));
#10592 = DIRECTION('',(0.,0.,1.));
#10593 = ADVANCED_FACE('',(#10594),#10612,.T.);
#10594 = FACE_BOUND('',#10595,.T.);
#10595 = EDGE_LOOP('',(#10596,#10604,#10610,#10611));
#10596 = ORIENTED_EDGE('',*,*,#10597,.F.);
#10597 = EDGE_CURVE('',#10598,#10575,#10600,.T.);
#10598 = VERTEX_POINT('',#10599);
#10599 = CARTESIAN_POINT('',(13.25,19.55,24.1));
#10600 = LINE('',#10601,#10602);
#10601 = CARTESIAN_POINT('',(13.25,19.55,24.1));
#10602 = VECTOR('',#10603,1.);
#10603 = DIRECTION('',(1.,0.,0.));
#10604 = ORIENTED_EDGE('',*,*,#10605,.T.);
#10605 = EDGE_CURVE('',#10598,#10251,#10606,.T.);
#10606 = LINE('',#10607,#10608);
#10607 = CARTESIAN_POINT('',(13.25,19.55,24.1));
#10608 = VECTOR('',#10609,1.);
#10609 = DIRECTION('',(0.,0.,1.));
#10610 = ORIENTED_EDGE('',*,*,#10258,.T.);
#10611 = ORIENTED_EDGE('',*,*,#10582,.F.);
#10612 = PLANE('',#10613);
#10613 = AXIS2_PLACEMENT_3D('',#10614,#10615,#10616);
#10614 = CARTESIAN_POINT('',(13.25,19.55,24.1));
#10615 = DIRECTION('',(0.,1.,0.));
#10616 = DIRECTION('',(0.,0.,1.));
#10617 = ADVANCED_FACE('',(#10618),#10629,.F.);
#10618 = FACE_BOUND('',#10619,.F.);
#10619 = EDGE_LOOP('',(#10620,#10621,#10627,#10628));
#10620 = ORIENTED_EDGE('',*,*,#10552,.F.);
#10621 = ORIENTED_EDGE('',*,*,#10622,.T.);
#10622 = EDGE_CURVE('',#10543,#10598,#10623,.T.);
#10623 = LINE('',#10624,#10625);
#10624 = CARTESIAN_POINT('',(13.25,2.55,24.1));
#10625 = VECTOR('',#10626,1.);
#10626 = DIRECTION('',(0.,1.,0.));
#10627 = ORIENTED_EDGE('',*,*,#10605,.T.);
#10628 = ORIENTED_EDGE('',*,*,#10250,.F.);
#10629 = PLANE('',#10630);
#10630 = AXIS2_PLACEMENT_3D('',#10631,#10632,#10633);
#10631 = CARTESIAN_POINT('',(13.25,2.55,24.1));
#10632 = DIRECTION('',(1.,0.,0.));
#10633 = DIRECTION('',(0.,0.,1.));
#10634 = ADVANCED_FACE('',(#10635,#10651),#10662,.T.);
#10635 = FACE_BOUND('',#10636,.T.);
#10636 = EDGE_LOOP('',(#10637,#10638,#10644,#10645));
#10637 = ORIENTED_EDGE('',*,*,#10387,.F.);
#10638 = ORIENTED_EDGE('',*,*,#10639,.T.);
#10639 = EDGE_CURVE('',#10388,#10315,#10640,.T.);
#10640 = LINE('',#10641,#10642);
#10641 = CARTESIAN_POINT('',(52.,2.75,25.25));
#10642 = VECTOR('',#10643,1.);
#10643 = DIRECTION('',(0.,1.,0.));
#10644 = ORIENTED_EDGE('',*,*,#10314,.T.);
#10645 = ORIENTED_EDGE('',*,*,#10646,.F.);
#10646 = EDGE_CURVE('',#10390,#10317,#10647,.T.);
#10647 = LINE('',#10648,#10649);
#10648 = CARTESIAN_POINT('',(52.,2.75,31.75));
#10649 = VECTOR('',#10650,1.);
#10650 = DIRECTION('',(0.,1.,0.));
#10651 = FACE_BOUND('',#10652,.T.);
#10652 = EDGE_LOOP('',(#10653));
#10653 = ORIENTED_EDGE('',*,*,#10654,.F.);
#10654 = EDGE_CURVE('',#10655,#10655,#10657,.T.);
#10655 = VERTEX_POINT('',#10656);
#10656 = CARTESIAN_POINT('',(52.,6.,31.6));
#10657 = CIRCLE('',#10658,3.1);
#10658 = AXIS2_PLACEMENT_3D('',#10659,#10660,#10661);
#10659 = CARTESIAN_POINT('',(52.,6.,28.5));
#10660 = DIRECTION('',(1.,0.,-0.));
#10661 = DIRECTION('',(0.,0.,1.));
#10662 = PLANE('',#10663);
#10663 = AXIS2_PLACEMENT_3D('',#10664,#10665,#10666);
#10664 = CARTESIAN_POINT('',(52.,2.75,25.25));
#10665 = DIRECTION('',(1.,0.,0.));
#10666 = DIRECTION('',(0.,0.,1.));
#10667 = ADVANCED_FACE('',(#10668),#10674,.T.);
#10668 = FACE_BOUND('',#10669,.T.);
#10669 = EDGE_LOOP('',(#10670,#10671,#10672,#10673));
#10670 = ORIENTED_EDGE('',*,*,#10373,.F.);
#10671 = ORIENTED_EDGE('',*,*,#10415,.T.);
#10672 = ORIENTED_EDGE('',*,*,#10646,.T.);
#10673 = ORIENTED_EDGE('',*,*,#10349,.F.);
#10674 = PLANE('',#10675);
#10675 = AXIS2_PLACEMENT_3D('',#10676,#10677,#10678);
#10676 = CARTESIAN_POINT('',(45.5,2.75,31.75));
#10677 = DIRECTION('',(0.,0.,1.));
#10678 = DIRECTION('',(1.,0.,0.));
#10679 = ADVANCED_FACE('',(#10680),#10686,.F.);
#10680 = FACE_BOUND('',#10681,.F.);
#10681 = EDGE_LOOP('',(#10682,#10683,#10684,#10685));
#10682 = ORIENTED_EDGE('',*,*,#10526,.F.);
#10683 = ORIENTED_EDGE('',*,*,#10397,.T.);
#10684 = ORIENTED_EDGE('',*,*,#10639,.T.);
#10685 = ORIENTED_EDGE('',*,*,#10324,.F.);
#10686 = PLANE('',#10687);
#10687 = AXIS2_PLACEMENT_3D('',#10688,#10689,#10690);
#10688 = CARTESIAN_POINT('',(45.5,2.75,25.25));
#10689 = DIRECTION('',(0.,0.,1.));
#10690 = DIRECTION('',(1.,0.,0.));
#10691 = ADVANCED_FACE('',(#10692),#10698,.T.);
#10692 = FACE_BOUND('',#10693,.T.);
#10693 = EDGE_LOOP('',(#10694,#10695,#10696,#10697));
#10694 = ORIENTED_EDGE('',*,*,#10470,.F.);
#10695 = ORIENTED_EDGE('',*,*,#10438,.T.);
#10696 = ORIENTED_EDGE('',*,*,#10494,.T.);
#10697 = ORIENTED_EDGE('',*,*,#10510,.F.);
#10698 = PLANE('',#10699);
#10699 = AXIS2_PLACEMENT_3D('',#10700,#10701,#10702);
#10700 = CARTESIAN_POINT('',(17.,2.5,30.9));
#10701 = DIRECTION('',(0.,0.,1.));
#10702 = DIRECTION('',(1.,0.,0.));
#10703 = ADVANCED_FACE('',(#10704),#10710,.F.);
#10704 = FACE_BOUND('',#10705,.F.);
#10705 = EDGE_LOOP('',(#10706,#10707,#10708,#10709));
#10706 = ORIENTED_EDGE('',*,*,#10622,.F.);
#10707 = ORIENTED_EDGE('',*,*,#10542,.T.);
#10708 = ORIENTED_EDGE('',*,*,#10574,.T.);
#10709 = ORIENTED_EDGE('',*,*,#10597,.F.);
#10710 = PLANE('',#10711);
#10711 = AXIS2_PLACEMENT_3D('',#10712,#10713,#10714);
#10712 = CARTESIAN_POINT('',(13.25,2.55,24.1));
#10713 = DIRECTION('',(0.,0.,1.));
#10714 = DIRECTION('',(1.,0.,0.));
#10715 = ADVANCED_FACE('',(#10716),#10735,.T.);
#10716 = FACE_BOUND('',#10717,.T.);
#10717 = EDGE_LOOP('',(#10718,#10719,#10727,#10734));
#10718 = ORIENTED_EDGE('',*,*,#10654,.T.);
#10719 = ORIENTED_EDGE('',*,*,#10720,.T.);
#10720 = EDGE_CURVE('',#10655,#10721,#10723,.T.);
#10721 = VERTEX_POINT('',#10722);
#10722 = CARTESIAN_POINT('',(54.,6.,31.6));
#10723 = LINE('',#10724,#10725);
#10724 = CARTESIAN_POINT('',(49.,6.,31.6));
#10725 = VECTOR('',#10726,1.);
#10726 = DIRECTION('',(1.,0.,0.));
#10727 = ORIENTED_EDGE('',*,*,#10728,.F.);
#10728 = EDGE_CURVE('',#10721,#10721,#10729,.T.);
#10729 = CIRCLE('',#10730,3.1);
#10730 = AXIS2_PLACEMENT_3D('',#10731,#10732,#10733);
#10731 = CARTESIAN_POINT('',(54.,6.,28.5));
#10732 = DIRECTION('',(1.,0.,-0.));
#10733 = DIRECTION('',(0.,0.,1.));
#10734 = ORIENTED_EDGE('',*,*,#10720,.F.);
#10735 = CYLINDRICAL_SURFACE('',#10736,3.1);
#10736 = AXIS2_PLACEMENT_3D('',#10737,#10738,#10739);
#10737 = CARTESIAN_POINT('',(49.,6.,28.5));
#10738 = DIRECTION('',(1.,0.,0.));
#10739 = DIRECTION('',(0.,0.,1.));
#10740 = ADVANCED_FACE('',(#10741,#10752),#10755,.F.);
#10741 = FACE_BOUND('',#10742,.F.);
#10742 = EDGE_LOOP('',(#10743));
#10743 = ORIENTED_EDGE('',*,*,#10744,.T.);
#10744 = EDGE_CURVE('',#10745,#10745,#10747,.T.);
#10745 = VERTEX_POINT('',#10746);
#10746 = CARTESIAN_POINT('',(54.,6.,32.7));
#10747 = CIRCLE('',#10748,4.2);
#10748 = AXIS2_PLACEMENT_3D('',#10749,#10750,#10751);
#10749 = CARTESIAN_POINT('',(54.,6.,28.5));
#10750 = DIRECTION('',(1.,0.,-0.));
#10751 = DIRECTION('',(0.,0.,1.));
#10752 = FACE_BOUND('',#10753,.F.);
#10753 = EDGE_LOOP('',(#10754));
#10754 = ORIENTED_EDGE('',*,*,#10728,.F.);
#10755 = PLANE('',#10756);
#10756 = AXIS2_PLACEMENT_3D('',#10757,#10758,#10759);
#10757 = CARTESIAN_POINT('',(54.,6.,28.5));
#10758 = DIRECTION('',(1.,0.,0.));
#10759 = DIRECTION('',(0.,0.,1.));
#10760 = ADVANCED_FACE('',(#10761),#10780,.T.);
#10761 = FACE_BOUND('',#10762,.T.);
#10762 = EDGE_LOOP('',(#10763,#10772,#10778,#10779));
#10763 = ORIENTED_EDGE('',*,*,#10764,.F.);
#10764 = EDGE_CURVE('',#10765,#10765,#10767,.T.);
#10765 = VERTEX_POINT('',#10766);
#10766 = CARTESIAN_POINT('',(57.5,6.,32.7));
#10767 = CIRCLE('',#10768,4.2);
#10768 = AXIS2_PLACEMENT_3D('',#10769,#10770,#10771);
#10769 = CARTESIAN_POINT('',(57.5,6.,28.5));
#10770 = DIRECTION('',(1.,0.,-0.));
#10771 = DIRECTION('',(0.,0.,1.));
#10772 = ORIENTED_EDGE('',*,*,#10773,.F.);
#10773 = EDGE_CURVE('',#10745,#10765,#10774,.T.);
#10774 = LINE('',#10775,#10776);
#10775 = CARTESIAN_POINT('',(54.,6.,32.7));
#10776 = VECTOR('',#10777,1.);
#10777 = DIRECTION('',(1.,0.,0.));
#10778 = ORIENTED_EDGE('',*,*,#10744,.T.);
#10779 = ORIENTED_EDGE('',*,*,#10773,.T.);
#10780 = CYLINDRICAL_SURFACE('',#10781,4.2);
#10781 = AXIS2_PLACEMENT_3D('',#10782,#10783,#10784);
#10782 = CARTESIAN_POINT('',(54.,6.,28.5));
#10783 = DIRECTION('',(1.,0.,0.));
#10784 = DIRECTION('',(0.,0.,1.));
#10785 = ADVANCED_FACE('',(#10786,#10789),#10800,.T.);
#10786 = FACE_BOUND('',#10787,.T.);
#10787 = EDGE_LOOP('',(#10788));
#10788 = ORIENTED_EDGE('',*,*,#10764,.T.);
#10789 = FACE_BOUND('',#10790,.T.);
#10790 = EDGE_LOOP('',(#10791));
#10791 = ORIENTED_EDGE('',*,*,#10792,.F.);
#10792 = EDGE_CURVE('',#10793,#10793,#10795,.T.);
#10793 = VERTEX_POINT('',#10794);
#10794 = CARTESIAN_POINT('',(57.5,6.,31.6));
#10795 = CIRCLE('',#10796,3.1);
#10796 = AXIS2_PLACEMENT_3D('',#10797,#10798,#10799);
#10797 = CARTESIAN_POINT('',(57.5,6.,28.5));
#10798 = DIRECTION('',(1.,0.,-0.));
#10799 = DIRECTION('',(0.,0.,1.));
#10800 = PLANE('',#10801);
#10801 = AXIS2_PLACEMENT_3D('',#10802,#10803,#10804);
#10802 = CARTESIAN_POINT('',(57.5,6.,28.5));
#10803 = DIRECTION('',(1.,0.,0.));
#10804 = DIRECTION('',(0.,0.,1.));
#10805 = ADVANCED_FACE('',(#10806),#10825,.T.);
#10806 = FACE_BOUND('',#10807,.T.);
#10807 = EDGE_LOOP('',(#10808,#10809,#10817,#10824));
#10808 = ORIENTED_EDGE('',*,*,#10792,.T.);
#10809 = ORIENTED_EDGE('',*,*,#10810,.T.);
#10810 = EDGE_CURVE('',#10793,#10811,#10813,.T.);
#10811 = VERTEX_POINT('',#10812);
#10812 = CARTESIAN_POINT('',(61.5,6.,31.6));
#10813 = LINE('',#10814,#10815);
#10814 = CARTESIAN_POINT('',(49.,6.,31.6));
#10815 = VECTOR('',#10816,1.);
#10816 = DIRECTION('',(1.,0.,0.));
#10817 = ORIENTED_EDGE('',*,*,#10818,.F.);
#10818 = EDGE_CURVE('',#10811,#10811,#10819,.T.);
#10819 = CIRCLE('',#10820,3.1);
#10820 = AXIS2_PLACEMENT_3D('',#10821,#10822,#10823);
#10821 = CARTESIAN_POINT('',(61.5,6.,28.5));
#10822 = DIRECTION('',(1.,0.,-0.));
#10823 = DIRECTION('',(0.,0.,1.));
#10824 = ORIENTED_EDGE('',*,*,#10810,.F.);
#10825 = CYLINDRICAL_SURFACE('',#10826,3.1);
#10826 = AXIS2_PLACEMENT_3D('',#10827,#10828,#10829);
#10827 = CARTESIAN_POINT('',(49.,6.,28.5));
#10828 = DIRECTION('',(1.,0.,0.));
#10829 = DIRECTION('',(0.,0.,1.));
#10830 = ADVANCED_FACE('',(#10831),#10834,.T.);
#10831 = FACE_BOUND('',#10832,.T.);
#10832 = EDGE_LOOP('',(#10833));
#10833 = ORIENTED_EDGE('',*,*,#10818,.T.);
#10834 = PLANE('',#10835);
#10835 = AXIS2_PLACEMENT_3D('',#10836,#10837,#10838);
#10836 = CARTESIAN_POINT('',(61.5,6.,28.5));
#10837 = DIRECTION('',(1.,0.,0.));
#10838 = DIRECTION('',(0.,0.,1.));
#10839 = MANIFOLD_SOLID_BREP('',#10840);
#10840 = CLOSED_SHELL('',(#10841,#10874,#10894,#10914,#10968,#11020,
    #11029,#11056,#11072,#11105,#11114,#11124));
#10841 = ADVANCED_FACE('',(#10842),#10869,.T.);
#10842 = FACE_BOUND('',#10843,.T.);
#10843 = EDGE_LOOP('',(#10844,#10853,#10861,#10868));
#10844 = ORIENTED_EDGE('',*,*,#10845,.F.);
#10845 = EDGE_CURVE('',#10846,#10846,#10848,.T.);
#10846 = VERTEX_POINT('',#10847);
#10847 = CARTESIAN_POINT('',(25.,-12.,26.4));
#10848 = CIRCLE('',#10849,1.15);
#10849 = AXIS2_PLACEMENT_3D('',#10850,#10851,#10852);
#10850 = CARTESIAN_POINT('',(25.,-12.,25.25));
#10851 = DIRECTION('',(1.,0.,-0.));
#10852 = DIRECTION('',(0.,0.,1.));
#10853 = ORIENTED_EDGE('',*,*,#10854,.F.);
#10854 = EDGE_CURVE('',#10855,#10846,#10857,.T.);
#10855 = VERTEX_POINT('',#10856);
#10856 = CARTESIAN_POINT('',(19.,-12.,26.4));
#10857 = LINE('',#10858,#10859);
#10858 = CARTESIAN_POINT('',(19.,-12.,26.4));
#10859 = VECTOR('',#10860,1.);
#10860 = DIRECTION('',(1.,0.,0.));
#10861 = ORIENTED_EDGE('',*,*,#10862,.T.);
#10862 = EDGE_CURVE('',#10855,#10855,#10863,.T.);
#10863 = CIRCLE('',#10864,1.15);
#10864 = AXIS2_PLACEMENT_3D('',#10865,#10866,#10867);
#10865 = CARTESIAN_POINT('',(19.,-12.,25.25));
#10866 = DIRECTION('',(1.,0.,-0.));
#10867 = DIRECTION('',(0.,0.,1.));
#10868 = ORIENTED_EDGE('',*,*,#10854,.T.);
#10869 = CYLINDRICAL_SURFACE('',#10870,1.15);
#10870 = AXIS2_PLACEMENT_3D('',#10871,#10872,#10873);
#10871 = CARTESIAN_POINT('',(19.,-12.,25.25));
#10872 = DIRECTION('',(1.,0.,0.));
#10873 = DIRECTION('',(0.,0.,1.));
#10874 = ADVANCED_FACE('',(#10875,#10878),#10889,.T.);
#10875 = FACE_BOUND('',#10876,.T.);
#10876 = EDGE_LOOP('',(#10877));
#10877 = ORIENTED_EDGE('',*,*,#10845,.T.);
#10878 = FACE_BOUND('',#10879,.T.);
#10879 = EDGE_LOOP('',(#10880));
#10880 = ORIENTED_EDGE('',*,*,#10881,.F.);
#10881 = EDGE_CURVE('',#10882,#10882,#10884,.T.);
#10882 = VERTEX_POINT('',#10883);
#10883 = CARTESIAN_POINT('',(25.,-12.,25.55));
#10884 = CIRCLE('',#10885,0.3);
#10885 = AXIS2_PLACEMENT_3D('',#10886,#10887,#10888);
#10886 = CARTESIAN_POINT('',(25.,-12.,25.25));
#10887 = DIRECTION('',(1.,0.,-0.));
#10888 = DIRECTION('',(0.,0.,1.));
#10889 = PLANE('',#10890);
#10890 = AXIS2_PLACEMENT_3D('',#10891,#10892,#10893);
#10891 = CARTESIAN_POINT('',(25.,-12.,25.25));
#10892 = DIRECTION('',(1.,0.,0.));
#10893 = DIRECTION('',(0.,0.,1.));
#10894 = ADVANCED_FACE('',(#10895,#10898),#10909,.F.);
#10895 = FACE_BOUND('',#10896,.F.);
#10896 = EDGE_LOOP('',(#10897));
#10897 = ORIENTED_EDGE('',*,*,#10862,.T.);
#10898 = FACE_BOUND('',#10899,.F.);
#10899 = EDGE_LOOP('',(#10900));
#10900 = ORIENTED_EDGE('',*,*,#10901,.F.);
#10901 = EDGE_CURVE('',#10902,#10902,#10904,.T.);
#10902 = VERTEX_POINT('',#10903);
#10903 = CARTESIAN_POINT('',(19.,-12.,25.55));
#10904 = CIRCLE('',#10905,0.3);
#10905 = AXIS2_PLACEMENT_3D('',#10906,#10907,#10908);
#10906 = CARTESIAN_POINT('',(19.,-12.,25.25));
#10907 = DIRECTION('',(1.,0.,-0.));
#10908 = DIRECTION('',(0.,0.,1.));
#10909 = PLANE('',#10910);
#10910 = AXIS2_PLACEMENT_3D('',#10911,#10912,#10913);
#10911 = CARTESIAN_POINT('',(19.,-12.,25.25));
#10912 = DIRECTION('',(1.,0.,0.));
#10913 = DIRECTION('',(0.,0.,1.));
#10914 = ADVANCED_FACE('',(#10915,#10934),#10963,.T.);
#10915 = FACE_BOUND('',#10916,.T.);
#10916 = EDGE_LOOP('',(#10917,#10925,#10932,#10933));
#10917 = ORIENTED_EDGE('',*,*,#10918,.T.);
#10918 = EDGE_CURVE('',#10882,#10919,#10921,.T.);
#10919 = VERTEX_POINT('',#10920);
#10920 = CARTESIAN_POINT('',(28.5,-12.,25.55));
#10921 = LINE('',#10922,#10923);
#10922 = CARTESIAN_POINT('',(25.,-12.,25.55));
#10923 = VECTOR('',#10924,1.);
#10924 = DIRECTION('',(1.,0.,0.));
#10925 = ORIENTED_EDGE('',*,*,#10926,.F.);
#10926 = EDGE_CURVE('',#10919,#10919,#10927,.T.);
#10927 = CIRCLE('',#10928,0.3);
#10928 = AXIS2_PLACEMENT_3D('',#10929,#10930,#10931);
#10929 = CARTESIAN_POINT('',(28.5,-12.,25.25));
#10930 = DIRECTION('',(1.,0.,-0.));
#10931 = DIRECTION('',(0.,0.,1.));
#10932 = ORIENTED_EDGE('',*,*,#10918,.F.);
#10933 = ORIENTED_EDGE('',*,*,#10881,.T.);
#10934 = FACE_BOUND('',#10935,.T.);
#10935 = EDGE_LOOP('',(#10936,#10947,#10956));
#10936 = ORIENTED_EDGE('',*,*,#10937,.T.);
#10937 = EDGE_CURVE('',#10938,#10940,#10942,.T.);
#10938 = VERTEX_POINT('',#10939);
#10939 = CARTESIAN_POINT('',(27.,-12.3,25.25));
#10940 = VERTEX_POINT('',#10941);
#10941 = CARTESIAN_POINT('',(27.3,-12.,24.95));
#10942 = ELLIPSE('',#10943,0.424264068712,0.3);
#10943 = AXIS2_PLACEMENT_3D('',#10944,#10945,#10946);
#10944 = CARTESIAN_POINT('',(27.,-12.,25.25));
#10945 = DIRECTION('',(0.707106781187,-0.,0.707106781187));
#10946 = DIRECTION('',(0.707106781187,0.,-0.707106781187));
#10947 = ORIENTED_EDGE('',*,*,#10948,.T.);
#10948 = EDGE_CURVE('',#10940,#10949,#10951,.T.);
#10949 = VERTEX_POINT('',#10950);
#10950 = CARTESIAN_POINT('',(27.,-11.7,25.25));
#10951 = ELLIPSE('',#10952,0.424264068712,0.3);
#10952 = AXIS2_PLACEMENT_3D('',#10953,#10954,#10955);
#10953 = CARTESIAN_POINT('',(27.,-12.,25.25));
#10954 = DIRECTION('',(0.707106781187,-0.,0.707106781187));
#10955 = DIRECTION('',(0.707106781187,0.,-0.707106781187));
#10956 = ORIENTED_EDGE('',*,*,#10957,.F.);
#10957 = EDGE_CURVE('',#10938,#10949,#10958,.T.);
#10958 = ELLIPSE('',#10959,0.424264068712,0.3);
#10959 = AXIS2_PLACEMENT_3D('',#10960,#10961,#10962);
#10960 = CARTESIAN_POINT('',(27.,-12.,25.25));
#10961 = DIRECTION('',(0.707106781187,0.,-0.707106781187));
#10962 = DIRECTION('',(0.707106781187,0.,0.707106781187));
#10963 = CYLINDRICAL_SURFACE('',#10964,0.3);
#10964 = AXIS2_PLACEMENT_3D('',#10965,#10966,#10967);
#10965 = CARTESIAN_POINT('',(25.,-12.,25.25));
#10966 = DIRECTION('',(1.,0.,0.));
#10967 = DIRECTION('',(0.,0.,1.));
#10968 = ADVANCED_FACE('',(#10969),#11015,.T.);
#10969 = FACE_BOUND('',#10970,.T.);
#10970 = EDGE_LOOP('',(#10971,#10979,#10980,#10981,#10990,#10999,#11008)
  );
#10971 = ORIENTED_EDGE('',*,*,#10972,.T.);
#10972 = EDGE_CURVE('',#10973,#10902,#10975,.T.);
#10973 = VERTEX_POINT('',#10974);
#10974 = CARTESIAN_POINT('',(17.,-12.,25.55));
#10975 = LINE('',#10976,#10977);
#10976 = CARTESIAN_POINT('',(17.,-12.,25.55));
#10977 = VECTOR('',#10978,1.);
#10978 = DIRECTION('',(1.,0.,0.));
#10979 = ORIENTED_EDGE('',*,*,#10901,.F.);
#10980 = ORIENTED_EDGE('',*,*,#10972,.F.);
#10981 = ORIENTED_EDGE('',*,*,#10982,.T.);
#10982 = EDGE_CURVE('',#10973,#10983,#10985,.T.);
#10983 = VERTEX_POINT('',#10984);
#10984 = CARTESIAN_POINT('',(17.,-12.3,25.25));
#10985 = CIRCLE('',#10986,0.3);
#10986 = AXIS2_PLACEMENT_3D('',#10987,#10988,#10989);
#10987 = CARTESIAN_POINT('',(17.,-12.,25.25));
#10988 = DIRECTION('',(1.,0.,-0.));
#10989 = DIRECTION('',(0.,0.,1.));
#10990 = ORIENTED_EDGE('',*,*,#10991,.T.);
#10991 = EDGE_CURVE('',#10983,#10992,#10994,.T.);
#10992 = VERTEX_POINT('',#10993);
#10993 = CARTESIAN_POINT('',(17.3,-12.,24.95));
#10994 = ELLIPSE('',#10995,0.424264068712,0.3);
#10995 = AXIS2_PLACEMENT_3D('',#10996,#10997,#10998);
#10996 = CARTESIAN_POINT('',(17.,-12.,25.25));
#10997 = DIRECTION('',(0.707106781187,-0.,0.707106781187));
#10998 = DIRECTION('',(0.707106781187,0.,-0.707106781187));
#10999 = ORIENTED_EDGE('',*,*,#11000,.T.);
#11000 = EDGE_CURVE('',#10992,#11001,#11003,.T.);
#11001 = VERTEX_POINT('',#11002);
#11002 = CARTESIAN_POINT('',(17.,-11.7,25.25));
#11003 = ELLIPSE('',#11004,0.424264068712,0.3);
#11004 = AXIS2_PLACEMENT_3D('',#11005,#11006,#11007);
#11005 = CARTESIAN_POINT('',(17.,-12.,25.25));
#11006 = DIRECTION('',(0.707106781187,-0.,0.707106781187));
#11007 = DIRECTION('',(0.707106781187,0.,-0.707106781187));
#11008 = ORIENTED_EDGE('',*,*,#11009,.T.);
#11009 = EDGE_CURVE('',#11001,#10973,#11010,.T.);
#11010 = CIRCLE('',#11011,0.3);
#11011 = AXIS2_PLACEMENT_3D('',#11012,#11013,#11014);
#11012 = CARTESIAN_POINT('',(17.,-12.,25.25));
#11013 = DIRECTION('',(1.,0.,-0.));
#11014 = DIRECTION('',(0.,0.,1.));
#11015 = CYLINDRICAL_SURFACE('',#11016,0.3);
#11016 = AXIS2_PLACEMENT_3D('',#11017,#11018,#11019);
#11017 = CARTESIAN_POINT('',(17.,-12.,25.25));
#11018 = DIRECTION('',(1.,0.,0.));
#11019 = DIRECTION('',(0.,0.,1.));
#11020 = ADVANCED_FACE('',(#11021),#11024,.T.);
#11021 = FACE_BOUND('',#11022,.T.);
#11022 = EDGE_LOOP('',(#11023));
#11023 = ORIENTED_EDGE('',*,*,#10926,.T.);
#11024 = PLANE('',#11025);
#11025 = AXIS2_PLACEMENT_3D('',#11026,#11027,#11028);
#11026 = CARTESIAN_POINT('',(28.5,-12.,25.25));
#11027 = DIRECTION('',(1.,0.,0.));
#11028 = DIRECTION('',(0.,0.,1.));
#11029 = ADVANCED_FACE('',(#11030),#11051,.T.);
#11030 = FACE_BOUND('',#11031,.T.);
#11031 = EDGE_LOOP('',(#11032,#11033,#11034,#11042,#11049,#11050));
#11032 = ORIENTED_EDGE('',*,*,#10957,.T.);
#11033 = ORIENTED_EDGE('',*,*,#10948,.F.);
#11034 = ORIENTED_EDGE('',*,*,#11035,.F.);
#11035 = EDGE_CURVE('',#11036,#10940,#11038,.T.);
#11036 = VERTEX_POINT('',#11037);
#11037 = CARTESIAN_POINT('',(27.3,-12.,22.75));
#11038 = LINE('',#11039,#11040);
#11039 = CARTESIAN_POINT('',(27.3,-12.,22.75));
#11040 = VECTOR('',#11041,1.);
#11041 = DIRECTION('',(0.,0.,1.));
#11042 = ORIENTED_EDGE('',*,*,#11043,.T.);
#11043 = EDGE_CURVE('',#11036,#11036,#11044,.T.);
#11044 = CIRCLE('',#11045,0.3);
#11045 = AXIS2_PLACEMENT_3D('',#11046,#11047,#11048);
#11046 = CARTESIAN_POINT('',(27.,-12.,22.75));
#11047 = DIRECTION('',(0.,0.,1.));
#11048 = DIRECTION('',(1.,0.,0.));
#11049 = ORIENTED_EDGE('',*,*,#11035,.T.);
#11050 = ORIENTED_EDGE('',*,*,#10937,.F.);
#11051 = CYLINDRICAL_SURFACE('',#11052,0.3);
#11052 = AXIS2_PLACEMENT_3D('',#11053,#11054,#11055);
#11053 = CARTESIAN_POINT('',(27.,-12.,22.75));
#11054 = DIRECTION('',(0.,0.,1.));
#11055 = DIRECTION('',(1.,0.,0.));
#11056 = ADVANCED_FACE('',(#11057),#11067,.F.);
#11057 = FACE_BOUND('',#11058,.F.);
#11058 = EDGE_LOOP('',(#11059,#11060,#11061));
#11059 = ORIENTED_EDGE('',*,*,#11009,.T.);
#11060 = ORIENTED_EDGE('',*,*,#10982,.T.);
#11061 = ORIENTED_EDGE('',*,*,#11062,.F.);
#11062 = EDGE_CURVE('',#11001,#10983,#11063,.T.);
#11063 = LINE('',#11064,#11065);
#11064 = CARTESIAN_POINT('',(17.,-12.,25.25));
#11065 = VECTOR('',#11066,1.);
#11066 = DIRECTION('',(0.,-1.,0.));
#11067 = PLANE('',#11068);
#11068 = AXIS2_PLACEMENT_3D('',#11069,#11070,#11071);
#11069 = CARTESIAN_POINT('',(17.,-12.,25.25));
#11070 = DIRECTION('',(1.,0.,0.));
#11071 = DIRECTION('',(0.,0.,1.));
#11072 = ADVANCED_FACE('',(#11073),#11100,.T.);
#11073 = FACE_BOUND('',#11074,.T.);
#11074 = EDGE_LOOP('',(#11075,#11082,#11083,#11091,#11098,#11099));
#11075 = ORIENTED_EDGE('',*,*,#11076,.F.);
#11076 = EDGE_CURVE('',#11001,#10983,#11077,.T.);
#11077 = CIRCLE('',#11078,0.3);
#11078 = AXIS2_PLACEMENT_3D('',#11079,#11080,#11081);
#11079 = CARTESIAN_POINT('',(17.,-12.,25.25));
#11080 = DIRECTION('',(0.,0.,1.));
#11081 = DIRECTION('',(1.,0.,0.));
#11082 = ORIENTED_EDGE('',*,*,#11000,.F.);
#11083 = ORIENTED_EDGE('',*,*,#11084,.F.);
#11084 = EDGE_CURVE('',#11085,#10992,#11087,.T.);
#11085 = VERTEX_POINT('',#11086);
#11086 = CARTESIAN_POINT('',(17.3,-12.,22.75));
#11087 = LINE('',#11088,#11089);
#11088 = CARTESIAN_POINT('',(17.3,-12.,22.75));
#11089 = VECTOR('',#11090,1.);
#11090 = DIRECTION('',(0.,0.,1.));
#11091 = ORIENTED_EDGE('',*,*,#11092,.T.);
#11092 = EDGE_CURVE('',#11085,#11085,#11093,.T.);
#11093 = CIRCLE('',#11094,0.3);
#11094 = AXIS2_PLACEMENT_3D('',#11095,#11096,#11097);
#11095 = CARTESIAN_POINT('',(17.,-12.,22.75));
#11096 = DIRECTION('',(0.,0.,1.));
#11097 = DIRECTION('',(1.,0.,0.));
#11098 = ORIENTED_EDGE('',*,*,#11084,.T.);
#11099 = ORIENTED_EDGE('',*,*,#10991,.F.);
#11100 = CYLINDRICAL_SURFACE('',#11101,0.3);
#11101 = AXIS2_PLACEMENT_3D('',#11102,#11103,#11104);
#11102 = CARTESIAN_POINT('',(17.,-12.,22.75));
#11103 = DIRECTION('',(0.,0.,1.));
#11104 = DIRECTION('',(1.,0.,0.));
#11105 = ADVANCED_FACE('',(#11106),#11109,.F.);
#11106 = FACE_BOUND('',#11107,.T.);
#11107 = EDGE_LOOP('',(#11108));
#11108 = ORIENTED_EDGE('',*,*,#11043,.F.);
#11109 = PLANE('',#11110);
#11110 = AXIS2_PLACEMENT_3D('',#11111,#11112,#11113);
#11111 = CARTESIAN_POINT('',(27.,-12.,22.75));
#11112 = DIRECTION('',(0.,0.,1.));
#11113 = DIRECTION('',(1.,0.,0.));
#11114 = ADVANCED_FACE('',(#11115),#11119,.T.);
#11115 = FACE_BOUND('',#11116,.T.);
#11116 = EDGE_LOOP('',(#11117,#11118));
#11117 = ORIENTED_EDGE('',*,*,#11062,.F.);
#11118 = ORIENTED_EDGE('',*,*,#11076,.T.);
#11119 = PLANE('',#11120);
#11120 = AXIS2_PLACEMENT_3D('',#11121,#11122,#11123);
#11121 = CARTESIAN_POINT('',(17.,-12.,25.25));
#11122 = DIRECTION('',(0.,0.,1.));
#11123 = DIRECTION('',(1.,0.,0.));
#11124 = ADVANCED_FACE('',(#11125),#11128,.F.);
#11125 = FACE_BOUND('',#11126,.T.);
#11126 = EDGE_LOOP('',(#11127));
#11127 = ORIENTED_EDGE('',*,*,#11092,.F.);
#11128 = PLANE('',#11129);
#11129 = AXIS2_PLACEMENT_3D('',#11130,#11131,#11132);
#11130 = CARTESIAN_POINT('',(17.,-12.,22.75));
#11131 = DIRECTION('',(0.,0.,1.));
#11132 = DIRECTION('',(1.,0.,0.));
#11133 = MANIFOLD_SOLID_BREP('',#11134);
#11134 = CLOSED_SHELL('',(#11135,#11168,#11188,#11208,#11262,#11314,
    #11323,#11350,#11366,#11399,#11408,#11418));
#11135 = ADVANCED_FACE('',(#11136),#11163,.T.);
#11136 = FACE_BOUND('',#11137,.T.);
#11137 = EDGE_LOOP('',(#11138,#11147,#11155,#11162));
#11138 = ORIENTED_EDGE('',*,*,#11139,.F.);
#11139 = EDGE_CURVE('',#11140,#11140,#11142,.T.);
#11140 = VERTEX_POINT('',#11141);
#11141 = CARTESIAN_POINT('',(25.,-8.5,26.4));
#11142 = CIRCLE('',#11143,1.15);
#11143 = AXIS2_PLACEMENT_3D('',#11144,#11145,#11146);
#11144 = CARTESIAN_POINT('',(25.,-8.5,25.25));
#11145 = DIRECTION('',(1.,0.,-0.));
#11146 = DIRECTION('',(0.,0.,1.));
#11147 = ORIENTED_EDGE('',*,*,#11148,.F.);
#11148 = EDGE_CURVE('',#11149,#11140,#11151,.T.);
#11149 = VERTEX_POINT('',#11150);
#11150 = CARTESIAN_POINT('',(19.,-8.5,26.4));
#11151 = LINE('',#11152,#11153);
#11152 = CARTESIAN_POINT('',(19.,-8.5,26.4));
#11153 = VECTOR('',#11154,1.);
#11154 = DIRECTION('',(1.,0.,0.));
#11155 = ORIENTED_EDGE('',*,*,#11156,.T.);
#11156 = EDGE_CURVE('',#11149,#11149,#11157,.T.);
#11157 = CIRCLE('',#11158,1.15);
#11158 = AXIS2_PLACEMENT_3D('',#11159,#11160,#11161);
#11159 = CARTESIAN_POINT('',(19.,-8.5,25.25));
#11160 = DIRECTION('',(1.,0.,-0.));
#11161 = DIRECTION('',(0.,0.,1.));
#11162 = ORIENTED_EDGE('',*,*,#11148,.T.);
#11163 = CYLINDRICAL_SURFACE('',#11164,1.15);
#11164 = AXIS2_PLACEMENT_3D('',#11165,#11166,#11167);
#11165 = CARTESIAN_POINT('',(19.,-8.5,25.25));
#11166 = DIRECTION('',(1.,0.,0.));
#11167 = DIRECTION('',(0.,0.,1.));
#11168 = ADVANCED_FACE('',(#11169,#11172),#11183,.T.);
#11169 = FACE_BOUND('',#11170,.T.);
#11170 = EDGE_LOOP('',(#11171));
#11171 = ORIENTED_EDGE('',*,*,#11139,.T.);
#11172 = FACE_BOUND('',#11173,.T.);
#11173 = EDGE_LOOP('',(#11174));
#11174 = ORIENTED_EDGE('',*,*,#11175,.F.);
#11175 = EDGE_CURVE('',#11176,#11176,#11178,.T.);
#11176 = VERTEX_POINT('',#11177);
#11177 = CARTESIAN_POINT('',(25.,-8.5,25.55));
#11178 = CIRCLE('',#11179,0.3);
#11179 = AXIS2_PLACEMENT_3D('',#11180,#11181,#11182);
#11180 = CARTESIAN_POINT('',(25.,-8.5,25.25));
#11181 = DIRECTION('',(1.,0.,-0.));
#11182 = DIRECTION('',(0.,0.,1.));
#11183 = PLANE('',#11184);
#11184 = AXIS2_PLACEMENT_3D('',#11185,#11186,#11187);
#11185 = CARTESIAN_POINT('',(25.,-8.5,25.25));
#11186 = DIRECTION('',(1.,0.,0.));
#11187 = DIRECTION('',(0.,0.,1.));
#11188 = ADVANCED_FACE('',(#11189,#11192),#11203,.F.);
#11189 = FACE_BOUND('',#11190,.F.);
#11190 = EDGE_LOOP('',(#11191));
#11191 = ORIENTED_EDGE('',*,*,#11156,.T.);
#11192 = FACE_BOUND('',#11193,.F.);
#11193 = EDGE_LOOP('',(#11194));
#11194 = ORIENTED_EDGE('',*,*,#11195,.F.);
#11195 = EDGE_CURVE('',#11196,#11196,#11198,.T.);
#11196 = VERTEX_POINT('',#11197);
#11197 = CARTESIAN_POINT('',(19.,-8.5,25.55));
#11198 = CIRCLE('',#11199,0.3);
#11199 = AXIS2_PLACEMENT_3D('',#11200,#11201,#11202);
#11200 = CARTESIAN_POINT('',(19.,-8.5,25.25));
#11201 = DIRECTION('',(1.,0.,-0.));
#11202 = DIRECTION('',(0.,0.,1.));
#11203 = PLANE('',#11204);
#11204 = AXIS2_PLACEMENT_3D('',#11205,#11206,#11207);
#11205 = CARTESIAN_POINT('',(19.,-8.5,25.25));
#11206 = DIRECTION('',(1.,0.,0.));
#11207 = DIRECTION('',(0.,0.,1.));
#11208 = ADVANCED_FACE('',(#11209,#11228),#11257,.T.);
#11209 = FACE_BOUND('',#11210,.T.);
#11210 = EDGE_LOOP('',(#11211,#11219,#11226,#11227));
#11211 = ORIENTED_EDGE('',*,*,#11212,.T.);
#11212 = EDGE_CURVE('',#11176,#11213,#11215,.T.);
#11213 = VERTEX_POINT('',#11214);
#11214 = CARTESIAN_POINT('',(28.5,-8.5,25.55));
#11215 = LINE('',#11216,#11217);
#11216 = CARTESIAN_POINT('',(25.,-8.5,25.55));
#11217 = VECTOR('',#11218,1.);
#11218 = DIRECTION('',(1.,0.,0.));
#11219 = ORIENTED_EDGE('',*,*,#11220,.F.);
#11220 = EDGE_CURVE('',#11213,#11213,#11221,.T.);
#11221 = CIRCLE('',#11222,0.3);
#11222 = AXIS2_PLACEMENT_3D('',#11223,#11224,#11225);
#11223 = CARTESIAN_POINT('',(28.5,-8.5,25.25));
#11224 = DIRECTION('',(1.,0.,-0.));
#11225 = DIRECTION('',(0.,0.,1.));
#11226 = ORIENTED_EDGE('',*,*,#11212,.F.);
#11227 = ORIENTED_EDGE('',*,*,#11175,.T.);
#11228 = FACE_BOUND('',#11229,.T.);
#11229 = EDGE_LOOP('',(#11230,#11241,#11250));
#11230 = ORIENTED_EDGE('',*,*,#11231,.T.);
#11231 = EDGE_CURVE('',#11232,#11234,#11236,.T.);
#11232 = VERTEX_POINT('',#11233);
#11233 = CARTESIAN_POINT('',(27.,-8.8,25.25));
#11234 = VERTEX_POINT('',#11235);
#11235 = CARTESIAN_POINT('',(27.3,-8.5,24.95));
#11236 = ELLIPSE('',#11237,0.424264068712,0.3);
#11237 = AXIS2_PLACEMENT_3D('',#11238,#11239,#11240);
#11238 = CARTESIAN_POINT('',(27.,-8.5,25.25));
#11239 = DIRECTION('',(0.707106781187,-0.,0.707106781187));
#11240 = DIRECTION('',(0.707106781187,0.,-0.707106781187));
#11241 = ORIENTED_EDGE('',*,*,#11242,.T.);
#11242 = EDGE_CURVE('',#11234,#11243,#11245,.T.);
#11243 = VERTEX_POINT('',#11244);
#11244 = CARTESIAN_POINT('',(27.,-8.2,25.25));
#11245 = ELLIPSE('',#11246,0.424264068712,0.3);
#11246 = AXIS2_PLACEMENT_3D('',#11247,#11248,#11249);
#11247 = CARTESIAN_POINT('',(27.,-8.5,25.25));
#11248 = DIRECTION('',(0.707106781187,-0.,0.707106781187));
#11249 = DIRECTION('',(0.707106781187,0.,-0.707106781187));
#11250 = ORIENTED_EDGE('',*,*,#11251,.F.);
#11251 = EDGE_CURVE('',#11232,#11243,#11252,.T.);
#11252 = ELLIPSE('',#11253,0.424264068712,0.3);
#11253 = AXIS2_PLACEMENT_3D('',#11254,#11255,#11256);
#11254 = CARTESIAN_POINT('',(27.,-8.5,25.25));
#11255 = DIRECTION('',(0.707106781187,0.,-0.707106781187));
#11256 = DIRECTION('',(0.707106781187,0.,0.707106781187));
#11257 = CYLINDRICAL_SURFACE('',#11258,0.3);
#11258 = AXIS2_PLACEMENT_3D('',#11259,#11260,#11261);
#11259 = CARTESIAN_POINT('',(25.,-8.5,25.25));
#11260 = DIRECTION('',(1.,0.,0.));
#11261 = DIRECTION('',(0.,0.,1.));
#11262 = ADVANCED_FACE('',(#11263),#11309,.T.);
#11263 = FACE_BOUND('',#11264,.T.);
#11264 = EDGE_LOOP('',(#11265,#11273,#11274,#11275,#11284,#11293,#11302)
  );
#11265 = ORIENTED_EDGE('',*,*,#11266,.T.);
#11266 = EDGE_CURVE('',#11267,#11196,#11269,.T.);
#11267 = VERTEX_POINT('',#11268);
#11268 = CARTESIAN_POINT('',(17.,-8.5,25.55));
#11269 = LINE('',#11270,#11271);
#11270 = CARTESIAN_POINT('',(17.,-8.5,25.55));
#11271 = VECTOR('',#11272,1.);
#11272 = DIRECTION('',(1.,0.,0.));
#11273 = ORIENTED_EDGE('',*,*,#11195,.F.);
#11274 = ORIENTED_EDGE('',*,*,#11266,.F.);
#11275 = ORIENTED_EDGE('',*,*,#11276,.T.);
#11276 = EDGE_CURVE('',#11267,#11277,#11279,.T.);
#11277 = VERTEX_POINT('',#11278);
#11278 = CARTESIAN_POINT('',(17.,-8.8,25.25));
#11279 = CIRCLE('',#11280,0.3);
#11280 = AXIS2_PLACEMENT_3D('',#11281,#11282,#11283);
#11281 = CARTESIAN_POINT('',(17.,-8.5,25.25));
#11282 = DIRECTION('',(1.,0.,-0.));
#11283 = DIRECTION('',(0.,0.,1.));
#11284 = ORIENTED_EDGE('',*,*,#11285,.T.);
#11285 = EDGE_CURVE('',#11277,#11286,#11288,.T.);
#11286 = VERTEX_POINT('',#11287);
#11287 = CARTESIAN_POINT('',(17.3,-8.5,24.95));
#11288 = ELLIPSE('',#11289,0.424264068712,0.3);
#11289 = AXIS2_PLACEMENT_3D('',#11290,#11291,#11292);
#11290 = CARTESIAN_POINT('',(17.,-8.5,25.25));
#11291 = DIRECTION('',(0.707106781187,-0.,0.707106781187));
#11292 = DIRECTION('',(0.707106781187,0.,-0.707106781187));
#11293 = ORIENTED_EDGE('',*,*,#11294,.T.);
#11294 = EDGE_CURVE('',#11286,#11295,#11297,.T.);
#11295 = VERTEX_POINT('',#11296);
#11296 = CARTESIAN_POINT('',(17.,-8.2,25.25));
#11297 = ELLIPSE('',#11298,0.424264068712,0.3);
#11298 = AXIS2_PLACEMENT_3D('',#11299,#11300,#11301);
#11299 = CARTESIAN_POINT('',(17.,-8.5,25.25));
#11300 = DIRECTION('',(0.707106781187,-0.,0.707106781187));
#11301 = DIRECTION('',(0.707106781187,0.,-0.707106781187));
#11302 = ORIENTED_EDGE('',*,*,#11303,.T.);
#11303 = EDGE_CURVE('',#11295,#11267,#11304,.T.);
#11304 = CIRCLE('',#11305,0.3);
#11305 = AXIS2_PLACEMENT_3D('',#11306,#11307,#11308);
#11306 = CARTESIAN_POINT('',(17.,-8.5,25.25));
#11307 = DIRECTION('',(1.,0.,-0.));
#11308 = DIRECTION('',(0.,0.,1.));
#11309 = CYLINDRICAL_SURFACE('',#11310,0.3);
#11310 = AXIS2_PLACEMENT_3D('',#11311,#11312,#11313);
#11311 = CARTESIAN_POINT('',(17.,-8.5,25.25));
#11312 = DIRECTION('',(1.,0.,0.));
#11313 = DIRECTION('',(0.,0.,1.));
#11314 = ADVANCED_FACE('',(#11315),#11318,.T.);
#11315 = FACE_BOUND('',#11316,.T.);
#11316 = EDGE_LOOP('',(#11317));
#11317 = ORIENTED_EDGE('',*,*,#11220,.T.);
#11318 = PLANE('',#11319);
#11319 = AXIS2_PLACEMENT_3D('',#11320,#11321,#11322);
#11320 = CARTESIAN_POINT('',(28.5,-8.5,25.25));
#11321 = DIRECTION('',(1.,0.,0.));
#11322 = DIRECTION('',(0.,0.,1.));
#11323 = ADVANCED_FACE('',(#11324),#11345,.T.);
#11324 = FACE_BOUND('',#11325,.T.);
#11325 = EDGE_LOOP('',(#11326,#11327,#11328,#11336,#11343,#11344));
#11326 = ORIENTED_EDGE('',*,*,#11251,.T.);
#11327 = ORIENTED_EDGE('',*,*,#11242,.F.);
#11328 = ORIENTED_EDGE('',*,*,#11329,.F.);
#11329 = EDGE_CURVE('',#11330,#11234,#11332,.T.);
#11330 = VERTEX_POINT('',#11331);
#11331 = CARTESIAN_POINT('',(27.3,-8.5,22.75));
#11332 = LINE('',#11333,#11334);
#11333 = CARTESIAN_POINT('',(27.3,-8.5,22.75));
#11334 = VECTOR('',#11335,1.);
#11335 = DIRECTION('',(0.,0.,1.));
#11336 = ORIENTED_EDGE('',*,*,#11337,.T.);
#11337 = EDGE_CURVE('',#11330,#11330,#11338,.T.);
#11338 = CIRCLE('',#11339,0.3);
#11339 = AXIS2_PLACEMENT_3D('',#11340,#11341,#11342);
#11340 = CARTESIAN_POINT('',(27.,-8.5,22.75));
#11341 = DIRECTION('',(0.,0.,1.));
#11342 = DIRECTION('',(1.,0.,0.));
#11343 = ORIENTED_EDGE('',*,*,#11329,.T.);
#11344 = ORIENTED_EDGE('',*,*,#11231,.F.);
#11345 = CYLINDRICAL_SURFACE('',#11346,0.3);
#11346 = AXIS2_PLACEMENT_3D('',#11347,#11348,#11349);
#11347 = CARTESIAN_POINT('',(27.,-8.5,22.75));
#11348 = DIRECTION('',(0.,0.,1.));
#11349 = DIRECTION('',(1.,0.,0.));
#11350 = ADVANCED_FACE('',(#11351),#11361,.F.);
#11351 = FACE_BOUND('',#11352,.F.);
#11352 = EDGE_LOOP('',(#11353,#11354,#11355));
#11353 = ORIENTED_EDGE('',*,*,#11303,.T.);
#11354 = ORIENTED_EDGE('',*,*,#11276,.T.);
#11355 = ORIENTED_EDGE('',*,*,#11356,.F.);
#11356 = EDGE_CURVE('',#11295,#11277,#11357,.T.);
#11357 = LINE('',#11358,#11359);
#11358 = CARTESIAN_POINT('',(17.,-8.5,25.25));
#11359 = VECTOR('',#11360,1.);
#11360 = DIRECTION('',(0.,-1.,0.));
#11361 = PLANE('',#11362);
#11362 = AXIS2_PLACEMENT_3D('',#11363,#11364,#11365);
#11363 = CARTESIAN_POINT('',(17.,-8.5,25.25));
#11364 = DIRECTION('',(1.,0.,0.));
#11365 = DIRECTION('',(0.,0.,1.));
#11366 = ADVANCED_FACE('',(#11367),#11394,.T.);
#11367 = FACE_BOUND('',#11368,.T.);
#11368 = EDGE_LOOP('',(#11369,#11376,#11377,#11385,#11392,#11393));
#11369 = ORIENTED_EDGE('',*,*,#11370,.F.);
#11370 = EDGE_CURVE('',#11295,#11277,#11371,.T.);
#11371 = CIRCLE('',#11372,0.3);
#11372 = AXIS2_PLACEMENT_3D('',#11373,#11374,#11375);
#11373 = CARTESIAN_POINT('',(17.,-8.5,25.25));
#11374 = DIRECTION('',(0.,0.,1.));
#11375 = DIRECTION('',(1.,0.,0.));
#11376 = ORIENTED_EDGE('',*,*,#11294,.F.);
#11377 = ORIENTED_EDGE('',*,*,#11378,.F.);
#11378 = EDGE_CURVE('',#11379,#11286,#11381,.T.);
#11379 = VERTEX_POINT('',#11380);
#11380 = CARTESIAN_POINT('',(17.3,-8.5,22.75));
#11381 = LINE('',#11382,#11383);
#11382 = CARTESIAN_POINT('',(17.3,-8.5,22.75));
#11383 = VECTOR('',#11384,1.);
#11384 = DIRECTION('',(0.,0.,1.));
#11385 = ORIENTED_EDGE('',*,*,#11386,.T.);
#11386 = EDGE_CURVE('',#11379,#11379,#11387,.T.);
#11387 = CIRCLE('',#11388,0.3);
#11388 = AXIS2_PLACEMENT_3D('',#11389,#11390,#11391);
#11389 = CARTESIAN_POINT('',(17.,-8.5,22.75));
#11390 = DIRECTION('',(0.,0.,1.));
#11391 = DIRECTION('',(1.,0.,0.));
#11392 = ORIENTED_EDGE('',*,*,#11378,.T.);
#11393 = ORIENTED_EDGE('',*,*,#11285,.F.);
#11394 = CYLINDRICAL_SURFACE('',#11395,0.3);
#11395 = AXIS2_PLACEMENT_3D('',#11396,#11397,#11398);
#11396 = CARTESIAN_POINT('',(17.,-8.5,22.75));
#11397 = DIRECTION('',(0.,0.,1.));
#11398 = DIRECTION('',(1.,0.,0.));
#11399 = ADVANCED_FACE('',(#11400),#11403,.F.);
#11400 = FACE_BOUND('',#11401,.T.);
#11401 = EDGE_LOOP('',(#11402));
#11402 = ORIENTED_EDGE('',*,*,#11337,.F.);
#11403 = PLANE('',#11404);
#11404 = AXIS2_PLACEMENT_3D('',#11405,#11406,#11407);
#11405 = CARTESIAN_POINT('',(27.,-8.5,22.75));
#11406 = DIRECTION('',(0.,0.,1.));
#11407 = DIRECTION('',(1.,0.,0.));
#11408 = ADVANCED_FACE('',(#11409),#11413,.T.);
#11409 = FACE_BOUND('',#11410,.T.);
#11410 = EDGE_LOOP('',(#11411,#11412));
#11411 = ORIENTED_EDGE('',*,*,#11356,.F.);
#11412 = ORIENTED_EDGE('',*,*,#11370,.T.);
#11413 = PLANE('',#11414);
#11414 = AXIS2_PLACEMENT_3D('',#11415,#11416,#11417);
#11415 = CARTESIAN_POINT('',(17.,-8.5,25.25));
#11416 = DIRECTION('',(0.,0.,1.));
#11417 = DIRECTION('',(1.,0.,0.));
#11418 = ADVANCED_FACE('',(#11419),#11422,.F.);
#11419 = FACE_BOUND('',#11420,.T.);
#11420 = EDGE_LOOP('',(#11421));
#11421 = ORIENTED_EDGE('',*,*,#11386,.F.);
#11422 = PLANE('',#11423);
#11423 = AXIS2_PLACEMENT_3D('',#11424,#11425,#11426);
#11424 = CARTESIAN_POINT('',(17.,-8.5,22.75));
#11425 = DIRECTION('',(0.,0.,1.));
#11426 = DIRECTION('',(1.,0.,0.));
#11427 = MANIFOLD_SOLID_BREP('',#11428);
#11428 = CLOSED_SHELL('',(#11429,#11462,#11482,#11502,#11556,#11608,
    #11617,#11644,#11660,#11693,#11702,#11712));
#11429 = ADVANCED_FACE('',(#11430),#11457,.T.);
#11430 = FACE_BOUND('',#11431,.T.);
#11431 = EDGE_LOOP('',(#11432,#11441,#11449,#11456));
#11432 = ORIENTED_EDGE('',*,*,#11433,.F.);
#11433 = EDGE_CURVE('',#11434,#11434,#11436,.T.);
#11434 = VERTEX_POINT('',#11435);
#11435 = CARTESIAN_POINT('',(25.,-5.,26.4));
#11436 = CIRCLE('',#11437,1.15);
#11437 = AXIS2_PLACEMENT_3D('',#11438,#11439,#11440);
#11438 = CARTESIAN_POINT('',(25.,-5.,25.25));
#11439 = DIRECTION('',(1.,0.,-0.));
#11440 = DIRECTION('',(0.,0.,1.));
#11441 = ORIENTED_EDGE('',*,*,#11442,.F.);
#11442 = EDGE_CURVE('',#11443,#11434,#11445,.T.);
#11443 = VERTEX_POINT('',#11444);
#11444 = CARTESIAN_POINT('',(19.,-5.,26.4));
#11445 = LINE('',#11446,#11447);
#11446 = CARTESIAN_POINT('',(19.,-5.,26.4));
#11447 = VECTOR('',#11448,1.);
#11448 = DIRECTION('',(1.,0.,0.));
#11449 = ORIENTED_EDGE('',*,*,#11450,.T.);
#11450 = EDGE_CURVE('',#11443,#11443,#11451,.T.);
#11451 = CIRCLE('',#11452,1.15);
#11452 = AXIS2_PLACEMENT_3D('',#11453,#11454,#11455);
#11453 = CARTESIAN_POINT('',(19.,-5.,25.25));
#11454 = DIRECTION('',(1.,0.,-0.));
#11455 = DIRECTION('',(0.,0.,1.));
#11456 = ORIENTED_EDGE('',*,*,#11442,.T.);
#11457 = CYLINDRICAL_SURFACE('',#11458,1.15);
#11458 = AXIS2_PLACEMENT_3D('',#11459,#11460,#11461);
#11459 = CARTESIAN_POINT('',(19.,-5.,25.25));
#11460 = DIRECTION('',(1.,0.,0.));
#11461 = DIRECTION('',(0.,0.,1.));
#11462 = ADVANCED_FACE('',(#11463,#11466),#11477,.T.);
#11463 = FACE_BOUND('',#11464,.T.);
#11464 = EDGE_LOOP('',(#11465));
#11465 = ORIENTED_EDGE('',*,*,#11433,.T.);
#11466 = FACE_BOUND('',#11467,.T.);
#11467 = EDGE_LOOP('',(#11468));
#11468 = ORIENTED_EDGE('',*,*,#11469,.F.);
#11469 = EDGE_CURVE('',#11470,#11470,#11472,.T.);
#11470 = VERTEX_POINT('',#11471);
#11471 = CARTESIAN_POINT('',(25.,-5.,25.55));
#11472 = CIRCLE('',#11473,0.3);
#11473 = AXIS2_PLACEMENT_3D('',#11474,#11475,#11476);
#11474 = CARTESIAN_POINT('',(25.,-5.,25.25));
#11475 = DIRECTION('',(1.,0.,-0.));
#11476 = DIRECTION('',(0.,0.,1.));
#11477 = PLANE('',#11478);
#11478 = AXIS2_PLACEMENT_3D('',#11479,#11480,#11481);
#11479 = CARTESIAN_POINT('',(25.,-5.,25.25));
#11480 = DIRECTION('',(1.,0.,0.));
#11481 = DIRECTION('',(0.,0.,1.));
#11482 = ADVANCED_FACE('',(#11483,#11486),#11497,.F.);
#11483 = FACE_BOUND('',#11484,.F.);
#11484 = EDGE_LOOP('',(#11485));
#11485 = ORIENTED_EDGE('',*,*,#11450,.T.);
#11486 = FACE_BOUND('',#11487,.F.);
#11487 = EDGE_LOOP('',(#11488));
#11488 = ORIENTED_EDGE('',*,*,#11489,.F.);
#11489 = EDGE_CURVE('',#11490,#11490,#11492,.T.);
#11490 = VERTEX_POINT('',#11491);
#11491 = CARTESIAN_POINT('',(19.,-5.,25.55));
#11492 = CIRCLE('',#11493,0.3);
#11493 = AXIS2_PLACEMENT_3D('',#11494,#11495,#11496);
#11494 = CARTESIAN_POINT('',(19.,-5.,25.25));
#11495 = DIRECTION('',(1.,0.,-0.));
#11496 = DIRECTION('',(0.,0.,1.));
#11497 = PLANE('',#11498);
#11498 = AXIS2_PLACEMENT_3D('',#11499,#11500,#11501);
#11499 = CARTESIAN_POINT('',(19.,-5.,25.25));
#11500 = DIRECTION('',(1.,0.,0.));
#11501 = DIRECTION('',(0.,0.,1.));
#11502 = ADVANCED_FACE('',(#11503,#11522),#11551,.T.);
#11503 = FACE_BOUND('',#11504,.T.);
#11504 = EDGE_LOOP('',(#11505,#11513,#11520,#11521));
#11505 = ORIENTED_EDGE('',*,*,#11506,.T.);
#11506 = EDGE_CURVE('',#11470,#11507,#11509,.T.);
#11507 = VERTEX_POINT('',#11508);
#11508 = CARTESIAN_POINT('',(28.5,-5.,25.55));
#11509 = LINE('',#11510,#11511);
#11510 = CARTESIAN_POINT('',(25.,-5.,25.55));
#11511 = VECTOR('',#11512,1.);
#11512 = DIRECTION('',(1.,0.,0.));
#11513 = ORIENTED_EDGE('',*,*,#11514,.F.);
#11514 = EDGE_CURVE('',#11507,#11507,#11515,.T.);
#11515 = CIRCLE('',#11516,0.3);
#11516 = AXIS2_PLACEMENT_3D('',#11517,#11518,#11519);
#11517 = CARTESIAN_POINT('',(28.5,-5.,25.25));
#11518 = DIRECTION('',(1.,0.,-0.));
#11519 = DIRECTION('',(0.,0.,1.));
#11520 = ORIENTED_EDGE('',*,*,#11506,.F.);
#11521 = ORIENTED_EDGE('',*,*,#11469,.T.);
#11522 = FACE_BOUND('',#11523,.T.);
#11523 = EDGE_LOOP('',(#11524,#11535,#11544));
#11524 = ORIENTED_EDGE('',*,*,#11525,.T.);
#11525 = EDGE_CURVE('',#11526,#11528,#11530,.T.);
#11526 = VERTEX_POINT('',#11527);
#11527 = CARTESIAN_POINT('',(27.,-5.3,25.25));
#11528 = VERTEX_POINT('',#11529);
#11529 = CARTESIAN_POINT('',(27.3,-5.,24.95));
#11530 = ELLIPSE('',#11531,0.424264068712,0.3);
#11531 = AXIS2_PLACEMENT_3D('',#11532,#11533,#11534);
#11532 = CARTESIAN_POINT('',(27.,-5.,25.25));
#11533 = DIRECTION('',(0.707106781187,-0.,0.707106781187));
#11534 = DIRECTION('',(0.707106781187,0.,-0.707106781187));
#11535 = ORIENTED_EDGE('',*,*,#11536,.T.);
#11536 = EDGE_CURVE('',#11528,#11537,#11539,.T.);
#11537 = VERTEX_POINT('',#11538);
#11538 = CARTESIAN_POINT('',(27.,-4.7,25.25));
#11539 = ELLIPSE('',#11540,0.424264068712,0.3);
#11540 = AXIS2_PLACEMENT_3D('',#11541,#11542,#11543);
#11541 = CARTESIAN_POINT('',(27.,-5.,25.25));
#11542 = DIRECTION('',(0.707106781187,-0.,0.707106781187));
#11543 = DIRECTION('',(0.707106781187,0.,-0.707106781187));
#11544 = ORIENTED_EDGE('',*,*,#11545,.F.);
#11545 = EDGE_CURVE('',#11526,#11537,#11546,.T.);
#11546 = ELLIPSE('',#11547,0.424264068712,0.3);
#11547 = AXIS2_PLACEMENT_3D('',#11548,#11549,#11550);
#11548 = CARTESIAN_POINT('',(27.,-5.,25.25));
#11549 = DIRECTION('',(0.707106781187,0.,-0.707106781187));
#11550 = DIRECTION('',(0.707106781187,0.,0.707106781187));
#11551 = CYLINDRICAL_SURFACE('',#11552,0.3);
#11552 = AXIS2_PLACEMENT_3D('',#11553,#11554,#11555);
#11553 = CARTESIAN_POINT('',(25.,-5.,25.25));
#11554 = DIRECTION('',(1.,0.,0.));
#11555 = DIRECTION('',(0.,0.,1.));
#11556 = ADVANCED_FACE('',(#11557),#11603,.T.);
#11557 = FACE_BOUND('',#11558,.T.);
#11558 = EDGE_LOOP('',(#11559,#11567,#11568,#11569,#11578,#11587,#11596)
  );
#11559 = ORIENTED_EDGE('',*,*,#11560,.T.);
#11560 = EDGE_CURVE('',#11561,#11490,#11563,.T.);
#11561 = VERTEX_POINT('',#11562);
#11562 = CARTESIAN_POINT('',(17.,-5.,25.55));
#11563 = LINE('',#11564,#11565);
#11564 = CARTESIAN_POINT('',(17.,-5.,25.55));
#11565 = VECTOR('',#11566,1.);
#11566 = DIRECTION('',(1.,0.,0.));
#11567 = ORIENTED_EDGE('',*,*,#11489,.F.);
#11568 = ORIENTED_EDGE('',*,*,#11560,.F.);
#11569 = ORIENTED_EDGE('',*,*,#11570,.T.);
#11570 = EDGE_CURVE('',#11561,#11571,#11573,.T.);
#11571 = VERTEX_POINT('',#11572);
#11572 = CARTESIAN_POINT('',(17.,-5.3,25.25));
#11573 = CIRCLE('',#11574,0.3);
#11574 = AXIS2_PLACEMENT_3D('',#11575,#11576,#11577);
#11575 = CARTESIAN_POINT('',(17.,-5.,25.25));
#11576 = DIRECTION('',(1.,0.,-0.));
#11577 = DIRECTION('',(0.,0.,1.));
#11578 = ORIENTED_EDGE('',*,*,#11579,.T.);
#11579 = EDGE_CURVE('',#11571,#11580,#11582,.T.);
#11580 = VERTEX_POINT('',#11581);
#11581 = CARTESIAN_POINT('',(17.3,-5.,24.95));
#11582 = ELLIPSE('',#11583,0.424264068712,0.3);
#11583 = AXIS2_PLACEMENT_3D('',#11584,#11585,#11586);
#11584 = CARTESIAN_POINT('',(17.,-5.,25.25));
#11585 = DIRECTION('',(0.707106781187,-0.,0.707106781187));
#11586 = DIRECTION('',(0.707106781187,0.,-0.707106781187));
#11587 = ORIENTED_EDGE('',*,*,#11588,.T.);
#11588 = EDGE_CURVE('',#11580,#11589,#11591,.T.);
#11589 = VERTEX_POINT('',#11590);
#11590 = CARTESIAN_POINT('',(17.,-4.7,25.25));
#11591 = ELLIPSE('',#11592,0.424264068712,0.3);
#11592 = AXIS2_PLACEMENT_3D('',#11593,#11594,#11595);
#11593 = CARTESIAN_POINT('',(17.,-5.,25.25));
#11594 = DIRECTION('',(0.707106781187,-0.,0.707106781187));
#11595 = DIRECTION('',(0.707106781187,0.,-0.707106781187));
#11596 = ORIENTED_EDGE('',*,*,#11597,.T.);
#11597 = EDGE_CURVE('',#11589,#11561,#11598,.T.);
#11598 = CIRCLE('',#11599,0.3);
#11599 = AXIS2_PLACEMENT_3D('',#11600,#11601,#11602);
#11600 = CARTESIAN_POINT('',(17.,-5.,25.25));
#11601 = DIRECTION('',(1.,0.,-0.));
#11602 = DIRECTION('',(0.,0.,1.));
#11603 = CYLINDRICAL_SURFACE('',#11604,0.3);
#11604 = AXIS2_PLACEMENT_3D('',#11605,#11606,#11607);
#11605 = CARTESIAN_POINT('',(17.,-5.,25.25));
#11606 = DIRECTION('',(1.,0.,0.));
#11607 = DIRECTION('',(0.,0.,1.));
#11608 = ADVANCED_FACE('',(#11609),#11612,.T.);
#11609 = FACE_BOUND('',#11610,.T.);
#11610 = EDGE_LOOP('',(#11611));
#11611 = ORIENTED_EDGE('',*,*,#11514,.T.);
#11612 = PLANE('',#11613);
#11613 = AXIS2_PLACEMENT_3D('',#11614,#11615,#11616);
#11614 = CARTESIAN_POINT('',(28.5,-5.,25.25));
#11615 = DIRECTION('',(1.,0.,0.));
#11616 = DIRECTION('',(0.,0.,1.));
#11617 = ADVANCED_FACE('',(#11618),#11639,.T.);
#11618 = FACE_BOUND('',#11619,.T.);
#11619 = EDGE_LOOP('',(#11620,#11621,#11622,#11630,#11637,#11638));
#11620 = ORIENTED_EDGE('',*,*,#11545,.T.);
#11621 = ORIENTED_EDGE('',*,*,#11536,.F.);
#11622 = ORIENTED_EDGE('',*,*,#11623,.F.);
#11623 = EDGE_CURVE('',#11624,#11528,#11626,.T.);
#11624 = VERTEX_POINT('',#11625);
#11625 = CARTESIAN_POINT('',(27.3,-5.,22.75));
#11626 = LINE('',#11627,#11628);
#11627 = CARTESIAN_POINT('',(27.3,-5.,22.75));
#11628 = VECTOR('',#11629,1.);
#11629 = DIRECTION('',(0.,0.,1.));
#11630 = ORIENTED_EDGE('',*,*,#11631,.T.);
#11631 = EDGE_CURVE('',#11624,#11624,#11632,.T.);
#11632 = CIRCLE('',#11633,0.3);
#11633 = AXIS2_PLACEMENT_3D('',#11634,#11635,#11636);
#11634 = CARTESIAN_POINT('',(27.,-5.,22.75));
#11635 = DIRECTION('',(0.,0.,1.));
#11636 = DIRECTION('',(1.,0.,0.));
#11637 = ORIENTED_EDGE('',*,*,#11623,.T.);
#11638 = ORIENTED_EDGE('',*,*,#11525,.F.);
#11639 = CYLINDRICAL_SURFACE('',#11640,0.3);
#11640 = AXIS2_PLACEMENT_3D('',#11641,#11642,#11643);
#11641 = CARTESIAN_POINT('',(27.,-5.,22.75));
#11642 = DIRECTION('',(0.,0.,1.));
#11643 = DIRECTION('',(1.,0.,0.));
#11644 = ADVANCED_FACE('',(#11645),#11655,.F.);
#11645 = FACE_BOUND('',#11646,.F.);
#11646 = EDGE_LOOP('',(#11647,#11648,#11649));
#11647 = ORIENTED_EDGE('',*,*,#11597,.T.);
#11648 = ORIENTED_EDGE('',*,*,#11570,.T.);
#11649 = ORIENTED_EDGE('',*,*,#11650,.F.);
#11650 = EDGE_CURVE('',#11589,#11571,#11651,.T.);
#11651 = LINE('',#11652,#11653);
#11652 = CARTESIAN_POINT('',(17.,-5.,25.25));
#11653 = VECTOR('',#11654,1.);
#11654 = DIRECTION('',(0.,-1.,0.));
#11655 = PLANE('',#11656);
#11656 = AXIS2_PLACEMENT_3D('',#11657,#11658,#11659);
#11657 = CARTESIAN_POINT('',(17.,-5.,25.25));
#11658 = DIRECTION('',(1.,0.,0.));
#11659 = DIRECTION('',(0.,0.,1.));
#11660 = ADVANCED_FACE('',(#11661),#11688,.T.);
#11661 = FACE_BOUND('',#11662,.T.);
#11662 = EDGE_LOOP('',(#11663,#11670,#11671,#11679,#11686,#11687));
#11663 = ORIENTED_EDGE('',*,*,#11664,.F.);
#11664 = EDGE_CURVE('',#11589,#11571,#11665,.T.);
#11665 = CIRCLE('',#11666,0.3);
#11666 = AXIS2_PLACEMENT_3D('',#11667,#11668,#11669);
#11667 = CARTESIAN_POINT('',(17.,-5.,25.25));
#11668 = DIRECTION('',(0.,0.,1.));
#11669 = DIRECTION('',(1.,0.,0.));
#11670 = ORIENTED_EDGE('',*,*,#11588,.F.);
#11671 = ORIENTED_EDGE('',*,*,#11672,.F.);
#11672 = EDGE_CURVE('',#11673,#11580,#11675,.T.);
#11673 = VERTEX_POINT('',#11674);
#11674 = CARTESIAN_POINT('',(17.3,-5.,22.75));
#11675 = LINE('',#11676,#11677);
#11676 = CARTESIAN_POINT('',(17.3,-5.,22.75));
#11677 = VECTOR('',#11678,1.);
#11678 = DIRECTION('',(0.,0.,1.));
#11679 = ORIENTED_EDGE('',*,*,#11680,.T.);
#11680 = EDGE_CURVE('',#11673,#11673,#11681,.T.);
#11681 = CIRCLE('',#11682,0.3);
#11682 = AXIS2_PLACEMENT_3D('',#11683,#11684,#11685);
#11683 = CARTESIAN_POINT('',(17.,-5.,22.75));
#11684 = DIRECTION('',(0.,0.,1.));
#11685 = DIRECTION('',(1.,0.,0.));
#11686 = ORIENTED_EDGE('',*,*,#11672,.T.);
#11687 = ORIENTED_EDGE('',*,*,#11579,.F.);
#11688 = CYLINDRICAL_SURFACE('',#11689,0.3);
#11689 = AXIS2_PLACEMENT_3D('',#11690,#11691,#11692);
#11690 = CARTESIAN_POINT('',(17.,-5.,22.75));
#11691 = DIRECTION('',(0.,0.,1.));
#11692 = DIRECTION('',(1.,0.,0.));
#11693 = ADVANCED_FACE('',(#11694),#11697,.F.);
#11694 = FACE_BOUND('',#11695,.T.);
#11695 = EDGE_LOOP('',(#11696));
#11696 = ORIENTED_EDGE('',*,*,#11631,.F.);
#11697 = PLANE('',#11698);
#11698 = AXIS2_PLACEMENT_3D('',#11699,#11700,#11701);
#11699 = CARTESIAN_POINT('',(27.,-5.,22.75));
#11700 = DIRECTION('',(0.,0.,1.));
#11701 = DIRECTION('',(1.,0.,0.));
#11702 = ADVANCED_FACE('',(#11703),#11707,.T.);
#11703 = FACE_BOUND('',#11704,.T.);
#11704 = EDGE_LOOP('',(#11705,#11706));
#11705 = ORIENTED_EDGE('',*,*,#11650,.F.);
#11706 = ORIENTED_EDGE('',*,*,#11664,.T.);
#11707 = PLANE('',#11708);
#11708 = AXIS2_PLACEMENT_3D('',#11709,#11710,#11711);
#11709 = CARTESIAN_POINT('',(17.,-5.,25.25));
#11710 = DIRECTION('',(0.,0.,1.));
#11711 = DIRECTION('',(1.,0.,0.));
#11712 = ADVANCED_FACE('',(#11713),#11716,.F.);
#11713 = FACE_BOUND('',#11714,.T.);
#11714 = EDGE_LOOP('',(#11715));
#11715 = ORIENTED_EDGE('',*,*,#11680,.F.);
#11716 = PLANE('',#11717);
#11717 = AXIS2_PLACEMENT_3D('',#11718,#11719,#11720);
#11718 = CARTESIAN_POINT('',(17.,-5.,22.75));
#11719 = DIRECTION('',(0.,0.,1.));
#11720 = DIRECTION('',(1.,0.,0.));
#11721 = MANIFOLD_SOLID_BREP('',#11722);
#11722 = CLOSED_SHELL('',(#11723,#11756,#11776,#11796,#11850,#11902,
    #11911,#11938,#11954,#11987,#11996,#12006));
#11723 = ADVANCED_FACE('',(#11724),#11751,.T.);
#11724 = FACE_BOUND('',#11725,.T.);
#11725 = EDGE_LOOP('',(#11726,#11735,#11743,#11750));
#11726 = ORIENTED_EDGE('',*,*,#11727,.F.);
#11727 = EDGE_CURVE('',#11728,#11728,#11730,.T.);
#11728 = VERTEX_POINT('',#11729);
#11729 = CARTESIAN_POINT('',(36.,-11.,26.4));
#11730 = CIRCLE('',#11731,1.15);
#11731 = AXIS2_PLACEMENT_3D('',#11732,#11733,#11734);
#11732 = CARTESIAN_POINT('',(36.,-11.,25.25));
#11733 = DIRECTION('',(1.,0.,-0.));
#11734 = DIRECTION('',(0.,0.,1.));
#11735 = ORIENTED_EDGE('',*,*,#11736,.F.);
#11736 = EDGE_CURVE('',#11737,#11728,#11739,.T.);
#11737 = VERTEX_POINT('',#11738);
#11738 = CARTESIAN_POINT('',(30.,-11.,26.4));
#11739 = LINE('',#11740,#11741);
#11740 = CARTESIAN_POINT('',(30.,-11.,26.4));
#11741 = VECTOR('',#11742,1.);
#11742 = DIRECTION('',(1.,0.,0.));
#11743 = ORIENTED_EDGE('',*,*,#11744,.T.);
#11744 = EDGE_CURVE('',#11737,#11737,#11745,.T.);
#11745 = CIRCLE('',#11746,1.15);
#11746 = AXIS2_PLACEMENT_3D('',#11747,#11748,#11749);
#11747 = CARTESIAN_POINT('',(30.,-11.,25.25));
#11748 = DIRECTION('',(1.,0.,-0.));
#11749 = DIRECTION('',(0.,0.,1.));
#11750 = ORIENTED_EDGE('',*,*,#11736,.T.);
#11751 = CYLINDRICAL_SURFACE('',#11752,1.15);
#11752 = AXIS2_PLACEMENT_3D('',#11753,#11754,#11755);
#11753 = CARTESIAN_POINT('',(30.,-11.,25.25));
#11754 = DIRECTION('',(1.,0.,0.));
#11755 = DIRECTION('',(0.,0.,1.));
#11756 = ADVANCED_FACE('',(#11757,#11760),#11771,.T.);
#11757 = FACE_BOUND('',#11758,.T.);
#11758 = EDGE_LOOP('',(#11759));
#11759 = ORIENTED_EDGE('',*,*,#11727,.T.);
#11760 = FACE_BOUND('',#11761,.T.);
#11761 = EDGE_LOOP('',(#11762));
#11762 = ORIENTED_EDGE('',*,*,#11763,.F.);
#11763 = EDGE_CURVE('',#11764,#11764,#11766,.T.);
#11764 = VERTEX_POINT('',#11765);
#11765 = CARTESIAN_POINT('',(36.,-11.,25.55));
#11766 = CIRCLE('',#11767,0.3);
#11767 = AXIS2_PLACEMENT_3D('',#11768,#11769,#11770);
#11768 = CARTESIAN_POINT('',(36.,-11.,25.25));
#11769 = DIRECTION('',(1.,0.,-0.));
#11770 = DIRECTION('',(0.,0.,1.));
#11771 = PLANE('',#11772);
#11772 = AXIS2_PLACEMENT_3D('',#11773,#11774,#11775);
#11773 = CARTESIAN_POINT('',(36.,-11.,25.25));
#11774 = DIRECTION('',(1.,0.,0.));
#11775 = DIRECTION('',(0.,0.,1.));
#11776 = ADVANCED_FACE('',(#11777,#11780),#11791,.F.);
#11777 = FACE_BOUND('',#11778,.F.);
#11778 = EDGE_LOOP('',(#11779));
#11779 = ORIENTED_EDGE('',*,*,#11744,.T.);
#11780 = FACE_BOUND('',#11781,.F.);
#11781 = EDGE_LOOP('',(#11782));
#11782 = ORIENTED_EDGE('',*,*,#11783,.F.);
#11783 = EDGE_CURVE('',#11784,#11784,#11786,.T.);
#11784 = VERTEX_POINT('',#11785);
#11785 = CARTESIAN_POINT('',(30.,-11.,25.55));
#11786 = CIRCLE('',#11787,0.3);
#11787 = AXIS2_PLACEMENT_3D('',#11788,#11789,#11790);
#11788 = CARTESIAN_POINT('',(30.,-11.,25.25));
#11789 = DIRECTION('',(1.,0.,-0.));
#11790 = DIRECTION('',(0.,0.,1.));
#11791 = PLANE('',#11792);
#11792 = AXIS2_PLACEMENT_3D('',#11793,#11794,#11795);
#11793 = CARTESIAN_POINT('',(30.,-11.,25.25));
#11794 = DIRECTION('',(1.,0.,0.));
#11795 = DIRECTION('',(0.,0.,1.));
#11796 = ADVANCED_FACE('',(#11797,#11816),#11845,.T.);
#11797 = FACE_BOUND('',#11798,.T.);
#11798 = EDGE_LOOP('',(#11799,#11807,#11814,#11815));
#11799 = ORIENTED_EDGE('',*,*,#11800,.T.);
#11800 = EDGE_CURVE('',#11764,#11801,#11803,.T.);
#11801 = VERTEX_POINT('',#11802);
#11802 = CARTESIAN_POINT('',(39.5,-11.,25.55));
#11803 = LINE('',#11804,#11805);
#11804 = CARTESIAN_POINT('',(36.,-11.,25.55));
#11805 = VECTOR('',#11806,1.);
#11806 = DIRECTION('',(1.,0.,0.));
#11807 = ORIENTED_EDGE('',*,*,#11808,.F.);
#11808 = EDGE_CURVE('',#11801,#11801,#11809,.T.);
#11809 = CIRCLE('',#11810,0.3);
#11810 = AXIS2_PLACEMENT_3D('',#11811,#11812,#11813);
#11811 = CARTESIAN_POINT('',(39.5,-11.,25.25));
#11812 = DIRECTION('',(1.,0.,-0.));
#11813 = DIRECTION('',(0.,0.,1.));
#11814 = ORIENTED_EDGE('',*,*,#11800,.F.);
#11815 = ORIENTED_EDGE('',*,*,#11763,.T.);
#11816 = FACE_BOUND('',#11817,.T.);
#11817 = EDGE_LOOP('',(#11818,#11829,#11838));
#11818 = ORIENTED_EDGE('',*,*,#11819,.T.);
#11819 = EDGE_CURVE('',#11820,#11822,#11824,.T.);
#11820 = VERTEX_POINT('',#11821);
#11821 = CARTESIAN_POINT('',(38.,-11.3,25.25));
#11822 = VERTEX_POINT('',#11823);
#11823 = CARTESIAN_POINT('',(38.3,-11.,24.95));
#11824 = ELLIPSE('',#11825,0.424264068712,0.3);
#11825 = AXIS2_PLACEMENT_3D('',#11826,#11827,#11828);
#11826 = CARTESIAN_POINT('',(38.,-11.,25.25));
#11827 = DIRECTION('',(0.707106781187,-0.,0.707106781187));
#11828 = DIRECTION('',(0.707106781187,0.,-0.707106781187));
#11829 = ORIENTED_EDGE('',*,*,#11830,.T.);
#11830 = EDGE_CURVE('',#11822,#11831,#11833,.T.);
#11831 = VERTEX_POINT('',#11832);
#11832 = CARTESIAN_POINT('',(38.,-10.7,25.25));
#11833 = ELLIPSE('',#11834,0.424264068712,0.3);
#11834 = AXIS2_PLACEMENT_3D('',#11835,#11836,#11837);
#11835 = CARTESIAN_POINT('',(38.,-11.,25.25));
#11836 = DIRECTION('',(0.707106781187,-0.,0.707106781187));
#11837 = DIRECTION('',(0.707106781187,0.,-0.707106781187));
#11838 = ORIENTED_EDGE('',*,*,#11839,.F.);
#11839 = EDGE_CURVE('',#11820,#11831,#11840,.T.);
#11840 = ELLIPSE('',#11841,0.424264068712,0.3);
#11841 = AXIS2_PLACEMENT_3D('',#11842,#11843,#11844);
#11842 = CARTESIAN_POINT('',(38.,-11.,25.25));
#11843 = DIRECTION('',(0.707106781187,0.,-0.707106781187));
#11844 = DIRECTION('',(0.707106781187,0.,0.707106781187));
#11845 = CYLINDRICAL_SURFACE('',#11846,0.3);
#11846 = AXIS2_PLACEMENT_3D('',#11847,#11848,#11849);
#11847 = CARTESIAN_POINT('',(36.,-11.,25.25));
#11848 = DIRECTION('',(1.,0.,0.));
#11849 = DIRECTION('',(0.,0.,1.));
#11850 = ADVANCED_FACE('',(#11851),#11897,.T.);
#11851 = FACE_BOUND('',#11852,.T.);
#11852 = EDGE_LOOP('',(#11853,#11861,#11862,#11863,#11872,#11881,#11890)
  );
#11853 = ORIENTED_EDGE('',*,*,#11854,.T.);
#11854 = EDGE_CURVE('',#11855,#11784,#11857,.T.);
#11855 = VERTEX_POINT('',#11856);
#11856 = CARTESIAN_POINT('',(28.,-11.,25.55));
#11857 = LINE('',#11858,#11859);
#11858 = CARTESIAN_POINT('',(28.,-11.,25.55));
#11859 = VECTOR('',#11860,1.);
#11860 = DIRECTION('',(1.,0.,0.));
#11861 = ORIENTED_EDGE('',*,*,#11783,.F.);
#11862 = ORIENTED_EDGE('',*,*,#11854,.F.);
#11863 = ORIENTED_EDGE('',*,*,#11864,.T.);
#11864 = EDGE_CURVE('',#11855,#11865,#11867,.T.);
#11865 = VERTEX_POINT('',#11866);
#11866 = CARTESIAN_POINT('',(28.,-11.3,25.25));
#11867 = CIRCLE('',#11868,0.3);
#11868 = AXIS2_PLACEMENT_3D('',#11869,#11870,#11871);
#11869 = CARTESIAN_POINT('',(28.,-11.,25.25));
#11870 = DIRECTION('',(1.,0.,-0.));
#11871 = DIRECTION('',(0.,0.,1.));
#11872 = ORIENTED_EDGE('',*,*,#11873,.T.);
#11873 = EDGE_CURVE('',#11865,#11874,#11876,.T.);
#11874 = VERTEX_POINT('',#11875);
#11875 = CARTESIAN_POINT('',(28.3,-11.,24.95));
#11876 = ELLIPSE('',#11877,0.424264068712,0.3);
#11877 = AXIS2_PLACEMENT_3D('',#11878,#11879,#11880);
#11878 = CARTESIAN_POINT('',(28.,-11.,25.25));
#11879 = DIRECTION('',(0.707106781187,-0.,0.707106781187));
#11880 = DIRECTION('',(0.707106781187,0.,-0.707106781187));
#11881 = ORIENTED_EDGE('',*,*,#11882,.T.);
#11882 = EDGE_CURVE('',#11874,#11883,#11885,.T.);
#11883 = VERTEX_POINT('',#11884);
#11884 = CARTESIAN_POINT('',(28.,-10.7,25.25));
#11885 = ELLIPSE('',#11886,0.424264068712,0.3);
#11886 = AXIS2_PLACEMENT_3D('',#11887,#11888,#11889);
#11887 = CARTESIAN_POINT('',(28.,-11.,25.25));
#11888 = DIRECTION('',(0.707106781187,-0.,0.707106781187));
#11889 = DIRECTION('',(0.707106781187,0.,-0.707106781187));
#11890 = ORIENTED_EDGE('',*,*,#11891,.T.);
#11891 = EDGE_CURVE('',#11883,#11855,#11892,.T.);
#11892 = CIRCLE('',#11893,0.3);
#11893 = AXIS2_PLACEMENT_3D('',#11894,#11895,#11896);
#11894 = CARTESIAN_POINT('',(28.,-11.,25.25));
#11895 = DIRECTION('',(1.,0.,-0.));
#11896 = DIRECTION('',(0.,0.,1.));
#11897 = CYLINDRICAL_SURFACE('',#11898,0.3);
#11898 = AXIS2_PLACEMENT_3D('',#11899,#11900,#11901);
#11899 = CARTESIAN_POINT('',(28.,-11.,25.25));
#11900 = DIRECTION('',(1.,0.,0.));
#11901 = DIRECTION('',(0.,0.,1.));
#11902 = ADVANCED_FACE('',(#11903),#11906,.T.);
#11903 = FACE_BOUND('',#11904,.T.);
#11904 = EDGE_LOOP('',(#11905));
#11905 = ORIENTED_EDGE('',*,*,#11808,.T.);
#11906 = PLANE('',#11907);
#11907 = AXIS2_PLACEMENT_3D('',#11908,#11909,#11910);
#11908 = CARTESIAN_POINT('',(39.5,-11.,25.25));
#11909 = DIRECTION('',(1.,0.,0.));
#11910 = DIRECTION('',(0.,0.,1.));
#11911 = ADVANCED_FACE('',(#11912),#11933,.T.);
#11912 = FACE_BOUND('',#11913,.T.);
#11913 = EDGE_LOOP('',(#11914,#11915,#11916,#11924,#11931,#11932));
#11914 = ORIENTED_EDGE('',*,*,#11839,.T.);
#11915 = ORIENTED_EDGE('',*,*,#11830,.F.);
#11916 = ORIENTED_EDGE('',*,*,#11917,.F.);
#11917 = EDGE_CURVE('',#11918,#11822,#11920,.T.);
#11918 = VERTEX_POINT('',#11919);
#11919 = CARTESIAN_POINT('',(38.3,-11.,22.75));
#11920 = LINE('',#11921,#11922);
#11921 = CARTESIAN_POINT('',(38.3,-11.,22.75));
#11922 = VECTOR('',#11923,1.);
#11923 = DIRECTION('',(0.,0.,1.));
#11924 = ORIENTED_EDGE('',*,*,#11925,.T.);
#11925 = EDGE_CURVE('',#11918,#11918,#11926,.T.);
#11926 = CIRCLE('',#11927,0.3);
#11927 = AXIS2_PLACEMENT_3D('',#11928,#11929,#11930);
#11928 = CARTESIAN_POINT('',(38.,-11.,22.75));
#11929 = DIRECTION('',(0.,0.,1.));
#11930 = DIRECTION('',(1.,0.,0.));
#11931 = ORIENTED_EDGE('',*,*,#11917,.T.);
#11932 = ORIENTED_EDGE('',*,*,#11819,.F.);
#11933 = CYLINDRICAL_SURFACE('',#11934,0.3);
#11934 = AXIS2_PLACEMENT_3D('',#11935,#11936,#11937);
#11935 = CARTESIAN_POINT('',(38.,-11.,22.75));
#11936 = DIRECTION('',(0.,0.,1.));
#11937 = DIRECTION('',(1.,0.,0.));
#11938 = ADVANCED_FACE('',(#11939),#11949,.F.);
#11939 = FACE_BOUND('',#11940,.F.);
#11940 = EDGE_LOOP('',(#11941,#11942,#11943));
#11941 = ORIENTED_EDGE('',*,*,#11891,.T.);
#11942 = ORIENTED_EDGE('',*,*,#11864,.T.);
#11943 = ORIENTED_EDGE('',*,*,#11944,.F.);
#11944 = EDGE_CURVE('',#11883,#11865,#11945,.T.);
#11945 = LINE('',#11946,#11947);
#11946 = CARTESIAN_POINT('',(28.,-11.,25.25));
#11947 = VECTOR('',#11948,1.);
#11948 = DIRECTION('',(0.,-1.,0.));
#11949 = PLANE('',#11950);
#11950 = AXIS2_PLACEMENT_3D('',#11951,#11952,#11953);
#11951 = CARTESIAN_POINT('',(28.,-11.,25.25));
#11952 = DIRECTION('',(1.,0.,0.));
#11953 = DIRECTION('',(0.,0.,1.));
#11954 = ADVANCED_FACE('',(#11955),#11982,.T.);
#11955 = FACE_BOUND('',#11956,.T.);
#11956 = EDGE_LOOP('',(#11957,#11964,#11965,#11973,#11980,#11981));
#11957 = ORIENTED_EDGE('',*,*,#11958,.F.);
#11958 = EDGE_CURVE('',#11883,#11865,#11959,.T.);
#11959 = CIRCLE('',#11960,0.3);
#11960 = AXIS2_PLACEMENT_3D('',#11961,#11962,#11963);
#11961 = CARTESIAN_POINT('',(28.,-11.,25.25));
#11962 = DIRECTION('',(0.,0.,1.));
#11963 = DIRECTION('',(1.,0.,0.));
#11964 = ORIENTED_EDGE('',*,*,#11882,.F.);
#11965 = ORIENTED_EDGE('',*,*,#11966,.F.);
#11966 = EDGE_CURVE('',#11967,#11874,#11969,.T.);
#11967 = VERTEX_POINT('',#11968);
#11968 = CARTESIAN_POINT('',(28.3,-11.,22.75));
#11969 = LINE('',#11970,#11971);
#11970 = CARTESIAN_POINT('',(28.3,-11.,22.75));
#11971 = VECTOR('',#11972,1.);
#11972 = DIRECTION('',(0.,0.,1.));
#11973 = ORIENTED_EDGE('',*,*,#11974,.T.);
#11974 = EDGE_CURVE('',#11967,#11967,#11975,.T.);
#11975 = CIRCLE('',#11976,0.3);
#11976 = AXIS2_PLACEMENT_3D('',#11977,#11978,#11979);
#11977 = CARTESIAN_POINT('',(28.,-11.,22.75));
#11978 = DIRECTION('',(0.,0.,1.));
#11979 = DIRECTION('',(1.,0.,0.));
#11980 = ORIENTED_EDGE('',*,*,#11966,.T.);
#11981 = ORIENTED_EDGE('',*,*,#11873,.F.);
#11982 = CYLINDRICAL_SURFACE('',#11983,0.3);
#11983 = AXIS2_PLACEMENT_3D('',#11984,#11985,#11986);
#11984 = CARTESIAN_POINT('',(28.,-11.,22.75));
#11985 = DIRECTION('',(0.,0.,1.));
#11986 = DIRECTION('',(1.,0.,0.));
#11987 = ADVANCED_FACE('',(#11988),#11991,.F.);
#11988 = FACE_BOUND('',#11989,.T.);
#11989 = EDGE_LOOP('',(#11990));
#11990 = ORIENTED_EDGE('',*,*,#11925,.F.);
#11991 = PLANE('',#11992);
#11992 = AXIS2_PLACEMENT_3D('',#11993,#11994,#11995);
#11993 = CARTESIAN_POINT('',(38.,-11.,22.75));
#11994 = DIRECTION('',(0.,0.,1.));
#11995 = DIRECTION('',(1.,0.,0.));
#11996 = ADVANCED_FACE('',(#11997),#12001,.T.);
#11997 = FACE_BOUND('',#11998,.T.);
#11998 = EDGE_LOOP('',(#11999,#12000));
#11999 = ORIENTED_EDGE('',*,*,#11944,.F.);
#12000 = ORIENTED_EDGE('',*,*,#11958,.T.);
#12001 = PLANE('',#12002);
#12002 = AXIS2_PLACEMENT_3D('',#12003,#12004,#12005);
#12003 = CARTESIAN_POINT('',(28.,-11.,25.25));
#12004 = DIRECTION('',(0.,0.,1.));
#12005 = DIRECTION('',(1.,0.,0.));
#12006 = ADVANCED_FACE('',(#12007),#12010,.F.);
#12007 = FACE_BOUND('',#12008,.T.);
#12008 = EDGE_LOOP('',(#12009));
#12009 = ORIENTED_EDGE('',*,*,#11974,.F.);
#12010 = PLANE('',#12011);
#12011 = AXIS2_PLACEMENT_3D('',#12012,#12013,#12014);
#12012 = CARTESIAN_POINT('',(28.,-11.,22.75));
#12013 = DIRECTION('',(0.,0.,1.));
#12014 = DIRECTION('',(1.,0.,0.));
#12015 = MANIFOLD_SOLID_BREP('',#12016);
#12016 = CLOSED_SHELL('',(#12017,#12057,#12088,#12146,#12170,#12187,
    #12199,#12230,#12254,#12278,#12295));
#12017 = ADVANCED_FACE('',(#12018),#12052,.F.);
#12018 = FACE_BOUND('',#12019,.F.);
#12019 = EDGE_LOOP('',(#12020,#12030,#12038,#12046));
#12020 = ORIENTED_EDGE('',*,*,#12021,.F.);
#12021 = EDGE_CURVE('',#12022,#12024,#12026,.T.);
#12022 = VERTEX_POINT('',#12023);
#12023 = CARTESIAN_POINT('',(-30.25,-19.64,24.1));
#12024 = VERTEX_POINT('',#12025);
#12025 = CARTESIAN_POINT('',(-30.25,-19.64,29.6));
#12026 = LINE('',#12027,#12028);
#12027 = CARTESIAN_POINT('',(-30.25,-19.64,24.1));
#12028 = VECTOR('',#12029,1.);
#12029 = DIRECTION('',(0.,0.,1.));
#12030 = ORIENTED_EDGE('',*,*,#12031,.T.);
#12031 = EDGE_CURVE('',#12022,#12032,#12034,.T.);
#12032 = VERTEX_POINT('',#12033);
#12033 = CARTESIAN_POINT('',(-34.75,-19.64,24.1));
#12034 = LINE('',#12035,#12036);
#12035 = CARTESIAN_POINT('',(-30.25,-19.64,24.1));
#12036 = VECTOR('',#12037,1.);
#12037 = DIRECTION('',(-1.,-2.22044604925E-16,0.));
#12038 = ORIENTED_EDGE('',*,*,#12039,.T.);
#12039 = EDGE_CURVE('',#12032,#12040,#12042,.T.);
#12040 = VERTEX_POINT('',#12041);
#12041 = CARTESIAN_POINT('',(-34.75,-19.64,29.6));
#12042 = LINE('',#12043,#12044);
#12043 = CARTESIAN_POINT('',(-34.75,-19.64,24.1));
#12044 = VECTOR('',#12045,1.);
#12045 = DIRECTION('',(0.,0.,1.));
#12046 = ORIENTED_EDGE('',*,*,#12047,.F.);
#12047 = EDGE_CURVE('',#12024,#12040,#12048,.T.);
#12048 = LINE('',#12049,#12050);
#12049 = CARTESIAN_POINT('',(-30.25,-19.64,29.6));
#12050 = VECTOR('',#12051,1.);
#12051 = DIRECTION('',(-1.,-2.22044604925E-16,0.));
#12052 = PLANE('',#12053);
#12053 = AXIS2_PLACEMENT_3D('',#12054,#12055,#12056);
#12054 = CARTESIAN_POINT('',(-30.25,-19.64,24.1));
#12055 = DIRECTION('',(-2.22044604925E-16,1.,0.));
#12056 = DIRECTION('',(0.,0.,1.));
#12057 = ADVANCED_FACE('',(#12058),#12083,.F.);
#12058 = FACE_BOUND('',#12059,.F.);
#12059 = EDGE_LOOP('',(#12060,#12068,#12069,#12077));
#12060 = ORIENTED_EDGE('',*,*,#12061,.F.);
#12061 = EDGE_CURVE('',#12022,#12062,#12064,.T.);
#12062 = VERTEX_POINT('',#12063);
#12063 = CARTESIAN_POINT('',(-30.25,2.64,24.1));
#12064 = LINE('',#12065,#12066);
#12065 = CARTESIAN_POINT('',(-30.25,-19.64,24.1));
#12066 = VECTOR('',#12067,1.);
#12067 = DIRECTION('',(-2.22044604925E-16,1.,0.));
#12068 = ORIENTED_EDGE('',*,*,#12021,.T.);
#12069 = ORIENTED_EDGE('',*,*,#12070,.T.);
#12070 = EDGE_CURVE('',#12024,#12071,#12073,.T.);
#12071 = VERTEX_POINT('',#12072);
#12072 = CARTESIAN_POINT('',(-30.25,2.64,29.6));
#12073 = LINE('',#12074,#12075);
#12074 = CARTESIAN_POINT('',(-30.25,-19.64,29.6));
#12075 = VECTOR('',#12076,1.);
#12076 = DIRECTION('',(-2.22044604925E-16,1.,0.));
#12077 = ORIENTED_EDGE('',*,*,#12078,.F.);
#12078 = EDGE_CURVE('',#12062,#12071,#12079,.T.);
#12079 = LINE('',#12080,#12081);
#12080 = CARTESIAN_POINT('',(-30.25,2.64,24.1));
#12081 = VECTOR('',#12082,1.);
#12082 = DIRECTION('',(0.,0.,1.));
#12083 = PLANE('',#12084);
#12084 = AXIS2_PLACEMENT_3D('',#12085,#12086,#12087);
#12085 = CARTESIAN_POINT('',(-30.25,-19.64,24.1));
#12086 = DIRECTION('',(-1.,-2.22044604925E-16,0.));
#12087 = DIRECTION('',(0.,0.,1.));
#12088 = ADVANCED_FACE('',(#12089,#12107),#12141,.T.);
#12089 = FACE_BOUND('',#12090,.T.);
#12090 = EDGE_LOOP('',(#12091,#12092,#12093,#12101));
#12091 = ORIENTED_EDGE('',*,*,#12047,.F.);
#12092 = ORIENTED_EDGE('',*,*,#12070,.T.);
#12093 = ORIENTED_EDGE('',*,*,#12094,.T.);
#12094 = EDGE_CURVE('',#12071,#12095,#12097,.T.);
#12095 = VERTEX_POINT('',#12096);
#12096 = CARTESIAN_POINT('',(-34.75,2.64,29.6));
#12097 = LINE('',#12098,#12099);
#12098 = CARTESIAN_POINT('',(-30.25,2.64,29.6));
#12099 = VECTOR('',#12100,1.);
#12100 = DIRECTION('',(-1.,-2.22044604925E-16,0.));
#12101 = ORIENTED_EDGE('',*,*,#12102,.F.);
#12102 = EDGE_CURVE('',#12040,#12095,#12103,.T.);
#12103 = LINE('',#12104,#12105);
#12104 = CARTESIAN_POINT('',(-34.75,-19.64,29.6));
#12105 = VECTOR('',#12106,1.);
#12106 = DIRECTION('',(-2.22044604925E-16,1.,0.));
#12107 = FACE_BOUND('',#12108,.T.);
#12108 = EDGE_LOOP('',(#12109,#12119,#12127,#12135));
#12109 = ORIENTED_EDGE('',*,*,#12110,.F.);
#12110 = EDGE_CURVE('',#12111,#12113,#12115,.T.);
#12111 = VERTEX_POINT('',#12112);
#12112 = CARTESIAN_POINT('',(-30.85,-18.84,29.6));
#12113 = VERTEX_POINT('',#12114);
#12114 = CARTESIAN_POINT('',(-30.85,1.84,29.6));
#12115 = LINE('',#12116,#12117);
#12116 = CARTESIAN_POINT('',(-30.85,-18.84,29.6));
#12117 = VECTOR('',#12118,1.);
#12118 = DIRECTION('',(-2.22044604925E-16,1.,0.));
#12119 = ORIENTED_EDGE('',*,*,#12120,.T.);
#12120 = EDGE_CURVE('',#12111,#12121,#12123,.T.);
#12121 = VERTEX_POINT('',#12122);
#12122 = CARTESIAN_POINT('',(-34.15,-18.84,29.6));
#12123 = LINE('',#12124,#12125);
#12124 = CARTESIAN_POINT('',(-30.85,-18.84,29.6));
#12125 = VECTOR('',#12126,1.);
#12126 = DIRECTION('',(-1.,-2.22044604925E-16,0.));
#12127 = ORIENTED_EDGE('',*,*,#12128,.T.);
#12128 = EDGE_CURVE('',#12121,#12129,#12131,.T.);
#12129 = VERTEX_POINT('',#12130);
#12130 = CARTESIAN_POINT('',(-34.15,1.84,29.6));
#12131 = LINE('',#12132,#12133);
#12132 = CARTESIAN_POINT('',(-34.15,-18.84,29.6));
#12133 = VECTOR('',#12134,1.);
#12134 = DIRECTION('',(-2.22044604925E-16,1.,0.));
#12135 = ORIENTED_EDGE('',*,*,#12136,.F.);
#12136 = EDGE_CURVE('',#12113,#12129,#12137,.T.);
#12137 = LINE('',#12138,#12139);
#12138 = CARTESIAN_POINT('',(-30.85,1.84,29.6));
#12139 = VECTOR('',#12140,1.);
#12140 = DIRECTION('',(-1.,-2.22044604925E-16,0.));
#12141 = PLANE('',#12142);
#12142 = AXIS2_PLACEMENT_3D('',#12143,#12144,#12145);
#12143 = CARTESIAN_POINT('',(-30.25,-19.64,29.6));
#12144 = DIRECTION('',(0.,0.,1.));
#12145 = DIRECTION('',(-2.22044604925E-16,1.,0.));
#12146 = ADVANCED_FACE('',(#12147),#12165,.T.);
#12147 = FACE_BOUND('',#12148,.T.);
#12148 = EDGE_LOOP('',(#12149,#12157,#12158,#12159));
#12149 = ORIENTED_EDGE('',*,*,#12150,.F.);
#12150 = EDGE_CURVE('',#12032,#12151,#12153,.T.);
#12151 = VERTEX_POINT('',#12152);
#12152 = CARTESIAN_POINT('',(-34.75,2.64,24.1));
#12153 = LINE('',#12154,#12155);
#12154 = CARTESIAN_POINT('',(-34.75,-19.64,24.1));
#12155 = VECTOR('',#12156,1.);
#12156 = DIRECTION('',(-2.22044604925E-16,1.,0.));
#12157 = ORIENTED_EDGE('',*,*,#12039,.T.);
#12158 = ORIENTED_EDGE('',*,*,#12102,.T.);
#12159 = ORIENTED_EDGE('',*,*,#12160,.F.);
#12160 = EDGE_CURVE('',#12151,#12095,#12161,.T.);
#12161 = LINE('',#12162,#12163);
#12162 = CARTESIAN_POINT('',(-34.75,2.64,24.1));
#12163 = VECTOR('',#12164,1.);
#12164 = DIRECTION('',(0.,0.,1.));
#12165 = PLANE('',#12166);
#12166 = AXIS2_PLACEMENT_3D('',#12167,#12168,#12169);
#12167 = CARTESIAN_POINT('',(-34.75,-19.64,24.1));
#12168 = DIRECTION('',(-1.,-2.22044604925E-16,0.));
#12169 = DIRECTION('',(0.,0.,1.));
#12170 = ADVANCED_FACE('',(#12171),#12182,.F.);
#12171 = FACE_BOUND('',#12172,.F.);
#12172 = EDGE_LOOP('',(#12173,#12174,#12175,#12181));
#12173 = ORIENTED_EDGE('',*,*,#12031,.F.);
#12174 = ORIENTED_EDGE('',*,*,#12061,.T.);
#12175 = ORIENTED_EDGE('',*,*,#12176,.T.);
#12176 = EDGE_CURVE('',#12062,#12151,#12177,.T.);
#12177 = LINE('',#12178,#12179);
#12178 = CARTESIAN_POINT('',(-30.25,2.64,24.1));
#12179 = VECTOR('',#12180,1.);
#12180 = DIRECTION('',(-1.,-2.22044604925E-16,0.));
#12181 = ORIENTED_EDGE('',*,*,#12150,.F.);
#12182 = PLANE('',#12183);
#12183 = AXIS2_PLACEMENT_3D('',#12184,#12185,#12186);
#12184 = CARTESIAN_POINT('',(-30.25,-19.64,24.1));
#12185 = DIRECTION('',(0.,0.,1.));
#12186 = DIRECTION('',(-2.22044604925E-16,1.,0.));
#12187 = ADVANCED_FACE('',(#12188),#12194,.T.);
#12188 = FACE_BOUND('',#12189,.T.);
#12189 = EDGE_LOOP('',(#12190,#12191,#12192,#12193));
#12190 = ORIENTED_EDGE('',*,*,#12078,.F.);
#12191 = ORIENTED_EDGE('',*,*,#12176,.T.);
#12192 = ORIENTED_EDGE('',*,*,#12160,.T.);
#12193 = ORIENTED_EDGE('',*,*,#12094,.F.);
#12194 = PLANE('',#12195);
#12195 = AXIS2_PLACEMENT_3D('',#12196,#12197,#12198);
#12196 = CARTESIAN_POINT('',(-30.25,2.64,24.1));
#12197 = DIRECTION('',(-2.22044604925E-16,1.,0.));
#12198 = DIRECTION('',(0.,0.,1.));
#12199 = ADVANCED_FACE('',(#12200),#12225,.T.);
#12200 = FACE_BOUND('',#12201,.T.);
#12201 = EDGE_LOOP('',(#12202,#12212,#12218,#12219));
#12202 = ORIENTED_EDGE('',*,*,#12203,.F.);
#12203 = EDGE_CURVE('',#12204,#12206,#12208,.T.);
#12204 = VERTEX_POINT('',#12205);
#12205 = CARTESIAN_POINT('',(-30.85,-18.84,25.1));
#12206 = VERTEX_POINT('',#12207);
#12207 = CARTESIAN_POINT('',(-30.85,1.84,25.1));
#12208 = LINE('',#12209,#12210);
#12209 = CARTESIAN_POINT('',(-30.85,-18.84,25.1));
#12210 = VECTOR('',#12211,1.);
#12211 = DIRECTION('',(-2.22044604925E-16,1.,0.));
#12212 = ORIENTED_EDGE('',*,*,#12213,.T.);
#12213 = EDGE_CURVE('',#12204,#12111,#12214,.T.);
#12214 = LINE('',#12215,#12216);
#12215 = CARTESIAN_POINT('',(-30.85,-18.84,25.1));
#12216 = VECTOR('',#12217,1.);
#12217 = DIRECTION('',(0.,0.,1.));
#12218 = ORIENTED_EDGE('',*,*,#12110,.T.);
#12219 = ORIENTED_EDGE('',*,*,#12220,.F.);
#12220 = EDGE_CURVE('',#12206,#12113,#12221,.T.);
#12221 = LINE('',#12222,#12223);
#12222 = CARTESIAN_POINT('',(-30.85,1.84,25.1));
#12223 = VECTOR('',#12224,1.);
#12224 = DIRECTION('',(0.,0.,1.));
#12225 = PLANE('',#12226);
#12226 = AXIS2_PLACEMENT_3D('',#12227,#12228,#12229);
#12227 = CARTESIAN_POINT('',(-30.85,-18.84,25.1));
#12228 = DIRECTION('',(-1.,-2.22044604925E-16,0.));
#12229 = DIRECTION('',(0.,0.,1.));
#12230 = ADVANCED_FACE('',(#12231),#12249,.F.);
#12231 = FACE_BOUND('',#12232,.F.);
#12232 = EDGE_LOOP('',(#12233,#12234,#12242,#12248));
#12233 = ORIENTED_EDGE('',*,*,#12220,.F.);
#12234 = ORIENTED_EDGE('',*,*,#12235,.T.);
#12235 = EDGE_CURVE('',#12206,#12236,#12238,.T.);
#12236 = VERTEX_POINT('',#12237);
#12237 = CARTESIAN_POINT('',(-34.15,1.84,25.1));
#12238 = LINE('',#12239,#12240);
#12239 = CARTESIAN_POINT('',(-30.85,1.84,25.1));
#12240 = VECTOR('',#12241,1.);
#12241 = DIRECTION('',(-1.,-2.22044604925E-16,0.));
#12242 = ORIENTED_EDGE('',*,*,#12243,.T.);
#12243 = EDGE_CURVE('',#12236,#12129,#12244,.T.);
#12244 = LINE('',#12245,#12246);
#12245 = CARTESIAN_POINT('',(-34.15,1.84,25.1));
#12246 = VECTOR('',#12247,1.);
#12247 = DIRECTION('',(0.,0.,1.));
#12248 = ORIENTED_EDGE('',*,*,#12136,.F.);
#12249 = PLANE('',#12250);
#12250 = AXIS2_PLACEMENT_3D('',#12251,#12252,#12253);
#12251 = CARTESIAN_POINT('',(-30.85,1.84,25.1));
#12252 = DIRECTION('',(-2.22044604925E-16,1.,0.));
#12253 = DIRECTION('',(0.,0.,1.));
#12254 = ADVANCED_FACE('',(#12255),#12273,.F.);
#12255 = FACE_BOUND('',#12256,.F.);
#12256 = EDGE_LOOP('',(#12257,#12265,#12271,#12272));
#12257 = ORIENTED_EDGE('',*,*,#12258,.F.);
#12258 = EDGE_CURVE('',#12259,#12236,#12261,.T.);
#12259 = VERTEX_POINT('',#12260);
#12260 = CARTESIAN_POINT('',(-34.15,-18.84,25.1));
#12261 = LINE('',#12262,#12263);
#12262 = CARTESIAN_POINT('',(-34.15,-18.84,25.1));
#12263 = VECTOR('',#12264,1.);
#12264 = DIRECTION('',(-2.22044604925E-16,1.,0.));
#12265 = ORIENTED_EDGE('',*,*,#12266,.T.);
#12266 = EDGE_CURVE('',#12259,#12121,#12267,.T.);
#12267 = LINE('',#12268,#12269);
#12268 = CARTESIAN_POINT('',(-34.15,-18.84,25.1));
#12269 = VECTOR('',#12270,1.);
#12270 = DIRECTION('',(0.,0.,1.));
#12271 = ORIENTED_EDGE('',*,*,#12128,.T.);
#12272 = ORIENTED_EDGE('',*,*,#12243,.F.);
#12273 = PLANE('',#12274);
#12274 = AXIS2_PLACEMENT_3D('',#12275,#12276,#12277);
#12275 = CARTESIAN_POINT('',(-34.15,-18.84,25.1));
#12276 = DIRECTION('',(-1.,-2.22044604925E-16,0.));
#12277 = DIRECTION('',(0.,0.,1.));
#12278 = ADVANCED_FACE('',(#12279),#12290,.T.);
#12279 = FACE_BOUND('',#12280,.T.);
#12280 = EDGE_LOOP('',(#12281,#12282,#12288,#12289));
#12281 = ORIENTED_EDGE('',*,*,#12213,.F.);
#12282 = ORIENTED_EDGE('',*,*,#12283,.T.);
#12283 = EDGE_CURVE('',#12204,#12259,#12284,.T.);
#12284 = LINE('',#12285,#12286);
#12285 = CARTESIAN_POINT('',(-30.85,-18.84,25.1));
#12286 = VECTOR('',#12287,1.);
#12287 = DIRECTION('',(-1.,-2.22044604925E-16,0.));
#12288 = ORIENTED_EDGE('',*,*,#12266,.T.);
#12289 = ORIENTED_EDGE('',*,*,#12120,.F.);
#12290 = PLANE('',#12291);
#12291 = AXIS2_PLACEMENT_3D('',#12292,#12293,#12294);
#12292 = CARTESIAN_POINT('',(-30.85,-18.84,25.1));
#12293 = DIRECTION('',(-2.22044604925E-16,1.,0.));
#12294 = DIRECTION('',(0.,0.,1.));
#12295 = ADVANCED_FACE('',(#12296),#12302,.T.);
#12296 = FACE_BOUND('',#12297,.T.);
#12297 = EDGE_LOOP('',(#12298,#12299,#12300,#12301));
#12298 = ORIENTED_EDGE('',*,*,#12283,.F.);
#12299 = ORIENTED_EDGE('',*,*,#12203,.T.);
#12300 = ORIENTED_EDGE('',*,*,#12235,.T.);
#12301 = ORIENTED_EDGE('',*,*,#12258,.F.);
#12302 = PLANE('',#12303);
#12303 = AXIS2_PLACEMENT_3D('',#12304,#12305,#12306);
#12304 = CARTESIAN_POINT('',(-30.85,-18.84,25.1));
#12305 = DIRECTION('',(0.,0.,1.));
#12306 = DIRECTION('',(-2.22044604925E-16,1.,0.));
#12307 = MANIFOLD_SOLID_BREP('',#12308);
#12308 = CLOSED_SHELL('',(#12309,#12349,#12380,#12438,#12462,#12479,
    #12491,#12522,#12546,#12570,#12587));
#12309 = ADVANCED_FACE('',(#12310),#12344,.F.);
#12310 = FACE_BOUND('',#12311,.F.);
#12311 = EDGE_LOOP('',(#12312,#12322,#12330,#12338));
#12312 = ORIENTED_EDGE('',*,*,#12313,.F.);
#12313 = EDGE_CURVE('',#12314,#12316,#12318,.T.);
#12314 = VERTEX_POINT('',#12315);
#12315 = CARTESIAN_POINT('',(-30.25,3.48,24.1));
#12316 = VERTEX_POINT('',#12317);
#12317 = CARTESIAN_POINT('',(-30.25,3.48,29.6));
#12318 = LINE('',#12319,#12320);
#12319 = CARTESIAN_POINT('',(-30.25,3.48,24.1));
#12320 = VECTOR('',#12321,1.);
#12321 = DIRECTION('',(0.,0.,1.));
#12322 = ORIENTED_EDGE('',*,*,#12323,.T.);
#12323 = EDGE_CURVE('',#12314,#12324,#12326,.T.);
#12324 = VERTEX_POINT('',#12325);
#12325 = CARTESIAN_POINT('',(-34.75,3.48,24.1));
#12326 = LINE('',#12327,#12328);
#12327 = CARTESIAN_POINT('',(-30.25,3.48,24.1));
#12328 = VECTOR('',#12329,1.);
#12329 = DIRECTION('',(-1.,-2.22044604925E-16,0.));
#12330 = ORIENTED_EDGE('',*,*,#12331,.T.);
#12331 = EDGE_CURVE('',#12324,#12332,#12334,.T.);
#12332 = VERTEX_POINT('',#12333);
#12333 = CARTESIAN_POINT('',(-34.75,3.48,29.6));
#12334 = LINE('',#12335,#12336);
#12335 = CARTESIAN_POINT('',(-34.75,3.48,24.1));
#12336 = VECTOR('',#12337,1.);
#12337 = DIRECTION('',(0.,0.,1.));
#12338 = ORIENTED_EDGE('',*,*,#12339,.F.);
#12339 = EDGE_CURVE('',#12316,#12332,#12340,.T.);
#12340 = LINE('',#12341,#12342);
#12341 = CARTESIAN_POINT('',(-30.25,3.48,29.6));
#12342 = VECTOR('',#12343,1.);
#12343 = DIRECTION('',(-1.,-2.22044604925E-16,0.));
#12344 = PLANE('',#12345);
#12345 = AXIS2_PLACEMENT_3D('',#12346,#12347,#12348);
#12346 = CARTESIAN_POINT('',(-30.25,3.48,24.1));
#12347 = DIRECTION('',(-2.22044604925E-16,1.,0.));
#12348 = DIRECTION('',(0.,0.,1.));
#12349 = ADVANCED_FACE('',(#12350),#12375,.F.);
#12350 = FACE_BOUND('',#12351,.F.);
#12351 = EDGE_LOOP('',(#12352,#12360,#12361,#12369));
#12352 = ORIENTED_EDGE('',*,*,#12353,.F.);
#12353 = EDGE_CURVE('',#12314,#12354,#12356,.T.);
#12354 = VERTEX_POINT('',#12355);
#12355 = CARTESIAN_POINT('',(-30.25,10.52,24.1));
#12356 = LINE('',#12357,#12358);
#12357 = CARTESIAN_POINT('',(-30.25,3.48,24.1));
#12358 = VECTOR('',#12359,1.);
#12359 = DIRECTION('',(-2.22044604925E-16,1.,0.));
#12360 = ORIENTED_EDGE('',*,*,#12313,.T.);
#12361 = ORIENTED_EDGE('',*,*,#12362,.T.);
#12362 = EDGE_CURVE('',#12316,#12363,#12365,.T.);
#12363 = VERTEX_POINT('',#12364);
#12364 = CARTESIAN_POINT('',(-30.25,10.52,29.6));
#12365 = LINE('',#12366,#12367);
#12366 = CARTESIAN_POINT('',(-30.25,3.48,29.6));
#12367 = VECTOR('',#12368,1.);
#12368 = DIRECTION('',(-2.22044604925E-16,1.,0.));
#12369 = ORIENTED_EDGE('',*,*,#12370,.F.);
#12370 = EDGE_CURVE('',#12354,#12363,#12371,.T.);
#12371 = LINE('',#12372,#12373);
#12372 = CARTESIAN_POINT('',(-30.25,10.52,24.1));
#12373 = VECTOR('',#12374,1.);
#12374 = DIRECTION('',(0.,0.,1.));
#12375 = PLANE('',#12376);
#12376 = AXIS2_PLACEMENT_3D('',#12377,#12378,#12379);
#12377 = CARTESIAN_POINT('',(-30.25,3.48,24.1));
#12378 = DIRECTION('',(-1.,-2.22044604925E-16,0.));
#12379 = DIRECTION('',(0.,0.,1.));
#12380 = ADVANCED_FACE('',(#12381,#12399),#12433,.T.);
#12381 = FACE_BOUND('',#12382,.T.);
#12382 = EDGE_LOOP('',(#12383,#12384,#12385,#12393));
#12383 = ORIENTED_EDGE('',*,*,#12339,.F.);
#12384 = ORIENTED_EDGE('',*,*,#12362,.T.);
#12385 = ORIENTED_EDGE('',*,*,#12386,.T.);
#12386 = EDGE_CURVE('',#12363,#12387,#12389,.T.);
#12387 = VERTEX_POINT('',#12388);
#12388 = CARTESIAN_POINT('',(-34.75,10.52,29.6));
#12389 = LINE('',#12390,#12391);
#12390 = CARTESIAN_POINT('',(-30.25,10.52,29.6));
#12391 = VECTOR('',#12392,1.);
#12392 = DIRECTION('',(-1.,-2.22044604925E-16,0.));
#12393 = ORIENTED_EDGE('',*,*,#12394,.F.);
#12394 = EDGE_CURVE('',#12332,#12387,#12395,.T.);
#12395 = LINE('',#12396,#12397);
#12396 = CARTESIAN_POINT('',(-34.75,3.48,29.6));
#12397 = VECTOR('',#12398,1.);
#12398 = DIRECTION('',(-2.22044604925E-16,1.,0.));
#12399 = FACE_BOUND('',#12400,.T.);
#12400 = EDGE_LOOP('',(#12401,#12411,#12419,#12427));
#12401 = ORIENTED_EDGE('',*,*,#12402,.F.);
#12402 = EDGE_CURVE('',#12403,#12405,#12407,.T.);
#12403 = VERTEX_POINT('',#12404);
#12404 = CARTESIAN_POINT('',(-30.85,4.28,29.6));
#12405 = VERTEX_POINT('',#12406);
#12406 = CARTESIAN_POINT('',(-30.85,9.72,29.6));
#12407 = LINE('',#12408,#12409);
#12408 = CARTESIAN_POINT('',(-30.85,4.28,29.6));
#12409 = VECTOR('',#12410,1.);
#12410 = DIRECTION('',(-2.22044604925E-16,1.,0.));
#12411 = ORIENTED_EDGE('',*,*,#12412,.T.);
#12412 = EDGE_CURVE('',#12403,#12413,#12415,.T.);
#12413 = VERTEX_POINT('',#12414);
#12414 = CARTESIAN_POINT('',(-34.15,4.28,29.6));
#12415 = LINE('',#12416,#12417);
#12416 = CARTESIAN_POINT('',(-30.85,4.28,29.6));
#12417 = VECTOR('',#12418,1.);
#12418 = DIRECTION('',(-1.,-2.22044604925E-16,0.));
#12419 = ORIENTED_EDGE('',*,*,#12420,.T.);
#12420 = EDGE_CURVE('',#12413,#12421,#12423,.T.);
#12421 = VERTEX_POINT('',#12422);
#12422 = CARTESIAN_POINT('',(-34.15,9.72,29.6));
#12423 = LINE('',#12424,#12425);
#12424 = CARTESIAN_POINT('',(-34.15,4.28,29.6));
#12425 = VECTOR('',#12426,1.);
#12426 = DIRECTION('',(-2.22044604925E-16,1.,0.));
#12427 = ORIENTED_EDGE('',*,*,#12428,.F.);
#12428 = EDGE_CURVE('',#12405,#12421,#12429,.T.);
#12429 = LINE('',#12430,#12431);
#12430 = CARTESIAN_POINT('',(-30.85,9.72,29.6));
#12431 = VECTOR('',#12432,1.);
#12432 = DIRECTION('',(-1.,-2.22044604925E-16,0.));
#12433 = PLANE('',#12434);
#12434 = AXIS2_PLACEMENT_3D('',#12435,#12436,#12437);
#12435 = CARTESIAN_POINT('',(-30.25,3.48,29.6));
#12436 = DIRECTION('',(0.,0.,1.));
#12437 = DIRECTION('',(-2.22044604925E-16,1.,0.));
#12438 = ADVANCED_FACE('',(#12439),#12457,.T.);
#12439 = FACE_BOUND('',#12440,.T.);
#12440 = EDGE_LOOP('',(#12441,#12449,#12450,#12451));
#12441 = ORIENTED_EDGE('',*,*,#12442,.F.);
#12442 = EDGE_CURVE('',#12324,#12443,#12445,.T.);
#12443 = VERTEX_POINT('',#12444);
#12444 = CARTESIAN_POINT('',(-34.75,10.52,24.1));
#12445 = LINE('',#12446,#12447);
#12446 = CARTESIAN_POINT('',(-34.75,3.48,24.1));
#12447 = VECTOR('',#12448,1.);
#12448 = DIRECTION('',(-2.22044604925E-16,1.,0.));
#12449 = ORIENTED_EDGE('',*,*,#12331,.T.);
#12450 = ORIENTED_EDGE('',*,*,#12394,.T.);
#12451 = ORIENTED_EDGE('',*,*,#12452,.F.);
#12452 = EDGE_CURVE('',#12443,#12387,#12453,.T.);
#12453 = LINE('',#12454,#12455);
#12454 = CARTESIAN_POINT('',(-34.75,10.52,24.1));
#12455 = VECTOR('',#12456,1.);
#12456 = DIRECTION('',(0.,0.,1.));
#12457 = PLANE('',#12458);
#12458 = AXIS2_PLACEMENT_3D('',#12459,#12460,#12461);
#12459 = CARTESIAN_POINT('',(-34.75,3.48,24.1));
#12460 = DIRECTION('',(-1.,-2.22044604925E-16,0.));
#12461 = DIRECTION('',(0.,0.,1.));
#12462 = ADVANCED_FACE('',(#12463),#12474,.F.);
#12463 = FACE_BOUND('',#12464,.F.);
#12464 = EDGE_LOOP('',(#12465,#12466,#12467,#12473));
#12465 = ORIENTED_EDGE('',*,*,#12323,.F.);
#12466 = ORIENTED_EDGE('',*,*,#12353,.T.);
#12467 = ORIENTED_EDGE('',*,*,#12468,.T.);
#12468 = EDGE_CURVE('',#12354,#12443,#12469,.T.);
#12469 = LINE('',#12470,#12471);
#12470 = CARTESIAN_POINT('',(-30.25,10.52,24.1));
#12471 = VECTOR('',#12472,1.);
#12472 = DIRECTION('',(-1.,-2.22044604925E-16,0.));
#12473 = ORIENTED_EDGE('',*,*,#12442,.F.);
#12474 = PLANE('',#12475);
#12475 = AXIS2_PLACEMENT_3D('',#12476,#12477,#12478);
#12476 = CARTESIAN_POINT('',(-30.25,3.48,24.1));
#12477 = DIRECTION('',(0.,0.,1.));
#12478 = DIRECTION('',(-2.22044604925E-16,1.,0.));
#12479 = ADVANCED_FACE('',(#12480),#12486,.T.);
#12480 = FACE_BOUND('',#12481,.T.);
#12481 = EDGE_LOOP('',(#12482,#12483,#12484,#12485));
#12482 = ORIENTED_EDGE('',*,*,#12370,.F.);
#12483 = ORIENTED_EDGE('',*,*,#12468,.T.);
#12484 = ORIENTED_EDGE('',*,*,#12452,.T.);
#12485 = ORIENTED_EDGE('',*,*,#12386,.F.);
#12486 = PLANE('',#12487);
#12487 = AXIS2_PLACEMENT_3D('',#12488,#12489,#12490);
#12488 = CARTESIAN_POINT('',(-30.25,10.52,24.1));
#12489 = DIRECTION('',(-2.22044604925E-16,1.,0.));
#12490 = DIRECTION('',(0.,0.,1.));
#12491 = ADVANCED_FACE('',(#12492),#12517,.T.);
#12492 = FACE_BOUND('',#12493,.T.);
#12493 = EDGE_LOOP('',(#12494,#12504,#12510,#12511));
#12494 = ORIENTED_EDGE('',*,*,#12495,.F.);
#12495 = EDGE_CURVE('',#12496,#12498,#12500,.T.);
#12496 = VERTEX_POINT('',#12497);
#12497 = CARTESIAN_POINT('',(-30.85,4.28,25.1));
#12498 = VERTEX_POINT('',#12499);
#12499 = CARTESIAN_POINT('',(-30.85,9.72,25.1));
#12500 = LINE('',#12501,#12502);
#12501 = CARTESIAN_POINT('',(-30.85,4.28,25.1));
#12502 = VECTOR('',#12503,1.);
#12503 = DIRECTION('',(-2.22044604925E-16,1.,0.));
#12504 = ORIENTED_EDGE('',*,*,#12505,.T.);
#12505 = EDGE_CURVE('',#12496,#12403,#12506,.T.);
#12506 = LINE('',#12507,#12508);
#12507 = CARTESIAN_POINT('',(-30.85,4.28,25.1));
#12508 = VECTOR('',#12509,1.);
#12509 = DIRECTION('',(0.,0.,1.));
#12510 = ORIENTED_EDGE('',*,*,#12402,.T.);
#12511 = ORIENTED_EDGE('',*,*,#12512,.F.);
#12512 = EDGE_CURVE('',#12498,#12405,#12513,.T.);
#12513 = LINE('',#12514,#12515);
#12514 = CARTESIAN_POINT('',(-30.85,9.72,25.1));
#12515 = VECTOR('',#12516,1.);
#12516 = DIRECTION('',(0.,0.,1.));
#12517 = PLANE('',#12518);
#12518 = AXIS2_PLACEMENT_3D('',#12519,#12520,#12521);
#12519 = CARTESIAN_POINT('',(-30.85,4.28,25.1));
#12520 = DIRECTION('',(-1.,-2.22044604925E-16,0.));
#12521 = DIRECTION('',(0.,0.,1.));
#12522 = ADVANCED_FACE('',(#12523),#12541,.F.);
#12523 = FACE_BOUND('',#12524,.F.);
#12524 = EDGE_LOOP('',(#12525,#12526,#12534,#12540));
#12525 = ORIENTED_EDGE('',*,*,#12512,.F.);
#12526 = ORIENTED_EDGE('',*,*,#12527,.T.);
#12527 = EDGE_CURVE('',#12498,#12528,#12530,.T.);
#12528 = VERTEX_POINT('',#12529);
#12529 = CARTESIAN_POINT('',(-34.15,9.72,25.1));
#12530 = LINE('',#12531,#12532);
#12531 = CARTESIAN_POINT('',(-30.85,9.72,25.1));
#12532 = VECTOR('',#12533,1.);
#12533 = DIRECTION('',(-1.,-2.22044604925E-16,0.));
#12534 = ORIENTED_EDGE('',*,*,#12535,.T.);
#12535 = EDGE_CURVE('',#12528,#12421,#12536,.T.);
#12536 = LINE('',#12537,#12538);
#12537 = CARTESIAN_POINT('',(-34.15,9.72,25.1));
#12538 = VECTOR('',#12539,1.);
#12539 = DIRECTION('',(0.,0.,1.));
#12540 = ORIENTED_EDGE('',*,*,#12428,.F.);
#12541 = PLANE('',#12542);
#12542 = AXIS2_PLACEMENT_3D('',#12543,#12544,#12545);
#12543 = CARTESIAN_POINT('',(-30.85,9.72,25.1));
#12544 = DIRECTION('',(-2.22044604925E-16,1.,0.));
#12545 = DIRECTION('',(0.,0.,1.));
#12546 = ADVANCED_FACE('',(#12547),#12565,.F.);
#12547 = FACE_BOUND('',#12548,.F.);
#12548 = EDGE_LOOP('',(#12549,#12557,#12563,#12564));
#12549 = ORIENTED_EDGE('',*,*,#12550,.F.);
#12550 = EDGE_CURVE('',#12551,#12528,#12553,.T.);
#12551 = VERTEX_POINT('',#12552);
#12552 = CARTESIAN_POINT('',(-34.15,4.28,25.1));
#12553 = LINE('',#12554,#12555);
#12554 = CARTESIAN_POINT('',(-34.15,4.28,25.1));
#12555 = VECTOR('',#12556,1.);
#12556 = DIRECTION('',(-2.22044604925E-16,1.,0.));
#12557 = ORIENTED_EDGE('',*,*,#12558,.T.);
#12558 = EDGE_CURVE('',#12551,#12413,#12559,.T.);
#12559 = LINE('',#12560,#12561);
#12560 = CARTESIAN_POINT('',(-34.15,4.28,25.1));
#12561 = VECTOR('',#12562,1.);
#12562 = DIRECTION('',(0.,0.,1.));
#12563 = ORIENTED_EDGE('',*,*,#12420,.T.);
#12564 = ORIENTED_EDGE('',*,*,#12535,.F.);
#12565 = PLANE('',#12566);
#12566 = AXIS2_PLACEMENT_3D('',#12567,#12568,#12569);
#12567 = CARTESIAN_POINT('',(-34.15,4.28,25.1));
#12568 = DIRECTION('',(-1.,-2.22044604925E-16,0.));
#12569 = DIRECTION('',(0.,0.,1.));
#12570 = ADVANCED_FACE('',(#12571),#12582,.T.);
#12571 = FACE_BOUND('',#12572,.T.);
#12572 = EDGE_LOOP('',(#12573,#12574,#12580,#12581));
#12573 = ORIENTED_EDGE('',*,*,#12505,.F.);
#12574 = ORIENTED_EDGE('',*,*,#12575,.T.);
#12575 = EDGE_CURVE('',#12496,#12551,#12576,.T.);
#12576 = LINE('',#12577,#12578);
#12577 = CARTESIAN_POINT('',(-30.85,4.28,25.1));
#12578 = VECTOR('',#12579,1.);
#12579 = DIRECTION('',(-1.,-2.22044604925E-16,0.));
#12580 = ORIENTED_EDGE('',*,*,#12558,.T.);
#12581 = ORIENTED_EDGE('',*,*,#12412,.F.);
#12582 = PLANE('',#12583);
#12583 = AXIS2_PLACEMENT_3D('',#12584,#12585,#12586);
#12584 = CARTESIAN_POINT('',(-30.85,4.28,25.1));
#12585 = DIRECTION('',(-2.22044604925E-16,1.,0.));
#12586 = DIRECTION('',(0.,0.,1.));
#12587 = ADVANCED_FACE('',(#12588),#12594,.T.);
#12588 = FACE_BOUND('',#12589,.T.);
#12589 = EDGE_LOOP('',(#12590,#12591,#12592,#12593));
#12590 = ORIENTED_EDGE('',*,*,#12575,.F.);
#12591 = ORIENTED_EDGE('',*,*,#12495,.T.);
#12592 = ORIENTED_EDGE('',*,*,#12527,.T.);
#12593 = ORIENTED_EDGE('',*,*,#12550,.F.);
#12594 = PLANE('',#12595);
#12595 = AXIS2_PLACEMENT_3D('',#12596,#12597,#12598);
#12596 = CARTESIAN_POINT('',(-30.85,4.28,25.1));
#12597 = DIRECTION('',(0.,0.,1.));
#12598 = DIRECTION('',(-2.22044604925E-16,1.,0.));
#12599 = MANIFOLD_SOLID_BREP('',#12600);
#12600 = CLOSED_SHELL('',(#12601,#12641,#12672,#12730,#12754,#12771,
    #12783,#12814,#12838,#12862,#12879));
#12601 = ADVANCED_FACE('',(#12602),#12636,.F.);
#12602 = FACE_BOUND('',#12603,.F.);
#12603 = EDGE_LOOP('',(#12604,#12614,#12622,#12630));
#12604 = ORIENTED_EDGE('',*,*,#12605,.F.);
#12605 = EDGE_CURVE('',#12606,#12608,#12610,.T.);
#12606 = VERTEX_POINT('',#12607);
#12607 = CARTESIAN_POINT('',(-30.25,12.21,24.1));
#12608 = VERTEX_POINT('',#12609);
#12609 = CARTESIAN_POINT('',(-30.25,12.21,29.6));
#12610 = LINE('',#12611,#12612);
#12611 = CARTESIAN_POINT('',(-30.25,12.21,24.1));
#12612 = VECTOR('',#12613,1.);
#12613 = DIRECTION('',(0.,0.,1.));
#12614 = ORIENTED_EDGE('',*,*,#12615,.T.);
#12615 = EDGE_CURVE('',#12606,#12616,#12618,.T.);
#12616 = VERTEX_POINT('',#12617);
#12617 = CARTESIAN_POINT('',(-34.75,12.21,24.1));
#12618 = LINE('',#12619,#12620);
#12619 = CARTESIAN_POINT('',(-30.25,12.21,24.1));
#12620 = VECTOR('',#12621,1.);
#12621 = DIRECTION('',(-1.,-2.22044604925E-16,0.));
#12622 = ORIENTED_EDGE('',*,*,#12623,.T.);
#12623 = EDGE_CURVE('',#12616,#12624,#12626,.T.);
#12624 = VERTEX_POINT('',#12625);
#12625 = CARTESIAN_POINT('',(-34.75,12.21,29.6));
#12626 = LINE('',#12627,#12628);
#12627 = CARTESIAN_POINT('',(-34.75,12.21,24.1));
#12628 = VECTOR('',#12629,1.);
#12629 = DIRECTION('',(0.,0.,1.));
#12630 = ORIENTED_EDGE('',*,*,#12631,.F.);
#12631 = EDGE_CURVE('',#12608,#12624,#12632,.T.);
#12632 = LINE('',#12633,#12634);
#12633 = CARTESIAN_POINT('',(-30.25,12.21,29.6));
#12634 = VECTOR('',#12635,1.);
#12635 = DIRECTION('',(-1.,-2.22044604925E-16,0.));
#12636 = PLANE('',#12637);
#12637 = AXIS2_PLACEMENT_3D('',#12638,#12639,#12640);
#12638 = CARTESIAN_POINT('',(-30.25,12.21,24.1));
#12639 = DIRECTION('',(-2.22044604925E-16,1.,0.));
#12640 = DIRECTION('',(0.,0.,1.));
#12641 = ADVANCED_FACE('',(#12642),#12667,.F.);
#12642 = FACE_BOUND('',#12643,.F.);
#12643 = EDGE_LOOP('',(#12644,#12652,#12653,#12661));
#12644 = ORIENTED_EDGE('',*,*,#12645,.F.);
#12645 = EDGE_CURVE('',#12606,#12646,#12648,.T.);
#12646 = VERTEX_POINT('',#12647);
#12647 = CARTESIAN_POINT('',(-30.25,21.79,24.1));
#12648 = LINE('',#12649,#12650);
#12649 = CARTESIAN_POINT('',(-30.25,12.21,24.1));
#12650 = VECTOR('',#12651,1.);
#12651 = DIRECTION('',(-2.22044604925E-16,1.,0.));
#12652 = ORIENTED_EDGE('',*,*,#12605,.T.);
#12653 = ORIENTED_EDGE('',*,*,#12654,.T.);
#12654 = EDGE_CURVE('',#12608,#12655,#12657,.T.);
#12655 = VERTEX_POINT('',#12656);
#12656 = CARTESIAN_POINT('',(-30.25,21.79,29.6));
#12657 = LINE('',#12658,#12659);
#12658 = CARTESIAN_POINT('',(-30.25,12.21,29.6));
#12659 = VECTOR('',#12660,1.);
#12660 = DIRECTION('',(-2.22044604925E-16,1.,0.));
#12661 = ORIENTED_EDGE('',*,*,#12662,.F.);
#12662 = EDGE_CURVE('',#12646,#12655,#12663,.T.);
#12663 = LINE('',#12664,#12665);
#12664 = CARTESIAN_POINT('',(-30.25,21.79,24.1));
#12665 = VECTOR('',#12666,1.);
#12666 = DIRECTION('',(0.,0.,1.));
#12667 = PLANE('',#12668);
#12668 = AXIS2_PLACEMENT_3D('',#12669,#12670,#12671);
#12669 = CARTESIAN_POINT('',(-30.25,12.21,24.1));
#12670 = DIRECTION('',(-1.,-2.22044604925E-16,0.));
#12671 = DIRECTION('',(0.,0.,1.));
#12672 = ADVANCED_FACE('',(#12673,#12691),#12725,.T.);
#12673 = FACE_BOUND('',#12674,.T.);
#12674 = EDGE_LOOP('',(#12675,#12676,#12677,#12685));
#12675 = ORIENTED_EDGE('',*,*,#12631,.F.);
#12676 = ORIENTED_EDGE('',*,*,#12654,.T.);
#12677 = ORIENTED_EDGE('',*,*,#12678,.T.);
#12678 = EDGE_CURVE('',#12655,#12679,#12681,.T.);
#12679 = VERTEX_POINT('',#12680);
#12680 = CARTESIAN_POINT('',(-34.75,21.79,29.6));
#12681 = LINE('',#12682,#12683);
#12682 = CARTESIAN_POINT('',(-30.25,21.79,29.6));
#12683 = VECTOR('',#12684,1.);
#12684 = DIRECTION('',(-1.,-2.22044604925E-16,0.));
#12685 = ORIENTED_EDGE('',*,*,#12686,.F.);
#12686 = EDGE_CURVE('',#12624,#12679,#12687,.T.);
#12687 = LINE('',#12688,#12689);
#12688 = CARTESIAN_POINT('',(-34.75,12.21,29.6));
#12689 = VECTOR('',#12690,1.);
#12690 = DIRECTION('',(-2.22044604925E-16,1.,0.));
#12691 = FACE_BOUND('',#12692,.T.);
#12692 = EDGE_LOOP('',(#12693,#12703,#12711,#12719));
#12693 = ORIENTED_EDGE('',*,*,#12694,.F.);
#12694 = EDGE_CURVE('',#12695,#12697,#12699,.T.);
#12695 = VERTEX_POINT('',#12696);
#12696 = CARTESIAN_POINT('',(-30.85,13.01,29.6));
#12697 = VERTEX_POINT('',#12698);
#12698 = CARTESIAN_POINT('',(-30.85,20.99,29.6));
#12699 = LINE('',#12700,#12701);
#12700 = CARTESIAN_POINT('',(-30.85,13.01,29.6));
#12701 = VECTOR('',#12702,1.);
#12702 = DIRECTION('',(-2.22044604925E-16,1.,0.));
#12703 = ORIENTED_EDGE('',*,*,#12704,.T.);
#12704 = EDGE_CURVE('',#12695,#12705,#12707,.T.);
#12705 = VERTEX_POINT('',#12706);
#12706 = CARTESIAN_POINT('',(-34.15,13.01,29.6));
#12707 = LINE('',#12708,#12709);
#12708 = CARTESIAN_POINT('',(-30.85,13.01,29.6));
#12709 = VECTOR('',#12710,1.);
#12710 = DIRECTION('',(-1.,-2.22044604925E-16,0.));
#12711 = ORIENTED_EDGE('',*,*,#12712,.T.);
#12712 = EDGE_CURVE('',#12705,#12713,#12715,.T.);
#12713 = VERTEX_POINT('',#12714);
#12714 = CARTESIAN_POINT('',(-34.15,20.99,29.6));
#12715 = LINE('',#12716,#12717);
#12716 = CARTESIAN_POINT('',(-34.15,13.01,29.6));
#12717 = VECTOR('',#12718,1.);
#12718 = DIRECTION('',(-2.22044604925E-16,1.,0.));
#12719 = ORIENTED_EDGE('',*,*,#12720,.F.);
#12720 = EDGE_CURVE('',#12697,#12713,#12721,.T.);
#12721 = LINE('',#12722,#12723);
#12722 = CARTESIAN_POINT('',(-30.85,20.99,29.6));
#12723 = VECTOR('',#12724,1.);
#12724 = DIRECTION('',(-1.,-2.22044604925E-16,0.));
#12725 = PLANE('',#12726);
#12726 = AXIS2_PLACEMENT_3D('',#12727,#12728,#12729);
#12727 = CARTESIAN_POINT('',(-30.25,12.21,29.6));
#12728 = DIRECTION('',(0.,0.,1.));
#12729 = DIRECTION('',(-2.22044604925E-16,1.,0.));
#12730 = ADVANCED_FACE('',(#12731),#12749,.T.);
#12731 = FACE_BOUND('',#12732,.T.);
#12732 = EDGE_LOOP('',(#12733,#12741,#12742,#12743));
#12733 = ORIENTED_EDGE('',*,*,#12734,.F.);
#12734 = EDGE_CURVE('',#12616,#12735,#12737,.T.);
#12735 = VERTEX_POINT('',#12736);
#12736 = CARTESIAN_POINT('',(-34.75,21.79,24.1));
#12737 = LINE('',#12738,#12739);
#12738 = CARTESIAN_POINT('',(-34.75,12.21,24.1));
#12739 = VECTOR('',#12740,1.);
#12740 = DIRECTION('',(-2.22044604925E-16,1.,0.));
#12741 = ORIENTED_EDGE('',*,*,#12623,.T.);
#12742 = ORIENTED_EDGE('',*,*,#12686,.T.);
#12743 = ORIENTED_EDGE('',*,*,#12744,.F.);
#12744 = EDGE_CURVE('',#12735,#12679,#12745,.T.);
#12745 = LINE('',#12746,#12747);
#12746 = CARTESIAN_POINT('',(-34.75,21.79,24.1));
#12747 = VECTOR('',#12748,1.);
#12748 = DIRECTION('',(0.,0.,1.));
#12749 = PLANE('',#12750);
#12750 = AXIS2_PLACEMENT_3D('',#12751,#12752,#12753);
#12751 = CARTESIAN_POINT('',(-34.75,12.21,24.1));
#12752 = DIRECTION('',(-1.,-2.22044604925E-16,0.));
#12753 = DIRECTION('',(0.,0.,1.));
#12754 = ADVANCED_FACE('',(#12755),#12766,.F.);
#12755 = FACE_BOUND('',#12756,.F.);
#12756 = EDGE_LOOP('',(#12757,#12758,#12759,#12765));
#12757 = ORIENTED_EDGE('',*,*,#12615,.F.);
#12758 = ORIENTED_EDGE('',*,*,#12645,.T.);
#12759 = ORIENTED_EDGE('',*,*,#12760,.T.);
#12760 = EDGE_CURVE('',#12646,#12735,#12761,.T.);
#12761 = LINE('',#12762,#12763);
#12762 = CARTESIAN_POINT('',(-30.25,21.79,24.1));
#12763 = VECTOR('',#12764,1.);
#12764 = DIRECTION('',(-1.,-2.22044604925E-16,0.));
#12765 = ORIENTED_EDGE('',*,*,#12734,.F.);
#12766 = PLANE('',#12767);
#12767 = AXIS2_PLACEMENT_3D('',#12768,#12769,#12770);
#12768 = CARTESIAN_POINT('',(-30.25,12.21,24.1));
#12769 = DIRECTION('',(0.,0.,1.));
#12770 = DIRECTION('',(-2.22044604925E-16,1.,0.));
#12771 = ADVANCED_FACE('',(#12772),#12778,.T.);
#12772 = FACE_BOUND('',#12773,.T.);
#12773 = EDGE_LOOP('',(#12774,#12775,#12776,#12777));
#12774 = ORIENTED_EDGE('',*,*,#12662,.F.);
#12775 = ORIENTED_EDGE('',*,*,#12760,.T.);
#12776 = ORIENTED_EDGE('',*,*,#12744,.T.);
#12777 = ORIENTED_EDGE('',*,*,#12678,.F.);
#12778 = PLANE('',#12779);
#12779 = AXIS2_PLACEMENT_3D('',#12780,#12781,#12782);
#12780 = CARTESIAN_POINT('',(-30.25,21.79,24.1));
#12781 = DIRECTION('',(-2.22044604925E-16,1.,0.));
#12782 = DIRECTION('',(0.,0.,1.));
#12783 = ADVANCED_FACE('',(#12784),#12809,.T.);
#12784 = FACE_BOUND('',#12785,.T.);
#12785 = EDGE_LOOP('',(#12786,#12796,#12802,#12803));
#12786 = ORIENTED_EDGE('',*,*,#12787,.F.);
#12787 = EDGE_CURVE('',#12788,#12790,#12792,.T.);
#12788 = VERTEX_POINT('',#12789);
#12789 = CARTESIAN_POINT('',(-30.85,13.01,25.1));
#12790 = VERTEX_POINT('',#12791);
#12791 = CARTESIAN_POINT('',(-30.85,20.99,25.1));
#12792 = LINE('',#12793,#12794);
#12793 = CARTESIAN_POINT('',(-30.85,13.01,25.1));
#12794 = VECTOR('',#12795,1.);
#12795 = DIRECTION('',(-2.22044604925E-16,1.,0.));
#12796 = ORIENTED_EDGE('',*,*,#12797,.T.);
#12797 = EDGE_CURVE('',#12788,#12695,#12798,.T.);
#12798 = LINE('',#12799,#12800);
#12799 = CARTESIAN_POINT('',(-30.85,13.01,25.1));
#12800 = VECTOR('',#12801,1.);
#12801 = DIRECTION('',(0.,0.,1.));
#12802 = ORIENTED_EDGE('',*,*,#12694,.T.);
#12803 = ORIENTED_EDGE('',*,*,#12804,.F.);
#12804 = EDGE_CURVE('',#12790,#12697,#12805,.T.);
#12805 = LINE('',#12806,#12807);
#12806 = CARTESIAN_POINT('',(-30.85,20.99,25.1));
#12807 = VECTOR('',#12808,1.);
#12808 = DIRECTION('',(0.,0.,1.));
#12809 = PLANE('',#12810);
#12810 = AXIS2_PLACEMENT_3D('',#12811,#12812,#12813);
#12811 = CARTESIAN_POINT('',(-30.85,13.01,25.1));
#12812 = DIRECTION('',(-1.,-2.22044604925E-16,0.));
#12813 = DIRECTION('',(0.,0.,1.));
#12814 = ADVANCED_FACE('',(#12815),#12833,.F.);
#12815 = FACE_BOUND('',#12816,.F.);
#12816 = EDGE_LOOP('',(#12817,#12818,#12826,#12832));
#12817 = ORIENTED_EDGE('',*,*,#12804,.F.);
#12818 = ORIENTED_EDGE('',*,*,#12819,.T.);
#12819 = EDGE_CURVE('',#12790,#12820,#12822,.T.);
#12820 = VERTEX_POINT('',#12821);
#12821 = CARTESIAN_POINT('',(-34.15,20.99,25.1));
#12822 = LINE('',#12823,#12824);
#12823 = CARTESIAN_POINT('',(-30.85,20.99,25.1));
#12824 = VECTOR('',#12825,1.);
#12825 = DIRECTION('',(-1.,-2.22044604925E-16,0.));
#12826 = ORIENTED_EDGE('',*,*,#12827,.T.);
#12827 = EDGE_CURVE('',#12820,#12713,#12828,.T.);
#12828 = LINE('',#12829,#12830);
#12829 = CARTESIAN_POINT('',(-34.15,20.99,25.1));
#12830 = VECTOR('',#12831,1.);
#12831 = DIRECTION('',(0.,0.,1.));
#12832 = ORIENTED_EDGE('',*,*,#12720,.F.);
#12833 = PLANE('',#12834);
#12834 = AXIS2_PLACEMENT_3D('',#12835,#12836,#12837);
#12835 = CARTESIAN_POINT('',(-30.85,20.99,25.1));
#12836 = DIRECTION('',(-2.22044604925E-16,1.,0.));
#12837 = DIRECTION('',(0.,0.,1.));
#12838 = ADVANCED_FACE('',(#12839),#12857,.F.);
#12839 = FACE_BOUND('',#12840,.F.);
#12840 = EDGE_LOOP('',(#12841,#12849,#12855,#12856));
#12841 = ORIENTED_EDGE('',*,*,#12842,.F.);
#12842 = EDGE_CURVE('',#12843,#12820,#12845,.T.);
#12843 = VERTEX_POINT('',#12844);
#12844 = CARTESIAN_POINT('',(-34.15,13.01,25.1));
#12845 = LINE('',#12846,#12847);
#12846 = CARTESIAN_POINT('',(-34.15,13.01,25.1));
#12847 = VECTOR('',#12848,1.);
#12848 = DIRECTION('',(-2.22044604925E-16,1.,0.));
#12849 = ORIENTED_EDGE('',*,*,#12850,.T.);
#12850 = EDGE_CURVE('',#12843,#12705,#12851,.T.);
#12851 = LINE('',#12852,#12853);
#12852 = CARTESIAN_POINT('',(-34.15,13.01,25.1));
#12853 = VECTOR('',#12854,1.);
#12854 = DIRECTION('',(0.,0.,1.));
#12855 = ORIENTED_EDGE('',*,*,#12712,.T.);
#12856 = ORIENTED_EDGE('',*,*,#12827,.F.);
#12857 = PLANE('',#12858);
#12858 = AXIS2_PLACEMENT_3D('',#12859,#12860,#12861);
#12859 = CARTESIAN_POINT('',(-34.15,13.01,25.1));
#12860 = DIRECTION('',(-1.,-2.22044604925E-16,0.));
#12861 = DIRECTION('',(0.,0.,1.));
#12862 = ADVANCED_FACE('',(#12863),#12874,.T.);
#12863 = FACE_BOUND('',#12864,.T.);
#12864 = EDGE_LOOP('',(#12865,#12866,#12872,#12873));
#12865 = ORIENTED_EDGE('',*,*,#12797,.F.);
#12866 = ORIENTED_EDGE('',*,*,#12867,.T.);
#12867 = EDGE_CURVE('',#12788,#12843,#12868,.T.);
#12868 = LINE('',#12869,#12870);
#12869 = CARTESIAN_POINT('',(-30.85,13.01,25.1));
#12870 = VECTOR('',#12871,1.);
#12871 = DIRECTION('',(-1.,-2.22044604925E-16,0.));
#12872 = ORIENTED_EDGE('',*,*,#12850,.T.);
#12873 = ORIENTED_EDGE('',*,*,#12704,.F.);
#12874 = PLANE('',#12875);
#12875 = AXIS2_PLACEMENT_3D('',#12876,#12877,#12878);
#12876 = CARTESIAN_POINT('',(-30.85,13.01,25.1));
#12877 = DIRECTION('',(-2.22044604925E-16,1.,0.));
#12878 = DIRECTION('',(0.,0.,1.));
#12879 = ADVANCED_FACE('',(#12880),#12886,.T.);
#12880 = FACE_BOUND('',#12881,.T.);
#12881 = EDGE_LOOP('',(#12882,#12883,#12884,#12885));
#12882 = ORIENTED_EDGE('',*,*,#12867,.F.);
#12883 = ORIENTED_EDGE('',*,*,#12787,.T.);
#12884 = ORIENTED_EDGE('',*,*,#12819,.T.);
#12885 = ORIENTED_EDGE('',*,*,#12842,.F.);
#12886 = PLANE('',#12887);
#12887 = AXIS2_PLACEMENT_3D('',#12888,#12889,#12890);
#12888 = CARTESIAN_POINT('',(-30.85,13.01,25.1));
#12889 = DIRECTION('',(0.,0.,1.));
#12890 = DIRECTION('',(-2.22044604925E-16,1.,0.));
#12891 = MANIFOLD_SOLID_BREP('',#12892);
#12892 = CLOSED_SHELL('',(#12893,#12933,#12964,#13022,#13046,#13063,
    #13075,#13106,#13130,#13154,#13171));
#12893 = ADVANCED_FACE('',(#12894),#12928,.F.);
#12894 = FACE_BOUND('',#12895,.F.);
#12895 = EDGE_LOOP('',(#12896,#12906,#12914,#12922));
#12896 = ORIENTED_EDGE('',*,*,#12897,.F.);
#12897 = EDGE_CURVE('',#12898,#12900,#12902,.T.);
#12898 = VERTEX_POINT('',#12899);
#12899 = CARTESIAN_POINT('',(11.25,-23.52,24.1));
#12900 = VERTEX_POINT('',#12901);
#12901 = CARTESIAN_POINT('',(11.25,-23.52,29.6));
#12902 = LINE('',#12903,#12904);
#12903 = CARTESIAN_POINT('',(11.25,-23.52,24.1));
#12904 = VECTOR('',#12905,1.);
#12905 = DIRECTION('',(0.,0.,1.));
#12906 = ORIENTED_EDGE('',*,*,#12907,.T.);
#12907 = EDGE_CURVE('',#12898,#12908,#12910,.T.);
#12908 = VERTEX_POINT('',#12909);
#12909 = CARTESIAN_POINT('',(6.75,-23.52,24.1));
#12910 = LINE('',#12911,#12912);
#12911 = CARTESIAN_POINT('',(11.25,-23.52,24.1));
#12912 = VECTOR('',#12913,1.);
#12913 = DIRECTION('',(-1.,-2.22044604925E-16,0.));
#12914 = ORIENTED_EDGE('',*,*,#12915,.T.);
#12915 = EDGE_CURVE('',#12908,#12916,#12918,.T.);
#12916 = VERTEX_POINT('',#12917);
#12917 = CARTESIAN_POINT('',(6.75,-23.52,29.6));
#12918 = LINE('',#12919,#12920);
#12919 = CARTESIAN_POINT('',(6.75,-23.52,24.1));
#12920 = VECTOR('',#12921,1.);
#12921 = DIRECTION('',(0.,0.,1.));
#12922 = ORIENTED_EDGE('',*,*,#12923,.F.);
#12923 = EDGE_CURVE('',#12900,#12916,#12924,.T.);
#12924 = LINE('',#12925,#12926);
#12925 = CARTESIAN_POINT('',(11.25,-23.52,29.6));
#12926 = VECTOR('',#12927,1.);
#12927 = DIRECTION('',(-1.,-2.22044604925E-16,0.));
#12928 = PLANE('',#12929);
#12929 = AXIS2_PLACEMENT_3D('',#12930,#12931,#12932);
#12930 = CARTESIAN_POINT('',(11.25,-23.52,24.1));
#12931 = DIRECTION('',(-2.22044604925E-16,1.,0.));
#12932 = DIRECTION('',(0.,0.,1.));
#12933 = ADVANCED_FACE('',(#12934),#12959,.F.);
#12934 = FACE_BOUND('',#12935,.F.);
#12935 = EDGE_LOOP('',(#12936,#12944,#12945,#12953));
#12936 = ORIENTED_EDGE('',*,*,#12937,.F.);
#12937 = EDGE_CURVE('',#12898,#12938,#12940,.T.);
#12938 = VERTEX_POINT('',#12939);
#12939 = CARTESIAN_POINT('',(11.25,-16.48,24.1));
#12940 = LINE('',#12941,#12942);
#12941 = CARTESIAN_POINT('',(11.25,-23.52,24.1));
#12942 = VECTOR('',#12943,1.);
#12943 = DIRECTION('',(-2.22044604925E-16,1.,0.));
#12944 = ORIENTED_EDGE('',*,*,#12897,.T.);
#12945 = ORIENTED_EDGE('',*,*,#12946,.T.);
#12946 = EDGE_CURVE('',#12900,#12947,#12949,.T.);
#12947 = VERTEX_POINT('',#12948);
#12948 = CARTESIAN_POINT('',(11.25,-16.48,29.6));
#12949 = LINE('',#12950,#12951);
#12950 = CARTESIAN_POINT('',(11.25,-23.52,29.6));
#12951 = VECTOR('',#12952,1.);
#12952 = DIRECTION('',(-2.22044604925E-16,1.,0.));
#12953 = ORIENTED_EDGE('',*,*,#12954,.F.);
#12954 = EDGE_CURVE('',#12938,#12947,#12955,.T.);
#12955 = LINE('',#12956,#12957);
#12956 = CARTESIAN_POINT('',(11.25,-16.48,24.1));
#12957 = VECTOR('',#12958,1.);
#12958 = DIRECTION('',(0.,0.,1.));
#12959 = PLANE('',#12960);
#12960 = AXIS2_PLACEMENT_3D('',#12961,#12962,#12963);
#12961 = CARTESIAN_POINT('',(11.25,-23.52,24.1));
#12962 = DIRECTION('',(-1.,-2.22044604925E-16,0.));
#12963 = DIRECTION('',(0.,0.,1.));
#12964 = ADVANCED_FACE('',(#12965,#12983),#13017,.T.);
#12965 = FACE_BOUND('',#12966,.T.);
#12966 = EDGE_LOOP('',(#12967,#12968,#12969,#12977));
#12967 = ORIENTED_EDGE('',*,*,#12923,.F.);
#12968 = ORIENTED_EDGE('',*,*,#12946,.T.);
#12969 = ORIENTED_EDGE('',*,*,#12970,.T.);
#12970 = EDGE_CURVE('',#12947,#12971,#12973,.T.);
#12971 = VERTEX_POINT('',#12972);
#12972 = CARTESIAN_POINT('',(6.75,-16.48,29.6));
#12973 = LINE('',#12974,#12975);
#12974 = CARTESIAN_POINT('',(11.25,-16.48,29.6));
#12975 = VECTOR('',#12976,1.);
#12976 = DIRECTION('',(-1.,-2.22044604925E-16,0.));
#12977 = ORIENTED_EDGE('',*,*,#12978,.F.);
#12978 = EDGE_CURVE('',#12916,#12971,#12979,.T.);
#12979 = LINE('',#12980,#12981);
#12980 = CARTESIAN_POINT('',(6.75,-23.52,29.6));
#12981 = VECTOR('',#12982,1.);
#12982 = DIRECTION('',(-2.22044604925E-16,1.,0.));
#12983 = FACE_BOUND('',#12984,.T.);
#12984 = EDGE_LOOP('',(#12985,#12995,#13003,#13011));
#12985 = ORIENTED_EDGE('',*,*,#12986,.F.);
#12986 = EDGE_CURVE('',#12987,#12989,#12991,.T.);
#12987 = VERTEX_POINT('',#12988);
#12988 = CARTESIAN_POINT('',(10.65,-22.72,29.6));
#12989 = VERTEX_POINT('',#12990);
#12990 = CARTESIAN_POINT('',(10.65,-17.28,29.6));
#12991 = LINE('',#12992,#12993);
#12992 = CARTESIAN_POINT('',(10.65,-22.72,29.6));
#12993 = VECTOR('',#12994,1.);
#12994 = DIRECTION('',(-2.22044604925E-16,1.,0.));
#12995 = ORIENTED_EDGE('',*,*,#12996,.T.);
#12996 = EDGE_CURVE('',#12987,#12997,#12999,.T.);
#12997 = VERTEX_POINT('',#12998);
#12998 = CARTESIAN_POINT('',(7.35,-22.72,29.6));
#12999 = LINE('',#13000,#13001);
#13000 = CARTESIAN_POINT('',(10.65,-22.72,29.6));
#13001 = VECTOR('',#13002,1.);
#13002 = DIRECTION('',(-1.,-2.22044604925E-16,0.));
#13003 = ORIENTED_EDGE('',*,*,#13004,.T.);
#13004 = EDGE_CURVE('',#12997,#13005,#13007,.T.);
#13005 = VERTEX_POINT('',#13006);
#13006 = CARTESIAN_POINT('',(7.35,-17.28,29.6));
#13007 = LINE('',#13008,#13009);
#13008 = CARTESIAN_POINT('',(7.35,-22.72,29.6));
#13009 = VECTOR('',#13010,1.);
#13010 = DIRECTION('',(-2.22044604925E-16,1.,0.));
#13011 = ORIENTED_EDGE('',*,*,#13012,.F.);
#13012 = EDGE_CURVE('',#12989,#13005,#13013,.T.);
#13013 = LINE('',#13014,#13015);
#13014 = CARTESIAN_POINT('',(10.65,-17.28,29.6));
#13015 = VECTOR('',#13016,1.);
#13016 = DIRECTION('',(-1.,-2.22044604925E-16,0.));
#13017 = PLANE('',#13018);
#13018 = AXIS2_PLACEMENT_3D('',#13019,#13020,#13021);
#13019 = CARTESIAN_POINT('',(11.25,-23.52,29.6));
#13020 = DIRECTION('',(0.,0.,1.));
#13021 = DIRECTION('',(-2.22044604925E-16,1.,0.));
#13022 = ADVANCED_FACE('',(#13023),#13041,.T.);
#13023 = FACE_BOUND('',#13024,.T.);
#13024 = EDGE_LOOP('',(#13025,#13033,#13034,#13035));
#13025 = ORIENTED_EDGE('',*,*,#13026,.F.);
#13026 = EDGE_CURVE('',#12908,#13027,#13029,.T.);
#13027 = VERTEX_POINT('',#13028);
#13028 = CARTESIAN_POINT('',(6.75,-16.48,24.1));
#13029 = LINE('',#13030,#13031);
#13030 = CARTESIAN_POINT('',(6.75,-23.52,24.1));
#13031 = VECTOR('',#13032,1.);
#13032 = DIRECTION('',(-2.22044604925E-16,1.,0.));
#13033 = ORIENTED_EDGE('',*,*,#12915,.T.);
#13034 = ORIENTED_EDGE('',*,*,#12978,.T.);
#13035 = ORIENTED_EDGE('',*,*,#13036,.F.);
#13036 = EDGE_CURVE('',#13027,#12971,#13037,.T.);
#13037 = LINE('',#13038,#13039);
#13038 = CARTESIAN_POINT('',(6.75,-16.48,24.1));
#13039 = VECTOR('',#13040,1.);
#13040 = DIRECTION('',(0.,0.,1.));
#13041 = PLANE('',#13042);
#13042 = AXIS2_PLACEMENT_3D('',#13043,#13044,#13045);
#13043 = CARTESIAN_POINT('',(6.75,-23.52,24.1));
#13044 = DIRECTION('',(-1.,-2.22044604925E-16,0.));
#13045 = DIRECTION('',(0.,0.,1.));
#13046 = ADVANCED_FACE('',(#13047),#13058,.F.);
#13047 = FACE_BOUND('',#13048,.F.);
#13048 = EDGE_LOOP('',(#13049,#13050,#13051,#13057));
#13049 = ORIENTED_EDGE('',*,*,#12907,.F.);
#13050 = ORIENTED_EDGE('',*,*,#12937,.T.);
#13051 = ORIENTED_EDGE('',*,*,#13052,.T.);
#13052 = EDGE_CURVE('',#12938,#13027,#13053,.T.);
#13053 = LINE('',#13054,#13055);
#13054 = CARTESIAN_POINT('',(11.25,-16.48,24.1));
#13055 = VECTOR('',#13056,1.);
#13056 = DIRECTION('',(-1.,-2.22044604925E-16,0.));
#13057 = ORIENTED_EDGE('',*,*,#13026,.F.);
#13058 = PLANE('',#13059);
#13059 = AXIS2_PLACEMENT_3D('',#13060,#13061,#13062);
#13060 = CARTESIAN_POINT('',(11.25,-23.52,24.1));
#13061 = DIRECTION('',(0.,0.,1.));
#13062 = DIRECTION('',(-2.22044604925E-16,1.,0.));
#13063 = ADVANCED_FACE('',(#13064),#13070,.T.);
#13064 = FACE_BOUND('',#13065,.T.);
#13065 = EDGE_LOOP('',(#13066,#13067,#13068,#13069));
#13066 = ORIENTED_EDGE('',*,*,#12954,.F.);
#13067 = ORIENTED_EDGE('',*,*,#13052,.T.);
#13068 = ORIENTED_EDGE('',*,*,#13036,.T.);
#13069 = ORIENTED_EDGE('',*,*,#12970,.F.);
#13070 = PLANE('',#13071);
#13071 = AXIS2_PLACEMENT_3D('',#13072,#13073,#13074);
#13072 = CARTESIAN_POINT('',(11.25,-16.48,24.1));
#13073 = DIRECTION('',(-2.22044604925E-16,1.,0.));
#13074 = DIRECTION('',(0.,0.,1.));
#13075 = ADVANCED_FACE('',(#13076),#13101,.T.);
#13076 = FACE_BOUND('',#13077,.T.);
#13077 = EDGE_LOOP('',(#13078,#13088,#13094,#13095));
#13078 = ORIENTED_EDGE('',*,*,#13079,.F.);
#13079 = EDGE_CURVE('',#13080,#13082,#13084,.T.);
#13080 = VERTEX_POINT('',#13081);
#13081 = CARTESIAN_POINT('',(10.65,-22.72,25.1));
#13082 = VERTEX_POINT('',#13083);
#13083 = CARTESIAN_POINT('',(10.65,-17.28,25.1));
#13084 = LINE('',#13085,#13086);
#13085 = CARTESIAN_POINT('',(10.65,-22.72,25.1));
#13086 = VECTOR('',#13087,1.);
#13087 = DIRECTION('',(-2.22044604925E-16,1.,0.));
#13088 = ORIENTED_EDGE('',*,*,#13089,.T.);
#13089 = EDGE_CURVE('',#13080,#12987,#13090,.T.);
#13090 = LINE('',#13091,#13092);
#13091 = CARTESIAN_POINT('',(10.65,-22.72,25.1));
#13092 = VECTOR('',#13093,1.);
#13093 = DIRECTION('',(0.,0.,1.));
#13094 = ORIENTED_EDGE('',*,*,#12986,.T.);
#13095 = ORIENTED_EDGE('',*,*,#13096,.F.);
#13096 = EDGE_CURVE('',#13082,#12989,#13097,.T.);
#13097 = LINE('',#13098,#13099);
#13098 = CARTESIAN_POINT('',(10.65,-17.28,25.1));
#13099 = VECTOR('',#13100,1.);
#13100 = DIRECTION('',(0.,0.,1.));
#13101 = PLANE('',#13102);
#13102 = AXIS2_PLACEMENT_3D('',#13103,#13104,#13105);
#13103 = CARTESIAN_POINT('',(10.65,-22.72,25.1));
#13104 = DIRECTION('',(-1.,-2.22044604925E-16,0.));
#13105 = DIRECTION('',(0.,0.,1.));
#13106 = ADVANCED_FACE('',(#13107),#13125,.F.);
#13107 = FACE_BOUND('',#13108,.F.);
#13108 = EDGE_LOOP('',(#13109,#13110,#13118,#13124));
#13109 = ORIENTED_EDGE('',*,*,#13096,.F.);
#13110 = ORIENTED_EDGE('',*,*,#13111,.T.);
#13111 = EDGE_CURVE('',#13082,#13112,#13114,.T.);
#13112 = VERTEX_POINT('',#13113);
#13113 = CARTESIAN_POINT('',(7.35,-17.28,25.1));
#13114 = LINE('',#13115,#13116);
#13115 = CARTESIAN_POINT('',(10.65,-17.28,25.1));
#13116 = VECTOR('',#13117,1.);
#13117 = DIRECTION('',(-1.,-2.22044604925E-16,0.));
#13118 = ORIENTED_EDGE('',*,*,#13119,.T.);
#13119 = EDGE_CURVE('',#13112,#13005,#13120,.T.);
#13120 = LINE('',#13121,#13122);
#13121 = CARTESIAN_POINT('',(7.35,-17.28,25.1));
#13122 = VECTOR('',#13123,1.);
#13123 = DIRECTION('',(0.,0.,1.));
#13124 = ORIENTED_EDGE('',*,*,#13012,.F.);
#13125 = PLANE('',#13126);
#13126 = AXIS2_PLACEMENT_3D('',#13127,#13128,#13129);
#13127 = CARTESIAN_POINT('',(10.65,-17.28,25.1));
#13128 = DIRECTION('',(-2.22044604925E-16,1.,0.));
#13129 = DIRECTION('',(0.,0.,1.));
#13130 = ADVANCED_FACE('',(#13131),#13149,.F.);
#13131 = FACE_BOUND('',#13132,.F.);
#13132 = EDGE_LOOP('',(#13133,#13141,#13147,#13148));
#13133 = ORIENTED_EDGE('',*,*,#13134,.F.);
#13134 = EDGE_CURVE('',#13135,#13112,#13137,.T.);
#13135 = VERTEX_POINT('',#13136);
#13136 = CARTESIAN_POINT('',(7.35,-22.72,25.1));
#13137 = LINE('',#13138,#13139);
#13138 = CARTESIAN_POINT('',(7.35,-22.72,25.1));
#13139 = VECTOR('',#13140,1.);
#13140 = DIRECTION('',(-2.22044604925E-16,1.,0.));
#13141 = ORIENTED_EDGE('',*,*,#13142,.T.);
#13142 = EDGE_CURVE('',#13135,#12997,#13143,.T.);
#13143 = LINE('',#13144,#13145);
#13144 = CARTESIAN_POINT('',(7.35,-22.72,25.1));
#13145 = VECTOR('',#13146,1.);
#13146 = DIRECTION('',(0.,0.,1.));
#13147 = ORIENTED_EDGE('',*,*,#13004,.T.);
#13148 = ORIENTED_EDGE('',*,*,#13119,.F.);
#13149 = PLANE('',#13150);
#13150 = AXIS2_PLACEMENT_3D('',#13151,#13152,#13153);
#13151 = CARTESIAN_POINT('',(7.35,-22.72,25.1));
#13152 = DIRECTION('',(-1.,-2.22044604925E-16,0.));
#13153 = DIRECTION('',(0.,0.,1.));
#13154 = ADVANCED_FACE('',(#13155),#13166,.T.);
#13155 = FACE_BOUND('',#13156,.T.);
#13156 = EDGE_LOOP('',(#13157,#13158,#13164,#13165));
#13157 = ORIENTED_EDGE('',*,*,#13089,.F.);
#13158 = ORIENTED_EDGE('',*,*,#13159,.T.);
#13159 = EDGE_CURVE('',#13080,#13135,#13160,.T.);
#13160 = LINE('',#13161,#13162);
#13161 = CARTESIAN_POINT('',(10.65,-22.72,25.1));
#13162 = VECTOR('',#13163,1.);
#13163 = DIRECTION('',(-1.,-2.22044604925E-16,0.));
#13164 = ORIENTED_EDGE('',*,*,#13142,.T.);
#13165 = ORIENTED_EDGE('',*,*,#12996,.F.);
#13166 = PLANE('',#13167);
#13167 = AXIS2_PLACEMENT_3D('',#13168,#13169,#13170);
#13168 = CARTESIAN_POINT('',(10.65,-22.72,25.1));
#13169 = DIRECTION('',(-2.22044604925E-16,1.,0.));
#13170 = DIRECTION('',(0.,0.,1.));
#13171 = ADVANCED_FACE('',(#13172),#13178,.T.);
#13172 = FACE_BOUND('',#13173,.T.);
#13173 = EDGE_LOOP('',(#13174,#13175,#13176,#13177));
#13174 = ORIENTED_EDGE('',*,*,#13159,.F.);
#13175 = ORIENTED_EDGE('',*,*,#13079,.T.);
#13176 = ORIENTED_EDGE('',*,*,#13111,.T.);
#13177 = ORIENTED_EDGE('',*,*,#13134,.F.);
#13178 = PLANE('',#13179);
#13179 = AXIS2_PLACEMENT_3D('',#13180,#13181,#13182);
#13180 = CARTESIAN_POINT('',(10.65,-22.72,25.1));
#13181 = DIRECTION('',(0.,0.,1.));
#13182 = DIRECTION('',(-2.22044604925E-16,1.,0.));
#13183 = MANIFOLD_SOLID_BREP('',#13184);
#13184 = CLOSED_SHELL('',(#13185,#13225,#13256,#13314,#13338,#13355,
    #13367,#13398,#13422,#13446,#13463));
#13185 = ADVANCED_FACE('',(#13186),#13220,.F.);
#13186 = FACE_BOUND('',#13187,.F.);
#13187 = EDGE_LOOP('',(#13188,#13198,#13206,#13214));
#13188 = ORIENTED_EDGE('',*,*,#13189,.F.);
#13189 = EDGE_CURVE('',#13190,#13192,#13194,.T.);
#13190 = VERTEX_POINT('',#13191);
#13191 = CARTESIAN_POINT('',(18.25,-27.06,24.1));
#13192 = VERTEX_POINT('',#13193);
#13193 = CARTESIAN_POINT('',(18.25,-27.06,29.6));
#13194 = LINE('',#13195,#13196);
#13195 = CARTESIAN_POINT('',(18.25,-27.06,24.1));
#13196 = VECTOR('',#13197,1.);
#13197 = DIRECTION('',(0.,0.,1.));
#13198 = ORIENTED_EDGE('',*,*,#13199,.T.);
#13199 = EDGE_CURVE('',#13190,#13200,#13202,.T.);
#13200 = VERTEX_POINT('',#13201);
#13201 = CARTESIAN_POINT('',(13.75,-27.06,24.1));
#13202 = LINE('',#13203,#13204);
#13203 = CARTESIAN_POINT('',(18.25,-27.06,24.1));
#13204 = VECTOR('',#13205,1.);
#13205 = DIRECTION('',(-1.,-2.22044604925E-16,0.));
#13206 = ORIENTED_EDGE('',*,*,#13207,.T.);
#13207 = EDGE_CURVE('',#13200,#13208,#13210,.T.);
#13208 = VERTEX_POINT('',#13209);
#13209 = CARTESIAN_POINT('',(13.75,-27.06,29.6));
#13210 = LINE('',#13211,#13212);
#13211 = CARTESIAN_POINT('',(13.75,-27.06,24.1));
#13212 = VECTOR('',#13213,1.);
#13213 = DIRECTION('',(0.,0.,1.));
#13214 = ORIENTED_EDGE('',*,*,#13215,.F.);
#13215 = EDGE_CURVE('',#13192,#13208,#13216,.T.);
#13216 = LINE('',#13217,#13218);
#13217 = CARTESIAN_POINT('',(18.25,-27.06,29.6));
#13218 = VECTOR('',#13219,1.);
#13219 = DIRECTION('',(-1.,-2.22044604925E-16,0.));
#13220 = PLANE('',#13221);
#13221 = AXIS2_PLACEMENT_3D('',#13222,#13223,#13224);
#13222 = CARTESIAN_POINT('',(18.25,-27.06,24.1));
#13223 = DIRECTION('',(-2.22044604925E-16,1.,0.));
#13224 = DIRECTION('',(0.,0.,1.));
#13225 = ADVANCED_FACE('',(#13226),#13251,.F.);
#13226 = FACE_BOUND('',#13227,.F.);
#13227 = EDGE_LOOP('',(#13228,#13236,#13237,#13245));
#13228 = ORIENTED_EDGE('',*,*,#13229,.F.);
#13229 = EDGE_CURVE('',#13190,#13230,#13232,.T.);
#13230 = VERTEX_POINT('',#13231);
#13231 = CARTESIAN_POINT('',(18.25,-14.94,24.1));
#13232 = LINE('',#13233,#13234);
#13233 = CARTESIAN_POINT('',(18.25,-27.06,24.1));
#13234 = VECTOR('',#13235,1.);
#13235 = DIRECTION('',(-2.22044604925E-16,1.,0.));
#13236 = ORIENTED_EDGE('',*,*,#13189,.T.);
#13237 = ORIENTED_EDGE('',*,*,#13238,.T.);
#13238 = EDGE_CURVE('',#13192,#13239,#13241,.T.);
#13239 = VERTEX_POINT('',#13240);
#13240 = CARTESIAN_POINT('',(18.25,-14.94,29.6));
#13241 = LINE('',#13242,#13243);
#13242 = CARTESIAN_POINT('',(18.25,-27.06,29.6));
#13243 = VECTOR('',#13244,1.);
#13244 = DIRECTION('',(-2.22044604925E-16,1.,0.));
#13245 = ORIENTED_EDGE('',*,*,#13246,.F.);
#13246 = EDGE_CURVE('',#13230,#13239,#13247,.T.);
#13247 = LINE('',#13248,#13249);
#13248 = CARTESIAN_POINT('',(18.25,-14.94,24.1));
#13249 = VECTOR('',#13250,1.);
#13250 = DIRECTION('',(0.,0.,1.));
#13251 = PLANE('',#13252);
#13252 = AXIS2_PLACEMENT_3D('',#13253,#13254,#13255);
#13253 = CARTESIAN_POINT('',(18.25,-27.06,24.1));
#13254 = DIRECTION('',(-1.,-2.22044604925E-16,0.));
#13255 = DIRECTION('',(0.,0.,1.));
#13256 = ADVANCED_FACE('',(#13257,#13275),#13309,.T.);
#13257 = FACE_BOUND('',#13258,.T.);
#13258 = EDGE_LOOP('',(#13259,#13260,#13261,#13269));
#13259 = ORIENTED_EDGE('',*,*,#13215,.F.);
#13260 = ORIENTED_EDGE('',*,*,#13238,.T.);
#13261 = ORIENTED_EDGE('',*,*,#13262,.T.);
#13262 = EDGE_CURVE('',#13239,#13263,#13265,.T.);
#13263 = VERTEX_POINT('',#13264);
#13264 = CARTESIAN_POINT('',(13.75,-14.94,29.6));
#13265 = LINE('',#13266,#13267);
#13266 = CARTESIAN_POINT('',(18.25,-14.94,29.6));
#13267 = VECTOR('',#13268,1.);
#13268 = DIRECTION('',(-1.,-2.22044604925E-16,0.));
#13269 = ORIENTED_EDGE('',*,*,#13270,.F.);
#13270 = EDGE_CURVE('',#13208,#13263,#13271,.T.);
#13271 = LINE('',#13272,#13273);
#13272 = CARTESIAN_POINT('',(13.75,-27.06,29.6));
#13273 = VECTOR('',#13274,1.);
#13274 = DIRECTION('',(-2.22044604925E-16,1.,0.));
#13275 = FACE_BOUND('',#13276,.T.);
#13276 = EDGE_LOOP('',(#13277,#13287,#13295,#13303));
#13277 = ORIENTED_EDGE('',*,*,#13278,.F.);
#13278 = EDGE_CURVE('',#13279,#13281,#13283,.T.);
#13279 = VERTEX_POINT('',#13280);
#13280 = CARTESIAN_POINT('',(17.65,-26.26,29.6));
#13281 = VERTEX_POINT('',#13282);
#13282 = CARTESIAN_POINT('',(17.65,-15.74,29.6));
#13283 = LINE('',#13284,#13285);
#13284 = CARTESIAN_POINT('',(17.65,-26.26,29.6));
#13285 = VECTOR('',#13286,1.);
#13286 = DIRECTION('',(-2.22044604925E-16,1.,0.));
#13287 = ORIENTED_EDGE('',*,*,#13288,.T.);
#13288 = EDGE_CURVE('',#13279,#13289,#13291,.T.);
#13289 = VERTEX_POINT('',#13290);
#13290 = CARTESIAN_POINT('',(14.35,-26.26,29.6));
#13291 = LINE('',#13292,#13293);
#13292 = CARTESIAN_POINT('',(17.65,-26.26,29.6));
#13293 = VECTOR('',#13294,1.);
#13294 = DIRECTION('',(-1.,-2.22044604925E-16,0.));
#13295 = ORIENTED_EDGE('',*,*,#13296,.T.);
#13296 = EDGE_CURVE('',#13289,#13297,#13299,.T.);
#13297 = VERTEX_POINT('',#13298);
#13298 = CARTESIAN_POINT('',(14.35,-15.74,29.6));
#13299 = LINE('',#13300,#13301);
#13300 = CARTESIAN_POINT('',(14.35,-26.26,29.6));
#13301 = VECTOR('',#13302,1.);
#13302 = DIRECTION('',(-2.22044604925E-16,1.,0.));
#13303 = ORIENTED_EDGE('',*,*,#13304,.F.);
#13304 = EDGE_CURVE('',#13281,#13297,#13305,.T.);
#13305 = LINE('',#13306,#13307);
#13306 = CARTESIAN_POINT('',(17.65,-15.74,29.6));
#13307 = VECTOR('',#13308,1.);
#13308 = DIRECTION('',(-1.,-2.22044604925E-16,0.));
#13309 = PLANE('',#13310);
#13310 = AXIS2_PLACEMENT_3D('',#13311,#13312,#13313);
#13311 = CARTESIAN_POINT('',(18.25,-27.06,29.6));
#13312 = DIRECTION('',(0.,0.,1.));
#13313 = DIRECTION('',(-2.22044604925E-16,1.,0.));
#13314 = ADVANCED_FACE('',(#13315),#13333,.T.);
#13315 = FACE_BOUND('',#13316,.T.);
#13316 = EDGE_LOOP('',(#13317,#13325,#13326,#13327));
#13317 = ORIENTED_EDGE('',*,*,#13318,.F.);
#13318 = EDGE_CURVE('',#13200,#13319,#13321,.T.);
#13319 = VERTEX_POINT('',#13320);
#13320 = CARTESIAN_POINT('',(13.75,-14.94,24.1));
#13321 = LINE('',#13322,#13323);
#13322 = CARTESIAN_POINT('',(13.75,-27.06,24.1));
#13323 = VECTOR('',#13324,1.);
#13324 = DIRECTION('',(-2.22044604925E-16,1.,0.));
#13325 = ORIENTED_EDGE('',*,*,#13207,.T.);
#13326 = ORIENTED_EDGE('',*,*,#13270,.T.);
#13327 = ORIENTED_EDGE('',*,*,#13328,.F.);
#13328 = EDGE_CURVE('',#13319,#13263,#13329,.T.);
#13329 = LINE('',#13330,#13331);
#13330 = CARTESIAN_POINT('',(13.75,-14.94,24.1));
#13331 = VECTOR('',#13332,1.);
#13332 = DIRECTION('',(0.,0.,1.));
#13333 = PLANE('',#13334);
#13334 = AXIS2_PLACEMENT_3D('',#13335,#13336,#13337);
#13335 = CARTESIAN_POINT('',(13.75,-27.06,24.1));
#13336 = DIRECTION('',(-1.,-2.22044604925E-16,0.));
#13337 = DIRECTION('',(0.,0.,1.));
#13338 = ADVANCED_FACE('',(#13339),#13350,.F.);
#13339 = FACE_BOUND('',#13340,.F.);
#13340 = EDGE_LOOP('',(#13341,#13342,#13343,#13349));
#13341 = ORIENTED_EDGE('',*,*,#13199,.F.);
#13342 = ORIENTED_EDGE('',*,*,#13229,.T.);
#13343 = ORIENTED_EDGE('',*,*,#13344,.T.);
#13344 = EDGE_CURVE('',#13230,#13319,#13345,.T.);
#13345 = LINE('',#13346,#13347);
#13346 = CARTESIAN_POINT('',(18.25,-14.94,24.1));
#13347 = VECTOR('',#13348,1.);
#13348 = DIRECTION('',(-1.,-2.22044604925E-16,0.));
#13349 = ORIENTED_EDGE('',*,*,#13318,.F.);
#13350 = PLANE('',#13351);
#13351 = AXIS2_PLACEMENT_3D('',#13352,#13353,#13354);
#13352 = CARTESIAN_POINT('',(18.25,-27.06,24.1));
#13353 = DIRECTION('',(0.,0.,1.));
#13354 = DIRECTION('',(-2.22044604925E-16,1.,0.));
#13355 = ADVANCED_FACE('',(#13356),#13362,.T.);
#13356 = FACE_BOUND('',#13357,.T.);
#13357 = EDGE_LOOP('',(#13358,#13359,#13360,#13361));
#13358 = ORIENTED_EDGE('',*,*,#13246,.F.);
#13359 = ORIENTED_EDGE('',*,*,#13344,.T.);
#13360 = ORIENTED_EDGE('',*,*,#13328,.T.);
#13361 = ORIENTED_EDGE('',*,*,#13262,.F.);
#13362 = PLANE('',#13363);
#13363 = AXIS2_PLACEMENT_3D('',#13364,#13365,#13366);
#13364 = CARTESIAN_POINT('',(18.25,-14.94,24.1));
#13365 = DIRECTION('',(-2.22044604925E-16,1.,0.));
#13366 = DIRECTION('',(0.,0.,1.));
#13367 = ADVANCED_FACE('',(#13368),#13393,.T.);
#13368 = FACE_BOUND('',#13369,.T.);
#13369 = EDGE_LOOP('',(#13370,#13380,#13386,#13387));
#13370 = ORIENTED_EDGE('',*,*,#13371,.F.);
#13371 = EDGE_CURVE('',#13372,#13374,#13376,.T.);
#13372 = VERTEX_POINT('',#13373);
#13373 = CARTESIAN_POINT('',(17.65,-26.26,25.1));
#13374 = VERTEX_POINT('',#13375);
#13375 = CARTESIAN_POINT('',(17.65,-15.74,25.1));
#13376 = LINE('',#13377,#13378);
#13377 = CARTESIAN_POINT('',(17.65,-26.26,25.1));
#13378 = VECTOR('',#13379,1.);
#13379 = DIRECTION('',(-2.22044604925E-16,1.,0.));
#13380 = ORIENTED_EDGE('',*,*,#13381,.T.);
#13381 = EDGE_CURVE('',#13372,#13279,#13382,.T.);
#13382 = LINE('',#13383,#13384);
#13383 = CARTESIAN_POINT('',(17.65,-26.26,25.1));
#13384 = VECTOR('',#13385,1.);
#13385 = DIRECTION('',(0.,0.,1.));
#13386 = ORIENTED_EDGE('',*,*,#13278,.T.);
#13387 = ORIENTED_EDGE('',*,*,#13388,.F.);
#13388 = EDGE_CURVE('',#13374,#13281,#13389,.T.);
#13389 = LINE('',#13390,#13391);
#13390 = CARTESIAN_POINT('',(17.65,-15.74,25.1));
#13391 = VECTOR('',#13392,1.);
#13392 = DIRECTION('',(0.,0.,1.));
#13393 = PLANE('',#13394);
#13394 = AXIS2_PLACEMENT_3D('',#13395,#13396,#13397);
#13395 = CARTESIAN_POINT('',(17.65,-26.26,25.1));
#13396 = DIRECTION('',(-1.,-2.22044604925E-16,0.));
#13397 = DIRECTION('',(0.,0.,1.));
#13398 = ADVANCED_FACE('',(#13399),#13417,.F.);
#13399 = FACE_BOUND('',#13400,.F.);
#13400 = EDGE_LOOP('',(#13401,#13402,#13410,#13416));
#13401 = ORIENTED_EDGE('',*,*,#13388,.F.);
#13402 = ORIENTED_EDGE('',*,*,#13403,.T.);
#13403 = EDGE_CURVE('',#13374,#13404,#13406,.T.);
#13404 = VERTEX_POINT('',#13405);
#13405 = CARTESIAN_POINT('',(14.35,-15.74,25.1));
#13406 = LINE('',#13407,#13408);
#13407 = CARTESIAN_POINT('',(17.65,-15.74,25.1));
#13408 = VECTOR('',#13409,1.);
#13409 = DIRECTION('',(-1.,-2.22044604925E-16,0.));
#13410 = ORIENTED_EDGE('',*,*,#13411,.T.);
#13411 = EDGE_CURVE('',#13404,#13297,#13412,.T.);
#13412 = LINE('',#13413,#13414);
#13413 = CARTESIAN_POINT('',(14.35,-15.74,25.1));
#13414 = VECTOR('',#13415,1.);
#13415 = DIRECTION('',(0.,0.,1.));
#13416 = ORIENTED_EDGE('',*,*,#13304,.F.);
#13417 = PLANE('',#13418);
#13418 = AXIS2_PLACEMENT_3D('',#13419,#13420,#13421);
#13419 = CARTESIAN_POINT('',(17.65,-15.74,25.1));
#13420 = DIRECTION('',(-2.22044604925E-16,1.,0.));
#13421 = DIRECTION('',(0.,0.,1.));
#13422 = ADVANCED_FACE('',(#13423),#13441,.F.);
#13423 = FACE_BOUND('',#13424,.F.);
#13424 = EDGE_LOOP('',(#13425,#13433,#13439,#13440));
#13425 = ORIENTED_EDGE('',*,*,#13426,.F.);
#13426 = EDGE_CURVE('',#13427,#13404,#13429,.T.);
#13427 = VERTEX_POINT('',#13428);
#13428 = CARTESIAN_POINT('',(14.35,-26.26,25.1));
#13429 = LINE('',#13430,#13431);
#13430 = CARTESIAN_POINT('',(14.35,-26.26,25.1));
#13431 = VECTOR('',#13432,1.);
#13432 = DIRECTION('',(-2.22044604925E-16,1.,0.));
#13433 = ORIENTED_EDGE('',*,*,#13434,.T.);
#13434 = EDGE_CURVE('',#13427,#13289,#13435,.T.);
#13435 = LINE('',#13436,#13437);
#13436 = CARTESIAN_POINT('',(14.35,-26.26,25.1));
#13437 = VECTOR('',#13438,1.);
#13438 = DIRECTION('',(0.,0.,1.));
#13439 = ORIENTED_EDGE('',*,*,#13296,.T.);
#13440 = ORIENTED_EDGE('',*,*,#13411,.F.);
#13441 = PLANE('',#13442);
#13442 = AXIS2_PLACEMENT_3D('',#13443,#13444,#13445);
#13443 = CARTESIAN_POINT('',(14.35,-26.26,25.1));
#13444 = DIRECTION('',(-1.,-2.22044604925E-16,0.));
#13445 = DIRECTION('',(0.,0.,1.));
#13446 = ADVANCED_FACE('',(#13447),#13458,.T.);
#13447 = FACE_BOUND('',#13448,.T.);
#13448 = EDGE_LOOP('',(#13449,#13450,#13456,#13457));
#13449 = ORIENTED_EDGE('',*,*,#13381,.F.);
#13450 = ORIENTED_EDGE('',*,*,#13451,.T.);
#13451 = EDGE_CURVE('',#13372,#13427,#13452,.T.);
#13452 = LINE('',#13453,#13454);
#13453 = CARTESIAN_POINT('',(17.65,-26.26,25.1));
#13454 = VECTOR('',#13455,1.);
#13455 = DIRECTION('',(-1.,-2.22044604925E-16,0.));
#13456 = ORIENTED_EDGE('',*,*,#13434,.T.);
#13457 = ORIENTED_EDGE('',*,*,#13288,.F.);
#13458 = PLANE('',#13459);
#13459 = AXIS2_PLACEMENT_3D('',#13460,#13461,#13462);
#13460 = CARTESIAN_POINT('',(17.65,-26.26,25.1));
#13461 = DIRECTION('',(-2.22044604925E-16,1.,0.));
#13462 = DIRECTION('',(0.,0.,1.));
#13463 = ADVANCED_FACE('',(#13464),#13470,.T.);
#13464 = FACE_BOUND('',#13465,.T.);
#13465 = EDGE_LOOP('',(#13466,#13467,#13468,#13469));
#13466 = ORIENTED_EDGE('',*,*,#13451,.F.);
#13467 = ORIENTED_EDGE('',*,*,#13371,.T.);
#13468 = ORIENTED_EDGE('',*,*,#13403,.T.);
#13469 = ORIENTED_EDGE('',*,*,#13426,.F.);
#13470 = PLANE('',#13471);
#13471 = AXIS2_PLACEMENT_3D('',#13472,#13473,#13474);
#13472 = CARTESIAN_POINT('',(17.65,-26.26,25.1));
#13473 = DIRECTION('',(0.,0.,1.));
#13474 = DIRECTION('',(-2.22044604925E-16,1.,0.));
#13475 = MANIFOLD_SOLID_BREP('',#13476);
#13476 = CLOSED_SHELL('',(#13477,#13517,#13548,#13606,#13630,#13647,
    #13659,#13690,#13714,#13738,#13755));
#13477 = ADVANCED_FACE('',(#13478),#13512,.F.);
#13478 = FACE_BOUND('',#13479,.F.);
#13479 = EDGE_LOOP('',(#13480,#13490,#13498,#13506));
#13480 = ORIENTED_EDGE('',*,*,#13481,.F.);
#13481 = EDGE_CURVE('',#13482,#13484,#13486,.T.);
#13482 = VERTEX_POINT('',#13483);
#13483 = CARTESIAN_POINT('',(25.25,-27.06,24.1));
#13484 = VERTEX_POINT('',#13485);
#13485 = CARTESIAN_POINT('',(25.25,-27.06,29.6));
#13486 = LINE('',#13487,#13488);
#13487 = CARTESIAN_POINT('',(25.25,-27.06,24.1));
#13488 = VECTOR('',#13489,1.);
#13489 = DIRECTION('',(0.,0.,1.));
#13490 = ORIENTED_EDGE('',*,*,#13491,.T.);
#13491 = EDGE_CURVE('',#13482,#13492,#13494,.T.);
#13492 = VERTEX_POINT('',#13493);
#13493 = CARTESIAN_POINT('',(20.75,-27.06,24.1));
#13494 = LINE('',#13495,#13496);
#13495 = CARTESIAN_POINT('',(25.25,-27.06,24.1));
#13496 = VECTOR('',#13497,1.);
#13497 = DIRECTION('',(-1.,-2.22044604925E-16,0.));
#13498 = ORIENTED_EDGE('',*,*,#13499,.T.);
#13499 = EDGE_CURVE('',#13492,#13500,#13502,.T.);
#13500 = VERTEX_POINT('',#13501);
#13501 = CARTESIAN_POINT('',(20.75,-27.06,29.6));
#13502 = LINE('',#13503,#13504);
#13503 = CARTESIAN_POINT('',(20.75,-27.06,24.1));
#13504 = VECTOR('',#13505,1.);
#13505 = DIRECTION('',(0.,0.,1.));
#13506 = ORIENTED_EDGE('',*,*,#13507,.F.);
#13507 = EDGE_CURVE('',#13484,#13500,#13508,.T.);
#13508 = LINE('',#13509,#13510);
#13509 = CARTESIAN_POINT('',(25.25,-27.06,29.6));
#13510 = VECTOR('',#13511,1.);
#13511 = DIRECTION('',(-1.,-2.22044604925E-16,0.));
#13512 = PLANE('',#13513);
#13513 = AXIS2_PLACEMENT_3D('',#13514,#13515,#13516);
#13514 = CARTESIAN_POINT('',(25.25,-27.06,24.1));
#13515 = DIRECTION('',(-2.22044604925E-16,1.,0.));
#13516 = DIRECTION('',(0.,0.,1.));
#13517 = ADVANCED_FACE('',(#13518),#13543,.F.);
#13518 = FACE_BOUND('',#13519,.F.);
#13519 = EDGE_LOOP('',(#13520,#13528,#13529,#13537));
#13520 = ORIENTED_EDGE('',*,*,#13521,.F.);
#13521 = EDGE_CURVE('',#13482,#13522,#13524,.T.);
#13522 = VERTEX_POINT('',#13523);
#13523 = CARTESIAN_POINT('',(25.25,-14.94,24.1));
#13524 = LINE('',#13525,#13526);
#13525 = CARTESIAN_POINT('',(25.25,-27.06,24.1));
#13526 = VECTOR('',#13527,1.);
#13527 = DIRECTION('',(-2.22044604925E-16,1.,0.));
#13528 = ORIENTED_EDGE('',*,*,#13481,.T.);
#13529 = ORIENTED_EDGE('',*,*,#13530,.T.);
#13530 = EDGE_CURVE('',#13484,#13531,#13533,.T.);
#13531 = VERTEX_POINT('',#13532);
#13532 = CARTESIAN_POINT('',(25.25,-14.94,29.6));
#13533 = LINE('',#13534,#13535);
#13534 = CARTESIAN_POINT('',(25.25,-27.06,29.6));
#13535 = VECTOR('',#13536,1.);
#13536 = DIRECTION('',(-2.22044604925E-16,1.,0.));
#13537 = ORIENTED_EDGE('',*,*,#13538,.F.);
#13538 = EDGE_CURVE('',#13522,#13531,#13539,.T.);
#13539 = LINE('',#13540,#13541);
#13540 = CARTESIAN_POINT('',(25.25,-14.94,24.1));
#13541 = VECTOR('',#13542,1.);
#13542 = DIRECTION('',(0.,0.,1.));
#13543 = PLANE('',#13544);
#13544 = AXIS2_PLACEMENT_3D('',#13545,#13546,#13547);
#13545 = CARTESIAN_POINT('',(25.25,-27.06,24.1));
#13546 = DIRECTION('',(-1.,-2.22044604925E-16,0.));
#13547 = DIRECTION('',(0.,0.,1.));
#13548 = ADVANCED_FACE('',(#13549,#13567),#13601,.T.);
#13549 = FACE_BOUND('',#13550,.T.);
#13550 = EDGE_LOOP('',(#13551,#13552,#13553,#13561));
#13551 = ORIENTED_EDGE('',*,*,#13507,.F.);
#13552 = ORIENTED_EDGE('',*,*,#13530,.T.);
#13553 = ORIENTED_EDGE('',*,*,#13554,.T.);
#13554 = EDGE_CURVE('',#13531,#13555,#13557,.T.);
#13555 = VERTEX_POINT('',#13556);
#13556 = CARTESIAN_POINT('',(20.75,-14.94,29.6));
#13557 = LINE('',#13558,#13559);
#13558 = CARTESIAN_POINT('',(25.25,-14.94,29.6));
#13559 = VECTOR('',#13560,1.);
#13560 = DIRECTION('',(-1.,-2.22044604925E-16,0.));
#13561 = ORIENTED_EDGE('',*,*,#13562,.F.);
#13562 = EDGE_CURVE('',#13500,#13555,#13563,.T.);
#13563 = LINE('',#13564,#13565);
#13564 = CARTESIAN_POINT('',(20.75,-27.06,29.6));
#13565 = VECTOR('',#13566,1.);
#13566 = DIRECTION('',(-2.22044604925E-16,1.,0.));
#13567 = FACE_BOUND('',#13568,.T.);
#13568 = EDGE_LOOP('',(#13569,#13579,#13587,#13595));
#13569 = ORIENTED_EDGE('',*,*,#13570,.F.);
#13570 = EDGE_CURVE('',#13571,#13573,#13575,.T.);
#13571 = VERTEX_POINT('',#13572);
#13572 = CARTESIAN_POINT('',(24.65,-26.26,29.6));
#13573 = VERTEX_POINT('',#13574);
#13574 = CARTESIAN_POINT('',(24.65,-15.74,29.6));
#13575 = LINE('',#13576,#13577);
#13576 = CARTESIAN_POINT('',(24.65,-26.26,29.6));
#13577 = VECTOR('',#13578,1.);
#13578 = DIRECTION('',(-2.22044604925E-16,1.,0.));
#13579 = ORIENTED_EDGE('',*,*,#13580,.T.);
#13580 = EDGE_CURVE('',#13571,#13581,#13583,.T.);
#13581 = VERTEX_POINT('',#13582);
#13582 = CARTESIAN_POINT('',(21.35,-26.26,29.6));
#13583 = LINE('',#13584,#13585);
#13584 = CARTESIAN_POINT('',(24.65,-26.26,29.6));
#13585 = VECTOR('',#13586,1.);
#13586 = DIRECTION('',(-1.,-2.22044604925E-16,0.));
#13587 = ORIENTED_EDGE('',*,*,#13588,.T.);
#13588 = EDGE_CURVE('',#13581,#13589,#13591,.T.);
#13589 = VERTEX_POINT('',#13590);
#13590 = CARTESIAN_POINT('',(21.35,-15.74,29.6));
#13591 = LINE('',#13592,#13593);
#13592 = CARTESIAN_POINT('',(21.35,-26.26,29.6));
#13593 = VECTOR('',#13594,1.);
#13594 = DIRECTION('',(-2.22044604925E-16,1.,0.));
#13595 = ORIENTED_EDGE('',*,*,#13596,.F.);
#13596 = EDGE_CURVE('',#13573,#13589,#13597,.T.);
#13597 = LINE('',#13598,#13599);
#13598 = CARTESIAN_POINT('',(24.65,-15.74,29.6));
#13599 = VECTOR('',#13600,1.);
#13600 = DIRECTION('',(-1.,-2.22044604925E-16,0.));
#13601 = PLANE('',#13602);
#13602 = AXIS2_PLACEMENT_3D('',#13603,#13604,#13605);
#13603 = CARTESIAN_POINT('',(25.25,-27.06,29.6));
#13604 = DIRECTION('',(0.,0.,1.));
#13605 = DIRECTION('',(-2.22044604925E-16,1.,0.));
#13606 = ADVANCED_FACE('',(#13607),#13625,.T.);
#13607 = FACE_BOUND('',#13608,.T.);
#13608 = EDGE_LOOP('',(#13609,#13617,#13618,#13619));
#13609 = ORIENTED_EDGE('',*,*,#13610,.F.);
#13610 = EDGE_CURVE('',#13492,#13611,#13613,.T.);
#13611 = VERTEX_POINT('',#13612);
#13612 = CARTESIAN_POINT('',(20.75,-14.94,24.1));
#13613 = LINE('',#13614,#13615);
#13614 = CARTESIAN_POINT('',(20.75,-27.06,24.1));
#13615 = VECTOR('',#13616,1.);
#13616 = DIRECTION('',(-2.22044604925E-16,1.,0.));
#13617 = ORIENTED_EDGE('',*,*,#13499,.T.);
#13618 = ORIENTED_EDGE('',*,*,#13562,.T.);
#13619 = ORIENTED_EDGE('',*,*,#13620,.F.);
#13620 = EDGE_CURVE('',#13611,#13555,#13621,.T.);
#13621 = LINE('',#13622,#13623);
#13622 = CARTESIAN_POINT('',(20.75,-14.94,24.1));
#13623 = VECTOR('',#13624,1.);
#13624 = DIRECTION('',(0.,0.,1.));
#13625 = PLANE('',#13626);
#13626 = AXIS2_PLACEMENT_3D('',#13627,#13628,#13629);
#13627 = CARTESIAN_POINT('',(20.75,-27.06,24.1));
#13628 = DIRECTION('',(-1.,-2.22044604925E-16,0.));
#13629 = DIRECTION('',(0.,0.,1.));
#13630 = ADVANCED_FACE('',(#13631),#13642,.F.);
#13631 = FACE_BOUND('',#13632,.F.);
#13632 = EDGE_LOOP('',(#13633,#13634,#13635,#13641));
#13633 = ORIENTED_EDGE('',*,*,#13491,.F.);
#13634 = ORIENTED_EDGE('',*,*,#13521,.T.);
#13635 = ORIENTED_EDGE('',*,*,#13636,.T.);
#13636 = EDGE_CURVE('',#13522,#13611,#13637,.T.);
#13637 = LINE('',#13638,#13639);
#13638 = CARTESIAN_POINT('',(25.25,-14.94,24.1));
#13639 = VECTOR('',#13640,1.);
#13640 = DIRECTION('',(-1.,-2.22044604925E-16,0.));
#13641 = ORIENTED_EDGE('',*,*,#13610,.F.);
#13642 = PLANE('',#13643);
#13643 = AXIS2_PLACEMENT_3D('',#13644,#13645,#13646);
#13644 = CARTESIAN_POINT('',(25.25,-27.06,24.1));
#13645 = DIRECTION('',(0.,0.,1.));
#13646 = DIRECTION('',(-2.22044604925E-16,1.,0.));
#13647 = ADVANCED_FACE('',(#13648),#13654,.T.);
#13648 = FACE_BOUND('',#13649,.T.);
#13649 = EDGE_LOOP('',(#13650,#13651,#13652,#13653));
#13650 = ORIENTED_EDGE('',*,*,#13538,.F.);
#13651 = ORIENTED_EDGE('',*,*,#13636,.T.);
#13652 = ORIENTED_EDGE('',*,*,#13620,.T.);
#13653 = ORIENTED_EDGE('',*,*,#13554,.F.);
#13654 = PLANE('',#13655);
#13655 = AXIS2_PLACEMENT_3D('',#13656,#13657,#13658);
#13656 = CARTESIAN_POINT('',(25.25,-14.94,24.1));
#13657 = DIRECTION('',(-2.22044604925E-16,1.,0.));
#13658 = DIRECTION('',(0.,0.,1.));
#13659 = ADVANCED_FACE('',(#13660),#13685,.T.);
#13660 = FACE_BOUND('',#13661,.T.);
#13661 = EDGE_LOOP('',(#13662,#13672,#13678,#13679));
#13662 = ORIENTED_EDGE('',*,*,#13663,.F.);
#13663 = EDGE_CURVE('',#13664,#13666,#13668,.T.);
#13664 = VERTEX_POINT('',#13665);
#13665 = CARTESIAN_POINT('',(24.65,-26.26,25.1));
#13666 = VERTEX_POINT('',#13667);
#13667 = CARTESIAN_POINT('',(24.65,-15.74,25.1));
#13668 = LINE('',#13669,#13670);
#13669 = CARTESIAN_POINT('',(24.65,-26.26,25.1));
#13670 = VECTOR('',#13671,1.);
#13671 = DIRECTION('',(-2.22044604925E-16,1.,0.));
#13672 = ORIENTED_EDGE('',*,*,#13673,.T.);
#13673 = EDGE_CURVE('',#13664,#13571,#13674,.T.);
#13674 = LINE('',#13675,#13676);
#13675 = CARTESIAN_POINT('',(24.65,-26.26,25.1));
#13676 = VECTOR('',#13677,1.);
#13677 = DIRECTION('',(0.,0.,1.));
#13678 = ORIENTED_EDGE('',*,*,#13570,.T.);
#13679 = ORIENTED_EDGE('',*,*,#13680,.F.);
#13680 = EDGE_CURVE('',#13666,#13573,#13681,.T.);
#13681 = LINE('',#13682,#13683);
#13682 = CARTESIAN_POINT('',(24.65,-15.74,25.1));
#13683 = VECTOR('',#13684,1.);
#13684 = DIRECTION('',(0.,0.,1.));
#13685 = PLANE('',#13686);
#13686 = AXIS2_PLACEMENT_3D('',#13687,#13688,#13689);
#13687 = CARTESIAN_POINT('',(24.65,-26.26,25.1));
#13688 = DIRECTION('',(-1.,-2.22044604925E-16,0.));
#13689 = DIRECTION('',(0.,0.,1.));
#13690 = ADVANCED_FACE('',(#13691),#13709,.F.);
#13691 = FACE_BOUND('',#13692,.F.);
#13692 = EDGE_LOOP('',(#13693,#13694,#13702,#13708));
#13693 = ORIENTED_EDGE('',*,*,#13680,.F.);
#13694 = ORIENTED_EDGE('',*,*,#13695,.T.);
#13695 = EDGE_CURVE('',#13666,#13696,#13698,.T.);
#13696 = VERTEX_POINT('',#13697);
#13697 = CARTESIAN_POINT('',(21.35,-15.74,25.1));
#13698 = LINE('',#13699,#13700);
#13699 = CARTESIAN_POINT('',(24.65,-15.74,25.1));
#13700 = VECTOR('',#13701,1.);
#13701 = DIRECTION('',(-1.,-2.22044604925E-16,0.));
#13702 = ORIENTED_EDGE('',*,*,#13703,.T.);
#13703 = EDGE_CURVE('',#13696,#13589,#13704,.T.);
#13704 = LINE('',#13705,#13706);
#13705 = CARTESIAN_POINT('',(21.35,-15.74,25.1));
#13706 = VECTOR('',#13707,1.);
#13707 = DIRECTION('',(0.,0.,1.));
#13708 = ORIENTED_EDGE('',*,*,#13596,.F.);
#13709 = PLANE('',#13710);
#13710 = AXIS2_PLACEMENT_3D('',#13711,#13712,#13713);
#13711 = CARTESIAN_POINT('',(24.65,-15.74,25.1));
#13712 = DIRECTION('',(-2.22044604925E-16,1.,0.));
#13713 = DIRECTION('',(0.,0.,1.));
#13714 = ADVANCED_FACE('',(#13715),#13733,.F.);
#13715 = FACE_BOUND('',#13716,.F.);
#13716 = EDGE_LOOP('',(#13717,#13725,#13731,#13732));
#13717 = ORIENTED_EDGE('',*,*,#13718,.F.);
#13718 = EDGE_CURVE('',#13719,#13696,#13721,.T.);
#13719 = VERTEX_POINT('',#13720);
#13720 = CARTESIAN_POINT('',(21.35,-26.26,25.1));
#13721 = LINE('',#13722,#13723);
#13722 = CARTESIAN_POINT('',(21.35,-26.26,25.1));
#13723 = VECTOR('',#13724,1.);
#13724 = DIRECTION('',(-2.22044604925E-16,1.,0.));
#13725 = ORIENTED_EDGE('',*,*,#13726,.T.);
#13726 = EDGE_CURVE('',#13719,#13581,#13727,.T.);
#13727 = LINE('',#13728,#13729);
#13728 = CARTESIAN_POINT('',(21.35,-26.26,25.1));
#13729 = VECTOR('',#13730,1.);
#13730 = DIRECTION('',(0.,0.,1.));
#13731 = ORIENTED_EDGE('',*,*,#13588,.T.);
#13732 = ORIENTED_EDGE('',*,*,#13703,.F.);
#13733 = PLANE('',#13734);
#13734 = AXIS2_PLACEMENT_3D('',#13735,#13736,#13737);
#13735 = CARTESIAN_POINT('',(21.35,-26.26,25.1));
#13736 = DIRECTION('',(-1.,-2.22044604925E-16,0.));
#13737 = DIRECTION('',(0.,0.,1.));
#13738 = ADVANCED_FACE('',(#13739),#13750,.T.);
#13739 = FACE_BOUND('',#13740,.T.);
#13740 = EDGE_LOOP('',(#13741,#13742,#13748,#13749));
#13741 = ORIENTED_EDGE('',*,*,#13673,.F.);
#13742 = ORIENTED_EDGE('',*,*,#13743,.T.);
#13743 = EDGE_CURVE('',#13664,#13719,#13744,.T.);
#13744 = LINE('',#13745,#13746);
#13745 = CARTESIAN_POINT('',(24.65,-26.26,25.1));
#13746 = VECTOR('',#13747,1.);
#13747 = DIRECTION('',(-1.,-2.22044604925E-16,0.));
#13748 = ORIENTED_EDGE('',*,*,#13726,.T.);
#13749 = ORIENTED_EDGE('',*,*,#13580,.F.);
#13750 = PLANE('',#13751);
#13751 = AXIS2_PLACEMENT_3D('',#13752,#13753,#13754);
#13752 = CARTESIAN_POINT('',(24.65,-26.26,25.1));
#13753 = DIRECTION('',(-2.22044604925E-16,1.,0.));
#13754 = DIRECTION('',(0.,0.,1.));
#13755 = ADVANCED_FACE('',(#13756),#13762,.T.);
#13756 = FACE_BOUND('',#13757,.T.);
#13757 = EDGE_LOOP('',(#13758,#13759,#13760,#13761));
#13758 = ORIENTED_EDGE('',*,*,#13743,.F.);
#13759 = ORIENTED_EDGE('',*,*,#13663,.T.);
#13760 = ORIENTED_EDGE('',*,*,#13695,.T.);
#13761 = ORIENTED_EDGE('',*,*,#13718,.F.);
#13762 = PLANE('',#13763);
#13763 = AXIS2_PLACEMENT_3D('',#13764,#13765,#13766);
#13764 = CARTESIAN_POINT('',(24.65,-26.26,25.1));
#13765 = DIRECTION('',(0.,0.,1.));
#13766 = DIRECTION('',(-2.22044604925E-16,1.,0.));
#13767 = MANIFOLD_SOLID_BREP('',#13768);
#13768 = CLOSED_SHELL('',(#13769,#13809,#13840,#13898,#13922,#13939,
    #13951,#13982,#14006,#14030,#14047));
#13769 = ADVANCED_FACE('',(#13770),#13804,.F.);
#13770 = FACE_BOUND('',#13771,.F.);
#13771 = EDGE_LOOP('',(#13772,#13782,#13790,#13798));
#13772 = ORIENTED_EDGE('',*,*,#13773,.F.);
#13773 = EDGE_CURVE('',#13774,#13776,#13778,.T.);
#13774 = VERTEX_POINT('',#13775);
#13775 = CARTESIAN_POINT('',(31.75,-21.52,24.1));
#13776 = VERTEX_POINT('',#13777);
#13777 = CARTESIAN_POINT('',(31.75,-21.52,29.6));
#13778 = LINE('',#13779,#13780);
#13779 = CARTESIAN_POINT('',(31.75,-21.52,24.1));
#13780 = VECTOR('',#13781,1.);
#13781 = DIRECTION('',(0.,0.,1.));
#13782 = ORIENTED_EDGE('',*,*,#13783,.T.);
#13783 = EDGE_CURVE('',#13774,#13784,#13786,.T.);
#13784 = VERTEX_POINT('',#13785);
#13785 = CARTESIAN_POINT('',(27.25,-21.52,24.1));
#13786 = LINE('',#13787,#13788);
#13787 = CARTESIAN_POINT('',(31.75,-21.52,24.1));
#13788 = VECTOR('',#13789,1.);
#13789 = DIRECTION('',(-1.,-2.22044604925E-16,0.));
#13790 = ORIENTED_EDGE('',*,*,#13791,.T.);
#13791 = EDGE_CURVE('',#13784,#13792,#13794,.T.);
#13792 = VERTEX_POINT('',#13793);
#13793 = CARTESIAN_POINT('',(27.25,-21.52,29.6));
#13794 = LINE('',#13795,#13796);
#13795 = CARTESIAN_POINT('',(27.25,-21.52,24.1));
#13796 = VECTOR('',#13797,1.);
#13797 = DIRECTION('',(0.,0.,1.));
#13798 = ORIENTED_EDGE('',*,*,#13799,.F.);
#13799 = EDGE_CURVE('',#13776,#13792,#13800,.T.);
#13800 = LINE('',#13801,#13802);
#13801 = CARTESIAN_POINT('',(31.75,-21.52,29.6));
#13802 = VECTOR('',#13803,1.);
#13803 = DIRECTION('',(-1.,-2.22044604925E-16,0.));
#13804 = PLANE('',#13805);
#13805 = AXIS2_PLACEMENT_3D('',#13806,#13807,#13808);
#13806 = CARTESIAN_POINT('',(31.75,-21.52,24.1));
#13807 = DIRECTION('',(-2.22044604925E-16,1.,0.));
#13808 = DIRECTION('',(0.,0.,1.));
#13809 = ADVANCED_FACE('',(#13810),#13835,.F.);
#13810 = FACE_BOUND('',#13811,.F.);
#13811 = EDGE_LOOP('',(#13812,#13820,#13821,#13829));
#13812 = ORIENTED_EDGE('',*,*,#13813,.F.);
#13813 = EDGE_CURVE('',#13774,#13814,#13816,.T.);
#13814 = VERTEX_POINT('',#13815);
#13815 = CARTESIAN_POINT('',(31.75,-14.48,24.1));
#13816 = LINE('',#13817,#13818);
#13817 = CARTESIAN_POINT('',(31.75,-21.52,24.1));
#13818 = VECTOR('',#13819,1.);
#13819 = DIRECTION('',(-2.22044604925E-16,1.,0.));
#13820 = ORIENTED_EDGE('',*,*,#13773,.T.);
#13821 = ORIENTED_EDGE('',*,*,#13822,.T.);
#13822 = EDGE_CURVE('',#13776,#13823,#13825,.T.);
#13823 = VERTEX_POINT('',#13824);
#13824 = CARTESIAN_POINT('',(31.75,-14.48,29.6));
#13825 = LINE('',#13826,#13827);
#13826 = CARTESIAN_POINT('',(31.75,-21.52,29.6));
#13827 = VECTOR('',#13828,1.);
#13828 = DIRECTION('',(-2.22044604925E-16,1.,0.));
#13829 = ORIENTED_EDGE('',*,*,#13830,.F.);
#13830 = EDGE_CURVE('',#13814,#13823,#13831,.T.);
#13831 = LINE('',#13832,#13833);
#13832 = CARTESIAN_POINT('',(31.75,-14.48,24.1));
#13833 = VECTOR('',#13834,1.);
#13834 = DIRECTION('',(0.,0.,1.));
#13835 = PLANE('',#13836);
#13836 = AXIS2_PLACEMENT_3D('',#13837,#13838,#13839);
#13837 = CARTESIAN_POINT('',(31.75,-21.52,24.1));
#13838 = DIRECTION('',(-1.,-2.22044604925E-16,0.));
#13839 = DIRECTION('',(0.,0.,1.));
#13840 = ADVANCED_FACE('',(#13841,#13859),#13893,.T.);
#13841 = FACE_BOUND('',#13842,.T.);
#13842 = EDGE_LOOP('',(#13843,#13844,#13845,#13853));
#13843 = ORIENTED_EDGE('',*,*,#13799,.F.);
#13844 = ORIENTED_EDGE('',*,*,#13822,.T.);
#13845 = ORIENTED_EDGE('',*,*,#13846,.T.);
#13846 = EDGE_CURVE('',#13823,#13847,#13849,.T.);
#13847 = VERTEX_POINT('',#13848);
#13848 = CARTESIAN_POINT('',(27.25,-14.48,29.6));
#13849 = LINE('',#13850,#13851);
#13850 = CARTESIAN_POINT('',(31.75,-14.48,29.6));
#13851 = VECTOR('',#13852,1.);
#13852 = DIRECTION('',(-1.,-2.22044604925E-16,0.));
#13853 = ORIENTED_EDGE('',*,*,#13854,.F.);
#13854 = EDGE_CURVE('',#13792,#13847,#13855,.T.);
#13855 = LINE('',#13856,#13857);
#13856 = CARTESIAN_POINT('',(27.25,-21.52,29.6));
#13857 = VECTOR('',#13858,1.);
#13858 = DIRECTION('',(-2.22044604925E-16,1.,0.));
#13859 = FACE_BOUND('',#13860,.T.);
#13860 = EDGE_LOOP('',(#13861,#13871,#13879,#13887));
#13861 = ORIENTED_EDGE('',*,*,#13862,.F.);
#13862 = EDGE_CURVE('',#13863,#13865,#13867,.T.);
#13863 = VERTEX_POINT('',#13864);
#13864 = CARTESIAN_POINT('',(31.15,-20.72,29.6));
#13865 = VERTEX_POINT('',#13866);
#13866 = CARTESIAN_POINT('',(31.15,-15.28,29.6));
#13867 = LINE('',#13868,#13869);
#13868 = CARTESIAN_POINT('',(31.15,-20.72,29.6));
#13869 = VECTOR('',#13870,1.);
#13870 = DIRECTION('',(-2.22044604925E-16,1.,0.));
#13871 = ORIENTED_EDGE('',*,*,#13872,.T.);
#13872 = EDGE_CURVE('',#13863,#13873,#13875,.T.);
#13873 = VERTEX_POINT('',#13874);
#13874 = CARTESIAN_POINT('',(27.85,-20.72,29.6));
#13875 = LINE('',#13876,#13877);
#13876 = CARTESIAN_POINT('',(31.15,-20.72,29.6));
#13877 = VECTOR('',#13878,1.);
#13878 = DIRECTION('',(-1.,-2.22044604925E-16,0.));
#13879 = ORIENTED_EDGE('',*,*,#13880,.T.);
#13880 = EDGE_CURVE('',#13873,#13881,#13883,.T.);
#13881 = VERTEX_POINT('',#13882);
#13882 = CARTESIAN_POINT('',(27.85,-15.28,29.6));
#13883 = LINE('',#13884,#13885);
#13884 = CARTESIAN_POINT('',(27.85,-20.72,29.6));
#13885 = VECTOR('',#13886,1.);
#13886 = DIRECTION('',(-2.22044604925E-16,1.,0.));
#13887 = ORIENTED_EDGE('',*,*,#13888,.F.);
#13888 = EDGE_CURVE('',#13865,#13881,#13889,.T.);
#13889 = LINE('',#13890,#13891);
#13890 = CARTESIAN_POINT('',(31.15,-15.28,29.6));
#13891 = VECTOR('',#13892,1.);
#13892 = DIRECTION('',(-1.,-2.22044604925E-16,0.));
#13893 = PLANE('',#13894);
#13894 = AXIS2_PLACEMENT_3D('',#13895,#13896,#13897);
#13895 = CARTESIAN_POINT('',(31.75,-21.52,29.6));
#13896 = DIRECTION('',(0.,0.,1.));
#13897 = DIRECTION('',(-2.22044604925E-16,1.,0.));
#13898 = ADVANCED_FACE('',(#13899),#13917,.T.);
#13899 = FACE_BOUND('',#13900,.T.);
#13900 = EDGE_LOOP('',(#13901,#13909,#13910,#13911));
#13901 = ORIENTED_EDGE('',*,*,#13902,.F.);
#13902 = EDGE_CURVE('',#13784,#13903,#13905,.T.);
#13903 = VERTEX_POINT('',#13904);
#13904 = CARTESIAN_POINT('',(27.25,-14.48,24.1));
#13905 = LINE('',#13906,#13907);
#13906 = CARTESIAN_POINT('',(27.25,-21.52,24.1));
#13907 = VECTOR('',#13908,1.);
#13908 = DIRECTION('',(-2.22044604925E-16,1.,0.));
#13909 = ORIENTED_EDGE('',*,*,#13791,.T.);
#13910 = ORIENTED_EDGE('',*,*,#13854,.T.);
#13911 = ORIENTED_EDGE('',*,*,#13912,.F.);
#13912 = EDGE_CURVE('',#13903,#13847,#13913,.T.);
#13913 = LINE('',#13914,#13915);
#13914 = CARTESIAN_POINT('',(27.25,-14.48,24.1));
#13915 = VECTOR('',#13916,1.);
#13916 = DIRECTION('',(0.,0.,1.));
#13917 = PLANE('',#13918);
#13918 = AXIS2_PLACEMENT_3D('',#13919,#13920,#13921);
#13919 = CARTESIAN_POINT('',(27.25,-21.52,24.1));
#13920 = DIRECTION('',(-1.,-2.22044604925E-16,0.));
#13921 = DIRECTION('',(0.,0.,1.));
#13922 = ADVANCED_FACE('',(#13923),#13934,.F.);
#13923 = FACE_BOUND('',#13924,.F.);
#13924 = EDGE_LOOP('',(#13925,#13926,#13927,#13933));
#13925 = ORIENTED_EDGE('',*,*,#13783,.F.);
#13926 = ORIENTED_EDGE('',*,*,#13813,.T.);
#13927 = ORIENTED_EDGE('',*,*,#13928,.T.);
#13928 = EDGE_CURVE('',#13814,#13903,#13929,.T.);
#13929 = LINE('',#13930,#13931);
#13930 = CARTESIAN_POINT('',(31.75,-14.48,24.1));
#13931 = VECTOR('',#13932,1.);
#13932 = DIRECTION('',(-1.,-2.22044604925E-16,0.));
#13933 = ORIENTED_EDGE('',*,*,#13902,.F.);
#13934 = PLANE('',#13935);
#13935 = AXIS2_PLACEMENT_3D('',#13936,#13937,#13938);
#13936 = CARTESIAN_POINT('',(31.75,-21.52,24.1));
#13937 = DIRECTION('',(0.,0.,1.));
#13938 = DIRECTION('',(-2.22044604925E-16,1.,0.));
#13939 = ADVANCED_FACE('',(#13940),#13946,.T.);
#13940 = FACE_BOUND('',#13941,.T.);
#13941 = EDGE_LOOP('',(#13942,#13943,#13944,#13945));
#13942 = ORIENTED_EDGE('',*,*,#13830,.F.);
#13943 = ORIENTED_EDGE('',*,*,#13928,.T.);
#13944 = ORIENTED_EDGE('',*,*,#13912,.T.);
#13945 = ORIENTED_EDGE('',*,*,#13846,.F.);
#13946 = PLANE('',#13947);
#13947 = AXIS2_PLACEMENT_3D('',#13948,#13949,#13950);
#13948 = CARTESIAN_POINT('',(31.75,-14.48,24.1));
#13949 = DIRECTION('',(-2.22044604925E-16,1.,0.));
#13950 = DIRECTION('',(0.,0.,1.));
#13951 = ADVANCED_FACE('',(#13952),#13977,.T.);
#13952 = FACE_BOUND('',#13953,.T.);
#13953 = EDGE_LOOP('',(#13954,#13964,#13970,#13971));
#13954 = ORIENTED_EDGE('',*,*,#13955,.F.);
#13955 = EDGE_CURVE('',#13956,#13958,#13960,.T.);
#13956 = VERTEX_POINT('',#13957);
#13957 = CARTESIAN_POINT('',(31.15,-20.72,25.1));
#13958 = VERTEX_POINT('',#13959);
#13959 = CARTESIAN_POINT('',(31.15,-15.28,25.1));
#13960 = LINE('',#13961,#13962);
#13961 = CARTESIAN_POINT('',(31.15,-20.72,25.1));
#13962 = VECTOR('',#13963,1.);
#13963 = DIRECTION('',(-2.22044604925E-16,1.,0.));
#13964 = ORIENTED_EDGE('',*,*,#13965,.T.);
#13965 = EDGE_CURVE('',#13956,#13863,#13966,.T.);
#13966 = LINE('',#13967,#13968);
#13967 = CARTESIAN_POINT('',(31.15,-20.72,25.1));
#13968 = VECTOR('',#13969,1.);
#13969 = DIRECTION('',(0.,0.,1.));
#13970 = ORIENTED_EDGE('',*,*,#13862,.T.);
#13971 = ORIENTED_EDGE('',*,*,#13972,.F.);
#13972 = EDGE_CURVE('',#13958,#13865,#13973,.T.);
#13973 = LINE('',#13974,#13975);
#13974 = CARTESIAN_POINT('',(31.15,-15.28,25.1));
#13975 = VECTOR('',#13976,1.);
#13976 = DIRECTION('',(0.,0.,1.));
#13977 = PLANE('',#13978);
#13978 = AXIS2_PLACEMENT_3D('',#13979,#13980,#13981);
#13979 = CARTESIAN_POINT('',(31.15,-20.72,25.1));
#13980 = DIRECTION('',(-1.,-2.22044604925E-16,0.));
#13981 = DIRECTION('',(0.,0.,1.));
#13982 = ADVANCED_FACE('',(#13983),#14001,.F.);
#13983 = FACE_BOUND('',#13984,.F.);
#13984 = EDGE_LOOP('',(#13985,#13986,#13994,#14000));
#13985 = ORIENTED_EDGE('',*,*,#13972,.F.);
#13986 = ORIENTED_EDGE('',*,*,#13987,.T.);
#13987 = EDGE_CURVE('',#13958,#13988,#13990,.T.);
#13988 = VERTEX_POINT('',#13989);
#13989 = CARTESIAN_POINT('',(27.85,-15.28,25.1));
#13990 = LINE('',#13991,#13992);
#13991 = CARTESIAN_POINT('',(31.15,-15.28,25.1));
#13992 = VECTOR('',#13993,1.);
#13993 = DIRECTION('',(-1.,-2.22044604925E-16,0.));
#13994 = ORIENTED_EDGE('',*,*,#13995,.T.);
#13995 = EDGE_CURVE('',#13988,#13881,#13996,.T.);
#13996 = LINE('',#13997,#13998);
#13997 = CARTESIAN_POINT('',(27.85,-15.28,25.1));
#13998 = VECTOR('',#13999,1.);
#13999 = DIRECTION('',(0.,0.,1.));
#14000 = ORIENTED_EDGE('',*,*,#13888,.F.);
#14001 = PLANE('',#14002);
#14002 = AXIS2_PLACEMENT_3D('',#14003,#14004,#14005);
#14003 = CARTESIAN_POINT('',(31.15,-15.28,25.1));
#14004 = DIRECTION('',(-2.22044604925E-16,1.,0.));
#14005 = DIRECTION('',(0.,0.,1.));
#14006 = ADVANCED_FACE('',(#14007),#14025,.F.);
#14007 = FACE_BOUND('',#14008,.F.);
#14008 = EDGE_LOOP('',(#14009,#14017,#14023,#14024));
#14009 = ORIENTED_EDGE('',*,*,#14010,.F.);
#14010 = EDGE_CURVE('',#14011,#13988,#14013,.T.);
#14011 = VERTEX_POINT('',#14012);
#14012 = CARTESIAN_POINT('',(27.85,-20.72,25.1));
#14013 = LINE('',#14014,#14015);
#14014 = CARTESIAN_POINT('',(27.85,-20.72,25.1));
#14015 = VECTOR('',#14016,1.);
#14016 = DIRECTION('',(-2.22044604925E-16,1.,0.));
#14017 = ORIENTED_EDGE('',*,*,#14018,.T.);
#14018 = EDGE_CURVE('',#14011,#13873,#14019,.T.);
#14019 = LINE('',#14020,#14021);
#14020 = CARTESIAN_POINT('',(27.85,-20.72,25.1));
#14021 = VECTOR('',#14022,1.);
#14022 = DIRECTION('',(0.,0.,1.));
#14023 = ORIENTED_EDGE('',*,*,#13880,.T.);
#14024 = ORIENTED_EDGE('',*,*,#13995,.F.);
#14025 = PLANE('',#14026);
#14026 = AXIS2_PLACEMENT_3D('',#14027,#14028,#14029);
#14027 = CARTESIAN_POINT('',(27.85,-20.72,25.1));
#14028 = DIRECTION('',(-1.,-2.22044604925E-16,0.));
#14029 = DIRECTION('',(0.,0.,1.));
#14030 = ADVANCED_FACE('',(#14031),#14042,.T.);
#14031 = FACE_BOUND('',#14032,.T.);
#14032 = EDGE_LOOP('',(#14033,#14034,#14040,#14041));
#14033 = ORIENTED_EDGE('',*,*,#13965,.F.);
#14034 = ORIENTED_EDGE('',*,*,#14035,.T.);
#14035 = EDGE_CURVE('',#13956,#14011,#14036,.T.);
#14036 = LINE('',#14037,#14038);
#14037 = CARTESIAN_POINT('',(31.15,-20.72,25.1));
#14038 = VECTOR('',#14039,1.);
#14039 = DIRECTION('',(-1.,-2.22044604925E-16,0.));
#14040 = ORIENTED_EDGE('',*,*,#14018,.T.);
#14041 = ORIENTED_EDGE('',*,*,#13872,.F.);
#14042 = PLANE('',#14043);
#14043 = AXIS2_PLACEMENT_3D('',#14044,#14045,#14046);
#14044 = CARTESIAN_POINT('',(31.15,-20.72,25.1));
#14045 = DIRECTION('',(-2.22044604925E-16,1.,0.));
#14046 = DIRECTION('',(0.,0.,1.));
#14047 = ADVANCED_FACE('',(#14048),#14054,.T.);
#14048 = FACE_BOUND('',#14049,.T.);
#14049 = EDGE_LOOP('',(#14050,#14051,#14052,#14053));
#14050 = ORIENTED_EDGE('',*,*,#14035,.F.);
#14051 = ORIENTED_EDGE('',*,*,#13955,.T.);
#14052 = ORIENTED_EDGE('',*,*,#13987,.T.);
#14053 = ORIENTED_EDGE('',*,*,#14010,.F.);
#14054 = PLANE('',#14055);
#14055 = AXIS2_PLACEMENT_3D('',#14056,#14057,#14058);
#14056 = CARTESIAN_POINT('',(31.15,-20.72,25.1));
#14057 = DIRECTION('',(0.,0.,1.));
#14058 = DIRECTION('',(-2.22044604925E-16,1.,0.));
#14059 = MANIFOLD_SOLID_BREP('',#14060);
#14060 = CLOSED_SHELL('',(#14061,#14094,#14114,#14134,#14159,#14184,
    #14204,#14213,#14238,#14258,#14283));
#14061 = ADVANCED_FACE('',(#14062),#14089,.T.);
#14062 = FACE_BOUND('',#14063,.T.);
#14063 = EDGE_LOOP('',(#14064,#14073,#14081,#14088));
#14064 = ORIENTED_EDGE('',*,*,#14065,.F.);
#14065 = EDGE_CURVE('',#14066,#14066,#14068,.T.);
#14066 = VERTEX_POINT('',#14067);
#14067 = CARTESIAN_POINT('',(-59.,-16.,19.25));
#14068 = CIRCLE('',#14069,9.75);
#14069 = AXIS2_PLACEMENT_3D('',#14070,#14071,#14072);
#14070 = CARTESIAN_POINT('',(-59.,-16.,29.));
#14071 = DIRECTION('',(-1.,0.,0.));
#14072 = DIRECTION('',(0.,0.,-1.));
#14073 = ORIENTED_EDGE('',*,*,#14074,.F.);
#14074 = EDGE_CURVE('',#14075,#14066,#14077,.T.);
#14075 = VERTEX_POINT('',#14076);
#14076 = CARTESIAN_POINT('',(-55.5,-16.,19.25));
#14077 = LINE('',#14078,#14079);
#14078 = CARTESIAN_POINT('',(-55.5,-16.,19.25));
#14079 = VECTOR('',#14080,1.);
#14080 = DIRECTION('',(-1.,0.,0.));
#14081 = ORIENTED_EDGE('',*,*,#14082,.T.);
#14082 = EDGE_CURVE('',#14075,#14075,#14083,.T.);
#14083 = CIRCLE('',#14084,9.75);
#14084 = AXIS2_PLACEMENT_3D('',#14085,#14086,#14087);
#14085 = CARTESIAN_POINT('',(-55.5,-16.,29.));
#14086 = DIRECTION('',(-1.,0.,0.));
#14087 = DIRECTION('',(0.,0.,-1.));
#14088 = ORIENTED_EDGE('',*,*,#14074,.T.);
#14089 = CYLINDRICAL_SURFACE('',#14090,9.75);
#14090 = AXIS2_PLACEMENT_3D('',#14091,#14092,#14093);
#14091 = CARTESIAN_POINT('',(-55.5,-16.,29.));
#14092 = DIRECTION('',(-1.,0.,0.));
#14093 = DIRECTION('',(0.,0.,-1.));
#14094 = ADVANCED_FACE('',(#14095,#14098),#14109,.T.);
#14095 = FACE_BOUND('',#14096,.T.);
#14096 = EDGE_LOOP('',(#14097));
#14097 = ORIENTED_EDGE('',*,*,#14065,.T.);
#14098 = FACE_BOUND('',#14099,.T.);
#14099 = EDGE_LOOP('',(#14100));
#14100 = ORIENTED_EDGE('',*,*,#14101,.F.);
#14101 = EDGE_CURVE('',#14102,#14102,#14104,.T.);
#14102 = VERTEX_POINT('',#14103);
#14103 = CARTESIAN_POINT('',(-59.,-16.,21.1));
#14104 = CIRCLE('',#14105,7.9);
#14105 = AXIS2_PLACEMENT_3D('',#14106,#14107,#14108);
#14106 = CARTESIAN_POINT('',(-59.,-16.,29.));
#14107 = DIRECTION('',(-1.,0.,0.));
#14108 = DIRECTION('',(0.,0.,-1.));
#14109 = PLANE('',#14110);
#14110 = AXIS2_PLACEMENT_3D('',#14111,#14112,#14113);
#14111 = CARTESIAN_POINT('',(-59.,-16.,29.));
#14112 = DIRECTION('',(-1.,0.,0.));
#14113 = DIRECTION('',(0.,0.,-1.));
#14114 = ADVANCED_FACE('',(#14115,#14118),#14129,.F.);
#14115 = FACE_BOUND('',#14116,.F.);
#14116 = EDGE_LOOP('',(#14117));
#14117 = ORIENTED_EDGE('',*,*,#14082,.T.);
#14118 = FACE_BOUND('',#14119,.F.);
#14119 = EDGE_LOOP('',(#14120));
#14120 = ORIENTED_EDGE('',*,*,#14121,.T.);
#14121 = EDGE_CURVE('',#14122,#14122,#14124,.T.);
#14122 = VERTEX_POINT('',#14123);
#14123 = CARTESIAN_POINT('',(-55.5,-16.,34.5));
#14124 = CIRCLE('',#14125,5.5);
#14125 = AXIS2_PLACEMENT_3D('',#14126,#14127,#14128);
#14126 = CARTESIAN_POINT('',(-55.5,-16.,29.));
#14127 = DIRECTION('',(1.,0.,-0.));
#14128 = DIRECTION('',(0.,0.,1.));
#14129 = PLANE('',#14130);
#14130 = AXIS2_PLACEMENT_3D('',#14131,#14132,#14133);
#14131 = CARTESIAN_POINT('',(-55.5,-16.,29.));
#14132 = DIRECTION('',(-1.,0.,0.));
#14133 = DIRECTION('',(0.,0.,-1.));
#14134 = ADVANCED_FACE('',(#14135),#14154,.T.);
#14135 = FACE_BOUND('',#14136,.T.);
#14136 = EDGE_LOOP('',(#14137,#14146,#14152,#14153));
#14137 = ORIENTED_EDGE('',*,*,#14138,.F.);
#14138 = EDGE_CURVE('',#14139,#14139,#14141,.T.);
#14139 = VERTEX_POINT('',#14140);
#14140 = CARTESIAN_POINT('',(-60.,-16.,21.1));
#14141 = CIRCLE('',#14142,7.9);
#14142 = AXIS2_PLACEMENT_3D('',#14143,#14144,#14145);
#14143 = CARTESIAN_POINT('',(-60.,-16.,29.));
#14144 = DIRECTION('',(-1.,0.,0.));
#14145 = DIRECTION('',(0.,0.,-1.));
#14146 = ORIENTED_EDGE('',*,*,#14147,.F.);
#14147 = EDGE_CURVE('',#14102,#14139,#14148,.T.);
#14148 = LINE('',#14149,#14150);
#14149 = CARTESIAN_POINT('',(-59.,-16.,21.1));
#14150 = VECTOR('',#14151,1.);
#14151 = DIRECTION('',(-1.,0.,0.));
#14152 = ORIENTED_EDGE('',*,*,#14101,.T.);
#14153 = ORIENTED_EDGE('',*,*,#14147,.T.);
#14154 = CYLINDRICAL_SURFACE('',#14155,7.9);
#14155 = AXIS2_PLACEMENT_3D('',#14156,#14157,#14158);
#14156 = CARTESIAN_POINT('',(-59.,-16.,29.));
#14157 = DIRECTION('',(-1.,0.,0.));
#14158 = DIRECTION('',(0.,0.,-1.));
#14159 = ADVANCED_FACE('',(#14160),#14179,.T.);
#14160 = FACE_BOUND('',#14161,.T.);
#14161 = EDGE_LOOP('',(#14162,#14171,#14177,#14178));
#14162 = ORIENTED_EDGE('',*,*,#14163,.F.);
#14163 = EDGE_CURVE('',#14164,#14164,#14166,.T.);
#14164 = VERTEX_POINT('',#14165);
#14165 = CARTESIAN_POINT('',(-49.5,-16.,34.5));
#14166 = CIRCLE('',#14167,5.5);
#14167 = AXIS2_PLACEMENT_3D('',#14168,#14169,#14170);
#14168 = CARTESIAN_POINT('',(-49.5,-16.,29.));
#14169 = DIRECTION('',(1.,0.,-0.));
#14170 = DIRECTION('',(0.,0.,1.));
#14171 = ORIENTED_EDGE('',*,*,#14172,.F.);
#14172 = EDGE_CURVE('',#14122,#14164,#14173,.T.);
#14173 = LINE('',#14174,#14175);
#14174 = CARTESIAN_POINT('',(-55.5,-16.,34.5));
#14175 = VECTOR('',#14176,1.);
#14176 = DIRECTION('',(1.,0.,0.));
#14177 = ORIENTED_EDGE('',*,*,#14121,.T.);
#14178 = ORIENTED_EDGE('',*,*,#14172,.T.);
#14179 = CYLINDRICAL_SURFACE('',#14180,5.5);
#14180 = AXIS2_PLACEMENT_3D('',#14181,#14182,#14183);
#14181 = CARTESIAN_POINT('',(-55.5,-16.,29.));
#14182 = DIRECTION('',(1.,0.,0.));
#14183 = DIRECTION('',(0.,0.,1.));
#14184 = ADVANCED_FACE('',(#14185,#14196),#14199,.F.);
#14185 = FACE_BOUND('',#14186,.F.);
#14186 = EDGE_LOOP('',(#14187));
#14187 = ORIENTED_EDGE('',*,*,#14188,.T.);
#14188 = EDGE_CURVE('',#14189,#14189,#14191,.T.);
#14189 = VERTEX_POINT('',#14190);
#14190 = CARTESIAN_POINT('',(-60.,-16.,19.2));
#14191 = CIRCLE('',#14192,9.8);
#14192 = AXIS2_PLACEMENT_3D('',#14193,#14194,#14195);
#14193 = CARTESIAN_POINT('',(-60.,-16.,29.));
#14194 = DIRECTION('',(-1.,0.,0.));
#14195 = DIRECTION('',(0.,0.,-1.));
#14196 = FACE_BOUND('',#14197,.F.);
#14197 = EDGE_LOOP('',(#14198));
#14198 = ORIENTED_EDGE('',*,*,#14138,.F.);
#14199 = PLANE('',#14200);
#14200 = AXIS2_PLACEMENT_3D('',#14201,#14202,#14203);
#14201 = CARTESIAN_POINT('',(-60.,-16.,29.));
#14202 = DIRECTION('',(-1.,0.,0.));
#14203 = DIRECTION('',(0.,0.,-1.));
#14204 = ADVANCED_FACE('',(#14205),#14208,.T.);
#14205 = FACE_BOUND('',#14206,.T.);
#14206 = EDGE_LOOP('',(#14207));
#14207 = ORIENTED_EDGE('',*,*,#14163,.T.);
#14208 = PLANE('',#14209);
#14209 = AXIS2_PLACEMENT_3D('',#14210,#14211,#14212);
#14210 = CARTESIAN_POINT('',(-49.5,-16.,29.));
#14211 = DIRECTION('',(1.,0.,0.));
#14212 = DIRECTION('',(0.,0.,1.));
#14213 = ADVANCED_FACE('',(#14214),#14233,.T.);
#14214 = FACE_BOUND('',#14215,.T.);
#14215 = EDGE_LOOP('',(#14216,#14225,#14231,#14232));
#14216 = ORIENTED_EDGE('',*,*,#14217,.F.);
#14217 = EDGE_CURVE('',#14218,#14218,#14220,.T.);
#14218 = VERTEX_POINT('',#14219);
#14219 = CARTESIAN_POINT('',(-63.,-16.,19.2));
#14220 = CIRCLE('',#14221,9.8);
#14221 = AXIS2_PLACEMENT_3D('',#14222,#14223,#14224);
#14222 = CARTESIAN_POINT('',(-63.,-16.,29.));
#14223 = DIRECTION('',(-1.,0.,0.));
#14224 = DIRECTION('',(0.,0.,-1.));
#14225 = ORIENTED_EDGE('',*,*,#14226,.F.);
#14226 = EDGE_CURVE('',#14189,#14218,#14227,.T.);
#14227 = LINE('',#14228,#14229);
#14228 = CARTESIAN_POINT('',(-60.,-16.,19.2));
#14229 = VECTOR('',#14230,1.);
#14230 = DIRECTION('',(-1.,0.,0.));
#14231 = ORIENTED_EDGE('',*,*,#14188,.T.);
#14232 = ORIENTED_EDGE('',*,*,#14226,.T.);
#14233 = CYLINDRICAL_SURFACE('',#14234,9.8);
#14234 = AXIS2_PLACEMENT_3D('',#14235,#14236,#14237);
#14235 = CARTESIAN_POINT('',(-60.,-16.,29.));
#14236 = DIRECTION('',(-1.,0.,0.));
#14237 = DIRECTION('',(0.,0.,-1.));
#14238 = ADVANCED_FACE('',(#14239,#14242),#14253,.T.);
#14239 = FACE_BOUND('',#14240,.T.);
#14240 = EDGE_LOOP('',(#14241));
#14241 = ORIENTED_EDGE('',*,*,#14217,.T.);
#14242 = FACE_BOUND('',#14243,.T.);
#14243 = EDGE_LOOP('',(#14244));
#14244 = ORIENTED_EDGE('',*,*,#14245,.F.);
#14245 = EDGE_CURVE('',#14246,#14246,#14248,.T.);
#14246 = VERTEX_POINT('',#14247);
#14247 = CARTESIAN_POINT('',(-63.,-16.,21.1));
#14248 = CIRCLE('',#14249,7.9);
#14249 = AXIS2_PLACEMENT_3D('',#14250,#14251,#14252);
#14250 = CARTESIAN_POINT('',(-63.,-16.,29.));
#14251 = DIRECTION('',(-1.,0.,0.));
#14252 = DIRECTION('',(0.,0.,-1.));
#14253 = PLANE('',#14254);
#14254 = AXIS2_PLACEMENT_3D('',#14255,#14256,#14257);
#14255 = CARTESIAN_POINT('',(-63.,-16.,29.));
#14256 = DIRECTION('',(-1.,0.,0.));
#14257 = DIRECTION('',(0.,0.,-1.));
#14258 = ADVANCED_FACE('',(#14259),#14278,.T.);
#14259 = FACE_BOUND('',#14260,.T.);
#14260 = EDGE_LOOP('',(#14261,#14269,#14276,#14277));
#14261 = ORIENTED_EDGE('',*,*,#14262,.T.);
#14262 = EDGE_CURVE('',#14246,#14263,#14265,.T.);
#14263 = VERTEX_POINT('',#14264);
#14264 = CARTESIAN_POINT('',(-67.,-16.,21.1));
#14265 = LINE('',#14266,#14267);
#14266 = CARTESIAN_POINT('',(-59.,-16.,21.1));
#14267 = VECTOR('',#14268,1.);
#14268 = DIRECTION('',(-1.,0.,0.));
#14269 = ORIENTED_EDGE('',*,*,#14270,.F.);
#14270 = EDGE_CURVE('',#14263,#14263,#14271,.T.);
#14271 = CIRCLE('',#14272,7.9);
#14272 = AXIS2_PLACEMENT_3D('',#14273,#14274,#14275);
#14273 = CARTESIAN_POINT('',(-67.,-16.,29.));
#14274 = DIRECTION('',(-1.,0.,0.));
#14275 = DIRECTION('',(0.,0.,-1.));
#14276 = ORIENTED_EDGE('',*,*,#14262,.F.);
#14277 = ORIENTED_EDGE('',*,*,#14245,.T.);
#14278 = CYLINDRICAL_SURFACE('',#14279,7.9);
#14279 = AXIS2_PLACEMENT_3D('',#14280,#14281,#14282);
#14280 = CARTESIAN_POINT('',(-59.,-16.,29.));
#14281 = DIRECTION('',(-1.,0.,0.));
#14282 = DIRECTION('',(0.,0.,-1.));
#14283 = ADVANCED_FACE('',(#14284),#14287,.T.);
#14284 = FACE_BOUND('',#14285,.T.);
#14285 = EDGE_LOOP('',(#14286));
#14286 = ORIENTED_EDGE('',*,*,#14270,.T.);
#14287 = PLANE('',#14288);
#14288 = AXIS2_PLACEMENT_3D('',#14289,#14290,#14291);
#14289 = CARTESIAN_POINT('',(-67.,-16.,29.));
#14290 = DIRECTION('',(-1.,0.,0.));
#14291 = DIRECTION('',(0.,0.,-1.));
#14292 = MANIFOLD_SOLID_BREP('',#14293);
#14293 = CLOSED_SHELL('',(#14294,#14327,#14347,#14390,#14415,#14446,
    #14470,#14494,#14511,#14531,#14543,#14568,#14588,#14613));
#14294 = ADVANCED_FACE('',(#14295),#14322,.T.);
#14295 = FACE_BOUND('',#14296,.T.);
#14296 = EDGE_LOOP('',(#14297,#14307,#14314,#14315));
#14297 = ORIENTED_EDGE('',*,*,#14298,.T.);
#14298 = EDGE_CURVE('',#14299,#14301,#14303,.T.);
#14299 = VERTEX_POINT('',#14300);
#14300 = CARTESIAN_POINT('',(-55.7,2.,32.9));
#14301 = VERTEX_POINT('',#14302);
#14302 = CARTESIAN_POINT('',(-53.,2.,32.9));
#14303 = LINE('',#14304,#14305);
#14304 = CARTESIAN_POINT('',(-58.,2.,32.9));
#14305 = VECTOR('',#14306,1.);
#14306 = DIRECTION('',(1.,0.,0.));
#14307 = ORIENTED_EDGE('',*,*,#14308,.F.);
#14308 = EDGE_CURVE('',#14301,#14301,#14309,.T.);
#14309 = CIRCLE('',#14310,2.9);
#14310 = AXIS2_PLACEMENT_3D('',#14311,#14312,#14313);
#14311 = CARTESIAN_POINT('',(-53.,2.,30.));
#14312 = DIRECTION('',(1.,0.,-0.));
#14313 = DIRECTION('',(0.,0.,1.));
#14314 = ORIENTED_EDGE('',*,*,#14298,.F.);
#14315 = ORIENTED_EDGE('',*,*,#14316,.T.);
#14316 = EDGE_CURVE('',#14299,#14299,#14317,.T.);
#14317 = CIRCLE('',#14318,2.9);
#14318 = AXIS2_PLACEMENT_3D('',#14319,#14320,#14321);
#14319 = CARTESIAN_POINT('',(-55.7,2.,30.));
#14320 = DIRECTION('',(1.,0.,-0.));
#14321 = DIRECTION('',(0.,0.,1.));
#14322 = CYLINDRICAL_SURFACE('',#14323,2.9);
#14323 = AXIS2_PLACEMENT_3D('',#14324,#14325,#14326);
#14324 = CARTESIAN_POINT('',(-58.,2.,30.));
#14325 = DIRECTION('',(1.,0.,0.));
#14326 = DIRECTION('',(0.,0.,1.));
#14327 = ADVANCED_FACE('',(#14328,#14339),#14342,.T.);
#14328 = FACE_BOUND('',#14329,.T.);
#14329 = EDGE_LOOP('',(#14330));
#14330 = ORIENTED_EDGE('',*,*,#14331,.T.);
#14331 = EDGE_CURVE('',#14332,#14332,#14334,.T.);
#14332 = VERTEX_POINT('',#14333);
#14333 = CARTESIAN_POINT('',(-55.7,2.,34.2));
#14334 = CIRCLE('',#14335,4.2);
#14335 = AXIS2_PLACEMENT_3D('',#14336,#14337,#14338);
#14336 = CARTESIAN_POINT('',(-55.7,2.,30.));
#14337 = DIRECTION('',(1.,0.,-0.));
#14338 = DIRECTION('',(0.,0.,1.));
#14339 = FACE_BOUND('',#14340,.T.);
#14340 = EDGE_LOOP('',(#14341));
#14341 = ORIENTED_EDGE('',*,*,#14316,.F.);
#14342 = PLANE('',#14343);
#14343 = AXIS2_PLACEMENT_3D('',#14344,#14345,#14346);
#14344 = CARTESIAN_POINT('',(-55.7,2.,30.));
#14345 = DIRECTION('',(1.,0.,0.));
#14346 = DIRECTION('',(0.,0.,1.));
#14347 = ADVANCED_FACE('',(#14348,#14382),#14385,.F.);
#14348 = FACE_BOUND('',#14349,.F.);
#14349 = EDGE_LOOP('',(#14350,#14360,#14368,#14376));
#14350 = ORIENTED_EDGE('',*,*,#14351,.F.);
#14351 = EDGE_CURVE('',#14352,#14354,#14356,.T.);
#14352 = VERTEX_POINT('',#14353);
#14353 = CARTESIAN_POINT('',(-53.,-2.,26.));
#14354 = VERTEX_POINT('',#14355);
#14355 = CARTESIAN_POINT('',(-53.,-2.,34.));
#14356 = LINE('',#14357,#14358);
#14357 = CARTESIAN_POINT('',(-53.,-2.,26.));
#14358 = VECTOR('',#14359,1.);
#14359 = DIRECTION('',(0.,0.,1.));
#14360 = ORIENTED_EDGE('',*,*,#14361,.T.);
#14361 = EDGE_CURVE('',#14352,#14362,#14364,.T.);
#14362 = VERTEX_POINT('',#14363);
#14363 = CARTESIAN_POINT('',(-53.,6.,26.));
#14364 = LINE('',#14365,#14366);
#14365 = CARTESIAN_POINT('',(-53.,-2.,26.));
#14366 = VECTOR('',#14367,1.);
#14367 = DIRECTION('',(0.,1.,0.));
#14368 = ORIENTED_EDGE('',*,*,#14369,.T.);
#14369 = EDGE_CURVE('',#14362,#14370,#14372,.T.);
#14370 = VERTEX_POINT('',#14371);
#14371 = CARTESIAN_POINT('',(-53.,6.,34.));
#14372 = LINE('',#14373,#14374);
#14373 = CARTESIAN_POINT('',(-53.,6.,26.));
#14374 = VECTOR('',#14375,1.);
#14375 = DIRECTION('',(0.,0.,1.));
#14376 = ORIENTED_EDGE('',*,*,#14377,.F.);
#14377 = EDGE_CURVE('',#14354,#14370,#14378,.T.);
#14378 = LINE('',#14379,#14380);
#14379 = CARTESIAN_POINT('',(-53.,-2.,34.));
#14380 = VECTOR('',#14381,1.);
#14381 = DIRECTION('',(0.,1.,0.));
#14382 = FACE_BOUND('',#14383,.F.);
#14383 = EDGE_LOOP('',(#14384));
#14384 = ORIENTED_EDGE('',*,*,#14308,.F.);
#14385 = PLANE('',#14386);
#14386 = AXIS2_PLACEMENT_3D('',#14387,#14388,#14389);
#14387 = CARTESIAN_POINT('',(-53.,-2.,26.));
#14388 = DIRECTION('',(1.,0.,0.));
#14389 = DIRECTION('',(0.,0.,1.));
#14390 = ADVANCED_FACE('',(#14391),#14410,.T.);
#14391 = FACE_BOUND('',#14392,.T.);
#14392 = EDGE_LOOP('',(#14393,#14394,#14402,#14409));
#14393 = ORIENTED_EDGE('',*,*,#14331,.F.);
#14394 = ORIENTED_EDGE('',*,*,#14395,.F.);
#14395 = EDGE_CURVE('',#14396,#14332,#14398,.T.);
#14396 = VERTEX_POINT('',#14397);
#14397 = CARTESIAN_POINT('',(-57.5,2.,34.2));
#14398 = LINE('',#14399,#14400);
#14399 = CARTESIAN_POINT('',(-57.5,2.,34.2));
#14400 = VECTOR('',#14401,1.);
#14401 = DIRECTION('',(1.,0.,0.));
#14402 = ORIENTED_EDGE('',*,*,#14403,.T.);
#14403 = EDGE_CURVE('',#14396,#14396,#14404,.T.);
#14404 = CIRCLE('',#14405,4.2);
#14405 = AXIS2_PLACEMENT_3D('',#14406,#14407,#14408);
#14406 = CARTESIAN_POINT('',(-57.5,2.,30.));
#14407 = DIRECTION('',(1.,0.,-0.));
#14408 = DIRECTION('',(0.,0.,1.));
#14409 = ORIENTED_EDGE('',*,*,#14395,.T.);
#14410 = CYLINDRICAL_SURFACE('',#14411,4.2);
#14411 = AXIS2_PLACEMENT_3D('',#14412,#14413,#14414);
#14412 = CARTESIAN_POINT('',(-57.5,2.,30.));
#14413 = DIRECTION('',(1.,0.,0.));
#14414 = DIRECTION('',(0.,0.,1.));
#14415 = ADVANCED_FACE('',(#14416),#14441,.F.);
#14416 = FACE_BOUND('',#14417,.F.);
#14417 = EDGE_LOOP('',(#14418,#14426,#14427,#14435));
#14418 = ORIENTED_EDGE('',*,*,#14419,.F.);
#14419 = EDGE_CURVE('',#14352,#14420,#14422,.T.);
#14420 = VERTEX_POINT('',#14421);
#14421 = CARTESIAN_POINT('',(-43.,-2.,26.));
#14422 = LINE('',#14423,#14424);
#14423 = CARTESIAN_POINT('',(-53.,-2.,26.));
#14424 = VECTOR('',#14425,1.);
#14425 = DIRECTION('',(1.,0.,0.));
#14426 = ORIENTED_EDGE('',*,*,#14351,.T.);
#14427 = ORIENTED_EDGE('',*,*,#14428,.T.);
#14428 = EDGE_CURVE('',#14354,#14429,#14431,.T.);
#14429 = VERTEX_POINT('',#14430);
#14430 = CARTESIAN_POINT('',(-43.,-2.,34.));
#14431 = LINE('',#14432,#14433);
#14432 = CARTESIAN_POINT('',(-53.,-2.,34.));
#14433 = VECTOR('',#14434,1.);
#14434 = DIRECTION('',(1.,0.,0.));
#14435 = ORIENTED_EDGE('',*,*,#14436,.F.);
#14436 = EDGE_CURVE('',#14420,#14429,#14437,.T.);
#14437 = LINE('',#14438,#14439);
#14438 = CARTESIAN_POINT('',(-43.,-2.,26.));
#14439 = VECTOR('',#14440,1.);
#14440 = DIRECTION('',(0.,0.,1.));
#14441 = PLANE('',#14442);
#14442 = AXIS2_PLACEMENT_3D('',#14443,#14444,#14445);
#14443 = CARTESIAN_POINT('',(-53.,-2.,26.));
#14444 = DIRECTION('',(0.,1.,0.));
#14445 = DIRECTION('',(0.,0.,1.));
#14446 = ADVANCED_FACE('',(#14447),#14465,.T.);
#14447 = FACE_BOUND('',#14448,.T.);
#14448 = EDGE_LOOP('',(#14449,#14450,#14451,#14459));
#14449 = ORIENTED_EDGE('',*,*,#14377,.F.);
#14450 = ORIENTED_EDGE('',*,*,#14428,.T.);
#14451 = ORIENTED_EDGE('',*,*,#14452,.T.);
#14452 = EDGE_CURVE('',#14429,#14453,#14455,.T.);
#14453 = VERTEX_POINT('',#14454);
#14454 = CARTESIAN_POINT('',(-43.,6.,34.));
#14455 = LINE('',#14456,#14457);
#14456 = CARTESIAN_POINT('',(-43.,-2.,34.));
#14457 = VECTOR('',#14458,1.);
#14458 = DIRECTION('',(0.,1.,0.));
#14459 = ORIENTED_EDGE('',*,*,#14460,.F.);
#14460 = EDGE_CURVE('',#14370,#14453,#14461,.T.);
#14461 = LINE('',#14462,#14463);
#14462 = CARTESIAN_POINT('',(-53.,6.,34.));
#14463 = VECTOR('',#14464,1.);
#14464 = DIRECTION('',(1.,0.,0.));
#14465 = PLANE('',#14466);
#14466 = AXIS2_PLACEMENT_3D('',#14467,#14468,#14469);
#14467 = CARTESIAN_POINT('',(-53.,-2.,34.));
#14468 = DIRECTION('',(0.,0.,1.));
#14469 = DIRECTION('',(1.,0.,0.));
#14470 = ADVANCED_FACE('',(#14471),#14489,.F.);
#14471 = FACE_BOUND('',#14472,.F.);
#14472 = EDGE_LOOP('',(#14473,#14474,#14475,#14483));
#14473 = ORIENTED_EDGE('',*,*,#14361,.F.);
#14474 = ORIENTED_EDGE('',*,*,#14419,.T.);
#14475 = ORIENTED_EDGE('',*,*,#14476,.T.);
#14476 = EDGE_CURVE('',#14420,#14477,#14479,.T.);
#14477 = VERTEX_POINT('',#14478);
#14478 = CARTESIAN_POINT('',(-43.,6.,26.));
#14479 = LINE('',#14480,#14481);
#14480 = CARTESIAN_POINT('',(-43.,-2.,26.));
#14481 = VECTOR('',#14482,1.);
#14482 = DIRECTION('',(0.,1.,0.));
#14483 = ORIENTED_EDGE('',*,*,#14484,.F.);
#14484 = EDGE_CURVE('',#14362,#14477,#14485,.T.);
#14485 = LINE('',#14486,#14487);
#14486 = CARTESIAN_POINT('',(-53.,6.,26.));
#14487 = VECTOR('',#14488,1.);
#14488 = DIRECTION('',(1.,0.,0.));
#14489 = PLANE('',#14490);
#14490 = AXIS2_PLACEMENT_3D('',#14491,#14492,#14493);
#14491 = CARTESIAN_POINT('',(-53.,-2.,26.));
#14492 = DIRECTION('',(0.,0.,1.));
#14493 = DIRECTION('',(1.,0.,0.));
#14494 = ADVANCED_FACE('',(#14495),#14506,.T.);
#14495 = FACE_BOUND('',#14496,.T.);
#14496 = EDGE_LOOP('',(#14497,#14498,#14499,#14500));
#14497 = ORIENTED_EDGE('',*,*,#14484,.F.);
#14498 = ORIENTED_EDGE('',*,*,#14369,.T.);
#14499 = ORIENTED_EDGE('',*,*,#14460,.T.);
#14500 = ORIENTED_EDGE('',*,*,#14501,.F.);
#14501 = EDGE_CURVE('',#14477,#14453,#14502,.T.);
#14502 = LINE('',#14503,#14504);
#14503 = CARTESIAN_POINT('',(-43.,6.,26.));
#14504 = VECTOR('',#14505,1.);
#14505 = DIRECTION('',(0.,0.,1.));
#14506 = PLANE('',#14507);
#14507 = AXIS2_PLACEMENT_3D('',#14508,#14509,#14510);
#14508 = CARTESIAN_POINT('',(-53.,6.,26.));
#14509 = DIRECTION('',(0.,1.,0.));
#14510 = DIRECTION('',(0.,0.,1.));
#14511 = ADVANCED_FACE('',(#14512,#14515),#14526,.F.);
#14512 = FACE_BOUND('',#14513,.F.);
#14513 = EDGE_LOOP('',(#14514));
#14514 = ORIENTED_EDGE('',*,*,#14403,.T.);
#14515 = FACE_BOUND('',#14516,.F.);
#14516 = EDGE_LOOP('',(#14517));
#14517 = ORIENTED_EDGE('',*,*,#14518,.F.);
#14518 = EDGE_CURVE('',#14519,#14519,#14521,.T.);
#14519 = VERTEX_POINT('',#14520);
#14520 = CARTESIAN_POINT('',(-57.5,2.,32.9));
#14521 = CIRCLE('',#14522,2.9);
#14522 = AXIS2_PLACEMENT_3D('',#14523,#14524,#14525);
#14523 = CARTESIAN_POINT('',(-57.5,2.,30.));
#14524 = DIRECTION('',(1.,0.,-0.));
#14525 = DIRECTION('',(0.,0.,1.));
#14526 = PLANE('',#14527);
#14527 = AXIS2_PLACEMENT_3D('',#14528,#14529,#14530);
#14528 = CARTESIAN_POINT('',(-57.5,2.,30.));
#14529 = DIRECTION('',(1.,0.,0.));
#14530 = DIRECTION('',(0.,0.,1.));
#14531 = ADVANCED_FACE('',(#14532),#14538,.T.);
#14532 = FACE_BOUND('',#14533,.T.);
#14533 = EDGE_LOOP('',(#14534,#14535,#14536,#14537));
#14534 = ORIENTED_EDGE('',*,*,#14436,.F.);
#14535 = ORIENTED_EDGE('',*,*,#14476,.T.);
#14536 = ORIENTED_EDGE('',*,*,#14501,.T.);
#14537 = ORIENTED_EDGE('',*,*,#14452,.F.);
#14538 = PLANE('',#14539);
#14539 = AXIS2_PLACEMENT_3D('',#14540,#14541,#14542);
#14540 = CARTESIAN_POINT('',(-43.,-2.,26.));
#14541 = DIRECTION('',(1.,0.,0.));
#14542 = DIRECTION('',(0.,0.,1.));
#14543 = ADVANCED_FACE('',(#14544),#14563,.T.);
#14544 = FACE_BOUND('',#14545,.T.);
#14545 = EDGE_LOOP('',(#14546,#14547,#14555,#14562));
#14546 = ORIENTED_EDGE('',*,*,#14518,.F.);
#14547 = ORIENTED_EDGE('',*,*,#14548,.F.);
#14548 = EDGE_CURVE('',#14549,#14519,#14551,.T.);
#14549 = VERTEX_POINT('',#14550);
#14550 = CARTESIAN_POINT('',(-58.,2.,32.9));
#14551 = LINE('',#14552,#14553);
#14552 = CARTESIAN_POINT('',(-58.,2.,32.9));
#14553 = VECTOR('',#14554,1.);
#14554 = DIRECTION('',(1.,0.,0.));
#14555 = ORIENTED_EDGE('',*,*,#14556,.T.);
#14556 = EDGE_CURVE('',#14549,#14549,#14557,.T.);
#14557 = CIRCLE('',#14558,2.9);
#14558 = AXIS2_PLACEMENT_3D('',#14559,#14560,#14561);
#14559 = CARTESIAN_POINT('',(-58.,2.,30.));
#14560 = DIRECTION('',(1.,0.,-0.));
#14561 = DIRECTION('',(0.,0.,1.));
#14562 = ORIENTED_EDGE('',*,*,#14548,.T.);
#14563 = CYLINDRICAL_SURFACE('',#14564,2.9);
#14564 = AXIS2_PLACEMENT_3D('',#14565,#14566,#14567);
#14565 = CARTESIAN_POINT('',(-58.,2.,30.));
#14566 = DIRECTION('',(1.,0.,0.));
#14567 = DIRECTION('',(0.,0.,1.));
#14568 = ADVANCED_FACE('',(#14569,#14572),#14583,.F.);
#14569 = FACE_BOUND('',#14570,.F.);
#14570 = EDGE_LOOP('',(#14571));
#14571 = ORIENTED_EDGE('',*,*,#14556,.T.);
#14572 = FACE_BOUND('',#14573,.F.);
#14573 = EDGE_LOOP('',(#14574));
#14574 = ORIENTED_EDGE('',*,*,#14575,.F.);
#14575 = EDGE_CURVE('',#14576,#14576,#14578,.T.);
#14576 = VERTEX_POINT('',#14577);
#14577 = CARTESIAN_POINT('',(-58.,2.,31.8));
#14578 = CIRCLE('',#14579,1.8);
#14579 = AXIS2_PLACEMENT_3D('',#14580,#14581,#14582);
#14580 = CARTESIAN_POINT('',(-58.,2.,30.));
#14581 = DIRECTION('',(1.,0.,-0.));
#14582 = DIRECTION('',(0.,0.,1.));
#14583 = PLANE('',#14584);
#14584 = AXIS2_PLACEMENT_3D('',#14585,#14586,#14587);
#14585 = CARTESIAN_POINT('',(-58.,2.,30.));
#14586 = DIRECTION('',(1.,0.,0.));
#14587 = DIRECTION('',(0.,0.,1.));
#14588 = ADVANCED_FACE('',(#14589),#14608,.F.);
#14589 = FACE_BOUND('',#14590,.F.);
#14590 = EDGE_LOOP('',(#14591,#14599,#14606,#14607));
#14591 = ORIENTED_EDGE('',*,*,#14592,.T.);
#14592 = EDGE_CURVE('',#14576,#14593,#14595,.T.);
#14593 = VERTEX_POINT('',#14594);
#14594 = CARTESIAN_POINT('',(-51.5,2.,31.8));
#14595 = LINE('',#14596,#14597);
#14596 = CARTESIAN_POINT('',(-58.5,2.,31.8));
#14597 = VECTOR('',#14598,1.);
#14598 = DIRECTION('',(1.,0.,0.));
#14599 = ORIENTED_EDGE('',*,*,#14600,.F.);
#14600 = EDGE_CURVE('',#14593,#14593,#14601,.T.);
#14601 = CIRCLE('',#14602,1.8);
#14602 = AXIS2_PLACEMENT_3D('',#14603,#14604,#14605);
#14603 = CARTESIAN_POINT('',(-51.5,2.,30.));
#14604 = DIRECTION('',(1.,0.,-0.));
#14605 = DIRECTION('',(0.,0.,1.));
#14606 = ORIENTED_EDGE('',*,*,#14592,.F.);
#14607 = ORIENTED_EDGE('',*,*,#14575,.T.);
#14608 = CYLINDRICAL_SURFACE('',#14609,1.8);
#14609 = AXIS2_PLACEMENT_3D('',#14610,#14611,#14612);
#14610 = CARTESIAN_POINT('',(-58.5,2.,30.));
#14611 = DIRECTION('',(1.,0.,0.));
#14612 = DIRECTION('',(0.,0.,1.));
#14613 = ADVANCED_FACE('',(#14614),#14617,.F.);
#14614 = FACE_BOUND('',#14615,.F.);
#14615 = EDGE_LOOP('',(#14616));
#14616 = ORIENTED_EDGE('',*,*,#14600,.T.);
#14617 = PLANE('',#14618);
#14618 = AXIS2_PLACEMENT_3D('',#14619,#14620,#14621);
#14619 = CARTESIAN_POINT('',(-51.5,2.,30.));
#14620 = DIRECTION('',(1.,0.,0.));
#14621 = DIRECTION('',(0.,0.,1.));
#14622 = MANIFOLD_SOLID_BREP('',#14623);
#14623 = CLOSED_SHELL('',(#14624,#14657,#14677,#14697,#14722,#14747,
    #14767,#14776,#14801,#14821,#14846));
#14624 = ADVANCED_FACE('',(#14625),#14652,.T.);
#14625 = FACE_BOUND('',#14626,.T.);
#14626 = EDGE_LOOP('',(#14627,#14636,#14644,#14651));
#14627 = ORIENTED_EDGE('',*,*,#14628,.F.);
#14628 = EDGE_CURVE('',#14629,#14629,#14631,.T.);
#14629 = VERTEX_POINT('',#14630);
#14630 = CARTESIAN_POINT('',(-58.5,18.,22.5));
#14631 = CIRCLE('',#14632,7.5);
#14632 = AXIS2_PLACEMENT_3D('',#14633,#14634,#14635);
#14633 = CARTESIAN_POINT('',(-58.5,18.,30.));
#14634 = DIRECTION('',(-1.,0.,0.));
#14635 = DIRECTION('',(0.,0.,-1.));
#14636 = ORIENTED_EDGE('',*,*,#14637,.F.);
#14637 = EDGE_CURVE('',#14638,#14629,#14640,.T.);
#14638 = VERTEX_POINT('',#14639);
#14639 = CARTESIAN_POINT('',(-55.5,18.,22.5));
#14640 = LINE('',#14641,#14642);
#14641 = CARTESIAN_POINT('',(-55.5,18.,22.5));
#14642 = VECTOR('',#14643,1.);
#14643 = DIRECTION('',(-1.,0.,0.));
#14644 = ORIENTED_EDGE('',*,*,#14645,.T.);
#14645 = EDGE_CURVE('',#14638,#14638,#14646,.T.);
#14646 = CIRCLE('',#14647,7.5);
#14647 = AXIS2_PLACEMENT_3D('',#14648,#14649,#14650);
#14648 = CARTESIAN_POINT('',(-55.5,18.,30.));
#14649 = DIRECTION('',(-1.,0.,0.));
#14650 = DIRECTION('',(0.,0.,-1.));
#14651 = ORIENTED_EDGE('',*,*,#14637,.T.);
#14652 = CYLINDRICAL_SURFACE('',#14653,7.5);
#14653 = AXIS2_PLACEMENT_3D('',#14654,#14655,#14656);
#14654 = CARTESIAN_POINT('',(-55.5,18.,30.));
#14655 = DIRECTION('',(-1.,0.,0.));
#14656 = DIRECTION('',(0.,0.,-1.));
#14657 = ADVANCED_FACE('',(#14658,#14661),#14672,.T.);
#14658 = FACE_BOUND('',#14659,.T.);
#14659 = EDGE_LOOP('',(#14660));
#14660 = ORIENTED_EDGE('',*,*,#14628,.T.);
#14661 = FACE_BOUND('',#14662,.T.);
#14662 = EDGE_LOOP('',(#14663));
#14663 = ORIENTED_EDGE('',*,*,#14664,.F.);
#14664 = EDGE_CURVE('',#14665,#14665,#14667,.T.);
#14665 = VERTEX_POINT('',#14666);
#14666 = CARTESIAN_POINT('',(-58.5,18.,24.2));
#14667 = CIRCLE('',#14668,5.8);
#14668 = AXIS2_PLACEMENT_3D('',#14669,#14670,#14671);
#14669 = CARTESIAN_POINT('',(-58.5,18.,30.));
#14670 = DIRECTION('',(-1.,0.,0.));
#14671 = DIRECTION('',(0.,0.,-1.));
#14672 = PLANE('',#14673);
#14673 = AXIS2_PLACEMENT_3D('',#14674,#14675,#14676);
#14674 = CARTESIAN_POINT('',(-58.5,18.,30.));
#14675 = DIRECTION('',(-1.,0.,0.));
#14676 = DIRECTION('',(0.,0.,-1.));
#14677 = ADVANCED_FACE('',(#14678,#14681),#14692,.F.);
#14678 = FACE_BOUND('',#14679,.F.);
#14679 = EDGE_LOOP('',(#14680));
#14680 = ORIENTED_EDGE('',*,*,#14645,.T.);
#14681 = FACE_BOUND('',#14682,.F.);
#14682 = EDGE_LOOP('',(#14683));
#14683 = ORIENTED_EDGE('',*,*,#14684,.T.);
#14684 = EDGE_CURVE('',#14685,#14685,#14687,.T.);
#14685 = VERTEX_POINT('',#14686);
#14686 = CARTESIAN_POINT('',(-55.5,18.,34.5));
#14687 = CIRCLE('',#14688,4.5);
#14688 = AXIS2_PLACEMENT_3D('',#14689,#14690,#14691);
#14689 = CARTESIAN_POINT('',(-55.5,18.,30.));
#14690 = DIRECTION('',(1.,0.,-0.));
#14691 = DIRECTION('',(0.,0.,1.));
#14692 = PLANE('',#14693);
#14693 = AXIS2_PLACEMENT_3D('',#14694,#14695,#14696);
#14694 = CARTESIAN_POINT('',(-55.5,18.,30.));
#14695 = DIRECTION('',(-1.,0.,0.));
#14696 = DIRECTION('',(0.,0.,-1.));
#14697 = ADVANCED_FACE('',(#14698),#14717,.T.);
#14698 = FACE_BOUND('',#14699,.T.);
#14699 = EDGE_LOOP('',(#14700,#14709,#14715,#14716));
#14700 = ORIENTED_EDGE('',*,*,#14701,.F.);
#14701 = EDGE_CURVE('',#14702,#14702,#14704,.T.);
#14702 = VERTEX_POINT('',#14703);
#14703 = CARTESIAN_POINT('',(-59.5,18.,24.2));
#14704 = CIRCLE('',#14705,5.8);
#14705 = AXIS2_PLACEMENT_3D('',#14706,#14707,#14708);
#14706 = CARTESIAN_POINT('',(-59.5,18.,30.));
#14707 = DIRECTION('',(-1.,0.,0.));
#14708 = DIRECTION('',(0.,0.,-1.));
#14709 = ORIENTED_EDGE('',*,*,#14710,.F.);
#14710 = EDGE_CURVE('',#14665,#14702,#14711,.T.);
#14711 = LINE('',#14712,#14713);
#14712 = CARTESIAN_POINT('',(-58.5,18.,24.2));
#14713 = VECTOR('',#14714,1.);
#14714 = DIRECTION('',(-1.,0.,0.));
#14715 = ORIENTED_EDGE('',*,*,#14664,.T.);
#14716 = ORIENTED_EDGE('',*,*,#14710,.T.);
#14717 = CYLINDRICAL_SURFACE('',#14718,5.8);
#14718 = AXIS2_PLACEMENT_3D('',#14719,#14720,#14721);
#14719 = CARTESIAN_POINT('',(-58.5,18.,30.));
#14720 = DIRECTION('',(-1.,0.,0.));
#14721 = DIRECTION('',(0.,0.,-1.));
#14722 = ADVANCED_FACE('',(#14723),#14742,.T.);
#14723 = FACE_BOUND('',#14724,.T.);
#14724 = EDGE_LOOP('',(#14725,#14734,#14740,#14741));
#14725 = ORIENTED_EDGE('',*,*,#14726,.F.);
#14726 = EDGE_CURVE('',#14727,#14727,#14729,.T.);
#14727 = VERTEX_POINT('',#14728);
#14728 = CARTESIAN_POINT('',(-50.5,18.,34.5));
#14729 = CIRCLE('',#14730,4.5);
#14730 = AXIS2_PLACEMENT_3D('',#14731,#14732,#14733);
#14731 = CARTESIAN_POINT('',(-50.5,18.,30.));
#14732 = DIRECTION('',(1.,0.,-0.));
#14733 = DIRECTION('',(0.,0.,1.));
#14734 = ORIENTED_EDGE('',*,*,#14735,.F.);
#14735 = EDGE_CURVE('',#14685,#14727,#14736,.T.);
#14736 = LINE('',#14737,#14738);
#14737 = CARTESIAN_POINT('',(-55.5,18.,34.5));
#14738 = VECTOR('',#14739,1.);
#14739 = DIRECTION('',(1.,0.,0.));
#14740 = ORIENTED_EDGE('',*,*,#14684,.T.);
#14741 = ORIENTED_EDGE('',*,*,#14735,.T.);
#14742 = CYLINDRICAL_SURFACE('',#14743,4.5);
#14743 = AXIS2_PLACEMENT_3D('',#14744,#14745,#14746);
#14744 = CARTESIAN_POINT('',(-55.5,18.,30.));
#14745 = DIRECTION('',(1.,0.,0.));
#14746 = DIRECTION('',(0.,0.,1.));
#14747 = ADVANCED_FACE('',(#14748,#14759),#14762,.F.);
#14748 = FACE_BOUND('',#14749,.F.);
#14749 = EDGE_LOOP('',(#14750));
#14750 = ORIENTED_EDGE('',*,*,#14751,.T.);
#14751 = EDGE_CURVE('',#14752,#14752,#14754,.T.);
#14752 = VERTEX_POINT('',#14753);
#14753 = CARTESIAN_POINT('',(-59.5,18.,22.2));
#14754 = CIRCLE('',#14755,7.8);
#14755 = AXIS2_PLACEMENT_3D('',#14756,#14757,#14758);
#14756 = CARTESIAN_POINT('',(-59.5,18.,30.));
#14757 = DIRECTION('',(-1.,0.,0.));
#14758 = DIRECTION('',(0.,0.,-1.));
#14759 = FACE_BOUND('',#14760,.F.);
#14760 = EDGE_LOOP('',(#14761));
#14761 = ORIENTED_EDGE('',*,*,#14701,.F.);
#14762 = PLANE('',#14763);
#14763 = AXIS2_PLACEMENT_3D('',#14764,#14765,#14766);
#14764 = CARTESIAN_POINT('',(-59.5,18.,30.));
#14765 = DIRECTION('',(-1.,0.,0.));
#14766 = DIRECTION('',(0.,0.,-1.));
#14767 = ADVANCED_FACE('',(#14768),#14771,.T.);
#14768 = FACE_BOUND('',#14769,.T.);
#14769 = EDGE_LOOP('',(#14770));
#14770 = ORIENTED_EDGE('',*,*,#14726,.T.);
#14771 = PLANE('',#14772);
#14772 = AXIS2_PLACEMENT_3D('',#14773,#14774,#14775);
#14773 = CARTESIAN_POINT('',(-50.5,18.,30.));
#14774 = DIRECTION('',(1.,0.,0.));
#14775 = DIRECTION('',(0.,0.,1.));
#14776 = ADVANCED_FACE('',(#14777),#14796,.T.);
#14777 = FACE_BOUND('',#14778,.T.);
#14778 = EDGE_LOOP('',(#14779,#14788,#14794,#14795));
#14779 = ORIENTED_EDGE('',*,*,#14780,.F.);
#14780 = EDGE_CURVE('',#14781,#14781,#14783,.T.);
#14781 = VERTEX_POINT('',#14782);
#14782 = CARTESIAN_POINT('',(-62.5,18.,22.2));
#14783 = CIRCLE('',#14784,7.8);
#14784 = AXIS2_PLACEMENT_3D('',#14785,#14786,#14787);
#14785 = CARTESIAN_POINT('',(-62.5,18.,30.));
#14786 = DIRECTION('',(-1.,0.,0.));
#14787 = DIRECTION('',(0.,0.,-1.));
#14788 = ORIENTED_EDGE('',*,*,#14789,.F.);
#14789 = EDGE_CURVE('',#14752,#14781,#14790,.T.);
#14790 = LINE('',#14791,#14792);
#14791 = CARTESIAN_POINT('',(-59.5,18.,22.2));
#14792 = VECTOR('',#14793,1.);
#14793 = DIRECTION('',(-1.,0.,0.));
#14794 = ORIENTED_EDGE('',*,*,#14751,.T.);
#14795 = ORIENTED_EDGE('',*,*,#14789,.T.);
#14796 = CYLINDRICAL_SURFACE('',#14797,7.8);
#14797 = AXIS2_PLACEMENT_3D('',#14798,#14799,#14800);
#14798 = CARTESIAN_POINT('',(-59.5,18.,30.));
#14799 = DIRECTION('',(-1.,0.,0.));
#14800 = DIRECTION('',(0.,0.,-1.));
#14801 = ADVANCED_FACE('',(#14802,#14805),#14816,.T.);
#14802 = FACE_BOUND('',#14803,.T.);
#14803 = EDGE_LOOP('',(#14804));
#14804 = ORIENTED_EDGE('',*,*,#14780,.T.);
#14805 = FACE_BOUND('',#14806,.T.);
#14806 = EDGE_LOOP('',(#14807));
#14807 = ORIENTED_EDGE('',*,*,#14808,.F.);
#14808 = EDGE_CURVE('',#14809,#14809,#14811,.T.);
#14809 = VERTEX_POINT('',#14810);
#14810 = CARTESIAN_POINT('',(-62.5,18.,24.2));
#14811 = CIRCLE('',#14812,5.8);
#14812 = AXIS2_PLACEMENT_3D('',#14813,#14814,#14815);
#14813 = CARTESIAN_POINT('',(-62.5,18.,30.));
#14814 = DIRECTION('',(-1.,0.,0.));
#14815 = DIRECTION('',(0.,0.,-1.));
#14816 = PLANE('',#14817);
#14817 = AXIS2_PLACEMENT_3D('',#14818,#14819,#14820);
#14818 = CARTESIAN_POINT('',(-62.5,18.,30.));
#14819 = DIRECTION('',(-1.,0.,0.));
#14820 = DIRECTION('',(0.,0.,-1.));
#14821 = ADVANCED_FACE('',(#14822),#14841,.T.);
#14822 = FACE_BOUND('',#14823,.T.);
#14823 = EDGE_LOOP('',(#14824,#14832,#14839,#14840));
#14824 = ORIENTED_EDGE('',*,*,#14825,.T.);
#14825 = EDGE_CURVE('',#14809,#14826,#14828,.T.);
#14826 = VERTEX_POINT('',#14827);
#14827 = CARTESIAN_POINT('',(-64.5,18.,24.2));
#14828 = LINE('',#14829,#14830);
#14829 = CARTESIAN_POINT('',(-58.5,18.,24.2));
#14830 = VECTOR('',#14831,1.);
#14831 = DIRECTION('',(-1.,0.,0.));
#14832 = ORIENTED_EDGE('',*,*,#14833,.F.);
#14833 = EDGE_CURVE('',#14826,#14826,#14834,.T.);
#14834 = CIRCLE('',#14835,5.8);
#14835 = AXIS2_PLACEMENT_3D('',#14836,#14837,#14838);
#14836 = CARTESIAN_POINT('',(-64.5,18.,30.));
#14837 = DIRECTION('',(-1.,0.,0.));
#14838 = DIRECTION('',(0.,0.,-1.));
#14839 = ORIENTED_EDGE('',*,*,#14825,.F.);
#14840 = ORIENTED_EDGE('',*,*,#14808,.T.);
#14841 = CYLINDRICAL_SURFACE('',#14842,5.8);
#14842 = AXIS2_PLACEMENT_3D('',#14843,#14844,#14845);
#14843 = CARTESIAN_POINT('',(-58.5,18.,30.));
#14844 = DIRECTION('',(-1.,0.,0.));
#14845 = DIRECTION('',(0.,0.,-1.));
#14846 = ADVANCED_FACE('',(#14847),#14850,.T.);
#14847 = FACE_BOUND('',#14848,.T.);
#14848 = EDGE_LOOP('',(#14849));
#14849 = ORIENTED_EDGE('',*,*,#14833,.T.);
#14850 = PLANE('',#14851);
#14851 = AXIS2_PLACEMENT_3D('',#14852,#14853,#14854);
#14852 = CARTESIAN_POINT('',(-64.5,18.,30.));
#14853 = DIRECTION('',(-1.,0.,0.));
#14854 = DIRECTION('',(0.,0.,-1.));
#14855 = MANIFOLD_SOLID_BREP('',#14856);
#14856 = CLOSED_SHELL('',(#14857,#14890,#14899));
#14857 = ADVANCED_FACE('',(#14858),#14885,.T.);
#14858 = FACE_BOUND('',#14859,.T.);
#14859 = EDGE_LOOP('',(#14860,#14869,#14877,#14884));
#14860 = ORIENTED_EDGE('',*,*,#14861,.F.);
#14861 = EDGE_CURVE('',#14862,#14862,#14864,.T.);
#14862 = VERTEX_POINT('',#14863);
#14863 = CARTESIAN_POINT('',(-35.48367371094,-10.53834461035,
    20.323156529744));
#14864 = CIRCLE('',#14865,0.8);
#14865 = AXIS2_PLACEMENT_3D('',#14866,#14867,#14868);
#14866 = CARTESIAN_POINT('',(-35.89527031529,-10.53834461035,
    19.637162189174));
#14867 = DIRECTION('',(0.821301562353,0.287455546824,-0.492780937412));
#14868 = DIRECTION('',(0.514495755428,0.,0.857492925713));
#14869 = ORIENTED_EDGE('',*,*,#14870,.F.);
#14870 = EDGE_CURVE('',#14871,#14862,#14873,.T.);
#14871 = VERTEX_POINT('',#14872);
#14872 = CARTESIAN_POINT('',(-51.08840339565,-16.,29.68599434057));
#14873 = LINE('',#14874,#14875);
#14874 = CARTESIAN_POINT('',(-51.08840339565,-16.,29.68599434057));
#14875 = VECTOR('',#14876,1.);
#14876 = DIRECTION('',(0.821301562353,0.287455546824,-0.492780937412));
#14877 = ORIENTED_EDGE('',*,*,#14878,.T.);
#14878 = EDGE_CURVE('',#14871,#14871,#14879,.T.);
#14879 = CIRCLE('',#14880,0.8);
#14880 = AXIS2_PLACEMENT_3D('',#14881,#14882,#14883);
#14881 = CARTESIAN_POINT('',(-51.5,-16.,29.));
#14882 = DIRECTION('',(0.821301562353,0.287455546824,-0.492780937412));
#14883 = DIRECTION('',(0.514495755428,0.,0.857492925713));
#14884 = ORIENTED_EDGE('',*,*,#14870,.T.);
#14885 = CYLINDRICAL_SURFACE('',#14886,0.8);
#14886 = AXIS2_PLACEMENT_3D('',#14887,#14888,#14889);
#14887 = CARTESIAN_POINT('',(-51.5,-16.,29.));
#14888 = DIRECTION('',(0.821301562353,0.287455546824,-0.492780937412));
#14889 = DIRECTION('',(0.514495755428,-1.387778780781E-17,0.857492925713
    ));
#14890 = ADVANCED_FACE('',(#14891),#14894,.T.);
#14891 = FACE_BOUND('',#14892,.T.);
#14892 = EDGE_LOOP('',(#14893));
#14893 = ORIENTED_EDGE('',*,*,#14861,.T.);
#14894 = PLANE('',#14895);
#14895 = AXIS2_PLACEMENT_3D('',#14896,#14897,#14898);
#14896 = CARTESIAN_POINT('',(-35.89527031529,-10.53834461035,
    19.637162189174));
#14897 = DIRECTION('',(0.821301562353,0.287455546824,-0.492780937412));
#14898 = DIRECTION('',(0.514495755428,-1.387778780781E-17,0.857492925713
    ));
#14899 = ADVANCED_FACE('',(#14900),#14903,.F.);
#14900 = FACE_BOUND('',#14901,.T.);
#14901 = EDGE_LOOP('',(#14902));
#14902 = ORIENTED_EDGE('',*,*,#14878,.F.);
#14903 = PLANE('',#14904);
#14904 = AXIS2_PLACEMENT_3D('',#14905,#14906,#14907);
#14905 = CARTESIAN_POINT('',(-51.5,-16.,29.));
#14906 = DIRECTION('',(0.821301562353,0.287455546824,-0.492780937412));
#14907 = DIRECTION('',(0.514495755428,-1.387778780781E-17,0.857492925713
    ));
#14908 = MANIFOLD_SOLID_BREP('',#14909);
#14909 = CLOSED_SHELL('',(#14910,#14943,#14952));
#14910 = ADVANCED_FACE('',(#14911),#14938,.T.);
#14911 = FACE_BOUND('',#14912,.T.);
#14912 = EDGE_LOOP('',(#14913,#14922,#14930,#14937));
#14913 = ORIENTED_EDGE('',*,*,#14914,.F.);
#14914 = EDGE_CURVE('',#14915,#14915,#14917,.T.);
#14915 = VERTEX_POINT('',#14916);
#14916 = CARTESIAN_POINT('',(-35.83486191854,5.563385369278,
    22.133869454304));
#14917 = CIRCLE('',#14918,0.8);
#14918 = AXIS2_PLACEMENT_3D('',#14919,#14920,#14921);
#14919 = CARTESIAN_POINT('',(-36.24645852288,5.563385369278,
    21.447875113734));
#14920 = DIRECTION('',(0.838443616301,0.209610904075,-0.50306616978));
#14921 = DIRECTION('',(0.514495755428,-2.775557561563E-17,0.857492925713
    ));
#14922 = ORIENTED_EDGE('',*,*,#14923,.F.);
#14923 = EDGE_CURVE('',#14924,#14915,#14926,.T.);
#14924 = VERTEX_POINT('',#14925);
#14925 = CARTESIAN_POINT('',(-50.08840339565,2.,30.68599434057));
#14926 = LINE('',#14927,#14928);
#14927 = CARTESIAN_POINT('',(-50.08840339565,2.,30.68599434057));
#14928 = VECTOR('',#14929,1.);
#14929 = DIRECTION('',(0.838443616301,0.209610904075,-0.50306616978));
#14930 = ORIENTED_EDGE('',*,*,#14931,.T.);
#14931 = EDGE_CURVE('',#14924,#14924,#14932,.T.);
#14932 = CIRCLE('',#14933,0.8);
#14933 = AXIS2_PLACEMENT_3D('',#14934,#14935,#14936);
#14934 = CARTESIAN_POINT('',(-50.5,2.,30.));
#14935 = DIRECTION('',(0.838443616301,0.209610904075,-0.50306616978));
#14936 = DIRECTION('',(0.514495755428,-2.775557561563E-17,0.857492925713
    ));
#14937 = ORIENTED_EDGE('',*,*,#14923,.T.);
#14938 = CYLINDRICAL_SURFACE('',#14939,0.8);
#14939 = AXIS2_PLACEMENT_3D('',#14940,#14941,#14942);
#14940 = CARTESIAN_POINT('',(-50.5,2.,30.));
#14941 = DIRECTION('',(0.838443616301,0.209610904075,-0.50306616978));
#14942 = DIRECTION('',(0.514495755428,-1.387778780781E-17,0.857492925713
    ));
#14943 = ADVANCED_FACE('',(#14944),#14947,.T.);
#14944 = FACE_BOUND('',#14945,.T.);
#14945 = EDGE_LOOP('',(#14946));
#14946 = ORIENTED_EDGE('',*,*,#14914,.T.);
#14947 = PLANE('',#14948);
#14948 = AXIS2_PLACEMENT_3D('',#14949,#14950,#14951);
#14949 = CARTESIAN_POINT('',(-36.24645852288,5.563385369278,
    21.447875113734));
#14950 = DIRECTION('',(0.838443616301,0.209610904075,-0.50306616978));
#14951 = DIRECTION('',(0.514495755428,-1.387778780781E-17,0.857492925713
    ));
#14952 = ADVANCED_FACE('',(#14953),#14956,.F.);
#14953 = FACE_BOUND('',#14954,.T.);
#14954 = EDGE_LOOP('',(#14955));
#14955 = ORIENTED_EDGE('',*,*,#14931,.F.);
#14956 = PLANE('',#14957);
#14957 = AXIS2_PLACEMENT_3D('',#14958,#14959,#14960);
#14958 = CARTESIAN_POINT('',(-50.5,2.,30.));
#14959 = DIRECTION('',(0.838443616301,0.209610904075,-0.50306616978));
#14960 = DIRECTION('',(0.514495755428,-1.387778780781E-17,0.857492925713
    ));
#14961 = MANIFOLD_SOLID_BREP('',#14962);
#14962 = CLOSED_SHELL('',(#14963,#14996,#15005));
#14963 = ADVANCED_FACE('',(#14964),#14991,.T.);
#14964 = FACE_BOUND('',#14965,.T.);
#14965 = EDGE_LOOP('',(#14966,#14975,#14983,#14990));
#14966 = ORIENTED_EDGE('',*,*,#14967,.F.);
#14967 = EDGE_CURVE('',#14968,#14968,#14970,.T.);
#14968 = VERTEX_POINT('',#14969);
#14969 = CARTESIAN_POINT('',(-35.66769766804,17.228964713619,
    21.433570904003));
#14970 = CIRCLE('',#14971,0.8);
#14971 = AXIS2_PLACEMENT_3D('',#14972,#14973,#14974);
#14972 = CARTESIAN_POINT('',(-36.07929427238,17.228964713619,
    20.747576563433));
#14973 = DIRECTION('',(0.856705873756,-4.283529368781E-02,
    -0.514023524254));
#14974 = DIRECTION('',(0.514495755428,3.469446951954E-18,0.857492925713)
  );
#14975 = ORIENTED_EDGE('',*,*,#14976,.F.);
#14976 = EDGE_CURVE('',#14977,#14968,#14979,.T.);
#14977 = VERTEX_POINT('',#14978);
#14978 = CARTESIAN_POINT('',(-51.08840339565,18.,30.68599434057));
#14979 = LINE('',#14980,#14981);
#14980 = CARTESIAN_POINT('',(-51.08840339565,18.,30.68599434057));
#14981 = VECTOR('',#14982,1.);
#14982 = DIRECTION('',(0.856705873756,-4.283529368781E-02,
    -0.514023524254));
#14983 = ORIENTED_EDGE('',*,*,#14984,.T.);
#14984 = EDGE_CURVE('',#14977,#14977,#14985,.T.);
#14985 = CIRCLE('',#14986,0.8);
#14986 = AXIS2_PLACEMENT_3D('',#14987,#14988,#14989);
#14987 = CARTESIAN_POINT('',(-51.5,18.,30.));
#14988 = DIRECTION('',(0.856705873756,-4.283529368781E-02,
    -0.514023524254));
#14989 = DIRECTION('',(0.514495755428,3.469446951954E-18,0.857492925713)
  );
#14990 = ORIENTED_EDGE('',*,*,#14976,.T.);
#14991 = CYLINDRICAL_SURFACE('',#14992,0.8);
#14992 = AXIS2_PLACEMENT_3D('',#14993,#14994,#14995);
#14993 = CARTESIAN_POINT('',(-51.5,18.,30.));
#14994 = DIRECTION('',(0.856705873756,-4.283529368781E-02,
    -0.514023524254));
#14995 = DIRECTION('',(0.514495755428,0.,0.857492925713));
#14996 = ADVANCED_FACE('',(#14997),#15000,.T.);
#14997 = FACE_BOUND('',#14998,.T.);
#14998 = EDGE_LOOP('',(#14999));
#14999 = ORIENTED_EDGE('',*,*,#14967,.T.);
#15000 = PLANE('',#15001);
#15001 = AXIS2_PLACEMENT_3D('',#15002,#15003,#15004);
#15002 = CARTESIAN_POINT('',(-36.07929427238,17.228964713619,
    20.747576563433));
#15003 = DIRECTION('',(0.856705873756,-4.283529368781E-02,
    -0.514023524254));
#15004 = DIRECTION('',(0.514495755428,0.,0.857492925713));
#15005 = ADVANCED_FACE('',(#15006),#15009,.F.);
#15006 = FACE_BOUND('',#15007,.T.);
#15007 = EDGE_LOOP('',(#15008));
#15008 = ORIENTED_EDGE('',*,*,#14984,.F.);
#15009 = PLANE('',#15010);
#15010 = AXIS2_PLACEMENT_3D('',#15011,#15012,#15013);
#15011 = CARTESIAN_POINT('',(-51.5,18.,30.));
#15012 = DIRECTION('',(0.856705873756,-4.283529368781E-02,
    -0.514023524254));
#15013 = DIRECTION('',(0.514495755428,0.,0.857492925713));
#15014 = MANIFOLD_SOLID_BREP('',#15015);
#15015 = CLOSED_SHELL('',(#15016,#15056,#15087,#15145,#15169,#15186,
    #15198,#15229,#15253,#15277,#15294));
#15016 = ADVANCED_FACE('',(#15017),#15051,.F.);
#15017 = FACE_BOUND('',#15018,.F.);
#15018 = EDGE_LOOP('',(#15019,#15029,#15037,#15045));
#15019 = ORIENTED_EDGE('',*,*,#15020,.F.);
#15020 = EDGE_CURVE('',#15021,#15023,#15025,.T.);
#15021 = VERTEX_POINT('',#15022);
#15022 = CARTESIAN_POINT('',(-7.5,-27.5,47.8));
#15023 = VERTEX_POINT('',#15024);
#15024 = CARTESIAN_POINT('',(-7.5,-27.5,49.4));
#15025 = LINE('',#15026,#15027);
#15026 = CARTESIAN_POINT('',(-7.5,-27.5,47.8));
#15027 = VECTOR('',#15028,1.);
#15028 = DIRECTION('',(0.,0.,1.));
#15029 = ORIENTED_EDGE('',*,*,#15030,.T.);
#15030 = EDGE_CURVE('',#15021,#15031,#15033,.T.);
#15031 = VERTEX_POINT('',#15032);
#15032 = CARTESIAN_POINT('',(-7.5,-0.5,47.8));
#15033 = LINE('',#15034,#15035);
#15034 = CARTESIAN_POINT('',(-7.5,-27.5,47.8));
#15035 = VECTOR('',#15036,1.);
#15036 = DIRECTION('',(0.,1.,0.));
#15037 = ORIENTED_EDGE('',*,*,#15038,.T.);
#15038 = EDGE_CURVE('',#15031,#15039,#15041,.T.);
#15039 = VERTEX_POINT('',#15040);
#15040 = CARTESIAN_POINT('',(-7.5,-0.5,49.4));
#15041 = LINE('',#15042,#15043);
#15042 = CARTESIAN_POINT('',(-7.5,-0.5,47.8));
#15043 = VECTOR('',#15044,1.);
#15044 = DIRECTION('',(0.,0.,1.));
#15045 = ORIENTED_EDGE('',*,*,#15046,.F.);
#15046 = EDGE_CURVE('',#15023,#15039,#15047,.T.);
#15047 = LINE('',#15048,#15049);
#15048 = CARTESIAN_POINT('',(-7.5,-27.5,49.4));
#15049 = VECTOR('',#15050,1.);
#15050 = DIRECTION('',(0.,1.,0.));
#15051 = PLANE('',#15052);
#15052 = AXIS2_PLACEMENT_3D('',#15053,#15054,#15055);
#15053 = CARTESIAN_POINT('',(-7.5,-27.5,47.8));
#15054 = DIRECTION('',(1.,0.,0.));
#15055 = DIRECTION('',(0.,0.,1.));
#15056 = ADVANCED_FACE('',(#15057),#15082,.F.);
#15057 = FACE_BOUND('',#15058,.F.);
#15058 = EDGE_LOOP('',(#15059,#15067,#15068,#15076));
#15059 = ORIENTED_EDGE('',*,*,#15060,.F.);
#15060 = EDGE_CURVE('',#15021,#15061,#15063,.T.);
#15061 = VERTEX_POINT('',#15062);
#15062 = CARTESIAN_POINT('',(19.5,-27.5,47.8));
#15063 = LINE('',#15064,#15065);
#15064 = CARTESIAN_POINT('',(-7.5,-27.5,47.8));
#15065 = VECTOR('',#15066,1.);
#15066 = DIRECTION('',(1.,0.,0.));
#15067 = ORIENTED_EDGE('',*,*,#15020,.T.);
#15068 = ORIENTED_EDGE('',*,*,#15069,.T.);
#15069 = EDGE_CURVE('',#15023,#15070,#15072,.T.);
#15070 = VERTEX_POINT('',#15071);
#15071 = CARTESIAN_POINT('',(19.5,-27.5,49.4));
#15072 = LINE('',#15073,#15074);
#15073 = CARTESIAN_POINT('',(-7.5,-27.5,49.4));
#15074 = VECTOR('',#15075,1.);
#15075 = DIRECTION('',(1.,0.,0.));
#15076 = ORIENTED_EDGE('',*,*,#15077,.F.);
#15077 = EDGE_CURVE('',#15061,#15070,#15078,.T.);
#15078 = LINE('',#15079,#15080);
#15079 = CARTESIAN_POINT('',(19.5,-27.5,47.8));
#15080 = VECTOR('',#15081,1.);
#15081 = DIRECTION('',(0.,0.,1.));
#15082 = PLANE('',#15083);
#15083 = AXIS2_PLACEMENT_3D('',#15084,#15085,#15086);
#15084 = CARTESIAN_POINT('',(-7.5,-27.5,47.8));
#15085 = DIRECTION('',(0.,1.,0.));
#15086 = DIRECTION('',(0.,0.,1.));
#15087 = ADVANCED_FACE('',(#15088,#15106),#15140,.T.);
#15088 = FACE_BOUND('',#15089,.T.);
#15089 = EDGE_LOOP('',(#15090,#15091,#15092,#15100));
#15090 = ORIENTED_EDGE('',*,*,#15046,.F.);
#15091 = ORIENTED_EDGE('',*,*,#15069,.T.);
#15092 = ORIENTED_EDGE('',*,*,#15093,.T.);
#15093 = EDGE_CURVE('',#15070,#15094,#15096,.T.);
#15094 = VERTEX_POINT('',#15095);
#15095 = CARTESIAN_POINT('',(19.5,-0.5,49.4));
#15096 = LINE('',#15097,#15098);
#15097 = CARTESIAN_POINT('',(19.5,-27.5,49.4));
#15098 = VECTOR('',#15099,1.);
#15099 = DIRECTION('',(0.,1.,0.));
#15100 = ORIENTED_EDGE('',*,*,#15101,.F.);
#15101 = EDGE_CURVE('',#15039,#15094,#15102,.T.);
#15102 = LINE('',#15103,#15104);
#15103 = CARTESIAN_POINT('',(-7.5,-0.5,49.4));
#15104 = VECTOR('',#15105,1.);
#15105 = DIRECTION('',(1.,0.,0.));
#15106 = FACE_BOUND('',#15107,.T.);
#15107 = EDGE_LOOP('',(#15108,#15118,#15126,#15134));
#15108 = ORIENTED_EDGE('',*,*,#15109,.F.);
#15109 = EDGE_CURVE('',#15110,#15112,#15114,.T.);
#15110 = VERTEX_POINT('',#15111);
#15111 = CARTESIAN_POINT('',(-6.5,-21.,49.4));
#15112 = VERTEX_POINT('',#15113);
#15113 = CARTESIAN_POINT('',(18.5,-21.,49.4));
#15114 = LINE('',#15115,#15116);
#15115 = CARTESIAN_POINT('',(-6.5,-21.,49.4));
#15116 = VECTOR('',#15117,1.);
#15117 = DIRECTION('',(1.,0.,0.));
#15118 = ORIENTED_EDGE('',*,*,#15119,.T.);
#15119 = EDGE_CURVE('',#15110,#15120,#15122,.T.);
#15120 = VERTEX_POINT('',#15121);
#15121 = CARTESIAN_POINT('',(-6.5,-7.,49.4));
#15122 = LINE('',#15123,#15124);
#15123 = CARTESIAN_POINT('',(-6.5,-21.,49.4));
#15124 = VECTOR('',#15125,1.);
#15125 = DIRECTION('',(0.,1.,0.));
#15126 = ORIENTED_EDGE('',*,*,#15127,.T.);
#15127 = EDGE_CURVE('',#15120,#15128,#15130,.T.);
#15128 = VERTEX_POINT('',#15129);
#15129 = CARTESIAN_POINT('',(18.5,-7.,49.4));
#15130 = LINE('',#15131,#15132);
#15131 = CARTESIAN_POINT('',(-6.5,-7.,49.4));
#15132 = VECTOR('',#15133,1.);
#15133 = DIRECTION('',(1.,0.,0.));
#15134 = ORIENTED_EDGE('',*,*,#15135,.F.);
#15135 = EDGE_CURVE('',#15112,#15128,#15136,.T.);
#15136 = LINE('',#15137,#15138);
#15137 = CARTESIAN_POINT('',(18.5,-21.,49.4));
#15138 = VECTOR('',#15139,1.);
#15139 = DIRECTION('',(0.,1.,0.));
#15140 = PLANE('',#15141);
#15141 = AXIS2_PLACEMENT_3D('',#15142,#15143,#15144);
#15142 = CARTESIAN_POINT('',(-7.5,-27.5,49.4));
#15143 = DIRECTION('',(0.,0.,1.));
#15144 = DIRECTION('',(1.,0.,0.));
#15145 = ADVANCED_FACE('',(#15146),#15164,.T.);
#15146 = FACE_BOUND('',#15147,.T.);
#15147 = EDGE_LOOP('',(#15148,#15156,#15157,#15158));
#15148 = ORIENTED_EDGE('',*,*,#15149,.F.);
#15149 = EDGE_CURVE('',#15031,#15150,#15152,.T.);
#15150 = VERTEX_POINT('',#15151);
#15151 = CARTESIAN_POINT('',(19.5,-0.5,47.8));
#15152 = LINE('',#15153,#15154);
#15153 = CARTESIAN_POINT('',(-7.5,-0.5,47.8));
#15154 = VECTOR('',#15155,1.);
#15155 = DIRECTION('',(1.,0.,0.));
#15156 = ORIENTED_EDGE('',*,*,#15038,.T.);
#15157 = ORIENTED_EDGE('',*,*,#15101,.T.);
#15158 = ORIENTED_EDGE('',*,*,#15159,.F.);
#15159 = EDGE_CURVE('',#15150,#15094,#15160,.T.);
#15160 = LINE('',#15161,#15162);
#15161 = CARTESIAN_POINT('',(19.5,-0.5,47.8));
#15162 = VECTOR('',#15163,1.);
#15163 = DIRECTION('',(0.,0.,1.));
#15164 = PLANE('',#15165);
#15165 = AXIS2_PLACEMENT_3D('',#15166,#15167,#15168);
#15166 = CARTESIAN_POINT('',(-7.5,-0.5,47.8));
#15167 = DIRECTION('',(0.,1.,0.));
#15168 = DIRECTION('',(0.,0.,1.));
#15169 = ADVANCED_FACE('',(#15170),#15181,.F.);
#15170 = FACE_BOUND('',#15171,.F.);
#15171 = EDGE_LOOP('',(#15172,#15173,#15174,#15180));
#15172 = ORIENTED_EDGE('',*,*,#15030,.F.);
#15173 = ORIENTED_EDGE('',*,*,#15060,.T.);
#15174 = ORIENTED_EDGE('',*,*,#15175,.T.);
#15175 = EDGE_CURVE('',#15061,#15150,#15176,.T.);
#15176 = LINE('',#15177,#15178);
#15177 = CARTESIAN_POINT('',(19.5,-27.5,47.8));
#15178 = VECTOR('',#15179,1.);
#15179 = DIRECTION('',(0.,1.,0.));
#15180 = ORIENTED_EDGE('',*,*,#15149,.F.);
#15181 = PLANE('',#15182);
#15182 = AXIS2_PLACEMENT_3D('',#15183,#15184,#15185);
#15183 = CARTESIAN_POINT('',(-7.5,-27.5,47.8));
#15184 = DIRECTION('',(0.,0.,1.));
#15185 = DIRECTION('',(1.,0.,0.));
#15186 = ADVANCED_FACE('',(#15187),#15193,.T.);
#15187 = FACE_BOUND('',#15188,.T.);
#15188 = EDGE_LOOP('',(#15189,#15190,#15191,#15192));
#15189 = ORIENTED_EDGE('',*,*,#15077,.F.);
#15190 = ORIENTED_EDGE('',*,*,#15175,.T.);
#15191 = ORIENTED_EDGE('',*,*,#15159,.T.);
#15192 = ORIENTED_EDGE('',*,*,#15093,.F.);
#15193 = PLANE('',#15194);
#15194 = AXIS2_PLACEMENT_3D('',#15195,#15196,#15197);
#15195 = CARTESIAN_POINT('',(19.5,-27.5,47.8));
#15196 = DIRECTION('',(1.,0.,0.));
#15197 = DIRECTION('',(0.,0.,1.));
#15198 = ADVANCED_FACE('',(#15199),#15224,.F.);
#15199 = FACE_BOUND('',#15200,.F.);
#15200 = EDGE_LOOP('',(#15201,#15202,#15210,#15218));
#15201 = ORIENTED_EDGE('',*,*,#15109,.F.);
#15202 = ORIENTED_EDGE('',*,*,#15203,.T.);
#15203 = EDGE_CURVE('',#15110,#15204,#15206,.T.);
#15204 = VERTEX_POINT('',#15205);
#15205 = CARTESIAN_POINT('',(-6.5,-21.,50.6));
#15206 = LINE('',#15207,#15208);
#15207 = CARTESIAN_POINT('',(-6.5,-21.,49.4));
#15208 = VECTOR('',#15209,1.);
#15209 = DIRECTION('',(0.,0.,1.));
#15210 = ORIENTED_EDGE('',*,*,#15211,.T.);
#15211 = EDGE_CURVE('',#15204,#15212,#15214,.T.);
#15212 = VERTEX_POINT('',#15213);
#15213 = CARTESIAN_POINT('',(18.5,-21.,50.6));
#15214 = LINE('',#15215,#15216);
#15215 = CARTESIAN_POINT('',(-6.5,-21.,50.6));
#15216 = VECTOR('',#15217,1.);
#15217 = DIRECTION('',(1.,0.,0.));
#15218 = ORIENTED_EDGE('',*,*,#15219,.F.);
#15219 = EDGE_CURVE('',#15112,#15212,#15220,.T.);
#15220 = LINE('',#15221,#15222);
#15221 = CARTESIAN_POINT('',(18.5,-21.,49.4));
#15222 = VECTOR('',#15223,1.);
#15223 = DIRECTION('',(0.,0.,1.));
#15224 = PLANE('',#15225);
#15225 = AXIS2_PLACEMENT_3D('',#15226,#15227,#15228);
#15226 = CARTESIAN_POINT('',(-6.5,-21.,49.4));
#15227 = DIRECTION('',(0.,1.,0.));
#15228 = DIRECTION('',(0.,0.,1.));
#15229 = ADVANCED_FACE('',(#15230),#15248,.T.);
#15230 = FACE_BOUND('',#15231,.T.);
#15231 = EDGE_LOOP('',(#15232,#15233,#15234,#15242));
#15232 = ORIENTED_EDGE('',*,*,#15219,.F.);
#15233 = ORIENTED_EDGE('',*,*,#15135,.T.);
#15234 = ORIENTED_EDGE('',*,*,#15235,.T.);
#15235 = EDGE_CURVE('',#15128,#15236,#15238,.T.);
#15236 = VERTEX_POINT('',#15237);
#15237 = CARTESIAN_POINT('',(18.5,-7.,50.6));
#15238 = LINE('',#15239,#15240);
#15239 = CARTESIAN_POINT('',(18.5,-7.,49.4));
#15240 = VECTOR('',#15241,1.);
#15241 = DIRECTION('',(0.,0.,1.));
#15242 = ORIENTED_EDGE('',*,*,#15243,.F.);
#15243 = EDGE_CURVE('',#15212,#15236,#15244,.T.);
#15244 = LINE('',#15245,#15246);
#15245 = CARTESIAN_POINT('',(18.5,-21.,50.6));
#15246 = VECTOR('',#15247,1.);
#15247 = DIRECTION('',(0.,1.,0.));
#15248 = PLANE('',#15249);
#15249 = AXIS2_PLACEMENT_3D('',#15250,#15251,#15252);
#15250 = CARTESIAN_POINT('',(18.5,-21.,49.4));
#15251 = DIRECTION('',(1.,0.,0.));
#15252 = DIRECTION('',(0.,0.,1.));
#15253 = ADVANCED_FACE('',(#15254),#15272,.T.);
#15254 = FACE_BOUND('',#15255,.T.);
#15255 = EDGE_LOOP('',(#15256,#15257,#15265,#15271));
#15256 = ORIENTED_EDGE('',*,*,#15127,.F.);
#15257 = ORIENTED_EDGE('',*,*,#15258,.T.);
#15258 = EDGE_CURVE('',#15120,#15259,#15261,.T.);
#15259 = VERTEX_POINT('',#15260);
#15260 = CARTESIAN_POINT('',(-6.5,-7.,50.6));
#15261 = LINE('',#15262,#15263);
#15262 = CARTESIAN_POINT('',(-6.5,-7.,49.4));
#15263 = VECTOR('',#15264,1.);
#15264 = DIRECTION('',(0.,0.,1.));
#15265 = ORIENTED_EDGE('',*,*,#15266,.T.);
#15266 = EDGE_CURVE('',#15259,#15236,#15267,.T.);
#15267 = LINE('',#15268,#15269);
#15268 = CARTESIAN_POINT('',(-6.5,-7.,50.6));
#15269 = VECTOR('',#15270,1.);
#15270 = DIRECTION('',(1.,0.,0.));
#15271 = ORIENTED_EDGE('',*,*,#15235,.F.);
#15272 = PLANE('',#15273);
#15273 = AXIS2_PLACEMENT_3D('',#15274,#15275,#15276);
#15274 = CARTESIAN_POINT('',(-6.5,-7.,49.4));
#15275 = DIRECTION('',(0.,1.,0.));
#15276 = DIRECTION('',(0.,0.,1.));
#15277 = ADVANCED_FACE('',(#15278),#15289,.F.);
#15278 = FACE_BOUND('',#15279,.F.);
#15279 = EDGE_LOOP('',(#15280,#15281,#15282,#15283));
#15280 = ORIENTED_EDGE('',*,*,#15203,.F.);
#15281 = ORIENTED_EDGE('',*,*,#15119,.T.);
#15282 = ORIENTED_EDGE('',*,*,#15258,.T.);
#15283 = ORIENTED_EDGE('',*,*,#15284,.F.);
#15284 = EDGE_CURVE('',#15204,#15259,#15285,.T.);
#15285 = LINE('',#15286,#15287);
#15286 = CARTESIAN_POINT('',(-6.5,-21.,50.6));
#15287 = VECTOR('',#15288,1.);
#15288 = DIRECTION('',(0.,1.,0.));
#15289 = PLANE('',#15290);
#15290 = AXIS2_PLACEMENT_3D('',#15291,#15292,#15293);
#15291 = CARTESIAN_POINT('',(-6.5,-21.,49.4));
#15292 = DIRECTION('',(1.,0.,0.));
#15293 = DIRECTION('',(0.,0.,1.));
#15294 = ADVANCED_FACE('',(#15295),#15301,.T.);
#15295 = FACE_BOUND('',#15296,.T.);
#15296 = EDGE_LOOP('',(#15297,#15298,#15299,#15300));
#15297 = ORIENTED_EDGE('',*,*,#15284,.F.);
#15298 = ORIENTED_EDGE('',*,*,#15211,.T.);
#15299 = ORIENTED_EDGE('',*,*,#15243,.T.);
#15300 = ORIENTED_EDGE('',*,*,#15266,.F.);
#15301 = PLANE('',#15302);
#15302 = AXIS2_PLACEMENT_3D('',#15303,#15304,#15305);
#15303 = CARTESIAN_POINT('',(-6.5,-21.,50.6));
#15304 = DIRECTION('',(0.,0.,1.));
#15305 = DIRECTION('',(1.,0.,0.));
#15306 = MANIFOLD_SOLID_BREP('',#15307);
#15307 = CLOSED_SHELL('',(#15308,#15341,#15360));
#15308 = ADVANCED_FACE('',(#15309),#15336,.T.);
#15309 = FACE_BOUND('',#15310,.T.);
#15310 = EDGE_LOOP('',(#15311,#15320,#15328,#15335));
#15311 = ORIENTED_EDGE('',*,*,#15312,.F.);
#15312 = EDGE_CURVE('',#15313,#15313,#15315,.T.);
#15313 = VERTEX_POINT('',#15314);
#15314 = CARTESIAN_POINT('',(25.5,-22.,53.5));
#15315 = CIRCLE('',#15316,1.5);
#15316 = AXIS2_PLACEMENT_3D('',#15317,#15318,#15319);
#15317 = CARTESIAN_POINT('',(24.,-22.,53.5));
#15318 = DIRECTION('',(0.,0.,1.));
#15319 = DIRECTION('',(1.,0.,0.));
#15320 = ORIENTED_EDGE('',*,*,#15321,.F.);
#15321 = EDGE_CURVE('',#15322,#15313,#15324,.T.);
#15322 = VERTEX_POINT('',#15323);
#15323 = CARTESIAN_POINT('',(25.5,-22.,49.5));
#15324 = LINE('',#15325,#15326);
#15325 = CARTESIAN_POINT('',(25.5,-22.,49.5));
#15326 = VECTOR('',#15327,1.);
#15327 = DIRECTION('',(0.,0.,1.));
#15328 = ORIENTED_EDGE('',*,*,#15329,.T.);
#15329 = EDGE_CURVE('',#15322,#15322,#15330,.T.);
#15330 = CIRCLE('',#15331,1.5);
#15331 = AXIS2_PLACEMENT_3D('',#15332,#15333,#15334);
#15332 = CARTESIAN_POINT('',(24.,-22.,49.5));
#15333 = DIRECTION('',(0.,0.,1.));
#15334 = DIRECTION('',(1.,0.,0.));
#15335 = ORIENTED_EDGE('',*,*,#15321,.T.);
#15336 = CYLINDRICAL_SURFACE('',#15337,1.5);
#15337 = AXIS2_PLACEMENT_3D('',#15338,#15339,#15340);
#15338 = CARTESIAN_POINT('',(24.,-22.,49.5));
#15339 = DIRECTION('',(0.,0.,1.));
#15340 = DIRECTION('',(1.,0.,0.));
#15341 = ADVANCED_FACE('',(#15342),#15355,.T.);
#15342 = FACE_BOUND('',#15343,.T.);
#15343 = EDGE_LOOP('',(#15344,#15353,#15354));
#15344 = ORIENTED_EDGE('',*,*,#15345,.T.);
#15345 = EDGE_CURVE('',#15313,#15346,#15348,.T.);
#15346 = VERTEX_POINT('',#15347);
#15347 = CARTESIAN_POINT('',(24.,-22.,55.));
#15348 = CIRCLE('',#15349,1.5);
#15349 = AXIS2_PLACEMENT_3D('',#15350,#15351,#15352);
#15350 = CARTESIAN_POINT('',(24.,-22.,53.5));
#15351 = DIRECTION('',(-2.449293598295E-16,-1.,0.));
#15352 = DIRECTION('',(1.,-2.449293598295E-16,0.));
#15353 = ORIENTED_EDGE('',*,*,#15345,.F.);
#15354 = ORIENTED_EDGE('',*,*,#15312,.T.);
#15355 = SPHERICAL_SURFACE('',#15356,1.5);
#15356 = AXIS2_PLACEMENT_3D('',#15357,#15358,#15359);
#15357 = CARTESIAN_POINT('',(24.,-22.,53.5));
#15358 = DIRECTION('',(0.,0.,1.));
#15359 = DIRECTION('',(1.,0.,0.));
#15360 = ADVANCED_FACE('',(#15361),#15364,.F.);
#15361 = FACE_BOUND('',#15362,.T.);
#15362 = EDGE_LOOP('',(#15363));
#15363 = ORIENTED_EDGE('',*,*,#15329,.F.);
#15364 = PLANE('',#15365);
#15365 = AXIS2_PLACEMENT_3D('',#15366,#15367,#15368);
#15366 = CARTESIAN_POINT('',(24.,-22.,49.5));
#15367 = DIRECTION('',(0.,0.,1.));
#15368 = DIRECTION('',(1.,0.,0.));
#15369 = MANIFOLD_SOLID_BREP('',#15370);
#15370 = CLOSED_SHELL('',(#15371,#15404,#15423));
#15371 = ADVANCED_FACE('',(#15372),#15399,.T.);
#15372 = FACE_BOUND('',#15373,.T.);
#15373 = EDGE_LOOP('',(#15374,#15383,#15391,#15398));
#15374 = ORIENTED_EDGE('',*,*,#15375,.F.);
#15375 = EDGE_CURVE('',#15376,#15376,#15378,.T.);
#15376 = VERTEX_POINT('',#15377);
#15377 = CARTESIAN_POINT('',(32.5,-22.,53.5));
#15378 = CIRCLE('',#15379,1.5);
#15379 = AXIS2_PLACEMENT_3D('',#15380,#15381,#15382);
#15380 = CARTESIAN_POINT('',(31.,-22.,53.5));
#15381 = DIRECTION('',(0.,0.,1.));
#15382 = DIRECTION('',(1.,0.,0.));
#15383 = ORIENTED_EDGE('',*,*,#15384,.F.);
#15384 = EDGE_CURVE('',#15385,#15376,#15387,.T.);
#15385 = VERTEX_POINT('',#15386);
#15386 = CARTESIAN_POINT('',(32.5,-22.,49.5));
#15387 = LINE('',#15388,#15389);
#15388 = CARTESIAN_POINT('',(32.5,-22.,49.5));
#15389 = VECTOR('',#15390,1.);
#15390 = DIRECTION('',(0.,0.,1.));
#15391 = ORIENTED_EDGE('',*,*,#15392,.T.);
#15392 = EDGE_CURVE('',#15385,#15385,#15393,.T.);
#15393 = CIRCLE('',#15394,1.5);
#15394 = AXIS2_PLACEMENT_3D('',#15395,#15396,#15397);
#15395 = CARTESIAN_POINT('',(31.,-22.,49.5));
#15396 = DIRECTION('',(0.,0.,1.));
#15397 = DIRECTION('',(1.,0.,0.));
#15398 = ORIENTED_EDGE('',*,*,#15384,.T.);
#15399 = CYLINDRICAL_SURFACE('',#15400,1.5);
#15400 = AXIS2_PLACEMENT_3D('',#15401,#15402,#15403);
#15401 = CARTESIAN_POINT('',(31.,-22.,49.5));
#15402 = DIRECTION('',(0.,0.,1.));
#15403 = DIRECTION('',(1.,0.,0.));
#15404 = ADVANCED_FACE('',(#15405),#15418,.T.);
#15405 = FACE_BOUND('',#15406,.T.);
#15406 = EDGE_LOOP('',(#15407,#15416,#15417));
#15407 = ORIENTED_EDGE('',*,*,#15408,.T.);
#15408 = EDGE_CURVE('',#15376,#15409,#15411,.T.);
#15409 = VERTEX_POINT('',#15410);
#15410 = CARTESIAN_POINT('',(31.,-22.,55.));
#15411 = CIRCLE('',#15412,1.5);
#15412 = AXIS2_PLACEMENT_3D('',#15413,#15414,#15415);
#15413 = CARTESIAN_POINT('',(31.,-22.,53.5));
#15414 = DIRECTION('',(-2.449293598295E-16,-1.,0.));
#15415 = DIRECTION('',(1.,-2.449293598295E-16,0.));
#15416 = ORIENTED_EDGE('',*,*,#15408,.F.);
#15417 = ORIENTED_EDGE('',*,*,#15375,.T.);
#15418 = SPHERICAL_SURFACE('',#15419,1.5);
#15419 = AXIS2_PLACEMENT_3D('',#15420,#15421,#15422);
#15420 = CARTESIAN_POINT('',(31.,-22.,53.5));
#15421 = DIRECTION('',(0.,0.,1.));
#15422 = DIRECTION('',(1.,0.,0.));
#15423 = ADVANCED_FACE('',(#15424),#15427,.F.);
#15424 = FACE_BOUND('',#15425,.T.);
#15425 = EDGE_LOOP('',(#15426));
#15426 = ORIENTED_EDGE('',*,*,#15392,.F.);
#15427 = PLANE('',#15428);
#15428 = AXIS2_PLACEMENT_3D('',#15429,#15430,#15431);
#15429 = CARTESIAN_POINT('',(31.,-22.,49.5));
#15430 = DIRECTION('',(0.,0.,1.));
#15431 = DIRECTION('',(1.,0.,0.));
#15432 = MANIFOLD_SOLID_BREP('',#15433);
#15433 = CLOSED_SHELL('',(#15434,#15467,#15486));
#15434 = ADVANCED_FACE('',(#15435),#15462,.T.);
#15435 = FACE_BOUND('',#15436,.T.);
#15436 = EDGE_LOOP('',(#15437,#15446,#15454,#15461));
#15437 = ORIENTED_EDGE('',*,*,#15438,.F.);
#15438 = EDGE_CURVE('',#15439,#15439,#15441,.T.);
#15439 = VERTEX_POINT('',#15440);
#15440 = CARTESIAN_POINT('',(39.5,-22.,53.5));
#15441 = CIRCLE('',#15442,1.5);
#15442 = AXIS2_PLACEMENT_3D('',#15443,#15444,#15445);
#15443 = CARTESIAN_POINT('',(38.,-22.,53.5));
#15444 = DIRECTION('',(0.,0.,1.));
#15445 = DIRECTION('',(1.,0.,0.));
#15446 = ORIENTED_EDGE('',*,*,#15447,.F.);
#15447 = EDGE_CURVE('',#15448,#15439,#15450,.T.);
#15448 = VERTEX_POINT('',#15449);
#15449 = CARTESIAN_POINT('',(39.5,-22.,49.5));
#15450 = LINE('',#15451,#15452);
#15451 = CARTESIAN_POINT('',(39.5,-22.,49.5));
#15452 = VECTOR('',#15453,1.);
#15453 = DIRECTION('',(0.,0.,1.));
#15454 = ORIENTED_EDGE('',*,*,#15455,.T.);
#15455 = EDGE_CURVE('',#15448,#15448,#15456,.T.);
#15456 = CIRCLE('',#15457,1.5);
#15457 = AXIS2_PLACEMENT_3D('',#15458,#15459,#15460);
#15458 = CARTESIAN_POINT('',(38.,-22.,49.5));
#15459 = DIRECTION('',(0.,0.,1.));
#15460 = DIRECTION('',(1.,0.,0.));
#15461 = ORIENTED_EDGE('',*,*,#15447,.T.);
#15462 = CYLINDRICAL_SURFACE('',#15463,1.5);
#15463 = AXIS2_PLACEMENT_3D('',#15464,#15465,#15466);
#15464 = CARTESIAN_POINT('',(38.,-22.,49.5));
#15465 = DIRECTION('',(0.,0.,1.));
#15466 = DIRECTION('',(1.,0.,0.));
#15467 = ADVANCED_FACE('',(#15468),#15481,.T.);
#15468 = FACE_BOUND('',#15469,.T.);
#15469 = EDGE_LOOP('',(#15470,#15479,#15480));
#15470 = ORIENTED_EDGE('',*,*,#15471,.T.);
#15471 = EDGE_CURVE('',#15439,#15472,#15474,.T.);
#15472 = VERTEX_POINT('',#15473);
#15473 = CARTESIAN_POINT('',(38.,-22.,55.));
#15474 = CIRCLE('',#15475,1.5);
#15475 = AXIS2_PLACEMENT_3D('',#15476,#15477,#15478);
#15476 = CARTESIAN_POINT('',(38.,-22.,53.5));
#15477 = DIRECTION('',(-2.449293598295E-16,-1.,0.));
#15478 = DIRECTION('',(1.,-2.449293598295E-16,0.));
#15479 = ORIENTED_EDGE('',*,*,#15471,.F.);
#15480 = ORIENTED_EDGE('',*,*,#15438,.T.);
#15481 = SPHERICAL_SURFACE('',#15482,1.5);
#15482 = AXIS2_PLACEMENT_3D('',#15483,#15484,#15485);
#15483 = CARTESIAN_POINT('',(38.,-22.,53.5));
#15484 = DIRECTION('',(0.,0.,1.));
#15485 = DIRECTION('',(1.,0.,0.));
#15486 = ADVANCED_FACE('',(#15487),#15490,.F.);
#15487 = FACE_BOUND('',#15488,.T.);
#15488 = EDGE_LOOP('',(#15489));
#15489 = ORIENTED_EDGE('',*,*,#15455,.F.);
#15490 = PLANE('',#15491);
#15491 = AXIS2_PLACEMENT_3D('',#15492,#15493,#15494);
#15492 = CARTESIAN_POINT('',(38.,-22.,49.5));
#15493 = DIRECTION('',(0.,0.,1.));
#15494 = DIRECTION('',(1.,0.,0.));
#15495 = MANIFOLD_SOLID_BREP('',#15496);
#15496 = CLOSED_SHELL('',(#15497,#15530,#15550,#15559,#15584));
#15497 = ADVANCED_FACE('',(#15498),#15525,.T.);
#15498 = FACE_BOUND('',#15499,.T.);
#15499 = EDGE_LOOP('',(#15500,#15509,#15517,#15524));
#15500 = ORIENTED_EDGE('',*,*,#15501,.F.);
#15501 = EDGE_CURVE('',#15502,#15502,#15504,.T.);
#15502 = VERTEX_POINT('',#15503);
#15503 = CARTESIAN_POINT('',(35.75,-8.,49.4));
#15504 = CIRCLE('',#15505,4.75);
#15505 = AXIS2_PLACEMENT_3D('',#15506,#15507,#15508);
#15506 = CARTESIAN_POINT('',(31.,-8.,49.4));
#15507 = DIRECTION('',(0.,0.,1.));
#15508 = DIRECTION('',(1.,0.,0.));
#15509 = ORIENTED_EDGE('',*,*,#15510,.F.);
#15510 = EDGE_CURVE('',#15511,#15502,#15513,.T.);
#15511 = VERTEX_POINT('',#15512);
#15512 = CARTESIAN_POINT('',(35.75,-8.,43.9));
#15513 = LINE('',#15514,#15515);
#15514 = CARTESIAN_POINT('',(35.75,-8.,43.9));
#15515 = VECTOR('',#15516,1.);
#15516 = DIRECTION('',(0.,0.,1.));
#15517 = ORIENTED_EDGE('',*,*,#15518,.T.);
#15518 = EDGE_CURVE('',#15511,#15511,#15519,.T.);
#15519 = CIRCLE('',#15520,4.75);
#15520 = AXIS2_PLACEMENT_3D('',#15521,#15522,#15523);
#15521 = CARTESIAN_POINT('',(31.,-8.,43.9));
#15522 = DIRECTION('',(0.,0.,1.));
#15523 = DIRECTION('',(1.,0.,0.));
#15524 = ORIENTED_EDGE('',*,*,#15510,.T.);
#15525 = CYLINDRICAL_SURFACE('',#15526,4.75);
#15526 = AXIS2_PLACEMENT_3D('',#15527,#15528,#15529);
#15527 = CARTESIAN_POINT('',(31.,-8.,43.9));
#15528 = DIRECTION('',(0.,0.,1.));
#15529 = DIRECTION('',(1.,0.,0.));
#15530 = ADVANCED_FACE('',(#15531,#15534),#15545,.T.);
#15531 = FACE_BOUND('',#15532,.T.);
#15532 = EDGE_LOOP('',(#15533));
#15533 = ORIENTED_EDGE('',*,*,#15501,.T.);
#15534 = FACE_BOUND('',#15535,.T.);
#15535 = EDGE_LOOP('',(#15536));
#15536 = ORIENTED_EDGE('',*,*,#15537,.F.);
#15537 = EDGE_CURVE('',#15538,#15538,#15540,.T.);
#15538 = VERTEX_POINT('',#15539);
#15539 = CARTESIAN_POINT('',(32.2,-8.,49.4));
#15540 = CIRCLE('',#15541,1.2);
#15541 = AXIS2_PLACEMENT_3D('',#15542,#15543,#15544);
#15542 = CARTESIAN_POINT('',(31.,-8.,49.4));
#15543 = DIRECTION('',(0.,0.,1.));
#15544 = DIRECTION('',(1.,0.,0.));
#15545 = PLANE('',#15546);
#15546 = AXIS2_PLACEMENT_3D('',#15547,#15548,#15549);
#15547 = CARTESIAN_POINT('',(31.,-8.,49.4));
#15548 = DIRECTION('',(0.,0.,1.));
#15549 = DIRECTION('',(1.,0.,0.));
#15550 = ADVANCED_FACE('',(#15551),#15554,.F.);
#15551 = FACE_BOUND('',#15552,.T.);
#15552 = EDGE_LOOP('',(#15553));
#15553 = ORIENTED_EDGE('',*,*,#15518,.F.);
#15554 = PLANE('',#15555);
#15555 = AXIS2_PLACEMENT_3D('',#15556,#15557,#15558);
#15556 = CARTESIAN_POINT('',(31.,-8.,43.9));
#15557 = DIRECTION('',(0.,0.,1.));
#15558 = DIRECTION('',(1.,0.,0.));
#15559 = ADVANCED_FACE('',(#15560),#15579,.F.);
#15560 = FACE_BOUND('',#15561,.F.);
#15561 = EDGE_LOOP('',(#15562,#15563,#15571,#15578));
#15562 = ORIENTED_EDGE('',*,*,#15537,.F.);
#15563 = ORIENTED_EDGE('',*,*,#15564,.F.);
#15564 = EDGE_CURVE('',#15565,#15538,#15567,.T.);
#15565 = VERTEX_POINT('',#15566);
#15566 = CARTESIAN_POINT('',(32.2,-8.,48.4));
#15567 = LINE('',#15568,#15569);
#15568 = CARTESIAN_POINT('',(32.2,-8.,48.4));
#15569 = VECTOR('',#15570,1.);
#15570 = DIRECTION('',(0.,0.,1.));
#15571 = ORIENTED_EDGE('',*,*,#15572,.T.);
#15572 = EDGE_CURVE('',#15565,#15565,#15573,.T.);
#15573 = CIRCLE('',#15574,1.2);
#15574 = AXIS2_PLACEMENT_3D('',#15575,#15576,#15577);
#15575 = CARTESIAN_POINT('',(31.,-8.,48.4));
#15576 = DIRECTION('',(0.,0.,1.));
#15577 = DIRECTION('',(1.,0.,0.));
#15578 = ORIENTED_EDGE('',*,*,#15564,.T.);
#15579 = CYLINDRICAL_SURFACE('',#15580,1.2);
#15580 = AXIS2_PLACEMENT_3D('',#15581,#15582,#15583);
#15581 = CARTESIAN_POINT('',(31.,-8.,48.4));
#15582 = DIRECTION('',(0.,0.,1.));
#15583 = DIRECTION('',(1.,0.,0.));
#15584 = ADVANCED_FACE('',(#15585),#15588,.T.);
#15585 = FACE_BOUND('',#15586,.F.);
#15586 = EDGE_LOOP('',(#15587));
#15587 = ORIENTED_EDGE('',*,*,#15572,.F.);
#15588 = PLANE('',#15589);
#15589 = AXIS2_PLACEMENT_3D('',#15590,#15591,#15592);
#15590 = CARTESIAN_POINT('',(31.,-8.,48.4));
#15591 = DIRECTION('',(0.,0.,1.));
#15592 = DIRECTION('',(1.,0.,0.));
#15593 = MANIFOLD_SOLID_BREP('',#15594);
#15594 = CLOSED_SHELL('',(#15595,#15628,#15648,#15668,#15693,#15718,
    #15727));
#15595 = ADVANCED_FACE('',(#15596),#15623,.T.);
#15596 = FACE_BOUND('',#15597,.T.);
#15597 = EDGE_LOOP('',(#15598,#15607,#15615,#15622));
#15598 = ORIENTED_EDGE('',*,*,#15599,.F.);
#15599 = EDGE_CURVE('',#15600,#15600,#15602,.T.);
#15600 = VERTEX_POINT('',#15601);
#15601 = CARTESIAN_POINT('',(-46.65,-37.,51.15));
#15602 = CIRCLE('',#15603,2.85);
#15603 = AXIS2_PLACEMENT_3D('',#15604,#15605,#15606);
#15604 = CARTESIAN_POINT('',(-49.5,-37.,51.15));
#15605 = DIRECTION('',(0.,0.,1.));
#15606 = DIRECTION('',(1.,0.,0.));
#15607 = ORIENTED_EDGE('',*,*,#15608,.F.);
#15608 = EDGE_CURVE('',#15609,#15600,#15611,.T.);
#15609 = VERTEX_POINT('',#15610);
#15610 = CARTESIAN_POINT('',(-46.65,-37.,49.5));
#15611 = LINE('',#15612,#15613);
#15612 = CARTESIAN_POINT('',(-46.65,-37.,49.5));
#15613 = VECTOR('',#15614,1.);
#15614 = DIRECTION('',(0.,0.,1.));
#15615 = ORIENTED_EDGE('',*,*,#15616,.T.);
#15616 = EDGE_CURVE('',#15609,#15609,#15617,.T.);
#15617 = CIRCLE('',#15618,2.85);
#15618 = AXIS2_PLACEMENT_3D('',#15619,#15620,#15621);
#15619 = CARTESIAN_POINT('',(-49.5,-37.,49.5));
#15620 = DIRECTION('',(0.,0.,1.));
#15621 = DIRECTION('',(1.,0.,0.));
#15622 = ORIENTED_EDGE('',*,*,#15608,.T.);
#15623 = CYLINDRICAL_SURFACE('',#15624,2.85);
#15624 = AXIS2_PLACEMENT_3D('',#15625,#15626,#15627);
#15625 = CARTESIAN_POINT('',(-49.5,-37.,49.5));
#15626 = DIRECTION('',(0.,0.,1.));
#15627 = DIRECTION('',(1.,0.,0.));
#15628 = ADVANCED_FACE('',(#15629,#15632),#15643,.T.);
#15629 = FACE_BOUND('',#15630,.T.);
#15630 = EDGE_LOOP('',(#15631));
#15631 = ORIENTED_EDGE('',*,*,#15599,.T.);
#15632 = FACE_BOUND('',#15633,.T.);
#15633 = EDGE_LOOP('',(#15634));
#15634 = ORIENTED_EDGE('',*,*,#15635,.F.);
#15635 = EDGE_CURVE('',#15636,#15636,#15638,.T.);
#15636 = VERTEX_POINT('',#15637);
#15637 = CARTESIAN_POINT('',(-48.5,-37.,51.15));
#15638 = CIRCLE('',#15639,1.);
#15639 = AXIS2_PLACEMENT_3D('',#15640,#15641,#15642);
#15640 = CARTESIAN_POINT('',(-49.5,-37.,51.15));
#15641 = DIRECTION('',(0.,0.,1.));
#15642 = DIRECTION('',(1.,0.,0.));
#15643 = PLANE('',#15644);
#15644 = AXIS2_PLACEMENT_3D('',#15645,#15646,#15647);
#15645 = CARTESIAN_POINT('',(-49.5,-37.,51.15));
#15646 = DIRECTION('',(0.,0.,1.));
#15647 = DIRECTION('',(1.,0.,0.));
#15648 = ADVANCED_FACE('',(#15649,#15652),#15663,.F.);
#15649 = FACE_BOUND('',#15650,.F.);
#15650 = EDGE_LOOP('',(#15651));
#15651 = ORIENTED_EDGE('',*,*,#15616,.T.);
#15652 = FACE_BOUND('',#15653,.F.);
#15653 = EDGE_LOOP('',(#15654));
#15654 = ORIENTED_EDGE('',*,*,#15655,.F.);
#15655 = EDGE_CURVE('',#15656,#15656,#15658,.T.);
#15656 = VERTEX_POINT('',#15657);
#15657 = CARTESIAN_POINT('',(-48.02,-37.,49.5));
#15658 = CIRCLE('',#15659,1.48);
#15659 = AXIS2_PLACEMENT_3D('',#15660,#15661,#15662);
#15660 = CARTESIAN_POINT('',(-49.5,-37.,49.5));
#15661 = DIRECTION('',(0.,0.,1.));
#15662 = DIRECTION('',(1.,0.,0.));
#15663 = PLANE('',#15664);
#15664 = AXIS2_PLACEMENT_3D('',#15665,#15666,#15667);
#15665 = CARTESIAN_POINT('',(-49.5,-37.,49.5));
#15666 = DIRECTION('',(0.,0.,1.));
#15667 = DIRECTION('',(1.,0.,0.));
#15668 = ADVANCED_FACE('',(#15669),#15688,.F.);
#15669 = FACE_BOUND('',#15670,.F.);
#15670 = EDGE_LOOP('',(#15671,#15672,#15680,#15687));
#15671 = ORIENTED_EDGE('',*,*,#15635,.F.);
#15672 = ORIENTED_EDGE('',*,*,#15673,.F.);
#15673 = EDGE_CURVE('',#15674,#15636,#15676,.T.);
#15674 = VERTEX_POINT('',#15675);
#15675 = CARTESIAN_POINT('',(-48.5,-37.,50.));
#15676 = LINE('',#15677,#15678);
#15677 = CARTESIAN_POINT('',(-48.5,-37.,50.));
#15678 = VECTOR('',#15679,1.);
#15679 = DIRECTION('',(0.,0.,1.));
#15680 = ORIENTED_EDGE('',*,*,#15681,.T.);
#15681 = EDGE_CURVE('',#15674,#15674,#15682,.T.);
#15682 = CIRCLE('',#15683,1.);
#15683 = AXIS2_PLACEMENT_3D('',#15684,#15685,#15686);
#15684 = CARTESIAN_POINT('',(-49.5,-37.,50.));
#15685 = DIRECTION('',(0.,0.,1.));
#15686 = DIRECTION('',(1.,0.,0.));
#15687 = ORIENTED_EDGE('',*,*,#15673,.T.);
#15688 = CYLINDRICAL_SURFACE('',#15689,1.);
#15689 = AXIS2_PLACEMENT_3D('',#15690,#15691,#15692);
#15690 = CARTESIAN_POINT('',(-49.5,-37.,50.));
#15691 = DIRECTION('',(0.,0.,1.));
#15692 = DIRECTION('',(1.,0.,0.));
#15693 = ADVANCED_FACE('',(#15694),#15713,.T.);
#15694 = FACE_BOUND('',#15695,.T.);
#15695 = EDGE_LOOP('',(#15696,#15697,#15705,#15712));
#15696 = ORIENTED_EDGE('',*,*,#15655,.F.);
#15697 = ORIENTED_EDGE('',*,*,#15698,.F.);
#15698 = EDGE_CURVE('',#15699,#15656,#15701,.T.);
#15699 = VERTEX_POINT('',#15700);
#15700 = CARTESIAN_POINT('',(-48.02,-37.,33.5));
#15701 = LINE('',#15702,#15703);
#15702 = CARTESIAN_POINT('',(-48.02,-37.,33.5));
#15703 = VECTOR('',#15704,1.);
#15704 = DIRECTION('',(0.,0.,1.));
#15705 = ORIENTED_EDGE('',*,*,#15706,.T.);
#15706 = EDGE_CURVE('',#15699,#15699,#15707,.T.);
#15707 = CIRCLE('',#15708,1.48);
#15708 = AXIS2_PLACEMENT_3D('',#15709,#15710,#15711);
#15709 = CARTESIAN_POINT('',(-49.5,-37.,33.5));
#15710 = DIRECTION('',(0.,0.,1.));
#15711 = DIRECTION('',(1.,0.,0.));
#15712 = ORIENTED_EDGE('',*,*,#15698,.T.);
#15713 = CYLINDRICAL_SURFACE('',#15714,1.48);
#15714 = AXIS2_PLACEMENT_3D('',#15715,#15716,#15717);
#15715 = CARTESIAN_POINT('',(-49.5,-37.,33.5));
#15716 = DIRECTION('',(0.,0.,1.));
#15717 = DIRECTION('',(1.,0.,0.));
#15718 = ADVANCED_FACE('',(#15719),#15722,.T.);
#15719 = FACE_BOUND('',#15720,.F.);
#15720 = EDGE_LOOP('',(#15721));
#15721 = ORIENTED_EDGE('',*,*,#15681,.F.);
#15722 = PLANE('',#15723);
#15723 = AXIS2_PLACEMENT_3D('',#15724,#15725,#15726);
#15724 = CARTESIAN_POINT('',(-49.5,-37.,50.));
#15725 = DIRECTION('',(0.,0.,1.));
#15726 = DIRECTION('',(1.,0.,0.));
#15727 = ADVANCED_FACE('',(#15728),#15731,.F.);
#15728 = FACE_BOUND('',#15729,.T.);
#15729 = EDGE_LOOP('',(#15730));
#15730 = ORIENTED_EDGE('',*,*,#15706,.F.);
#15731 = PLANE('',#15732);
#15732 = AXIS2_PLACEMENT_3D('',#15733,#15734,#15735);
#15733 = CARTESIAN_POINT('',(-49.5,-37.,33.5));
#15734 = DIRECTION('',(0.,0.,1.));
#15735 = DIRECTION('',(1.,0.,0.));
#15736 = MANIFOLD_SOLID_BREP('',#15737);
#15737 = CLOSED_SHELL('',(#15738,#15771,#15791,#15811,#15836,#15861,
    #15870));
#15738 = ADVANCED_FACE('',(#15739),#15766,.T.);
#15739 = FACE_BOUND('',#15740,.T.);
#15740 = EDGE_LOOP('',(#15741,#15750,#15758,#15765));
#15741 = ORIENTED_EDGE('',*,*,#15742,.F.);
#15742 = EDGE_CURVE('',#15743,#15743,#15745,.T.);
#15743 = VERTEX_POINT('',#15744);
#15744 = CARTESIAN_POINT('',(52.35,-37.,51.15));
#15745 = CIRCLE('',#15746,2.85);
#15746 = AXIS2_PLACEMENT_3D('',#15747,#15748,#15749);
#15747 = CARTESIAN_POINT('',(49.5,-37.,51.15));
#15748 = DIRECTION('',(0.,0.,1.));
#15749 = DIRECTION('',(1.,0.,0.));
#15750 = ORIENTED_EDGE('',*,*,#15751,.F.);
#15751 = EDGE_CURVE('',#15752,#15743,#15754,.T.);
#15752 = VERTEX_POINT('',#15753);
#15753 = CARTESIAN_POINT('',(52.35,-37.,49.5));
#15754 = LINE('',#15755,#15756);
#15755 = CARTESIAN_POINT('',(52.35,-37.,49.5));
#15756 = VECTOR('',#15757,1.);
#15757 = DIRECTION('',(0.,0.,1.));
#15758 = ORIENTED_EDGE('',*,*,#15759,.T.);
#15759 = EDGE_CURVE('',#15752,#15752,#15760,.T.);
#15760 = CIRCLE('',#15761,2.85);
#15761 = AXIS2_PLACEMENT_3D('',#15762,#15763,#15764);
#15762 = CARTESIAN_POINT('',(49.5,-37.,49.5));
#15763 = DIRECTION('',(0.,0.,1.));
#15764 = DIRECTION('',(1.,0.,0.));
#15765 = ORIENTED_EDGE('',*,*,#15751,.T.);
#15766 = CYLINDRICAL_SURFACE('',#15767,2.85);
#15767 = AXIS2_PLACEMENT_3D('',#15768,#15769,#15770);
#15768 = CARTESIAN_POINT('',(49.5,-37.,49.5));
#15769 = DIRECTION('',(0.,0.,1.));
#15770 = DIRECTION('',(1.,0.,0.));
#15771 = ADVANCED_FACE('',(#15772,#15775),#15786,.T.);
#15772 = FACE_BOUND('',#15773,.T.);
#15773 = EDGE_LOOP('',(#15774));
#15774 = ORIENTED_EDGE('',*,*,#15742,.T.);
#15775 = FACE_BOUND('',#15776,.T.);
#15776 = EDGE_LOOP('',(#15777));
#15777 = ORIENTED_EDGE('',*,*,#15778,.F.);
#15778 = EDGE_CURVE('',#15779,#15779,#15781,.T.);
#15779 = VERTEX_POINT('',#15780);
#15780 = CARTESIAN_POINT('',(50.5,-37.,51.15));
#15781 = CIRCLE('',#15782,1.);
#15782 = AXIS2_PLACEMENT_3D('',#15783,#15784,#15785);
#15783 = CARTESIAN_POINT('',(49.5,-37.,51.15));
#15784 = DIRECTION('',(0.,0.,1.));
#15785 = DIRECTION('',(1.,0.,0.));
#15786 = PLANE('',#15787);
#15787 = AXIS2_PLACEMENT_3D('',#15788,#15789,#15790);
#15788 = CARTESIAN_POINT('',(49.5,-37.,51.15));
#15789 = DIRECTION('',(0.,0.,1.));
#15790 = DIRECTION('',(1.,0.,0.));
#15791 = ADVANCED_FACE('',(#15792,#15795),#15806,.F.);
#15792 = FACE_BOUND('',#15793,.F.);
#15793 = EDGE_LOOP('',(#15794));
#15794 = ORIENTED_EDGE('',*,*,#15759,.T.);
#15795 = FACE_BOUND('',#15796,.F.);
#15796 = EDGE_LOOP('',(#15797));
#15797 = ORIENTED_EDGE('',*,*,#15798,.F.);
#15798 = EDGE_CURVE('',#15799,#15799,#15801,.T.);
#15799 = VERTEX_POINT('',#15800);
#15800 = CARTESIAN_POINT('',(50.98,-37.,49.5));
#15801 = CIRCLE('',#15802,1.48);
#15802 = AXIS2_PLACEMENT_3D('',#15803,#15804,#15805);
#15803 = CARTESIAN_POINT('',(49.5,-37.,49.5));
#15804 = DIRECTION('',(0.,0.,1.));
#15805 = DIRECTION('',(1.,0.,0.));
#15806 = PLANE('',#15807);
#15807 = AXIS2_PLACEMENT_3D('',#15808,#15809,#15810);
#15808 = CARTESIAN_POINT('',(49.5,-37.,49.5));
#15809 = DIRECTION('',(0.,0.,1.));
#15810 = DIRECTION('',(1.,0.,0.));
#15811 = ADVANCED_FACE('',(#15812),#15831,.F.);
#15812 = FACE_BOUND('',#15813,.F.);
#15813 = EDGE_LOOP('',(#15814,#15815,#15823,#15830));
#15814 = ORIENTED_EDGE('',*,*,#15778,.F.);
#15815 = ORIENTED_EDGE('',*,*,#15816,.F.);
#15816 = EDGE_CURVE('',#15817,#15779,#15819,.T.);
#15817 = VERTEX_POINT('',#15818);
#15818 = CARTESIAN_POINT('',(50.5,-37.,50.));
#15819 = LINE('',#15820,#15821);
#15820 = CARTESIAN_POINT('',(50.5,-37.,50.));
#15821 = VECTOR('',#15822,1.);
#15822 = DIRECTION('',(0.,0.,1.));
#15823 = ORIENTED_EDGE('',*,*,#15824,.T.);
#15824 = EDGE_CURVE('',#15817,#15817,#15825,.T.);
#15825 = CIRCLE('',#15826,1.);
#15826 = AXIS2_PLACEMENT_3D('',#15827,#15828,#15829);
#15827 = CARTESIAN_POINT('',(49.5,-37.,50.));
#15828 = DIRECTION('',(0.,0.,1.));
#15829 = DIRECTION('',(1.,0.,0.));
#15830 = ORIENTED_EDGE('',*,*,#15816,.T.);
#15831 = CYLINDRICAL_SURFACE('',#15832,1.);
#15832 = AXIS2_PLACEMENT_3D('',#15833,#15834,#15835);
#15833 = CARTESIAN_POINT('',(49.5,-37.,50.));
#15834 = DIRECTION('',(0.,0.,1.));
#15835 = DIRECTION('',(1.,0.,0.));
#15836 = ADVANCED_FACE('',(#15837),#15856,.T.);
#15837 = FACE_BOUND('',#15838,.T.);
#15838 = EDGE_LOOP('',(#15839,#15840,#15848,#15855));
#15839 = ORIENTED_EDGE('',*,*,#15798,.F.);
#15840 = ORIENTED_EDGE('',*,*,#15841,.F.);
#15841 = EDGE_CURVE('',#15842,#15799,#15844,.T.);
#15842 = VERTEX_POINT('',#15843);
#15843 = CARTESIAN_POINT('',(50.98,-37.,33.5));
#15844 = LINE('',#15845,#15846);
#15845 = CARTESIAN_POINT('',(50.98,-37.,33.5));
#15846 = VECTOR('',#15847,1.);
#15847 = DIRECTION('',(0.,0.,1.));
#15848 = ORIENTED_EDGE('',*,*,#15849,.T.);
#15849 = EDGE_CURVE('',#15842,#15842,#15850,.T.);
#15850 = CIRCLE('',#15851,1.48);
#15851 = AXIS2_PLACEMENT_3D('',#15852,#15853,#15854);
#15852 = CARTESIAN_POINT('',(49.5,-37.,33.5));
#15853 = DIRECTION('',(0.,0.,1.));
#15854 = DIRECTION('',(1.,0.,0.));
#15855 = ORIENTED_EDGE('',*,*,#15841,.T.);
#15856 = CYLINDRICAL_SURFACE('',#15857,1.48);
#15857 = AXIS2_PLACEMENT_3D('',#15858,#15859,#15860);
#15858 = CARTESIAN_POINT('',(49.5,-37.,33.5));
#15859 = DIRECTION('',(0.,0.,1.));
#15860 = DIRECTION('',(1.,0.,0.));
#15861 = ADVANCED_FACE('',(#15862),#15865,.T.);
#15862 = FACE_BOUND('',#15863,.F.);
#15863 = EDGE_LOOP('',(#15864));
#15864 = ORIENTED_EDGE('',*,*,#15824,.F.);
#15865 = PLANE('',#15866);
#15866 = AXIS2_PLACEMENT_3D('',#15867,#15868,#15869);
#15867 = CARTESIAN_POINT('',(49.5,-37.,50.));
#15868 = DIRECTION('',(0.,0.,1.));
#15869 = DIRECTION('',(1.,0.,0.));
#15870 = ADVANCED_FACE('',(#15871),#15874,.F.);
#15871 = FACE_BOUND('',#15872,.T.);
#15872 = EDGE_LOOP('',(#15873));
#15873 = ORIENTED_EDGE('',*,*,#15849,.F.);
#15874 = PLANE('',#15875);
#15875 = AXIS2_PLACEMENT_3D('',#15876,#15877,#15878);
#15876 = CARTESIAN_POINT('',(49.5,-37.,33.5));
#15877 = DIRECTION('',(0.,0.,1.));
#15878 = DIRECTION('',(1.,0.,0.));
#15879 = MANIFOLD_SOLID_BREP('',#15880);
#15880 = CLOSED_SHELL('',(#15881,#15914,#15934,#15954,#15979,#16004,
    #16013));
#15881 = ADVANCED_FACE('',(#15882),#15909,.T.);
#15882 = FACE_BOUND('',#15883,.T.);
#15883 = EDGE_LOOP('',(#15884,#15893,#15901,#15908));
#15884 = ORIENTED_EDGE('',*,*,#15885,.F.);
#15885 = EDGE_CURVE('',#15886,#15886,#15888,.T.);
#15886 = VERTEX_POINT('',#15887);
#15887 = CARTESIAN_POINT('',(-46.65,37.,51.15));
#15888 = CIRCLE('',#15889,2.85);
#15889 = AXIS2_PLACEMENT_3D('',#15890,#15891,#15892);
#15890 = CARTESIAN_POINT('',(-49.5,37.,51.15));
#15891 = DIRECTION('',(0.,0.,1.));
#15892 = DIRECTION('',(1.,0.,0.));
#15893 = ORIENTED_EDGE('',*,*,#15894,.F.);
#15894 = EDGE_CURVE('',#15895,#15886,#15897,.T.);
#15895 = VERTEX_POINT('',#15896);
#15896 = CARTESIAN_POINT('',(-46.65,37.,49.5));
#15897 = LINE('',#15898,#15899);
#15898 = CARTESIAN_POINT('',(-46.65,37.,49.5));
#15899 = VECTOR('',#15900,1.);
#15900 = DIRECTION('',(0.,0.,1.));
#15901 = ORIENTED_EDGE('',*,*,#15902,.T.);
#15902 = EDGE_CURVE('',#15895,#15895,#15903,.T.);
#15903 = CIRCLE('',#15904,2.85);
#15904 = AXIS2_PLACEMENT_3D('',#15905,#15906,#15907);
#15905 = CARTESIAN_POINT('',(-49.5,37.,49.5));
#15906 = DIRECTION('',(0.,0.,1.));
#15907 = DIRECTION('',(1.,0.,0.));
#15908 = ORIENTED_EDGE('',*,*,#15894,.T.);
#15909 = CYLINDRICAL_SURFACE('',#15910,2.85);
#15910 = AXIS2_PLACEMENT_3D('',#15911,#15912,#15913);
#15911 = CARTESIAN_POINT('',(-49.5,37.,49.5));
#15912 = DIRECTION('',(0.,0.,1.));
#15913 = DIRECTION('',(1.,0.,0.));
#15914 = ADVANCED_FACE('',(#15915,#15918),#15929,.T.);
#15915 = FACE_BOUND('',#15916,.T.);
#15916 = EDGE_LOOP('',(#15917));
#15917 = ORIENTED_EDGE('',*,*,#15885,.T.);
#15918 = FACE_BOUND('',#15919,.T.);
#15919 = EDGE_LOOP('',(#15920));
#15920 = ORIENTED_EDGE('',*,*,#15921,.F.);
#15921 = EDGE_CURVE('',#15922,#15922,#15924,.T.);
#15922 = VERTEX_POINT('',#15923);
#15923 = CARTESIAN_POINT('',(-48.5,37.,51.15));
#15924 = CIRCLE('',#15925,1.);
#15925 = AXIS2_PLACEMENT_3D('',#15926,#15927,#15928);
#15926 = CARTESIAN_POINT('',(-49.5,37.,51.15));
#15927 = DIRECTION('',(0.,0.,1.));
#15928 = DIRECTION('',(1.,0.,0.));
#15929 = PLANE('',#15930);
#15930 = AXIS2_PLACEMENT_3D('',#15931,#15932,#15933);
#15931 = CARTESIAN_POINT('',(-49.5,37.,51.15));
#15932 = DIRECTION('',(0.,0.,1.));
#15933 = DIRECTION('',(1.,0.,0.));
#15934 = ADVANCED_FACE('',(#15935,#15938),#15949,.F.);
#15935 = FACE_BOUND('',#15936,.F.);
#15936 = EDGE_LOOP('',(#15937));
#15937 = ORIENTED_EDGE('',*,*,#15902,.T.);
#15938 = FACE_BOUND('',#15939,.F.);
#15939 = EDGE_LOOP('',(#15940));
#15940 = ORIENTED_EDGE('',*,*,#15941,.F.);
#15941 = EDGE_CURVE('',#15942,#15942,#15944,.T.);
#15942 = VERTEX_POINT('',#15943);
#15943 = CARTESIAN_POINT('',(-48.02,37.,49.5));
#15944 = CIRCLE('',#15945,1.48);
#15945 = AXIS2_PLACEMENT_3D('',#15946,#15947,#15948);
#15946 = CARTESIAN_POINT('',(-49.5,37.,49.5));
#15947 = DIRECTION('',(0.,0.,1.));
#15948 = DIRECTION('',(1.,0.,0.));
#15949 = PLANE('',#15950);
#15950 = AXIS2_PLACEMENT_3D('',#15951,#15952,#15953);
#15951 = CARTESIAN_POINT('',(-49.5,37.,49.5));
#15952 = DIRECTION('',(0.,0.,1.));
#15953 = DIRECTION('',(1.,0.,0.));
#15954 = ADVANCED_FACE('',(#15955),#15974,.F.);
#15955 = FACE_BOUND('',#15956,.F.);
#15956 = EDGE_LOOP('',(#15957,#15958,#15966,#15973));
#15957 = ORIENTED_EDGE('',*,*,#15921,.F.);
#15958 = ORIENTED_EDGE('',*,*,#15959,.F.);
#15959 = EDGE_CURVE('',#15960,#15922,#15962,.T.);
#15960 = VERTEX_POINT('',#15961);
#15961 = CARTESIAN_POINT('',(-48.5,37.,50.));
#15962 = LINE('',#15963,#15964);
#15963 = CARTESIAN_POINT('',(-48.5,37.,50.));
#15964 = VECTOR('',#15965,1.);
#15965 = DIRECTION('',(0.,0.,1.));
#15966 = ORIENTED_EDGE('',*,*,#15967,.T.);
#15967 = EDGE_CURVE('',#15960,#15960,#15968,.T.);
#15968 = CIRCLE('',#15969,1.);
#15969 = AXIS2_PLACEMENT_3D('',#15970,#15971,#15972);
#15970 = CARTESIAN_POINT('',(-49.5,37.,50.));
#15971 = DIRECTION('',(0.,0.,1.));
#15972 = DIRECTION('',(1.,0.,0.));
#15973 = ORIENTED_EDGE('',*,*,#15959,.T.);
#15974 = CYLINDRICAL_SURFACE('',#15975,1.);
#15975 = AXIS2_PLACEMENT_3D('',#15976,#15977,#15978);
#15976 = CARTESIAN_POINT('',(-49.5,37.,50.));
#15977 = DIRECTION('',(0.,0.,1.));
#15978 = DIRECTION('',(1.,0.,0.));
#15979 = ADVANCED_FACE('',(#15980),#15999,.T.);
#15980 = FACE_BOUND('',#15981,.T.);
#15981 = EDGE_LOOP('',(#15982,#15983,#15991,#15998));
#15982 = ORIENTED_EDGE('',*,*,#15941,.F.);
#15983 = ORIENTED_EDGE('',*,*,#15984,.F.);
#15984 = EDGE_CURVE('',#15985,#15942,#15987,.T.);
#15985 = VERTEX_POINT('',#15986);
#15986 = CARTESIAN_POINT('',(-48.02,37.,33.5));
#15987 = LINE('',#15988,#15989);
#15988 = CARTESIAN_POINT('',(-48.02,37.,33.5));
#15989 = VECTOR('',#15990,1.);
#15990 = DIRECTION('',(0.,0.,1.));
#15991 = ORIENTED_EDGE('',*,*,#15992,.T.);
#15992 = EDGE_CURVE('',#15985,#15985,#15993,.T.);
#15993 = CIRCLE('',#15994,1.48);
#15994 = AXIS2_PLACEMENT_3D('',#15995,#15996,#15997);
#15995 = CARTESIAN_POINT('',(-49.5,37.,33.5));
#15996 = DIRECTION('',(0.,0.,1.));
#15997 = DIRECTION('',(1.,0.,0.));
#15998 = ORIENTED_EDGE('',*,*,#15984,.T.);
#15999 = CYLINDRICAL_SURFACE('',#16000,1.48);
#16000 = AXIS2_PLACEMENT_3D('',#16001,#16002,#16003);
#16001 = CARTESIAN_POINT('',(-49.5,37.,33.5));
#16002 = DIRECTION('',(0.,0.,1.));
#16003 = DIRECTION('',(1.,0.,0.));
#16004 = ADVANCED_FACE('',(#16005),#16008,.T.);
#16005 = FACE_BOUND('',#16006,.F.);
#16006 = EDGE_LOOP('',(#16007));
#16007 = ORIENTED_EDGE('',*,*,#15967,.F.);
#16008 = PLANE('',#16009);
#16009 = AXIS2_PLACEMENT_3D('',#16010,#16011,#16012);
#16010 = CARTESIAN_POINT('',(-49.5,37.,50.));
#16011 = DIRECTION('',(0.,0.,1.));
#16012 = DIRECTION('',(1.,0.,0.));
#16013 = ADVANCED_FACE('',(#16014),#16017,.F.);
#16014 = FACE_BOUND('',#16015,.T.);
#16015 = EDGE_LOOP('',(#16016));
#16016 = ORIENTED_EDGE('',*,*,#15992,.F.);
#16017 = PLANE('',#16018);
#16018 = AXIS2_PLACEMENT_3D('',#16019,#16020,#16021);
#16019 = CARTESIAN_POINT('',(-49.5,37.,33.5));
#16020 = DIRECTION('',(0.,0.,1.));
#16021 = DIRECTION('',(1.,0.,0.));
#16022 = MANIFOLD_SOLID_BREP('',#16023);
#16023 = CLOSED_SHELL('',(#16024,#16057,#16077,#16097,#16122,#16147,
    #16156));
#16024 = ADVANCED_FACE('',(#16025),#16052,.T.);
#16025 = FACE_BOUND('',#16026,.T.);
#16026 = EDGE_LOOP('',(#16027,#16036,#16044,#16051));
#16027 = ORIENTED_EDGE('',*,*,#16028,.F.);
#16028 = EDGE_CURVE('',#16029,#16029,#16031,.T.);
#16029 = VERTEX_POINT('',#16030);
#16030 = CARTESIAN_POINT('',(52.35,37.,51.15));
#16031 = CIRCLE('',#16032,2.85);
#16032 = AXIS2_PLACEMENT_3D('',#16033,#16034,#16035);
#16033 = CARTESIAN_POINT('',(49.5,37.,51.15));
#16034 = DIRECTION('',(0.,0.,1.));
#16035 = DIRECTION('',(1.,0.,0.));
#16036 = ORIENTED_EDGE('',*,*,#16037,.F.);
#16037 = EDGE_CURVE('',#16038,#16029,#16040,.T.);
#16038 = VERTEX_POINT('',#16039);
#16039 = CARTESIAN_POINT('',(52.35,37.,49.5));
#16040 = LINE('',#16041,#16042);
#16041 = CARTESIAN_POINT('',(52.35,37.,49.5));
#16042 = VECTOR('',#16043,1.);
#16043 = DIRECTION('',(0.,0.,1.));
#16044 = ORIENTED_EDGE('',*,*,#16045,.T.);
#16045 = EDGE_CURVE('',#16038,#16038,#16046,.T.);
#16046 = CIRCLE('',#16047,2.85);
#16047 = AXIS2_PLACEMENT_3D('',#16048,#16049,#16050);
#16048 = CARTESIAN_POINT('',(49.5,37.,49.5));
#16049 = DIRECTION('',(0.,0.,1.));
#16050 = DIRECTION('',(1.,0.,0.));
#16051 = ORIENTED_EDGE('',*,*,#16037,.T.);
#16052 = CYLINDRICAL_SURFACE('',#16053,2.85);
#16053 = AXIS2_PLACEMENT_3D('',#16054,#16055,#16056);
#16054 = CARTESIAN_POINT('',(49.5,37.,49.5));
#16055 = DIRECTION('',(0.,0.,1.));
#16056 = DIRECTION('',(1.,0.,0.));
#16057 = ADVANCED_FACE('',(#16058,#16061),#16072,.T.);
#16058 = FACE_BOUND('',#16059,.T.);
#16059 = EDGE_LOOP('',(#16060));
#16060 = ORIENTED_EDGE('',*,*,#16028,.T.);
#16061 = FACE_BOUND('',#16062,.T.);
#16062 = EDGE_LOOP('',(#16063));
#16063 = ORIENTED_EDGE('',*,*,#16064,.F.);
#16064 = EDGE_CURVE('',#16065,#16065,#16067,.T.);
#16065 = VERTEX_POINT('',#16066);
#16066 = CARTESIAN_POINT('',(50.5,37.,51.15));
#16067 = CIRCLE('',#16068,1.);
#16068 = AXIS2_PLACEMENT_3D('',#16069,#16070,#16071);
#16069 = CARTESIAN_POINT('',(49.5,37.,51.15));
#16070 = DIRECTION('',(0.,0.,1.));
#16071 = DIRECTION('',(1.,0.,0.));
#16072 = PLANE('',#16073);
#16073 = AXIS2_PLACEMENT_3D('',#16074,#16075,#16076);
#16074 = CARTESIAN_POINT('',(49.5,37.,51.15));
#16075 = DIRECTION('',(0.,0.,1.));
#16076 = DIRECTION('',(1.,0.,0.));
#16077 = ADVANCED_FACE('',(#16078,#16081),#16092,.F.);
#16078 = FACE_BOUND('',#16079,.F.);
#16079 = EDGE_LOOP('',(#16080));
#16080 = ORIENTED_EDGE('',*,*,#16045,.T.);
#16081 = FACE_BOUND('',#16082,.F.);
#16082 = EDGE_LOOP('',(#16083));
#16083 = ORIENTED_EDGE('',*,*,#16084,.F.);
#16084 = EDGE_CURVE('',#16085,#16085,#16087,.T.);
#16085 = VERTEX_POINT('',#16086);
#16086 = CARTESIAN_POINT('',(50.98,37.,49.5));
#16087 = CIRCLE('',#16088,1.48);
#16088 = AXIS2_PLACEMENT_3D('',#16089,#16090,#16091);
#16089 = CARTESIAN_POINT('',(49.5,37.,49.5));
#16090 = DIRECTION('',(0.,0.,1.));
#16091 = DIRECTION('',(1.,0.,0.));
#16092 = PLANE('',#16093);
#16093 = AXIS2_PLACEMENT_3D('',#16094,#16095,#16096);
#16094 = CARTESIAN_POINT('',(49.5,37.,49.5));
#16095 = DIRECTION('',(0.,0.,1.));
#16096 = DIRECTION('',(1.,0.,0.));
#16097 = ADVANCED_FACE('',(#16098),#16117,.F.);
#16098 = FACE_BOUND('',#16099,.F.);
#16099 = EDGE_LOOP('',(#16100,#16101,#16109,#16116));
#16100 = ORIENTED_EDGE('',*,*,#16064,.F.);
#16101 = ORIENTED_EDGE('',*,*,#16102,.F.);
#16102 = EDGE_CURVE('',#16103,#16065,#16105,.T.);
#16103 = VERTEX_POINT('',#16104);
#16104 = CARTESIAN_POINT('',(50.5,37.,50.));
#16105 = LINE('',#16106,#16107);
#16106 = CARTESIAN_POINT('',(50.5,37.,50.));
#16107 = VECTOR('',#16108,1.);
#16108 = DIRECTION('',(0.,0.,1.));
#16109 = ORIENTED_EDGE('',*,*,#16110,.T.);
#16110 = EDGE_CURVE('',#16103,#16103,#16111,.T.);
#16111 = CIRCLE('',#16112,1.);
#16112 = AXIS2_PLACEMENT_3D('',#16113,#16114,#16115);
#16113 = CARTESIAN_POINT('',(49.5,37.,50.));
#16114 = DIRECTION('',(0.,0.,1.));
#16115 = DIRECTION('',(1.,0.,0.));
#16116 = ORIENTED_EDGE('',*,*,#16102,.T.);
#16117 = CYLINDRICAL_SURFACE('',#16118,1.);
#16118 = AXIS2_PLACEMENT_3D('',#16119,#16120,#16121);
#16119 = CARTESIAN_POINT('',(49.5,37.,50.));
#16120 = DIRECTION('',(0.,0.,1.));
#16121 = DIRECTION('',(1.,0.,0.));
#16122 = ADVANCED_FACE('',(#16123),#16142,.T.);
#16123 = FACE_BOUND('',#16124,.T.);
#16124 = EDGE_LOOP('',(#16125,#16126,#16134,#16141));
#16125 = ORIENTED_EDGE('',*,*,#16084,.F.);
#16126 = ORIENTED_EDGE('',*,*,#16127,.F.);
#16127 = EDGE_CURVE('',#16128,#16085,#16130,.T.);
#16128 = VERTEX_POINT('',#16129);
#16129 = CARTESIAN_POINT('',(50.98,37.,33.5));
#16130 = LINE('',#16131,#16132);
#16131 = CARTESIAN_POINT('',(50.98,37.,33.5));
#16132 = VECTOR('',#16133,1.);
#16133 = DIRECTION('',(0.,0.,1.));
#16134 = ORIENTED_EDGE('',*,*,#16135,.T.);
#16135 = EDGE_CURVE('',#16128,#16128,#16136,.T.);
#16136 = CIRCLE('',#16137,1.48);
#16137 = AXIS2_PLACEMENT_3D('',#16138,#16139,#16140);
#16138 = CARTESIAN_POINT('',(49.5,37.,33.5));
#16139 = DIRECTION('',(0.,0.,1.));
#16140 = DIRECTION('',(1.,0.,0.));
#16141 = ORIENTED_EDGE('',*,*,#16127,.T.);
#16142 = CYLINDRICAL_SURFACE('',#16143,1.48);
#16143 = AXIS2_PLACEMENT_3D('',#16144,#16145,#16146);
#16144 = CARTESIAN_POINT('',(49.5,37.,33.5));
#16145 = DIRECTION('',(0.,0.,1.));
#16146 = DIRECTION('',(1.,0.,0.));
#16147 = ADVANCED_FACE('',(#16148),#16151,.T.);
#16148 = FACE_BOUND('',#16149,.F.);
#16149 = EDGE_LOOP('',(#16150));
#16150 = ORIENTED_EDGE('',*,*,#16110,.F.);
#16151 = PLANE('',#16152);
#16152 = AXIS2_PLACEMENT_3D('',#16153,#16154,#16155);
#16153 = CARTESIAN_POINT('',(49.5,37.,50.));
#16154 = DIRECTION('',(0.,0.,1.));
#16155 = DIRECTION('',(1.,0.,0.));
#16156 = ADVANCED_FACE('',(#16157),#16160,.F.);
#16157 = FACE_BOUND('',#16158,.T.);
#16158 = EDGE_LOOP('',(#16159));
#16159 = ORIENTED_EDGE('',*,*,#16135,.F.);
#16160 = PLANE('',#16161);
#16161 = AXIS2_PLACEMENT_3D('',#16162,#16163,#16164);
#16162 = CARTESIAN_POINT('',(49.5,37.,33.5));
#16163 = DIRECTION('',(0.,0.,1.));
#16164 = DIRECTION('',(1.,0.,0.));
#16165 = MANIFOLD_SOLID_BREP('',#16166);
#16166 = CLOSED_SHELL('',(#16167,#16200,#16220,#16240,#16265,#16290,
    #16299));
#16167 = ADVANCED_FACE('',(#16168),#16195,.T.);
#16168 = FACE_BOUND('',#16169,.T.);
#16169 = EDGE_LOOP('',(#16170,#16179,#16187,#16194));
#16170 = ORIENTED_EDGE('',*,*,#16171,.F.);
#16171 = EDGE_CURVE('',#16172,#16172,#16174,.T.);
#16172 = VERTEX_POINT('',#16173);
#16173 = CARTESIAN_POINT('',(-37.15,-27.5,25.75));
#16174 = CIRCLE('',#16175,2.85);
#16175 = AXIS2_PLACEMENT_3D('',#16176,#16177,#16178);
#16176 = CARTESIAN_POINT('',(-40.,-27.5,25.75));
#16177 = DIRECTION('',(0.,0.,1.));
#16178 = DIRECTION('',(1.,0.,0.));
#16179 = ORIENTED_EDGE('',*,*,#16180,.F.);
#16180 = EDGE_CURVE('',#16181,#16172,#16183,.T.);
#16181 = VERTEX_POINT('',#16182);
#16182 = CARTESIAN_POINT('',(-37.15,-27.5,24.1));
#16183 = LINE('',#16184,#16185);
#16184 = CARTESIAN_POINT('',(-37.15,-27.5,24.1));
#16185 = VECTOR('',#16186,1.);
#16186 = DIRECTION('',(0.,0.,1.));
#16187 = ORIENTED_EDGE('',*,*,#16188,.T.);
#16188 = EDGE_CURVE('',#16181,#16181,#16189,.T.);
#16189 = CIRCLE('',#16190,2.85);
#16190 = AXIS2_PLACEMENT_3D('',#16191,#16192,#16193);
#16191 = CARTESIAN_POINT('',(-40.,-27.5,24.1));
#16192 = DIRECTION('',(0.,0.,1.));
#16193 = DIRECTION('',(1.,0.,0.));
#16194 = ORIENTED_EDGE('',*,*,#16180,.T.);
#16195 = CYLINDRICAL_SURFACE('',#16196,2.85);
#16196 = AXIS2_PLACEMENT_3D('',#16197,#16198,#16199);
#16197 = CARTESIAN_POINT('',(-40.,-27.5,24.1));
#16198 = DIRECTION('',(0.,0.,1.));
#16199 = DIRECTION('',(1.,0.,0.));
#16200 = ADVANCED_FACE('',(#16201,#16204),#16215,.T.);
#16201 = FACE_BOUND('',#16202,.T.);
#16202 = EDGE_LOOP('',(#16203));
#16203 = ORIENTED_EDGE('',*,*,#16171,.T.);
#16204 = FACE_BOUND('',#16205,.T.);
#16205 = EDGE_LOOP('',(#16206));
#16206 = ORIENTED_EDGE('',*,*,#16207,.F.);
#16207 = EDGE_CURVE('',#16208,#16208,#16210,.T.);
#16208 = VERTEX_POINT('',#16209);
#16209 = CARTESIAN_POINT('',(-39.,-27.5,25.75));
#16210 = CIRCLE('',#16211,1.);
#16211 = AXIS2_PLACEMENT_3D('',#16212,#16213,#16214);
#16212 = CARTESIAN_POINT('',(-40.,-27.5,25.75));
#16213 = DIRECTION('',(0.,0.,1.));
#16214 = DIRECTION('',(1.,0.,0.));
#16215 = PLANE('',#16216);
#16216 = AXIS2_PLACEMENT_3D('',#16217,#16218,#16219);
#16217 = CARTESIAN_POINT('',(-40.,-27.5,25.75));
#16218 = DIRECTION('',(0.,0.,1.));
#16219 = DIRECTION('',(1.,0.,0.));
#16220 = ADVANCED_FACE('',(#16221,#16224),#16235,.F.);
#16221 = FACE_BOUND('',#16222,.F.);
#16222 = EDGE_LOOP('',(#16223));
#16223 = ORIENTED_EDGE('',*,*,#16188,.T.);
#16224 = FACE_BOUND('',#16225,.F.);
#16225 = EDGE_LOOP('',(#16226));
#16226 = ORIENTED_EDGE('',*,*,#16227,.F.);
#16227 = EDGE_CURVE('',#16228,#16228,#16230,.T.);
#16228 = VERTEX_POINT('',#16229);
#16229 = CARTESIAN_POINT('',(-38.52,-27.5,24.1));
#16230 = CIRCLE('',#16231,1.48);
#16231 = AXIS2_PLACEMENT_3D('',#16232,#16233,#16234);
#16232 = CARTESIAN_POINT('',(-40.,-27.5,24.1));
#16233 = DIRECTION('',(0.,0.,1.));
#16234 = DIRECTION('',(1.,0.,0.));
#16235 = PLANE('',#16236);
#16236 = AXIS2_PLACEMENT_3D('',#16237,#16238,#16239);
#16237 = CARTESIAN_POINT('',(-40.,-27.5,24.1));
#16238 = DIRECTION('',(0.,0.,1.));
#16239 = DIRECTION('',(1.,0.,0.));
#16240 = ADVANCED_FACE('',(#16241),#16260,.F.);
#16241 = FACE_BOUND('',#16242,.F.);
#16242 = EDGE_LOOP('',(#16243,#16244,#16252,#16259));
#16243 = ORIENTED_EDGE('',*,*,#16207,.F.);
#16244 = ORIENTED_EDGE('',*,*,#16245,.F.);
#16245 = EDGE_CURVE('',#16246,#16208,#16248,.T.);
#16246 = VERTEX_POINT('',#16247);
#16247 = CARTESIAN_POINT('',(-39.,-27.5,24.6));
#16248 = LINE('',#16249,#16250);
#16249 = CARTESIAN_POINT('',(-39.,-27.5,24.6));
#16250 = VECTOR('',#16251,1.);
#16251 = DIRECTION('',(0.,0.,1.));
#16252 = ORIENTED_EDGE('',*,*,#16253,.T.);
#16253 = EDGE_CURVE('',#16246,#16246,#16254,.T.);
#16254 = CIRCLE('',#16255,1.);
#16255 = AXIS2_PLACEMENT_3D('',#16256,#16257,#16258);
#16256 = CARTESIAN_POINT('',(-40.,-27.5,24.6));
#16257 = DIRECTION('',(0.,0.,1.));
#16258 = DIRECTION('',(1.,0.,0.));
#16259 = ORIENTED_EDGE('',*,*,#16245,.T.);
#16260 = CYLINDRICAL_SURFACE('',#16261,1.);
#16261 = AXIS2_PLACEMENT_3D('',#16262,#16263,#16264);
#16262 = CARTESIAN_POINT('',(-40.,-27.5,24.6));
#16263 = DIRECTION('',(0.,0.,1.));
#16264 = DIRECTION('',(1.,0.,0.));
#16265 = ADVANCED_FACE('',(#16266),#16285,.T.);
#16266 = FACE_BOUND('',#16267,.T.);
#16267 = EDGE_LOOP('',(#16268,#16269,#16277,#16284));
#16268 = ORIENTED_EDGE('',*,*,#16227,.F.);
#16269 = ORIENTED_EDGE('',*,*,#16270,.F.);
#16270 = EDGE_CURVE('',#16271,#16228,#16273,.T.);
#16271 = VERTEX_POINT('',#16272);
#16272 = CARTESIAN_POINT('',(-38.52,-27.5,18.1));
#16273 = LINE('',#16274,#16275);
#16274 = CARTESIAN_POINT('',(-38.52,-27.5,18.1));
#16275 = VECTOR('',#16276,1.);
#16276 = DIRECTION('',(0.,0.,1.));
#16277 = ORIENTED_EDGE('',*,*,#16278,.T.);
#16278 = EDGE_CURVE('',#16271,#16271,#16279,.T.);
#16279 = CIRCLE('',#16280,1.48);
#16280 = AXIS2_PLACEMENT_3D('',#16281,#16282,#16283);
#16281 = CARTESIAN_POINT('',(-40.,-27.5,18.1));
#16282 = DIRECTION('',(0.,0.,1.));
#16283 = DIRECTION('',(1.,0.,0.));
#16284 = ORIENTED_EDGE('',*,*,#16270,.T.);
#16285 = CYLINDRICAL_SURFACE('',#16286,1.48);
#16286 = AXIS2_PLACEMENT_3D('',#16287,#16288,#16289);
#16287 = CARTESIAN_POINT('',(-40.,-27.5,18.1));
#16288 = DIRECTION('',(0.,0.,1.));
#16289 = DIRECTION('',(1.,0.,0.));
#16290 = ADVANCED_FACE('',(#16291),#16294,.T.);
#16291 = FACE_BOUND('',#16292,.F.);
#16292 = EDGE_LOOP('',(#16293));
#16293 = ORIENTED_EDGE('',*,*,#16253,.F.);
#16294 = PLANE('',#16295);
#16295 = AXIS2_PLACEMENT_3D('',#16296,#16297,#16298);
#16296 = CARTESIAN_POINT('',(-40.,-27.5,24.6));
#16297 = DIRECTION('',(0.,0.,1.));
#16298 = DIRECTION('',(1.,0.,0.));
#16299 = ADVANCED_FACE('',(#16300),#16303,.F.);
#16300 = FACE_BOUND('',#16301,.T.);
#16301 = EDGE_LOOP('',(#16302));
#16302 = ORIENTED_EDGE('',*,*,#16278,.F.);
#16303 = PLANE('',#16304);
#16304 = AXIS2_PLACEMENT_3D('',#16305,#16306,#16307);
#16305 = CARTESIAN_POINT('',(-40.,-27.5,18.1));
#16306 = DIRECTION('',(0.,0.,1.));
#16307 = DIRECTION('',(1.,0.,0.));
#16308 = MANIFOLD_SOLID_BREP('',#16309);
#16309 = CLOSED_SHELL('',(#16310,#16343,#16363,#16383,#16408,#16433,
    #16442));
#16310 = ADVANCED_FACE('',(#16311),#16338,.T.);
#16311 = FACE_BOUND('',#16312,.T.);
#16312 = EDGE_LOOP('',(#16313,#16322,#16330,#16337));
#16313 = ORIENTED_EDGE('',*,*,#16314,.F.);
#16314 = EDGE_CURVE('',#16315,#16315,#16317,.T.);
#16315 = VERTEX_POINT('',#16316);
#16316 = CARTESIAN_POINT('',(42.85,-27.5,25.75));
#16317 = CIRCLE('',#16318,2.85);
#16318 = AXIS2_PLACEMENT_3D('',#16319,#16320,#16321);
#16319 = CARTESIAN_POINT('',(40.,-27.5,25.75));
#16320 = DIRECTION('',(0.,0.,1.));
#16321 = DIRECTION('',(1.,0.,0.));
#16322 = ORIENTED_EDGE('',*,*,#16323,.F.);
#16323 = EDGE_CURVE('',#16324,#16315,#16326,.T.);
#16324 = VERTEX_POINT('',#16325);
#16325 = CARTESIAN_POINT('',(42.85,-27.5,24.1));
#16326 = LINE('',#16327,#16328);
#16327 = CARTESIAN_POINT('',(42.85,-27.5,24.1));
#16328 = VECTOR('',#16329,1.);
#16329 = DIRECTION('',(0.,0.,1.));
#16330 = ORIENTED_EDGE('',*,*,#16331,.T.);
#16331 = EDGE_CURVE('',#16324,#16324,#16332,.T.);
#16332 = CIRCLE('',#16333,2.85);
#16333 = AXIS2_PLACEMENT_3D('',#16334,#16335,#16336);
#16334 = CARTESIAN_POINT('',(40.,-27.5,24.1));
#16335 = DIRECTION('',(0.,0.,1.));
#16336 = DIRECTION('',(1.,0.,0.));
#16337 = ORIENTED_EDGE('',*,*,#16323,.T.);
#16338 = CYLINDRICAL_SURFACE('',#16339,2.85);
#16339 = AXIS2_PLACEMENT_3D('',#16340,#16341,#16342);
#16340 = CARTESIAN_POINT('',(40.,-27.5,24.1));
#16341 = DIRECTION('',(0.,0.,1.));
#16342 = DIRECTION('',(1.,0.,0.));
#16343 = ADVANCED_FACE('',(#16344,#16347),#16358,.T.);
#16344 = FACE_BOUND('',#16345,.T.);
#16345 = EDGE_LOOP('',(#16346));
#16346 = ORIENTED_EDGE('',*,*,#16314,.T.);
#16347 = FACE_BOUND('',#16348,.T.);
#16348 = EDGE_LOOP('',(#16349));
#16349 = ORIENTED_EDGE('',*,*,#16350,.F.);
#16350 = EDGE_CURVE('',#16351,#16351,#16353,.T.);
#16351 = VERTEX_POINT('',#16352);
#16352 = CARTESIAN_POINT('',(41.,-27.5,25.75));
#16353 = CIRCLE('',#16354,1.);
#16354 = AXIS2_PLACEMENT_3D('',#16355,#16356,#16357);
#16355 = CARTESIAN_POINT('',(40.,-27.5,25.75));
#16356 = DIRECTION('',(0.,0.,1.));
#16357 = DIRECTION('',(1.,0.,0.));
#16358 = PLANE('',#16359);
#16359 = AXIS2_PLACEMENT_3D('',#16360,#16361,#16362);
#16360 = CARTESIAN_POINT('',(40.,-27.5,25.75));
#16361 = DIRECTION('',(0.,0.,1.));
#16362 = DIRECTION('',(1.,0.,0.));
#16363 = ADVANCED_FACE('',(#16364,#16367),#16378,.F.);
#16364 = FACE_BOUND('',#16365,.F.);
#16365 = EDGE_LOOP('',(#16366));
#16366 = ORIENTED_EDGE('',*,*,#16331,.T.);
#16367 = FACE_BOUND('',#16368,.F.);
#16368 = EDGE_LOOP('',(#16369));
#16369 = ORIENTED_EDGE('',*,*,#16370,.F.);
#16370 = EDGE_CURVE('',#16371,#16371,#16373,.T.);
#16371 = VERTEX_POINT('',#16372);
#16372 = CARTESIAN_POINT('',(41.48,-27.5,24.1));
#16373 = CIRCLE('',#16374,1.48);
#16374 = AXIS2_PLACEMENT_3D('',#16375,#16376,#16377);
#16375 = CARTESIAN_POINT('',(40.,-27.5,24.1));
#16376 = DIRECTION('',(0.,0.,1.));
#16377 = DIRECTION('',(1.,0.,0.));
#16378 = PLANE('',#16379);
#16379 = AXIS2_PLACEMENT_3D('',#16380,#16381,#16382);
#16380 = CARTESIAN_POINT('',(40.,-27.5,24.1));
#16381 = DIRECTION('',(0.,0.,1.));
#16382 = DIRECTION('',(1.,0.,0.));
#16383 = ADVANCED_FACE('',(#16384),#16403,.F.);
#16384 = FACE_BOUND('',#16385,.F.);
#16385 = EDGE_LOOP('',(#16386,#16387,#16395,#16402));
#16386 = ORIENTED_EDGE('',*,*,#16350,.F.);
#16387 = ORIENTED_EDGE('',*,*,#16388,.F.);
#16388 = EDGE_CURVE('',#16389,#16351,#16391,.T.);
#16389 = VERTEX_POINT('',#16390);
#16390 = CARTESIAN_POINT('',(41.,-27.5,24.6));
#16391 = LINE('',#16392,#16393);
#16392 = CARTESIAN_POINT('',(41.,-27.5,24.6));
#16393 = VECTOR('',#16394,1.);
#16394 = DIRECTION('',(0.,0.,1.));
#16395 = ORIENTED_EDGE('',*,*,#16396,.T.);
#16396 = EDGE_CURVE('',#16389,#16389,#16397,.T.);
#16397 = CIRCLE('',#16398,1.);
#16398 = AXIS2_PLACEMENT_3D('',#16399,#16400,#16401);
#16399 = CARTESIAN_POINT('',(40.,-27.5,24.6));
#16400 = DIRECTION('',(0.,0.,1.));
#16401 = DIRECTION('',(1.,0.,0.));
#16402 = ORIENTED_EDGE('',*,*,#16388,.T.);
#16403 = CYLINDRICAL_SURFACE('',#16404,1.);
#16404 = AXIS2_PLACEMENT_3D('',#16405,#16406,#16407);
#16405 = CARTESIAN_POINT('',(40.,-27.5,24.6));
#16406 = DIRECTION('',(0.,0.,1.));
#16407 = DIRECTION('',(1.,0.,0.));
#16408 = ADVANCED_FACE('',(#16409),#16428,.T.);
#16409 = FACE_BOUND('',#16410,.T.);
#16410 = EDGE_LOOP('',(#16411,#16412,#16420,#16427));
#16411 = ORIENTED_EDGE('',*,*,#16370,.F.);
#16412 = ORIENTED_EDGE('',*,*,#16413,.F.);
#16413 = EDGE_CURVE('',#16414,#16371,#16416,.T.);
#16414 = VERTEX_POINT('',#16415);
#16415 = CARTESIAN_POINT('',(41.48,-27.5,18.1));
#16416 = LINE('',#16417,#16418);
#16417 = CARTESIAN_POINT('',(41.48,-27.5,18.1));
#16418 = VECTOR('',#16419,1.);
#16419 = DIRECTION('',(0.,0.,1.));
#16420 = ORIENTED_EDGE('',*,*,#16421,.T.);
#16421 = EDGE_CURVE('',#16414,#16414,#16422,.T.);
#16422 = CIRCLE('',#16423,1.48);
#16423 = AXIS2_PLACEMENT_3D('',#16424,#16425,#16426);
#16424 = CARTESIAN_POINT('',(40.,-27.5,18.1));
#16425 = DIRECTION('',(0.,0.,1.));
#16426 = DIRECTION('',(1.,0.,0.));
#16427 = ORIENTED_EDGE('',*,*,#16413,.T.);
#16428 = CYLINDRICAL_SURFACE('',#16429,1.48);
#16429 = AXIS2_PLACEMENT_3D('',#16430,#16431,#16432);
#16430 = CARTESIAN_POINT('',(40.,-27.5,18.1));
#16431 = DIRECTION('',(0.,0.,1.));
#16432 = DIRECTION('',(1.,0.,0.));
#16433 = ADVANCED_FACE('',(#16434),#16437,.T.);
#16434 = FACE_BOUND('',#16435,.F.);
#16435 = EDGE_LOOP('',(#16436));
#16436 = ORIENTED_EDGE('',*,*,#16396,.F.);
#16437 = PLANE('',#16438);
#16438 = AXIS2_PLACEMENT_3D('',#16439,#16440,#16441);
#16439 = CARTESIAN_POINT('',(40.,-27.5,24.6));
#16440 = DIRECTION('',(0.,0.,1.));
#16441 = DIRECTION('',(1.,0.,0.));
#16442 = ADVANCED_FACE('',(#16443),#16446,.F.);
#16443 = FACE_BOUND('',#16444,.T.);
#16444 = EDGE_LOOP('',(#16445));
#16445 = ORIENTED_EDGE('',*,*,#16421,.F.);
#16446 = PLANE('',#16447);
#16447 = AXIS2_PLACEMENT_3D('',#16448,#16449,#16450);
#16448 = CARTESIAN_POINT('',(40.,-27.5,18.1));
#16449 = DIRECTION('',(0.,0.,1.));
#16450 = DIRECTION('',(1.,0.,0.));
#16451 = MANIFOLD_SOLID_BREP('',#16452);
#16452 = CLOSED_SHELL('',(#16453,#16486,#16506,#16526,#16551,#16576,
    #16585));
#16453 = ADVANCED_FACE('',(#16454),#16481,.T.);
#16454 = FACE_BOUND('',#16455,.T.);
#16455 = EDGE_LOOP('',(#16456,#16465,#16473,#16480));
#16456 = ORIENTED_EDGE('',*,*,#16457,.F.);
#16457 = EDGE_CURVE('',#16458,#16458,#16460,.T.);
#16458 = VERTEX_POINT('',#16459);
#16459 = CARTESIAN_POINT('',(-37.15,27.5,25.75));
#16460 = CIRCLE('',#16461,2.85);
#16461 = AXIS2_PLACEMENT_3D('',#16462,#16463,#16464);
#16462 = CARTESIAN_POINT('',(-40.,27.5,25.75));
#16463 = DIRECTION('',(0.,0.,1.));
#16464 = DIRECTION('',(1.,0.,0.));
#16465 = ORIENTED_EDGE('',*,*,#16466,.F.);
#16466 = EDGE_CURVE('',#16467,#16458,#16469,.T.);
#16467 = VERTEX_POINT('',#16468);
#16468 = CARTESIAN_POINT('',(-37.15,27.5,24.1));
#16469 = LINE('',#16470,#16471);
#16470 = CARTESIAN_POINT('',(-37.15,27.5,24.1));
#16471 = VECTOR('',#16472,1.);
#16472 = DIRECTION('',(0.,0.,1.));
#16473 = ORIENTED_EDGE('',*,*,#16474,.T.);
#16474 = EDGE_CURVE('',#16467,#16467,#16475,.T.);
#16475 = CIRCLE('',#16476,2.85);
#16476 = AXIS2_PLACEMENT_3D('',#16477,#16478,#16479);
#16477 = CARTESIAN_POINT('',(-40.,27.5,24.1));
#16478 = DIRECTION('',(0.,0.,1.));
#16479 = DIRECTION('',(1.,0.,0.));
#16480 = ORIENTED_EDGE('',*,*,#16466,.T.);
#16481 = CYLINDRICAL_SURFACE('',#16482,2.85);
#16482 = AXIS2_PLACEMENT_3D('',#16483,#16484,#16485);
#16483 = CARTESIAN_POINT('',(-40.,27.5,24.1));
#16484 = DIRECTION('',(0.,0.,1.));
#16485 = DIRECTION('',(1.,0.,0.));
#16486 = ADVANCED_FACE('',(#16487,#16490),#16501,.T.);
#16487 = FACE_BOUND('',#16488,.T.);
#16488 = EDGE_LOOP('',(#16489));
#16489 = ORIENTED_EDGE('',*,*,#16457,.T.);
#16490 = FACE_BOUND('',#16491,.T.);
#16491 = EDGE_LOOP('',(#16492));
#16492 = ORIENTED_EDGE('',*,*,#16493,.F.);
#16493 = EDGE_CURVE('',#16494,#16494,#16496,.T.);
#16494 = VERTEX_POINT('',#16495);
#16495 = CARTESIAN_POINT('',(-39.,27.5,25.75));
#16496 = CIRCLE('',#16497,1.);
#16497 = AXIS2_PLACEMENT_3D('',#16498,#16499,#16500);
#16498 = CARTESIAN_POINT('',(-40.,27.5,25.75));
#16499 = DIRECTION('',(0.,0.,1.));
#16500 = DIRECTION('',(1.,0.,0.));
#16501 = PLANE('',#16502);
#16502 = AXIS2_PLACEMENT_3D('',#16503,#16504,#16505);
#16503 = CARTESIAN_POINT('',(-40.,27.5,25.75));
#16504 = DIRECTION('',(0.,0.,1.));
#16505 = DIRECTION('',(1.,0.,0.));
#16506 = ADVANCED_FACE('',(#16507,#16510),#16521,.F.);
#16507 = FACE_BOUND('',#16508,.F.);
#16508 = EDGE_LOOP('',(#16509));
#16509 = ORIENTED_EDGE('',*,*,#16474,.T.);
#16510 = FACE_BOUND('',#16511,.F.);
#16511 = EDGE_LOOP('',(#16512));
#16512 = ORIENTED_EDGE('',*,*,#16513,.F.);
#16513 = EDGE_CURVE('',#16514,#16514,#16516,.T.);
#16514 = VERTEX_POINT('',#16515);
#16515 = CARTESIAN_POINT('',(-38.52,27.5,24.1));
#16516 = CIRCLE('',#16517,1.48);
#16517 = AXIS2_PLACEMENT_3D('',#16518,#16519,#16520);
#16518 = CARTESIAN_POINT('',(-40.,27.5,24.1));
#16519 = DIRECTION('',(0.,0.,1.));
#16520 = DIRECTION('',(1.,0.,0.));
#16521 = PLANE('',#16522);
#16522 = AXIS2_PLACEMENT_3D('',#16523,#16524,#16525);
#16523 = CARTESIAN_POINT('',(-40.,27.5,24.1));
#16524 = DIRECTION('',(0.,0.,1.));
#16525 = DIRECTION('',(1.,0.,0.));
#16526 = ADVANCED_FACE('',(#16527),#16546,.F.);
#16527 = FACE_BOUND('',#16528,.F.);
#16528 = EDGE_LOOP('',(#16529,#16530,#16538,#16545));
#16529 = ORIENTED_EDGE('',*,*,#16493,.F.);
#16530 = ORIENTED_EDGE('',*,*,#16531,.F.);
#16531 = EDGE_CURVE('',#16532,#16494,#16534,.T.);
#16532 = VERTEX_POINT('',#16533);
#16533 = CARTESIAN_POINT('',(-39.,27.5,24.6));
#16534 = LINE('',#16535,#16536);
#16535 = CARTESIAN_POINT('',(-39.,27.5,24.6));
#16536 = VECTOR('',#16537,1.);
#16537 = DIRECTION('',(0.,0.,1.));
#16538 = ORIENTED_EDGE('',*,*,#16539,.T.);
#16539 = EDGE_CURVE('',#16532,#16532,#16540,.T.);
#16540 = CIRCLE('',#16541,1.);
#16541 = AXIS2_PLACEMENT_3D('',#16542,#16543,#16544);
#16542 = CARTESIAN_POINT('',(-40.,27.5,24.6));
#16543 = DIRECTION('',(0.,0.,1.));
#16544 = DIRECTION('',(1.,0.,0.));
#16545 = ORIENTED_EDGE('',*,*,#16531,.T.);
#16546 = CYLINDRICAL_SURFACE('',#16547,1.);
#16547 = AXIS2_PLACEMENT_3D('',#16548,#16549,#16550);
#16548 = CARTESIAN_POINT('',(-40.,27.5,24.6));
#16549 = DIRECTION('',(0.,0.,1.));
#16550 = DIRECTION('',(1.,0.,0.));
#16551 = ADVANCED_FACE('',(#16552),#16571,.T.);
#16552 = FACE_BOUND('',#16553,.T.);
#16553 = EDGE_LOOP('',(#16554,#16555,#16563,#16570));
#16554 = ORIENTED_EDGE('',*,*,#16513,.F.);
#16555 = ORIENTED_EDGE('',*,*,#16556,.F.);
#16556 = EDGE_CURVE('',#16557,#16514,#16559,.T.);
#16557 = VERTEX_POINT('',#16558);
#16558 = CARTESIAN_POINT('',(-38.52,27.5,18.1));
#16559 = LINE('',#16560,#16561);
#16560 = CARTESIAN_POINT('',(-38.52,27.5,18.1));
#16561 = VECTOR('',#16562,1.);
#16562 = DIRECTION('',(0.,0.,1.));
#16563 = ORIENTED_EDGE('',*,*,#16564,.T.);
#16564 = EDGE_CURVE('',#16557,#16557,#16565,.T.);
#16565 = CIRCLE('',#16566,1.48);
#16566 = AXIS2_PLACEMENT_3D('',#16567,#16568,#16569);
#16567 = CARTESIAN_POINT('',(-40.,27.5,18.1));
#16568 = DIRECTION('',(0.,0.,1.));
#16569 = DIRECTION('',(1.,0.,0.));
#16570 = ORIENTED_EDGE('',*,*,#16556,.T.);
#16571 = CYLINDRICAL_SURFACE('',#16572,1.48);
#16572 = AXIS2_PLACEMENT_3D('',#16573,#16574,#16575);
#16573 = CARTESIAN_POINT('',(-40.,27.5,18.1));
#16574 = DIRECTION('',(0.,0.,1.));
#16575 = DIRECTION('',(1.,0.,0.));
#16576 = ADVANCED_FACE('',(#16577),#16580,.T.);
#16577 = FACE_BOUND('',#16578,.F.);
#16578 = EDGE_LOOP('',(#16579));
#16579 = ORIENTED_EDGE('',*,*,#16539,.F.);
#16580 = PLANE('',#16581);
#16581 = AXIS2_PLACEMENT_3D('',#16582,#16583,#16584);
#16582 = CARTESIAN_POINT('',(-40.,27.5,24.6));
#16583 = DIRECTION('',(0.,0.,1.));
#16584 = DIRECTION('',(1.,0.,0.));
#16585 = ADVANCED_FACE('',(#16586),#16589,.F.);
#16586 = FACE_BOUND('',#16587,.T.);
#16587 = EDGE_LOOP('',(#16588));
#16588 = ORIENTED_EDGE('',*,*,#16564,.F.);
#16589 = PLANE('',#16590);
#16590 = AXIS2_PLACEMENT_3D('',#16591,#16592,#16593);
#16591 = CARTESIAN_POINT('',(-40.,27.5,18.1));
#16592 = DIRECTION('',(0.,0.,1.));
#16593 = DIRECTION('',(1.,0.,0.));
#16594 = MANIFOLD_SOLID_BREP('',#16595);
#16595 = CLOSED_SHELL('',(#16596,#16629,#16649,#16669,#16694,#16719,
    #16728));
#16596 = ADVANCED_FACE('',(#16597),#16624,.T.);
#16597 = FACE_BOUND('',#16598,.T.);
#16598 = EDGE_LOOP('',(#16599,#16608,#16616,#16623));
#16599 = ORIENTED_EDGE('',*,*,#16600,.F.);
#16600 = EDGE_CURVE('',#16601,#16601,#16603,.T.);
#16601 = VERTEX_POINT('',#16602);
#16602 = CARTESIAN_POINT('',(42.85,27.5,25.75));
#16603 = CIRCLE('',#16604,2.85);
#16604 = AXIS2_PLACEMENT_3D('',#16605,#16606,#16607);
#16605 = CARTESIAN_POINT('',(40.,27.5,25.75));
#16606 = DIRECTION('',(0.,0.,1.));
#16607 = DIRECTION('',(1.,0.,0.));
#16608 = ORIENTED_EDGE('',*,*,#16609,.F.);
#16609 = EDGE_CURVE('',#16610,#16601,#16612,.T.);
#16610 = VERTEX_POINT('',#16611);
#16611 = CARTESIAN_POINT('',(42.85,27.5,24.1));
#16612 = LINE('',#16613,#16614);
#16613 = CARTESIAN_POINT('',(42.85,27.5,24.1));
#16614 = VECTOR('',#16615,1.);
#16615 = DIRECTION('',(0.,0.,1.));
#16616 = ORIENTED_EDGE('',*,*,#16617,.T.);
#16617 = EDGE_CURVE('',#16610,#16610,#16618,.T.);
#16618 = CIRCLE('',#16619,2.85);
#16619 = AXIS2_PLACEMENT_3D('',#16620,#16621,#16622);
#16620 = CARTESIAN_POINT('',(40.,27.5,24.1));
#16621 = DIRECTION('',(0.,0.,1.));
#16622 = DIRECTION('',(1.,0.,0.));
#16623 = ORIENTED_EDGE('',*,*,#16609,.T.);
#16624 = CYLINDRICAL_SURFACE('',#16625,2.85);
#16625 = AXIS2_PLACEMENT_3D('',#16626,#16627,#16628);
#16626 = CARTESIAN_POINT('',(40.,27.5,24.1));
#16627 = DIRECTION('',(0.,0.,1.));
#16628 = DIRECTION('',(1.,0.,0.));
#16629 = ADVANCED_FACE('',(#16630,#16633),#16644,.T.);
#16630 = FACE_BOUND('',#16631,.T.);
#16631 = EDGE_LOOP('',(#16632));
#16632 = ORIENTED_EDGE('',*,*,#16600,.T.);
#16633 = FACE_BOUND('',#16634,.T.);
#16634 = EDGE_LOOP('',(#16635));
#16635 = ORIENTED_EDGE('',*,*,#16636,.F.);
#16636 = EDGE_CURVE('',#16637,#16637,#16639,.T.);
#16637 = VERTEX_POINT('',#16638);
#16638 = CARTESIAN_POINT('',(41.,27.5,25.75));
#16639 = CIRCLE('',#16640,1.);
#16640 = AXIS2_PLACEMENT_3D('',#16641,#16642,#16643);
#16641 = CARTESIAN_POINT('',(40.,27.5,25.75));
#16642 = DIRECTION('',(0.,0.,1.));
#16643 = DIRECTION('',(1.,0.,0.));
#16644 = PLANE('',#16645);
#16645 = AXIS2_PLACEMENT_3D('',#16646,#16647,#16648);
#16646 = CARTESIAN_POINT('',(40.,27.5,25.75));
#16647 = DIRECTION('',(0.,0.,1.));
#16648 = DIRECTION('',(1.,0.,0.));
#16649 = ADVANCED_FACE('',(#16650,#16653),#16664,.F.);
#16650 = FACE_BOUND('',#16651,.F.);
#16651 = EDGE_LOOP('',(#16652));
#16652 = ORIENTED_EDGE('',*,*,#16617,.T.);
#16653 = FACE_BOUND('',#16654,.F.);
#16654 = EDGE_LOOP('',(#16655));
#16655 = ORIENTED_EDGE('',*,*,#16656,.F.);
#16656 = EDGE_CURVE('',#16657,#16657,#16659,.T.);
#16657 = VERTEX_POINT('',#16658);
#16658 = CARTESIAN_POINT('',(41.48,27.5,24.1));
#16659 = CIRCLE('',#16660,1.48);
#16660 = AXIS2_PLACEMENT_3D('',#16661,#16662,#16663);
#16661 = CARTESIAN_POINT('',(40.,27.5,24.1));
#16662 = DIRECTION('',(0.,0.,1.));
#16663 = DIRECTION('',(1.,0.,0.));
#16664 = PLANE('',#16665);
#16665 = AXIS2_PLACEMENT_3D('',#16666,#16667,#16668);
#16666 = CARTESIAN_POINT('',(40.,27.5,24.1));
#16667 = DIRECTION('',(0.,0.,1.));
#16668 = DIRECTION('',(1.,0.,0.));
#16669 = ADVANCED_FACE('',(#16670),#16689,.F.);
#16670 = FACE_BOUND('',#16671,.F.);
#16671 = EDGE_LOOP('',(#16672,#16673,#16681,#16688));
#16672 = ORIENTED_EDGE('',*,*,#16636,.F.);
#16673 = ORIENTED_EDGE('',*,*,#16674,.F.);
#16674 = EDGE_CURVE('',#16675,#16637,#16677,.T.);
#16675 = VERTEX_POINT('',#16676);
#16676 = CARTESIAN_POINT('',(41.,27.5,24.6));
#16677 = LINE('',#16678,#16679);
#16678 = CARTESIAN_POINT('',(41.,27.5,24.6));
#16679 = VECTOR('',#16680,1.);
#16680 = DIRECTION('',(0.,0.,1.));
#16681 = ORIENTED_EDGE('',*,*,#16682,.T.);
#16682 = EDGE_CURVE('',#16675,#16675,#16683,.T.);
#16683 = CIRCLE('',#16684,1.);
#16684 = AXIS2_PLACEMENT_3D('',#16685,#16686,#16687);
#16685 = CARTESIAN_POINT('',(40.,27.5,24.6));
#16686 = DIRECTION('',(0.,0.,1.));
#16687 = DIRECTION('',(1.,0.,0.));
#16688 = ORIENTED_EDGE('',*,*,#16674,.T.);
#16689 = CYLINDRICAL_SURFACE('',#16690,1.);
#16690 = AXIS2_PLACEMENT_3D('',#16691,#16692,#16693);
#16691 = CARTESIAN_POINT('',(40.,27.5,24.6));
#16692 = DIRECTION('',(0.,0.,1.));
#16693 = DIRECTION('',(1.,0.,0.));
#16694 = ADVANCED_FACE('',(#16695),#16714,.T.);
#16695 = FACE_BOUND('',#16696,.T.);
#16696 = EDGE_LOOP('',(#16697,#16698,#16706,#16713));
#16697 = ORIENTED_EDGE('',*,*,#16656,.F.);
#16698 = ORIENTED_EDGE('',*,*,#16699,.F.);
#16699 = EDGE_CURVE('',#16700,#16657,#16702,.T.);
#16700 = VERTEX_POINT('',#16701);
#16701 = CARTESIAN_POINT('',(41.48,27.5,18.1));
#16702 = LINE('',#16703,#16704);
#16703 = CARTESIAN_POINT('',(41.48,27.5,18.1));
#16704 = VECTOR('',#16705,1.);
#16705 = DIRECTION('',(0.,0.,1.));
#16706 = ORIENTED_EDGE('',*,*,#16707,.T.);
#16707 = EDGE_CURVE('',#16700,#16700,#16708,.T.);
#16708 = CIRCLE('',#16709,1.48);
#16709 = AXIS2_PLACEMENT_3D('',#16710,#16711,#16712);
#16710 = CARTESIAN_POINT('',(40.,27.5,18.1));
#16711 = DIRECTION('',(0.,0.,1.));
#16712 = DIRECTION('',(1.,0.,0.));
#16713 = ORIENTED_EDGE('',*,*,#16699,.T.);
#16714 = CYLINDRICAL_SURFACE('',#16715,1.48);
#16715 = AXIS2_PLACEMENT_3D('',#16716,#16717,#16718);
#16716 = CARTESIAN_POINT('',(40.,27.5,18.1));
#16717 = DIRECTION('',(0.,0.,1.));
#16718 = DIRECTION('',(1.,0.,0.));
#16719 = ADVANCED_FACE('',(#16720),#16723,.T.);
#16720 = FACE_BOUND('',#16721,.F.);
#16721 = EDGE_LOOP('',(#16722));
#16722 = ORIENTED_EDGE('',*,*,#16682,.F.);
#16723 = PLANE('',#16724);
#16724 = AXIS2_PLACEMENT_3D('',#16725,#16726,#16727);
#16725 = CARTESIAN_POINT('',(40.,27.5,24.6));
#16726 = DIRECTION('',(0.,0.,1.));
#16727 = DIRECTION('',(1.,0.,0.));
#16728 = ADVANCED_FACE('',(#16729),#16732,.F.);
#16729 = FACE_BOUND('',#16730,.T.);
#16730 = EDGE_LOOP('',(#16731));
#16731 = ORIENTED_EDGE('',*,*,#16707,.F.);
#16732 = PLANE('',#16733);
#16733 = AXIS2_PLACEMENT_3D('',#16734,#16735,#16736);
#16734 = CARTESIAN_POINT('',(40.,27.5,18.1));
#16735 = DIRECTION('',(0.,0.,1.));
#16736 = DIRECTION('',(1.,0.,0.));
#16737 = MANIFOLD_SOLID_BREP('',#16738);
#16738 = CLOSED_SHELL('',(#16739,#16772,#16792,#16812,#16837,#16862,
    #16871));
#16739 = ADVANCED_FACE('',(#16740),#16767,.T.);
#16740 = FACE_BOUND('',#16741,.T.);
#16741 = EDGE_LOOP('',(#16742,#16751,#16759,#16766));
#16742 = ORIENTED_EDGE('',*,*,#16743,.F.);
#16743 = EDGE_CURVE('',#16744,#16744,#16746,.T.);
#16744 = VERTEX_POINT('',#16745);
#16745 = CARTESIAN_POINT('',(-35.5,-7.,1.65));
#16746 = CIRCLE('',#16747,1.5);
#16747 = AXIS2_PLACEMENT_3D('',#16748,#16749,#16750);
#16748 = CARTESIAN_POINT('',(-37.,-7.,1.65));
#16749 = DIRECTION('',(0.,0.,1.));
#16750 = DIRECTION('',(1.,0.,0.));
#16751 = ORIENTED_EDGE('',*,*,#16752,.F.);
#16752 = EDGE_CURVE('',#16753,#16744,#16755,.T.);
#16753 = VERTEX_POINT('',#16754);
#16754 = CARTESIAN_POINT('',(-34.,-7.,0.));
#16755 = LINE('',#16756,#16757);
#16756 = CARTESIAN_POINT('',(-34.,-7.,0.));
#16757 = VECTOR('',#16758,1.);
#16758 = DIRECTION('',(-0.672672793996,1.647573168082E-16,0.739940073396
    ));
#16759 = ORIENTED_EDGE('',*,*,#16760,.T.);
#16760 = EDGE_CURVE('',#16753,#16753,#16761,.T.);
#16761 = CIRCLE('',#16762,3.);
#16762 = AXIS2_PLACEMENT_3D('',#16763,#16764,#16765);
#16763 = CARTESIAN_POINT('',(-37.,-7.,0.));
#16764 = DIRECTION('',(0.,0.,1.));
#16765 = DIRECTION('',(1.,0.,0.));
#16766 = ORIENTED_EDGE('',*,*,#16752,.T.);
#16767 = CONICAL_SURFACE('',#16768,3.,0.73781506012);
#16768 = AXIS2_PLACEMENT_3D('',#16769,#16770,#16771);
#16769 = CARTESIAN_POINT('',(-37.,-7.,0.));
#16770 = DIRECTION('',(-0.,-0.,-1.));
#16771 = DIRECTION('',(1.,0.,0.));
#16772 = ADVANCED_FACE('',(#16773,#16776),#16787,.T.);
#16773 = FACE_BOUND('',#16774,.T.);
#16774 = EDGE_LOOP('',(#16775));
#16775 = ORIENTED_EDGE('',*,*,#16743,.T.);
#16776 = FACE_BOUND('',#16777,.T.);
#16777 = EDGE_LOOP('',(#16778));
#16778 = ORIENTED_EDGE('',*,*,#16779,.F.);
#16779 = EDGE_CURVE('',#16780,#16780,#16782,.T.);
#16780 = VERTEX_POINT('',#16781);
#16781 = CARTESIAN_POINT('',(-35.52,-7.,1.65));
#16782 = CIRCLE('',#16783,1.48);
#16783 = AXIS2_PLACEMENT_3D('',#16784,#16785,#16786);
#16784 = CARTESIAN_POINT('',(-37.,-7.,1.65));
#16785 = DIRECTION('',(0.,0.,1.));
#16786 = DIRECTION('',(1.,0.,0.));
#16787 = PLANE('',#16788);
#16788 = AXIS2_PLACEMENT_3D('',#16789,#16790,#16791);
#16789 = CARTESIAN_POINT('',(-37.,-7.,1.65));
#16790 = DIRECTION('',(0.,0.,1.));
#16791 = DIRECTION('',(1.,0.,0.));
#16792 = ADVANCED_FACE('',(#16793,#16796),#16807,.F.);
#16793 = FACE_BOUND('',#16794,.F.);
#16794 = EDGE_LOOP('',(#16795));
#16795 = ORIENTED_EDGE('',*,*,#16760,.T.);
#16796 = FACE_BOUND('',#16797,.F.);
#16797 = EDGE_LOOP('',(#16798));
#16798 = ORIENTED_EDGE('',*,*,#16799,.F.);
#16799 = EDGE_CURVE('',#16800,#16800,#16802,.T.);
#16800 = VERTEX_POINT('',#16801);
#16801 = CARTESIAN_POINT('',(-36.,-7.,0.));
#16802 = CIRCLE('',#16803,1.);
#16803 = AXIS2_PLACEMENT_3D('',#16804,#16805,#16806);
#16804 = CARTESIAN_POINT('',(-37.,-7.,0.));
#16805 = DIRECTION('',(0.,0.,1.));
#16806 = DIRECTION('',(1.,0.,0.));
#16807 = PLANE('',#16808);
#16808 = AXIS2_PLACEMENT_3D('',#16809,#16810,#16811);
#16809 = CARTESIAN_POINT('',(-37.,-7.,0.));
#16810 = DIRECTION('',(0.,0.,1.));
#16811 = DIRECTION('',(1.,0.,0.));
#16812 = ADVANCED_FACE('',(#16813),#16832,.T.);
#16813 = FACE_BOUND('',#16814,.T.);
#16814 = EDGE_LOOP('',(#16815,#16824,#16830,#16831));
#16815 = ORIENTED_EDGE('',*,*,#16816,.F.);
#16816 = EDGE_CURVE('',#16817,#16817,#16819,.T.);
#16817 = VERTEX_POINT('',#16818);
#16818 = CARTESIAN_POINT('',(-35.52,-7.,8.));
#16819 = CIRCLE('',#16820,1.48);
#16820 = AXIS2_PLACEMENT_3D('',#16821,#16822,#16823);
#16821 = CARTESIAN_POINT('',(-37.,-7.,8.));
#16822 = DIRECTION('',(0.,0.,1.));
#16823 = DIRECTION('',(1.,0.,0.));
#16824 = ORIENTED_EDGE('',*,*,#16825,.F.);
#16825 = EDGE_CURVE('',#16780,#16817,#16826,.T.);
#16826 = LINE('',#16827,#16828);
#16827 = CARTESIAN_POINT('',(-35.52,-7.,1.65));
#16828 = VECTOR('',#16829,1.);
#16829 = DIRECTION('',(0.,0.,1.));
#16830 = ORIENTED_EDGE('',*,*,#16779,.T.);
#16831 = ORIENTED_EDGE('',*,*,#16825,.T.);
#16832 = CYLINDRICAL_SURFACE('',#16833,1.48);
#16833 = AXIS2_PLACEMENT_3D('',#16834,#16835,#16836);
#16834 = CARTESIAN_POINT('',(-37.,-7.,1.65));
#16835 = DIRECTION('',(0.,0.,1.));
#16836 = DIRECTION('',(1.,0.,0.));
#16837 = ADVANCED_FACE('',(#16838),#16857,.F.);
#16838 = FACE_BOUND('',#16839,.F.);
#16839 = EDGE_LOOP('',(#16840,#16849,#16855,#16856));
#16840 = ORIENTED_EDGE('',*,*,#16841,.F.);
#16841 = EDGE_CURVE('',#16842,#16842,#16844,.T.);
#16842 = VERTEX_POINT('',#16843);
#16843 = CARTESIAN_POINT('',(-36.,-7.,1.2));
#16844 = CIRCLE('',#16845,1.);
#16845 = AXIS2_PLACEMENT_3D('',#16846,#16847,#16848);
#16846 = CARTESIAN_POINT('',(-37.,-7.,1.2));
#16847 = DIRECTION('',(0.,0.,1.));
#16848 = DIRECTION('',(1.,0.,0.));
#16849 = ORIENTED_EDGE('',*,*,#16850,.F.);
#16850 = EDGE_CURVE('',#16800,#16842,#16851,.T.);
#16851 = LINE('',#16852,#16853);
#16852 = CARTESIAN_POINT('',(-36.,-7.,0.));
#16853 = VECTOR('',#16854,1.);
#16854 = DIRECTION('',(0.,0.,1.));
#16855 = ORIENTED_EDGE('',*,*,#16799,.T.);
#16856 = ORIENTED_EDGE('',*,*,#16850,.T.);
#16857 = CYLINDRICAL_SURFACE('',#16858,1.);
#16858 = AXIS2_PLACEMENT_3D('',#16859,#16860,#16861);
#16859 = CARTESIAN_POINT('',(-37.,-7.,0.));
#16860 = DIRECTION('',(0.,0.,1.));
#16861 = DIRECTION('',(1.,0.,0.));
#16862 = ADVANCED_FACE('',(#16863),#16866,.T.);
#16863 = FACE_BOUND('',#16864,.T.);
#16864 = EDGE_LOOP('',(#16865));
#16865 = ORIENTED_EDGE('',*,*,#16816,.T.);
#16866 = PLANE('',#16867);
#16867 = AXIS2_PLACEMENT_3D('',#16868,#16869,#16870);
#16868 = CARTESIAN_POINT('',(-37.,-7.,8.));
#16869 = DIRECTION('',(0.,0.,1.));
#16870 = DIRECTION('',(1.,0.,0.));
#16871 = ADVANCED_FACE('',(#16872),#16875,.F.);
#16872 = FACE_BOUND('',#16873,.F.);
#16873 = EDGE_LOOP('',(#16874));
#16874 = ORIENTED_EDGE('',*,*,#16841,.T.);
#16875 = PLANE('',#16876);
#16876 = AXIS2_PLACEMENT_3D('',#16877,#16878,#16879);
#16877 = CARTESIAN_POINT('',(-37.,-7.,1.2));
#16878 = DIRECTION('',(0.,0.,1.));
#16879 = DIRECTION('',(1.,0.,0.));
#16880 = MANIFOLD_SOLID_BREP('',#16881);
#16881 = CLOSED_SHELL('',(#16882,#16915,#16935,#16955,#16980,#17005,
    #17014));
#16882 = ADVANCED_FACE('',(#16883),#16910,.T.);
#16883 = FACE_BOUND('',#16884,.T.);
#16884 = EDGE_LOOP('',(#16885,#16894,#16902,#16909));
#16885 = ORIENTED_EDGE('',*,*,#16886,.F.);
#16886 = EDGE_CURVE('',#16887,#16887,#16889,.T.);
#16887 = VERTEX_POINT('',#16888);
#16888 = CARTESIAN_POINT('',(38.5,-7.,1.65));
#16889 = CIRCLE('',#16890,1.5);
#16890 = AXIS2_PLACEMENT_3D('',#16891,#16892,#16893);
#16891 = CARTESIAN_POINT('',(37.,-7.,1.65));
#16892 = DIRECTION('',(0.,0.,1.));
#16893 = DIRECTION('',(1.,0.,0.));
#16894 = ORIENTED_EDGE('',*,*,#16895,.F.);
#16895 = EDGE_CURVE('',#16896,#16887,#16898,.T.);
#16896 = VERTEX_POINT('',#16897);
#16897 = CARTESIAN_POINT('',(40.,-7.,0.));
#16898 = LINE('',#16899,#16900);
#16899 = CARTESIAN_POINT('',(40.,-7.,0.));
#16900 = VECTOR('',#16901,1.);
#16901 = DIRECTION('',(-0.672672793996,1.647573168082E-16,0.739940073396
    ));
#16902 = ORIENTED_EDGE('',*,*,#16903,.T.);
#16903 = EDGE_CURVE('',#16896,#16896,#16904,.T.);
#16904 = CIRCLE('',#16905,3.);
#16905 = AXIS2_PLACEMENT_3D('',#16906,#16907,#16908);
#16906 = CARTESIAN_POINT('',(37.,-7.,0.));
#16907 = DIRECTION('',(0.,0.,1.));
#16908 = DIRECTION('',(1.,0.,0.));
#16909 = ORIENTED_EDGE('',*,*,#16895,.T.);
#16910 = CONICAL_SURFACE('',#16911,3.,0.73781506012);
#16911 = AXIS2_PLACEMENT_3D('',#16912,#16913,#16914);
#16912 = CARTESIAN_POINT('',(37.,-7.,0.));
#16913 = DIRECTION('',(-0.,-0.,-1.));
#16914 = DIRECTION('',(1.,0.,0.));
#16915 = ADVANCED_FACE('',(#16916,#16919),#16930,.T.);
#16916 = FACE_BOUND('',#16917,.T.);
#16917 = EDGE_LOOP('',(#16918));
#16918 = ORIENTED_EDGE('',*,*,#16886,.T.);
#16919 = FACE_BOUND('',#16920,.T.);
#16920 = EDGE_LOOP('',(#16921));
#16921 = ORIENTED_EDGE('',*,*,#16922,.F.);
#16922 = EDGE_CURVE('',#16923,#16923,#16925,.T.);
#16923 = VERTEX_POINT('',#16924);
#16924 = CARTESIAN_POINT('',(38.48,-7.,1.65));
#16925 = CIRCLE('',#16926,1.48);
#16926 = AXIS2_PLACEMENT_3D('',#16927,#16928,#16929);
#16927 = CARTESIAN_POINT('',(37.,-7.,1.65));
#16928 = DIRECTION('',(0.,0.,1.));
#16929 = DIRECTION('',(1.,0.,0.));
#16930 = PLANE('',#16931);
#16931 = AXIS2_PLACEMENT_3D('',#16932,#16933,#16934);
#16932 = CARTESIAN_POINT('',(37.,-7.,1.65));
#16933 = DIRECTION('',(0.,0.,1.));
#16934 = DIRECTION('',(1.,0.,0.));
#16935 = ADVANCED_FACE('',(#16936,#16939),#16950,.F.);
#16936 = FACE_BOUND('',#16937,.F.);
#16937 = EDGE_LOOP('',(#16938));
#16938 = ORIENTED_EDGE('',*,*,#16903,.T.);
#16939 = FACE_BOUND('',#16940,.F.);
#16940 = EDGE_LOOP('',(#16941));
#16941 = ORIENTED_EDGE('',*,*,#16942,.F.);
#16942 = EDGE_CURVE('',#16943,#16943,#16945,.T.);
#16943 = VERTEX_POINT('',#16944);
#16944 = CARTESIAN_POINT('',(38.,-7.,0.));
#16945 = CIRCLE('',#16946,1.);
#16946 = AXIS2_PLACEMENT_3D('',#16947,#16948,#16949);
#16947 = CARTESIAN_POINT('',(37.,-7.,0.));
#16948 = DIRECTION('',(0.,0.,1.));
#16949 = DIRECTION('',(1.,0.,0.));
#16950 = PLANE('',#16951);
#16951 = AXIS2_PLACEMENT_3D('',#16952,#16953,#16954);
#16952 = CARTESIAN_POINT('',(37.,-7.,0.));
#16953 = DIRECTION('',(0.,0.,1.));
#16954 = DIRECTION('',(1.,0.,0.));
#16955 = ADVANCED_FACE('',(#16956),#16975,.T.);
#16956 = FACE_BOUND('',#16957,.T.);
#16957 = EDGE_LOOP('',(#16958,#16967,#16973,#16974));
#16958 = ORIENTED_EDGE('',*,*,#16959,.F.);
#16959 = EDGE_CURVE('',#16960,#16960,#16962,.T.);
#16960 = VERTEX_POINT('',#16961);
#16961 = CARTESIAN_POINT('',(38.48,-7.,8.));
#16962 = CIRCLE('',#16963,1.48);
#16963 = AXIS2_PLACEMENT_3D('',#16964,#16965,#16966);
#16964 = CARTESIAN_POINT('',(37.,-7.,8.));
#16965 = DIRECTION('',(0.,0.,1.));
#16966 = DIRECTION('',(1.,0.,0.));
#16967 = ORIENTED_EDGE('',*,*,#16968,.F.);
#16968 = EDGE_CURVE('',#16923,#16960,#16969,.T.);
#16969 = LINE('',#16970,#16971);
#16970 = CARTESIAN_POINT('',(38.48,-7.,1.65));
#16971 = VECTOR('',#16972,1.);
#16972 = DIRECTION('',(0.,0.,1.));
#16973 = ORIENTED_EDGE('',*,*,#16922,.T.);
#16974 = ORIENTED_EDGE('',*,*,#16968,.T.);
#16975 = CYLINDRICAL_SURFACE('',#16976,1.48);
#16976 = AXIS2_PLACEMENT_3D('',#16977,#16978,#16979);
#16977 = CARTESIAN_POINT('',(37.,-7.,1.65));
#16978 = DIRECTION('',(0.,0.,1.));
#16979 = DIRECTION('',(1.,0.,0.));
#16980 = ADVANCED_FACE('',(#16981),#17000,.F.);
#16981 = FACE_BOUND('',#16982,.F.);
#16982 = EDGE_LOOP('',(#16983,#16992,#16998,#16999));
#16983 = ORIENTED_EDGE('',*,*,#16984,.F.);
#16984 = EDGE_CURVE('',#16985,#16985,#16987,.T.);
#16985 = VERTEX_POINT('',#16986);
#16986 = CARTESIAN_POINT('',(38.,-7.,1.2));
#16987 = CIRCLE('',#16988,1.);
#16988 = AXIS2_PLACEMENT_3D('',#16989,#16990,#16991);
#16989 = CARTESIAN_POINT('',(37.,-7.,1.2));
#16990 = DIRECTION('',(0.,0.,1.));
#16991 = DIRECTION('',(1.,0.,0.));
#16992 = ORIENTED_EDGE('',*,*,#16993,.F.);
#16993 = EDGE_CURVE('',#16943,#16985,#16994,.T.);
#16994 = LINE('',#16995,#16996);
#16995 = CARTESIAN_POINT('',(38.,-7.,0.));
#16996 = VECTOR('',#16997,1.);
#16997 = DIRECTION('',(0.,0.,1.));
#16998 = ORIENTED_EDGE('',*,*,#16942,.T.);
#16999 = ORIENTED_EDGE('',*,*,#16993,.T.);
#17000 = CYLINDRICAL_SURFACE('',#17001,1.);
#17001 = AXIS2_PLACEMENT_3D('',#17002,#17003,#17004);
#17002 = CARTESIAN_POINT('',(37.,-7.,0.));
#17003 = DIRECTION('',(0.,0.,1.));
#17004 = DIRECTION('',(1.,0.,0.));
#17005 = ADVANCED_FACE('',(#17006),#17009,.T.);
#17006 = FACE_BOUND('',#17007,.T.);
#17007 = EDGE_LOOP('',(#17008));
#17008 = ORIENTED_EDGE('',*,*,#16959,.T.);
#17009 = PLANE('',#17010);
#17010 = AXIS2_PLACEMENT_3D('',#17011,#17012,#17013);
#17011 = CARTESIAN_POINT('',(37.,-7.,8.));
#17012 = DIRECTION('',(0.,0.,1.));
#17013 = DIRECTION('',(1.,0.,0.));
#17014 = ADVANCED_FACE('',(#17015),#17018,.F.);
#17015 = FACE_BOUND('',#17016,.F.);
#17016 = EDGE_LOOP('',(#17017));
#17017 = ORIENTED_EDGE('',*,*,#16984,.T.);
#17018 = PLANE('',#17019);
#17019 = AXIS2_PLACEMENT_3D('',#17020,#17021,#17022);
#17020 = CARTESIAN_POINT('',(37.,-7.,1.2));
#17021 = DIRECTION('',(0.,0.,1.));
#17022 = DIRECTION('',(1.,0.,0.));
#17023 = MANIFOLD_SOLID_BREP('',#17024);
#17024 = CLOSED_SHELL('',(#17025,#17058,#17078,#17098,#17123,#17148,
    #17157));
#17025 = ADVANCED_FACE('',(#17026),#17053,.T.);
#17026 = FACE_BOUND('',#17027,.T.);
#17027 = EDGE_LOOP('',(#17028,#17037,#17045,#17052));
#17028 = ORIENTED_EDGE('',*,*,#17029,.F.);
#17029 = EDGE_CURVE('',#17030,#17030,#17032,.T.);
#17030 = VERTEX_POINT('',#17031);
#17031 = CARTESIAN_POINT('',(-35.5,31.,1.65));
#17032 = CIRCLE('',#17033,1.5);
#17033 = AXIS2_PLACEMENT_3D('',#17034,#17035,#17036);
#17034 = CARTESIAN_POINT('',(-37.,31.,1.65));
#17035 = DIRECTION('',(0.,0.,1.));
#17036 = DIRECTION('',(1.,0.,0.));
#17037 = ORIENTED_EDGE('',*,*,#17038,.F.);
#17038 = EDGE_CURVE('',#17039,#17030,#17041,.T.);
#17039 = VERTEX_POINT('',#17040);
#17040 = CARTESIAN_POINT('',(-34.,31.,0.));
#17041 = LINE('',#17042,#17043);
#17042 = CARTESIAN_POINT('',(-34.,31.,0.));
#17043 = VECTOR('',#17044,1.);
#17044 = DIRECTION('',(-0.672672793996,1.647573168082E-16,0.739940073396
    ));
#17045 = ORIENTED_EDGE('',*,*,#17046,.T.);
#17046 = EDGE_CURVE('',#17039,#17039,#17047,.T.);
#17047 = CIRCLE('',#17048,3.);
#17048 = AXIS2_PLACEMENT_3D('',#17049,#17050,#17051);
#17049 = CARTESIAN_POINT('',(-37.,31.,0.));
#17050 = DIRECTION('',(0.,0.,1.));
#17051 = DIRECTION('',(1.,0.,0.));
#17052 = ORIENTED_EDGE('',*,*,#17038,.T.);
#17053 = CONICAL_SURFACE('',#17054,3.,0.73781506012);
#17054 = AXIS2_PLACEMENT_3D('',#17055,#17056,#17057);
#17055 = CARTESIAN_POINT('',(-37.,31.,0.));
#17056 = DIRECTION('',(-0.,-0.,-1.));
#17057 = DIRECTION('',(1.,0.,0.));
#17058 = ADVANCED_FACE('',(#17059,#17062),#17073,.T.);
#17059 = FACE_BOUND('',#17060,.T.);
#17060 = EDGE_LOOP('',(#17061));
#17061 = ORIENTED_EDGE('',*,*,#17029,.T.);
#17062 = FACE_BOUND('',#17063,.T.);
#17063 = EDGE_LOOP('',(#17064));
#17064 = ORIENTED_EDGE('',*,*,#17065,.F.);
#17065 = EDGE_CURVE('',#17066,#17066,#17068,.T.);
#17066 = VERTEX_POINT('',#17067);
#17067 = CARTESIAN_POINT('',(-35.52,31.,1.65));
#17068 = CIRCLE('',#17069,1.48);
#17069 = AXIS2_PLACEMENT_3D('',#17070,#17071,#17072);
#17070 = CARTESIAN_POINT('',(-37.,31.,1.65));
#17071 = DIRECTION('',(0.,0.,1.));
#17072 = DIRECTION('',(1.,0.,0.));
#17073 = PLANE('',#17074);
#17074 = AXIS2_PLACEMENT_3D('',#17075,#17076,#17077);
#17075 = CARTESIAN_POINT('',(-37.,31.,1.65));
#17076 = DIRECTION('',(0.,0.,1.));
#17077 = DIRECTION('',(1.,0.,0.));
#17078 = ADVANCED_FACE('',(#17079,#17082),#17093,.F.);
#17079 = FACE_BOUND('',#17080,.F.);
#17080 = EDGE_LOOP('',(#17081));
#17081 = ORIENTED_EDGE('',*,*,#17046,.T.);
#17082 = FACE_BOUND('',#17083,.F.);
#17083 = EDGE_LOOP('',(#17084));
#17084 = ORIENTED_EDGE('',*,*,#17085,.F.);
#17085 = EDGE_CURVE('',#17086,#17086,#17088,.T.);
#17086 = VERTEX_POINT('',#17087);
#17087 = CARTESIAN_POINT('',(-36.,31.,0.));
#17088 = CIRCLE('',#17089,1.);
#17089 = AXIS2_PLACEMENT_3D('',#17090,#17091,#17092);
#17090 = CARTESIAN_POINT('',(-37.,31.,0.));
#17091 = DIRECTION('',(0.,0.,1.));
#17092 = DIRECTION('',(1.,0.,0.));
#17093 = PLANE('',#17094);
#17094 = AXIS2_PLACEMENT_3D('',#17095,#17096,#17097);
#17095 = CARTESIAN_POINT('',(-37.,31.,0.));
#17096 = DIRECTION('',(0.,0.,1.));
#17097 = DIRECTION('',(1.,0.,0.));
#17098 = ADVANCED_FACE('',(#17099),#17118,.T.);
#17099 = FACE_BOUND('',#17100,.T.);
#17100 = EDGE_LOOP('',(#17101,#17110,#17116,#17117));
#17101 = ORIENTED_EDGE('',*,*,#17102,.F.);
#17102 = EDGE_CURVE('',#17103,#17103,#17105,.T.);
#17103 = VERTEX_POINT('',#17104);
#17104 = CARTESIAN_POINT('',(-35.52,31.,8.));
#17105 = CIRCLE('',#17106,1.48);
#17106 = AXIS2_PLACEMENT_3D('',#17107,#17108,#17109);
#17107 = CARTESIAN_POINT('',(-37.,31.,8.));
#17108 = DIRECTION('',(0.,0.,1.));
#17109 = DIRECTION('',(1.,0.,0.));
#17110 = ORIENTED_EDGE('',*,*,#17111,.F.);
#17111 = EDGE_CURVE('',#17066,#17103,#17112,.T.);
#17112 = LINE('',#17113,#17114);
#17113 = CARTESIAN_POINT('',(-35.52,31.,1.65));
#17114 = VECTOR('',#17115,1.);
#17115 = DIRECTION('',(0.,0.,1.));
#17116 = ORIENTED_EDGE('',*,*,#17065,.T.);
#17117 = ORIENTED_EDGE('',*,*,#17111,.T.);
#17118 = CYLINDRICAL_SURFACE('',#17119,1.48);
#17119 = AXIS2_PLACEMENT_3D('',#17120,#17121,#17122);
#17120 = CARTESIAN_POINT('',(-37.,31.,1.65));
#17121 = DIRECTION('',(0.,0.,1.));
#17122 = DIRECTION('',(1.,0.,0.));
#17123 = ADVANCED_FACE('',(#17124),#17143,.F.);
#17124 = FACE_BOUND('',#17125,.F.);
#17125 = EDGE_LOOP('',(#17126,#17135,#17141,#17142));
#17126 = ORIENTED_EDGE('',*,*,#17127,.F.);
#17127 = EDGE_CURVE('',#17128,#17128,#17130,.T.);
#17128 = VERTEX_POINT('',#17129);
#17129 = CARTESIAN_POINT('',(-36.,31.,1.2));
#17130 = CIRCLE('',#17131,1.);
#17131 = AXIS2_PLACEMENT_3D('',#17132,#17133,#17134);
#17132 = CARTESIAN_POINT('',(-37.,31.,1.2));
#17133 = DIRECTION('',(0.,0.,1.));
#17134 = DIRECTION('',(1.,0.,0.));
#17135 = ORIENTED_EDGE('',*,*,#17136,.F.);
#17136 = EDGE_CURVE('',#17086,#17128,#17137,.T.);
#17137 = LINE('',#17138,#17139);
#17138 = CARTESIAN_POINT('',(-36.,31.,0.));
#17139 = VECTOR('',#17140,1.);
#17140 = DIRECTION('',(0.,0.,1.));
#17141 = ORIENTED_EDGE('',*,*,#17085,.T.);
#17142 = ORIENTED_EDGE('',*,*,#17136,.T.);
#17143 = CYLINDRICAL_SURFACE('',#17144,1.);
#17144 = AXIS2_PLACEMENT_3D('',#17145,#17146,#17147);
#17145 = CARTESIAN_POINT('',(-37.,31.,0.));
#17146 = DIRECTION('',(0.,0.,1.));
#17147 = DIRECTION('',(1.,0.,0.));
#17148 = ADVANCED_FACE('',(#17149),#17152,.T.);
#17149 = FACE_BOUND('',#17150,.T.);
#17150 = EDGE_LOOP('',(#17151));
#17151 = ORIENTED_EDGE('',*,*,#17102,.T.);
#17152 = PLANE('',#17153);
#17153 = AXIS2_PLACEMENT_3D('',#17154,#17155,#17156);
#17154 = CARTESIAN_POINT('',(-37.,31.,8.));
#17155 = DIRECTION('',(0.,0.,1.));
#17156 = DIRECTION('',(1.,0.,0.));
#17157 = ADVANCED_FACE('',(#17158),#17161,.F.);
#17158 = FACE_BOUND('',#17159,.F.);
#17159 = EDGE_LOOP('',(#17160));
#17160 = ORIENTED_EDGE('',*,*,#17127,.T.);
#17161 = PLANE('',#17162);
#17162 = AXIS2_PLACEMENT_3D('',#17163,#17164,#17165);
#17163 = CARTESIAN_POINT('',(-37.,31.,1.2));
#17164 = DIRECTION('',(0.,0.,1.));
#17165 = DIRECTION('',(1.,0.,0.));
#17166 = MANIFOLD_SOLID_BREP('',#17167);
#17167 = CLOSED_SHELL('',(#17168,#17201,#17221,#17241,#17266,#17291,
    #17300));
#17168 = ADVANCED_FACE('',(#17169),#17196,.T.);
#17169 = FACE_BOUND('',#17170,.T.);
#17170 = EDGE_LOOP('',(#17171,#17180,#17188,#17195));
#17171 = ORIENTED_EDGE('',*,*,#17172,.F.);
#17172 = EDGE_CURVE('',#17173,#17173,#17175,.T.);
#17173 = VERTEX_POINT('',#17174);
#17174 = CARTESIAN_POINT('',(38.5,31.,1.65));
#17175 = CIRCLE('',#17176,1.5);
#17176 = AXIS2_PLACEMENT_3D('',#17177,#17178,#17179);
#17177 = CARTESIAN_POINT('',(37.,31.,1.65));
#17178 = DIRECTION('',(0.,0.,1.));
#17179 = DIRECTION('',(1.,0.,0.));
#17180 = ORIENTED_EDGE('',*,*,#17181,.F.);
#17181 = EDGE_CURVE('',#17182,#17173,#17184,.T.);
#17182 = VERTEX_POINT('',#17183);
#17183 = CARTESIAN_POINT('',(40.,31.,0.));
#17184 = LINE('',#17185,#17186);
#17185 = CARTESIAN_POINT('',(40.,31.,0.));
#17186 = VECTOR('',#17187,1.);
#17187 = DIRECTION('',(-0.672672793996,1.647573168082E-16,0.739940073396
    ));
#17188 = ORIENTED_EDGE('',*,*,#17189,.T.);
#17189 = EDGE_CURVE('',#17182,#17182,#17190,.T.);
#17190 = CIRCLE('',#17191,3.);
#17191 = AXIS2_PLACEMENT_3D('',#17192,#17193,#17194);
#17192 = CARTESIAN_POINT('',(37.,31.,0.));
#17193 = DIRECTION('',(0.,0.,1.));
#17194 = DIRECTION('',(1.,0.,0.));
#17195 = ORIENTED_EDGE('',*,*,#17181,.T.);
#17196 = CONICAL_SURFACE('',#17197,3.,0.73781506012);
#17197 = AXIS2_PLACEMENT_3D('',#17198,#17199,#17200);
#17198 = CARTESIAN_POINT('',(37.,31.,0.));
#17199 = DIRECTION('',(-0.,-0.,-1.));
#17200 = DIRECTION('',(1.,0.,0.));
#17201 = ADVANCED_FACE('',(#17202,#17205),#17216,.T.);
#17202 = FACE_BOUND('',#17203,.T.);
#17203 = EDGE_LOOP('',(#17204));
#17204 = ORIENTED_EDGE('',*,*,#17172,.T.);
#17205 = FACE_BOUND('',#17206,.T.);
#17206 = EDGE_LOOP('',(#17207));
#17207 = ORIENTED_EDGE('',*,*,#17208,.F.);
#17208 = EDGE_CURVE('',#17209,#17209,#17211,.T.);
#17209 = VERTEX_POINT('',#17210);
#17210 = CARTESIAN_POINT('',(38.48,31.,1.65));
#17211 = CIRCLE('',#17212,1.48);
#17212 = AXIS2_PLACEMENT_3D('',#17213,#17214,#17215);
#17213 = CARTESIAN_POINT('',(37.,31.,1.65));
#17214 = DIRECTION('',(0.,0.,1.));
#17215 = DIRECTION('',(1.,0.,0.));
#17216 = PLANE('',#17217);
#17217 = AXIS2_PLACEMENT_3D('',#17218,#17219,#17220);
#17218 = CARTESIAN_POINT('',(37.,31.,1.65));
#17219 = DIRECTION('',(0.,0.,1.));
#17220 = DIRECTION('',(1.,0.,0.));
#17221 = ADVANCED_FACE('',(#17222,#17225),#17236,.F.);
#17222 = FACE_BOUND('',#17223,.F.);
#17223 = EDGE_LOOP('',(#17224));
#17224 = ORIENTED_EDGE('',*,*,#17189,.T.);
#17225 = FACE_BOUND('',#17226,.F.);
#17226 = EDGE_LOOP('',(#17227));
#17227 = ORIENTED_EDGE('',*,*,#17228,.F.);
#17228 = EDGE_CURVE('',#17229,#17229,#17231,.T.);
#17229 = VERTEX_POINT('',#17230);
#17230 = CARTESIAN_POINT('',(38.,31.,0.));
#17231 = CIRCLE('',#17232,1.);
#17232 = AXIS2_PLACEMENT_3D('',#17233,#17234,#17235);
#17233 = CARTESIAN_POINT('',(37.,31.,0.));
#17234 = DIRECTION('',(0.,0.,1.));
#17235 = DIRECTION('',(1.,0.,0.));
#17236 = PLANE('',#17237);
#17237 = AXIS2_PLACEMENT_3D('',#17238,#17239,#17240);
#17238 = CARTESIAN_POINT('',(37.,31.,0.));
#17239 = DIRECTION('',(0.,0.,1.));
#17240 = DIRECTION('',(1.,0.,0.));
#17241 = ADVANCED_FACE('',(#17242),#17261,.T.);
#17242 = FACE_BOUND('',#17243,.T.);
#17243 = EDGE_LOOP('',(#17244,#17253,#17259,#17260));
#17244 = ORIENTED_EDGE('',*,*,#17245,.F.);
#17245 = EDGE_CURVE('',#17246,#17246,#17248,.T.);
#17246 = VERTEX_POINT('',#17247);
#17247 = CARTESIAN_POINT('',(38.48,31.,8.));
#17248 = CIRCLE('',#17249,1.48);
#17249 = AXIS2_PLACEMENT_3D('',#17250,#17251,#17252);
#17250 = CARTESIAN_POINT('',(37.,31.,8.));
#17251 = DIRECTION('',(0.,0.,1.));
#17252 = DIRECTION('',(1.,0.,0.));
#17253 = ORIENTED_EDGE('',*,*,#17254,.F.);
#17254 = EDGE_CURVE('',#17209,#17246,#17255,.T.);
#17255 = LINE('',#17256,#17257);
#17256 = CARTESIAN_POINT('',(38.48,31.,1.65));
#17257 = VECTOR('',#17258,1.);
#17258 = DIRECTION('',(0.,0.,1.));
#17259 = ORIENTED_EDGE('',*,*,#17208,.T.);
#17260 = ORIENTED_EDGE('',*,*,#17254,.T.);
#17261 = CYLINDRICAL_SURFACE('',#17262,1.48);
#17262 = AXIS2_PLACEMENT_3D('',#17263,#17264,#17265);
#17263 = CARTESIAN_POINT('',(37.,31.,1.65));
#17264 = DIRECTION('',(0.,0.,1.));
#17265 = DIRECTION('',(1.,0.,0.));
#17266 = ADVANCED_FACE('',(#17267),#17286,.F.);
#17267 = FACE_BOUND('',#17268,.F.);
#17268 = EDGE_LOOP('',(#17269,#17278,#17284,#17285));
#17269 = ORIENTED_EDGE('',*,*,#17270,.F.);
#17270 = EDGE_CURVE('',#17271,#17271,#17273,.T.);
#17271 = VERTEX_POINT('',#17272);
#17272 = CARTESIAN_POINT('',(38.,31.,1.2));
#17273 = CIRCLE('',#17274,1.);
#17274 = AXIS2_PLACEMENT_3D('',#17275,#17276,#17277);
#17275 = CARTESIAN_POINT('',(37.,31.,1.2));
#17276 = DIRECTION('',(0.,0.,1.));
#17277 = DIRECTION('',(1.,0.,0.));
#17278 = ORIENTED_EDGE('',*,*,#17279,.F.);
#17279 = EDGE_CURVE('',#17229,#17271,#17280,.T.);
#17280 = LINE('',#17281,#17282);
#17281 = CARTESIAN_POINT('',(38.,31.,0.));
#17282 = VECTOR('',#17283,1.);
#17283 = DIRECTION('',(0.,0.,1.));
#17284 = ORIENTED_EDGE('',*,*,#17228,.T.);
#17285 = ORIENTED_EDGE('',*,*,#17279,.T.);
#17286 = CYLINDRICAL_SURFACE('',#17287,1.);
#17287 = AXIS2_PLACEMENT_3D('',#17288,#17289,#17290);
#17288 = CARTESIAN_POINT('',(37.,31.,0.));
#17289 = DIRECTION('',(0.,0.,1.));
#17290 = DIRECTION('',(1.,0.,0.));
#17291 = ADVANCED_FACE('',(#17292),#17295,.T.);
#17292 = FACE_BOUND('',#17293,.T.);
#17293 = EDGE_LOOP('',(#17294));
#17294 = ORIENTED_EDGE('',*,*,#17245,.T.);
#17295 = PLANE('',#17296);
#17296 = AXIS2_PLACEMENT_3D('',#17297,#17298,#17299);
#17297 = CARTESIAN_POINT('',(37.,31.,8.));
#17298 = DIRECTION('',(0.,0.,1.));
#17299 = DIRECTION('',(1.,0.,0.));
#17300 = ADVANCED_FACE('',(#17301),#17304,.F.);
#17301 = FACE_BOUND('',#17302,.F.);
#17302 = EDGE_LOOP('',(#17303));
#17303 = ORIENTED_EDGE('',*,*,#17270,.T.);
#17304 = PLANE('',#17305);
#17305 = AXIS2_PLACEMENT_3D('',#17306,#17307,#17308);
#17306 = CARTESIAN_POINT('',(37.,31.,1.2));
#17307 = DIRECTION('',(0.,0.,1.));
#17308 = DIRECTION('',(1.,0.,0.));
#17309 = MANIFOLD_SOLID_BREP('',#17310);
#17310 = CLOSED_SHELL('',(#17311,#17344,#17364,#17384));
#17311 = ADVANCED_FACE('',(#17312),#17339,.T.);
#17312 = FACE_BOUND('',#17313,.T.);
#17313 = EDGE_LOOP('',(#17314,#17323,#17331,#17338));
#17314 = ORIENTED_EDGE('',*,*,#17315,.F.);
#17315 = EDGE_CURVE('',#17316,#17316,#17318,.T.);
#17316 = VERTEX_POINT('',#17317);
#17317 = CARTESIAN_POINT('',(-47.2,-37.,38.));
#17318 = CIRCLE('',#17319,2.3);
#17319 = AXIS2_PLACEMENT_3D('',#17320,#17321,#17322);
#17320 = CARTESIAN_POINT('',(-49.5,-37.,38.));
#17321 = DIRECTION('',(0.,0.,1.));
#17322 = DIRECTION('',(1.,0.,0.));
#17323 = ORIENTED_EDGE('',*,*,#17324,.F.);
#17324 = EDGE_CURVE('',#17325,#17316,#17327,.T.);
#17325 = VERTEX_POINT('',#17326);
#17326 = CARTESIAN_POINT('',(-47.2,-37.,33.));
#17327 = LINE('',#17328,#17329);
#17328 = CARTESIAN_POINT('',(-47.2,-37.,33.));
#17329 = VECTOR('',#17330,1.);
#17330 = DIRECTION('',(0.,0.,1.));
#17331 = ORIENTED_EDGE('',*,*,#17332,.T.);
#17332 = EDGE_CURVE('',#17325,#17325,#17333,.T.);
#17333 = CIRCLE('',#17334,2.3);
#17334 = AXIS2_PLACEMENT_3D('',#17335,#17336,#17337);
#17335 = CARTESIAN_POINT('',(-49.5,-37.,33.));
#17336 = DIRECTION('',(0.,0.,1.));
#17337 = DIRECTION('',(1.,0.,0.));
#17338 = ORIENTED_EDGE('',*,*,#17324,.T.);
#17339 = CYLINDRICAL_SURFACE('',#17340,2.3);
#17340 = AXIS2_PLACEMENT_3D('',#17341,#17342,#17343);
#17341 = CARTESIAN_POINT('',(-49.5,-37.,33.));
#17342 = DIRECTION('',(0.,0.,1.));
#17343 = DIRECTION('',(1.,0.,0.));
#17344 = ADVANCED_FACE('',(#17345,#17348),#17359,.T.);
#17345 = FACE_BOUND('',#17346,.T.);
#17346 = EDGE_LOOP('',(#17347));
#17347 = ORIENTED_EDGE('',*,*,#17315,.T.);
#17348 = FACE_BOUND('',#17349,.T.);
#17349 = EDGE_LOOP('',(#17350));
#17350 = ORIENTED_EDGE('',*,*,#17351,.F.);
#17351 = EDGE_CURVE('',#17352,#17352,#17354,.T.);
#17352 = VERTEX_POINT('',#17353);
#17353 = CARTESIAN_POINT('',(-48.,-37.,38.));
#17354 = CIRCLE('',#17355,1.5);
#17355 = AXIS2_PLACEMENT_3D('',#17356,#17357,#17358);
#17356 = CARTESIAN_POINT('',(-49.5,-37.,38.));
#17357 = DIRECTION('',(0.,0.,1.));
#17358 = DIRECTION('',(1.,0.,0.));
#17359 = PLANE('',#17360);
#17360 = AXIS2_PLACEMENT_3D('',#17361,#17362,#17363);
#17361 = CARTESIAN_POINT('',(-49.5,-37.,38.));
#17362 = DIRECTION('',(0.,0.,1.));
#17363 = DIRECTION('',(1.,0.,0.));
#17364 = ADVANCED_FACE('',(#17365,#17368),#17379,.F.);
#17365 = FACE_BOUND('',#17366,.F.);
#17366 = EDGE_LOOP('',(#17367));
#17367 = ORIENTED_EDGE('',*,*,#17332,.T.);
#17368 = FACE_BOUND('',#17369,.F.);
#17369 = EDGE_LOOP('',(#17370));
#17370 = ORIENTED_EDGE('',*,*,#17371,.F.);
#17371 = EDGE_CURVE('',#17372,#17372,#17374,.T.);
#17372 = VERTEX_POINT('',#17373);
#17373 = CARTESIAN_POINT('',(-48.,-37.,33.));
#17374 = CIRCLE('',#17375,1.5);
#17375 = AXIS2_PLACEMENT_3D('',#17376,#17377,#17378);
#17376 = CARTESIAN_POINT('',(-49.5,-37.,33.));
#17377 = DIRECTION('',(0.,0.,1.));
#17378 = DIRECTION('',(1.,0.,0.));
#17379 = PLANE('',#17380);
#17380 = AXIS2_PLACEMENT_3D('',#17381,#17382,#17383);
#17381 = CARTESIAN_POINT('',(-49.5,-37.,33.));
#17382 = DIRECTION('',(0.,0.,1.));
#17383 = DIRECTION('',(1.,0.,0.));
#17384 = ADVANCED_FACE('',(#17385),#17396,.F.);
#17385 = FACE_BOUND('',#17386,.F.);
#17386 = EDGE_LOOP('',(#17387,#17388,#17394,#17395));
#17387 = ORIENTED_EDGE('',*,*,#17351,.F.);
#17388 = ORIENTED_EDGE('',*,*,#17389,.F.);
#17389 = EDGE_CURVE('',#17372,#17352,#17390,.T.);
#17390 = LINE('',#17391,#17392);
#17391 = CARTESIAN_POINT('',(-48.,-37.,32.9));
#17392 = VECTOR('',#17393,1.);
#17393 = DIRECTION('',(0.,0.,1.));
#17394 = ORIENTED_EDGE('',*,*,#17371,.T.);
#17395 = ORIENTED_EDGE('',*,*,#17389,.T.);
#17396 = CYLINDRICAL_SURFACE('',#17397,1.5);
#17397 = AXIS2_PLACEMENT_3D('',#17398,#17399,#17400);
#17398 = CARTESIAN_POINT('',(-49.5,-37.,32.9));
#17399 = DIRECTION('',(0.,0.,1.));
#17400 = DIRECTION('',(1.,0.,0.));
#17401 = MANIFOLD_SOLID_BREP('',#17402);
#17402 = CLOSED_SHELL('',(#17403,#17436,#17456,#17476));
#17403 = ADVANCED_FACE('',(#17404),#17431,.T.);
#17404 = FACE_BOUND('',#17405,.T.);
#17405 = EDGE_LOOP('',(#17406,#17415,#17423,#17430));
#17406 = ORIENTED_EDGE('',*,*,#17407,.F.);
#17407 = EDGE_CURVE('',#17408,#17408,#17410,.T.);
#17408 = VERTEX_POINT('',#17409);
#17409 = CARTESIAN_POINT('',(51.8,-37.,38.));
#17410 = CIRCLE('',#17411,2.3);
#17411 = AXIS2_PLACEMENT_3D('',#17412,#17413,#17414);
#17412 = CARTESIAN_POINT('',(49.5,-37.,38.));
#17413 = DIRECTION('',(0.,0.,1.));
#17414 = DIRECTION('',(1.,0.,0.));
#17415 = ORIENTED_EDGE('',*,*,#17416,.F.);
#17416 = EDGE_CURVE('',#17417,#17408,#17419,.T.);
#17417 = VERTEX_POINT('',#17418);
#17418 = CARTESIAN_POINT('',(51.8,-37.,33.));
#17419 = LINE('',#17420,#17421);
#17420 = CARTESIAN_POINT('',(51.8,-37.,33.));
#17421 = VECTOR('',#17422,1.);
#17422 = DIRECTION('',(0.,0.,1.));
#17423 = ORIENTED_EDGE('',*,*,#17424,.T.);
#17424 = EDGE_CURVE('',#17417,#17417,#17425,.T.);
#17425 = CIRCLE('',#17426,2.3);
#17426 = AXIS2_PLACEMENT_3D('',#17427,#17428,#17429);
#17427 = CARTESIAN_POINT('',(49.5,-37.,33.));
#17428 = DIRECTION('',(0.,0.,1.));
#17429 = DIRECTION('',(1.,0.,0.));
#17430 = ORIENTED_EDGE('',*,*,#17416,.T.);
#17431 = CYLINDRICAL_SURFACE('',#17432,2.3);
#17432 = AXIS2_PLACEMENT_3D('',#17433,#17434,#17435);
#17433 = CARTESIAN_POINT('',(49.5,-37.,33.));
#17434 = DIRECTION('',(0.,0.,1.));
#17435 = DIRECTION('',(1.,0.,0.));
#17436 = ADVANCED_FACE('',(#17437,#17440),#17451,.T.);
#17437 = FACE_BOUND('',#17438,.T.);
#17438 = EDGE_LOOP('',(#17439));
#17439 = ORIENTED_EDGE('',*,*,#17407,.T.);
#17440 = FACE_BOUND('',#17441,.T.);
#17441 = EDGE_LOOP('',(#17442));
#17442 = ORIENTED_EDGE('',*,*,#17443,.F.);
#17443 = EDGE_CURVE('',#17444,#17444,#17446,.T.);
#17444 = VERTEX_POINT('',#17445);
#17445 = CARTESIAN_POINT('',(51.,-37.,38.));
#17446 = CIRCLE('',#17447,1.5);
#17447 = AXIS2_PLACEMENT_3D('',#17448,#17449,#17450);
#17448 = CARTESIAN_POINT('',(49.5,-37.,38.));
#17449 = DIRECTION('',(0.,0.,1.));
#17450 = DIRECTION('',(1.,0.,0.));
#17451 = PLANE('',#17452);
#17452 = AXIS2_PLACEMENT_3D('',#17453,#17454,#17455);
#17453 = CARTESIAN_POINT('',(49.5,-37.,38.));
#17454 = DIRECTION('',(0.,0.,1.));
#17455 = DIRECTION('',(1.,0.,0.));
#17456 = ADVANCED_FACE('',(#17457,#17460),#17471,.F.);
#17457 = FACE_BOUND('',#17458,.F.);
#17458 = EDGE_LOOP('',(#17459));
#17459 = ORIENTED_EDGE('',*,*,#17424,.T.);
#17460 = FACE_BOUND('',#17461,.F.);
#17461 = EDGE_LOOP('',(#17462));
#17462 = ORIENTED_EDGE('',*,*,#17463,.F.);
#17463 = EDGE_CURVE('',#17464,#17464,#17466,.T.);
#17464 = VERTEX_POINT('',#17465);
#17465 = CARTESIAN_POINT('',(51.,-37.,33.));
#17466 = CIRCLE('',#17467,1.5);
#17467 = AXIS2_PLACEMENT_3D('',#17468,#17469,#17470);
#17468 = CARTESIAN_POINT('',(49.5,-37.,33.));
#17469 = DIRECTION('',(0.,0.,1.));
#17470 = DIRECTION('',(1.,0.,0.));
#17471 = PLANE('',#17472);
#17472 = AXIS2_PLACEMENT_3D('',#17473,#17474,#17475);
#17473 = CARTESIAN_POINT('',(49.5,-37.,33.));
#17474 = DIRECTION('',(0.,0.,1.));
#17475 = DIRECTION('',(1.,0.,0.));
#17476 = ADVANCED_FACE('',(#17477),#17488,.F.);
#17477 = FACE_BOUND('',#17478,.F.);
#17478 = EDGE_LOOP('',(#17479,#17480,#17486,#17487));
#17479 = ORIENTED_EDGE('',*,*,#17443,.F.);
#17480 = ORIENTED_EDGE('',*,*,#17481,.F.);
#17481 = EDGE_CURVE('',#17464,#17444,#17482,.T.);
#17482 = LINE('',#17483,#17484);
#17483 = CARTESIAN_POINT('',(51.,-37.,32.9));
#17484 = VECTOR('',#17485,1.);
#17485 = DIRECTION('',(0.,0.,1.));
#17486 = ORIENTED_EDGE('',*,*,#17463,.T.);
#17487 = ORIENTED_EDGE('',*,*,#17481,.T.);
#17488 = CYLINDRICAL_SURFACE('',#17489,1.5);
#17489 = AXIS2_PLACEMENT_3D('',#17490,#17491,#17492);
#17490 = CARTESIAN_POINT('',(49.5,-37.,32.9));
#17491 = DIRECTION('',(0.,0.,1.));
#17492 = DIRECTION('',(1.,0.,0.));
#17493 = MANIFOLD_SOLID_BREP('',#17494);
#17494 = CLOSED_SHELL('',(#17495,#17528,#17548,#17568));
#17495 = ADVANCED_FACE('',(#17496),#17523,.T.);
#17496 = FACE_BOUND('',#17497,.T.);
#17497 = EDGE_LOOP('',(#17498,#17507,#17515,#17522));
#17498 = ORIENTED_EDGE('',*,*,#17499,.F.);
#17499 = EDGE_CURVE('',#17500,#17500,#17502,.T.);
#17500 = VERTEX_POINT('',#17501);
#17501 = CARTESIAN_POINT('',(-47.2,37.,38.));
#17502 = CIRCLE('',#17503,2.3);
#17503 = AXIS2_PLACEMENT_3D('',#17504,#17505,#17506);
#17504 = CARTESIAN_POINT('',(-49.5,37.,38.));
#17505 = DIRECTION('',(0.,0.,1.));
#17506 = DIRECTION('',(1.,0.,0.));
#17507 = ORIENTED_EDGE('',*,*,#17508,.F.);
#17508 = EDGE_CURVE('',#17509,#17500,#17511,.T.);
#17509 = VERTEX_POINT('',#17510);
#17510 = CARTESIAN_POINT('',(-47.2,37.,33.));
#17511 = LINE('',#17512,#17513);
#17512 = CARTESIAN_POINT('',(-47.2,37.,33.));
#17513 = VECTOR('',#17514,1.);
#17514 = DIRECTION('',(0.,0.,1.));
#17515 = ORIENTED_EDGE('',*,*,#17516,.T.);
#17516 = EDGE_CURVE('',#17509,#17509,#17517,.T.);
#17517 = CIRCLE('',#17518,2.3);
#17518 = AXIS2_PLACEMENT_3D('',#17519,#17520,#17521);
#17519 = CARTESIAN_POINT('',(-49.5,37.,33.));
#17520 = DIRECTION('',(0.,0.,1.));
#17521 = DIRECTION('',(1.,0.,0.));
#17522 = ORIENTED_EDGE('',*,*,#17508,.T.);
#17523 = CYLINDRICAL_SURFACE('',#17524,2.3);
#17524 = AXIS2_PLACEMENT_3D('',#17525,#17526,#17527);
#17525 = CARTESIAN_POINT('',(-49.5,37.,33.));
#17526 = DIRECTION('',(0.,0.,1.));
#17527 = DIRECTION('',(1.,0.,0.));
#17528 = ADVANCED_FACE('',(#17529,#17532),#17543,.T.);
#17529 = FACE_BOUND('',#17530,.T.);
#17530 = EDGE_LOOP('',(#17531));
#17531 = ORIENTED_EDGE('',*,*,#17499,.T.);
#17532 = FACE_BOUND('',#17533,.T.);
#17533 = EDGE_LOOP('',(#17534));
#17534 = ORIENTED_EDGE('',*,*,#17535,.F.);
#17535 = EDGE_CURVE('',#17536,#17536,#17538,.T.);
#17536 = VERTEX_POINT('',#17537);
#17537 = CARTESIAN_POINT('',(-48.,37.,38.));
#17538 = CIRCLE('',#17539,1.5);
#17539 = AXIS2_PLACEMENT_3D('',#17540,#17541,#17542);
#17540 = CARTESIAN_POINT('',(-49.5,37.,38.));
#17541 = DIRECTION('',(0.,0.,1.));
#17542 = DIRECTION('',(1.,0.,0.));
#17543 = PLANE('',#17544);
#17544 = AXIS2_PLACEMENT_3D('',#17545,#17546,#17547);
#17545 = CARTESIAN_POINT('',(-49.5,37.,38.));
#17546 = DIRECTION('',(0.,0.,1.));
#17547 = DIRECTION('',(1.,0.,0.));
#17548 = ADVANCED_FACE('',(#17549,#17552),#17563,.F.);
#17549 = FACE_BOUND('',#17550,.F.);
#17550 = EDGE_LOOP('',(#17551));
#17551 = ORIENTED_EDGE('',*,*,#17516,.T.);
#17552 = FACE_BOUND('',#17553,.F.);
#17553 = EDGE_LOOP('',(#17554));
#17554 = ORIENTED_EDGE('',*,*,#17555,.F.);
#17555 = EDGE_CURVE('',#17556,#17556,#17558,.T.);
#17556 = VERTEX_POINT('',#17557);
#17557 = CARTESIAN_POINT('',(-48.,37.,33.));
#17558 = CIRCLE('',#17559,1.5);
#17559 = AXIS2_PLACEMENT_3D('',#17560,#17561,#17562);
#17560 = CARTESIAN_POINT('',(-49.5,37.,33.));
#17561 = DIRECTION('',(0.,0.,1.));
#17562 = DIRECTION('',(1.,0.,0.));
#17563 = PLANE('',#17564);
#17564 = AXIS2_PLACEMENT_3D('',#17565,#17566,#17567);
#17565 = CARTESIAN_POINT('',(-49.5,37.,33.));
#17566 = DIRECTION('',(0.,0.,1.));
#17567 = DIRECTION('',(1.,0.,0.));
#17568 = ADVANCED_FACE('',(#17569),#17580,.F.);
#17569 = FACE_BOUND('',#17570,.F.);
#17570 = EDGE_LOOP('',(#17571,#17572,#17578,#17579));
#17571 = ORIENTED_EDGE('',*,*,#17535,.F.);
#17572 = ORIENTED_EDGE('',*,*,#17573,.F.);
#17573 = EDGE_CURVE('',#17556,#17536,#17574,.T.);
#17574 = LINE('',#17575,#17576);
#17575 = CARTESIAN_POINT('',(-48.,37.,32.9));
#17576 = VECTOR('',#17577,1.);
#17577 = DIRECTION('',(0.,0.,1.));
#17578 = ORIENTED_EDGE('',*,*,#17555,.T.);
#17579 = ORIENTED_EDGE('',*,*,#17573,.T.);
#17580 = CYLINDRICAL_SURFACE('',#17581,1.5);
#17581 = AXIS2_PLACEMENT_3D('',#17582,#17583,#17584);
#17582 = CARTESIAN_POINT('',(-49.5,37.,32.9));
#17583 = DIRECTION('',(0.,0.,1.));
#17584 = DIRECTION('',(1.,0.,0.));
#17585 = MANIFOLD_SOLID_BREP('',#17586);
#17586 = CLOSED_SHELL('',(#17587,#17620,#17640,#17660));
#17587 = ADVANCED_FACE('',(#17588),#17615,.T.);
#17588 = FACE_BOUND('',#17589,.T.);
#17589 = EDGE_LOOP('',(#17590,#17599,#17607,#17614));
#17590 = ORIENTED_EDGE('',*,*,#17591,.F.);
#17591 = EDGE_CURVE('',#17592,#17592,#17594,.T.);
#17592 = VERTEX_POINT('',#17593);
#17593 = CARTESIAN_POINT('',(51.8,37.,38.));
#17594 = CIRCLE('',#17595,2.3);
#17595 = AXIS2_PLACEMENT_3D('',#17596,#17597,#17598);
#17596 = CARTESIAN_POINT('',(49.5,37.,38.));
#17597 = DIRECTION('',(0.,0.,1.));
#17598 = DIRECTION('',(1.,0.,0.));
#17599 = ORIENTED_EDGE('',*,*,#17600,.F.);
#17600 = EDGE_CURVE('',#17601,#17592,#17603,.T.);
#17601 = VERTEX_POINT('',#17602);
#17602 = CARTESIAN_POINT('',(51.8,37.,33.));
#17603 = LINE('',#17604,#17605);
#17604 = CARTESIAN_POINT('',(51.8,37.,33.));
#17605 = VECTOR('',#17606,1.);
#17606 = DIRECTION('',(0.,0.,1.));
#17607 = ORIENTED_EDGE('',*,*,#17608,.T.);
#17608 = EDGE_CURVE('',#17601,#17601,#17609,.T.);
#17609 = CIRCLE('',#17610,2.3);
#17610 = AXIS2_PLACEMENT_3D('',#17611,#17612,#17613);
#17611 = CARTESIAN_POINT('',(49.5,37.,33.));
#17612 = DIRECTION('',(0.,0.,1.));
#17613 = DIRECTION('',(1.,0.,0.));
#17614 = ORIENTED_EDGE('',*,*,#17600,.T.);
#17615 = CYLINDRICAL_SURFACE('',#17616,2.3);
#17616 = AXIS2_PLACEMENT_3D('',#17617,#17618,#17619);
#17617 = CARTESIAN_POINT('',(49.5,37.,33.));
#17618 = DIRECTION('',(0.,0.,1.));
#17619 = DIRECTION('',(1.,0.,0.));
#17620 = ADVANCED_FACE('',(#17621,#17624),#17635,.T.);
#17621 = FACE_BOUND('',#17622,.T.);
#17622 = EDGE_LOOP('',(#17623));
#17623 = ORIENTED_EDGE('',*,*,#17591,.T.);
#17624 = FACE_BOUND('',#17625,.T.);
#17625 = EDGE_LOOP('',(#17626));
#17626 = ORIENTED_EDGE('',*,*,#17627,.F.);
#17627 = EDGE_CURVE('',#17628,#17628,#17630,.T.);
#17628 = VERTEX_POINT('',#17629);
#17629 = CARTESIAN_POINT('',(51.,37.,38.));
#17630 = CIRCLE('',#17631,1.5);
#17631 = AXIS2_PLACEMENT_3D('',#17632,#17633,#17634);
#17632 = CARTESIAN_POINT('',(49.5,37.,38.));
#17633 = DIRECTION('',(0.,0.,1.));
#17634 = DIRECTION('',(1.,0.,0.));
#17635 = PLANE('',#17636);
#17636 = AXIS2_PLACEMENT_3D('',#17637,#17638,#17639);
#17637 = CARTESIAN_POINT('',(49.5,37.,38.));
#17638 = DIRECTION('',(0.,0.,1.));
#17639 = DIRECTION('',(1.,0.,0.));
#17640 = ADVANCED_FACE('',(#17641,#17644),#17655,.F.);
#17641 = FACE_BOUND('',#17642,.F.);
#17642 = EDGE_LOOP('',(#17643));
#17643 = ORIENTED_EDGE('',*,*,#17608,.T.);
#17644 = FACE_BOUND('',#17645,.F.);
#17645 = EDGE_LOOP('',(#17646));
#17646 = ORIENTED_EDGE('',*,*,#17647,.F.);
#17647 = EDGE_CURVE('',#17648,#17648,#17650,.T.);
#17648 = VERTEX_POINT('',#17649);
#17649 = CARTESIAN_POINT('',(51.,37.,33.));
#17650 = CIRCLE('',#17651,1.5);
#17651 = AXIS2_PLACEMENT_3D('',#17652,#17653,#17654);
#17652 = CARTESIAN_POINT('',(49.5,37.,33.));
#17653 = DIRECTION('',(0.,0.,1.));
#17654 = DIRECTION('',(1.,0.,0.));
#17655 = PLANE('',#17656);
#17656 = AXIS2_PLACEMENT_3D('',#17657,#17658,#17659);
#17657 = CARTESIAN_POINT('',(49.5,37.,33.));
#17658 = DIRECTION('',(0.,0.,1.));
#17659 = DIRECTION('',(1.,0.,0.));
#17660 = ADVANCED_FACE('',(#17661),#17672,.F.);
#17661 = FACE_BOUND('',#17662,.F.);
#17662 = EDGE_LOOP('',(#17663,#17664,#17670,#17671));
#17663 = ORIENTED_EDGE('',*,*,#17627,.F.);
#17664 = ORIENTED_EDGE('',*,*,#17665,.F.);
#17665 = EDGE_CURVE('',#17648,#17628,#17666,.T.);
#17666 = LINE('',#17667,#17668);
#17667 = CARTESIAN_POINT('',(51.,37.,32.9));
#17668 = VECTOR('',#17669,1.);
#17669 = DIRECTION('',(0.,0.,1.));
#17670 = ORIENTED_EDGE('',*,*,#17647,.T.);
#17671 = ORIENTED_EDGE('',*,*,#17665,.T.);
#17672 = CYLINDRICAL_SURFACE('',#17673,1.5);
#17673 = AXIS2_PLACEMENT_3D('',#17674,#17675,#17676);
#17674 = CARTESIAN_POINT('',(49.5,37.,32.9));
#17675 = DIRECTION('',(0.,0.,1.));
#17676 = DIRECTION('',(1.,0.,0.));
#17677 = MANIFOLD_SOLID_BREP('',#17678);
#17678 = CLOSED_SHELL('',(#17679,#17712,#17732,#17752));
#17679 = ADVANCED_FACE('',(#17680),#17707,.T.);
#17680 = FACE_BOUND('',#17681,.T.);
#17681 = EDGE_LOOP('',(#17682,#17691,#17699,#17706));
#17682 = ORIENTED_EDGE('',*,*,#17683,.F.);
#17683 = EDGE_CURVE('',#17684,#17684,#17686,.T.);
#17684 = VERTEX_POINT('',#17685);
#17685 = CARTESIAN_POINT('',(-34.7,-7.,7.5));
#17686 = CIRCLE('',#17687,2.3);
#17687 = AXIS2_PLACEMENT_3D('',#17688,#17689,#17690);
#17688 = CARTESIAN_POINT('',(-37.,-7.,7.5));
#17689 = DIRECTION('',(0.,0.,1.));
#17690 = DIRECTION('',(1.,0.,0.));
#17691 = ORIENTED_EDGE('',*,*,#17692,.F.);
#17692 = EDGE_CURVE('',#17693,#17684,#17695,.T.);
#17693 = VERTEX_POINT('',#17694);
#17694 = CARTESIAN_POINT('',(-34.7,-7.,3.5));
#17695 = LINE('',#17696,#17697);
#17696 = CARTESIAN_POINT('',(-34.7,-7.,3.5));
#17697 = VECTOR('',#17698,1.);
#17698 = DIRECTION('',(0.,0.,1.));
#17699 = ORIENTED_EDGE('',*,*,#17700,.T.);
#17700 = EDGE_CURVE('',#17693,#17693,#17701,.T.);
#17701 = CIRCLE('',#17702,2.3);
#17702 = AXIS2_PLACEMENT_3D('',#17703,#17704,#17705);
#17703 = CARTESIAN_POINT('',(-37.,-7.,3.5));
#17704 = DIRECTION('',(0.,0.,1.));
#17705 = DIRECTION('',(1.,0.,0.));
#17706 = ORIENTED_EDGE('',*,*,#17692,.T.);
#17707 = CYLINDRICAL_SURFACE('',#17708,2.3);
#17708 = AXIS2_PLACEMENT_3D('',#17709,#17710,#17711);
#17709 = CARTESIAN_POINT('',(-37.,-7.,3.5));
#17710 = DIRECTION('',(0.,0.,1.));
#17711 = DIRECTION('',(1.,0.,0.));
#17712 = ADVANCED_FACE('',(#17713,#17716),#17727,.T.);
#17713 = FACE_BOUND('',#17714,.T.);
#17714 = EDGE_LOOP('',(#17715));
#17715 = ORIENTED_EDGE('',*,*,#17683,.T.);
#17716 = FACE_BOUND('',#17717,.T.);
#17717 = EDGE_LOOP('',(#17718));
#17718 = ORIENTED_EDGE('',*,*,#17719,.F.);
#17719 = EDGE_CURVE('',#17720,#17720,#17722,.T.);
#17720 = VERTEX_POINT('',#17721);
#17721 = CARTESIAN_POINT('',(-35.5,-7.,7.5));
#17722 = CIRCLE('',#17723,1.5);
#17723 = AXIS2_PLACEMENT_3D('',#17724,#17725,#17726);
#17724 = CARTESIAN_POINT('',(-37.,-7.,7.5));
#17725 = DIRECTION('',(0.,0.,1.));
#17726 = DIRECTION('',(1.,0.,0.));
#17727 = PLANE('',#17728);
#17728 = AXIS2_PLACEMENT_3D('',#17729,#17730,#17731);
#17729 = CARTESIAN_POINT('',(-37.,-7.,7.5));
#17730 = DIRECTION('',(0.,0.,1.));
#17731 = DIRECTION('',(1.,0.,0.));
#17732 = ADVANCED_FACE('',(#17733,#17736),#17747,.F.);
#17733 = FACE_BOUND('',#17734,.F.);
#17734 = EDGE_LOOP('',(#17735));
#17735 = ORIENTED_EDGE('',*,*,#17700,.T.);
#17736 = FACE_BOUND('',#17737,.F.);
#17737 = EDGE_LOOP('',(#17738));
#17738 = ORIENTED_EDGE('',*,*,#17739,.F.);
#17739 = EDGE_CURVE('',#17740,#17740,#17742,.T.);
#17740 = VERTEX_POINT('',#17741);
#17741 = CARTESIAN_POINT('',(-35.5,-7.,3.5));
#17742 = CIRCLE('',#17743,1.5);
#17743 = AXIS2_PLACEMENT_3D('',#17744,#17745,#17746);
#17744 = CARTESIAN_POINT('',(-37.,-7.,3.5));
#17745 = DIRECTION('',(0.,0.,1.));
#17746 = DIRECTION('',(1.,0.,0.));
#17747 = PLANE('',#17748);
#17748 = AXIS2_PLACEMENT_3D('',#17749,#17750,#17751);
#17749 = CARTESIAN_POINT('',(-37.,-7.,3.5));
#17750 = DIRECTION('',(0.,0.,1.));
#17751 = DIRECTION('',(1.,0.,0.));
#17752 = ADVANCED_FACE('',(#17753),#17764,.F.);
#17753 = FACE_BOUND('',#17754,.F.);
#17754 = EDGE_LOOP('',(#17755,#17756,#17762,#17763));
#17755 = ORIENTED_EDGE('',*,*,#17719,.F.);
#17756 = ORIENTED_EDGE('',*,*,#17757,.F.);
#17757 = EDGE_CURVE('',#17740,#17720,#17758,.T.);
#17758 = LINE('',#17759,#17760);
#17759 = CARTESIAN_POINT('',(-35.5,-7.,3.4));
#17760 = VECTOR('',#17761,1.);
#17761 = DIRECTION('',(0.,0.,1.));
#17762 = ORIENTED_EDGE('',*,*,#17739,.T.);
#17763 = ORIENTED_EDGE('',*,*,#17757,.T.);
#17764 = CYLINDRICAL_SURFACE('',#17765,1.5);
#17765 = AXIS2_PLACEMENT_3D('',#17766,#17767,#17768);
#17766 = CARTESIAN_POINT('',(-37.,-7.,3.4));
#17767 = DIRECTION('',(0.,0.,1.));
#17768 = DIRECTION('',(1.,0.,0.));
#17769 = MANIFOLD_SOLID_BREP('',#17770);
#17770 = CLOSED_SHELL('',(#17771,#17804,#17824,#17844));
#17771 = ADVANCED_FACE('',(#17772),#17799,.T.);
#17772 = FACE_BOUND('',#17773,.T.);
#17773 = EDGE_LOOP('',(#17774,#17783,#17791,#17798));
#17774 = ORIENTED_EDGE('',*,*,#17775,.F.);
#17775 = EDGE_CURVE('',#17776,#17776,#17778,.T.);
#17776 = VERTEX_POINT('',#17777);
#17777 = CARTESIAN_POINT('',(39.3,-7.,7.5));
#17778 = CIRCLE('',#17779,2.3);
#17779 = AXIS2_PLACEMENT_3D('',#17780,#17781,#17782);
#17780 = CARTESIAN_POINT('',(37.,-7.,7.5));
#17781 = DIRECTION('',(0.,0.,1.));
#17782 = DIRECTION('',(1.,0.,0.));
#17783 = ORIENTED_EDGE('',*,*,#17784,.F.);
#17784 = EDGE_CURVE('',#17785,#17776,#17787,.T.);
#17785 = VERTEX_POINT('',#17786);
#17786 = CARTESIAN_POINT('',(39.3,-7.,3.5));
#17787 = LINE('',#17788,#17789);
#17788 = CARTESIAN_POINT('',(39.3,-7.,3.5));
#17789 = VECTOR('',#17790,1.);
#17790 = DIRECTION('',(0.,0.,1.));
#17791 = ORIENTED_EDGE('',*,*,#17792,.T.);
#17792 = EDGE_CURVE('',#17785,#17785,#17793,.T.);
#17793 = CIRCLE('',#17794,2.3);
#17794 = AXIS2_PLACEMENT_3D('',#17795,#17796,#17797);
#17795 = CARTESIAN_POINT('',(37.,-7.,3.5));
#17796 = DIRECTION('',(0.,0.,1.));
#17797 = DIRECTION('',(1.,0.,0.));
#17798 = ORIENTED_EDGE('',*,*,#17784,.T.);
#17799 = CYLINDRICAL_SURFACE('',#17800,2.3);
#17800 = AXIS2_PLACEMENT_3D('',#17801,#17802,#17803);
#17801 = CARTESIAN_POINT('',(37.,-7.,3.5));
#17802 = DIRECTION('',(0.,0.,1.));
#17803 = DIRECTION('',(1.,0.,0.));
#17804 = ADVANCED_FACE('',(#17805,#17808),#17819,.T.);
#17805 = FACE_BOUND('',#17806,.T.);
#17806 = EDGE_LOOP('',(#17807));
#17807 = ORIENTED_EDGE('',*,*,#17775,.T.);
#17808 = FACE_BOUND('',#17809,.T.);
#17809 = EDGE_LOOP('',(#17810));
#17810 = ORIENTED_EDGE('',*,*,#17811,.F.);
#17811 = EDGE_CURVE('',#17812,#17812,#17814,.T.);
#17812 = VERTEX_POINT('',#17813);
#17813 = CARTESIAN_POINT('',(38.5,-7.,7.5));
#17814 = CIRCLE('',#17815,1.5);
#17815 = AXIS2_PLACEMENT_3D('',#17816,#17817,#17818);
#17816 = CARTESIAN_POINT('',(37.,-7.,7.5));
#17817 = DIRECTION('',(0.,0.,1.));
#17818 = DIRECTION('',(1.,0.,0.));
#17819 = PLANE('',#17820);
#17820 = AXIS2_PLACEMENT_3D('',#17821,#17822,#17823);
#17821 = CARTESIAN_POINT('',(37.,-7.,7.5));
#17822 = DIRECTION('',(0.,0.,1.));
#17823 = DIRECTION('',(1.,0.,0.));
#17824 = ADVANCED_FACE('',(#17825,#17828),#17839,.F.);
#17825 = FACE_BOUND('',#17826,.F.);
#17826 = EDGE_LOOP('',(#17827));
#17827 = ORIENTED_EDGE('',*,*,#17792,.T.);
#17828 = FACE_BOUND('',#17829,.F.);
#17829 = EDGE_LOOP('',(#17830));
#17830 = ORIENTED_EDGE('',*,*,#17831,.F.);
#17831 = EDGE_CURVE('',#17832,#17832,#17834,.T.);
#17832 = VERTEX_POINT('',#17833);
#17833 = CARTESIAN_POINT('',(38.5,-7.,3.5));
#17834 = CIRCLE('',#17835,1.5);
#17835 = AXIS2_PLACEMENT_3D('',#17836,#17837,#17838);
#17836 = CARTESIAN_POINT('',(37.,-7.,3.5));
#17837 = DIRECTION('',(0.,0.,1.));
#17838 = DIRECTION('',(1.,0.,0.));
#17839 = PLANE('',#17840);
#17840 = AXIS2_PLACEMENT_3D('',#17841,#17842,#17843);
#17841 = CARTESIAN_POINT('',(37.,-7.,3.5));
#17842 = DIRECTION('',(0.,0.,1.));
#17843 = DIRECTION('',(1.,0.,0.));
#17844 = ADVANCED_FACE('',(#17845),#17856,.F.);
#17845 = FACE_BOUND('',#17846,.F.);
#17846 = EDGE_LOOP('',(#17847,#17848,#17854,#17855));
#17847 = ORIENTED_EDGE('',*,*,#17811,.F.);
#17848 = ORIENTED_EDGE('',*,*,#17849,.F.);
#17849 = EDGE_CURVE('',#17832,#17812,#17850,.T.);
#17850 = LINE('',#17851,#17852);
#17851 = CARTESIAN_POINT('',(38.5,-7.,3.4));
#17852 = VECTOR('',#17853,1.);
#17853 = DIRECTION('',(0.,0.,1.));
#17854 = ORIENTED_EDGE('',*,*,#17831,.T.);
#17855 = ORIENTED_EDGE('',*,*,#17849,.T.);
#17856 = CYLINDRICAL_SURFACE('',#17857,1.5);
#17857 = AXIS2_PLACEMENT_3D('',#17858,#17859,#17860);
#17858 = CARTESIAN_POINT('',(37.,-7.,3.4));
#17859 = DIRECTION('',(0.,0.,1.));
#17860 = DIRECTION('',(1.,0.,0.));
#17861 = MANIFOLD_SOLID_BREP('',#17862);
#17862 = CLOSED_SHELL('',(#17863,#17896,#17916,#17936));
#17863 = ADVANCED_FACE('',(#17864),#17891,.T.);
#17864 = FACE_BOUND('',#17865,.T.);
#17865 = EDGE_LOOP('',(#17866,#17875,#17883,#17890));
#17866 = ORIENTED_EDGE('',*,*,#17867,.F.);
#17867 = EDGE_CURVE('',#17868,#17868,#17870,.T.);
#17868 = VERTEX_POINT('',#17869);
#17869 = CARTESIAN_POINT('',(-34.7,31.,7.5));
#17870 = CIRCLE('',#17871,2.3);
#17871 = AXIS2_PLACEMENT_3D('',#17872,#17873,#17874);
#17872 = CARTESIAN_POINT('',(-37.,31.,7.5));
#17873 = DIRECTION('',(0.,0.,1.));
#17874 = DIRECTION('',(1.,0.,0.));
#17875 = ORIENTED_EDGE('',*,*,#17876,.F.);
#17876 = EDGE_CURVE('',#17877,#17868,#17879,.T.);
#17877 = VERTEX_POINT('',#17878);
#17878 = CARTESIAN_POINT('',(-34.7,31.,3.5));
#17879 = LINE('',#17880,#17881);
#17880 = CARTESIAN_POINT('',(-34.7,31.,3.5));
#17881 = VECTOR('',#17882,1.);
#17882 = DIRECTION('',(0.,0.,1.));
#17883 = ORIENTED_EDGE('',*,*,#17884,.T.);
#17884 = EDGE_CURVE('',#17877,#17877,#17885,.T.);
#17885 = CIRCLE('',#17886,2.3);
#17886 = AXIS2_PLACEMENT_3D('',#17887,#17888,#17889);
#17887 = CARTESIAN_POINT('',(-37.,31.,3.5));
#17888 = DIRECTION('',(0.,0.,1.));
#17889 = DIRECTION('',(1.,0.,0.));
#17890 = ORIENTED_EDGE('',*,*,#17876,.T.);
#17891 = CYLINDRICAL_SURFACE('',#17892,2.3);
#17892 = AXIS2_PLACEMENT_3D('',#17893,#17894,#17895);
#17893 = CARTESIAN_POINT('',(-37.,31.,3.5));
#17894 = DIRECTION('',(0.,0.,1.));
#17895 = DIRECTION('',(1.,0.,0.));
#17896 = ADVANCED_FACE('',(#17897,#17900),#17911,.T.);
#17897 = FACE_BOUND('',#17898,.T.);
#17898 = EDGE_LOOP('',(#17899));
#17899 = ORIENTED_EDGE('',*,*,#17867,.T.);
#17900 = FACE_BOUND('',#17901,.T.);
#17901 = EDGE_LOOP('',(#17902));
#17902 = ORIENTED_EDGE('',*,*,#17903,.F.);
#17903 = EDGE_CURVE('',#17904,#17904,#17906,.T.);
#17904 = VERTEX_POINT('',#17905);
#17905 = CARTESIAN_POINT('',(-35.5,31.,7.5));
#17906 = CIRCLE('',#17907,1.5);
#17907 = AXIS2_PLACEMENT_3D('',#17908,#17909,#17910);
#17908 = CARTESIAN_POINT('',(-37.,31.,7.5));
#17909 = DIRECTION('',(0.,0.,1.));
#17910 = DIRECTION('',(1.,0.,0.));
#17911 = PLANE('',#17912);
#17912 = AXIS2_PLACEMENT_3D('',#17913,#17914,#17915);
#17913 = CARTESIAN_POINT('',(-37.,31.,7.5));
#17914 = DIRECTION('',(0.,0.,1.));
#17915 = DIRECTION('',(1.,0.,0.));
#17916 = ADVANCED_FACE('',(#17917,#17920),#17931,.F.);
#17917 = FACE_BOUND('',#17918,.F.);
#17918 = EDGE_LOOP('',(#17919));
#17919 = ORIENTED_EDGE('',*,*,#17884,.T.);
#17920 = FACE_BOUND('',#17921,.F.);
#17921 = EDGE_LOOP('',(#17922));
#17922 = ORIENTED_EDGE('',*,*,#17923,.F.);
#17923 = EDGE_CURVE('',#17924,#17924,#17926,.T.);
#17924 = VERTEX_POINT('',#17925);
#17925 = CARTESIAN_POINT('',(-35.5,31.,3.5));
#17926 = CIRCLE('',#17927,1.5);
#17927 = AXIS2_PLACEMENT_3D('',#17928,#17929,#17930);
#17928 = CARTESIAN_POINT('',(-37.,31.,3.5));
#17929 = DIRECTION('',(0.,0.,1.));
#17930 = DIRECTION('',(1.,0.,0.));
#17931 = PLANE('',#17932);
#17932 = AXIS2_PLACEMENT_3D('',#17933,#17934,#17935);
#17933 = CARTESIAN_POINT('',(-37.,31.,3.5));
#17934 = DIRECTION('',(0.,0.,1.));
#17935 = DIRECTION('',(1.,0.,0.));
#17936 = ADVANCED_FACE('',(#17937),#17948,.F.);
#17937 = FACE_BOUND('',#17938,.F.);
#17938 = EDGE_LOOP('',(#17939,#17940,#17946,#17947));
#17939 = ORIENTED_EDGE('',*,*,#17903,.F.);
#17940 = ORIENTED_EDGE('',*,*,#17941,.F.);
#17941 = EDGE_CURVE('',#17924,#17904,#17942,.T.);
#17942 = LINE('',#17943,#17944);
#17943 = CARTESIAN_POINT('',(-35.5,31.,3.4));
#17944 = VECTOR('',#17945,1.);
#17945 = DIRECTION('',(0.,0.,1.));
#17946 = ORIENTED_EDGE('',*,*,#17923,.T.);
#17947 = ORIENTED_EDGE('',*,*,#17941,.T.);
#17948 = CYLINDRICAL_SURFACE('',#17949,1.5);
#17949 = AXIS2_PLACEMENT_3D('',#17950,#17951,#17952);
#17950 = CARTESIAN_POINT('',(-37.,31.,3.4));
#17951 = DIRECTION('',(0.,0.,1.));
#17952 = DIRECTION('',(1.,0.,0.));
#17953 = MANIFOLD_SOLID_BREP('',#17954);
#17954 = CLOSED_SHELL('',(#17955,#17988,#18008,#18028));
#17955 = ADVANCED_FACE('',(#17956),#17983,.T.);
#17956 = FACE_BOUND('',#17957,.T.);
#17957 = EDGE_LOOP('',(#17958,#17967,#17975,#17982));
#17958 = ORIENTED_EDGE('',*,*,#17959,.F.);
#17959 = EDGE_CURVE('',#17960,#17960,#17962,.T.);
#17960 = VERTEX_POINT('',#17961);
#17961 = CARTESIAN_POINT('',(39.3,31.,7.5));
#17962 = CIRCLE('',#17963,2.3);
#17963 = AXIS2_PLACEMENT_3D('',#17964,#17965,#17966);
#17964 = CARTESIAN_POINT('',(37.,31.,7.5));
#17965 = DIRECTION('',(0.,0.,1.));
#17966 = DIRECTION('',(1.,0.,0.));
#17967 = ORIENTED_EDGE('',*,*,#17968,.F.);
#17968 = EDGE_CURVE('',#17969,#17960,#17971,.T.);
#17969 = VERTEX_POINT('',#17970);
#17970 = CARTESIAN_POINT('',(39.3,31.,3.5));
#17971 = LINE('',#17972,#17973);
#17972 = CARTESIAN_POINT('',(39.3,31.,3.5));
#17973 = VECTOR('',#17974,1.);
#17974 = DIRECTION('',(0.,0.,1.));
#17975 = ORIENTED_EDGE('',*,*,#17976,.T.);
#17976 = EDGE_CURVE('',#17969,#17969,#17977,.T.);
#17977 = CIRCLE('',#17978,2.3);
#17978 = AXIS2_PLACEMENT_3D('',#17979,#17980,#17981);
#17979 = CARTESIAN_POINT('',(37.,31.,3.5));
#17980 = DIRECTION('',(0.,0.,1.));
#17981 = DIRECTION('',(1.,0.,0.));
#17982 = ORIENTED_EDGE('',*,*,#17968,.T.);
#17983 = CYLINDRICAL_SURFACE('',#17984,2.3);
#17984 = AXIS2_PLACEMENT_3D('',#17985,#17986,#17987);
#17985 = CARTESIAN_POINT('',(37.,31.,3.5));
#17986 = DIRECTION('',(0.,0.,1.));
#17987 = DIRECTION('',(1.,0.,0.));
#17988 = ADVANCED_FACE('',(#17989,#17992),#18003,.T.);
#17989 = FACE_BOUND('',#17990,.T.);
#17990 = EDGE_LOOP('',(#17991));
#17991 = ORIENTED_EDGE('',*,*,#17959,.T.);
#17992 = FACE_BOUND('',#17993,.T.);
#17993 = EDGE_LOOP('',(#17994));
#17994 = ORIENTED_EDGE('',*,*,#17995,.F.);
#17995 = EDGE_CURVE('',#17996,#17996,#17998,.T.);
#17996 = VERTEX_POINT('',#17997);
#17997 = CARTESIAN_POINT('',(38.5,31.,7.5));
#17998 = CIRCLE('',#17999,1.5);
#17999 = AXIS2_PLACEMENT_3D('',#18000,#18001,#18002);
#18000 = CARTESIAN_POINT('',(37.,31.,7.5));
#18001 = DIRECTION('',(0.,0.,1.));
#18002 = DIRECTION('',(1.,0.,0.));
#18003 = PLANE('',#18004);
#18004 = AXIS2_PLACEMENT_3D('',#18005,#18006,#18007);
#18005 = CARTESIAN_POINT('',(37.,31.,7.5));
#18006 = DIRECTION('',(0.,0.,1.));
#18007 = DIRECTION('',(1.,0.,0.));
#18008 = ADVANCED_FACE('',(#18009,#18012),#18023,.F.);
#18009 = FACE_BOUND('',#18010,.F.);
#18010 = EDGE_LOOP('',(#18011));
#18011 = ORIENTED_EDGE('',*,*,#17976,.T.);
#18012 = FACE_BOUND('',#18013,.F.);
#18013 = EDGE_LOOP('',(#18014));
#18014 = ORIENTED_EDGE('',*,*,#18015,.F.);
#18015 = EDGE_CURVE('',#18016,#18016,#18018,.T.);
#18016 = VERTEX_POINT('',#18017);
#18017 = CARTESIAN_POINT('',(38.5,31.,3.5));
#18018 = CIRCLE('',#18019,1.5);
#18019 = AXIS2_PLACEMENT_3D('',#18020,#18021,#18022);
#18020 = CARTESIAN_POINT('',(37.,31.,3.5));
#18021 = DIRECTION('',(0.,0.,1.));
#18022 = DIRECTION('',(1.,0.,0.));
#18023 = PLANE('',#18024);
#18024 = AXIS2_PLACEMENT_3D('',#18025,#18026,#18027);
#18025 = CARTESIAN_POINT('',(37.,31.,3.5));
#18026 = DIRECTION('',(0.,0.,1.));
#18027 = DIRECTION('',(1.,0.,0.));
#18028 = ADVANCED_FACE('',(#18029),#18040,.F.);
#18029 = FACE_BOUND('',#18030,.F.);
#18030 = EDGE_LOOP('',(#18031,#18032,#18038,#18039));
#18031 = ORIENTED_EDGE('',*,*,#17995,.F.);
#18032 = ORIENTED_EDGE('',*,*,#18033,.F.);
#18033 = EDGE_CURVE('',#18016,#17996,#18034,.T.);
#18034 = LINE('',#18035,#18036);
#18035 = CARTESIAN_POINT('',(38.5,31.,3.4));
#18036 = VECTOR('',#18037,1.);
#18037 = DIRECTION('',(0.,0.,1.));
#18038 = ORIENTED_EDGE('',*,*,#18015,.T.);
#18039 = ORIENTED_EDGE('',*,*,#18033,.T.);
#18040 = CYLINDRICAL_SURFACE('',#18041,1.5);
#18041 = AXIS2_PLACEMENT_3D('',#18042,#18043,#18044);
#18042 = CARTESIAN_POINT('',(37.,31.,3.4));
#18043 = DIRECTION('',(0.,0.,1.));
#18044 = DIRECTION('',(1.,0.,0.));
#18045 = ( GEOMETRIC_REPRESENTATION_CONTEXT(3) 
GLOBAL_UNCERTAINTY_ASSIGNED_CONTEXT((#18049)) 
GLOBAL_UNIT_ASSIGNED_CONTEXT((#18046,#18047,#18048)) 
REPRESENTATION_CONTEXT('Context #1',
  '3D Context with UNIT and UNCERTAINTY') );
#18046 = ( LENGTH_UNIT() NAMED_UNIT(*) SI_UNIT(.MILLI.,.METRE.) );
#18047 = ( NAMED_UNIT(*) PLANE_ANGLE_UNIT() SI_UNIT($,.RADIAN.) );
#18048 = ( NAMED_UNIT(*) SI_UNIT($,.STERADIAN.) SOLID_ANGLE_UNIT() );
#18049 = UNCERTAINTY_MEASURE_WITH_UNIT(LENGTH_MEASURE(1.E-07),#18046,
  'distance_accuracy_value','confusion accuracy');
#18050 = PRODUCT_RELATED_PRODUCT_CATEGORY('part',$,(#7));
ENDSEC;
END-ISO-10303-21;
