ISO-10303-21;
HEADER;
FILE_DESCRIPTION(('FreeCAD Model'),'2;1');
FILE_NAME('Open CASCADE Shape Model','2026-09-11T17:51:36',('FreeCAD'),(
    'FreeCAD'),'Open CASCADE STEP processor 7.8','FreeCAD','Unknown');
FILE_SCHEMA(('AUTOMOTIVE_DESIGN { 1 0 10303 214 1 1 1 1 }'));
ENDSEC;
DATA;
#1 = APPLICATION_PROTOCOL_DEFINITION('international standard',
  'automotive_design',2000,#2);
#2 = APPLICATION_CONTEXT(
  'core data for automotive mechanical design processes');
#3 = SHAPE_DEFINITION_REPRESENTATION(#4,#10);
#4 = PRODUCT_DEFINITION_SHAPE('','',#5);
#5 = PRODUCT_DEFINITION('design','',#6,#9);
#6 = PRODUCT_DEFINITION_FORMATION('','',#7);
#7 = PRODUCT('Open CASCADE STEP translator 7.8 6',
  'Open CASCADE STEP translator 7.8 6','',(#8));
#8 = PRODUCT_CONTEXT('',#2,'mechanical');
#9 = PRODUCT_DEFINITION_CONTEXT('part definition',#2,'design');
#10 = ADVANCED_BREP_SHAPE_REPRESENTATION('',(#11,#15),#2599);
#11 = AXIS2_PLACEMENT_3D('',#12,#13,#14);
#12 = CARTESIAN_POINT('',(0.,0.,0.));
#13 = DIRECTION('',(0.,0.,1.));
#14 = DIRECTION('',(1.,0.,-0.));
#15 = MANIFOLD_SOLID_BREP('',#16);
#16 = CLOSED_SHELL('',(#17,#57,#88,#119,#256,#307,#319,#418,#498,#522,
    #546,#563,#587,#638,#662,#686,#703,#728,#753,#784,#816,#840,#865,
    #1117,#1148,#1172,#1196,#1213,#1260,#1284,#1324,#1341,#1356,#1381,
    #1406,#1431,#1446,#1471,#1636,#1667,#1691,#1709,#1734,#1765,#1790,
    #1807,#1832,#1857,#1888,#1913,#1930,#1962,#1981,#1998,#2018,#2044,
    #2061,#2080,#2092,#2117,#2148,#2173,#2190,#2202,#2227,#2252,#2277,
    #2303,#2314,#2323,#2334,#2343,#2352,#2363,#2372,#2383,#2403,#2423,
    #2443,#2463,#2488,#2513,#2538,#2563,#2572,#2581,#2590));
#17 = ADVANCED_FACE('',(#18),#52,.T.);
#18 = FACE_BOUND('',#19,.T.);
#19 = EDGE_LOOP('',(#20,#30,#38,#46));
#20 = ORIENTED_EDGE('',*,*,#21,.T.);
#21 = EDGE_CURVE('',#22,#24,#26,.T.);
#22 = VERTEX_POINT('',#23);
#23 = CARTESIAN_POINT('',(-40.2,-10.2,0.));
#24 = VERTEX_POINT('',#25);
#25 = CARTESIAN_POINT('',(-40.2,-10.2,2.));
#26 = LINE('',#27,#28);
#27 = CARTESIAN_POINT('',(-40.2,-10.2,0.));
#28 = VECTOR('',#29,1.);
#29 = DIRECTION('',(0.,0.,1.));
#30 = ORIENTED_EDGE('',*,*,#31,.T.);
#31 = EDGE_CURVE('',#24,#32,#34,.T.);
#32 = VERTEX_POINT('',#33);
#33 = CARTESIAN_POINT('',(40.2,-10.2,2.));
#34 = LINE('',#35,#36);
#35 = CARTESIAN_POINT('',(-40.2,-10.2,2.));
#36 = VECTOR('',#37,1.);
#37 = DIRECTION('',(1.,4.418798107961E-17,0.));
#38 = ORIENTED_EDGE('',*,*,#39,.F.);
#39 = EDGE_CURVE('',#40,#32,#42,.T.);
#40 = VERTEX_POINT('',#41);
#41 = CARTESIAN_POINT('',(40.2,-10.2,0.));
#42 = LINE('',#43,#44);
#43 = CARTESIAN_POINT('',(40.2,-10.2,0.));
#44 = VECTOR('',#45,1.);
#45 = DIRECTION('',(0.,0.,1.));
#46 = ORIENTED_EDGE('',*,*,#47,.F.);
#47 = EDGE_CURVE('',#22,#40,#48,.T.);
#48 = LINE('',#49,#50);
#49 = CARTESIAN_POINT('',(-40.2,-10.2,0.));
#50 = VECTOR('',#51,1.);
#51 = DIRECTION('',(1.,4.418798107961E-17,0.));
#52 = PLANE('',#53);
#53 = AXIS2_PLACEMENT_3D('',#54,#55,#56);
#54 = CARTESIAN_POINT('',(-40.2,-10.2,0.));
#55 = DIRECTION('',(-4.418798107961E-17,1.,0.));
#56 = DIRECTION('',(1.,4.418798107961E-17,0.));
#57 = ADVANCED_FACE('',(#58),#83,.T.);
#58 = FACE_BOUND('',#59,.T.);
#59 = EDGE_LOOP('',(#60,#70,#76,#77));
#60 = ORIENTED_EDGE('',*,*,#61,.T.);
#61 = EDGE_CURVE('',#62,#64,#66,.T.);
#62 = VERTEX_POINT('',#63);
#63 = CARTESIAN_POINT('',(-40.2,34.2,0.));
#64 = VERTEX_POINT('',#65);
#65 = CARTESIAN_POINT('',(-40.2,34.2,2.));
#66 = LINE('',#67,#68);
#67 = CARTESIAN_POINT('',(-40.2,34.2,0.));
#68 = VECTOR('',#69,1.);
#69 = DIRECTION('',(0.,0.,1.));
#70 = ORIENTED_EDGE('',*,*,#71,.T.);
#71 = EDGE_CURVE('',#64,#24,#72,.T.);
#72 = LINE('',#73,#74);
#73 = CARTESIAN_POINT('',(-40.2,34.2,2.));
#74 = VECTOR('',#75,1.);
#75 = DIRECTION('',(0.,-1.,0.));
#76 = ORIENTED_EDGE('',*,*,#21,.F.);
#77 = ORIENTED_EDGE('',*,*,#78,.F.);
#78 = EDGE_CURVE('',#62,#22,#79,.T.);
#79 = LINE('',#80,#81);
#80 = CARTESIAN_POINT('',(-40.2,34.2,0.));
#81 = VECTOR('',#82,1.);
#82 = DIRECTION('',(0.,-1.,0.));
#83 = PLANE('',#84);
#84 = AXIS2_PLACEMENT_3D('',#85,#86,#87);
#85 = CARTESIAN_POINT('',(-40.2,34.2,0.));
#86 = DIRECTION('',(1.,0.,0.));
#87 = DIRECTION('',(0.,-1.,0.));
#88 = ADVANCED_FACE('',(#89),#114,.T.);
#89 = FACE_BOUND('',#90,.T.);
#90 = EDGE_LOOP('',(#91,#92,#100,#108));
#91 = ORIENTED_EDGE('',*,*,#39,.T.);
#92 = ORIENTED_EDGE('',*,*,#93,.T.);
#93 = EDGE_CURVE('',#32,#94,#96,.T.);
#94 = VERTEX_POINT('',#95);
#95 = CARTESIAN_POINT('',(40.2,34.2,2.));
#96 = LINE('',#97,#98);
#97 = CARTESIAN_POINT('',(40.2,-10.2,2.));
#98 = VECTOR('',#99,1.);
#99 = DIRECTION('',(0.,1.,0.));
#100 = ORIENTED_EDGE('',*,*,#101,.F.);
#101 = EDGE_CURVE('',#102,#94,#104,.T.);
#102 = VERTEX_POINT('',#103);
#103 = CARTESIAN_POINT('',(40.2,34.2,0.));
#104 = LINE('',#105,#106);
#105 = CARTESIAN_POINT('',(40.2,34.2,0.));
#106 = VECTOR('',#107,1.);
#107 = DIRECTION('',(0.,0.,1.));
#108 = ORIENTED_EDGE('',*,*,#109,.F.);
#109 = EDGE_CURVE('',#40,#102,#110,.T.);
#110 = LINE('',#111,#112);
#111 = CARTESIAN_POINT('',(40.2,-10.2,0.));
#112 = VECTOR('',#113,1.);
#113 = DIRECTION('',(0.,1.,0.));
#114 = PLANE('',#115);
#115 = AXIS2_PLACEMENT_3D('',#116,#117,#118);
#116 = CARTESIAN_POINT('',(40.2,-10.2,0.));
#117 = DIRECTION('',(-1.,0.,0.));
#118 = DIRECTION('',(0.,1.,0.));
#119 = ADVANCED_FACE('',(#120,#218,#229,#240),#251,.T.);
#120 = FACE_BOUND('',#121,.T.);
#121 = EDGE_LOOP('',(#122,#132,#140,#148,#156,#164,#172,#180,#188,#196,
    #204,#212));
#122 = ORIENTED_EDGE('',*,*,#123,.F.);
#123 = EDGE_CURVE('',#124,#126,#128,.T.);
#124 = VERTEX_POINT('',#125);
#125 = CARTESIAN_POINT('',(-55.5,-43.,0.));
#126 = VERTEX_POINT('',#127);
#127 = CARTESIAN_POINT('',(55.5,-43.,0.));
#128 = LINE('',#129,#130);
#129 = CARTESIAN_POINT('',(-55.5,-43.,0.));
#130 = VECTOR('',#131,1.);
#131 = DIRECTION('',(1.,0.,0.));
#132 = ORIENTED_EDGE('',*,*,#133,.F.);
#133 = EDGE_CURVE('',#134,#124,#136,.T.);
#134 = VERTEX_POINT('',#135);
#135 = CARTESIAN_POINT('',(-55.5,-14.,0.));
#136 = LINE('',#137,#138);
#137 = CARTESIAN_POINT('',(-55.5,43.,0.));
#138 = VECTOR('',#139,1.);
#139 = DIRECTION('',(0.,-1.,0.));
#140 = ORIENTED_EDGE('',*,*,#141,.T.);
#141 = EDGE_CURVE('',#134,#142,#144,.T.);
#142 = VERTEX_POINT('',#143);
#143 = CARTESIAN_POINT('',(-69.5,-14.,0.));
#144 = LINE('',#145,#146);
#145 = CARTESIAN_POINT('',(-55.5,-14.,0.));
#146 = VECTOR('',#147,1.);
#147 = DIRECTION('',(-1.,0.,0.));
#148 = ORIENTED_EDGE('',*,*,#149,.T.);
#149 = EDGE_CURVE('',#142,#150,#152,.T.);
#150 = VERTEX_POINT('',#151);
#151 = CARTESIAN_POINT('',(-69.5,14.,0.));
#152 = LINE('',#153,#154);
#153 = CARTESIAN_POINT('',(-69.5,-14.,0.));
#154 = VECTOR('',#155,1.);
#155 = DIRECTION('',(0.,1.,0.));
#156 = ORIENTED_EDGE('',*,*,#157,.T.);
#157 = EDGE_CURVE('',#150,#158,#160,.T.);
#158 = VERTEX_POINT('',#159);
#159 = CARTESIAN_POINT('',(-55.5,14.,0.));
#160 = LINE('',#161,#162);
#161 = CARTESIAN_POINT('',(-69.5,14.,0.));
#162 = VECTOR('',#163,1.);
#163 = DIRECTION('',(1.,0.,0.));
#164 = ORIENTED_EDGE('',*,*,#165,.F.);
#165 = EDGE_CURVE('',#166,#158,#168,.T.);
#166 = VERTEX_POINT('',#167);
#167 = CARTESIAN_POINT('',(-55.5,43.,0.));
#168 = LINE('',#169,#170);
#169 = CARTESIAN_POINT('',(-55.5,43.,0.));
#170 = VECTOR('',#171,1.);
#171 = DIRECTION('',(0.,-1.,0.));
#172 = ORIENTED_EDGE('',*,*,#173,.F.);
#173 = EDGE_CURVE('',#174,#166,#176,.T.);
#174 = VERTEX_POINT('',#175);
#175 = CARTESIAN_POINT('',(55.5,43.,0.));
#176 = LINE('',#177,#178);
#177 = CARTESIAN_POINT('',(55.5,43.,0.));
#178 = VECTOR('',#179,1.);
#179 = DIRECTION('',(-1.,0.,0.));
#180 = ORIENTED_EDGE('',*,*,#181,.F.);
#181 = EDGE_CURVE('',#182,#174,#184,.T.);
#182 = VERTEX_POINT('',#183);
#183 = CARTESIAN_POINT('',(55.5,14.,0.));
#184 = LINE('',#185,#186);
#185 = CARTESIAN_POINT('',(55.5,-43.,0.));
#186 = VECTOR('',#187,1.);
#187 = DIRECTION('',(0.,1.,0.));
#188 = ORIENTED_EDGE('',*,*,#189,.F.);
#189 = EDGE_CURVE('',#190,#182,#192,.T.);
#190 = VERTEX_POINT('',#191);
#191 = CARTESIAN_POINT('',(69.5,14.,0.));
#192 = LINE('',#193,#194);
#193 = CARTESIAN_POINT('',(69.5,14.,0.));
#194 = VECTOR('',#195,1.);
#195 = DIRECTION('',(-1.,0.,0.));
#196 = ORIENTED_EDGE('',*,*,#197,.F.);
#197 = EDGE_CURVE('',#198,#190,#200,.T.);
#198 = VERTEX_POINT('',#199);
#199 = CARTESIAN_POINT('',(69.5,-14.,0.));
#200 = LINE('',#201,#202);
#201 = CARTESIAN_POINT('',(69.5,-14.,0.));
#202 = VECTOR('',#203,1.);
#203 = DIRECTION('',(0.,1.,0.));
#204 = ORIENTED_EDGE('',*,*,#205,.F.);
#205 = EDGE_CURVE('',#206,#198,#208,.T.);
#206 = VERTEX_POINT('',#207);
#207 = CARTESIAN_POINT('',(55.5,-14.,0.));
#208 = LINE('',#209,#210);
#209 = CARTESIAN_POINT('',(55.5,-14.,0.));
#210 = VECTOR('',#211,1.);
#211 = DIRECTION('',(1.,0.,0.));
#212 = ORIENTED_EDGE('',*,*,#213,.F.);
#213 = EDGE_CURVE('',#126,#206,#214,.T.);
#214 = LINE('',#215,#216);
#215 = CARTESIAN_POINT('',(55.5,-43.,0.));
#216 = VECTOR('',#217,1.);
#217 = DIRECTION('',(0.,1.,0.));
#218 = FACE_BOUND('',#219,.T.);
#219 = EDGE_LOOP('',(#220,#221,#222,#228));
#220 = ORIENTED_EDGE('',*,*,#47,.T.);
#221 = ORIENTED_EDGE('',*,*,#109,.T.);
#222 = ORIENTED_EDGE('',*,*,#223,.T.);
#223 = EDGE_CURVE('',#102,#62,#224,.T.);
#224 = LINE('',#225,#226);
#225 = CARTESIAN_POINT('',(40.2,34.2,0.));
#226 = VECTOR('',#227,1.);
#227 = DIRECTION('',(-1.,0.,0.));
#228 = ORIENTED_EDGE('',*,*,#78,.T.);
#229 = FACE_BOUND('',#230,.T.);
#230 = EDGE_LOOP('',(#231));
#231 = ORIENTED_EDGE('',*,*,#232,.T.);
#232 = EDGE_CURVE('',#233,#233,#235,.T.);
#233 = VERTEX_POINT('',#234);
#234 = CARTESIAN_POINT('',(-60.,0.,0.));
#235 = CIRCLE('',#236,2.5);
#236 = AXIS2_PLACEMENT_3D('',#237,#238,#239);
#237 = CARTESIAN_POINT('',(-62.5,0.,0.));
#238 = DIRECTION('',(0.,0.,1.));
#239 = DIRECTION('',(1.,0.,0.));
#240 = FACE_BOUND('',#241,.T.);
#241 = EDGE_LOOP('',(#242));
#242 = ORIENTED_EDGE('',*,*,#243,.T.);
#243 = EDGE_CURVE('',#244,#244,#246,.T.);
#244 = VERTEX_POINT('',#245);
#245 = CARTESIAN_POINT('',(65.,0.,0.));
#246 = CIRCLE('',#247,2.5);
#247 = AXIS2_PLACEMENT_3D('',#248,#249,#250);
#248 = CARTESIAN_POINT('',(62.5,0.,0.));
#249 = DIRECTION('',(0.,0.,1.));
#250 = DIRECTION('',(1.,0.,0.));
#251 = PLANE('',#252);
#252 = AXIS2_PLACEMENT_3D('',#253,#254,#255);
#253 = CARTESIAN_POINT('',(0.,0.,0.));
#254 = DIRECTION('',(-0.,-0.,-1.));
#255 = DIRECTION('',(-1.,0.,0.));
#256 = ADVANCED_FACE('',(#257,#268),#302,.F.);
#257 = FACE_BOUND('',#258,.F.);
#258 = EDGE_LOOP('',(#259,#260,#261,#267));
#259 = ORIENTED_EDGE('',*,*,#31,.T.);
#260 = ORIENTED_EDGE('',*,*,#93,.T.);
#261 = ORIENTED_EDGE('',*,*,#262,.T.);
#262 = EDGE_CURVE('',#94,#64,#263,.T.);
#263 = LINE('',#264,#265);
#264 = CARTESIAN_POINT('',(40.2,34.2,2.));
#265 = VECTOR('',#266,1.);
#266 = DIRECTION('',(-1.,0.,0.));
#267 = ORIENTED_EDGE('',*,*,#71,.T.);
#268 = FACE_BOUND('',#269,.F.);
#269 = EDGE_LOOP('',(#270,#280,#288,#296));
#270 = ORIENTED_EDGE('',*,*,#271,.F.);
#271 = EDGE_CURVE('',#272,#274,#276,.T.);
#272 = VERTEX_POINT('',#273);
#273 = CARTESIAN_POINT('',(-37.,-7.,2.));
#274 = VERTEX_POINT('',#275);
#275 = CARTESIAN_POINT('',(37.,-7.,2.));
#276 = LINE('',#277,#278);
#277 = CARTESIAN_POINT('',(-18.5,-7.,2.));
#278 = VECTOR('',#279,1.);
#279 = DIRECTION('',(1.,0.,0.));
#280 = ORIENTED_EDGE('',*,*,#281,.F.);
#281 = EDGE_CURVE('',#282,#272,#284,.T.);
#282 = VERTEX_POINT('',#283);
#283 = CARTESIAN_POINT('',(-37.,31.,2.));
#284 = LINE('',#285,#286);
#285 = CARTESIAN_POINT('',(-37.,21.5,2.));
#286 = VECTOR('',#287,1.);
#287 = DIRECTION('',(0.,-1.,0.));
#288 = ORIENTED_EDGE('',*,*,#289,.F.);
#289 = EDGE_CURVE('',#290,#282,#292,.T.);
#290 = VERTEX_POINT('',#291);
#291 = CARTESIAN_POINT('',(37.,31.,2.));
#292 = LINE('',#293,#294);
#293 = CARTESIAN_POINT('',(18.5,31.,2.));
#294 = VECTOR('',#295,1.);
#295 = DIRECTION('',(-1.,0.,0.));
#296 = ORIENTED_EDGE('',*,*,#297,.F.);
#297 = EDGE_CURVE('',#274,#290,#298,.T.);
#298 = LINE('',#299,#300);
#299 = CARTESIAN_POINT('',(37.,2.5,2.));
#300 = VECTOR('',#301,1.);
#301 = DIRECTION('',(0.,1.,0.));
#302 = PLANE('',#303);
#303 = AXIS2_PLACEMENT_3D('',#304,#305,#306);
#304 = CARTESIAN_POINT('',(0.,12.,2.));
#305 = DIRECTION('',(0.,0.,1.));
#306 = DIRECTION('',(1.,0.,0.));
#307 = ADVANCED_FACE('',(#308),#314,.T.);
#308 = FACE_BOUND('',#309,.T.);
#309 = EDGE_LOOP('',(#310,#311,#312,#313));
#310 = ORIENTED_EDGE('',*,*,#101,.T.);
#311 = ORIENTED_EDGE('',*,*,#262,.T.);
#312 = ORIENTED_EDGE('',*,*,#61,.F.);
#313 = ORIENTED_EDGE('',*,*,#223,.F.);
#314 = PLANE('',#315);
#315 = AXIS2_PLACEMENT_3D('',#316,#317,#318);
#316 = CARTESIAN_POINT('',(40.2,34.2,0.));
#317 = DIRECTION('',(0.,-1.,0.));
#318 = DIRECTION('',(-1.,0.,0.));
#319 = ADVANCED_FACE('',(#320,#345,#379),#413,.F.);
#320 = FACE_BOUND('',#321,.F.);
#321 = EDGE_LOOP('',(#322,#330,#338,#344));
#322 = ORIENTED_EDGE('',*,*,#323,.T.);
#323 = EDGE_CURVE('',#124,#324,#326,.T.);
#324 = VERTEX_POINT('',#325);
#325 = CARTESIAN_POINT('',(-55.5,-43.,38.));
#326 = LINE('',#327,#328);
#327 = CARTESIAN_POINT('',(-55.5,-43.,0.));
#328 = VECTOR('',#329,1.);
#329 = DIRECTION('',(0.,0.,1.));
#330 = ORIENTED_EDGE('',*,*,#331,.T.);
#331 = EDGE_CURVE('',#324,#332,#334,.T.);
#332 = VERTEX_POINT('',#333);
#333 = CARTESIAN_POINT('',(55.5,-43.,38.));
#334 = LINE('',#335,#336);
#335 = CARTESIAN_POINT('',(-55.5,-43.,38.));
#336 = VECTOR('',#337,1.);
#337 = DIRECTION('',(1.,0.,0.));
#338 = ORIENTED_EDGE('',*,*,#339,.F.);
#339 = EDGE_CURVE('',#126,#332,#340,.T.);
#340 = LINE('',#341,#342);
#341 = CARTESIAN_POINT('',(55.5,-43.,0.));
#342 = VECTOR('',#343,1.);
#343 = DIRECTION('',(0.,0.,1.));
#344 = ORIENTED_EDGE('',*,*,#123,.F.);
#345 = FACE_BOUND('',#346,.F.);
#346 = EDGE_LOOP('',(#347,#357,#365,#373));
#347 = ORIENTED_EDGE('',*,*,#348,.T.);
#348 = EDGE_CURVE('',#349,#351,#353,.T.);
#349 = VERTEX_POINT('',#350);
#350 = CARTESIAN_POINT('',(-14.,-43.,28.75));
#351 = VERTEX_POINT('',#352);
#352 = CARTESIAN_POINT('',(-14.,-43.,24.25));
#353 = LINE('',#354,#355);
#354 = CARTESIAN_POINT('',(-14.,-43.,28.75));
#355 = VECTOR('',#356,1.);
#356 = DIRECTION('',(0.,2.22044604925E-16,-1.));
#357 = ORIENTED_EDGE('',*,*,#358,.T.);
#358 = EDGE_CURVE('',#351,#359,#361,.T.);
#359 = VERTEX_POINT('',#360);
#360 = CARTESIAN_POINT('',(-4.,-43.,24.25));
#361 = LINE('',#362,#363);
#362 = CARTESIAN_POINT('',(-14.,-43.,24.25));
#363 = VECTOR('',#364,1.);
#364 = DIRECTION('',(1.,0.,0.));
#365 = ORIENTED_EDGE('',*,*,#366,.T.);
#366 = EDGE_CURVE('',#359,#367,#369,.T.);
#367 = VERTEX_POINT('',#368);
#368 = CARTESIAN_POINT('',(-4.,-43.,28.75));
#369 = LINE('',#370,#371);
#370 = CARTESIAN_POINT('',(-4.,-43.,24.25));
#371 = VECTOR('',#372,1.);
#372 = DIRECTION('',(0.,-2.22044604925E-16,1.));
#373 = ORIENTED_EDGE('',*,*,#374,.T.);
#374 = EDGE_CURVE('',#367,#349,#375,.T.);
#375 = LINE('',#376,#377);
#376 = CARTESIAN_POINT('',(-4.,-43.,28.75));
#377 = VECTOR('',#378,1.);
#378 = DIRECTION('',(-1.,-0.,0.));
#379 = FACE_BOUND('',#380,.F.);
#380 = EDGE_LOOP('',(#381,#391,#399,#407));
#381 = ORIENTED_EDGE('',*,*,#382,.T.);
#382 = EDGE_CURVE('',#383,#385,#387,.T.);
#383 = VERTEX_POINT('',#384);
#384 = CARTESIAN_POINT('',(17.,-43.,6.75));
#385 = VERTEX_POINT('',#386);
#386 = CARTESIAN_POINT('',(17.,-43.,2.25));
#387 = LINE('',#388,#389);
#388 = CARTESIAN_POINT('',(17.,-43.,6.75));
#389 = VECTOR('',#390,1.);
#390 = DIRECTION('',(0.,2.22044604925E-16,-1.));
#391 = ORIENTED_EDGE('',*,*,#392,.T.);
#392 = EDGE_CURVE('',#385,#393,#395,.T.);
#393 = VERTEX_POINT('',#394);
#394 = CARTESIAN_POINT('',(27.,-43.,2.25));
#395 = LINE('',#396,#397);
#396 = CARTESIAN_POINT('',(17.,-43.,2.25));
#397 = VECTOR('',#398,1.);
#398 = DIRECTION('',(1.,0.,0.));
#399 = ORIENTED_EDGE('',*,*,#400,.T.);
#400 = EDGE_CURVE('',#393,#401,#403,.T.);
#401 = VERTEX_POINT('',#402);
#402 = CARTESIAN_POINT('',(27.,-43.,6.75));
#403 = LINE('',#404,#405);
#404 = CARTESIAN_POINT('',(27.,-43.,2.25));
#405 = VECTOR('',#406,1.);
#406 = DIRECTION('',(0.,-2.22044604925E-16,1.));
#407 = ORIENTED_EDGE('',*,*,#408,.T.);
#408 = EDGE_CURVE('',#401,#383,#409,.T.);
#409 = LINE('',#410,#411);
#410 = CARTESIAN_POINT('',(27.,-43.,6.75));
#411 = VECTOR('',#412,1.);
#412 = DIRECTION('',(-1.,-0.,0.));
#413 = PLANE('',#414);
#414 = AXIS2_PLACEMENT_3D('',#415,#416,#417);
#415 = CARTESIAN_POINT('',(-55.5,-43.,0.));
#416 = DIRECTION('',(0.,1.,0.));
#417 = DIRECTION('',(1.,0.,0.));
#418 = ADVANCED_FACE('',(#419,#460,#471,#482),#493,.F.);
#419 = FACE_BOUND('',#420,.F.);
#420 = EDGE_LOOP('',(#421,#422,#430,#436,#437,#438,#446,#454));
#421 = ORIENTED_EDGE('',*,*,#165,.F.);
#422 = ORIENTED_EDGE('',*,*,#423,.T.);
#423 = EDGE_CURVE('',#166,#424,#426,.T.);
#424 = VERTEX_POINT('',#425);
#425 = CARTESIAN_POINT('',(-55.5,43.,38.));
#426 = LINE('',#427,#428);
#427 = CARTESIAN_POINT('',(-55.5,43.,0.));
#428 = VECTOR('',#429,1.);
#429 = DIRECTION('',(0.,0.,1.));
#430 = ORIENTED_EDGE('',*,*,#431,.T.);
#431 = EDGE_CURVE('',#424,#324,#432,.T.);
#432 = LINE('',#433,#434);
#433 = CARTESIAN_POINT('',(-55.5,43.,38.));
#434 = VECTOR('',#435,1.);
#435 = DIRECTION('',(0.,-1.,0.));
#436 = ORIENTED_EDGE('',*,*,#323,.F.);
#437 = ORIENTED_EDGE('',*,*,#133,.F.);
#438 = ORIENTED_EDGE('',*,*,#439,.T.);
#439 = EDGE_CURVE('',#134,#440,#442,.T.);
#440 = VERTEX_POINT('',#441);
#441 = CARTESIAN_POINT('',(-55.5,-14.,3.5));
#442 = LINE('',#443,#444);
#443 = CARTESIAN_POINT('',(-55.5,-14.,0.));
#444 = VECTOR('',#445,1.);
#445 = DIRECTION('',(0.,0.,1.));
#446 = ORIENTED_EDGE('',*,*,#447,.F.);
#447 = EDGE_CURVE('',#448,#440,#450,.T.);
#448 = VERTEX_POINT('',#449);
#449 = CARTESIAN_POINT('',(-55.5,14.,3.5));
#450 = LINE('',#451,#452);
#451 = CARTESIAN_POINT('',(-55.5,14.,3.5));
#452 = VECTOR('',#453,1.);
#453 = DIRECTION('',(0.,-1.,0.));
#454 = ORIENTED_EDGE('',*,*,#455,.F.);
#455 = EDGE_CURVE('',#158,#448,#456,.T.);
#456 = LINE('',#457,#458);
#457 = CARTESIAN_POINT('',(-55.5,14.,0.));
#458 = VECTOR('',#459,1.);
#459 = DIRECTION('',(0.,0.,1.));
#460 = FACE_BOUND('',#461,.F.);
#461 = EDGE_LOOP('',(#462));
#462 = ORIENTED_EDGE('',*,*,#463,.F.);
#463 = EDGE_CURVE('',#464,#464,#466,.T.);
#464 = VERTEX_POINT('',#465);
#465 = CARTESIAN_POINT('',(-55.5,24.,29.));
#466 = CIRCLE('',#467,6.);
#467 = AXIS2_PLACEMENT_3D('',#468,#469,#470);
#468 = CARTESIAN_POINT('',(-55.5,18.,29.));
#469 = DIRECTION('',(1.,1.232595164408E-32,1.110223024625E-16));
#470 = DIRECTION('',(0.,1.,-1.110223024625E-16));
#471 = FACE_BOUND('',#472,.F.);
#472 = EDGE_LOOP('',(#473));
#473 = ORIENTED_EDGE('',*,*,#474,.F.);
#474 = EDGE_CURVE('',#475,#475,#477,.T.);
#475 = VERTEX_POINT('',#476);
#476 = CARTESIAN_POINT('',(-55.5,5.,29.));
#477 = CIRCLE('',#478,3.);
#478 = AXIS2_PLACEMENT_3D('',#479,#480,#481);
#479 = CARTESIAN_POINT('',(-55.5,2.,29.));
#480 = DIRECTION('',(1.,1.232595164408E-32,1.110223024625E-16));
#481 = DIRECTION('',(0.,1.,-1.110223024625E-16));
#482 = FACE_BOUND('',#483,.F.);
#483 = EDGE_LOOP('',(#484));
#484 = ORIENTED_EDGE('',*,*,#485,.F.);
#485 = EDGE_CURVE('',#486,#486,#488,.T.);
#486 = VERTEX_POINT('',#487);
#487 = CARTESIAN_POINT('',(-55.5,-7.9,29.));
#488 = CIRCLE('',#489,8.1);
#489 = AXIS2_PLACEMENT_3D('',#490,#491,#492);
#490 = CARTESIAN_POINT('',(-55.5,-16.,29.));
#491 = DIRECTION('',(1.,1.232595164408E-32,1.110223024625E-16));
#492 = DIRECTION('',(0.,1.,-1.110223024625E-16));
#493 = PLANE('',#494);
#494 = AXIS2_PLACEMENT_3D('',#495,#496,#497);
#495 = CARTESIAN_POINT('',(-55.5,43.,0.));
#496 = DIRECTION('',(1.,0.,0.));
#497 = DIRECTION('',(0.,-1.,0.));
#498 = ADVANCED_FACE('',(#499),#517,.T.);
#499 = FACE_BOUND('',#500,.T.);
#500 = EDGE_LOOP('',(#501,#502,#510,#516));
#501 = ORIENTED_EDGE('',*,*,#439,.T.);
#502 = ORIENTED_EDGE('',*,*,#503,.T.);
#503 = EDGE_CURVE('',#440,#504,#506,.T.);
#504 = VERTEX_POINT('',#505);
#505 = CARTESIAN_POINT('',(-69.5,-14.,3.5));
#506 = LINE('',#507,#508);
#507 = CARTESIAN_POINT('',(-55.5,-14.,3.5));
#508 = VECTOR('',#509,1.);
#509 = DIRECTION('',(-1.,0.,0.));
#510 = ORIENTED_EDGE('',*,*,#511,.F.);
#511 = EDGE_CURVE('',#142,#504,#512,.T.);
#512 = LINE('',#513,#514);
#513 = CARTESIAN_POINT('',(-69.5,-14.,0.));
#514 = VECTOR('',#515,1.);
#515 = DIRECTION('',(0.,0.,1.));
#516 = ORIENTED_EDGE('',*,*,#141,.F.);
#517 = PLANE('',#518);
#518 = AXIS2_PLACEMENT_3D('',#519,#520,#521);
#519 = CARTESIAN_POINT('',(-55.5,-14.,0.));
#520 = DIRECTION('',(0.,-1.,0.));
#521 = DIRECTION('',(-1.,0.,0.));
#522 = ADVANCED_FACE('',(#523),#541,.T.);
#523 = FACE_BOUND('',#524,.T.);
#524 = EDGE_LOOP('',(#525,#526,#534,#540));
#525 = ORIENTED_EDGE('',*,*,#511,.T.);
#526 = ORIENTED_EDGE('',*,*,#527,.T.);
#527 = EDGE_CURVE('',#504,#528,#530,.T.);
#528 = VERTEX_POINT('',#529);
#529 = CARTESIAN_POINT('',(-69.5,14.,3.5));
#530 = LINE('',#531,#532);
#531 = CARTESIAN_POINT('',(-69.5,-14.,3.5));
#532 = VECTOR('',#533,1.);
#533 = DIRECTION('',(0.,1.,0.));
#534 = ORIENTED_EDGE('',*,*,#535,.F.);
#535 = EDGE_CURVE('',#150,#528,#536,.T.);
#536 = LINE('',#537,#538);
#537 = CARTESIAN_POINT('',(-69.5,14.,0.));
#538 = VECTOR('',#539,1.);
#539 = DIRECTION('',(0.,0.,1.));
#540 = ORIENTED_EDGE('',*,*,#149,.F.);
#541 = PLANE('',#542);
#542 = AXIS2_PLACEMENT_3D('',#543,#544,#545);
#543 = CARTESIAN_POINT('',(-69.5,-14.,0.));
#544 = DIRECTION('',(-1.,0.,0.));
#545 = DIRECTION('',(0.,1.,0.));
#546 = ADVANCED_FACE('',(#547),#558,.T.);
#547 = FACE_BOUND('',#548,.T.);
#548 = EDGE_LOOP('',(#549,#550,#556,#557));
#549 = ORIENTED_EDGE('',*,*,#535,.T.);
#550 = ORIENTED_EDGE('',*,*,#551,.T.);
#551 = EDGE_CURVE('',#528,#448,#552,.T.);
#552 = LINE('',#553,#554);
#553 = CARTESIAN_POINT('',(-69.5,14.,3.5));
#554 = VECTOR('',#555,1.);
#555 = DIRECTION('',(1.,0.,0.));
#556 = ORIENTED_EDGE('',*,*,#455,.F.);
#557 = ORIENTED_EDGE('',*,*,#157,.F.);
#558 = PLANE('',#559);
#559 = AXIS2_PLACEMENT_3D('',#560,#561,#562);
#560 = CARTESIAN_POINT('',(-69.5,14.,0.));
#561 = DIRECTION('',(0.,1.,0.));
#562 = DIRECTION('',(1.,0.,0.));
#563 = ADVANCED_FACE('',(#564),#582,.F.);
#564 = FACE_BOUND('',#565,.F.);
#565 = EDGE_LOOP('',(#566,#574,#580,#581));
#566 = ORIENTED_EDGE('',*,*,#567,.T.);
#567 = EDGE_CURVE('',#174,#568,#570,.T.);
#568 = VERTEX_POINT('',#569);
#569 = CARTESIAN_POINT('',(55.5,43.,38.));
#570 = LINE('',#571,#572);
#571 = CARTESIAN_POINT('',(55.5,43.,0.));
#572 = VECTOR('',#573,1.);
#573 = DIRECTION('',(0.,0.,1.));
#574 = ORIENTED_EDGE('',*,*,#575,.T.);
#575 = EDGE_CURVE('',#568,#424,#576,.T.);
#576 = LINE('',#577,#578);
#577 = CARTESIAN_POINT('',(55.5,43.,38.));
#578 = VECTOR('',#579,1.);
#579 = DIRECTION('',(-1.,0.,0.));
#580 = ORIENTED_EDGE('',*,*,#423,.F.);
#581 = ORIENTED_EDGE('',*,*,#173,.F.);
#582 = PLANE('',#583);
#583 = AXIS2_PLACEMENT_3D('',#584,#585,#586);
#584 = CARTESIAN_POINT('',(55.5,43.,0.));
#585 = DIRECTION('',(0.,-1.,0.));
#586 = DIRECTION('',(-1.,0.,0.));
#587 = ADVANCED_FACE('',(#588,#622),#633,.F.);
#588 = FACE_BOUND('',#589,.F.);
#589 = EDGE_LOOP('',(#590,#591,#592,#598,#599,#600,#608,#616));
#590 = ORIENTED_EDGE('',*,*,#213,.F.);
#591 = ORIENTED_EDGE('',*,*,#339,.T.);
#592 = ORIENTED_EDGE('',*,*,#593,.T.);
#593 = EDGE_CURVE('',#332,#568,#594,.T.);
#594 = LINE('',#595,#596);
#595 = CARTESIAN_POINT('',(55.5,-43.,38.));
#596 = VECTOR('',#597,1.);
#597 = DIRECTION('',(0.,1.,0.));
#598 = ORIENTED_EDGE('',*,*,#567,.F.);
#599 = ORIENTED_EDGE('',*,*,#181,.F.);
#600 = ORIENTED_EDGE('',*,*,#601,.T.);
#601 = EDGE_CURVE('',#182,#602,#604,.T.);
#602 = VERTEX_POINT('',#603);
#603 = CARTESIAN_POINT('',(55.5,14.,3.5));
#604 = LINE('',#605,#606);
#605 = CARTESIAN_POINT('',(55.5,14.,0.));
#606 = VECTOR('',#607,1.);
#607 = DIRECTION('',(0.,0.,1.));
#608 = ORIENTED_EDGE('',*,*,#609,.T.);
#609 = EDGE_CURVE('',#602,#610,#612,.T.);
#610 = VERTEX_POINT('',#611);
#611 = CARTESIAN_POINT('',(55.5,-14.,3.5));
#612 = LINE('',#613,#614);
#613 = CARTESIAN_POINT('',(55.5,14.,3.5));
#614 = VECTOR('',#615,1.);
#615 = DIRECTION('',(0.,-1.,0.));
#616 = ORIENTED_EDGE('',*,*,#617,.F.);
#617 = EDGE_CURVE('',#206,#610,#618,.T.);
#618 = LINE('',#619,#620);
#619 = CARTESIAN_POINT('',(55.5,-14.,0.));
#620 = VECTOR('',#621,1.);
#621 = DIRECTION('',(0.,0.,1.));
#622 = FACE_BOUND('',#623,.F.);
#623 = EDGE_LOOP('',(#624));
#624 = ORIENTED_EDGE('',*,*,#625,.T.);
#625 = EDGE_CURVE('',#626,#626,#628,.T.);
#626 = VERTEX_POINT('',#627);
#627 = CARTESIAN_POINT('',(55.5,9.5,28.5));
#628 = CIRCLE('',#629,3.5);
#629 = AXIS2_PLACEMENT_3D('',#630,#631,#632);
#630 = CARTESIAN_POINT('',(55.5,6.,28.5));
#631 = DIRECTION('',(1.,1.232595164408E-32,1.110223024625E-16));
#632 = DIRECTION('',(0.,1.,-1.110223024625E-16));
#633 = PLANE('',#634);
#634 = AXIS2_PLACEMENT_3D('',#635,#636,#637);
#635 = CARTESIAN_POINT('',(55.5,-43.,0.));
#636 = DIRECTION('',(-1.,0.,0.));
#637 = DIRECTION('',(0.,1.,0.));
#638 = ADVANCED_FACE('',(#639),#657,.F.);
#639 = FACE_BOUND('',#640,.F.);
#640 = EDGE_LOOP('',(#641,#649,#655,#656));
#641 = ORIENTED_EDGE('',*,*,#642,.T.);
#642 = EDGE_CURVE('',#190,#643,#645,.T.);
#643 = VERTEX_POINT('',#644);
#644 = CARTESIAN_POINT('',(69.5,14.,3.5));
#645 = LINE('',#646,#647);
#646 = CARTESIAN_POINT('',(69.5,14.,0.));
#647 = VECTOR('',#648,1.);
#648 = DIRECTION('',(0.,0.,1.));
#649 = ORIENTED_EDGE('',*,*,#650,.T.);
#650 = EDGE_CURVE('',#643,#602,#651,.T.);
#651 = LINE('',#652,#653);
#652 = CARTESIAN_POINT('',(69.5,14.,3.5));
#653 = VECTOR('',#654,1.);
#654 = DIRECTION('',(-1.,0.,0.));
#655 = ORIENTED_EDGE('',*,*,#601,.F.);
#656 = ORIENTED_EDGE('',*,*,#189,.F.);
#657 = PLANE('',#658);
#658 = AXIS2_PLACEMENT_3D('',#659,#660,#661);
#659 = CARTESIAN_POINT('',(69.5,14.,0.));
#660 = DIRECTION('',(0.,-1.,0.));
#661 = DIRECTION('',(-1.,0.,0.));
#662 = ADVANCED_FACE('',(#663),#681,.F.);
#663 = FACE_BOUND('',#664,.F.);
#664 = EDGE_LOOP('',(#665,#673,#679,#680));
#665 = ORIENTED_EDGE('',*,*,#666,.T.);
#666 = EDGE_CURVE('',#198,#667,#669,.T.);
#667 = VERTEX_POINT('',#668);
#668 = CARTESIAN_POINT('',(69.5,-14.,3.5));
#669 = LINE('',#670,#671);
#670 = CARTESIAN_POINT('',(69.5,-14.,0.));
#671 = VECTOR('',#672,1.);
#672 = DIRECTION('',(0.,0.,1.));
#673 = ORIENTED_EDGE('',*,*,#674,.T.);
#674 = EDGE_CURVE('',#667,#643,#675,.T.);
#675 = LINE('',#676,#677);
#676 = CARTESIAN_POINT('',(69.5,-14.,3.5));
#677 = VECTOR('',#678,1.);
#678 = DIRECTION('',(0.,1.,0.));
#679 = ORIENTED_EDGE('',*,*,#642,.F.);
#680 = ORIENTED_EDGE('',*,*,#197,.F.);
#681 = PLANE('',#682);
#682 = AXIS2_PLACEMENT_3D('',#683,#684,#685);
#683 = CARTESIAN_POINT('',(69.5,-14.,0.));
#684 = DIRECTION('',(-1.,0.,0.));
#685 = DIRECTION('',(0.,1.,0.));
#686 = ADVANCED_FACE('',(#687),#698,.F.);
#687 = FACE_BOUND('',#688,.F.);
#688 = EDGE_LOOP('',(#689,#690,#696,#697));
#689 = ORIENTED_EDGE('',*,*,#617,.T.);
#690 = ORIENTED_EDGE('',*,*,#691,.T.);
#691 = EDGE_CURVE('',#610,#667,#692,.T.);
#692 = LINE('',#693,#694);
#693 = CARTESIAN_POINT('',(55.5,-14.,3.5));
#694 = VECTOR('',#695,1.);
#695 = DIRECTION('',(1.,0.,0.));
#696 = ORIENTED_EDGE('',*,*,#666,.F.);
#697 = ORIENTED_EDGE('',*,*,#205,.F.);
#698 = PLANE('',#699);
#699 = AXIS2_PLACEMENT_3D('',#700,#701,#702);
#700 = CARTESIAN_POINT('',(55.5,-14.,0.));
#701 = DIRECTION('',(0.,1.,0.));
#702 = DIRECTION('',(1.,0.,0.));
#703 = ADVANCED_FACE('',(#704),#723,.F.);
#704 = FACE_BOUND('',#705,.T.);
#705 = EDGE_LOOP('',(#706,#714,#721,#722));
#706 = ORIENTED_EDGE('',*,*,#707,.T.);
#707 = EDGE_CURVE('',#233,#708,#710,.T.);
#708 = VERTEX_POINT('',#709);
#709 = CARTESIAN_POINT('',(-60.,0.,3.5));
#710 = LINE('',#711,#712);
#711 = CARTESIAN_POINT('',(-60.,0.,0.));
#712 = VECTOR('',#713,1.);
#713 = DIRECTION('',(0.,0.,1.));
#714 = ORIENTED_EDGE('',*,*,#715,.T.);
#715 = EDGE_CURVE('',#708,#708,#716,.T.);
#716 = CIRCLE('',#717,2.5);
#717 = AXIS2_PLACEMENT_3D('',#718,#719,#720);
#718 = CARTESIAN_POINT('',(-62.5,0.,3.5));
#719 = DIRECTION('',(0.,0.,1.));
#720 = DIRECTION('',(1.,0.,0.));
#721 = ORIENTED_EDGE('',*,*,#707,.F.);
#722 = ORIENTED_EDGE('',*,*,#232,.F.);
#723 = CYLINDRICAL_SURFACE('',#724,2.5);
#724 = AXIS2_PLACEMENT_3D('',#725,#726,#727);
#725 = CARTESIAN_POINT('',(-62.5,0.,0.));
#726 = DIRECTION('',(-0.,-0.,-1.));
#727 = DIRECTION('',(1.,0.,0.));
#728 = ADVANCED_FACE('',(#729),#748,.F.);
#729 = FACE_BOUND('',#730,.T.);
#730 = EDGE_LOOP('',(#731,#739,#746,#747));
#731 = ORIENTED_EDGE('',*,*,#732,.T.);
#732 = EDGE_CURVE('',#244,#733,#735,.T.);
#733 = VERTEX_POINT('',#734);
#734 = CARTESIAN_POINT('',(65.,0.,3.5));
#735 = LINE('',#736,#737);
#736 = CARTESIAN_POINT('',(65.,0.,0.));
#737 = VECTOR('',#738,1.);
#738 = DIRECTION('',(0.,0.,1.));
#739 = ORIENTED_EDGE('',*,*,#740,.T.);
#740 = EDGE_CURVE('',#733,#733,#741,.T.);
#741 = CIRCLE('',#742,2.5);
#742 = AXIS2_PLACEMENT_3D('',#743,#744,#745);
#743 = CARTESIAN_POINT('',(62.5,0.,3.5));
#744 = DIRECTION('',(0.,0.,1.));
#745 = DIRECTION('',(1.,0.,0.));
#746 = ORIENTED_EDGE('',*,*,#732,.F.);
#747 = ORIENTED_EDGE('',*,*,#243,.F.);
#748 = CYLINDRICAL_SURFACE('',#749,2.5);
#749 = AXIS2_PLACEMENT_3D('',#750,#751,#752);
#750 = CARTESIAN_POINT('',(62.5,0.,0.));
#751 = DIRECTION('',(-0.,-0.,-1.));
#752 = DIRECTION('',(1.,0.,0.));
#753 = ADVANCED_FACE('',(#754),#779,.T.);
#754 = FACE_BOUND('',#755,.T.);
#755 = EDGE_LOOP('',(#756,#757,#765,#773));
#756 = ORIENTED_EDGE('',*,*,#271,.F.);
#757 = ORIENTED_EDGE('',*,*,#758,.T.);
#758 = EDGE_CURVE('',#272,#759,#761,.T.);
#759 = VERTEX_POINT('',#760);
#760 = CARTESIAN_POINT('',(-37.,-7.,2.5));
#761 = LINE('',#762,#763);
#762 = CARTESIAN_POINT('',(-37.,-7.,0.));
#763 = VECTOR('',#764,1.);
#764 = DIRECTION('',(0.,0.,1.));
#765 = ORIENTED_EDGE('',*,*,#766,.T.);
#766 = EDGE_CURVE('',#759,#767,#769,.T.);
#767 = VERTEX_POINT('',#768);
#768 = CARTESIAN_POINT('',(37.,-7.,2.5));
#769 = LINE('',#770,#771);
#770 = CARTESIAN_POINT('',(-37.,-7.,2.5));
#771 = VECTOR('',#772,1.);
#772 = DIRECTION('',(1.,0.,0.));
#773 = ORIENTED_EDGE('',*,*,#774,.F.);
#774 = EDGE_CURVE('',#274,#767,#775,.T.);
#775 = LINE('',#776,#777);
#776 = CARTESIAN_POINT('',(37.,-7.,0.));
#777 = VECTOR('',#778,1.);
#778 = DIRECTION('',(0.,0.,1.));
#779 = PLANE('',#780);
#780 = AXIS2_PLACEMENT_3D('',#781,#782,#783);
#781 = CARTESIAN_POINT('',(-37.,-7.,0.));
#782 = DIRECTION('',(0.,1.,0.));
#783 = DIRECTION('',(1.,0.,0.));
#784 = ADVANCED_FACE('',(#785),#811,.T.);
#785 = FACE_BOUND('',#786,.T.);
#786 = EDGE_LOOP('',(#787,#788,#789,#797,#805));
#787 = ORIENTED_EDGE('',*,*,#297,.F.);
#788 = ORIENTED_EDGE('',*,*,#774,.T.);
#789 = ORIENTED_EDGE('',*,*,#790,.T.);
#790 = EDGE_CURVE('',#767,#791,#793,.T.);
#791 = VERTEX_POINT('',#792);
#792 = CARTESIAN_POINT('',(37.,27.5,2.5));
#793 = LINE('',#794,#795);
#794 = CARTESIAN_POINT('',(37.,-7.,2.5));
#795 = VECTOR('',#796,1.);
#796 = DIRECTION('',(0.,1.,0.));
#797 = ORIENTED_EDGE('',*,*,#798,.T.);
#798 = EDGE_CURVE('',#791,#799,#801,.T.);
#799 = VERTEX_POINT('',#800);
#800 = CARTESIAN_POINT('',(37.,31.,2.5));
#801 = LINE('',#802,#803);
#802 = CARTESIAN_POINT('',(37.,-7.,2.5));
#803 = VECTOR('',#804,1.);
#804 = DIRECTION('',(0.,1.,0.));
#805 = ORIENTED_EDGE('',*,*,#806,.F.);
#806 = EDGE_CURVE('',#290,#799,#807,.T.);
#807 = LINE('',#808,#809);
#808 = CARTESIAN_POINT('',(37.,31.,0.));
#809 = VECTOR('',#810,1.);
#810 = DIRECTION('',(0.,0.,1.));
#811 = PLANE('',#812);
#812 = AXIS2_PLACEMENT_3D('',#813,#814,#815);
#813 = CARTESIAN_POINT('',(37.,-7.,0.));
#814 = DIRECTION('',(-1.,0.,0.));
#815 = DIRECTION('',(0.,1.,0.));
#816 = ADVANCED_FACE('',(#817),#835,.T.);
#817 = FACE_BOUND('',#818,.T.);
#818 = EDGE_LOOP('',(#819,#820,#821,#829));
#819 = ORIENTED_EDGE('',*,*,#289,.F.);
#820 = ORIENTED_EDGE('',*,*,#806,.T.);
#821 = ORIENTED_EDGE('',*,*,#822,.T.);
#822 = EDGE_CURVE('',#799,#823,#825,.T.);
#823 = VERTEX_POINT('',#824);
#824 = CARTESIAN_POINT('',(-37.,31.,2.5));
#825 = LINE('',#826,#827);
#826 = CARTESIAN_POINT('',(37.,31.,2.5));
#827 = VECTOR('',#828,1.);
#828 = DIRECTION('',(-1.,0.,0.));
#829 = ORIENTED_EDGE('',*,*,#830,.F.);
#830 = EDGE_CURVE('',#282,#823,#831,.T.);
#831 = LINE('',#832,#833);
#832 = CARTESIAN_POINT('',(-37.,31.,0.));
#833 = VECTOR('',#834,1.);
#834 = DIRECTION('',(0.,0.,1.));
#835 = PLANE('',#836);
#836 = AXIS2_PLACEMENT_3D('',#837,#838,#839);
#837 = CARTESIAN_POINT('',(37.,31.,0.));
#838 = DIRECTION('',(0.,-1.,0.));
#839 = DIRECTION('',(-1.,0.,0.));
#840 = ADVANCED_FACE('',(#841),#860,.T.);
#841 = FACE_BOUND('',#842,.T.);
#842 = EDGE_LOOP('',(#843,#844,#845,#853,#859));
#843 = ORIENTED_EDGE('',*,*,#281,.F.);
#844 = ORIENTED_EDGE('',*,*,#830,.T.);
#845 = ORIENTED_EDGE('',*,*,#846,.T.);
#846 = EDGE_CURVE('',#823,#847,#849,.T.);
#847 = VERTEX_POINT('',#848);
#848 = CARTESIAN_POINT('',(-37.,27.5,2.5));
#849 = LINE('',#850,#851);
#850 = CARTESIAN_POINT('',(-37.,31.,2.5));
#851 = VECTOR('',#852,1.);
#852 = DIRECTION('',(0.,-1.,0.));
#853 = ORIENTED_EDGE('',*,*,#854,.T.);
#854 = EDGE_CURVE('',#847,#759,#855,.T.);
#855 = LINE('',#856,#857);
#856 = CARTESIAN_POINT('',(-37.,31.,2.5));
#857 = VECTOR('',#858,1.);
#858 = DIRECTION('',(0.,-1.,0.));
#859 = ORIENTED_EDGE('',*,*,#758,.F.);
#860 = PLANE('',#861);
#861 = AXIS2_PLACEMENT_3D('',#862,#863,#864);
#862 = CARTESIAN_POINT('',(-37.,31.,0.));
#863 = DIRECTION('',(1.,0.,0.));
#864 = DIRECTION('',(0.,-1.,0.));
#865 = ADVANCED_FACE('',(#866,#872,#899,#910,#937,#948,#959,#986,#1074,
    #1085),#1112,.T.);
#866 = FACE_BOUND('',#867,.T.);
#867 = EDGE_LOOP('',(#868,#869,#870,#871));
#868 = ORIENTED_EDGE('',*,*,#331,.T.);
#869 = ORIENTED_EDGE('',*,*,#593,.T.);
#870 = ORIENTED_EDGE('',*,*,#575,.T.);
#871 = ORIENTED_EDGE('',*,*,#431,.T.);
#872 = FACE_BOUND('',#873,.T.);
#873 = EDGE_LOOP('',(#874,#884,#892));
#874 = ORIENTED_EDGE('',*,*,#875,.F.);
#875 = EDGE_CURVE('',#876,#878,#880,.T.);
#876 = VERTEX_POINT('',#877);
#877 = CARTESIAN_POINT('',(-53.,-40.5,38.));
#878 = VERTEX_POINT('',#879);
#879 = CARTESIAN_POINT('',(-51.4364916731,-40.5,38.));
#880 = LINE('',#881,#882);
#881 = CARTESIAN_POINT('',(-53.,-40.5,38.));
#882 = VECTOR('',#883,1.);
#883 = DIRECTION('',(1.,0.,0.));
#884 = ORIENTED_EDGE('',*,*,#885,.F.);
#885 = EDGE_CURVE('',#886,#876,#888,.T.);
#886 = VERTEX_POINT('',#887);
#887 = CARTESIAN_POINT('',(-53.,-38.9364916731,38.));
#888 = LINE('',#889,#890);
#889 = CARTESIAN_POINT('',(-53.,40.5,38.));
#890 = VECTOR('',#891,1.);
#891 = DIRECTION('',(0.,-1.,0.));
#892 = ORIENTED_EDGE('',*,*,#893,.T.);
#893 = EDGE_CURVE('',#886,#878,#894,.T.);
#894 = CIRCLE('',#895,4.);
#895 = AXIS2_PLACEMENT_3D('',#896,#897,#898);
#896 = CARTESIAN_POINT('',(-49.5,-37.,38.));
#897 = DIRECTION('',(0.,0.,1.));
#898 = DIRECTION('',(1.,0.,0.));
#899 = FACE_BOUND('',#900,.T.);
#900 = EDGE_LOOP('',(#901));
#901 = ORIENTED_EDGE('',*,*,#902,.F.);
#902 = EDGE_CURVE('',#903,#903,#905,.T.);
#903 = VERTEX_POINT('',#904);
#904 = CARTESIAN_POINT('',(-47.4,-37.,38.));
#905 = CIRCLE('',#906,2.1);
#906 = AXIS2_PLACEMENT_3D('',#907,#908,#909);
#907 = CARTESIAN_POINT('',(-49.5,-37.,38.));
#908 = DIRECTION('',(0.,0.,1.));
#909 = DIRECTION('',(1.,0.,0.));
#910 = FACE_BOUND('',#911,.T.);
#911 = EDGE_LOOP('',(#912,#922,#931));
#912 = ORIENTED_EDGE('',*,*,#913,.F.);
#913 = EDGE_CURVE('',#914,#916,#918,.T.);
#914 = VERTEX_POINT('',#915);
#915 = CARTESIAN_POINT('',(51.436491673104,-40.5,38.));
#916 = VERTEX_POINT('',#917);
#917 = CARTESIAN_POINT('',(53.,-40.5,38.));
#918 = LINE('',#919,#920);
#919 = CARTESIAN_POINT('',(-53.,-40.5,38.));
#920 = VECTOR('',#921,1.);
#921 = DIRECTION('',(1.,0.,0.));
#922 = ORIENTED_EDGE('',*,*,#923,.T.);
#923 = EDGE_CURVE('',#914,#924,#926,.T.);
#924 = VERTEX_POINT('',#925);
#925 = CARTESIAN_POINT('',(53.,-38.9364916731,38.));
#926 = CIRCLE('',#927,4.);
#927 = AXIS2_PLACEMENT_3D('',#928,#929,#930);
#928 = CARTESIAN_POINT('',(49.5,-37.,38.));
#929 = DIRECTION('',(0.,0.,1.));
#930 = DIRECTION('',(1.,0.,0.));
#931 = ORIENTED_EDGE('',*,*,#932,.F.);
#932 = EDGE_CURVE('',#916,#924,#933,.T.);
#933 = LINE('',#934,#935);
#934 = CARTESIAN_POINT('',(53.,-40.5,38.));
#935 = VECTOR('',#936,1.);
#936 = DIRECTION('',(0.,1.,0.));
#937 = FACE_BOUND('',#938,.T.);
#938 = EDGE_LOOP('',(#939));
#939 = ORIENTED_EDGE('',*,*,#940,.F.);
#940 = EDGE_CURVE('',#941,#941,#943,.T.);
#941 = VERTEX_POINT('',#942);
#942 = CARTESIAN_POINT('',(51.6,-37.,38.));
#943 = CIRCLE('',#944,2.1);
#944 = AXIS2_PLACEMENT_3D('',#945,#946,#947);
#945 = CARTESIAN_POINT('',(49.5,-37.,38.));
#946 = DIRECTION('',(0.,0.,1.));
#947 = DIRECTION('',(1.,0.,0.));
#948 = FACE_BOUND('',#949,.T.);
#949 = EDGE_LOOP('',(#950));
#950 = ORIENTED_EDGE('',*,*,#951,.F.);
#951 = EDGE_CURVE('',#952,#952,#954,.T.);
#952 = VERTEX_POINT('',#953);
#953 = CARTESIAN_POINT('',(-47.4,37.,38.));
#954 = CIRCLE('',#955,2.1);
#955 = AXIS2_PLACEMENT_3D('',#956,#957,#958);
#956 = CARTESIAN_POINT('',(-49.5,37.,38.));
#957 = DIRECTION('',(0.,0.,1.));
#958 = DIRECTION('',(1.,0.,0.));
#959 = FACE_BOUND('',#960,.T.);
#960 = EDGE_LOOP('',(#961,#971,#980));
#961 = ORIENTED_EDGE('',*,*,#962,.F.);
#962 = EDGE_CURVE('',#963,#965,#967,.T.);
#963 = VERTEX_POINT('',#964);
#964 = CARTESIAN_POINT('',(-51.4364916731,40.5,38.));
#965 = VERTEX_POINT('',#966);
#966 = CARTESIAN_POINT('',(-53.,40.5,38.));
#967 = LINE('',#968,#969);
#968 = CARTESIAN_POINT('',(53.,40.5,38.));
#969 = VECTOR('',#970,1.);
#970 = DIRECTION('',(-1.,0.,0.));
#971 = ORIENTED_EDGE('',*,*,#972,.T.);
#972 = EDGE_CURVE('',#963,#973,#975,.T.);
#973 = VERTEX_POINT('',#974);
#974 = CARTESIAN_POINT('',(-53.,38.936491673104,38.));
#975 = CIRCLE('',#976,4.);
#976 = AXIS2_PLACEMENT_3D('',#977,#978,#979);
#977 = CARTESIAN_POINT('',(-49.5,37.,38.));
#978 = DIRECTION('',(0.,0.,1.));
#979 = DIRECTION('',(1.,0.,0.));
#980 = ORIENTED_EDGE('',*,*,#981,.F.);
#981 = EDGE_CURVE('',#965,#973,#982,.T.);
#982 = LINE('',#983,#984);
#983 = CARTESIAN_POINT('',(-53.,40.5,38.));
#984 = VECTOR('',#985,1.);
#985 = DIRECTION('',(0.,-1.,0.));
#986 = FACE_BOUND('',#987,.T.);
#987 = EDGE_LOOP('',(#988,#998,#1007,#1016,#1024,#1033,#1042,#1050,#1059
    ,#1067));
#988 = ORIENTED_EDGE('',*,*,#989,.F.);
#989 = EDGE_CURVE('',#990,#992,#994,.T.);
#990 = VERTEX_POINT('',#991);
#991 = CARTESIAN_POINT('',(-47.56350832689,-40.5,38.));
#992 = VERTEX_POINT('',#993);
#993 = CARTESIAN_POINT('',(47.563508326896,-40.5,38.));
#994 = LINE('',#995,#996);
#995 = CARTESIAN_POINT('',(-53.,-40.5,38.));
#996 = VECTOR('',#997,1.);
#997 = DIRECTION('',(1.,0.,0.));
#998 = ORIENTED_EDGE('',*,*,#999,.T.);
#999 = EDGE_CURVE('',#990,#1000,#1002,.T.);
#1000 = VERTEX_POINT('',#1001);
#1001 = CARTESIAN_POINT('',(-45.5,-37.,38.));
#1002 = CIRCLE('',#1003,4.);
#1003 = AXIS2_PLACEMENT_3D('',#1004,#1005,#1006);
#1004 = CARTESIAN_POINT('',(-49.5,-37.,38.));
#1005 = DIRECTION('',(0.,0.,1.));
#1006 = DIRECTION('',(1.,0.,0.));
#1007 = ORIENTED_EDGE('',*,*,#1008,.T.);
#1008 = EDGE_CURVE('',#1000,#1009,#1011,.T.);
#1009 = VERTEX_POINT('',#1010);
#1010 = CARTESIAN_POINT('',(-53.,-35.06350832689,38.));
#1011 = CIRCLE('',#1012,4.);
#1012 = AXIS2_PLACEMENT_3D('',#1013,#1014,#1015);
#1013 = CARTESIAN_POINT('',(-49.5,-37.,38.));
#1014 = DIRECTION('',(0.,0.,1.));
#1015 = DIRECTION('',(1.,0.,0.));
#1016 = ORIENTED_EDGE('',*,*,#1017,.F.);
#1017 = EDGE_CURVE('',#1018,#1009,#1020,.T.);
#1018 = VERTEX_POINT('',#1019);
#1019 = CARTESIAN_POINT('',(-53.,35.063508326896,38.));
#1020 = LINE('',#1021,#1022);
#1021 = CARTESIAN_POINT('',(-53.,40.5,38.));
#1022 = VECTOR('',#1023,1.);
#1023 = DIRECTION('',(0.,-1.,0.));
#1024 = ORIENTED_EDGE('',*,*,#1025,.T.);
#1025 = EDGE_CURVE('',#1018,#1026,#1028,.T.);
#1026 = VERTEX_POINT('',#1027);
#1027 = CARTESIAN_POINT('',(-45.5,37.,38.));
#1028 = CIRCLE('',#1029,4.);
#1029 = AXIS2_PLACEMENT_3D('',#1030,#1031,#1032);
#1030 = CARTESIAN_POINT('',(-49.5,37.,38.));
#1031 = DIRECTION('',(0.,0.,1.));
#1032 = DIRECTION('',(1.,0.,0.));
#1033 = ORIENTED_EDGE('',*,*,#1034,.T.);
#1034 = EDGE_CURVE('',#1026,#1035,#1037,.T.);
#1035 = VERTEX_POINT('',#1036);
#1036 = CARTESIAN_POINT('',(-47.56350832689,40.5,38.));
#1037 = CIRCLE('',#1038,4.);
#1038 = AXIS2_PLACEMENT_3D('',#1039,#1040,#1041);
#1039 = CARTESIAN_POINT('',(-49.5,37.,38.));
#1040 = DIRECTION('',(0.,0.,1.));
#1041 = DIRECTION('',(1.,0.,0.));
#1042 = ORIENTED_EDGE('',*,*,#1043,.F.);
#1043 = EDGE_CURVE('',#1044,#1035,#1046,.T.);
#1044 = VERTEX_POINT('',#1045);
#1045 = CARTESIAN_POINT('',(47.563508326896,40.5,38.));
#1046 = LINE('',#1047,#1048);
#1047 = CARTESIAN_POINT('',(53.,40.5,38.));
#1048 = VECTOR('',#1049,1.);
#1049 = DIRECTION('',(-1.,0.,0.));
#1050 = ORIENTED_EDGE('',*,*,#1051,.T.);
#1051 = EDGE_CURVE('',#1044,#1052,#1054,.T.);
#1052 = VERTEX_POINT('',#1053);
#1053 = CARTESIAN_POINT('',(53.,35.063508326896,38.));
#1054 = CIRCLE('',#1055,4.);
#1055 = AXIS2_PLACEMENT_3D('',#1056,#1057,#1058);
#1056 = CARTESIAN_POINT('',(49.5,37.,38.));
#1057 = DIRECTION('',(0.,0.,1.));
#1058 = DIRECTION('',(1.,0.,0.));
#1059 = ORIENTED_EDGE('',*,*,#1060,.F.);
#1060 = EDGE_CURVE('',#1061,#1052,#1063,.T.);
#1061 = VERTEX_POINT('',#1062);
#1062 = CARTESIAN_POINT('',(53.,-35.06350832689,38.));
#1063 = LINE('',#1064,#1065);
#1064 = CARTESIAN_POINT('',(53.,-40.5,38.));
#1065 = VECTOR('',#1066,1.);
#1066 = DIRECTION('',(0.,1.,0.));
#1067 = ORIENTED_EDGE('',*,*,#1068,.T.);
#1068 = EDGE_CURVE('',#1061,#992,#1069,.T.);
#1069 = CIRCLE('',#1070,4.);
#1070 = AXIS2_PLACEMENT_3D('',#1071,#1072,#1073);
#1071 = CARTESIAN_POINT('',(49.5,-37.,38.));
#1072 = DIRECTION('',(0.,0.,1.));
#1073 = DIRECTION('',(1.,0.,0.));
#1074 = FACE_BOUND('',#1075,.T.);
#1075 = EDGE_LOOP('',(#1076));
#1076 = ORIENTED_EDGE('',*,*,#1077,.F.);
#1077 = EDGE_CURVE('',#1078,#1078,#1080,.T.);
#1078 = VERTEX_POINT('',#1079);
#1079 = CARTESIAN_POINT('',(51.6,37.,38.));
#1080 = CIRCLE('',#1081,2.1);
#1081 = AXIS2_PLACEMENT_3D('',#1082,#1083,#1084);
#1082 = CARTESIAN_POINT('',(49.5,37.,38.));
#1083 = DIRECTION('',(0.,0.,1.));
#1084 = DIRECTION('',(1.,0.,0.));
#1085 = FACE_BOUND('',#1086,.T.);
#1086 = EDGE_LOOP('',(#1087,#1097,#1106));
#1087 = ORIENTED_EDGE('',*,*,#1088,.F.);
#1088 = EDGE_CURVE('',#1089,#1091,#1093,.T.);
#1089 = VERTEX_POINT('',#1090);
#1090 = CARTESIAN_POINT('',(53.,38.936491673104,38.));
#1091 = VERTEX_POINT('',#1092);
#1092 = CARTESIAN_POINT('',(53.,40.5,38.));
#1093 = LINE('',#1094,#1095);
#1094 = CARTESIAN_POINT('',(53.,-40.5,38.));
#1095 = VECTOR('',#1096,1.);
#1096 = DIRECTION('',(0.,1.,0.));
#1097 = ORIENTED_EDGE('',*,*,#1098,.T.);
#1098 = EDGE_CURVE('',#1089,#1099,#1101,.T.);
#1099 = VERTEX_POINT('',#1100);
#1100 = CARTESIAN_POINT('',(51.436491673104,40.5,38.));
#1101 = CIRCLE('',#1102,4.);
#1102 = AXIS2_PLACEMENT_3D('',#1103,#1104,#1105);
#1103 = CARTESIAN_POINT('',(49.5,37.,38.));
#1104 = DIRECTION('',(0.,0.,1.));
#1105 = DIRECTION('',(1.,0.,0.));
#1106 = ORIENTED_EDGE('',*,*,#1107,.F.);
#1107 = EDGE_CURVE('',#1091,#1099,#1108,.T.);
#1108 = LINE('',#1109,#1110);
#1109 = CARTESIAN_POINT('',(53.,40.5,38.));
#1110 = VECTOR('',#1111,1.);
#1111 = DIRECTION('',(-1.,0.,0.));
#1112 = PLANE('',#1113);
#1113 = AXIS2_PLACEMENT_3D('',#1114,#1115,#1116);
#1114 = CARTESIAN_POINT('',(0.,0.,38.));
#1115 = DIRECTION('',(0.,0.,1.));
#1116 = DIRECTION('',(1.,0.,0.));
#1117 = ADVANCED_FACE('',(#1118),#1143,.F.);
#1118 = FACE_BOUND('',#1119,.F.);
#1119 = EDGE_LOOP('',(#1120,#1121,#1129,#1137));
#1120 = ORIENTED_EDGE('',*,*,#348,.F.);
#1121 = ORIENTED_EDGE('',*,*,#1122,.T.);
#1122 = EDGE_CURVE('',#349,#1123,#1125,.T.);
#1123 = VERTEX_POINT('',#1124);
#1124 = CARTESIAN_POINT('',(-14.,-40.5,28.75));
#1125 = LINE('',#1126,#1127);
#1126 = CARTESIAN_POINT('',(-14.,-43.,28.75));
#1127 = VECTOR('',#1128,1.);
#1128 = DIRECTION('',(0.,1.,0.));
#1129 = ORIENTED_EDGE('',*,*,#1130,.T.);
#1130 = EDGE_CURVE('',#1123,#1131,#1133,.T.);
#1131 = VERTEX_POINT('',#1132);
#1132 = CARTESIAN_POINT('',(-14.,-40.5,24.25));
#1133 = LINE('',#1134,#1135);
#1134 = CARTESIAN_POINT('',(-14.,-40.5,33.375));
#1135 = VECTOR('',#1136,1.);
#1136 = DIRECTION('',(-0.,-0.,-1.));
#1137 = ORIENTED_EDGE('',*,*,#1138,.F.);
#1138 = EDGE_CURVE('',#351,#1131,#1139,.T.);
#1139 = LINE('',#1140,#1141);
#1140 = CARTESIAN_POINT('',(-14.,-43.,24.25));
#1141 = VECTOR('',#1142,1.);
#1142 = DIRECTION('',(0.,1.,0.));
#1143 = PLANE('',#1144);
#1144 = AXIS2_PLACEMENT_3D('',#1145,#1146,#1147);
#1145 = CARTESIAN_POINT('',(-14.,-43.,28.75));
#1146 = DIRECTION('',(-1.,0.,0.));
#1147 = DIRECTION('',(0.,2.22044604925E-16,-1.));
#1148 = ADVANCED_FACE('',(#1149),#1167,.F.);
#1149 = FACE_BOUND('',#1150,.F.);
#1150 = EDGE_LOOP('',(#1151,#1152,#1160,#1166));
#1151 = ORIENTED_EDGE('',*,*,#374,.F.);
#1152 = ORIENTED_EDGE('',*,*,#1153,.T.);
#1153 = EDGE_CURVE('',#367,#1154,#1156,.T.);
#1154 = VERTEX_POINT('',#1155);
#1155 = CARTESIAN_POINT('',(-4.,-40.5,28.75));
#1156 = LINE('',#1157,#1158);
#1157 = CARTESIAN_POINT('',(-4.,-43.,28.75));
#1158 = VECTOR('',#1159,1.);
#1159 = DIRECTION('',(0.,1.,0.));
#1160 = ORIENTED_EDGE('',*,*,#1161,.T.);
#1161 = EDGE_CURVE('',#1154,#1123,#1162,.T.);
#1162 = LINE('',#1163,#1164);
#1163 = CARTESIAN_POINT('',(-28.5,-40.5,28.75));
#1164 = VECTOR('',#1165,1.);
#1165 = DIRECTION('',(-1.,0.,0.));
#1166 = ORIENTED_EDGE('',*,*,#1122,.F.);
#1167 = PLANE('',#1168);
#1168 = AXIS2_PLACEMENT_3D('',#1169,#1170,#1171);
#1169 = CARTESIAN_POINT('',(-4.,-43.,28.75));
#1170 = DIRECTION('',(0.,0.,1.));
#1171 = DIRECTION('',(-1.,0.,0.));
#1172 = ADVANCED_FACE('',(#1173),#1191,.F.);
#1173 = FACE_BOUND('',#1174,.F.);
#1174 = EDGE_LOOP('',(#1175,#1176,#1184,#1190));
#1175 = ORIENTED_EDGE('',*,*,#366,.F.);
#1176 = ORIENTED_EDGE('',*,*,#1177,.T.);
#1177 = EDGE_CURVE('',#359,#1178,#1180,.T.);
#1178 = VERTEX_POINT('',#1179);
#1179 = CARTESIAN_POINT('',(-4.,-40.5,24.25));
#1180 = LINE('',#1181,#1182);
#1181 = CARTESIAN_POINT('',(-4.,-43.,24.25));
#1182 = VECTOR('',#1183,1.);
#1183 = DIRECTION('',(0.,1.,0.));
#1184 = ORIENTED_EDGE('',*,*,#1185,.T.);
#1185 = EDGE_CURVE('',#1178,#1154,#1186,.T.);
#1186 = LINE('',#1187,#1188);
#1187 = CARTESIAN_POINT('',(-4.,-40.5,31.125));
#1188 = VECTOR('',#1189,1.);
#1189 = DIRECTION('',(0.,0.,1.));
#1190 = ORIENTED_EDGE('',*,*,#1153,.F.);
#1191 = PLANE('',#1192);
#1192 = AXIS2_PLACEMENT_3D('',#1193,#1194,#1195);
#1193 = CARTESIAN_POINT('',(-4.,-43.,24.25));
#1194 = DIRECTION('',(1.,0.,0.));
#1195 = DIRECTION('',(0.,-2.22044604925E-16,1.));
#1196 = ADVANCED_FACE('',(#1197),#1208,.F.);
#1197 = FACE_BOUND('',#1198,.F.);
#1198 = EDGE_LOOP('',(#1199,#1200,#1201,#1207));
#1199 = ORIENTED_EDGE('',*,*,#358,.F.);
#1200 = ORIENTED_EDGE('',*,*,#1138,.T.);
#1201 = ORIENTED_EDGE('',*,*,#1202,.T.);
#1202 = EDGE_CURVE('',#1131,#1178,#1203,.T.);
#1203 = LINE('',#1204,#1205);
#1204 = CARTESIAN_POINT('',(-33.5,-40.5,24.25));
#1205 = VECTOR('',#1206,1.);
#1206 = DIRECTION('',(1.,0.,0.));
#1207 = ORIENTED_EDGE('',*,*,#1177,.F.);
#1208 = PLANE('',#1209);
#1209 = AXIS2_PLACEMENT_3D('',#1210,#1211,#1212);
#1210 = CARTESIAN_POINT('',(-14.,-43.,24.25));
#1211 = DIRECTION('',(0.,0.,-1.));
#1212 = DIRECTION('',(1.,0.,0.));
#1213 = ADVANCED_FACE('',(#1214),#1255,.F.);
#1214 = FACE_BOUND('',#1215,.F.);
#1215 = EDGE_LOOP('',(#1216,#1217,#1225,#1233,#1241,#1249));
#1216 = ORIENTED_EDGE('',*,*,#382,.F.);
#1217 = ORIENTED_EDGE('',*,*,#1218,.T.);
#1218 = EDGE_CURVE('',#383,#1219,#1221,.T.);
#1219 = VERTEX_POINT('',#1220);
#1220 = CARTESIAN_POINT('',(17.,-40.5,6.75));
#1221 = LINE('',#1222,#1223);
#1222 = CARTESIAN_POINT('',(17.,-43.,6.75));
#1223 = VECTOR('',#1224,1.);
#1224 = DIRECTION('',(0.,1.,0.));
#1225 = ORIENTED_EDGE('',*,*,#1226,.T.);
#1226 = EDGE_CURVE('',#1219,#1227,#1229,.T.);
#1227 = VERTEX_POINT('',#1228);
#1228 = CARTESIAN_POINT('',(17.,-40.5,2.5));
#1229 = LINE('',#1230,#1231);
#1230 = CARTESIAN_POINT('',(17.,-40.5,22.375));
#1231 = VECTOR('',#1232,1.);
#1232 = DIRECTION('',(-0.,-0.,-1.));
#1233 = ORIENTED_EDGE('',*,*,#1234,.F.);
#1234 = EDGE_CURVE('',#1235,#1227,#1237,.T.);
#1235 = VERTEX_POINT('',#1236);
#1236 = CARTESIAN_POINT('',(17.,-38.,2.5));
#1237 = LINE('',#1238,#1239);
#1238 = CARTESIAN_POINT('',(17.,-21.5,2.5));
#1239 = VECTOR('',#1240,1.);
#1240 = DIRECTION('',(0.,-1.,0.));
#1241 = ORIENTED_EDGE('',*,*,#1242,.T.);
#1242 = EDGE_CURVE('',#1235,#1243,#1245,.T.);
#1243 = VERTEX_POINT('',#1244);
#1244 = CARTESIAN_POINT('',(17.,-38.,2.25));
#1245 = LINE('',#1246,#1247);
#1246 = CARTESIAN_POINT('',(17.,-38.,6.75));
#1247 = VECTOR('',#1248,1.);
#1248 = DIRECTION('',(0.,2.22044604925E-16,-1.));
#1249 = ORIENTED_EDGE('',*,*,#1250,.F.);
#1250 = EDGE_CURVE('',#385,#1243,#1251,.T.);
#1251 = LINE('',#1252,#1253);
#1252 = CARTESIAN_POINT('',(17.,-43.,2.25));
#1253 = VECTOR('',#1254,1.);
#1254 = DIRECTION('',(0.,1.,0.));
#1255 = PLANE('',#1256);
#1256 = AXIS2_PLACEMENT_3D('',#1257,#1258,#1259);
#1257 = CARTESIAN_POINT('',(17.,-43.,6.75));
#1258 = DIRECTION('',(-1.,0.,0.));
#1259 = DIRECTION('',(0.,2.22044604925E-16,-1.));
#1260 = ADVANCED_FACE('',(#1261),#1279,.F.);
#1261 = FACE_BOUND('',#1262,.F.);
#1262 = EDGE_LOOP('',(#1263,#1264,#1272,#1278));
#1263 = ORIENTED_EDGE('',*,*,#408,.F.);
#1264 = ORIENTED_EDGE('',*,*,#1265,.T.);
#1265 = EDGE_CURVE('',#401,#1266,#1268,.T.);
#1266 = VERTEX_POINT('',#1267);
#1267 = CARTESIAN_POINT('',(27.,-40.5,6.75));
#1268 = LINE('',#1269,#1270);
#1269 = CARTESIAN_POINT('',(27.,-43.,6.75));
#1270 = VECTOR('',#1271,1.);
#1271 = DIRECTION('',(0.,1.,0.));
#1272 = ORIENTED_EDGE('',*,*,#1273,.T.);
#1273 = EDGE_CURVE('',#1266,#1219,#1274,.T.);
#1274 = LINE('',#1275,#1276);
#1275 = CARTESIAN_POINT('',(-13.,-40.5,6.75));
#1276 = VECTOR('',#1277,1.);
#1277 = DIRECTION('',(-1.,0.,0.));
#1278 = ORIENTED_EDGE('',*,*,#1218,.F.);
#1279 = PLANE('',#1280);
#1280 = AXIS2_PLACEMENT_3D('',#1281,#1282,#1283);
#1281 = CARTESIAN_POINT('',(27.,-43.,6.75));
#1282 = DIRECTION('',(0.,0.,1.));
#1283 = DIRECTION('',(-1.,0.,0.));
#1284 = ADVANCED_FACE('',(#1285),#1319,.F.);
#1285 = FACE_BOUND('',#1286,.F.);
#1286 = EDGE_LOOP('',(#1287,#1288,#1296,#1304,#1312,#1318));
#1287 = ORIENTED_EDGE('',*,*,#400,.F.);
#1288 = ORIENTED_EDGE('',*,*,#1289,.T.);
#1289 = EDGE_CURVE('',#393,#1290,#1292,.T.);
#1290 = VERTEX_POINT('',#1291);
#1291 = CARTESIAN_POINT('',(27.,-38.,2.25));
#1292 = LINE('',#1293,#1294);
#1293 = CARTESIAN_POINT('',(27.,-43.,2.25));
#1294 = VECTOR('',#1295,1.);
#1295 = DIRECTION('',(0.,1.,0.));
#1296 = ORIENTED_EDGE('',*,*,#1297,.T.);
#1297 = EDGE_CURVE('',#1290,#1298,#1300,.T.);
#1298 = VERTEX_POINT('',#1299);
#1299 = CARTESIAN_POINT('',(27.,-38.,2.5));
#1300 = LINE('',#1301,#1302);
#1301 = CARTESIAN_POINT('',(27.,-38.,2.25));
#1302 = VECTOR('',#1303,1.);
#1303 = DIRECTION('',(0.,-2.22044604925E-16,1.));
#1304 = ORIENTED_EDGE('',*,*,#1305,.F.);
#1305 = EDGE_CURVE('',#1306,#1298,#1308,.T.);
#1306 = VERTEX_POINT('',#1307);
#1307 = CARTESIAN_POINT('',(27.,-40.5,2.5));
#1308 = LINE('',#1309,#1310);
#1309 = CARTESIAN_POINT('',(27.,-21.5,2.5));
#1310 = VECTOR('',#1311,1.);
#1311 = DIRECTION('',(0.,1.,0.));
#1312 = ORIENTED_EDGE('',*,*,#1313,.T.);
#1313 = EDGE_CURVE('',#1306,#1266,#1314,.T.);
#1314 = LINE('',#1315,#1316);
#1315 = CARTESIAN_POINT('',(27.,-40.5,20.125));
#1316 = VECTOR('',#1317,1.);
#1317 = DIRECTION('',(0.,0.,1.));
#1318 = ORIENTED_EDGE('',*,*,#1265,.F.);
#1319 = PLANE('',#1320);
#1320 = AXIS2_PLACEMENT_3D('',#1321,#1322,#1323);
#1321 = CARTESIAN_POINT('',(27.,-43.,2.25));
#1322 = DIRECTION('',(1.,0.,0.));
#1323 = DIRECTION('',(0.,-2.22044604925E-16,1.));
#1324 = ADVANCED_FACE('',(#1325),#1336,.F.);
#1325 = FACE_BOUND('',#1326,.F.);
#1326 = EDGE_LOOP('',(#1327,#1328,#1334,#1335));
#1327 = ORIENTED_EDGE('',*,*,#1250,.T.);
#1328 = ORIENTED_EDGE('',*,*,#1329,.T.);
#1329 = EDGE_CURVE('',#1243,#1290,#1330,.T.);
#1330 = LINE('',#1331,#1332);
#1331 = CARTESIAN_POINT('',(17.,-38.,2.25));
#1332 = VECTOR('',#1333,1.);
#1333 = DIRECTION('',(1.,0.,0.));
#1334 = ORIENTED_EDGE('',*,*,#1289,.F.);
#1335 = ORIENTED_EDGE('',*,*,#392,.F.);
#1336 = PLANE('',#1337);
#1337 = AXIS2_PLACEMENT_3D('',#1338,#1339,#1340);
#1338 = CARTESIAN_POINT('',(17.,-43.,2.25));
#1339 = DIRECTION('',(0.,0.,-1.));
#1340 = DIRECTION('',(1.,0.,0.));
#1341 = ADVANCED_FACE('',(#1342,#1348),#1351,.T.);
#1342 = FACE_BOUND('',#1343,.F.);
#1343 = EDGE_LOOP('',(#1344,#1345,#1346,#1347));
#1344 = ORIENTED_EDGE('',*,*,#503,.T.);
#1345 = ORIENTED_EDGE('',*,*,#527,.T.);
#1346 = ORIENTED_EDGE('',*,*,#551,.T.);
#1347 = ORIENTED_EDGE('',*,*,#447,.T.);
#1348 = FACE_BOUND('',#1349,.F.);
#1349 = EDGE_LOOP('',(#1350));
#1350 = ORIENTED_EDGE('',*,*,#715,.T.);
#1351 = PLANE('',#1352);
#1352 = AXIS2_PLACEMENT_3D('',#1353,#1354,#1355);
#1353 = CARTESIAN_POINT('',(2.930363724808E-16,2.323105580595E-18,3.5));
#1354 = DIRECTION('',(0.,0.,1.));
#1355 = DIRECTION('',(1.,0.,0.));
#1356 = ADVANCED_FACE('',(#1357),#1376,.F.);
#1357 = FACE_BOUND('',#1358,.T.);
#1358 = EDGE_LOOP('',(#1359,#1360,#1368,#1375));
#1359 = ORIENTED_EDGE('',*,*,#463,.F.);
#1360 = ORIENTED_EDGE('',*,*,#1361,.T.);
#1361 = EDGE_CURVE('',#464,#1362,#1364,.T.);
#1362 = VERTEX_POINT('',#1363);
#1363 = CARTESIAN_POINT('',(-53.,24.,29.));
#1364 = LINE('',#1365,#1366);
#1365 = CARTESIAN_POINT('',(-55.5,24.,29.));
#1366 = VECTOR('',#1367,1.);
#1367 = DIRECTION('',(1.,-1.110223024625E-16,1.110223024625E-16));
#1368 = ORIENTED_EDGE('',*,*,#1369,.F.);
#1369 = EDGE_CURVE('',#1362,#1362,#1370,.T.);
#1370 = CIRCLE('',#1371,6.);
#1371 = AXIS2_PLACEMENT_3D('',#1372,#1373,#1374);
#1372 = CARTESIAN_POINT('',(-53.,18.,29.));
#1373 = DIRECTION('',(-1.,-1.232595164408E-32,-1.110223024625E-16));
#1374 = DIRECTION('',(0.,1.,-1.110223024625E-16));
#1375 = ORIENTED_EDGE('',*,*,#1361,.F.);
#1376 = CYLINDRICAL_SURFACE('',#1377,6.);
#1377 = AXIS2_PLACEMENT_3D('',#1378,#1379,#1380);
#1378 = CARTESIAN_POINT('',(-55.5,18.,29.));
#1379 = DIRECTION('',(-1.,-1.232595164408E-32,-1.110223024625E-16));
#1380 = DIRECTION('',(0.,1.,-1.110223024625E-16));
#1381 = ADVANCED_FACE('',(#1382),#1401,.F.);
#1382 = FACE_BOUND('',#1383,.T.);
#1383 = EDGE_LOOP('',(#1384,#1385,#1393,#1400));
#1384 = ORIENTED_EDGE('',*,*,#474,.F.);
#1385 = ORIENTED_EDGE('',*,*,#1386,.T.);
#1386 = EDGE_CURVE('',#475,#1387,#1389,.T.);
#1387 = VERTEX_POINT('',#1388);
#1388 = CARTESIAN_POINT('',(-53.,5.,29.));
#1389 = LINE('',#1390,#1391);
#1390 = CARTESIAN_POINT('',(-55.5,5.,29.));
#1391 = VECTOR('',#1392,1.);
#1392 = DIRECTION('',(1.,-1.110223024625E-16,1.110223024625E-16));
#1393 = ORIENTED_EDGE('',*,*,#1394,.F.);
#1394 = EDGE_CURVE('',#1387,#1387,#1395,.T.);
#1395 = CIRCLE('',#1396,3.);
#1396 = AXIS2_PLACEMENT_3D('',#1397,#1398,#1399);
#1397 = CARTESIAN_POINT('',(-53.,2.,29.));
#1398 = DIRECTION('',(-1.,-1.232595164408E-32,-1.110223024625E-16));
#1399 = DIRECTION('',(0.,1.,-1.110223024625E-16));
#1400 = ORIENTED_EDGE('',*,*,#1386,.F.);
#1401 = CYLINDRICAL_SURFACE('',#1402,3.);
#1402 = AXIS2_PLACEMENT_3D('',#1403,#1404,#1405);
#1403 = CARTESIAN_POINT('',(-55.5,2.,29.));
#1404 = DIRECTION('',(-1.,-1.232595164408E-32,-1.110223024625E-16));
#1405 = DIRECTION('',(0.,1.,-1.110223024625E-16));
#1406 = ADVANCED_FACE('',(#1407),#1426,.F.);
#1407 = FACE_BOUND('',#1408,.T.);
#1408 = EDGE_LOOP('',(#1409,#1410,#1418,#1425));
#1409 = ORIENTED_EDGE('',*,*,#485,.F.);
#1410 = ORIENTED_EDGE('',*,*,#1411,.T.);
#1411 = EDGE_CURVE('',#486,#1412,#1414,.T.);
#1412 = VERTEX_POINT('',#1413);
#1413 = CARTESIAN_POINT('',(-53.,-7.9,29.));
#1414 = LINE('',#1415,#1416);
#1415 = CARTESIAN_POINT('',(-55.5,-7.9,29.));
#1416 = VECTOR('',#1417,1.);
#1417 = DIRECTION('',(1.,-1.110223024625E-16,1.110223024625E-16));
#1418 = ORIENTED_EDGE('',*,*,#1419,.F.);
#1419 = EDGE_CURVE('',#1412,#1412,#1420,.T.);
#1420 = CIRCLE('',#1421,8.1);
#1421 = AXIS2_PLACEMENT_3D('',#1422,#1423,#1424);
#1422 = CARTESIAN_POINT('',(-53.,-16.,29.));
#1423 = DIRECTION('',(-1.,-1.232595164408E-32,-1.110223024625E-16));
#1424 = DIRECTION('',(0.,1.,-1.110223024625E-16));
#1425 = ORIENTED_EDGE('',*,*,#1411,.F.);
#1426 = CYLINDRICAL_SURFACE('',#1427,8.1);
#1427 = AXIS2_PLACEMENT_3D('',#1428,#1429,#1430);
#1428 = CARTESIAN_POINT('',(-55.5,-16.,29.));
#1429 = DIRECTION('',(-1.,-1.232595164408E-32,-1.110223024625E-16));
#1430 = DIRECTION('',(0.,1.,-1.110223024625E-16));
#1431 = ADVANCED_FACE('',(#1432,#1438),#1441,.T.);
#1432 = FACE_BOUND('',#1433,.T.);
#1433 = EDGE_LOOP('',(#1434,#1435,#1436,#1437));
#1434 = ORIENTED_EDGE('',*,*,#691,.T.);
#1435 = ORIENTED_EDGE('',*,*,#674,.T.);
#1436 = ORIENTED_EDGE('',*,*,#650,.T.);
#1437 = ORIENTED_EDGE('',*,*,#609,.T.);
#1438 = FACE_BOUND('',#1439,.F.);
#1439 = EDGE_LOOP('',(#1440));
#1440 = ORIENTED_EDGE('',*,*,#740,.T.);
#1441 = PLANE('',#1442);
#1442 = AXIS2_PLACEMENT_3D('',#1443,#1444,#1445);
#1443 = CARTESIAN_POINT('',(2.930363724808E-16,2.323105580595E-18,3.5));
#1444 = DIRECTION('',(0.,0.,1.));
#1445 = DIRECTION('',(1.,0.,0.));
#1446 = ADVANCED_FACE('',(#1447),#1466,.F.);
#1447 = FACE_BOUND('',#1448,.F.);
#1448 = EDGE_LOOP('',(#1449,#1450,#1458,#1465));
#1449 = ORIENTED_EDGE('',*,*,#625,.F.);
#1450 = ORIENTED_EDGE('',*,*,#1451,.T.);
#1451 = EDGE_CURVE('',#626,#1452,#1454,.T.);
#1452 = VERTEX_POINT('',#1453);
#1453 = CARTESIAN_POINT('',(53.,9.5,28.5));
#1454 = LINE('',#1455,#1456);
#1455 = CARTESIAN_POINT('',(55.5,9.5,28.5));
#1456 = VECTOR('',#1457,1.);
#1457 = DIRECTION('',(-1.,1.110223024625E-16,-1.110223024625E-16));
#1458 = ORIENTED_EDGE('',*,*,#1459,.T.);
#1459 = EDGE_CURVE('',#1452,#1452,#1460,.T.);
#1460 = CIRCLE('',#1461,3.5);
#1461 = AXIS2_PLACEMENT_3D('',#1462,#1463,#1464);
#1462 = CARTESIAN_POINT('',(53.,6.,28.5));
#1463 = DIRECTION('',(1.,1.232595164408E-32,1.110223024625E-16));
#1464 = DIRECTION('',(0.,1.,-1.110223024625E-16));
#1465 = ORIENTED_EDGE('',*,*,#1451,.F.);
#1466 = CYLINDRICAL_SURFACE('',#1467,3.5);
#1467 = AXIS2_PLACEMENT_3D('',#1468,#1469,#1470);
#1468 = CARTESIAN_POINT('',(55.5,6.,28.5));
#1469 = DIRECTION('',(1.,1.232595164408E-32,1.110223024625E-16));
#1470 = DIRECTION('',(0.,1.,-1.110223024625E-16));
#1471 = ADVANCED_FACE('',(#1472,#1574,#1585,#1596,#1605,#1613),#1631,.T.
  );
#1472 = FACE_BOUND('',#1473,.T.);
#1473 = EDGE_LOOP('',(#1474,#1485,#1491,#1492,#1498,#1499,#1507,#1516,
    #1524,#1533,#1541,#1550,#1559,#1567));
#1474 = ORIENTED_EDGE('',*,*,#1475,.F.);
#1475 = EDGE_CURVE('',#1476,#1478,#1480,.T.);
#1476 = VERTEX_POINT('',#1477);
#1477 = CARTESIAN_POINT('',(-47.56350832689,-40.5,2.5));
#1478 = VERTEX_POINT('',#1479);
#1479 = CARTESIAN_POINT('',(-45.5,-37.,2.5));
#1480 = CIRCLE('',#1481,4.);
#1481 = AXIS2_PLACEMENT_3D('',#1482,#1483,#1484);
#1482 = CARTESIAN_POINT('',(-49.5,-37.,2.5));
#1483 = DIRECTION('',(0.,0.,1.));
#1484 = DIRECTION('',(1.,0.,0.));
#1485 = ORIENTED_EDGE('',*,*,#1486,.T.);
#1486 = EDGE_CURVE('',#1476,#1227,#1487,.T.);
#1487 = LINE('',#1488,#1489);
#1488 = CARTESIAN_POINT('',(-53.,-40.5,2.5));
#1489 = VECTOR('',#1490,1.);
#1490 = DIRECTION('',(1.,0.,0.));
#1491 = ORIENTED_EDGE('',*,*,#1234,.F.);
#1492 = ORIENTED_EDGE('',*,*,#1493,.F.);
#1493 = EDGE_CURVE('',#1298,#1235,#1494,.T.);
#1494 = LINE('',#1495,#1496);
#1495 = CARTESIAN_POINT('',(3.25,-38.,2.5));
#1496 = VECTOR('',#1497,1.);
#1497 = DIRECTION('',(-1.,0.,0.));
#1498 = ORIENTED_EDGE('',*,*,#1305,.F.);
#1499 = ORIENTED_EDGE('',*,*,#1500,.T.);
#1500 = EDGE_CURVE('',#1306,#1501,#1503,.T.);
#1501 = VERTEX_POINT('',#1502);
#1502 = CARTESIAN_POINT('',(47.563508326896,-40.5,2.5));
#1503 = LINE('',#1504,#1505);
#1504 = CARTESIAN_POINT('',(-53.,-40.5,2.5));
#1505 = VECTOR('',#1506,1.);
#1506 = DIRECTION('',(1.,0.,0.));
#1507 = ORIENTED_EDGE('',*,*,#1508,.F.);
#1508 = EDGE_CURVE('',#1509,#1501,#1511,.T.);
#1509 = VERTEX_POINT('',#1510);
#1510 = CARTESIAN_POINT('',(53.,-35.06350832689,2.5));
#1511 = CIRCLE('',#1512,4.);
#1512 = AXIS2_PLACEMENT_3D('',#1513,#1514,#1515);
#1513 = CARTESIAN_POINT('',(49.5,-37.,2.5));
#1514 = DIRECTION('',(0.,0.,1.));
#1515 = DIRECTION('',(1.,0.,0.));
#1516 = ORIENTED_EDGE('',*,*,#1517,.T.);
#1517 = EDGE_CURVE('',#1509,#1518,#1520,.T.);
#1518 = VERTEX_POINT('',#1519);
#1519 = CARTESIAN_POINT('',(53.,35.063508326896,2.5));
#1520 = LINE('',#1521,#1522);
#1521 = CARTESIAN_POINT('',(53.,-40.5,2.5));
#1522 = VECTOR('',#1523,1.);
#1523 = DIRECTION('',(0.,1.,0.));
#1524 = ORIENTED_EDGE('',*,*,#1525,.F.);
#1525 = EDGE_CURVE('',#1526,#1518,#1528,.T.);
#1526 = VERTEX_POINT('',#1527);
#1527 = CARTESIAN_POINT('',(47.563508326896,40.5,2.5));
#1528 = CIRCLE('',#1529,4.);
#1529 = AXIS2_PLACEMENT_3D('',#1530,#1531,#1532);
#1530 = CARTESIAN_POINT('',(49.5,37.,2.5));
#1531 = DIRECTION('',(0.,0.,1.));
#1532 = DIRECTION('',(1.,0.,0.));
#1533 = ORIENTED_EDGE('',*,*,#1534,.T.);
#1534 = EDGE_CURVE('',#1526,#1535,#1537,.T.);
#1535 = VERTEX_POINT('',#1536);
#1536 = CARTESIAN_POINT('',(-47.56350832689,40.5,2.5));
#1537 = LINE('',#1538,#1539);
#1538 = CARTESIAN_POINT('',(53.,40.5,2.5));
#1539 = VECTOR('',#1540,1.);
#1540 = DIRECTION('',(-1.,0.,0.));
#1541 = ORIENTED_EDGE('',*,*,#1542,.F.);
#1542 = EDGE_CURVE('',#1543,#1535,#1545,.T.);
#1543 = VERTEX_POINT('',#1544);
#1544 = CARTESIAN_POINT('',(-45.5,37.,2.5));
#1545 = CIRCLE('',#1546,4.);
#1546 = AXIS2_PLACEMENT_3D('',#1547,#1548,#1549);
#1547 = CARTESIAN_POINT('',(-49.5,37.,2.5));
#1548 = DIRECTION('',(0.,0.,1.));
#1549 = DIRECTION('',(1.,0.,0.));
#1550 = ORIENTED_EDGE('',*,*,#1551,.F.);
#1551 = EDGE_CURVE('',#1552,#1543,#1554,.T.);
#1552 = VERTEX_POINT('',#1553);
#1553 = CARTESIAN_POINT('',(-53.,35.063508326896,2.5));
#1554 = CIRCLE('',#1555,4.);
#1555 = AXIS2_PLACEMENT_3D('',#1556,#1557,#1558);
#1556 = CARTESIAN_POINT('',(-49.5,37.,2.5));
#1557 = DIRECTION('',(0.,0.,1.));
#1558 = DIRECTION('',(1.,0.,0.));
#1559 = ORIENTED_EDGE('',*,*,#1560,.T.);
#1560 = EDGE_CURVE('',#1552,#1561,#1563,.T.);
#1561 = VERTEX_POINT('',#1562);
#1562 = CARTESIAN_POINT('',(-53.,-35.06350832689,2.5));
#1563 = LINE('',#1564,#1565);
#1564 = CARTESIAN_POINT('',(-53.,40.5,2.5));
#1565 = VECTOR('',#1566,1.);
#1566 = DIRECTION('',(0.,-1.,0.));
#1567 = ORIENTED_EDGE('',*,*,#1568,.F.);
#1568 = EDGE_CURVE('',#1478,#1561,#1569,.T.);
#1569 = CIRCLE('',#1570,4.);
#1570 = AXIS2_PLACEMENT_3D('',#1571,#1572,#1573);
#1571 = CARTESIAN_POINT('',(-49.5,-37.,2.5));
#1572 = DIRECTION('',(0.,0.,1.));
#1573 = DIRECTION('',(1.,0.,0.));
#1574 = FACE_BOUND('',#1575,.T.);
#1575 = EDGE_LOOP('',(#1576));
#1576 = ORIENTED_EDGE('',*,*,#1577,.F.);
#1577 = EDGE_CURVE('',#1578,#1578,#1580,.T.);
#1578 = VERTEX_POINT('',#1579);
#1579 = CARTESIAN_POINT('',(-37.,-27.5,2.5));
#1580 = CIRCLE('',#1581,3.);
#1581 = AXIS2_PLACEMENT_3D('',#1582,#1583,#1584);
#1582 = CARTESIAN_POINT('',(-40.,-27.5,2.5));
#1583 = DIRECTION('',(0.,0.,1.));
#1584 = DIRECTION('',(1.,0.,0.));
#1585 = FACE_BOUND('',#1586,.T.);
#1586 = EDGE_LOOP('',(#1587));
#1587 = ORIENTED_EDGE('',*,*,#1588,.F.);
#1588 = EDGE_CURVE('',#1589,#1589,#1591,.T.);
#1589 = VERTEX_POINT('',#1590);
#1590 = CARTESIAN_POINT('',(43.,-27.5,2.5));
#1591 = CIRCLE('',#1592,3.);
#1592 = AXIS2_PLACEMENT_3D('',#1593,#1594,#1595);
#1593 = CARTESIAN_POINT('',(40.,-27.5,2.5));
#1594 = DIRECTION('',(0.,0.,1.));
#1595 = DIRECTION('',(1.,0.,0.));
#1596 = FACE_BOUND('',#1597,.T.);
#1597 = EDGE_LOOP('',(#1598));
#1598 = ORIENTED_EDGE('',*,*,#1599,.F.);
#1599 = EDGE_CURVE('',#847,#847,#1600,.T.);
#1600 = CIRCLE('',#1601,3.);
#1601 = AXIS2_PLACEMENT_3D('',#1602,#1603,#1604);
#1602 = CARTESIAN_POINT('',(-40.,27.5,2.5));
#1603 = DIRECTION('',(0.,0.,1.));
#1604 = DIRECTION('',(1.,0.,0.));
#1605 = FACE_BOUND('',#1606,.T.);
#1606 = EDGE_LOOP('',(#1607,#1608,#1609,#1610,#1611,#1612));
#1607 = ORIENTED_EDGE('',*,*,#854,.F.);
#1608 = ORIENTED_EDGE('',*,*,#846,.F.);
#1609 = ORIENTED_EDGE('',*,*,#822,.F.);
#1610 = ORIENTED_EDGE('',*,*,#798,.F.);
#1611 = ORIENTED_EDGE('',*,*,#790,.F.);
#1612 = ORIENTED_EDGE('',*,*,#766,.F.);
#1613 = FACE_BOUND('',#1614,.T.);
#1614 = EDGE_LOOP('',(#1615,#1624));
#1615 = ORIENTED_EDGE('',*,*,#1616,.F.);
#1616 = EDGE_CURVE('',#791,#1617,#1619,.T.);
#1617 = VERTEX_POINT('',#1618);
#1618 = CARTESIAN_POINT('',(43.,27.5,2.5));
#1619 = CIRCLE('',#1620,3.);
#1620 = AXIS2_PLACEMENT_3D('',#1621,#1622,#1623);
#1621 = CARTESIAN_POINT('',(40.,27.5,2.5));
#1622 = DIRECTION('',(0.,0.,1.));
#1623 = DIRECTION('',(1.,0.,0.));
#1624 = ORIENTED_EDGE('',*,*,#1625,.F.);
#1625 = EDGE_CURVE('',#1617,#791,#1626,.T.);
#1626 = CIRCLE('',#1627,3.);
#1627 = AXIS2_PLACEMENT_3D('',#1628,#1629,#1630);
#1628 = CARTESIAN_POINT('',(40.,27.5,2.5));
#1629 = DIRECTION('',(0.,0.,1.));
#1630 = DIRECTION('',(1.,0.,0.));
#1631 = PLANE('',#1632);
#1632 = AXIS2_PLACEMENT_3D('',#1633,#1634,#1635);
#1633 = CARTESIAN_POINT('',(0.,0.,2.5));
#1634 = DIRECTION('',(0.,0.,1.));
#1635 = DIRECTION('',(1.,0.,0.));
#1636 = ADVANCED_FACE('',(#1637),#1662,.F.);
#1637 = FACE_BOUND('',#1638,.F.);
#1638 = EDGE_LOOP('',(#1639,#1640,#1648,#1656));
#1639 = ORIENTED_EDGE('',*,*,#875,.F.);
#1640 = ORIENTED_EDGE('',*,*,#1641,.T.);
#1641 = EDGE_CURVE('',#876,#1642,#1644,.T.);
#1642 = VERTEX_POINT('',#1643);
#1643 = CARTESIAN_POINT('',(-53.,-40.5,2.5));
#1644 = LINE('',#1645,#1646);
#1645 = CARTESIAN_POINT('',(-53.,-40.5,38.));
#1646 = VECTOR('',#1647,1.);
#1647 = DIRECTION('',(-0.,-0.,-1.));
#1648 = ORIENTED_EDGE('',*,*,#1649,.T.);
#1649 = EDGE_CURVE('',#1642,#1650,#1652,.T.);
#1650 = VERTEX_POINT('',#1651);
#1651 = CARTESIAN_POINT('',(-51.4364916731,-40.5,2.5));
#1652 = LINE('',#1653,#1654);
#1653 = CARTESIAN_POINT('',(-53.,-40.5,2.5));
#1654 = VECTOR('',#1655,1.);
#1655 = DIRECTION('',(1.,0.,0.));
#1656 = ORIENTED_EDGE('',*,*,#1657,.F.);
#1657 = EDGE_CURVE('',#878,#1650,#1658,.T.);
#1658 = LINE('',#1659,#1660);
#1659 = CARTESIAN_POINT('',(-51.4364916731,-40.5,2.5));
#1660 = VECTOR('',#1661,1.);
#1661 = DIRECTION('',(-0.,-0.,-1.));
#1662 = PLANE('',#1663);
#1663 = AXIS2_PLACEMENT_3D('',#1664,#1665,#1666);
#1664 = CARTESIAN_POINT('',(-53.,-40.5,38.));
#1665 = DIRECTION('',(0.,-1.,0.));
#1666 = DIRECTION('',(1.,0.,0.));
#1667 = ADVANCED_FACE('',(#1668),#1686,.F.);
#1668 = FACE_BOUND('',#1669,.F.);
#1669 = EDGE_LOOP('',(#1670,#1671,#1679,#1685));
#1670 = ORIENTED_EDGE('',*,*,#885,.F.);
#1671 = ORIENTED_EDGE('',*,*,#1672,.T.);
#1672 = EDGE_CURVE('',#886,#1673,#1675,.T.);
#1673 = VERTEX_POINT('',#1674);
#1674 = CARTESIAN_POINT('',(-53.,-38.9364916731,2.5));
#1675 = LINE('',#1676,#1677);
#1676 = CARTESIAN_POINT('',(-53.,-38.9364916731,2.5));
#1677 = VECTOR('',#1678,1.);
#1678 = DIRECTION('',(-0.,-0.,-1.));
#1679 = ORIENTED_EDGE('',*,*,#1680,.T.);
#1680 = EDGE_CURVE('',#1673,#1642,#1681,.T.);
#1681 = LINE('',#1682,#1683);
#1682 = CARTESIAN_POINT('',(-53.,40.5,2.5));
#1683 = VECTOR('',#1684,1.);
#1684 = DIRECTION('',(0.,-1.,0.));
#1685 = ORIENTED_EDGE('',*,*,#1641,.F.);
#1686 = PLANE('',#1687);
#1687 = AXIS2_PLACEMENT_3D('',#1688,#1689,#1690);
#1688 = CARTESIAN_POINT('',(-53.,40.5,38.));
#1689 = DIRECTION('',(-1.,0.,0.));
#1690 = DIRECTION('',(0.,-1.,0.));
#1691 = ADVANCED_FACE('',(#1692),#1704,.T.);
#1692 = FACE_BOUND('',#1693,.F.);
#1693 = EDGE_LOOP('',(#1694,#1701,#1702,#1703));
#1694 = ORIENTED_EDGE('',*,*,#1695,.F.);
#1695 = EDGE_CURVE('',#1673,#1650,#1696,.T.);
#1696 = CIRCLE('',#1697,4.);
#1697 = AXIS2_PLACEMENT_3D('',#1698,#1699,#1700);
#1698 = CARTESIAN_POINT('',(-49.5,-37.,2.5));
#1699 = DIRECTION('',(0.,0.,1.));
#1700 = DIRECTION('',(1.,0.,0.));
#1701 = ORIENTED_EDGE('',*,*,#1672,.F.);
#1702 = ORIENTED_EDGE('',*,*,#893,.T.);
#1703 = ORIENTED_EDGE('',*,*,#1657,.T.);
#1704 = CYLINDRICAL_SURFACE('',#1705,4.);
#1705 = AXIS2_PLACEMENT_3D('',#1706,#1707,#1708);
#1706 = CARTESIAN_POINT('',(-49.5,-37.,2.5));
#1707 = DIRECTION('',(-0.,-0.,-1.));
#1708 = DIRECTION('',(1.,0.,0.));
#1709 = ADVANCED_FACE('',(#1710),#1729,.F.);
#1710 = FACE_BOUND('',#1711,.F.);
#1711 = EDGE_LOOP('',(#1712,#1720,#1727,#1728));
#1712 = ORIENTED_EDGE('',*,*,#1713,.T.);
#1713 = EDGE_CURVE('',#903,#1714,#1716,.T.);
#1714 = VERTEX_POINT('',#1715);
#1715 = CARTESIAN_POINT('',(-47.4,-37.,32.));
#1716 = LINE('',#1717,#1718);
#1717 = CARTESIAN_POINT('',(-47.4,-37.,38.));
#1718 = VECTOR('',#1719,1.);
#1719 = DIRECTION('',(-0.,-0.,-1.));
#1720 = ORIENTED_EDGE('',*,*,#1721,.T.);
#1721 = EDGE_CURVE('',#1714,#1714,#1722,.T.);
#1722 = CIRCLE('',#1723,2.1);
#1723 = AXIS2_PLACEMENT_3D('',#1724,#1725,#1726);
#1724 = CARTESIAN_POINT('',(-49.5,-37.,32.));
#1725 = DIRECTION('',(0.,0.,1.));
#1726 = DIRECTION('',(1.,0.,0.));
#1727 = ORIENTED_EDGE('',*,*,#1713,.F.);
#1728 = ORIENTED_EDGE('',*,*,#902,.F.);
#1729 = CYLINDRICAL_SURFACE('',#1730,2.1);
#1730 = AXIS2_PLACEMENT_3D('',#1731,#1732,#1733);
#1731 = CARTESIAN_POINT('',(-49.5,-37.,38.));
#1732 = DIRECTION('',(0.,0.,1.));
#1733 = DIRECTION('',(1.,0.,0.));
#1734 = ADVANCED_FACE('',(#1735),#1760,.F.);
#1735 = FACE_BOUND('',#1736,.F.);
#1736 = EDGE_LOOP('',(#1737,#1738,#1746,#1754));
#1737 = ORIENTED_EDGE('',*,*,#913,.F.);
#1738 = ORIENTED_EDGE('',*,*,#1739,.T.);
#1739 = EDGE_CURVE('',#914,#1740,#1742,.T.);
#1740 = VERTEX_POINT('',#1741);
#1741 = CARTESIAN_POINT('',(51.436491673104,-40.5,2.5));
#1742 = LINE('',#1743,#1744);
#1743 = CARTESIAN_POINT('',(51.436491673104,-40.5,2.5));
#1744 = VECTOR('',#1745,1.);
#1745 = DIRECTION('',(-0.,-0.,-1.));
#1746 = ORIENTED_EDGE('',*,*,#1747,.T.);
#1747 = EDGE_CURVE('',#1740,#1748,#1750,.T.);
#1748 = VERTEX_POINT('',#1749);
#1749 = CARTESIAN_POINT('',(53.,-40.5,2.5));
#1750 = LINE('',#1751,#1752);
#1751 = CARTESIAN_POINT('',(-53.,-40.5,2.5));
#1752 = VECTOR('',#1753,1.);
#1753 = DIRECTION('',(1.,0.,0.));
#1754 = ORIENTED_EDGE('',*,*,#1755,.F.);
#1755 = EDGE_CURVE('',#916,#1748,#1756,.T.);
#1756 = LINE('',#1757,#1758);
#1757 = CARTESIAN_POINT('',(53.,-40.5,38.));
#1758 = VECTOR('',#1759,1.);
#1759 = DIRECTION('',(-0.,-0.,-1.));
#1760 = PLANE('',#1761);
#1761 = AXIS2_PLACEMENT_3D('',#1762,#1763,#1764);
#1762 = CARTESIAN_POINT('',(-53.,-40.5,38.));
#1763 = DIRECTION('',(0.,-1.,0.));
#1764 = DIRECTION('',(1.,0.,0.));
#1765 = ADVANCED_FACE('',(#1766),#1785,.T.);
#1766 = FACE_BOUND('',#1767,.F.);
#1767 = EDGE_LOOP('',(#1768,#1776,#1783,#1784));
#1768 = ORIENTED_EDGE('',*,*,#1769,.T.);
#1769 = EDGE_CURVE('',#924,#1770,#1772,.T.);
#1770 = VERTEX_POINT('',#1771);
#1771 = CARTESIAN_POINT('',(53.,-38.9364916731,2.5));
#1772 = LINE('',#1773,#1774);
#1773 = CARTESIAN_POINT('',(53.,-38.9364916731,2.5));
#1774 = VECTOR('',#1775,1.);
#1775 = DIRECTION('',(-0.,-0.,-1.));
#1776 = ORIENTED_EDGE('',*,*,#1777,.F.);
#1777 = EDGE_CURVE('',#1740,#1770,#1778,.T.);
#1778 = CIRCLE('',#1779,4.);
#1779 = AXIS2_PLACEMENT_3D('',#1780,#1781,#1782);
#1780 = CARTESIAN_POINT('',(49.5,-37.,2.5));
#1781 = DIRECTION('',(0.,0.,1.));
#1782 = DIRECTION('',(1.,0.,0.));
#1783 = ORIENTED_EDGE('',*,*,#1739,.F.);
#1784 = ORIENTED_EDGE('',*,*,#923,.T.);
#1785 = CYLINDRICAL_SURFACE('',#1786,4.);
#1786 = AXIS2_PLACEMENT_3D('',#1787,#1788,#1789);
#1787 = CARTESIAN_POINT('',(49.5,-37.,2.5));
#1788 = DIRECTION('',(-0.,-0.,-1.));
#1789 = DIRECTION('',(1.,0.,0.));
#1790 = ADVANCED_FACE('',(#1791),#1802,.F.);
#1791 = FACE_BOUND('',#1792,.F.);
#1792 = EDGE_LOOP('',(#1793,#1794,#1795,#1801));
#1793 = ORIENTED_EDGE('',*,*,#932,.F.);
#1794 = ORIENTED_EDGE('',*,*,#1755,.T.);
#1795 = ORIENTED_EDGE('',*,*,#1796,.T.);
#1796 = EDGE_CURVE('',#1748,#1770,#1797,.T.);
#1797 = LINE('',#1798,#1799);
#1798 = CARTESIAN_POINT('',(53.,-40.5,2.5));
#1799 = VECTOR('',#1800,1.);
#1800 = DIRECTION('',(0.,1.,0.));
#1801 = ORIENTED_EDGE('',*,*,#1769,.F.);
#1802 = PLANE('',#1803);
#1803 = AXIS2_PLACEMENT_3D('',#1804,#1805,#1806);
#1804 = CARTESIAN_POINT('',(53.,-40.5,38.));
#1805 = DIRECTION('',(1.,0.,0.));
#1806 = DIRECTION('',(0.,1.,0.));
#1807 = ADVANCED_FACE('',(#1808),#1827,.F.);
#1808 = FACE_BOUND('',#1809,.F.);
#1809 = EDGE_LOOP('',(#1810,#1818,#1825,#1826));
#1810 = ORIENTED_EDGE('',*,*,#1811,.T.);
#1811 = EDGE_CURVE('',#941,#1812,#1814,.T.);
#1812 = VERTEX_POINT('',#1813);
#1813 = CARTESIAN_POINT('',(51.6,-37.,32.));
#1814 = LINE('',#1815,#1816);
#1815 = CARTESIAN_POINT('',(51.6,-37.,38.));
#1816 = VECTOR('',#1817,1.);
#1817 = DIRECTION('',(-0.,-0.,-1.));
#1818 = ORIENTED_EDGE('',*,*,#1819,.T.);
#1819 = EDGE_CURVE('',#1812,#1812,#1820,.T.);
#1820 = CIRCLE('',#1821,2.1);
#1821 = AXIS2_PLACEMENT_3D('',#1822,#1823,#1824);
#1822 = CARTESIAN_POINT('',(49.5,-37.,32.));
#1823 = DIRECTION('',(0.,0.,1.));
#1824 = DIRECTION('',(1.,0.,0.));
#1825 = ORIENTED_EDGE('',*,*,#1811,.F.);
#1826 = ORIENTED_EDGE('',*,*,#940,.F.);
#1827 = CYLINDRICAL_SURFACE('',#1828,2.1);
#1828 = AXIS2_PLACEMENT_3D('',#1829,#1830,#1831);
#1829 = CARTESIAN_POINT('',(49.5,-37.,38.));
#1830 = DIRECTION('',(0.,0.,1.));
#1831 = DIRECTION('',(1.,0.,0.));
#1832 = ADVANCED_FACE('',(#1833),#1852,.F.);
#1833 = FACE_BOUND('',#1834,.F.);
#1834 = EDGE_LOOP('',(#1835,#1843,#1850,#1851));
#1835 = ORIENTED_EDGE('',*,*,#1836,.T.);
#1836 = EDGE_CURVE('',#952,#1837,#1839,.T.);
#1837 = VERTEX_POINT('',#1838);
#1838 = CARTESIAN_POINT('',(-47.4,37.,32.));
#1839 = LINE('',#1840,#1841);
#1840 = CARTESIAN_POINT('',(-47.4,37.,38.));
#1841 = VECTOR('',#1842,1.);
#1842 = DIRECTION('',(-0.,-0.,-1.));
#1843 = ORIENTED_EDGE('',*,*,#1844,.T.);
#1844 = EDGE_CURVE('',#1837,#1837,#1845,.T.);
#1845 = CIRCLE('',#1846,2.1);
#1846 = AXIS2_PLACEMENT_3D('',#1847,#1848,#1849);
#1847 = CARTESIAN_POINT('',(-49.5,37.,32.));
#1848 = DIRECTION('',(0.,0.,1.));
#1849 = DIRECTION('',(1.,0.,0.));
#1850 = ORIENTED_EDGE('',*,*,#1836,.F.);
#1851 = ORIENTED_EDGE('',*,*,#951,.F.);
#1852 = CYLINDRICAL_SURFACE('',#1853,2.1);
#1853 = AXIS2_PLACEMENT_3D('',#1854,#1855,#1856);
#1854 = CARTESIAN_POINT('',(-49.5,37.,38.));
#1855 = DIRECTION('',(0.,0.,1.));
#1856 = DIRECTION('',(1.,0.,0.));
#1857 = ADVANCED_FACE('',(#1858),#1883,.F.);
#1858 = FACE_BOUND('',#1859,.F.);
#1859 = EDGE_LOOP('',(#1860,#1861,#1869,#1877));
#1860 = ORIENTED_EDGE('',*,*,#962,.F.);
#1861 = ORIENTED_EDGE('',*,*,#1862,.T.);
#1862 = EDGE_CURVE('',#963,#1863,#1865,.T.);
#1863 = VERTEX_POINT('',#1864);
#1864 = CARTESIAN_POINT('',(-51.4364916731,40.5,2.5));
#1865 = LINE('',#1866,#1867);
#1866 = CARTESIAN_POINT('',(-51.4364916731,40.5,2.5));
#1867 = VECTOR('',#1868,1.);
#1868 = DIRECTION('',(-0.,-0.,-1.));
#1869 = ORIENTED_EDGE('',*,*,#1870,.T.);
#1870 = EDGE_CURVE('',#1863,#1871,#1873,.T.);
#1871 = VERTEX_POINT('',#1872);
#1872 = CARTESIAN_POINT('',(-53.,40.5,2.5));
#1873 = LINE('',#1874,#1875);
#1874 = CARTESIAN_POINT('',(53.,40.5,2.5));
#1875 = VECTOR('',#1876,1.);
#1876 = DIRECTION('',(-1.,0.,0.));
#1877 = ORIENTED_EDGE('',*,*,#1878,.F.);
#1878 = EDGE_CURVE('',#965,#1871,#1879,.T.);
#1879 = LINE('',#1880,#1881);
#1880 = CARTESIAN_POINT('',(-53.,40.5,38.));
#1881 = VECTOR('',#1882,1.);
#1882 = DIRECTION('',(-0.,-0.,-1.));
#1883 = PLANE('',#1884);
#1884 = AXIS2_PLACEMENT_3D('',#1885,#1886,#1887);
#1885 = CARTESIAN_POINT('',(53.,40.5,38.));
#1886 = DIRECTION('',(0.,1.,0.));
#1887 = DIRECTION('',(-1.,0.,0.));
#1888 = ADVANCED_FACE('',(#1889),#1908,.T.);
#1889 = FACE_BOUND('',#1890,.F.);
#1890 = EDGE_LOOP('',(#1891,#1900,#1901,#1902));
#1891 = ORIENTED_EDGE('',*,*,#1892,.F.);
#1892 = EDGE_CURVE('',#1863,#1893,#1895,.T.);
#1893 = VERTEX_POINT('',#1894);
#1894 = CARTESIAN_POINT('',(-53.,38.936491673104,2.5));
#1895 = CIRCLE('',#1896,4.);
#1896 = AXIS2_PLACEMENT_3D('',#1897,#1898,#1899);
#1897 = CARTESIAN_POINT('',(-49.5,37.,2.5));
#1898 = DIRECTION('',(0.,0.,1.));
#1899 = DIRECTION('',(1.,0.,0.));
#1900 = ORIENTED_EDGE('',*,*,#1862,.F.);
#1901 = ORIENTED_EDGE('',*,*,#972,.T.);
#1902 = ORIENTED_EDGE('',*,*,#1903,.T.);
#1903 = EDGE_CURVE('',#973,#1893,#1904,.T.);
#1904 = LINE('',#1905,#1906);
#1905 = CARTESIAN_POINT('',(-53.,38.936491673104,2.5));
#1906 = VECTOR('',#1907,1.);
#1907 = DIRECTION('',(-0.,-0.,-1.));
#1908 = CYLINDRICAL_SURFACE('',#1909,4.);
#1909 = AXIS2_PLACEMENT_3D('',#1910,#1911,#1912);
#1910 = CARTESIAN_POINT('',(-49.5,37.,2.5));
#1911 = DIRECTION('',(-0.,-0.,-1.));
#1912 = DIRECTION('',(1.,0.,0.));
#1913 = ADVANCED_FACE('',(#1914),#1925,.F.);
#1914 = FACE_BOUND('',#1915,.F.);
#1915 = EDGE_LOOP('',(#1916,#1917,#1918,#1924));
#1916 = ORIENTED_EDGE('',*,*,#981,.F.);
#1917 = ORIENTED_EDGE('',*,*,#1878,.T.);
#1918 = ORIENTED_EDGE('',*,*,#1919,.T.);
#1919 = EDGE_CURVE('',#1871,#1893,#1920,.T.);
#1920 = LINE('',#1921,#1922);
#1921 = CARTESIAN_POINT('',(-53.,40.5,2.5));
#1922 = VECTOR('',#1923,1.);
#1923 = DIRECTION('',(0.,-1.,0.));
#1924 = ORIENTED_EDGE('',*,*,#1903,.F.);
#1925 = PLANE('',#1926);
#1926 = AXIS2_PLACEMENT_3D('',#1927,#1928,#1929);
#1927 = CARTESIAN_POINT('',(-53.,40.5,38.));
#1928 = DIRECTION('',(-1.,0.,0.));
#1929 = DIRECTION('',(0.,-1.,0.));
#1930 = ADVANCED_FACE('',(#1931,#1951),#1957,.F.);
#1931 = FACE_BOUND('',#1932,.F.);
#1932 = EDGE_LOOP('',(#1933,#1934,#1940,#1941,#1942,#1943,#1944,#1945));
#1933 = ORIENTED_EDGE('',*,*,#989,.F.);
#1934 = ORIENTED_EDGE('',*,*,#1935,.T.);
#1935 = EDGE_CURVE('',#990,#1476,#1936,.T.);
#1936 = LINE('',#1937,#1938);
#1937 = CARTESIAN_POINT('',(-47.56350832689,-40.5,2.5));
#1938 = VECTOR('',#1939,1.);
#1939 = DIRECTION('',(-0.,-0.,-1.));
#1940 = ORIENTED_EDGE('',*,*,#1486,.T.);
#1941 = ORIENTED_EDGE('',*,*,#1226,.F.);
#1942 = ORIENTED_EDGE('',*,*,#1273,.F.);
#1943 = ORIENTED_EDGE('',*,*,#1313,.F.);
#1944 = ORIENTED_EDGE('',*,*,#1500,.T.);
#1945 = ORIENTED_EDGE('',*,*,#1946,.F.);
#1946 = EDGE_CURVE('',#992,#1501,#1947,.T.);
#1947 = LINE('',#1948,#1949);
#1948 = CARTESIAN_POINT('',(47.563508326896,-40.5,2.5));
#1949 = VECTOR('',#1950,1.);
#1950 = DIRECTION('',(-0.,-0.,-1.));
#1951 = FACE_BOUND('',#1952,.F.);
#1952 = EDGE_LOOP('',(#1953,#1954,#1955,#1956));
#1953 = ORIENTED_EDGE('',*,*,#1202,.F.);
#1954 = ORIENTED_EDGE('',*,*,#1130,.F.);
#1955 = ORIENTED_EDGE('',*,*,#1161,.F.);
#1956 = ORIENTED_EDGE('',*,*,#1185,.F.);
#1957 = PLANE('',#1958);
#1958 = AXIS2_PLACEMENT_3D('',#1959,#1960,#1961);
#1959 = CARTESIAN_POINT('',(-53.,-40.5,38.));
#1960 = DIRECTION('',(0.,-1.,0.));
#1961 = DIRECTION('',(1.,0.,0.));
#1962 = ADVANCED_FACE('',(#1963),#1976,.T.);
#1963 = FACE_BOUND('',#1964,.F.);
#1964 = EDGE_LOOP('',(#1965,#1971,#1972,#1973,#1974,#1975));
#1965 = ORIENTED_EDGE('',*,*,#1966,.T.);
#1966 = EDGE_CURVE('',#1009,#1561,#1967,.T.);
#1967 = LINE('',#1968,#1969);
#1968 = CARTESIAN_POINT('',(-53.,-35.06350832689,2.5));
#1969 = VECTOR('',#1970,1.);
#1970 = DIRECTION('',(-0.,-0.,-1.));
#1971 = ORIENTED_EDGE('',*,*,#1568,.F.);
#1972 = ORIENTED_EDGE('',*,*,#1475,.F.);
#1973 = ORIENTED_EDGE('',*,*,#1935,.F.);
#1974 = ORIENTED_EDGE('',*,*,#999,.T.);
#1975 = ORIENTED_EDGE('',*,*,#1008,.T.);
#1976 = CYLINDRICAL_SURFACE('',#1977,4.);
#1977 = AXIS2_PLACEMENT_3D('',#1978,#1979,#1980);
#1978 = CARTESIAN_POINT('',(-49.5,-37.,2.5));
#1979 = DIRECTION('',(-0.,-0.,-1.));
#1980 = DIRECTION('',(1.,0.,0.));
#1981 = ADVANCED_FACE('',(#1982),#1993,.T.);
#1982 = FACE_BOUND('',#1983,.F.);
#1983 = EDGE_LOOP('',(#1984,#1985,#1991,#1992));
#1984 = ORIENTED_EDGE('',*,*,#1508,.F.);
#1985 = ORIENTED_EDGE('',*,*,#1986,.F.);
#1986 = EDGE_CURVE('',#1061,#1509,#1987,.T.);
#1987 = LINE('',#1988,#1989);
#1988 = CARTESIAN_POINT('',(53.,-35.06350832689,2.5));
#1989 = VECTOR('',#1990,1.);
#1990 = DIRECTION('',(-0.,-0.,-1.));
#1991 = ORIENTED_EDGE('',*,*,#1068,.T.);
#1992 = ORIENTED_EDGE('',*,*,#1946,.T.);
#1993 = CYLINDRICAL_SURFACE('',#1994,4.);
#1994 = AXIS2_PLACEMENT_3D('',#1995,#1996,#1997);
#1995 = CARTESIAN_POINT('',(49.5,-37.,2.5));
#1996 = DIRECTION('',(-0.,-0.,-1.));
#1997 = DIRECTION('',(1.,0.,0.));
#1998 = ADVANCED_FACE('',(#1999,#2010),#2013,.F.);
#1999 = FACE_BOUND('',#2000,.F.);
#2000 = EDGE_LOOP('',(#2001,#2002,#2003,#2004));
#2001 = ORIENTED_EDGE('',*,*,#1060,.F.);
#2002 = ORIENTED_EDGE('',*,*,#1986,.T.);
#2003 = ORIENTED_EDGE('',*,*,#1517,.T.);
#2004 = ORIENTED_EDGE('',*,*,#2005,.F.);
#2005 = EDGE_CURVE('',#1052,#1518,#2006,.T.);
#2006 = LINE('',#2007,#2008);
#2007 = CARTESIAN_POINT('',(53.,35.063508326896,2.5));
#2008 = VECTOR('',#2009,1.);
#2009 = DIRECTION('',(-0.,-0.,-1.));
#2010 = FACE_BOUND('',#2011,.F.);
#2011 = EDGE_LOOP('',(#2012));
#2012 = ORIENTED_EDGE('',*,*,#1459,.F.);
#2013 = PLANE('',#2014);
#2014 = AXIS2_PLACEMENT_3D('',#2015,#2016,#2017);
#2015 = CARTESIAN_POINT('',(53.,-40.5,38.));
#2016 = DIRECTION('',(1.,0.,0.));
#2017 = DIRECTION('',(0.,1.,0.));
#2018 = ADVANCED_FACE('',(#2019,#2030,#2033,#2036),#2039,.F.);
#2019 = FACE_BOUND('',#2020,.F.);
#2020 = EDGE_LOOP('',(#2021,#2022,#2028,#2029));
#2021 = ORIENTED_EDGE('',*,*,#1017,.F.);
#2022 = ORIENTED_EDGE('',*,*,#2023,.T.);
#2023 = EDGE_CURVE('',#1018,#1552,#2024,.T.);
#2024 = LINE('',#2025,#2026);
#2025 = CARTESIAN_POINT('',(-53.,35.063508326896,2.5));
#2026 = VECTOR('',#2027,1.);
#2027 = DIRECTION('',(-0.,-0.,-1.));
#2028 = ORIENTED_EDGE('',*,*,#1560,.T.);
#2029 = ORIENTED_EDGE('',*,*,#1966,.F.);
#2030 = FACE_BOUND('',#2031,.F.);
#2031 = EDGE_LOOP('',(#2032));
#2032 = ORIENTED_EDGE('',*,*,#1369,.F.);
#2033 = FACE_BOUND('',#2034,.F.);
#2034 = EDGE_LOOP('',(#2035));
#2035 = ORIENTED_EDGE('',*,*,#1394,.F.);
#2036 = FACE_BOUND('',#2037,.F.);
#2037 = EDGE_LOOP('',(#2038));
#2038 = ORIENTED_EDGE('',*,*,#1419,.F.);
#2039 = PLANE('',#2040);
#2040 = AXIS2_PLACEMENT_3D('',#2041,#2042,#2043);
#2041 = CARTESIAN_POINT('',(-53.,40.5,38.));
#2042 = DIRECTION('',(-1.,0.,0.));
#2043 = DIRECTION('',(0.,-1.,0.));
#2044 = ADVANCED_FACE('',(#2045),#2056,.T.);
#2045 = FACE_BOUND('',#2046,.F.);
#2046 = EDGE_LOOP('',(#2047,#2048,#2049,#2055));
#2047 = ORIENTED_EDGE('',*,*,#2005,.T.);
#2048 = ORIENTED_EDGE('',*,*,#1525,.F.);
#2049 = ORIENTED_EDGE('',*,*,#2050,.F.);
#2050 = EDGE_CURVE('',#1044,#1526,#2051,.T.);
#2051 = LINE('',#2052,#2053);
#2052 = CARTESIAN_POINT('',(47.563508326896,40.5,2.5));
#2053 = VECTOR('',#2054,1.);
#2054 = DIRECTION('',(-0.,-0.,-1.));
#2055 = ORIENTED_EDGE('',*,*,#1051,.T.);
#2056 = CYLINDRICAL_SURFACE('',#2057,4.);
#2057 = AXIS2_PLACEMENT_3D('',#2058,#2059,#2060);
#2058 = CARTESIAN_POINT('',(49.5,37.,2.5));
#2059 = DIRECTION('',(-0.,-0.,-1.));
#2060 = DIRECTION('',(1.,0.,0.));
#2061 = ADVANCED_FACE('',(#2062),#2075,.T.);
#2062 = FACE_BOUND('',#2063,.F.);
#2063 = EDGE_LOOP('',(#2064,#2065,#2066,#2067,#2073,#2074));
#2064 = ORIENTED_EDGE('',*,*,#2023,.F.);
#2065 = ORIENTED_EDGE('',*,*,#1025,.T.);
#2066 = ORIENTED_EDGE('',*,*,#1034,.T.);
#2067 = ORIENTED_EDGE('',*,*,#2068,.T.);
#2068 = EDGE_CURVE('',#1035,#1535,#2069,.T.);
#2069 = LINE('',#2070,#2071);
#2070 = CARTESIAN_POINT('',(-47.56350832689,40.5,2.5));
#2071 = VECTOR('',#2072,1.);
#2072 = DIRECTION('',(-0.,-0.,-1.));
#2073 = ORIENTED_EDGE('',*,*,#1542,.F.);
#2074 = ORIENTED_EDGE('',*,*,#1551,.F.);
#2075 = CYLINDRICAL_SURFACE('',#2076,4.);
#2076 = AXIS2_PLACEMENT_3D('',#2077,#2078,#2079);
#2077 = CARTESIAN_POINT('',(-49.5,37.,2.5));
#2078 = DIRECTION('',(-0.,-0.,-1.));
#2079 = DIRECTION('',(1.,0.,0.));
#2080 = ADVANCED_FACE('',(#2081),#2087,.F.);
#2081 = FACE_BOUND('',#2082,.F.);
#2082 = EDGE_LOOP('',(#2083,#2084,#2085,#2086));
#2083 = ORIENTED_EDGE('',*,*,#1043,.F.);
#2084 = ORIENTED_EDGE('',*,*,#2050,.T.);
#2085 = ORIENTED_EDGE('',*,*,#1534,.T.);
#2086 = ORIENTED_EDGE('',*,*,#2068,.F.);
#2087 = PLANE('',#2088);
#2088 = AXIS2_PLACEMENT_3D('',#2089,#2090,#2091);
#2089 = CARTESIAN_POINT('',(53.,40.5,38.));
#2090 = DIRECTION('',(0.,1.,0.));
#2091 = DIRECTION('',(-1.,0.,0.));
#2092 = ADVANCED_FACE('',(#2093),#2112,.F.);
#2093 = FACE_BOUND('',#2094,.F.);
#2094 = EDGE_LOOP('',(#2095,#2103,#2110,#2111));
#2095 = ORIENTED_EDGE('',*,*,#2096,.T.);
#2096 = EDGE_CURVE('',#1078,#2097,#2099,.T.);
#2097 = VERTEX_POINT('',#2098);
#2098 = CARTESIAN_POINT('',(51.6,37.,32.));
#2099 = LINE('',#2100,#2101);
#2100 = CARTESIAN_POINT('',(51.6,37.,38.));
#2101 = VECTOR('',#2102,1.);
#2102 = DIRECTION('',(-0.,-0.,-1.));
#2103 = ORIENTED_EDGE('',*,*,#2104,.T.);
#2104 = EDGE_CURVE('',#2097,#2097,#2105,.T.);
#2105 = CIRCLE('',#2106,2.1);
#2106 = AXIS2_PLACEMENT_3D('',#2107,#2108,#2109);
#2107 = CARTESIAN_POINT('',(49.5,37.,32.));
#2108 = DIRECTION('',(0.,0.,1.));
#2109 = DIRECTION('',(1.,0.,0.));
#2110 = ORIENTED_EDGE('',*,*,#2096,.F.);
#2111 = ORIENTED_EDGE('',*,*,#1077,.F.);
#2112 = CYLINDRICAL_SURFACE('',#2113,2.1);
#2113 = AXIS2_PLACEMENT_3D('',#2114,#2115,#2116);
#2114 = CARTESIAN_POINT('',(49.5,37.,38.));
#2115 = DIRECTION('',(0.,0.,1.));
#2116 = DIRECTION('',(1.,0.,0.));
#2117 = ADVANCED_FACE('',(#2118),#2143,.F.);
#2118 = FACE_BOUND('',#2119,.F.);
#2119 = EDGE_LOOP('',(#2120,#2121,#2129,#2137));
#2120 = ORIENTED_EDGE('',*,*,#1088,.F.);
#2121 = ORIENTED_EDGE('',*,*,#2122,.T.);
#2122 = EDGE_CURVE('',#1089,#2123,#2125,.T.);
#2123 = VERTEX_POINT('',#2124);
#2124 = CARTESIAN_POINT('',(53.,38.936491673104,2.5));
#2125 = LINE('',#2126,#2127);
#2126 = CARTESIAN_POINT('',(53.,38.936491673104,2.5));
#2127 = VECTOR('',#2128,1.);
#2128 = DIRECTION('',(-0.,-0.,-1.));
#2129 = ORIENTED_EDGE('',*,*,#2130,.T.);
#2130 = EDGE_CURVE('',#2123,#2131,#2133,.T.);
#2131 = VERTEX_POINT('',#2132);
#2132 = CARTESIAN_POINT('',(53.,40.5,2.5));
#2133 = LINE('',#2134,#2135);
#2134 = CARTESIAN_POINT('',(53.,-40.5,2.5));
#2135 = VECTOR('',#2136,1.);
#2136 = DIRECTION('',(0.,1.,0.));
#2137 = ORIENTED_EDGE('',*,*,#2138,.F.);
#2138 = EDGE_CURVE('',#1091,#2131,#2139,.T.);
#2139 = LINE('',#2140,#2141);
#2140 = CARTESIAN_POINT('',(53.,40.5,38.));
#2141 = VECTOR('',#2142,1.);
#2142 = DIRECTION('',(-0.,-0.,-1.));
#2143 = PLANE('',#2144);
#2144 = AXIS2_PLACEMENT_3D('',#2145,#2146,#2147);
#2145 = CARTESIAN_POINT('',(53.,-40.5,38.));
#2146 = DIRECTION('',(1.,0.,0.));
#2147 = DIRECTION('',(0.,1.,0.));
#2148 = ADVANCED_FACE('',(#2149),#2168,.T.);
#2149 = FACE_BOUND('',#2150,.F.);
#2150 = EDGE_LOOP('',(#2151,#2160,#2161,#2162));
#2151 = ORIENTED_EDGE('',*,*,#2152,.F.);
#2152 = EDGE_CURVE('',#2123,#2153,#2155,.T.);
#2153 = VERTEX_POINT('',#2154);
#2154 = CARTESIAN_POINT('',(51.436491673104,40.5,2.5));
#2155 = CIRCLE('',#2156,4.);
#2156 = AXIS2_PLACEMENT_3D('',#2157,#2158,#2159);
#2157 = CARTESIAN_POINT('',(49.5,37.,2.5));
#2158 = DIRECTION('',(0.,0.,1.));
#2159 = DIRECTION('',(1.,0.,0.));
#2160 = ORIENTED_EDGE('',*,*,#2122,.F.);
#2161 = ORIENTED_EDGE('',*,*,#1098,.T.);
#2162 = ORIENTED_EDGE('',*,*,#2163,.T.);
#2163 = EDGE_CURVE('',#1099,#2153,#2164,.T.);
#2164 = LINE('',#2165,#2166);
#2165 = CARTESIAN_POINT('',(51.436491673104,40.5,2.5));
#2166 = VECTOR('',#2167,1.);
#2167 = DIRECTION('',(-0.,-0.,-1.));
#2168 = CYLINDRICAL_SURFACE('',#2169,4.);
#2169 = AXIS2_PLACEMENT_3D('',#2170,#2171,#2172);
#2170 = CARTESIAN_POINT('',(49.5,37.,2.5));
#2171 = DIRECTION('',(-0.,-0.,-1.));
#2172 = DIRECTION('',(1.,0.,0.));
#2173 = ADVANCED_FACE('',(#2174),#2185,.F.);
#2174 = FACE_BOUND('',#2175,.F.);
#2175 = EDGE_LOOP('',(#2176,#2177,#2178,#2184));
#2176 = ORIENTED_EDGE('',*,*,#1107,.F.);
#2177 = ORIENTED_EDGE('',*,*,#2138,.T.);
#2178 = ORIENTED_EDGE('',*,*,#2179,.T.);
#2179 = EDGE_CURVE('',#2131,#2153,#2180,.T.);
#2180 = LINE('',#2181,#2182);
#2181 = CARTESIAN_POINT('',(53.,40.5,2.5));
#2182 = VECTOR('',#2183,1.);
#2183 = DIRECTION('',(-1.,0.,0.));
#2184 = ORIENTED_EDGE('',*,*,#2163,.F.);
#2185 = PLANE('',#2186);
#2186 = AXIS2_PLACEMENT_3D('',#2187,#2188,#2189);
#2187 = CARTESIAN_POINT('',(53.,40.5,38.));
#2188 = DIRECTION('',(0.,1.,0.));
#2189 = DIRECTION('',(-1.,0.,0.));
#2190 = ADVANCED_FACE('',(#2191),#2197,.F.);
#2191 = FACE_BOUND('',#2192,.F.);
#2192 = EDGE_LOOP('',(#2193,#2194,#2195,#2196));
#2193 = ORIENTED_EDGE('',*,*,#1329,.F.);
#2194 = ORIENTED_EDGE('',*,*,#1242,.F.);
#2195 = ORIENTED_EDGE('',*,*,#1493,.F.);
#2196 = ORIENTED_EDGE('',*,*,#1297,.F.);
#2197 = PLANE('',#2198);
#2198 = AXIS2_PLACEMENT_3D('',#2199,#2200,#2201);
#2199 = CARTESIAN_POINT('',(6.5,-38.,15.5));
#2200 = DIRECTION('',(0.,1.,2.236801068426E-16));
#2201 = DIRECTION('',(0.,-2.236801068426E-16,1.));
#2202 = ADVANCED_FACE('',(#2203),#2222,.T.);
#2203 = FACE_BOUND('',#2204,.F.);
#2204 = EDGE_LOOP('',(#2205,#2213,#2220,#2221));
#2205 = ORIENTED_EDGE('',*,*,#2206,.T.);
#2206 = EDGE_CURVE('',#1578,#2207,#2209,.T.);
#2207 = VERTEX_POINT('',#2208);
#2208 = CARTESIAN_POINT('',(-37.,-27.5,22.5));
#2209 = LINE('',#2210,#2211);
#2210 = CARTESIAN_POINT('',(-37.,-27.5,2.5));
#2211 = VECTOR('',#2212,1.);
#2212 = DIRECTION('',(0.,0.,1.));
#2213 = ORIENTED_EDGE('',*,*,#2214,.T.);
#2214 = EDGE_CURVE('',#2207,#2207,#2215,.T.);
#2215 = CIRCLE('',#2216,3.);
#2216 = AXIS2_PLACEMENT_3D('',#2217,#2218,#2219);
#2217 = CARTESIAN_POINT('',(-40.,-27.5,22.5));
#2218 = DIRECTION('',(0.,0.,1.));
#2219 = DIRECTION('',(1.,0.,0.));
#2220 = ORIENTED_EDGE('',*,*,#2206,.F.);
#2221 = ORIENTED_EDGE('',*,*,#1577,.F.);
#2222 = CYLINDRICAL_SURFACE('',#2223,3.);
#2223 = AXIS2_PLACEMENT_3D('',#2224,#2225,#2226);
#2224 = CARTESIAN_POINT('',(-40.,-27.5,2.5));
#2225 = DIRECTION('',(-0.,-0.,-1.));
#2226 = DIRECTION('',(1.,0.,0.));
#2227 = ADVANCED_FACE('',(#2228),#2247,.T.);
#2228 = FACE_BOUND('',#2229,.F.);
#2229 = EDGE_LOOP('',(#2230,#2238,#2245,#2246));
#2230 = ORIENTED_EDGE('',*,*,#2231,.T.);
#2231 = EDGE_CURVE('',#1589,#2232,#2234,.T.);
#2232 = VERTEX_POINT('',#2233);
#2233 = CARTESIAN_POINT('',(43.,-27.5,22.5));
#2234 = LINE('',#2235,#2236);
#2235 = CARTESIAN_POINT('',(43.,-27.5,2.5));
#2236 = VECTOR('',#2237,1.);
#2237 = DIRECTION('',(0.,0.,1.));
#2238 = ORIENTED_EDGE('',*,*,#2239,.T.);
#2239 = EDGE_CURVE('',#2232,#2232,#2240,.T.);
#2240 = CIRCLE('',#2241,3.);
#2241 = AXIS2_PLACEMENT_3D('',#2242,#2243,#2244);
#2242 = CARTESIAN_POINT('',(40.,-27.5,22.5));
#2243 = DIRECTION('',(0.,0.,1.));
#2244 = DIRECTION('',(1.,0.,0.));
#2245 = ORIENTED_EDGE('',*,*,#2231,.F.);
#2246 = ORIENTED_EDGE('',*,*,#1588,.F.);
#2247 = CYLINDRICAL_SURFACE('',#2248,3.);
#2248 = AXIS2_PLACEMENT_3D('',#2249,#2250,#2251);
#2249 = CARTESIAN_POINT('',(40.,-27.5,2.5));
#2250 = DIRECTION('',(-0.,-0.,-1.));
#2251 = DIRECTION('',(1.,0.,0.));
#2252 = ADVANCED_FACE('',(#2253),#2272,.T.);
#2253 = FACE_BOUND('',#2254,.F.);
#2254 = EDGE_LOOP('',(#2255,#2263,#2270,#2271));
#2255 = ORIENTED_EDGE('',*,*,#2256,.T.);
#2256 = EDGE_CURVE('',#847,#2257,#2259,.T.);
#2257 = VERTEX_POINT('',#2258);
#2258 = CARTESIAN_POINT('',(-37.,27.5,22.5));
#2259 = LINE('',#2260,#2261);
#2260 = CARTESIAN_POINT('',(-37.,27.5,2.5));
#2261 = VECTOR('',#2262,1.);
#2262 = DIRECTION('',(0.,0.,1.));
#2263 = ORIENTED_EDGE('',*,*,#2264,.T.);
#2264 = EDGE_CURVE('',#2257,#2257,#2265,.T.);
#2265 = CIRCLE('',#2266,3.);
#2266 = AXIS2_PLACEMENT_3D('',#2267,#2268,#2269);
#2267 = CARTESIAN_POINT('',(-40.,27.5,22.5));
#2268 = DIRECTION('',(0.,0.,1.));
#2269 = DIRECTION('',(1.,0.,0.));
#2270 = ORIENTED_EDGE('',*,*,#2256,.F.);
#2271 = ORIENTED_EDGE('',*,*,#1599,.F.);
#2272 = CYLINDRICAL_SURFACE('',#2273,3.);
#2273 = AXIS2_PLACEMENT_3D('',#2274,#2275,#2276);
#2274 = CARTESIAN_POINT('',(-40.,27.5,2.5));
#2275 = DIRECTION('',(-0.,-0.,-1.));
#2276 = DIRECTION('',(1.,0.,0.));
#2277 = ADVANCED_FACE('',(#2278),#2298,.T.);
#2278 = FACE_BOUND('',#2279,.F.);
#2279 = EDGE_LOOP('',(#2280,#2281,#2289,#2296,#2297));
#2280 = ORIENTED_EDGE('',*,*,#1625,.F.);
#2281 = ORIENTED_EDGE('',*,*,#2282,.T.);
#2282 = EDGE_CURVE('',#1617,#2283,#2285,.T.);
#2283 = VERTEX_POINT('',#2284);
#2284 = CARTESIAN_POINT('',(43.,27.5,22.5));
#2285 = LINE('',#2286,#2287);
#2286 = CARTESIAN_POINT('',(43.,27.5,2.5));
#2287 = VECTOR('',#2288,1.);
#2288 = DIRECTION('',(0.,0.,1.));
#2289 = ORIENTED_EDGE('',*,*,#2290,.T.);
#2290 = EDGE_CURVE('',#2283,#2283,#2291,.T.);
#2291 = CIRCLE('',#2292,3.);
#2292 = AXIS2_PLACEMENT_3D('',#2293,#2294,#2295);
#2293 = CARTESIAN_POINT('',(40.,27.5,22.5));
#2294 = DIRECTION('',(0.,0.,1.));
#2295 = DIRECTION('',(1.,0.,0.));
#2296 = ORIENTED_EDGE('',*,*,#2282,.F.);
#2297 = ORIENTED_EDGE('',*,*,#1616,.F.);
#2298 = CYLINDRICAL_SURFACE('',#2299,3.);
#2299 = AXIS2_PLACEMENT_3D('',#2300,#2301,#2302);
#2300 = CARTESIAN_POINT('',(40.,27.5,2.5));
#2301 = DIRECTION('',(-0.,-0.,-1.));
#2302 = DIRECTION('',(1.,0.,0.));
#2303 = ADVANCED_FACE('',(#2304),#2309,.T.);
#2304 = FACE_BOUND('',#2305,.T.);
#2305 = EDGE_LOOP('',(#2306,#2307,#2308));
#2306 = ORIENTED_EDGE('',*,*,#1680,.T.);
#2307 = ORIENTED_EDGE('',*,*,#1649,.T.);
#2308 = ORIENTED_EDGE('',*,*,#1695,.F.);
#2309 = PLANE('',#2310);
#2310 = AXIS2_PLACEMENT_3D('',#2311,#2312,#2313);
#2311 = CARTESIAN_POINT('',(0.,0.,2.5));
#2312 = DIRECTION('',(0.,0.,1.));
#2313 = DIRECTION('',(1.,0.,0.));
#2314 = ADVANCED_FACE('',(#2315),#2318,.T.);
#2315 = FACE_BOUND('',#2316,.T.);
#2316 = EDGE_LOOP('',(#2317));
#2317 = ORIENTED_EDGE('',*,*,#1721,.T.);
#2318 = PLANE('',#2319);
#2319 = AXIS2_PLACEMENT_3D('',#2320,#2321,#2322);
#2320 = CARTESIAN_POINT('',(6.511619678759E-16,2.604647871504E-15,32.));
#2321 = DIRECTION('',(0.,0.,1.));
#2322 = DIRECTION('',(1.,0.,0.));
#2323 = ADVANCED_FACE('',(#2324),#2329,.T.);
#2324 = FACE_BOUND('',#2325,.T.);
#2325 = EDGE_LOOP('',(#2326,#2327,#2328));
#2326 = ORIENTED_EDGE('',*,*,#1777,.F.);
#2327 = ORIENTED_EDGE('',*,*,#1747,.T.);
#2328 = ORIENTED_EDGE('',*,*,#1796,.T.);
#2329 = PLANE('',#2330);
#2330 = AXIS2_PLACEMENT_3D('',#2331,#2332,#2333);
#2331 = CARTESIAN_POINT('',(0.,0.,2.5));
#2332 = DIRECTION('',(0.,0.,1.));
#2333 = DIRECTION('',(1.,0.,0.));
#2334 = ADVANCED_FACE('',(#2335),#2338,.T.);
#2335 = FACE_BOUND('',#2336,.T.);
#2336 = EDGE_LOOP('',(#2337));
#2337 = ORIENTED_EDGE('',*,*,#1819,.T.);
#2338 = PLANE('',#2339);
#2339 = AXIS2_PLACEMENT_3D('',#2340,#2341,#2342);
#2340 = CARTESIAN_POINT('',(6.511619678759E-16,2.604647871504E-15,32.));
#2341 = DIRECTION('',(0.,0.,1.));
#2342 = DIRECTION('',(1.,0.,0.));
#2343 = ADVANCED_FACE('',(#2344),#2347,.T.);
#2344 = FACE_BOUND('',#2345,.T.);
#2345 = EDGE_LOOP('',(#2346));
#2346 = ORIENTED_EDGE('',*,*,#1844,.T.);
#2347 = PLANE('',#2348);
#2348 = AXIS2_PLACEMENT_3D('',#2349,#2350,#2351);
#2349 = CARTESIAN_POINT('',(6.511619678759E-16,2.604647871504E-15,32.));
#2350 = DIRECTION('',(0.,0.,1.));
#2351 = DIRECTION('',(1.,0.,0.));
#2352 = ADVANCED_FACE('',(#2353),#2358,.T.);
#2353 = FACE_BOUND('',#2354,.T.);
#2354 = EDGE_LOOP('',(#2355,#2356,#2357));
#2355 = ORIENTED_EDGE('',*,*,#1919,.T.);
#2356 = ORIENTED_EDGE('',*,*,#1892,.F.);
#2357 = ORIENTED_EDGE('',*,*,#1870,.T.);
#2358 = PLANE('',#2359);
#2359 = AXIS2_PLACEMENT_3D('',#2360,#2361,#2362);
#2360 = CARTESIAN_POINT('',(0.,0.,2.5));
#2361 = DIRECTION('',(0.,0.,1.));
#2362 = DIRECTION('',(1.,0.,0.));
#2363 = ADVANCED_FACE('',(#2364),#2367,.T.);
#2364 = FACE_BOUND('',#2365,.T.);
#2365 = EDGE_LOOP('',(#2366));
#2366 = ORIENTED_EDGE('',*,*,#2104,.T.);
#2367 = PLANE('',#2368);
#2368 = AXIS2_PLACEMENT_3D('',#2369,#2370,#2371);
#2369 = CARTESIAN_POINT('',(6.511619678759E-16,2.604647871504E-15,32.));
#2370 = DIRECTION('',(0.,0.,1.));
#2371 = DIRECTION('',(1.,0.,0.));
#2372 = ADVANCED_FACE('',(#2373),#2378,.T.);
#2373 = FACE_BOUND('',#2374,.T.);
#2374 = EDGE_LOOP('',(#2375,#2376,#2377));
#2375 = ORIENTED_EDGE('',*,*,#2152,.F.);
#2376 = ORIENTED_EDGE('',*,*,#2130,.T.);
#2377 = ORIENTED_EDGE('',*,*,#2179,.T.);
#2378 = PLANE('',#2379);
#2379 = AXIS2_PLACEMENT_3D('',#2380,#2381,#2382);
#2380 = CARTESIAN_POINT('',(0.,0.,2.5));
#2381 = DIRECTION('',(0.,0.,1.));
#2382 = DIRECTION('',(1.,0.,0.));
#2383 = ADVANCED_FACE('',(#2384,#2387),#2398,.T.);
#2384 = FACE_BOUND('',#2385,.T.);
#2385 = EDGE_LOOP('',(#2386));
#2386 = ORIENTED_EDGE('',*,*,#2214,.T.);
#2387 = FACE_BOUND('',#2388,.T.);
#2388 = EDGE_LOOP('',(#2389));
#2389 = ORIENTED_EDGE('',*,*,#2390,.F.);
#2390 = EDGE_CURVE('',#2391,#2391,#2393,.T.);
#2391 = VERTEX_POINT('',#2392);
#2392 = CARTESIAN_POINT('',(-38.7,-27.5,22.5));
#2393 = CIRCLE('',#2394,1.3);
#2394 = AXIS2_PLACEMENT_3D('',#2395,#2396,#2397);
#2395 = CARTESIAN_POINT('',(-40.,-27.5,22.5));
#2396 = DIRECTION('',(0.,0.,1.));
#2397 = DIRECTION('',(1.,0.,0.));
#2398 = PLANE('',#2399);
#2399 = AXIS2_PLACEMENT_3D('',#2400,#2401,#2402);
#2400 = CARTESIAN_POINT('',(0.,2.279066887566E-15,22.5));
#2401 = DIRECTION('',(0.,0.,1.));
#2402 = DIRECTION('',(1.,0.,0.));
#2403 = ADVANCED_FACE('',(#2404,#2407),#2418,.T.);
#2404 = FACE_BOUND('',#2405,.T.);
#2405 = EDGE_LOOP('',(#2406));
#2406 = ORIENTED_EDGE('',*,*,#2239,.T.);
#2407 = FACE_BOUND('',#2408,.T.);
#2408 = EDGE_LOOP('',(#2409));
#2409 = ORIENTED_EDGE('',*,*,#2410,.F.);
#2410 = EDGE_CURVE('',#2411,#2411,#2413,.T.);
#2411 = VERTEX_POINT('',#2412);
#2412 = CARTESIAN_POINT('',(41.3,-27.5,22.5));
#2413 = CIRCLE('',#2414,1.3);
#2414 = AXIS2_PLACEMENT_3D('',#2415,#2416,#2417);
#2415 = CARTESIAN_POINT('',(40.,-27.5,22.5));
#2416 = DIRECTION('',(0.,0.,1.));
#2417 = DIRECTION('',(1.,0.,0.));
#2418 = PLANE('',#2419);
#2419 = AXIS2_PLACEMENT_3D('',#2420,#2421,#2422);
#2420 = CARTESIAN_POINT('',(0.,2.279066887566E-15,22.5));
#2421 = DIRECTION('',(0.,0.,1.));
#2422 = DIRECTION('',(1.,0.,0.));
#2423 = ADVANCED_FACE('',(#2424,#2427),#2438,.T.);
#2424 = FACE_BOUND('',#2425,.T.);
#2425 = EDGE_LOOP('',(#2426));
#2426 = ORIENTED_EDGE('',*,*,#2264,.T.);
#2427 = FACE_BOUND('',#2428,.T.);
#2428 = EDGE_LOOP('',(#2429));
#2429 = ORIENTED_EDGE('',*,*,#2430,.F.);
#2430 = EDGE_CURVE('',#2431,#2431,#2433,.T.);
#2431 = VERTEX_POINT('',#2432);
#2432 = CARTESIAN_POINT('',(-38.7,27.5,22.5));
#2433 = CIRCLE('',#2434,1.3);
#2434 = AXIS2_PLACEMENT_3D('',#2435,#2436,#2437);
#2435 = CARTESIAN_POINT('',(-40.,27.5,22.5));
#2436 = DIRECTION('',(0.,0.,1.));
#2437 = DIRECTION('',(1.,0.,0.));
#2438 = PLANE('',#2439);
#2439 = AXIS2_PLACEMENT_3D('',#2440,#2441,#2442);
#2440 = CARTESIAN_POINT('',(0.,2.279066887566E-15,22.5));
#2441 = DIRECTION('',(0.,0.,1.));
#2442 = DIRECTION('',(1.,0.,0.));
#2443 = ADVANCED_FACE('',(#2444,#2447),#2458,.T.);
#2444 = FACE_BOUND('',#2445,.T.);
#2445 = EDGE_LOOP('',(#2446));
#2446 = ORIENTED_EDGE('',*,*,#2290,.T.);
#2447 = FACE_BOUND('',#2448,.T.);
#2448 = EDGE_LOOP('',(#2449));
#2449 = ORIENTED_EDGE('',*,*,#2450,.F.);
#2450 = EDGE_CURVE('',#2451,#2451,#2453,.T.);
#2451 = VERTEX_POINT('',#2452);
#2452 = CARTESIAN_POINT('',(41.3,27.5,22.5));
#2453 = CIRCLE('',#2454,1.3);
#2454 = AXIS2_PLACEMENT_3D('',#2455,#2456,#2457);
#2455 = CARTESIAN_POINT('',(40.,27.5,22.5));
#2456 = DIRECTION('',(0.,0.,1.));
#2457 = DIRECTION('',(1.,0.,0.));
#2458 = PLANE('',#2459);
#2459 = AXIS2_PLACEMENT_3D('',#2460,#2461,#2462);
#2460 = CARTESIAN_POINT('',(0.,2.279066887566E-15,22.5));
#2461 = DIRECTION('',(0.,0.,1.));
#2462 = DIRECTION('',(1.,0.,0.));
#2463 = ADVANCED_FACE('',(#2464),#2483,.F.);
#2464 = FACE_BOUND('',#2465,.F.);
#2465 = EDGE_LOOP('',(#2466,#2474,#2481,#2482));
#2466 = ORIENTED_EDGE('',*,*,#2467,.T.);
#2467 = EDGE_CURVE('',#2391,#2468,#2470,.T.);
#2468 = VERTEX_POINT('',#2469);
#2469 = CARTESIAN_POINT('',(-38.7,-27.5,17.5));
#2470 = LINE('',#2471,#2472);
#2471 = CARTESIAN_POINT('',(-38.7,-27.5,22.5));
#2472 = VECTOR('',#2473,1.);
#2473 = DIRECTION('',(-0.,-0.,-1.));
#2474 = ORIENTED_EDGE('',*,*,#2475,.T.);
#2475 = EDGE_CURVE('',#2468,#2468,#2476,.T.);
#2476 = CIRCLE('',#2477,1.3);
#2477 = AXIS2_PLACEMENT_3D('',#2478,#2479,#2480);
#2478 = CARTESIAN_POINT('',(-40.,-27.5,17.5));
#2479 = DIRECTION('',(0.,0.,1.));
#2480 = DIRECTION('',(1.,0.,0.));
#2481 = ORIENTED_EDGE('',*,*,#2467,.F.);
#2482 = ORIENTED_EDGE('',*,*,#2390,.F.);
#2483 = CYLINDRICAL_SURFACE('',#2484,1.3);
#2484 = AXIS2_PLACEMENT_3D('',#2485,#2486,#2487);
#2485 = CARTESIAN_POINT('',(-40.,-27.5,22.5));
#2486 = DIRECTION('',(0.,0.,1.));
#2487 = DIRECTION('',(1.,0.,0.));
#2488 = ADVANCED_FACE('',(#2489),#2508,.F.);
#2489 = FACE_BOUND('',#2490,.F.);
#2490 = EDGE_LOOP('',(#2491,#2499,#2506,#2507));
#2491 = ORIENTED_EDGE('',*,*,#2492,.T.);
#2492 = EDGE_CURVE('',#2411,#2493,#2495,.T.);
#2493 = VERTEX_POINT('',#2494);
#2494 = CARTESIAN_POINT('',(41.3,-27.5,17.5));
#2495 = LINE('',#2496,#2497);
#2496 = CARTESIAN_POINT('',(41.3,-27.5,22.5));
#2497 = VECTOR('',#2498,1.);
#2498 = DIRECTION('',(-0.,-0.,-1.));
#2499 = ORIENTED_EDGE('',*,*,#2500,.T.);
#2500 = EDGE_CURVE('',#2493,#2493,#2501,.T.);
#2501 = CIRCLE('',#2502,1.3);
#2502 = AXIS2_PLACEMENT_3D('',#2503,#2504,#2505);
#2503 = CARTESIAN_POINT('',(40.,-27.5,17.5));
#2504 = DIRECTION('',(0.,0.,1.));
#2505 = DIRECTION('',(1.,0.,0.));
#2506 = ORIENTED_EDGE('',*,*,#2492,.F.);
#2507 = ORIENTED_EDGE('',*,*,#2410,.F.);
#2508 = CYLINDRICAL_SURFACE('',#2509,1.3);
#2509 = AXIS2_PLACEMENT_3D('',#2510,#2511,#2512);
#2510 = CARTESIAN_POINT('',(40.,-27.5,22.5));
#2511 = DIRECTION('',(0.,0.,1.));
#2512 = DIRECTION('',(1.,0.,0.));
#2513 = ADVANCED_FACE('',(#2514),#2533,.F.);
#2514 = FACE_BOUND('',#2515,.F.);
#2515 = EDGE_LOOP('',(#2516,#2524,#2531,#2532));
#2516 = ORIENTED_EDGE('',*,*,#2517,.T.);
#2517 = EDGE_CURVE('',#2431,#2518,#2520,.T.);
#2518 = VERTEX_POINT('',#2519);
#2519 = CARTESIAN_POINT('',(-38.7,27.5,17.5));
#2520 = LINE('',#2521,#2522);
#2521 = CARTESIAN_POINT('',(-38.7,27.5,22.5));
#2522 = VECTOR('',#2523,1.);
#2523 = DIRECTION('',(-0.,-0.,-1.));
#2524 = ORIENTED_EDGE('',*,*,#2525,.T.);
#2525 = EDGE_CURVE('',#2518,#2518,#2526,.T.);
#2526 = CIRCLE('',#2527,1.3);
#2527 = AXIS2_PLACEMENT_3D('',#2528,#2529,#2530);
#2528 = CARTESIAN_POINT('',(-40.,27.5,17.5));
#2529 = DIRECTION('',(0.,0.,1.));
#2530 = DIRECTION('',(1.,0.,0.));
#2531 = ORIENTED_EDGE('',*,*,#2517,.F.);
#2532 = ORIENTED_EDGE('',*,*,#2430,.F.);
#2533 = CYLINDRICAL_SURFACE('',#2534,1.3);
#2534 = AXIS2_PLACEMENT_3D('',#2535,#2536,#2537);
#2535 = CARTESIAN_POINT('',(-40.,27.5,22.5));
#2536 = DIRECTION('',(0.,0.,1.));
#2537 = DIRECTION('',(1.,0.,0.));
#2538 = ADVANCED_FACE('',(#2539),#2558,.F.);
#2539 = FACE_BOUND('',#2540,.F.);
#2540 = EDGE_LOOP('',(#2541,#2549,#2556,#2557));
#2541 = ORIENTED_EDGE('',*,*,#2542,.T.);
#2542 = EDGE_CURVE('',#2451,#2543,#2545,.T.);
#2543 = VERTEX_POINT('',#2544);
#2544 = CARTESIAN_POINT('',(41.3,27.5,17.5));
#2545 = LINE('',#2546,#2547);
#2546 = CARTESIAN_POINT('',(41.3,27.5,22.5));
#2547 = VECTOR('',#2548,1.);
#2548 = DIRECTION('',(-0.,-0.,-1.));
#2549 = ORIENTED_EDGE('',*,*,#2550,.T.);
#2550 = EDGE_CURVE('',#2543,#2543,#2551,.T.);
#2551 = CIRCLE('',#2552,1.3);
#2552 = AXIS2_PLACEMENT_3D('',#2553,#2554,#2555);
#2553 = CARTESIAN_POINT('',(40.,27.5,17.5));
#2554 = DIRECTION('',(0.,0.,1.));
#2555 = DIRECTION('',(1.,0.,0.));
#2556 = ORIENTED_EDGE('',*,*,#2542,.F.);
#2557 = ORIENTED_EDGE('',*,*,#2450,.F.);
#2558 = CYLINDRICAL_SURFACE('',#2559,1.3);
#2559 = AXIS2_PLACEMENT_3D('',#2560,#2561,#2562);
#2560 = CARTESIAN_POINT('',(40.,27.5,22.5));
#2561 = DIRECTION('',(0.,0.,1.));
#2562 = DIRECTION('',(1.,0.,0.));
#2563 = ADVANCED_FACE('',(#2564),#2567,.T.);
#2564 = FACE_BOUND('',#2565,.T.);
#2565 = EDGE_LOOP('',(#2566));
#2566 = ORIENTED_EDGE('',*,*,#2475,.T.);
#2567 = PLANE('',#2568);
#2568 = AXIS2_PLACEMENT_3D('',#2569,#2570,#2571);
#2569 = CARTESIAN_POINT('',(-1.577815537545E-15,1.183361653159E-15,17.5)
  );
#2570 = DIRECTION('',(0.,0.,1.));
#2571 = DIRECTION('',(1.,0.,0.));
#2572 = ADVANCED_FACE('',(#2573),#2576,.T.);
#2573 = FACE_BOUND('',#2574,.T.);
#2574 = EDGE_LOOP('',(#2575));
#2575 = ORIENTED_EDGE('',*,*,#2500,.T.);
#2576 = PLANE('',#2577);
#2577 = AXIS2_PLACEMENT_3D('',#2578,#2579,#2580);
#2578 = CARTESIAN_POINT('',(-1.577815537545E-15,1.183361653159E-15,17.5)
  );
#2579 = DIRECTION('',(0.,0.,1.));
#2580 = DIRECTION('',(1.,0.,0.));
#2581 = ADVANCED_FACE('',(#2582),#2585,.T.);
#2582 = FACE_BOUND('',#2583,.T.);
#2583 = EDGE_LOOP('',(#2584));
#2584 = ORIENTED_EDGE('',*,*,#2525,.T.);
#2585 = PLANE('',#2586);
#2586 = AXIS2_PLACEMENT_3D('',#2587,#2588,#2589);
#2587 = CARTESIAN_POINT('',(-1.577815537545E-15,1.183361653159E-15,17.5)
  );
#2588 = DIRECTION('',(0.,0.,1.));
#2589 = DIRECTION('',(1.,0.,0.));
#2590 = ADVANCED_FACE('',(#2591),#2594,.T.);
#2591 = FACE_BOUND('',#2592,.T.);
#2592 = EDGE_LOOP('',(#2593));
#2593 = ORIENTED_EDGE('',*,*,#2550,.T.);
#2594 = PLANE('',#2595);
#2595 = AXIS2_PLACEMENT_3D('',#2596,#2597,#2598);
#2596 = CARTESIAN_POINT('',(-1.577815537545E-15,1.183361653159E-15,17.5)
  );
#2597 = DIRECTION('',(0.,0.,1.));
#2598 = DIRECTION('',(1.,0.,0.));
#2599 = ( GEOMETRIC_REPRESENTATION_CONTEXT(3) 
GLOBAL_UNCERTAINTY_ASSIGNED_CONTEXT((#2603)) 
GLOBAL_UNIT_ASSIGNED_CONTEXT((#2600,#2601,#2602)) REPRESENTATION_CONTEXT
('Context #1','3D Context with UNIT and UNCERTAINTY') );
#2600 = ( LENGTH_UNIT() NAMED_UNIT(*) SI_UNIT(.MILLI.,.METRE.) );
#2601 = ( NAMED_UNIT(*) PLANE_ANGLE_UNIT() SI_UNIT($,.RADIAN.) );
#2602 = ( NAMED_UNIT(*) SI_UNIT($,.STERADIAN.) SOLID_ANGLE_UNIT() );
#2603 = UNCERTAINTY_MEASURE_WITH_UNIT(LENGTH_MEASURE(1.E-05),#2600,
  'distance_accuracy_value','confusion accuracy');
#2604 = PRODUCT_RELATED_PRODUCT_CATEGORY('part',$,(#7));
ENDSEC;
END-ISO-10303-21;
