ISO-10303-21;
HEADER;
FILE_DESCRIPTION(('FreeCAD Model'),'2;1');
FILE_NAME('Open CASCADE Shape Model','2026-09-11T17:05:26',('FreeCAD'),(
    'FreeCAD'),'Open CASCADE STEP processor 7.8','FreeCAD','Unknown');
FILE_SCHEMA(('AUTOMOTIVE_DESIGN { 1 0 10303 214 1 1 1 1 }'));
ENDSEC;
DATA;
#1 = APPLICATION_PROTOCOL_DEFINITION('international standard',
  'automotive_design',2000,#2);
#2 = APPLICATION_CONTEXT(
  'core data for automotive mechanical design processes');
#3 = SHAPE_DEFINITION_REPRESENTATION(#4,#10);
#4 = PRODUCT_DEFINITION_SHAPE('','',#5);
#5 = PRODUCT_DEFINITION('design','',#6,#9);
#6 = PRODUCT_DEFINITION_FORMATION('','',#7);
#7 = PRODUCT('Open CASCADE STEP translator 7.8 2',
  'Open CASCADE STEP translator 7.8 2','',(#8));
#8 = PRODUCT_CONTEXT('',#2,'mechanical');
#9 = PRODUCT_DEFINITION_CONTEXT('part definition',#2,'design');
#10 = SHAPE_REPRESENTATION('',(#11,#15,#1130,#1564,#1797,#1850,#1903,
    #2046,#2189,#2287,#2385,#2471,#2638,#2805,#2972,#3155,#3440,#6086,
    #6705,#6855,#7005,#7155,#7305,#7455,#7605,#7755,#7905,#12149,#12479,
    #12532,#12585,#12638,#12691,#12744,#12797,#12850),#12903);
#11 = AXIS2_PLACEMENT_3D('',#12,#13,#14);
#12 = CARTESIAN_POINT('',(0.,0.,0.));
#13 = DIRECTION('',(0.,0.,1.));
#14 = DIRECTION('',(1.,0.,-0.));
#15 = MANIFOLD_SOLID_BREP('',#16);
#16 = CLOSED_SHELL('',(#17,#100,#253,#277,#301,#423,#447,#464,#481,#506,
    #541,#553,#577,#601,#618,#643,#675,#699,#734,#751,#776,#810,#834,
    #858,#882,#906,#930,#954,#978,#1002,#1026,#1050,#1067,#1079,#1088,
    #1101,#1110));
#17 = ADVANCED_FACE('',(#18,#84),#95,.F.);
#18 = FACE_BOUND('',#19,.F.);
#19 = EDGE_LOOP('',(#20,#30,#38,#46,#54,#62,#70,#78));
#20 = ORIENTED_EDGE('',*,*,#21,.F.);
#21 = EDGE_CURVE('',#22,#24,#26,.T.);
#22 = VERTEX_POINT('',#23);
#23 = CARTESIAN_POINT('',(-15.,-16.,0.));
#24 = VERTEX_POINT('',#25);
#25 = CARTESIAN_POINT('',(-9.,-16.,0.));
#26 = LINE('',#27,#28);
#27 = CARTESIAN_POINT('',(-15.,-16.,0.));
#28 = VECTOR('',#29,1.);
#29 = DIRECTION('',(1.,0.,0.));
#30 = ORIENTED_EDGE('',*,*,#31,.T.);
#31 = EDGE_CURVE('',#22,#32,#34,.T.);
#32 = VERTEX_POINT('',#33);
#33 = CARTESIAN_POINT('',(-15.,-16.,56.));
#34 = LINE('',#35,#36);
#35 = CARTESIAN_POINT('',(-15.,-16.,0.));
#36 = VECTOR('',#37,1.);
#37 = DIRECTION('',(0.,0.,1.));
#38 = ORIENTED_EDGE('',*,*,#39,.T.);
#39 = EDGE_CURVE('',#32,#40,#42,.T.);
#40 = VERTEX_POINT('',#41);
#41 = CARTESIAN_POINT('',(15.,-16.,56.));
#42 = LINE('',#43,#44);
#43 = CARTESIAN_POINT('',(-15.,-16.,56.));
#44 = VECTOR('',#45,1.);
#45 = DIRECTION('',(1.,0.,0.));
#46 = ORIENTED_EDGE('',*,*,#47,.F.);
#47 = EDGE_CURVE('',#48,#40,#50,.T.);
#48 = VERTEX_POINT('',#49);
#49 = CARTESIAN_POINT('',(15.,-16.,0.));
#50 = LINE('',#51,#52);
#51 = CARTESIAN_POINT('',(15.,-16.,0.));
#52 = VECTOR('',#53,1.);
#53 = DIRECTION('',(0.,0.,1.));
#54 = ORIENTED_EDGE('',*,*,#55,.F.);
#55 = EDGE_CURVE('',#56,#48,#58,.T.);
#56 = VERTEX_POINT('',#57);
#57 = CARTESIAN_POINT('',(9.,-16.,0.));
#58 = LINE('',#59,#60);
#59 = CARTESIAN_POINT('',(-15.,-16.,0.));
#60 = VECTOR('',#61,1.);
#61 = DIRECTION('',(1.,0.,0.));
#62 = ORIENTED_EDGE('',*,*,#63,.T.);
#63 = EDGE_CURVE('',#56,#64,#66,.T.);
#64 = VERTEX_POINT('',#65);
#65 = CARTESIAN_POINT('',(9.,-16.,4.));
#66 = LINE('',#67,#68);
#67 = CARTESIAN_POINT('',(9.,-16.,0.));
#68 = VECTOR('',#69,1.);
#69 = DIRECTION('',(0.,0.,1.));
#70 = ORIENTED_EDGE('',*,*,#71,.T.);
#71 = EDGE_CURVE('',#64,#72,#74,.T.);
#72 = VERTEX_POINT('',#73);
#73 = CARTESIAN_POINT('',(-9.,-16.,4.));
#74 = LINE('',#75,#76);
#75 = CARTESIAN_POINT('',(9.,-16.,4.));
#76 = VECTOR('',#77,1.);
#77 = DIRECTION('',(-1.,0.,0.));
#78 = ORIENTED_EDGE('',*,*,#79,.F.);
#79 = EDGE_CURVE('',#24,#72,#80,.T.);
#80 = LINE('',#81,#82);
#81 = CARTESIAN_POINT('',(-9.,-16.,0.));
#82 = VECTOR('',#83,1.);
#83 = DIRECTION('',(0.,0.,1.));
#84 = FACE_BOUND('',#85,.F.);
#85 = EDGE_LOOP('',(#86));
#86 = ORIENTED_EDGE('',*,*,#87,.T.);
#87 = EDGE_CURVE('',#88,#88,#90,.T.);
#88 = VERTEX_POINT('',#89);
#89 = CARTESIAN_POINT('',(1.75,-16.,36.));
#90 = CIRCLE('',#91,1.75);
#91 = AXIS2_PLACEMENT_3D('',#92,#93,#94);
#92 = CARTESIAN_POINT('',(0.,-16.,36.));
#93 = DIRECTION('',(0.,-1.,-2.22044604925E-16));
#94 = DIRECTION('',(1.,0.,0.));
#95 = PLANE('',#96);
#96 = AXIS2_PLACEMENT_3D('',#97,#98,#99);
#97 = CARTESIAN_POINT('',(-15.,-16.,0.));
#98 = DIRECTION('',(0.,1.,0.));
#99 = DIRECTION('',(1.,0.,0.));
#100 = ADVANCED_FACE('',(#101,#181,#192,#237),#248,.T.);
#101 = FACE_BOUND('',#102,.T.);
#102 = EDGE_LOOP('',(#103,#104,#112,#120,#128,#136,#144,#152,#158,#159,
    #167,#175));
#103 = ORIENTED_EDGE('',*,*,#21,.F.);
#104 = ORIENTED_EDGE('',*,*,#105,.F.);
#105 = EDGE_CURVE('',#106,#22,#108,.T.);
#106 = VERTEX_POINT('',#107);
#107 = CARTESIAN_POINT('',(-15.,16.,0.));
#108 = LINE('',#109,#110);
#109 = CARTESIAN_POINT('',(-15.,16.,0.));
#110 = VECTOR('',#111,1.);
#111 = DIRECTION('',(0.,-1.,0.));
#112 = ORIENTED_EDGE('',*,*,#113,.F.);
#113 = EDGE_CURVE('',#114,#106,#116,.T.);
#114 = VERTEX_POINT('',#115);
#115 = CARTESIAN_POINT('',(-9.,16.,0.));
#116 = LINE('',#117,#118);
#117 = CARTESIAN_POINT('',(15.,16.,0.));
#118 = VECTOR('',#119,1.);
#119 = DIRECTION('',(-1.,0.,0.));
#120 = ORIENTED_EDGE('',*,*,#121,.F.);
#121 = EDGE_CURVE('',#122,#114,#124,.T.);
#122 = VERTEX_POINT('',#123);
#123 = CARTESIAN_POINT('',(-9.,25.,0.));
#124 = LINE('',#125,#126);
#125 = CARTESIAN_POINT('',(-9.,25.,0.));
#126 = VECTOR('',#127,1.);
#127 = DIRECTION('',(0.,-1.,0.));
#128 = ORIENTED_EDGE('',*,*,#129,.F.);
#129 = EDGE_CURVE('',#130,#122,#132,.T.);
#130 = VERTEX_POINT('',#131);
#131 = CARTESIAN_POINT('',(9.,25.,0.));
#132 = LINE('',#133,#134);
#133 = CARTESIAN_POINT('',(9.,25.,0.));
#134 = VECTOR('',#135,1.);
#135 = DIRECTION('',(-1.,0.,0.));
#136 = ORIENTED_EDGE('',*,*,#137,.F.);
#137 = EDGE_CURVE('',#138,#130,#140,.T.);
#138 = VERTEX_POINT('',#139);
#139 = CARTESIAN_POINT('',(9.,16.,0.));
#140 = LINE('',#141,#142);
#141 = CARTESIAN_POINT('',(9.,16.,0.));
#142 = VECTOR('',#143,1.);
#143 = DIRECTION('',(0.,1.,0.));
#144 = ORIENTED_EDGE('',*,*,#145,.F.);
#145 = EDGE_CURVE('',#146,#138,#148,.T.);
#146 = VERTEX_POINT('',#147);
#147 = CARTESIAN_POINT('',(15.,16.,0.));
#148 = LINE('',#149,#150);
#149 = CARTESIAN_POINT('',(15.,16.,0.));
#150 = VECTOR('',#151,1.);
#151 = DIRECTION('',(-1.,0.,0.));
#152 = ORIENTED_EDGE('',*,*,#153,.F.);
#153 = EDGE_CURVE('',#48,#146,#154,.T.);
#154 = LINE('',#155,#156);
#155 = CARTESIAN_POINT('',(15.,-16.,0.));
#156 = VECTOR('',#157,1.);
#157 = DIRECTION('',(0.,1.,0.));
#158 = ORIENTED_EDGE('',*,*,#55,.F.);
#159 = ORIENTED_EDGE('',*,*,#160,.F.);
#160 = EDGE_CURVE('',#161,#56,#163,.T.);
#161 = VERTEX_POINT('',#162);
#162 = CARTESIAN_POINT('',(9.,-25.,0.));
#163 = LINE('',#164,#165);
#164 = CARTESIAN_POINT('',(9.,-25.,0.));
#165 = VECTOR('',#166,1.);
#166 = DIRECTION('',(0.,1.,0.));
#167 = ORIENTED_EDGE('',*,*,#168,.F.);
#168 = EDGE_CURVE('',#169,#161,#171,.T.);
#169 = VERTEX_POINT('',#170);
#170 = CARTESIAN_POINT('',(-9.,-25.,0.));
#171 = LINE('',#172,#173);
#172 = CARTESIAN_POINT('',(-9.,-25.,0.));
#173 = VECTOR('',#174,1.);
#174 = DIRECTION('',(1.,0.,0.));
#175 = ORIENTED_EDGE('',*,*,#176,.F.);
#176 = EDGE_CURVE('',#24,#169,#177,.T.);
#177 = LINE('',#178,#179);
#178 = CARTESIAN_POINT('',(-9.,-16.,0.));
#179 = VECTOR('',#180,1.);
#180 = DIRECTION('',(0.,-1.,0.));
#181 = FACE_BOUND('',#182,.T.);
#182 = EDGE_LOOP('',(#183));
#183 = ORIENTED_EDGE('',*,*,#184,.T.);
#184 = EDGE_CURVE('',#185,#185,#187,.T.);
#185 = VERTEX_POINT('',#186);
#186 = CARTESIAN_POINT('',(1.7,-20.5,0.));
#187 = CIRCLE('',#188,1.7);
#188 = AXIS2_PLACEMENT_3D('',#189,#190,#191);
#189 = CARTESIAN_POINT('',(0.,-20.5,0.));
#190 = DIRECTION('',(0.,0.,1.));
#191 = DIRECTION('',(1.,0.,0.));
#192 = FACE_BOUND('',#193,.T.);
#193 = EDGE_LOOP('',(#194,#205,#213,#222,#231));
#194 = ORIENTED_EDGE('',*,*,#195,.T.);
#195 = EDGE_CURVE('',#196,#198,#200,.T.);
#196 = VERTEX_POINT('',#197);
#197 = CARTESIAN_POINT('',(-3.37568187454,3.,0.));
#198 = VERTEX_POINT('',#199);
#199 = CARTESIAN_POINT('',(-3.37568187454,-3.,0.));
#200 = CIRCLE('',#201,5.1);
#201 = AXIS2_PLACEMENT_3D('',#202,#203,#204);
#202 = CARTESIAN_POINT('',(-7.5,0.,0.));
#203 = DIRECTION('',(0.,0.,1.));
#204 = DIRECTION('',(1.,0.,0.));
#205 = ORIENTED_EDGE('',*,*,#206,.T.);
#206 = EDGE_CURVE('',#198,#207,#209,.T.);
#207 = VERTEX_POINT('',#208);
#208 = CARTESIAN_POINT('',(3.37568187454,-3.,0.));
#209 = LINE('',#210,#211);
#210 = CARTESIAN_POINT('',(-4.,-3.,0.));
#211 = VECTOR('',#212,1.);
#212 = DIRECTION('',(1.,0.,0.));
#213 = ORIENTED_EDGE('',*,*,#214,.T.);
#214 = EDGE_CURVE('',#207,#215,#217,.T.);
#215 = VERTEX_POINT('',#216);
#216 = CARTESIAN_POINT('',(12.6,0.,0.));
#217 = CIRCLE('',#218,5.1);
#218 = AXIS2_PLACEMENT_3D('',#219,#220,#221);
#219 = CARTESIAN_POINT('',(7.5,0.,0.));
#220 = DIRECTION('',(0.,0.,1.));
#221 = DIRECTION('',(1.,0.,0.));
#222 = ORIENTED_EDGE('',*,*,#223,.T.);
#223 = EDGE_CURVE('',#215,#224,#226,.T.);
#224 = VERTEX_POINT('',#225);
#225 = CARTESIAN_POINT('',(3.37568187454,3.,0.));
#226 = CIRCLE('',#227,5.1);
#227 = AXIS2_PLACEMENT_3D('',#228,#229,#230);
#228 = CARTESIAN_POINT('',(7.5,0.,0.));
#229 = DIRECTION('',(0.,0.,1.));
#230 = DIRECTION('',(1.,0.,0.));
#231 = ORIENTED_EDGE('',*,*,#232,.T.);
#232 = EDGE_CURVE('',#224,#196,#233,.T.);
#233 = LINE('',#234,#235);
#234 = CARTESIAN_POINT('',(4.,3.,0.));
#235 = VECTOR('',#236,1.);
#236 = DIRECTION('',(-1.,0.,0.));
#237 = FACE_BOUND('',#238,.T.);
#238 = EDGE_LOOP('',(#239));
#239 = ORIENTED_EDGE('',*,*,#240,.T.);
#240 = EDGE_CURVE('',#241,#241,#243,.T.);
#241 = VERTEX_POINT('',#242);
#242 = CARTESIAN_POINT('',(1.7,20.5,0.));
#243 = CIRCLE('',#244,1.7);
#244 = AXIS2_PLACEMENT_3D('',#245,#246,#247);
#245 = CARTESIAN_POINT('',(0.,20.5,0.));
#246 = DIRECTION('',(0.,0.,1.));
#247 = DIRECTION('',(1.,0.,0.));
#248 = PLANE('',#249);
#249 = AXIS2_PLACEMENT_3D('',#250,#251,#252);
#250 = CARTESIAN_POINT('',(0.,0.,0.));
#251 = DIRECTION('',(-0.,-0.,-1.));
#252 = DIRECTION('',(-1.,0.,0.));
#253 = ADVANCED_FACE('',(#254),#272,.F.);
#254 = FACE_BOUND('',#255,.F.);
#255 = EDGE_LOOP('',(#256,#264,#270,#271));
#256 = ORIENTED_EDGE('',*,*,#257,.T.);
#257 = EDGE_CURVE('',#106,#258,#260,.T.);
#258 = VERTEX_POINT('',#259);
#259 = CARTESIAN_POINT('',(-15.,16.,56.));
#260 = LINE('',#261,#262);
#261 = CARTESIAN_POINT('',(-15.,16.,0.));
#262 = VECTOR('',#263,1.);
#263 = DIRECTION('',(0.,0.,1.));
#264 = ORIENTED_EDGE('',*,*,#265,.T.);
#265 = EDGE_CURVE('',#258,#32,#266,.T.);
#266 = LINE('',#267,#268);
#267 = CARTESIAN_POINT('',(-15.,16.,56.));
#268 = VECTOR('',#269,1.);
#269 = DIRECTION('',(0.,-1.,0.));
#270 = ORIENTED_EDGE('',*,*,#31,.F.);
#271 = ORIENTED_EDGE('',*,*,#105,.F.);
#272 = PLANE('',#273);
#273 = AXIS2_PLACEMENT_3D('',#274,#275,#276);
#274 = CARTESIAN_POINT('',(-15.,16.,0.));
#275 = DIRECTION('',(1.,0.,0.));
#276 = DIRECTION('',(0.,-1.,0.));
#277 = ADVANCED_FACE('',(#278),#296,.F.);
#278 = FACE_BOUND('',#279,.F.);
#279 = EDGE_LOOP('',(#280,#281,#289,#295));
#280 = ORIENTED_EDGE('',*,*,#79,.T.);
#281 = ORIENTED_EDGE('',*,*,#282,.T.);
#282 = EDGE_CURVE('',#72,#283,#285,.T.);
#283 = VERTEX_POINT('',#284);
#284 = CARTESIAN_POINT('',(-9.,-25.,4.));
#285 = LINE('',#286,#287);
#286 = CARTESIAN_POINT('',(-9.,-16.,4.));
#287 = VECTOR('',#288,1.);
#288 = DIRECTION('',(0.,-1.,0.));
#289 = ORIENTED_EDGE('',*,*,#290,.F.);
#290 = EDGE_CURVE('',#169,#283,#291,.T.);
#291 = LINE('',#292,#293);
#292 = CARTESIAN_POINT('',(-9.,-25.,0.));
#293 = VECTOR('',#294,1.);
#294 = DIRECTION('',(0.,0.,1.));
#295 = ORIENTED_EDGE('',*,*,#176,.F.);
#296 = PLANE('',#297);
#297 = AXIS2_PLACEMENT_3D('',#298,#299,#300);
#298 = CARTESIAN_POINT('',(-9.,-16.,0.));
#299 = DIRECTION('',(1.,0.,0.));
#300 = DIRECTION('',(0.,-1.,0.));
#301 = ADVANCED_FACE('',(#302,#320),#418,.T.);
#302 = FACE_BOUND('',#303,.T.);
#303 = EDGE_LOOP('',(#304,#305,#313,#319));
#304 = ORIENTED_EDGE('',*,*,#39,.T.);
#305 = ORIENTED_EDGE('',*,*,#306,.T.);
#306 = EDGE_CURVE('',#40,#307,#309,.T.);
#307 = VERTEX_POINT('',#308);
#308 = CARTESIAN_POINT('',(15.,16.,56.));
#309 = LINE('',#310,#311);
#310 = CARTESIAN_POINT('',(15.,-16.,56.));
#311 = VECTOR('',#312,1.);
#312 = DIRECTION('',(0.,1.,0.));
#313 = ORIENTED_EDGE('',*,*,#314,.T.);
#314 = EDGE_CURVE('',#307,#258,#315,.T.);
#315 = LINE('',#316,#317);
#316 = CARTESIAN_POINT('',(15.,16.,56.));
#317 = VECTOR('',#318,1.);
#318 = DIRECTION('',(-1.,0.,0.));
#319 = ORIENTED_EDGE('',*,*,#265,.T.);
#320 = FACE_BOUND('',#321,.T.);
#321 = EDGE_LOOP('',(#322,#332,#340,#348,#356,#364,#372,#380,#388,#396,
    #404,#412));
#322 = ORIENTED_EDGE('',*,*,#323,.F.);
#323 = EDGE_CURVE('',#324,#326,#328,.T.);
#324 = VERTEX_POINT('',#325);
#325 = CARTESIAN_POINT('',(-10.8,-13.,56.));
#326 = VERTEX_POINT('',#327);
#327 = CARTESIAN_POINT('',(10.8,-13.,56.));
#328 = LINE('',#329,#330);
#329 = CARTESIAN_POINT('',(-10.8,-13.,56.));
#330 = VECTOR('',#331,1.);
#331 = DIRECTION('',(1.,0.,0.));
#332 = ORIENTED_EDGE('',*,*,#333,.F.);
#333 = EDGE_CURVE('',#334,#324,#336,.T.);
#334 = VERTEX_POINT('',#335);
#335 = CARTESIAN_POINT('',(-10.8,-1.,56.));
#336 = LINE('',#337,#338);
#337 = CARTESIAN_POINT('',(-10.8,13.,56.));
#338 = VECTOR('',#339,1.);
#339 = DIRECTION('',(0.,-1.,0.));
#340 = ORIENTED_EDGE('',*,*,#341,.F.);
#341 = EDGE_CURVE('',#342,#334,#344,.T.);
#342 = VERTEX_POINT('',#343);
#343 = CARTESIAN_POINT('',(-12.3,-1.,56.));
#344 = LINE('',#345,#346);
#345 = CARTESIAN_POINT('',(-12.3,-1.,56.));
#346 = VECTOR('',#347,1.);
#347 = DIRECTION('',(1.,0.,0.));
#348 = ORIENTED_EDGE('',*,*,#349,.F.);
#349 = EDGE_CURVE('',#350,#342,#352,.T.);
#350 = VERTEX_POINT('',#351);
#351 = CARTESIAN_POINT('',(-12.3,1.,56.));
#352 = LINE('',#353,#354);
#353 = CARTESIAN_POINT('',(-12.3,1.,56.));
#354 = VECTOR('',#355,1.);
#355 = DIRECTION('',(0.,-1.,0.));
#356 = ORIENTED_EDGE('',*,*,#357,.F.);
#357 = EDGE_CURVE('',#358,#350,#360,.T.);
#358 = VERTEX_POINT('',#359);
#359 = CARTESIAN_POINT('',(-10.8,1.,56.));
#360 = LINE('',#361,#362);
#361 = CARTESIAN_POINT('',(-10.5,1.,56.));
#362 = VECTOR('',#363,1.);
#363 = DIRECTION('',(-1.,0.,0.));
#364 = ORIENTED_EDGE('',*,*,#365,.F.);
#365 = EDGE_CURVE('',#366,#358,#368,.T.);
#366 = VERTEX_POINT('',#367);
#367 = CARTESIAN_POINT('',(-10.8,13.,56.));
#368 = LINE('',#369,#370);
#369 = CARTESIAN_POINT('',(-10.8,13.,56.));
#370 = VECTOR('',#371,1.);
#371 = DIRECTION('',(0.,-1.,0.));
#372 = ORIENTED_EDGE('',*,*,#373,.F.);
#373 = EDGE_CURVE('',#374,#366,#376,.T.);
#374 = VERTEX_POINT('',#375);
#375 = CARTESIAN_POINT('',(10.8,13.,56.));
#376 = LINE('',#377,#378);
#377 = CARTESIAN_POINT('',(10.8,13.,56.));
#378 = VECTOR('',#379,1.);
#379 = DIRECTION('',(-1.,0.,0.));
#380 = ORIENTED_EDGE('',*,*,#381,.F.);
#381 = EDGE_CURVE('',#382,#374,#384,.T.);
#382 = VERTEX_POINT('',#383);
#383 = CARTESIAN_POINT('',(10.8,1.,56.));
#384 = LINE('',#385,#386);
#385 = CARTESIAN_POINT('',(10.8,-13.,56.));
#386 = VECTOR('',#387,1.);
#387 = DIRECTION('',(0.,1.,0.));
#388 = ORIENTED_EDGE('',*,*,#389,.F.);
#389 = EDGE_CURVE('',#390,#382,#392,.T.);
#390 = VERTEX_POINT('',#391);
#391 = CARTESIAN_POINT('',(12.3,1.,56.));
#392 = LINE('',#393,#394);
#393 = CARTESIAN_POINT('',(12.3,1.,56.));
#394 = VECTOR('',#395,1.);
#395 = DIRECTION('',(-1.,0.,0.));
#396 = ORIENTED_EDGE('',*,*,#397,.F.);
#397 = EDGE_CURVE('',#398,#390,#400,.T.);
#398 = VERTEX_POINT('',#399);
#399 = CARTESIAN_POINT('',(12.3,-1.,56.));
#400 = LINE('',#401,#402);
#401 = CARTESIAN_POINT('',(12.3,-1.,56.));
#402 = VECTOR('',#403,1.);
#403 = DIRECTION('',(0.,1.,0.));
#404 = ORIENTED_EDGE('',*,*,#405,.F.);
#405 = EDGE_CURVE('',#406,#398,#408,.T.);
#406 = VERTEX_POINT('',#407);
#407 = CARTESIAN_POINT('',(10.8,-1.,56.));
#408 = LINE('',#409,#410);
#409 = CARTESIAN_POINT('',(10.5,-1.,56.));
#410 = VECTOR('',#411,1.);
#411 = DIRECTION('',(1.,0.,0.));
#412 = ORIENTED_EDGE('',*,*,#413,.F.);
#413 = EDGE_CURVE('',#326,#406,#414,.T.);
#414 = LINE('',#415,#416);
#415 = CARTESIAN_POINT('',(10.8,-13.,56.));
#416 = VECTOR('',#417,1.);
#417 = DIRECTION('',(0.,1.,0.));
#418 = PLANE('',#419);
#419 = AXIS2_PLACEMENT_3D('',#420,#421,#422);
#420 = CARTESIAN_POINT('',(0.,0.,56.));
#421 = DIRECTION('',(0.,0.,1.));
#422 = DIRECTION('',(1.,0.,0.));
#423 = ADVANCED_FACE('',(#424),#442,.T.);
#424 = FACE_BOUND('',#425,.T.);
#425 = EDGE_LOOP('',(#426,#434,#440,#441));
#426 = ORIENTED_EDGE('',*,*,#427,.T.);
#427 = EDGE_CURVE('',#283,#428,#430,.T.);
#428 = VERTEX_POINT('',#429);
#429 = CARTESIAN_POINT('',(9.,-25.,4.));
#430 = LINE('',#431,#432);
#431 = CARTESIAN_POINT('',(-9.,-25.,4.));
#432 = VECTOR('',#433,1.);
#433 = DIRECTION('',(1.,0.,0.));
#434 = ORIENTED_EDGE('',*,*,#435,.T.);
#435 = EDGE_CURVE('',#428,#64,#436,.T.);
#436 = LINE('',#437,#438);
#437 = CARTESIAN_POINT('',(9.,-25.,4.));
#438 = VECTOR('',#439,1.);
#439 = DIRECTION('',(0.,1.,0.));
#440 = ORIENTED_EDGE('',*,*,#71,.T.);
#441 = ORIENTED_EDGE('',*,*,#282,.T.);
#442 = PLANE('',#443);
#443 = AXIS2_PLACEMENT_3D('',#444,#445,#446);
#444 = CARTESIAN_POINT('',(0.,0.,4.));
#445 = DIRECTION('',(0.,0.,1.));
#446 = DIRECTION('',(1.,0.,0.));
#447 = ADVANCED_FACE('',(#448),#459,.F.);
#448 = FACE_BOUND('',#449,.F.);
#449 = EDGE_LOOP('',(#450,#451,#452,#458));
#450 = ORIENTED_EDGE('',*,*,#47,.T.);
#451 = ORIENTED_EDGE('',*,*,#306,.T.);
#452 = ORIENTED_EDGE('',*,*,#453,.F.);
#453 = EDGE_CURVE('',#146,#307,#454,.T.);
#454 = LINE('',#455,#456);
#455 = CARTESIAN_POINT('',(15.,16.,0.));
#456 = VECTOR('',#457,1.);
#457 = DIRECTION('',(0.,0.,1.));
#458 = ORIENTED_EDGE('',*,*,#153,.F.);
#459 = PLANE('',#460);
#460 = AXIS2_PLACEMENT_3D('',#461,#462,#463);
#461 = CARTESIAN_POINT('',(15.,-16.,0.));
#462 = DIRECTION('',(-1.,0.,0.));
#463 = DIRECTION('',(0.,1.,0.));
#464 = ADVANCED_FACE('',(#465),#476,.F.);
#465 = FACE_BOUND('',#466,.F.);
#466 = EDGE_LOOP('',(#467,#473,#474,#475));
#467 = ORIENTED_EDGE('',*,*,#468,.T.);
#468 = EDGE_CURVE('',#161,#428,#469,.T.);
#469 = LINE('',#470,#471);
#470 = CARTESIAN_POINT('',(9.,-25.,0.));
#471 = VECTOR('',#472,1.);
#472 = DIRECTION('',(0.,0.,1.));
#473 = ORIENTED_EDGE('',*,*,#435,.T.);
#474 = ORIENTED_EDGE('',*,*,#63,.F.);
#475 = ORIENTED_EDGE('',*,*,#160,.F.);
#476 = PLANE('',#477);
#477 = AXIS2_PLACEMENT_3D('',#478,#479,#480);
#478 = CARTESIAN_POINT('',(9.,-25.,0.));
#479 = DIRECTION('',(-1.,0.,0.));
#480 = DIRECTION('',(0.,1.,0.));
#481 = ADVANCED_FACE('',(#482),#501,.F.);
#482 = FACE_BOUND('',#483,.F.);
#483 = EDGE_LOOP('',(#484,#485,#493,#500));
#484 = ORIENTED_EDGE('',*,*,#87,.F.);
#485 = ORIENTED_EDGE('',*,*,#486,.T.);
#486 = EDGE_CURVE('',#88,#487,#489,.T.);
#487 = VERTEX_POINT('',#488);
#488 = CARTESIAN_POINT('',(1.75,-13.,36.));
#489 = LINE('',#490,#491);
#490 = CARTESIAN_POINT('',(1.75,-16.,36.));
#491 = VECTOR('',#492,1.);
#492 = DIRECTION('',(0.,1.,0.));
#493 = ORIENTED_EDGE('',*,*,#494,.T.);
#494 = EDGE_CURVE('',#487,#487,#495,.T.);
#495 = CIRCLE('',#496,1.75);
#496 = AXIS2_PLACEMENT_3D('',#497,#498,#499);
#497 = CARTESIAN_POINT('',(0.,-13.,36.));
#498 = DIRECTION('',(0.,-1.,-2.22044604925E-16));
#499 = DIRECTION('',(1.,0.,0.));
#500 = ORIENTED_EDGE('',*,*,#486,.F.);
#501 = CYLINDRICAL_SURFACE('',#502,1.75);
#502 = AXIS2_PLACEMENT_3D('',#503,#504,#505);
#503 = CARTESIAN_POINT('',(0.,-16.,36.));
#504 = DIRECTION('',(0.,-1.,-2.22044604925E-16));
#505 = DIRECTION('',(1.,0.,0.));
#506 = ADVANCED_FACE('',(#507),#536,.F.);
#507 = FACE_BOUND('',#508,.F.);
#508 = EDGE_LOOP('',(#509,#510,#511,#512,#513,#514,#522,#530));
#509 = ORIENTED_EDGE('',*,*,#145,.F.);
#510 = ORIENTED_EDGE('',*,*,#453,.T.);
#511 = ORIENTED_EDGE('',*,*,#314,.T.);
#512 = ORIENTED_EDGE('',*,*,#257,.F.);
#513 = ORIENTED_EDGE('',*,*,#113,.F.);
#514 = ORIENTED_EDGE('',*,*,#515,.T.);
#515 = EDGE_CURVE('',#114,#516,#518,.T.);
#516 = VERTEX_POINT('',#517);
#517 = CARTESIAN_POINT('',(-9.,16.,4.));
#518 = LINE('',#519,#520);
#519 = CARTESIAN_POINT('',(-9.,16.,0.));
#520 = VECTOR('',#521,1.);
#521 = DIRECTION('',(0.,0.,1.));
#522 = ORIENTED_EDGE('',*,*,#523,.T.);
#523 = EDGE_CURVE('',#516,#524,#526,.T.);
#524 = VERTEX_POINT('',#525);
#525 = CARTESIAN_POINT('',(9.,16.,4.));
#526 = LINE('',#527,#528);
#527 = CARTESIAN_POINT('',(-9.,16.,4.));
#528 = VECTOR('',#529,1.);
#529 = DIRECTION('',(1.,0.,0.));
#530 = ORIENTED_EDGE('',*,*,#531,.F.);
#531 = EDGE_CURVE('',#138,#524,#532,.T.);
#532 = LINE('',#533,#534);
#533 = CARTESIAN_POINT('',(9.,16.,0.));
#534 = VECTOR('',#535,1.);
#535 = DIRECTION('',(0.,0.,1.));
#536 = PLANE('',#537);
#537 = AXIS2_PLACEMENT_3D('',#538,#539,#540);
#538 = CARTESIAN_POINT('',(15.,16.,0.));
#539 = DIRECTION('',(0.,-1.,0.));
#540 = DIRECTION('',(-1.,0.,0.));
#541 = ADVANCED_FACE('',(#542),#548,.F.);
#542 = FACE_BOUND('',#543,.F.);
#543 = EDGE_LOOP('',(#544,#545,#546,#547));
#544 = ORIENTED_EDGE('',*,*,#290,.T.);
#545 = ORIENTED_EDGE('',*,*,#427,.T.);
#546 = ORIENTED_EDGE('',*,*,#468,.F.);
#547 = ORIENTED_EDGE('',*,*,#168,.F.);
#548 = PLANE('',#549);
#549 = AXIS2_PLACEMENT_3D('',#550,#551,#552);
#550 = CARTESIAN_POINT('',(-9.,-25.,0.));
#551 = DIRECTION('',(0.,1.,0.));
#552 = DIRECTION('',(1.,0.,0.));
#553 = ADVANCED_FACE('',(#554),#572,.F.);
#554 = FACE_BOUND('',#555,.F.);
#555 = EDGE_LOOP('',(#556,#564,#570,#571));
#556 = ORIENTED_EDGE('',*,*,#557,.T.);
#557 = EDGE_CURVE('',#122,#558,#560,.T.);
#558 = VERTEX_POINT('',#559);
#559 = CARTESIAN_POINT('',(-9.,25.,4.));
#560 = LINE('',#561,#562);
#561 = CARTESIAN_POINT('',(-9.,25.,0.));
#562 = VECTOR('',#563,1.);
#563 = DIRECTION('',(0.,0.,1.));
#564 = ORIENTED_EDGE('',*,*,#565,.T.);
#565 = EDGE_CURVE('',#558,#516,#566,.T.);
#566 = LINE('',#567,#568);
#567 = CARTESIAN_POINT('',(-9.,25.,4.));
#568 = VECTOR('',#569,1.);
#569 = DIRECTION('',(0.,-1.,0.));
#570 = ORIENTED_EDGE('',*,*,#515,.F.);
#571 = ORIENTED_EDGE('',*,*,#121,.F.);
#572 = PLANE('',#573);
#573 = AXIS2_PLACEMENT_3D('',#574,#575,#576);
#574 = CARTESIAN_POINT('',(-9.,25.,0.));
#575 = DIRECTION('',(1.,0.,0.));
#576 = DIRECTION('',(0.,-1.,0.));
#577 = ADVANCED_FACE('',(#578),#596,.F.);
#578 = FACE_BOUND('',#579,.F.);
#579 = EDGE_LOOP('',(#580,#588,#594,#595));
#580 = ORIENTED_EDGE('',*,*,#581,.T.);
#581 = EDGE_CURVE('',#130,#582,#584,.T.);
#582 = VERTEX_POINT('',#583);
#583 = CARTESIAN_POINT('',(9.,25.,4.));
#584 = LINE('',#585,#586);
#585 = CARTESIAN_POINT('',(9.,25.,0.));
#586 = VECTOR('',#587,1.);
#587 = DIRECTION('',(0.,0.,1.));
#588 = ORIENTED_EDGE('',*,*,#589,.T.);
#589 = EDGE_CURVE('',#582,#558,#590,.T.);
#590 = LINE('',#591,#592);
#591 = CARTESIAN_POINT('',(9.,25.,4.));
#592 = VECTOR('',#593,1.);
#593 = DIRECTION('',(-1.,0.,0.));
#594 = ORIENTED_EDGE('',*,*,#557,.F.);
#595 = ORIENTED_EDGE('',*,*,#129,.F.);
#596 = PLANE('',#597);
#597 = AXIS2_PLACEMENT_3D('',#598,#599,#600);
#598 = CARTESIAN_POINT('',(9.,25.,0.));
#599 = DIRECTION('',(0.,-1.,0.));
#600 = DIRECTION('',(-1.,0.,0.));
#601 = ADVANCED_FACE('',(#602),#613,.F.);
#602 = FACE_BOUND('',#603,.F.);
#603 = EDGE_LOOP('',(#604,#605,#611,#612));
#604 = ORIENTED_EDGE('',*,*,#531,.T.);
#605 = ORIENTED_EDGE('',*,*,#606,.T.);
#606 = EDGE_CURVE('',#524,#582,#607,.T.);
#607 = LINE('',#608,#609);
#608 = CARTESIAN_POINT('',(9.,16.,4.));
#609 = VECTOR('',#610,1.);
#610 = DIRECTION('',(0.,1.,0.));
#611 = ORIENTED_EDGE('',*,*,#581,.F.);
#612 = ORIENTED_EDGE('',*,*,#137,.F.);
#613 = PLANE('',#614);
#614 = AXIS2_PLACEMENT_3D('',#615,#616,#617);
#615 = CARTESIAN_POINT('',(9.,16.,0.));
#616 = DIRECTION('',(-1.,0.,0.));
#617 = DIRECTION('',(0.,1.,0.));
#618 = ADVANCED_FACE('',(#619),#638,.F.);
#619 = FACE_BOUND('',#620,.T.);
#620 = EDGE_LOOP('',(#621,#629,#636,#637));
#621 = ORIENTED_EDGE('',*,*,#622,.T.);
#622 = EDGE_CURVE('',#185,#623,#625,.T.);
#623 = VERTEX_POINT('',#624);
#624 = CARTESIAN_POINT('',(1.7,-20.5,2.2));
#625 = LINE('',#626,#627);
#626 = CARTESIAN_POINT('',(1.7,-20.5,0.));
#627 = VECTOR('',#628,1.);
#628 = DIRECTION('',(0.,0.,1.));
#629 = ORIENTED_EDGE('',*,*,#630,.T.);
#630 = EDGE_CURVE('',#623,#623,#631,.T.);
#631 = CIRCLE('',#632,1.7);
#632 = AXIS2_PLACEMENT_3D('',#633,#634,#635);
#633 = CARTESIAN_POINT('',(0.,-20.5,2.2));
#634 = DIRECTION('',(0.,0.,1.));
#635 = DIRECTION('',(1.,0.,0.));
#636 = ORIENTED_EDGE('',*,*,#622,.F.);
#637 = ORIENTED_EDGE('',*,*,#184,.F.);
#638 = CYLINDRICAL_SURFACE('',#639,1.7);
#639 = AXIS2_PLACEMENT_3D('',#640,#641,#642);
#640 = CARTESIAN_POINT('',(0.,-20.5,0.));
#641 = DIRECTION('',(-0.,-0.,-1.));
#642 = DIRECTION('',(1.,0.,0.));
#643 = ADVANCED_FACE('',(#644),#670,.F.);
#644 = FACE_BOUND('',#645,.T.);
#645 = EDGE_LOOP('',(#646,#647,#655,#664));
#646 = ORIENTED_EDGE('',*,*,#195,.F.);
#647 = ORIENTED_EDGE('',*,*,#648,.F.);
#648 = EDGE_CURVE('',#649,#196,#651,.T.);
#649 = VERTEX_POINT('',#650);
#650 = CARTESIAN_POINT('',(-3.37568187454,3.,2.2));
#651 = LINE('',#652,#653);
#652 = CARTESIAN_POINT('',(-3.37568187454,3.,0.));
#653 = VECTOR('',#654,1.);
#654 = DIRECTION('',(-0.,-0.,-1.));
#655 = ORIENTED_EDGE('',*,*,#656,.T.);
#656 = EDGE_CURVE('',#649,#657,#659,.T.);
#657 = VERTEX_POINT('',#658);
#658 = CARTESIAN_POINT('',(-3.37568187454,-3.,2.2));
#659 = CIRCLE('',#660,5.1);
#660 = AXIS2_PLACEMENT_3D('',#661,#662,#663);
#661 = CARTESIAN_POINT('',(-7.5,0.,2.2));
#662 = DIRECTION('',(0.,0.,1.));
#663 = DIRECTION('',(1.,0.,0.));
#664 = ORIENTED_EDGE('',*,*,#665,.T.);
#665 = EDGE_CURVE('',#657,#198,#666,.T.);
#666 = LINE('',#667,#668);
#667 = CARTESIAN_POINT('',(-3.37568187454,-3.,0.));
#668 = VECTOR('',#669,1.);
#669 = DIRECTION('',(-0.,-0.,-1.));
#670 = CYLINDRICAL_SURFACE('',#671,5.1);
#671 = AXIS2_PLACEMENT_3D('',#672,#673,#674);
#672 = CARTESIAN_POINT('',(-7.5,0.,0.));
#673 = DIRECTION('',(-0.,-0.,-1.));
#674 = DIRECTION('',(1.,0.,0.));
#675 = ADVANCED_FACE('',(#676),#694,.T.);
#676 = FACE_BOUND('',#677,.T.);
#677 = EDGE_LOOP('',(#678,#679,#687,#693));
#678 = ORIENTED_EDGE('',*,*,#232,.F.);
#679 = ORIENTED_EDGE('',*,*,#680,.F.);
#680 = EDGE_CURVE('',#681,#224,#683,.T.);
#681 = VERTEX_POINT('',#682);
#682 = CARTESIAN_POINT('',(3.37568187454,3.,2.2));
#683 = LINE('',#684,#685);
#684 = CARTESIAN_POINT('',(3.37568187454,3.,0.));
#685 = VECTOR('',#686,1.);
#686 = DIRECTION('',(-0.,-0.,-1.));
#687 = ORIENTED_EDGE('',*,*,#688,.T.);
#688 = EDGE_CURVE('',#681,#649,#689,.T.);
#689 = LINE('',#690,#691);
#690 = CARTESIAN_POINT('',(4.,3.,2.2));
#691 = VECTOR('',#692,1.);
#692 = DIRECTION('',(-1.,0.,0.));
#693 = ORIENTED_EDGE('',*,*,#648,.T.);
#694 = PLANE('',#695);
#695 = AXIS2_PLACEMENT_3D('',#696,#697,#698);
#696 = CARTESIAN_POINT('',(4.,3.,0.));
#697 = DIRECTION('',(0.,-1.,0.));
#698 = DIRECTION('',(-1.,0.,0.));
#699 = ADVANCED_FACE('',(#700),#729,.F.);
#700 = FACE_BOUND('',#701,.T.);
#701 = EDGE_LOOP('',(#702,#703,#711,#720,#727,#728));
#702 = ORIENTED_EDGE('',*,*,#214,.F.);
#703 = ORIENTED_EDGE('',*,*,#704,.F.);
#704 = EDGE_CURVE('',#705,#207,#707,.T.);
#705 = VERTEX_POINT('',#706);
#706 = CARTESIAN_POINT('',(3.37568187454,-3.,2.2));
#707 = LINE('',#708,#709);
#708 = CARTESIAN_POINT('',(3.37568187454,-3.,0.));
#709 = VECTOR('',#710,1.);
#710 = DIRECTION('',(-0.,-0.,-1.));
#711 = ORIENTED_EDGE('',*,*,#712,.T.);
#712 = EDGE_CURVE('',#705,#713,#715,.T.);
#713 = VERTEX_POINT('',#714);
#714 = CARTESIAN_POINT('',(12.6,0.,2.2));
#715 = CIRCLE('',#716,5.1);
#716 = AXIS2_PLACEMENT_3D('',#717,#718,#719);
#717 = CARTESIAN_POINT('',(7.5,0.,2.2));
#718 = DIRECTION('',(0.,0.,1.));
#719 = DIRECTION('',(1.,0.,0.));
#720 = ORIENTED_EDGE('',*,*,#721,.T.);
#721 = EDGE_CURVE('',#713,#681,#722,.T.);
#722 = CIRCLE('',#723,5.1);
#723 = AXIS2_PLACEMENT_3D('',#724,#725,#726);
#724 = CARTESIAN_POINT('',(7.5,0.,2.2));
#725 = DIRECTION('',(0.,0.,1.));
#726 = DIRECTION('',(1.,0.,0.));
#727 = ORIENTED_EDGE('',*,*,#680,.T.);
#728 = ORIENTED_EDGE('',*,*,#223,.F.);
#729 = CYLINDRICAL_SURFACE('',#730,5.1);
#730 = AXIS2_PLACEMENT_3D('',#731,#732,#733);
#731 = CARTESIAN_POINT('',(7.5,0.,0.));
#732 = DIRECTION('',(-0.,-0.,-1.));
#733 = DIRECTION('',(1.,0.,0.));
#734 = ADVANCED_FACE('',(#735),#746,.T.);
#735 = FACE_BOUND('',#736,.T.);
#736 = EDGE_LOOP('',(#737,#738,#739,#745));
#737 = ORIENTED_EDGE('',*,*,#206,.F.);
#738 = ORIENTED_EDGE('',*,*,#665,.F.);
#739 = ORIENTED_EDGE('',*,*,#740,.T.);
#740 = EDGE_CURVE('',#657,#705,#741,.T.);
#741 = LINE('',#742,#743);
#742 = CARTESIAN_POINT('',(-4.,-3.,2.2));
#743 = VECTOR('',#744,1.);
#744 = DIRECTION('',(1.,0.,0.));
#745 = ORIENTED_EDGE('',*,*,#704,.T.);
#746 = PLANE('',#747);
#747 = AXIS2_PLACEMENT_3D('',#748,#749,#750);
#748 = CARTESIAN_POINT('',(-4.,-3.,0.));
#749 = DIRECTION('',(0.,1.,0.));
#750 = DIRECTION('',(1.,0.,0.));
#751 = ADVANCED_FACE('',(#752),#771,.F.);
#752 = FACE_BOUND('',#753,.T.);
#753 = EDGE_LOOP('',(#754,#762,#769,#770));
#754 = ORIENTED_EDGE('',*,*,#755,.T.);
#755 = EDGE_CURVE('',#241,#756,#758,.T.);
#756 = VERTEX_POINT('',#757);
#757 = CARTESIAN_POINT('',(1.7,20.5,2.2));
#758 = LINE('',#759,#760);
#759 = CARTESIAN_POINT('',(1.7,20.5,0.));
#760 = VECTOR('',#761,1.);
#761 = DIRECTION('',(0.,0.,1.));
#762 = ORIENTED_EDGE('',*,*,#763,.T.);
#763 = EDGE_CURVE('',#756,#756,#764,.T.);
#764 = CIRCLE('',#765,1.7);
#765 = AXIS2_PLACEMENT_3D('',#766,#767,#768);
#766 = CARTESIAN_POINT('',(0.,20.5,2.2));
#767 = DIRECTION('',(0.,0.,1.));
#768 = DIRECTION('',(1.,0.,0.));
#769 = ORIENTED_EDGE('',*,*,#755,.F.);
#770 = ORIENTED_EDGE('',*,*,#240,.F.);
#771 = CYLINDRICAL_SURFACE('',#772,1.7);
#772 = AXIS2_PLACEMENT_3D('',#773,#774,#775);
#773 = CARTESIAN_POINT('',(0.,20.5,0.));
#774 = DIRECTION('',(-0.,-0.,-1.));
#775 = DIRECTION('',(1.,0.,0.));
#776 = ADVANCED_FACE('',(#777,#802),#805,.F.);
#777 = FACE_BOUND('',#778,.F.);
#778 = EDGE_LOOP('',(#779,#787,#795,#801));
#779 = ORIENTED_EDGE('',*,*,#780,.T.);
#780 = EDGE_CURVE('',#324,#781,#783,.T.);
#781 = VERTEX_POINT('',#782);
#782 = CARTESIAN_POINT('',(-10.8,-13.,3.));
#783 = LINE('',#784,#785);
#784 = CARTESIAN_POINT('',(-10.8,-13.,56.));
#785 = VECTOR('',#786,1.);
#786 = DIRECTION('',(-0.,-0.,-1.));
#787 = ORIENTED_EDGE('',*,*,#788,.T.);
#788 = EDGE_CURVE('',#781,#789,#791,.T.);
#789 = VERTEX_POINT('',#790);
#790 = CARTESIAN_POINT('',(10.8,-13.,3.));
#791 = LINE('',#792,#793);
#792 = CARTESIAN_POINT('',(-10.8,-13.,3.));
#793 = VECTOR('',#794,1.);
#794 = DIRECTION('',(1.,0.,0.));
#795 = ORIENTED_EDGE('',*,*,#796,.F.);
#796 = EDGE_CURVE('',#326,#789,#797,.T.);
#797 = LINE('',#798,#799);
#798 = CARTESIAN_POINT('',(10.8,-13.,56.));
#799 = VECTOR('',#800,1.);
#800 = DIRECTION('',(-0.,-0.,-1.));
#801 = ORIENTED_EDGE('',*,*,#323,.F.);
#802 = FACE_BOUND('',#803,.F.);
#803 = EDGE_LOOP('',(#804));
#804 = ORIENTED_EDGE('',*,*,#494,.F.);
#805 = PLANE('',#806);
#806 = AXIS2_PLACEMENT_3D('',#807,#808,#809);
#807 = CARTESIAN_POINT('',(-10.8,-13.,56.));
#808 = DIRECTION('',(0.,-1.,0.));
#809 = DIRECTION('',(1.,0.,0.));
#810 = ADVANCED_FACE('',(#811),#829,.F.);
#811 = FACE_BOUND('',#812,.F.);
#812 = EDGE_LOOP('',(#813,#814,#815,#823));
#813 = ORIENTED_EDGE('',*,*,#413,.F.);
#814 = ORIENTED_EDGE('',*,*,#796,.T.);
#815 = ORIENTED_EDGE('',*,*,#816,.T.);
#816 = EDGE_CURVE('',#789,#817,#819,.T.);
#817 = VERTEX_POINT('',#818);
#818 = CARTESIAN_POINT('',(10.8,-1.,3.));
#819 = LINE('',#820,#821);
#820 = CARTESIAN_POINT('',(10.8,-13.,3.));
#821 = VECTOR('',#822,1.);
#822 = DIRECTION('',(0.,1.,0.));
#823 = ORIENTED_EDGE('',*,*,#824,.F.);
#824 = EDGE_CURVE('',#406,#817,#825,.T.);
#825 = LINE('',#826,#827);
#826 = CARTESIAN_POINT('',(10.8,-1.,56.));
#827 = VECTOR('',#828,1.);
#828 = DIRECTION('',(0.,0.,-1.));
#829 = PLANE('',#830);
#830 = AXIS2_PLACEMENT_3D('',#831,#832,#833);
#831 = CARTESIAN_POINT('',(10.8,-13.,56.));
#832 = DIRECTION('',(1.,0.,0.));
#833 = DIRECTION('',(0.,1.,0.));
#834 = ADVANCED_FACE('',(#835),#853,.F.);
#835 = FACE_BOUND('',#836,.F.);
#836 = EDGE_LOOP('',(#837,#838,#839,#847));
#837 = ORIENTED_EDGE('',*,*,#405,.F.);
#838 = ORIENTED_EDGE('',*,*,#824,.T.);
#839 = ORIENTED_EDGE('',*,*,#840,.T.);
#840 = EDGE_CURVE('',#817,#841,#843,.T.);
#841 = VERTEX_POINT('',#842);
#842 = CARTESIAN_POINT('',(12.3,-1.,3.));
#843 = LINE('',#844,#845);
#844 = CARTESIAN_POINT('',(10.5,-1.,3.));
#845 = VECTOR('',#846,1.);
#846 = DIRECTION('',(1.,0.,0.));
#847 = ORIENTED_EDGE('',*,*,#848,.F.);
#848 = EDGE_CURVE('',#398,#841,#849,.T.);
#849 = LINE('',#850,#851);
#850 = CARTESIAN_POINT('',(12.3,-1.,56.));
#851 = VECTOR('',#852,1.);
#852 = DIRECTION('',(-0.,-0.,-1.));
#853 = PLANE('',#854);
#854 = AXIS2_PLACEMENT_3D('',#855,#856,#857);
#855 = CARTESIAN_POINT('',(10.5,-1.,56.));
#856 = DIRECTION('',(0.,-1.,0.));
#857 = DIRECTION('',(1.,0.,0.));
#858 = ADVANCED_FACE('',(#859),#877,.F.);
#859 = FACE_BOUND('',#860,.F.);
#860 = EDGE_LOOP('',(#861,#862,#870,#876));
#861 = ORIENTED_EDGE('',*,*,#848,.T.);
#862 = ORIENTED_EDGE('',*,*,#863,.T.);
#863 = EDGE_CURVE('',#841,#864,#866,.T.);
#864 = VERTEX_POINT('',#865);
#865 = CARTESIAN_POINT('',(12.3,1.,3.));
#866 = LINE('',#867,#868);
#867 = CARTESIAN_POINT('',(12.3,-1.,3.));
#868 = VECTOR('',#869,1.);
#869 = DIRECTION('',(0.,1.,0.));
#870 = ORIENTED_EDGE('',*,*,#871,.F.);
#871 = EDGE_CURVE('',#390,#864,#872,.T.);
#872 = LINE('',#873,#874);
#873 = CARTESIAN_POINT('',(12.3,1.,56.));
#874 = VECTOR('',#875,1.);
#875 = DIRECTION('',(-0.,-0.,-1.));
#876 = ORIENTED_EDGE('',*,*,#397,.F.);
#877 = PLANE('',#878);
#878 = AXIS2_PLACEMENT_3D('',#879,#880,#881);
#879 = CARTESIAN_POINT('',(12.3,-1.,56.));
#880 = DIRECTION('',(1.,0.,0.));
#881 = DIRECTION('',(0.,1.,0.));
#882 = ADVANCED_FACE('',(#883),#901,.F.);
#883 = FACE_BOUND('',#884,.F.);
#884 = EDGE_LOOP('',(#885,#886,#887,#895));
#885 = ORIENTED_EDGE('',*,*,#389,.F.);
#886 = ORIENTED_EDGE('',*,*,#871,.T.);
#887 = ORIENTED_EDGE('',*,*,#888,.T.);
#888 = EDGE_CURVE('',#864,#889,#891,.T.);
#889 = VERTEX_POINT('',#890);
#890 = CARTESIAN_POINT('',(10.8,1.,3.));
#891 = LINE('',#892,#893);
#892 = CARTESIAN_POINT('',(12.3,1.,3.));
#893 = VECTOR('',#894,1.);
#894 = DIRECTION('',(-1.,0.,0.));
#895 = ORIENTED_EDGE('',*,*,#896,.T.);
#896 = EDGE_CURVE('',#889,#382,#897,.T.);
#897 = LINE('',#898,#899);
#898 = CARTESIAN_POINT('',(10.8,1.,56.));
#899 = VECTOR('',#900,1.);
#900 = DIRECTION('',(0.,0.,1.));
#901 = PLANE('',#902);
#902 = AXIS2_PLACEMENT_3D('',#903,#904,#905);
#903 = CARTESIAN_POINT('',(12.3,1.,56.));
#904 = DIRECTION('',(0.,1.,0.));
#905 = DIRECTION('',(-1.,0.,0.));
#906 = ADVANCED_FACE('',(#907),#925,.F.);
#907 = FACE_BOUND('',#908,.F.);
#908 = EDGE_LOOP('',(#909,#910,#911,#919));
#909 = ORIENTED_EDGE('',*,*,#381,.F.);
#910 = ORIENTED_EDGE('',*,*,#896,.F.);
#911 = ORIENTED_EDGE('',*,*,#912,.T.);
#912 = EDGE_CURVE('',#889,#913,#915,.T.);
#913 = VERTEX_POINT('',#914);
#914 = CARTESIAN_POINT('',(10.8,13.,3.));
#915 = LINE('',#916,#917);
#916 = CARTESIAN_POINT('',(10.8,-13.,3.));
#917 = VECTOR('',#918,1.);
#918 = DIRECTION('',(0.,1.,0.));
#919 = ORIENTED_EDGE('',*,*,#920,.F.);
#920 = EDGE_CURVE('',#374,#913,#921,.T.);
#921 = LINE('',#922,#923);
#922 = CARTESIAN_POINT('',(10.8,13.,56.));
#923 = VECTOR('',#924,1.);
#924 = DIRECTION('',(-0.,-0.,-1.));
#925 = PLANE('',#926);
#926 = AXIS2_PLACEMENT_3D('',#927,#928,#929);
#927 = CARTESIAN_POINT('',(10.8,-13.,56.));
#928 = DIRECTION('',(1.,0.,0.));
#929 = DIRECTION('',(0.,1.,0.));
#930 = ADVANCED_FACE('',(#931),#949,.F.);
#931 = FACE_BOUND('',#932,.F.);
#932 = EDGE_LOOP('',(#933,#934,#942,#948));
#933 = ORIENTED_EDGE('',*,*,#920,.T.);
#934 = ORIENTED_EDGE('',*,*,#935,.T.);
#935 = EDGE_CURVE('',#913,#936,#938,.T.);
#936 = VERTEX_POINT('',#937);
#937 = CARTESIAN_POINT('',(-10.8,13.,3.));
#938 = LINE('',#939,#940);
#939 = CARTESIAN_POINT('',(10.8,13.,3.));
#940 = VECTOR('',#941,1.);
#941 = DIRECTION('',(-1.,0.,0.));
#942 = ORIENTED_EDGE('',*,*,#943,.F.);
#943 = EDGE_CURVE('',#366,#936,#944,.T.);
#944 = LINE('',#945,#946);
#945 = CARTESIAN_POINT('',(-10.8,13.,56.));
#946 = VECTOR('',#947,1.);
#947 = DIRECTION('',(-0.,-0.,-1.));
#948 = ORIENTED_EDGE('',*,*,#373,.F.);
#949 = PLANE('',#950);
#950 = AXIS2_PLACEMENT_3D('',#951,#952,#953);
#951 = CARTESIAN_POINT('',(10.8,13.,56.));
#952 = DIRECTION('',(0.,1.,0.));
#953 = DIRECTION('',(-1.,0.,0.));
#954 = ADVANCED_FACE('',(#955),#973,.F.);
#955 = FACE_BOUND('',#956,.F.);
#956 = EDGE_LOOP('',(#957,#958,#959,#967));
#957 = ORIENTED_EDGE('',*,*,#365,.F.);
#958 = ORIENTED_EDGE('',*,*,#943,.T.);
#959 = ORIENTED_EDGE('',*,*,#960,.T.);
#960 = EDGE_CURVE('',#936,#961,#963,.T.);
#961 = VERTEX_POINT('',#962);
#962 = CARTESIAN_POINT('',(-10.8,1.,3.));
#963 = LINE('',#964,#965);
#964 = CARTESIAN_POINT('',(-10.8,13.,3.));
#965 = VECTOR('',#966,1.);
#966 = DIRECTION('',(0.,-1.,0.));
#967 = ORIENTED_EDGE('',*,*,#968,.F.);
#968 = EDGE_CURVE('',#358,#961,#969,.T.);
#969 = LINE('',#970,#971);
#970 = CARTESIAN_POINT('',(-10.8,1.,56.));
#971 = VECTOR('',#972,1.);
#972 = DIRECTION('',(0.,0.,-1.));
#973 = PLANE('',#974);
#974 = AXIS2_PLACEMENT_3D('',#975,#976,#977);
#975 = CARTESIAN_POINT('',(-10.8,13.,56.));
#976 = DIRECTION('',(-1.,0.,0.));
#977 = DIRECTION('',(0.,-1.,0.));
#978 = ADVANCED_FACE('',(#979),#997,.F.);
#979 = FACE_BOUND('',#980,.F.);
#980 = EDGE_LOOP('',(#981,#982,#983,#991));
#981 = ORIENTED_EDGE('',*,*,#357,.F.);
#982 = ORIENTED_EDGE('',*,*,#968,.T.);
#983 = ORIENTED_EDGE('',*,*,#984,.T.);
#984 = EDGE_CURVE('',#961,#985,#987,.T.);
#985 = VERTEX_POINT('',#986);
#986 = CARTESIAN_POINT('',(-12.3,1.,3.));
#987 = LINE('',#988,#989);
#988 = CARTESIAN_POINT('',(-10.5,1.,3.));
#989 = VECTOR('',#990,1.);
#990 = DIRECTION('',(-1.,0.,0.));
#991 = ORIENTED_EDGE('',*,*,#992,.F.);
#992 = EDGE_CURVE('',#350,#985,#993,.T.);
#993 = LINE('',#994,#995);
#994 = CARTESIAN_POINT('',(-12.3,1.,56.));
#995 = VECTOR('',#996,1.);
#996 = DIRECTION('',(-0.,-0.,-1.));
#997 = PLANE('',#998);
#998 = AXIS2_PLACEMENT_3D('',#999,#1000,#1001);
#999 = CARTESIAN_POINT('',(-10.5,1.,56.));
#1000 = DIRECTION('',(0.,1.,0.));
#1001 = DIRECTION('',(-1.,0.,0.));
#1002 = ADVANCED_FACE('',(#1003),#1021,.F.);
#1003 = FACE_BOUND('',#1004,.F.);
#1004 = EDGE_LOOP('',(#1005,#1006,#1014,#1020));
#1005 = ORIENTED_EDGE('',*,*,#992,.T.);
#1006 = ORIENTED_EDGE('',*,*,#1007,.T.);
#1007 = EDGE_CURVE('',#985,#1008,#1010,.T.);
#1008 = VERTEX_POINT('',#1009);
#1009 = CARTESIAN_POINT('',(-12.3,-1.,3.));
#1010 = LINE('',#1011,#1012);
#1011 = CARTESIAN_POINT('',(-12.3,1.,3.));
#1012 = VECTOR('',#1013,1.);
#1013 = DIRECTION('',(0.,-1.,0.));
#1014 = ORIENTED_EDGE('',*,*,#1015,.F.);
#1015 = EDGE_CURVE('',#342,#1008,#1016,.T.);
#1016 = LINE('',#1017,#1018);
#1017 = CARTESIAN_POINT('',(-12.3,-1.,56.));
#1018 = VECTOR('',#1019,1.);
#1019 = DIRECTION('',(-0.,-0.,-1.));
#1020 = ORIENTED_EDGE('',*,*,#349,.F.);
#1021 = PLANE('',#1022);
#1022 = AXIS2_PLACEMENT_3D('',#1023,#1024,#1025);
#1023 = CARTESIAN_POINT('',(-12.3,1.,56.));
#1024 = DIRECTION('',(-1.,0.,0.));
#1025 = DIRECTION('',(0.,-1.,0.));
#1026 = ADVANCED_FACE('',(#1027),#1045,.F.);
#1027 = FACE_BOUND('',#1028,.F.);
#1028 = EDGE_LOOP('',(#1029,#1030,#1031,#1039));
#1029 = ORIENTED_EDGE('',*,*,#341,.F.);
#1030 = ORIENTED_EDGE('',*,*,#1015,.T.);
#1031 = ORIENTED_EDGE('',*,*,#1032,.T.);
#1032 = EDGE_CURVE('',#1008,#1033,#1035,.T.);
#1033 = VERTEX_POINT('',#1034);
#1034 = CARTESIAN_POINT('',(-10.8,-1.,3.));
#1035 = LINE('',#1036,#1037);
#1036 = CARTESIAN_POINT('',(-12.3,-1.,3.));
#1037 = VECTOR('',#1038,1.);
#1038 = DIRECTION('',(1.,0.,0.));
#1039 = ORIENTED_EDGE('',*,*,#1040,.T.);
#1040 = EDGE_CURVE('',#1033,#334,#1041,.T.);
#1041 = LINE('',#1042,#1043);
#1042 = CARTESIAN_POINT('',(-10.8,-1.,56.));
#1043 = VECTOR('',#1044,1.);
#1044 = DIRECTION('',(0.,0.,1.));
#1045 = PLANE('',#1046);
#1046 = AXIS2_PLACEMENT_3D('',#1047,#1048,#1049);
#1047 = CARTESIAN_POINT('',(-12.3,-1.,56.));
#1048 = DIRECTION('',(0.,-1.,0.));
#1049 = DIRECTION('',(1.,0.,0.));
#1050 = ADVANCED_FACE('',(#1051),#1062,.F.);
#1051 = FACE_BOUND('',#1052,.F.);
#1052 = EDGE_LOOP('',(#1053,#1054,#1055,#1061));
#1053 = ORIENTED_EDGE('',*,*,#333,.F.);
#1054 = ORIENTED_EDGE('',*,*,#1040,.F.);
#1055 = ORIENTED_EDGE('',*,*,#1056,.T.);
#1056 = EDGE_CURVE('',#1033,#781,#1057,.T.);
#1057 = LINE('',#1058,#1059);
#1058 = CARTESIAN_POINT('',(-10.8,13.,3.));
#1059 = VECTOR('',#1060,1.);
#1060 = DIRECTION('',(0.,-1.,0.));
#1061 = ORIENTED_EDGE('',*,*,#780,.F.);
#1062 = PLANE('',#1063);
#1063 = AXIS2_PLACEMENT_3D('',#1064,#1065,#1066);
#1064 = CARTESIAN_POINT('',(-10.8,13.,56.));
#1065 = DIRECTION('',(-1.,0.,0.));
#1066 = DIRECTION('',(0.,-1.,0.));
#1067 = ADVANCED_FACE('',(#1068),#1074,.T.);
#1068 = FACE_BOUND('',#1069,.T.);
#1069 = EDGE_LOOP('',(#1070,#1071,#1072,#1073));
#1070 = ORIENTED_EDGE('',*,*,#523,.T.);
#1071 = ORIENTED_EDGE('',*,*,#606,.T.);
#1072 = ORIENTED_EDGE('',*,*,#589,.T.);
#1073 = ORIENTED_EDGE('',*,*,#565,.T.);
#1074 = PLANE('',#1075);
#1075 = AXIS2_PLACEMENT_3D('',#1076,#1077,#1078);
#1076 = CARTESIAN_POINT('',(0.,0.,4.));
#1077 = DIRECTION('',(0.,0.,1.));
#1078 = DIRECTION('',(1.,0.,0.));
#1079 = ADVANCED_FACE('',(#1080),#1083,.F.);
#1080 = FACE_BOUND('',#1081,.F.);
#1081 = EDGE_LOOP('',(#1082));
#1082 = ORIENTED_EDGE('',*,*,#630,.T.);
#1083 = PLANE('',#1084);
#1084 = AXIS2_PLACEMENT_3D('',#1085,#1086,#1087);
#1085 = CARTESIAN_POINT('',(0.,4.246641093997E-16,2.2));
#1086 = DIRECTION('',(0.,0.,1.));
#1087 = DIRECTION('',(1.,0.,0.));
#1088 = ADVANCED_FACE('',(#1089),#1096,.T.);
#1089 = FACE_BOUND('',#1090,.T.);
#1090 = EDGE_LOOP('',(#1091,#1092,#1093,#1094,#1095));
#1091 = ORIENTED_EDGE('',*,*,#656,.F.);
#1092 = ORIENTED_EDGE('',*,*,#688,.F.);
#1093 = ORIENTED_EDGE('',*,*,#721,.F.);
#1094 = ORIENTED_EDGE('',*,*,#712,.F.);
#1095 = ORIENTED_EDGE('',*,*,#740,.F.);
#1096 = PLANE('',#1097);
#1097 = AXIS2_PLACEMENT_3D('',#1098,#1099,#1100);
#1098 = CARTESIAN_POINT('',(0.386184467691,5.812090788831E-17,2.2));
#1099 = DIRECTION('',(-0.,-0.,-1.));
#1100 = DIRECTION('',(-1.,0.,0.));
#1101 = ADVANCED_FACE('',(#1102),#1105,.F.);
#1102 = FACE_BOUND('',#1103,.F.);
#1103 = EDGE_LOOP('',(#1104));
#1104 = ORIENTED_EDGE('',*,*,#763,.T.);
#1105 = PLANE('',#1106);
#1106 = AXIS2_PLACEMENT_3D('',#1107,#1108,#1109);
#1107 = CARTESIAN_POINT('',(0.,4.246641093997E-16,2.2));
#1108 = DIRECTION('',(0.,0.,1.));
#1109 = DIRECTION('',(1.,0.,0.));
#1110 = ADVANCED_FACE('',(#1111),#1125,.T.);
#1111 = FACE_BOUND('',#1112,.T.);
#1112 = EDGE_LOOP('',(#1113,#1114,#1115,#1116,#1117,#1118,#1119,#1120,
    #1121,#1122,#1123,#1124));
#1113 = ORIENTED_EDGE('',*,*,#1056,.T.);
#1114 = ORIENTED_EDGE('',*,*,#788,.T.);
#1115 = ORIENTED_EDGE('',*,*,#816,.T.);
#1116 = ORIENTED_EDGE('',*,*,#840,.T.);
#1117 = ORIENTED_EDGE('',*,*,#863,.T.);
#1118 = ORIENTED_EDGE('',*,*,#888,.T.);
#1119 = ORIENTED_EDGE('',*,*,#912,.T.);
#1120 = ORIENTED_EDGE('',*,*,#935,.T.);
#1121 = ORIENTED_EDGE('',*,*,#960,.T.);
#1122 = ORIENTED_EDGE('',*,*,#984,.T.);
#1123 = ORIENTED_EDGE('',*,*,#1007,.T.);
#1124 = ORIENTED_EDGE('',*,*,#1032,.T.);
#1125 = PLANE('',#1126);
#1126 = AXIS2_PLACEMENT_3D('',#1127,#1128,#1129);
#1127 = CARTESIAN_POINT('',(-3.510586639131E-16,0.,3.));
#1128 = DIRECTION('',(0.,0.,1.));
#1129 = DIRECTION('',(1.,0.,0.));
#1130 = MANIFOLD_SOLID_BREP('',#1131);
#1131 = CLOSED_SHELL('',(#1132,#1172,#1203,#1234,#1319,#1336,#1348,#1379
    ,#1403,#1427,#1444,#1475,#1499,#1523,#1540,#1552));
#1132 = ADVANCED_FACE('',(#1133),#1167,.F.);
#1133 = FACE_BOUND('',#1134,.F.);
#1134 = EDGE_LOOP('',(#1135,#1145,#1153,#1161));
#1135 = ORIENTED_EDGE('',*,*,#1136,.T.);
#1136 = EDGE_CURVE('',#1137,#1139,#1141,.T.);
#1137 = VERTEX_POINT('',#1138);
#1138 = CARTESIAN_POINT('',(-15.,-16.,56.));
#1139 = VERTEX_POINT('',#1140);
#1140 = CARTESIAN_POINT('',(-15.,-16.,64.));
#1141 = LINE('',#1142,#1143);
#1142 = CARTESIAN_POINT('',(-15.,-16.,56.));
#1143 = VECTOR('',#1144,1.);
#1144 = DIRECTION('',(0.,0.,1.));
#1145 = ORIENTED_EDGE('',*,*,#1146,.T.);
#1146 = EDGE_CURVE('',#1139,#1147,#1149,.T.);
#1147 = VERTEX_POINT('',#1148);
#1148 = CARTESIAN_POINT('',(15.,-16.,64.));
#1149 = LINE('',#1150,#1151);
#1150 = CARTESIAN_POINT('',(-15.,-16.,64.));
#1151 = VECTOR('',#1152,1.);
#1152 = DIRECTION('',(1.,0.,0.));
#1153 = ORIENTED_EDGE('',*,*,#1154,.F.);
#1154 = EDGE_CURVE('',#1155,#1147,#1157,.T.);
#1155 = VERTEX_POINT('',#1156);
#1156 = CARTESIAN_POINT('',(15.,-16.,56.));
#1157 = LINE('',#1158,#1159);
#1158 = CARTESIAN_POINT('',(15.,-16.,56.));
#1159 = VECTOR('',#1160,1.);
#1160 = DIRECTION('',(0.,0.,1.));
#1161 = ORIENTED_EDGE('',*,*,#1162,.F.);
#1162 = EDGE_CURVE('',#1137,#1155,#1163,.T.);
#1163 = LINE('',#1164,#1165);
#1164 = CARTESIAN_POINT('',(-15.,-16.,56.));
#1165 = VECTOR('',#1166,1.);
#1166 = DIRECTION('',(1.,0.,0.));
#1167 = PLANE('',#1168);
#1168 = AXIS2_PLACEMENT_3D('',#1169,#1170,#1171);
#1169 = CARTESIAN_POINT('',(-15.,-16.,56.));
#1170 = DIRECTION('',(0.,1.,0.));
#1171 = DIRECTION('',(1.,0.,0.));
#1172 = ADVANCED_FACE('',(#1173),#1198,.F.);
#1173 = FACE_BOUND('',#1174,.F.);
#1174 = EDGE_LOOP('',(#1175,#1185,#1191,#1192));
#1175 = ORIENTED_EDGE('',*,*,#1176,.T.);
#1176 = EDGE_CURVE('',#1177,#1179,#1181,.T.);
#1177 = VERTEX_POINT('',#1178);
#1178 = CARTESIAN_POINT('',(-15.,16.,56.));
#1179 = VERTEX_POINT('',#1180);
#1180 = CARTESIAN_POINT('',(-15.,16.,64.));
#1181 = LINE('',#1182,#1183);
#1182 = CARTESIAN_POINT('',(-15.,16.,56.));
#1183 = VECTOR('',#1184,1.);
#1184 = DIRECTION('',(0.,0.,1.));
#1185 = ORIENTED_EDGE('',*,*,#1186,.T.);
#1186 = EDGE_CURVE('',#1179,#1139,#1187,.T.);
#1187 = LINE('',#1188,#1189);
#1188 = CARTESIAN_POINT('',(-15.,16.,64.));
#1189 = VECTOR('',#1190,1.);
#1190 = DIRECTION('',(0.,-1.,0.));
#1191 = ORIENTED_EDGE('',*,*,#1136,.F.);
#1192 = ORIENTED_EDGE('',*,*,#1193,.F.);
#1193 = EDGE_CURVE('',#1177,#1137,#1194,.T.);
#1194 = LINE('',#1195,#1196);
#1195 = CARTESIAN_POINT('',(-15.,16.,56.));
#1196 = VECTOR('',#1197,1.);
#1197 = DIRECTION('',(0.,-1.,0.));
#1198 = PLANE('',#1199);
#1199 = AXIS2_PLACEMENT_3D('',#1200,#1201,#1202);
#1200 = CARTESIAN_POINT('',(-15.,16.,56.));
#1201 = DIRECTION('',(1.,0.,0.));
#1202 = DIRECTION('',(0.,-1.,0.));
#1203 = ADVANCED_FACE('',(#1204),#1229,.F.);
#1204 = FACE_BOUND('',#1205,.F.);
#1205 = EDGE_LOOP('',(#1206,#1207,#1215,#1223));
#1206 = ORIENTED_EDGE('',*,*,#1154,.T.);
#1207 = ORIENTED_EDGE('',*,*,#1208,.T.);
#1208 = EDGE_CURVE('',#1147,#1209,#1211,.T.);
#1209 = VERTEX_POINT('',#1210);
#1210 = CARTESIAN_POINT('',(15.,16.,64.));
#1211 = LINE('',#1212,#1213);
#1212 = CARTESIAN_POINT('',(15.,-16.,64.));
#1213 = VECTOR('',#1214,1.);
#1214 = DIRECTION('',(0.,1.,0.));
#1215 = ORIENTED_EDGE('',*,*,#1216,.F.);
#1216 = EDGE_CURVE('',#1217,#1209,#1219,.T.);
#1217 = VERTEX_POINT('',#1218);
#1218 = CARTESIAN_POINT('',(15.,16.,56.));
#1219 = LINE('',#1220,#1221);
#1220 = CARTESIAN_POINT('',(15.,16.,56.));
#1221 = VECTOR('',#1222,1.);
#1222 = DIRECTION('',(0.,0.,1.));
#1223 = ORIENTED_EDGE('',*,*,#1224,.F.);
#1224 = EDGE_CURVE('',#1155,#1217,#1225,.T.);
#1225 = LINE('',#1226,#1227);
#1226 = CARTESIAN_POINT('',(15.,-16.,56.));
#1227 = VECTOR('',#1228,1.);
#1228 = DIRECTION('',(0.,1.,0.));
#1229 = PLANE('',#1230);
#1230 = AXIS2_PLACEMENT_3D('',#1231,#1232,#1233);
#1231 = CARTESIAN_POINT('',(15.,-16.,56.));
#1232 = DIRECTION('',(-1.,0.,0.));
#1233 = DIRECTION('',(0.,1.,0.));
#1234 = ADVANCED_FACE('',(#1235,#1246,#1280),#1314,.F.);
#1235 = FACE_BOUND('',#1236,.F.);
#1236 = EDGE_LOOP('',(#1237,#1238,#1239,#1245));
#1237 = ORIENTED_EDGE('',*,*,#1162,.T.);
#1238 = ORIENTED_EDGE('',*,*,#1224,.T.);
#1239 = ORIENTED_EDGE('',*,*,#1240,.T.);
#1240 = EDGE_CURVE('',#1217,#1177,#1241,.T.);
#1241 = LINE('',#1242,#1243);
#1242 = CARTESIAN_POINT('',(15.,16.,56.));
#1243 = VECTOR('',#1244,1.);
#1244 = DIRECTION('',(-1.,0.,0.));
#1245 = ORIENTED_EDGE('',*,*,#1193,.T.);
#1246 = FACE_BOUND('',#1247,.F.);
#1247 = EDGE_LOOP('',(#1248,#1258,#1266,#1274));
#1248 = ORIENTED_EDGE('',*,*,#1249,.F.);
#1249 = EDGE_CURVE('',#1250,#1252,#1254,.T.);
#1250 = VERTEX_POINT('',#1251);
#1251 = CARTESIAN_POINT('',(-12.3,-1.,56.));
#1252 = VERTEX_POINT('',#1253);
#1253 = CARTESIAN_POINT('',(-10.5,-1.,56.));
#1254 = LINE('',#1255,#1256);
#1255 = CARTESIAN_POINT('',(-12.3,-1.,56.));
#1256 = VECTOR('',#1257,1.);
#1257 = DIRECTION('',(1.,0.,0.));
#1258 = ORIENTED_EDGE('',*,*,#1259,.F.);
#1259 = EDGE_CURVE('',#1260,#1250,#1262,.T.);
#1260 = VERTEX_POINT('',#1261);
#1261 = CARTESIAN_POINT('',(-12.3,1.,56.));
#1262 = LINE('',#1263,#1264);
#1263 = CARTESIAN_POINT('',(-12.3,1.,56.));
#1264 = VECTOR('',#1265,1.);
#1265 = DIRECTION('',(0.,-1.,0.));
#1266 = ORIENTED_EDGE('',*,*,#1267,.F.);
#1267 = EDGE_CURVE('',#1268,#1260,#1270,.T.);
#1268 = VERTEX_POINT('',#1269);
#1269 = CARTESIAN_POINT('',(-10.5,1.,56.));
#1270 = LINE('',#1271,#1272);
#1271 = CARTESIAN_POINT('',(-10.5,1.,56.));
#1272 = VECTOR('',#1273,1.);
#1273 = DIRECTION('',(-1.,0.,0.));
#1274 = ORIENTED_EDGE('',*,*,#1275,.F.);
#1275 = EDGE_CURVE('',#1252,#1268,#1276,.T.);
#1276 = LINE('',#1277,#1278);
#1277 = CARTESIAN_POINT('',(-10.5,-1.,56.));
#1278 = VECTOR('',#1279,1.);
#1279 = DIRECTION('',(0.,1.,0.));
#1280 = FACE_BOUND('',#1281,.F.);
#1281 = EDGE_LOOP('',(#1282,#1292,#1300,#1308));
#1282 = ORIENTED_EDGE('',*,*,#1283,.F.);
#1283 = EDGE_CURVE('',#1284,#1286,#1288,.T.);
#1284 = VERTEX_POINT('',#1285);
#1285 = CARTESIAN_POINT('',(10.5,-1.,56.));
#1286 = VERTEX_POINT('',#1287);
#1287 = CARTESIAN_POINT('',(12.3,-1.,56.));
#1288 = LINE('',#1289,#1290);
#1289 = CARTESIAN_POINT('',(10.5,-1.,56.));
#1290 = VECTOR('',#1291,1.);
#1291 = DIRECTION('',(1.,0.,0.));
#1292 = ORIENTED_EDGE('',*,*,#1293,.F.);
#1293 = EDGE_CURVE('',#1294,#1284,#1296,.T.);
#1294 = VERTEX_POINT('',#1295);
#1295 = CARTESIAN_POINT('',(10.5,1.,56.));
#1296 = LINE('',#1297,#1298);
#1297 = CARTESIAN_POINT('',(10.5,1.,56.));
#1298 = VECTOR('',#1299,1.);
#1299 = DIRECTION('',(0.,-1.,0.));
#1300 = ORIENTED_EDGE('',*,*,#1301,.F.);
#1301 = EDGE_CURVE('',#1302,#1294,#1304,.T.);
#1302 = VERTEX_POINT('',#1303);
#1303 = CARTESIAN_POINT('',(12.3,1.,56.));
#1304 = LINE('',#1305,#1306);
#1305 = CARTESIAN_POINT('',(12.3,1.,56.));
#1306 = VECTOR('',#1307,1.);
#1307 = DIRECTION('',(-1.,0.,0.));
#1308 = ORIENTED_EDGE('',*,*,#1309,.F.);
#1309 = EDGE_CURVE('',#1286,#1302,#1310,.T.);
#1310 = LINE('',#1311,#1312);
#1311 = CARTESIAN_POINT('',(12.3,-1.,56.));
#1312 = VECTOR('',#1313,1.);
#1313 = DIRECTION('',(0.,1.,0.));
#1314 = PLANE('',#1315);
#1315 = AXIS2_PLACEMENT_3D('',#1316,#1317,#1318);
#1316 = CARTESIAN_POINT('',(0.,0.,56.));
#1317 = DIRECTION('',(0.,0.,1.));
#1318 = DIRECTION('',(1.,0.,0.));
#1319 = ADVANCED_FACE('',(#1320),#1331,.T.);
#1320 = FACE_BOUND('',#1321,.T.);
#1321 = EDGE_LOOP('',(#1322,#1323,#1324,#1330));
#1322 = ORIENTED_EDGE('',*,*,#1146,.T.);
#1323 = ORIENTED_EDGE('',*,*,#1208,.T.);
#1324 = ORIENTED_EDGE('',*,*,#1325,.T.);
#1325 = EDGE_CURVE('',#1209,#1179,#1326,.T.);
#1326 = LINE('',#1327,#1328);
#1327 = CARTESIAN_POINT('',(15.,16.,64.));
#1328 = VECTOR('',#1329,1.);
#1329 = DIRECTION('',(-1.,0.,0.));
#1330 = ORIENTED_EDGE('',*,*,#1186,.T.);
#1331 = PLANE('',#1332);
#1332 = AXIS2_PLACEMENT_3D('',#1333,#1334,#1335);
#1333 = CARTESIAN_POINT('',(0.,0.,64.));
#1334 = DIRECTION('',(0.,0.,1.));
#1335 = DIRECTION('',(1.,0.,0.));
#1336 = ADVANCED_FACE('',(#1337),#1343,.F.);
#1337 = FACE_BOUND('',#1338,.F.);
#1338 = EDGE_LOOP('',(#1339,#1340,#1341,#1342));
#1339 = ORIENTED_EDGE('',*,*,#1216,.T.);
#1340 = ORIENTED_EDGE('',*,*,#1325,.T.);
#1341 = ORIENTED_EDGE('',*,*,#1176,.F.);
#1342 = ORIENTED_EDGE('',*,*,#1240,.F.);
#1343 = PLANE('',#1344);
#1344 = AXIS2_PLACEMENT_3D('',#1345,#1346,#1347);
#1345 = CARTESIAN_POINT('',(15.,16.,56.));
#1346 = DIRECTION('',(0.,-1.,0.));
#1347 = DIRECTION('',(-1.,0.,0.));
#1348 = ADVANCED_FACE('',(#1349),#1374,.T.);
#1349 = FACE_BOUND('',#1350,.T.);
#1350 = EDGE_LOOP('',(#1351,#1359,#1367,#1373));
#1351 = ORIENTED_EDGE('',*,*,#1352,.T.);
#1352 = EDGE_CURVE('',#1250,#1353,#1355,.T.);
#1353 = VERTEX_POINT('',#1354);
#1354 = CARTESIAN_POINT('',(-12.3,-1.,51.));
#1355 = LINE('',#1356,#1357);
#1356 = CARTESIAN_POINT('',(-12.3,-1.,56.));
#1357 = VECTOR('',#1358,1.);
#1358 = DIRECTION('',(-0.,-0.,-1.));
#1359 = ORIENTED_EDGE('',*,*,#1360,.T.);
#1360 = EDGE_CURVE('',#1353,#1361,#1363,.T.);
#1361 = VERTEX_POINT('',#1362);
#1362 = CARTESIAN_POINT('',(-10.5,-1.,51.));
#1363 = LINE('',#1364,#1365);
#1364 = CARTESIAN_POINT('',(-12.3,-1.,51.));
#1365 = VECTOR('',#1366,1.);
#1366 = DIRECTION('',(1.,0.,0.));
#1367 = ORIENTED_EDGE('',*,*,#1368,.F.);
#1368 = EDGE_CURVE('',#1252,#1361,#1369,.T.);
#1369 = LINE('',#1370,#1371);
#1370 = CARTESIAN_POINT('',(-10.5,-1.,56.));
#1371 = VECTOR('',#1372,1.);
#1372 = DIRECTION('',(-0.,-0.,-1.));
#1373 = ORIENTED_EDGE('',*,*,#1249,.F.);
#1374 = PLANE('',#1375);
#1375 = AXIS2_PLACEMENT_3D('',#1376,#1377,#1378);
#1376 = CARTESIAN_POINT('',(-12.3,-1.,56.));
#1377 = DIRECTION('',(0.,-1.,0.));
#1378 = DIRECTION('',(1.,0.,0.));
#1379 = ADVANCED_FACE('',(#1380),#1398,.T.);
#1380 = FACE_BOUND('',#1381,.T.);
#1381 = EDGE_LOOP('',(#1382,#1383,#1391,#1397));
#1382 = ORIENTED_EDGE('',*,*,#1368,.T.);
#1383 = ORIENTED_EDGE('',*,*,#1384,.T.);
#1384 = EDGE_CURVE('',#1361,#1385,#1387,.T.);
#1385 = VERTEX_POINT('',#1386);
#1386 = CARTESIAN_POINT('',(-10.5,1.,51.));
#1387 = LINE('',#1388,#1389);
#1388 = CARTESIAN_POINT('',(-10.5,-1.,51.));
#1389 = VECTOR('',#1390,1.);
#1390 = DIRECTION('',(0.,1.,0.));
#1391 = ORIENTED_EDGE('',*,*,#1392,.F.);
#1392 = EDGE_CURVE('',#1268,#1385,#1393,.T.);
#1393 = LINE('',#1394,#1395);
#1394 = CARTESIAN_POINT('',(-10.5,1.,56.));
#1395 = VECTOR('',#1396,1.);
#1396 = DIRECTION('',(-0.,-0.,-1.));
#1397 = ORIENTED_EDGE('',*,*,#1275,.F.);
#1398 = PLANE('',#1399);
#1399 = AXIS2_PLACEMENT_3D('',#1400,#1401,#1402);
#1400 = CARTESIAN_POINT('',(-10.5,-1.,56.));
#1401 = DIRECTION('',(1.,0.,0.));
#1402 = DIRECTION('',(0.,1.,0.));
#1403 = ADVANCED_FACE('',(#1404),#1422,.T.);
#1404 = FACE_BOUND('',#1405,.T.);
#1405 = EDGE_LOOP('',(#1406,#1407,#1415,#1421));
#1406 = ORIENTED_EDGE('',*,*,#1392,.T.);
#1407 = ORIENTED_EDGE('',*,*,#1408,.T.);
#1408 = EDGE_CURVE('',#1385,#1409,#1411,.T.);
#1409 = VERTEX_POINT('',#1410);
#1410 = CARTESIAN_POINT('',(-12.3,1.,51.));
#1411 = LINE('',#1412,#1413);
#1412 = CARTESIAN_POINT('',(-10.5,1.,51.));
#1413 = VECTOR('',#1414,1.);
#1414 = DIRECTION('',(-1.,0.,0.));
#1415 = ORIENTED_EDGE('',*,*,#1416,.F.);
#1416 = EDGE_CURVE('',#1260,#1409,#1417,.T.);
#1417 = LINE('',#1418,#1419);
#1418 = CARTESIAN_POINT('',(-12.3,1.,56.));
#1419 = VECTOR('',#1420,1.);
#1420 = DIRECTION('',(-0.,-0.,-1.));
#1421 = ORIENTED_EDGE('',*,*,#1267,.F.);
#1422 = PLANE('',#1423);
#1423 = AXIS2_PLACEMENT_3D('',#1424,#1425,#1426);
#1424 = CARTESIAN_POINT('',(-10.5,1.,56.));
#1425 = DIRECTION('',(0.,1.,0.));
#1426 = DIRECTION('',(-1.,0.,0.));
#1427 = ADVANCED_FACE('',(#1428),#1439,.T.);
#1428 = FACE_BOUND('',#1429,.T.);
#1429 = EDGE_LOOP('',(#1430,#1431,#1437,#1438));
#1430 = ORIENTED_EDGE('',*,*,#1416,.T.);
#1431 = ORIENTED_EDGE('',*,*,#1432,.T.);
#1432 = EDGE_CURVE('',#1409,#1353,#1433,.T.);
#1433 = LINE('',#1434,#1435);
#1434 = CARTESIAN_POINT('',(-12.3,1.,51.));
#1435 = VECTOR('',#1436,1.);
#1436 = DIRECTION('',(0.,-1.,0.));
#1437 = ORIENTED_EDGE('',*,*,#1352,.F.);
#1438 = ORIENTED_EDGE('',*,*,#1259,.F.);
#1439 = PLANE('',#1440);
#1440 = AXIS2_PLACEMENT_3D('',#1441,#1442,#1443);
#1441 = CARTESIAN_POINT('',(-12.3,1.,56.));
#1442 = DIRECTION('',(-1.,0.,0.));
#1443 = DIRECTION('',(0.,-1.,0.));
#1444 = ADVANCED_FACE('',(#1445),#1470,.T.);
#1445 = FACE_BOUND('',#1446,.T.);
#1446 = EDGE_LOOP('',(#1447,#1455,#1463,#1469));
#1447 = ORIENTED_EDGE('',*,*,#1448,.T.);
#1448 = EDGE_CURVE('',#1284,#1449,#1451,.T.);
#1449 = VERTEX_POINT('',#1450);
#1450 = CARTESIAN_POINT('',(10.5,-1.,51.));
#1451 = LINE('',#1452,#1453);
#1452 = CARTESIAN_POINT('',(10.5,-1.,56.));
#1453 = VECTOR('',#1454,1.);
#1454 = DIRECTION('',(-0.,-0.,-1.));
#1455 = ORIENTED_EDGE('',*,*,#1456,.T.);
#1456 = EDGE_CURVE('',#1449,#1457,#1459,.T.);
#1457 = VERTEX_POINT('',#1458);
#1458 = CARTESIAN_POINT('',(12.3,-1.,51.));
#1459 = LINE('',#1460,#1461);
#1460 = CARTESIAN_POINT('',(10.5,-1.,51.));
#1461 = VECTOR('',#1462,1.);
#1462 = DIRECTION('',(1.,0.,0.));
#1463 = ORIENTED_EDGE('',*,*,#1464,.F.);
#1464 = EDGE_CURVE('',#1286,#1457,#1465,.T.);
#1465 = LINE('',#1466,#1467);
#1466 = CARTESIAN_POINT('',(12.3,-1.,56.));
#1467 = VECTOR('',#1468,1.);
#1468 = DIRECTION('',(-0.,-0.,-1.));
#1469 = ORIENTED_EDGE('',*,*,#1283,.F.);
#1470 = PLANE('',#1471);
#1471 = AXIS2_PLACEMENT_3D('',#1472,#1473,#1474);
#1472 = CARTESIAN_POINT('',(10.5,-1.,56.));
#1473 = DIRECTION('',(0.,-1.,0.));
#1474 = DIRECTION('',(1.,0.,0.));
#1475 = ADVANCED_FACE('',(#1476),#1494,.T.);
#1476 = FACE_BOUND('',#1477,.T.);
#1477 = EDGE_LOOP('',(#1478,#1479,#1487,#1493));
#1478 = ORIENTED_EDGE('',*,*,#1464,.T.);
#1479 = ORIENTED_EDGE('',*,*,#1480,.T.);
#1480 = EDGE_CURVE('',#1457,#1481,#1483,.T.);
#1481 = VERTEX_POINT('',#1482);
#1482 = CARTESIAN_POINT('',(12.3,1.,51.));
#1483 = LINE('',#1484,#1485);
#1484 = CARTESIAN_POINT('',(12.3,-1.,51.));
#1485 = VECTOR('',#1486,1.);
#1486 = DIRECTION('',(0.,1.,0.));
#1487 = ORIENTED_EDGE('',*,*,#1488,.F.);
#1488 = EDGE_CURVE('',#1302,#1481,#1489,.T.);
#1489 = LINE('',#1490,#1491);
#1490 = CARTESIAN_POINT('',(12.3,1.,56.));
#1491 = VECTOR('',#1492,1.);
#1492 = DIRECTION('',(-0.,-0.,-1.));
#1493 = ORIENTED_EDGE('',*,*,#1309,.F.);
#1494 = PLANE('',#1495);
#1495 = AXIS2_PLACEMENT_3D('',#1496,#1497,#1498);
#1496 = CARTESIAN_POINT('',(12.3,-1.,56.));
#1497 = DIRECTION('',(1.,0.,0.));
#1498 = DIRECTION('',(0.,1.,0.));
#1499 = ADVANCED_FACE('',(#1500),#1518,.T.);
#1500 = FACE_BOUND('',#1501,.T.);
#1501 = EDGE_LOOP('',(#1502,#1503,#1511,#1517));
#1502 = ORIENTED_EDGE('',*,*,#1488,.T.);
#1503 = ORIENTED_EDGE('',*,*,#1504,.T.);
#1504 = EDGE_CURVE('',#1481,#1505,#1507,.T.);
#1505 = VERTEX_POINT('',#1506);
#1506 = CARTESIAN_POINT('',(10.5,1.,51.));
#1507 = LINE('',#1508,#1509);
#1508 = CARTESIAN_POINT('',(12.3,1.,51.));
#1509 = VECTOR('',#1510,1.);
#1510 = DIRECTION('',(-1.,0.,0.));
#1511 = ORIENTED_EDGE('',*,*,#1512,.F.);
#1512 = EDGE_CURVE('',#1294,#1505,#1513,.T.);
#1513 = LINE('',#1514,#1515);
#1514 = CARTESIAN_POINT('',(10.5,1.,56.));
#1515 = VECTOR('',#1516,1.);
#1516 = DIRECTION('',(-0.,-0.,-1.));
#1517 = ORIENTED_EDGE('',*,*,#1301,.F.);
#1518 = PLANE('',#1519);
#1519 = AXIS2_PLACEMENT_3D('',#1520,#1521,#1522);
#1520 = CARTESIAN_POINT('',(12.3,1.,56.));
#1521 = DIRECTION('',(0.,1.,0.));
#1522 = DIRECTION('',(-1.,0.,0.));
#1523 = ADVANCED_FACE('',(#1524),#1535,.T.);
#1524 = FACE_BOUND('',#1525,.T.);
#1525 = EDGE_LOOP('',(#1526,#1527,#1533,#1534));
#1526 = ORIENTED_EDGE('',*,*,#1512,.T.);
#1527 = ORIENTED_EDGE('',*,*,#1528,.T.);
#1528 = EDGE_CURVE('',#1505,#1449,#1529,.T.);
#1529 = LINE('',#1530,#1531);
#1530 = CARTESIAN_POINT('',(10.5,1.,51.));
#1531 = VECTOR('',#1532,1.);
#1532 = DIRECTION('',(0.,-1.,0.));
#1533 = ORIENTED_EDGE('',*,*,#1448,.F.);
#1534 = ORIENTED_EDGE('',*,*,#1293,.F.);
#1535 = PLANE('',#1536);
#1536 = AXIS2_PLACEMENT_3D('',#1537,#1538,#1539);
#1537 = CARTESIAN_POINT('',(10.5,1.,56.));
#1538 = DIRECTION('',(-1.,0.,0.));
#1539 = DIRECTION('',(0.,-1.,0.));
#1540 = ADVANCED_FACE('',(#1541),#1547,.F.);
#1541 = FACE_BOUND('',#1542,.F.);
#1542 = EDGE_LOOP('',(#1543,#1544,#1545,#1546));
#1543 = ORIENTED_EDGE('',*,*,#1360,.T.);
#1544 = ORIENTED_EDGE('',*,*,#1384,.T.);
#1545 = ORIENTED_EDGE('',*,*,#1408,.T.);
#1546 = ORIENTED_EDGE('',*,*,#1432,.T.);
#1547 = PLANE('',#1548);
#1548 = AXIS2_PLACEMENT_3D('',#1549,#1550,#1551);
#1549 = CARTESIAN_POINT('',(0.,0.,51.));
#1550 = DIRECTION('',(0.,0.,1.));
#1551 = DIRECTION('',(1.,0.,0.));
#1552 = ADVANCED_FACE('',(#1553),#1559,.F.);
#1553 = FACE_BOUND('',#1554,.F.);
#1554 = EDGE_LOOP('',(#1555,#1556,#1557,#1558));
#1555 = ORIENTED_EDGE('',*,*,#1456,.T.);
#1556 = ORIENTED_EDGE('',*,*,#1480,.T.);
#1557 = ORIENTED_EDGE('',*,*,#1504,.T.);
#1558 = ORIENTED_EDGE('',*,*,#1528,.T.);
#1559 = PLANE('',#1560);
#1560 = AXIS2_PLACEMENT_3D('',#1561,#1562,#1563);
#1561 = CARTESIAN_POINT('',(0.,0.,51.));
#1562 = DIRECTION('',(0.,0.,1.));
#1563 = DIRECTION('',(1.,0.,0.));
#1564 = MANIFOLD_SOLID_BREP('',#1565);
#1565 = CLOSED_SHELL('',(#1566,#1599,#1619,#1639,#1664,#1689,#1709,#1718
    ,#1743,#1763,#1788));
#1566 = ADVANCED_FACE('',(#1567),#1594,.T.);
#1567 = FACE_BOUND('',#1568,.T.);
#1568 = EDGE_LOOP('',(#1569,#1578,#1586,#1593));
#1569 = ORIENTED_EDGE('',*,*,#1570,.F.);
#1570 = EDGE_CURVE('',#1571,#1571,#1573,.T.);
#1571 = VERTEX_POINT('',#1572);
#1572 = CARTESIAN_POINT('',(9.75,-2.388061258337E-15,66.5));
#1573 = CIRCLE('',#1574,9.75);
#1574 = AXIS2_PLACEMENT_3D('',#1575,#1576,#1577);
#1575 = CARTESIAN_POINT('',(0.,0.,66.5));
#1576 = DIRECTION('',(0.,0.,1.));
#1577 = DIRECTION('',(1.,0.,0.));
#1578 = ORIENTED_EDGE('',*,*,#1579,.F.);
#1579 = EDGE_CURVE('',#1580,#1571,#1582,.T.);
#1580 = VERTEX_POINT('',#1581);
#1581 = CARTESIAN_POINT('',(9.75,-2.388061258337E-15,64.));
#1582 = LINE('',#1583,#1584);
#1583 = CARTESIAN_POINT('',(9.75,-2.388061258337E-15,64.));
#1584 = VECTOR('',#1585,1.);
#1585 = DIRECTION('',(0.,0.,1.));
#1586 = ORIENTED_EDGE('',*,*,#1587,.T.);
#1587 = EDGE_CURVE('',#1580,#1580,#1588,.T.);
#1588 = CIRCLE('',#1589,9.75);
#1589 = AXIS2_PLACEMENT_3D('',#1590,#1591,#1592);
#1590 = CARTESIAN_POINT('',(0.,0.,64.));
#1591 = DIRECTION('',(0.,0.,1.));
#1592 = DIRECTION('',(1.,0.,0.));
#1593 = ORIENTED_EDGE('',*,*,#1579,.T.);
#1594 = CYLINDRICAL_SURFACE('',#1595,9.75);
#1595 = AXIS2_PLACEMENT_3D('',#1596,#1597,#1598);
#1596 = CARTESIAN_POINT('',(0.,0.,64.));
#1597 = DIRECTION('',(0.,0.,1.));
#1598 = DIRECTION('',(1.,0.,0.));
#1599 = ADVANCED_FACE('',(#1600,#1603),#1614,.T.);
#1600 = FACE_BOUND('',#1601,.T.);
#1601 = EDGE_LOOP('',(#1602));
#1602 = ORIENTED_EDGE('',*,*,#1570,.T.);
#1603 = FACE_BOUND('',#1604,.T.);
#1604 = EDGE_LOOP('',(#1605));
#1605 = ORIENTED_EDGE('',*,*,#1606,.F.);
#1606 = EDGE_CURVE('',#1607,#1607,#1609,.T.);
#1607 = VERTEX_POINT('',#1608);
#1608 = CARTESIAN_POINT('',(7.9,-1.934941942653E-15,66.5));
#1609 = CIRCLE('',#1610,7.9);
#1610 = AXIS2_PLACEMENT_3D('',#1611,#1612,#1613);
#1611 = CARTESIAN_POINT('',(0.,0.,66.5));
#1612 = DIRECTION('',(0.,0.,1.));
#1613 = DIRECTION('',(1.,0.,0.));
#1614 = PLANE('',#1615);
#1615 = AXIS2_PLACEMENT_3D('',#1616,#1617,#1618);
#1616 = CARTESIAN_POINT('',(0.,0.,66.5));
#1617 = DIRECTION('',(0.,0.,1.));
#1618 = DIRECTION('',(1.,0.,0.));
#1619 = ADVANCED_FACE('',(#1620,#1623),#1634,.F.);
#1620 = FACE_BOUND('',#1621,.F.);
#1621 = EDGE_LOOP('',(#1622));
#1622 = ORIENTED_EDGE('',*,*,#1587,.T.);
#1623 = FACE_BOUND('',#1624,.F.);
#1624 = EDGE_LOOP('',(#1625));
#1625 = ORIENTED_EDGE('',*,*,#1626,.F.);
#1626 = EDGE_CURVE('',#1627,#1627,#1629,.T.);
#1627 = VERTEX_POINT('',#1628);
#1628 = CARTESIAN_POINT('',(4.5,-1.102182119233E-15,64.));
#1629 = CIRCLE('',#1630,4.5);
#1630 = AXIS2_PLACEMENT_3D('',#1631,#1632,#1633);
#1631 = CARTESIAN_POINT('',(0.,0.,64.));
#1632 = DIRECTION('',(0.,0.,1.));
#1633 = DIRECTION('',(1.,0.,0.));
#1634 = PLANE('',#1635);
#1635 = AXIS2_PLACEMENT_3D('',#1636,#1637,#1638);
#1636 = CARTESIAN_POINT('',(0.,0.,64.));
#1637 = DIRECTION('',(0.,0.,1.));
#1638 = DIRECTION('',(1.,0.,0.));
#1639 = ADVANCED_FACE('',(#1640),#1659,.T.);
#1640 = FACE_BOUND('',#1641,.T.);
#1641 = EDGE_LOOP('',(#1642,#1651,#1657,#1658));
#1642 = ORIENTED_EDGE('',*,*,#1643,.F.);
#1643 = EDGE_CURVE('',#1644,#1644,#1646,.T.);
#1644 = VERTEX_POINT('',#1645);
#1645 = CARTESIAN_POINT('',(7.9,-1.934941942653E-15,68.));
#1646 = CIRCLE('',#1647,7.9);
#1647 = AXIS2_PLACEMENT_3D('',#1648,#1649,#1650);
#1648 = CARTESIAN_POINT('',(0.,0.,68.));
#1649 = DIRECTION('',(0.,0.,1.));
#1650 = DIRECTION('',(1.,0.,0.));
#1651 = ORIENTED_EDGE('',*,*,#1652,.F.);
#1652 = EDGE_CURVE('',#1607,#1644,#1653,.T.);
#1653 = LINE('',#1654,#1655);
#1654 = CARTESIAN_POINT('',(7.9,-1.934941942653E-15,66.5));
#1655 = VECTOR('',#1656,1.);
#1656 = DIRECTION('',(0.,0.,1.));
#1657 = ORIENTED_EDGE('',*,*,#1606,.T.);
#1658 = ORIENTED_EDGE('',*,*,#1652,.T.);
#1659 = CYLINDRICAL_SURFACE('',#1660,7.9);
#1660 = AXIS2_PLACEMENT_3D('',#1661,#1662,#1663);
#1661 = CARTESIAN_POINT('',(0.,0.,66.5));
#1662 = DIRECTION('',(0.,0.,1.));
#1663 = DIRECTION('',(1.,0.,0.));
#1664 = ADVANCED_FACE('',(#1665),#1684,.T.);
#1665 = FACE_BOUND('',#1666,.T.);
#1666 = EDGE_LOOP('',(#1667,#1668,#1676,#1683));
#1667 = ORIENTED_EDGE('',*,*,#1626,.F.);
#1668 = ORIENTED_EDGE('',*,*,#1669,.F.);
#1669 = EDGE_CURVE('',#1670,#1627,#1672,.T.);
#1670 = VERTEX_POINT('',#1671);
#1671 = CARTESIAN_POINT('',(4.5,-1.102182119233E-15,57.));
#1672 = LINE('',#1673,#1674);
#1673 = CARTESIAN_POINT('',(4.5,-1.102182119233E-15,57.));
#1674 = VECTOR('',#1675,1.);
#1675 = DIRECTION('',(0.,0.,1.));
#1676 = ORIENTED_EDGE('',*,*,#1677,.T.);
#1677 = EDGE_CURVE('',#1670,#1670,#1678,.T.);
#1678 = CIRCLE('',#1679,4.5);
#1679 = AXIS2_PLACEMENT_3D('',#1680,#1681,#1682);
#1680 = CARTESIAN_POINT('',(0.,0.,57.));
#1681 = DIRECTION('',(0.,0.,1.));
#1682 = DIRECTION('',(1.,0.,0.));
#1683 = ORIENTED_EDGE('',*,*,#1669,.T.);
#1684 = CYLINDRICAL_SURFACE('',#1685,4.5);
#1685 = AXIS2_PLACEMENT_3D('',#1686,#1687,#1688);
#1686 = CARTESIAN_POINT('',(0.,0.,57.));
#1687 = DIRECTION('',(0.,0.,1.));
#1688 = DIRECTION('',(1.,0.,0.));
#1689 = ADVANCED_FACE('',(#1690,#1701),#1704,.F.);
#1690 = FACE_BOUND('',#1691,.F.);
#1691 = EDGE_LOOP('',(#1692));
#1692 = ORIENTED_EDGE('',*,*,#1693,.T.);
#1693 = EDGE_CURVE('',#1694,#1694,#1696,.T.);
#1694 = VERTEX_POINT('',#1695);
#1695 = CARTESIAN_POINT('',(9.75,-2.388061258337E-15,68.));
#1696 = CIRCLE('',#1697,9.75);
#1697 = AXIS2_PLACEMENT_3D('',#1698,#1699,#1700);
#1698 = CARTESIAN_POINT('',(0.,0.,68.));
#1699 = DIRECTION('',(0.,0.,1.));
#1700 = DIRECTION('',(1.,0.,0.));
#1701 = FACE_BOUND('',#1702,.F.);
#1702 = EDGE_LOOP('',(#1703));
#1703 = ORIENTED_EDGE('',*,*,#1643,.F.);
#1704 = PLANE('',#1705);
#1705 = AXIS2_PLACEMENT_3D('',#1706,#1707,#1708);
#1706 = CARTESIAN_POINT('',(0.,0.,68.));
#1707 = DIRECTION('',(0.,0.,1.));
#1708 = DIRECTION('',(1.,0.,0.));
#1709 = ADVANCED_FACE('',(#1710),#1713,.F.);
#1710 = FACE_BOUND('',#1711,.T.);
#1711 = EDGE_LOOP('',(#1712));
#1712 = ORIENTED_EDGE('',*,*,#1677,.F.);
#1713 = PLANE('',#1714);
#1714 = AXIS2_PLACEMENT_3D('',#1715,#1716,#1717);
#1715 = CARTESIAN_POINT('',(0.,0.,57.));
#1716 = DIRECTION('',(0.,0.,1.));
#1717 = DIRECTION('',(1.,0.,0.));
#1718 = ADVANCED_FACE('',(#1719),#1738,.T.);
#1719 = FACE_BOUND('',#1720,.T.);
#1720 = EDGE_LOOP('',(#1721,#1730,#1736,#1737));
#1721 = ORIENTED_EDGE('',*,*,#1722,.F.);
#1722 = EDGE_CURVE('',#1723,#1723,#1725,.T.);
#1723 = VERTEX_POINT('',#1724);
#1724 = CARTESIAN_POINT('',(9.75,-2.388061258337E-15,71.5));
#1725 = CIRCLE('',#1726,9.75);
#1726 = AXIS2_PLACEMENT_3D('',#1727,#1728,#1729);
#1727 = CARTESIAN_POINT('',(0.,0.,71.5));
#1728 = DIRECTION('',(0.,0.,1.));
#1729 = DIRECTION('',(1.,0.,0.));
#1730 = ORIENTED_EDGE('',*,*,#1731,.F.);
#1731 = EDGE_CURVE('',#1694,#1723,#1732,.T.);
#1732 = LINE('',#1733,#1734);
#1733 = CARTESIAN_POINT('',(9.75,-2.388061258337E-15,68.));
#1734 = VECTOR('',#1735,1.);
#1735 = DIRECTION('',(0.,0.,1.));
#1736 = ORIENTED_EDGE('',*,*,#1693,.T.);
#1737 = ORIENTED_EDGE('',*,*,#1731,.T.);
#1738 = CYLINDRICAL_SURFACE('',#1739,9.75);
#1739 = AXIS2_PLACEMENT_3D('',#1740,#1741,#1742);
#1740 = CARTESIAN_POINT('',(0.,0.,68.));
#1741 = DIRECTION('',(0.,0.,1.));
#1742 = DIRECTION('',(1.,0.,0.));
#1743 = ADVANCED_FACE('',(#1744,#1747),#1758,.T.);
#1744 = FACE_BOUND('',#1745,.T.);
#1745 = EDGE_LOOP('',(#1746));
#1746 = ORIENTED_EDGE('',*,*,#1722,.T.);
#1747 = FACE_BOUND('',#1748,.T.);
#1748 = EDGE_LOOP('',(#1749));
#1749 = ORIENTED_EDGE('',*,*,#1750,.F.);
#1750 = EDGE_CURVE('',#1751,#1751,#1753,.T.);
#1751 = VERTEX_POINT('',#1752);
#1752 = CARTESIAN_POINT('',(7.9,-1.934941942653E-15,71.5));
#1753 = CIRCLE('',#1754,7.9);
#1754 = AXIS2_PLACEMENT_3D('',#1755,#1756,#1757);
#1755 = CARTESIAN_POINT('',(0.,0.,71.5));
#1756 = DIRECTION('',(0.,0.,1.));
#1757 = DIRECTION('',(1.,0.,0.));
#1758 = PLANE('',#1759);
#1759 = AXIS2_PLACEMENT_3D('',#1760,#1761,#1762);
#1760 = CARTESIAN_POINT('',(0.,0.,71.5));
#1761 = DIRECTION('',(0.,0.,1.));
#1762 = DIRECTION('',(1.,0.,0.));
#1763 = ADVANCED_FACE('',(#1764),#1783,.T.);
#1764 = FACE_BOUND('',#1765,.T.);
#1765 = EDGE_LOOP('',(#1766,#1774,#1781,#1782));
#1766 = ORIENTED_EDGE('',*,*,#1767,.T.);
#1767 = EDGE_CURVE('',#1751,#1768,#1770,.T.);
#1768 = VERTEX_POINT('',#1769);
#1769 = CARTESIAN_POINT('',(7.9,-1.934941942653E-15,74.5));
#1770 = LINE('',#1771,#1772);
#1771 = CARTESIAN_POINT('',(7.9,-1.934941942653E-15,66.5));
#1772 = VECTOR('',#1773,1.);
#1773 = DIRECTION('',(0.,0.,1.));
#1774 = ORIENTED_EDGE('',*,*,#1775,.F.);
#1775 = EDGE_CURVE('',#1768,#1768,#1776,.T.);
#1776 = CIRCLE('',#1777,7.9);
#1777 = AXIS2_PLACEMENT_3D('',#1778,#1779,#1780);
#1778 = CARTESIAN_POINT('',(0.,0.,74.5));
#1779 = DIRECTION('',(0.,0.,1.));
#1780 = DIRECTION('',(1.,0.,0.));
#1781 = ORIENTED_EDGE('',*,*,#1767,.F.);
#1782 = ORIENTED_EDGE('',*,*,#1750,.T.);
#1783 = CYLINDRICAL_SURFACE('',#1784,7.9);
#1784 = AXIS2_PLACEMENT_3D('',#1785,#1786,#1787);
#1785 = CARTESIAN_POINT('',(0.,0.,66.5));
#1786 = DIRECTION('',(0.,0.,1.));
#1787 = DIRECTION('',(1.,0.,0.));
#1788 = ADVANCED_FACE('',(#1789),#1792,.T.);
#1789 = FACE_BOUND('',#1790,.T.);
#1790 = EDGE_LOOP('',(#1791));
#1791 = ORIENTED_EDGE('',*,*,#1775,.T.);
#1792 = PLANE('',#1793);
#1793 = AXIS2_PLACEMENT_3D('',#1794,#1795,#1796);
#1794 = CARTESIAN_POINT('',(0.,0.,74.5));
#1795 = DIRECTION('',(0.,0.,1.));
#1796 = DIRECTION('',(1.,0.,0.));
#1797 = MANIFOLD_SOLID_BREP('',#1798);
#1798 = CLOSED_SHELL('',(#1799,#1832,#1841));
#1799 = ADVANCED_FACE('',(#1800),#1827,.T.);
#1800 = FACE_BOUND('',#1801,.T.);
#1801 = EDGE_LOOP('',(#1802,#1811,#1819,#1826));
#1802 = ORIENTED_EDGE('',*,*,#1803,.F.);
#1803 = EDGE_CURVE('',#1804,#1804,#1806,.T.);
#1804 = VERTEX_POINT('',#1805);
#1805 = CARTESIAN_POINT('',(-2.5,-1.224646799147E-15,2.1));
#1806 = CIRCLE('',#1807,5.);
#1807 = AXIS2_PLACEMENT_3D('',#1808,#1809,#1810);
#1808 = CARTESIAN_POINT('',(-7.5,0.,2.1));
#1809 = DIRECTION('',(0.,0.,1.));
#1810 = DIRECTION('',(1.,0.,0.));
#1811 = ORIENTED_EDGE('',*,*,#1812,.F.);
#1812 = EDGE_CURVE('',#1813,#1804,#1815,.T.);
#1813 = VERTEX_POINT('',#1814);
#1814 = CARTESIAN_POINT('',(-2.5,-1.224646799147E-15,0.1));
#1815 = LINE('',#1816,#1817);
#1816 = CARTESIAN_POINT('',(-2.5,-1.224646799147E-15,0.1));
#1817 = VECTOR('',#1818,1.);
#1818 = DIRECTION('',(0.,0.,1.));
#1819 = ORIENTED_EDGE('',*,*,#1820,.T.);
#1820 = EDGE_CURVE('',#1813,#1813,#1821,.T.);
#1821 = CIRCLE('',#1822,5.);
#1822 = AXIS2_PLACEMENT_3D('',#1823,#1824,#1825);
#1823 = CARTESIAN_POINT('',(-7.5,0.,0.1));
#1824 = DIRECTION('',(0.,0.,1.));
#1825 = DIRECTION('',(1.,0.,0.));
#1826 = ORIENTED_EDGE('',*,*,#1812,.T.);
#1827 = CYLINDRICAL_SURFACE('',#1828,5.);
#1828 = AXIS2_PLACEMENT_3D('',#1829,#1830,#1831);
#1829 = CARTESIAN_POINT('',(-7.5,0.,0.1));
#1830 = DIRECTION('',(0.,0.,1.));
#1831 = DIRECTION('',(1.,0.,0.));
#1832 = ADVANCED_FACE('',(#1833),#1836,.T.);
#1833 = FACE_BOUND('',#1834,.T.);
#1834 = EDGE_LOOP('',(#1835));
#1835 = ORIENTED_EDGE('',*,*,#1803,.T.);
#1836 = PLANE('',#1837);
#1837 = AXIS2_PLACEMENT_3D('',#1838,#1839,#1840);
#1838 = CARTESIAN_POINT('',(-7.5,0.,2.1));
#1839 = DIRECTION('',(0.,0.,1.));
#1840 = DIRECTION('',(1.,0.,0.));
#1841 = ADVANCED_FACE('',(#1842),#1845,.F.);
#1842 = FACE_BOUND('',#1843,.T.);
#1843 = EDGE_LOOP('',(#1844));
#1844 = ORIENTED_EDGE('',*,*,#1820,.F.);
#1845 = PLANE('',#1846);
#1846 = AXIS2_PLACEMENT_3D('',#1847,#1848,#1849);
#1847 = CARTESIAN_POINT('',(-7.5,0.,0.1));
#1848 = DIRECTION('',(0.,0.,1.));
#1849 = DIRECTION('',(1.,0.,0.));
#1850 = MANIFOLD_SOLID_BREP('',#1851);
#1851 = CLOSED_SHELL('',(#1852,#1885,#1894));
#1852 = ADVANCED_FACE('',(#1853),#1880,.T.);
#1853 = FACE_BOUND('',#1854,.T.);
#1854 = EDGE_LOOP('',(#1855,#1864,#1872,#1879));
#1855 = ORIENTED_EDGE('',*,*,#1856,.F.);
#1856 = EDGE_CURVE('',#1857,#1857,#1859,.T.);
#1857 = VERTEX_POINT('',#1858);
#1858 = CARTESIAN_POINT('',(12.5,-1.224646799147E-15,2.1));
#1859 = CIRCLE('',#1860,5.);
#1860 = AXIS2_PLACEMENT_3D('',#1861,#1862,#1863);
#1861 = CARTESIAN_POINT('',(7.5,0.,2.1));
#1862 = DIRECTION('',(0.,0.,1.));
#1863 = DIRECTION('',(1.,0.,0.));
#1864 = ORIENTED_EDGE('',*,*,#1865,.F.);
#1865 = EDGE_CURVE('',#1866,#1857,#1868,.T.);
#1866 = VERTEX_POINT('',#1867);
#1867 = CARTESIAN_POINT('',(12.5,-1.224646799147E-15,0.1));
#1868 = LINE('',#1869,#1870);
#1869 = CARTESIAN_POINT('',(12.5,-1.224646799147E-15,0.1));
#1870 = VECTOR('',#1871,1.);
#1871 = DIRECTION('',(0.,0.,1.));
#1872 = ORIENTED_EDGE('',*,*,#1873,.T.);
#1873 = EDGE_CURVE('',#1866,#1866,#1874,.T.);
#1874 = CIRCLE('',#1875,5.);
#1875 = AXIS2_PLACEMENT_3D('',#1876,#1877,#1878);
#1876 = CARTESIAN_POINT('',(7.5,0.,0.1));
#1877 = DIRECTION('',(0.,0.,1.));
#1878 = DIRECTION('',(1.,0.,0.));
#1879 = ORIENTED_EDGE('',*,*,#1865,.T.);
#1880 = CYLINDRICAL_SURFACE('',#1881,5.);
#1881 = AXIS2_PLACEMENT_3D('',#1882,#1883,#1884);
#1882 = CARTESIAN_POINT('',(7.5,0.,0.1));
#1883 = DIRECTION('',(0.,0.,1.));
#1884 = DIRECTION('',(1.,0.,0.));
#1885 = ADVANCED_FACE('',(#1886),#1889,.T.);
#1886 = FACE_BOUND('',#1887,.T.);
#1887 = EDGE_LOOP('',(#1888));
#1888 = ORIENTED_EDGE('',*,*,#1856,.T.);
#1889 = PLANE('',#1890);
#1890 = AXIS2_PLACEMENT_3D('',#1891,#1892,#1893);
#1891 = CARTESIAN_POINT('',(7.5,0.,2.1));
#1892 = DIRECTION('',(0.,0.,1.));
#1893 = DIRECTION('',(1.,0.,0.));
#1894 = ADVANCED_FACE('',(#1895),#1898,.F.);
#1895 = FACE_BOUND('',#1896,.T.);
#1896 = EDGE_LOOP('',(#1897));
#1897 = ORIENTED_EDGE('',*,*,#1873,.F.);
#1898 = PLANE('',#1899);
#1899 = AXIS2_PLACEMENT_3D('',#1900,#1901,#1902);
#1900 = CARTESIAN_POINT('',(7.5,0.,0.1));
#1901 = DIRECTION('',(0.,0.,1.));
#1902 = DIRECTION('',(1.,0.,0.));
#1903 = MANIFOLD_SOLID_BREP('',#1904);
#1904 = CLOSED_SHELL('',(#1905,#1938,#1958,#1967,#1992,#2012,#2037));
#1905 = ADVANCED_FACE('',(#1906),#1933,.T.);
#1906 = FACE_BOUND('',#1907,.T.);
#1907 = EDGE_LOOP('',(#1908,#1918,#1925,#1926));
#1908 = ORIENTED_EDGE('',*,*,#1909,.T.);
#1909 = EDGE_CURVE('',#1910,#1912,#1914,.T.);
#1910 = VERTEX_POINT('',#1911);
#1911 = CARTESIAN_POINT('',(1.5,-20.5,6.5));
#1912 = VERTEX_POINT('',#1913);
#1913 = CARTESIAN_POINT('',(1.5,-20.5,7.));
#1914 = LINE('',#1915,#1916);
#1915 = CARTESIAN_POINT('',(1.5,-20.5,-1.));
#1916 = VECTOR('',#1917,1.);
#1917 = DIRECTION('',(0.,0.,1.));
#1918 = ORIENTED_EDGE('',*,*,#1919,.F.);
#1919 = EDGE_CURVE('',#1912,#1912,#1920,.T.);
#1920 = CIRCLE('',#1921,1.5);
#1921 = AXIS2_PLACEMENT_3D('',#1922,#1923,#1924);
#1922 = CARTESIAN_POINT('',(0.,-20.5,7.));
#1923 = DIRECTION('',(0.,0.,1.));
#1924 = DIRECTION('',(1.,0.,0.));
#1925 = ORIENTED_EDGE('',*,*,#1909,.F.);
#1926 = ORIENTED_EDGE('',*,*,#1927,.T.);
#1927 = EDGE_CURVE('',#1910,#1910,#1928,.T.);
#1928 = CIRCLE('',#1929,1.5);
#1929 = AXIS2_PLACEMENT_3D('',#1930,#1931,#1932);
#1930 = CARTESIAN_POINT('',(0.,-20.5,6.5));
#1931 = DIRECTION('',(0.,0.,1.));
#1932 = DIRECTION('',(1.,0.,0.));
#1933 = CYLINDRICAL_SURFACE('',#1934,1.5);
#1934 = AXIS2_PLACEMENT_3D('',#1935,#1936,#1937);
#1935 = CARTESIAN_POINT('',(0.,-20.5,-1.));
#1936 = DIRECTION('',(0.,0.,1.));
#1937 = DIRECTION('',(1.,0.,0.));
#1938 = ADVANCED_FACE('',(#1939,#1950),#1953,.T.);
#1939 = FACE_BOUND('',#1940,.T.);
#1940 = EDGE_LOOP('',(#1941));
#1941 = ORIENTED_EDGE('',*,*,#1942,.T.);
#1942 = EDGE_CURVE('',#1943,#1943,#1945,.T.);
#1943 = VERTEX_POINT('',#1944);
#1944 = CARTESIAN_POINT('',(2.7,-20.5,6.5));
#1945 = CIRCLE('',#1946,2.7);
#1946 = AXIS2_PLACEMENT_3D('',#1947,#1948,#1949);
#1947 = CARTESIAN_POINT('',(0.,-20.5,6.5));
#1948 = DIRECTION('',(0.,0.,1.));
#1949 = DIRECTION('',(1.,0.,0.));
#1950 = FACE_BOUND('',#1951,.T.);
#1951 = EDGE_LOOP('',(#1952));
#1952 = ORIENTED_EDGE('',*,*,#1927,.F.);
#1953 = PLANE('',#1954);
#1954 = AXIS2_PLACEMENT_3D('',#1955,#1956,#1957);
#1955 = CARTESIAN_POINT('',(0.,-20.5,6.5));
#1956 = DIRECTION('',(0.,0.,1.));
#1957 = DIRECTION('',(1.,0.,0.));
#1958 = ADVANCED_FACE('',(#1959),#1962,.T.);
#1959 = FACE_BOUND('',#1960,.T.);
#1960 = EDGE_LOOP('',(#1961));
#1961 = ORIENTED_EDGE('',*,*,#1919,.T.);
#1962 = PLANE('',#1963);
#1963 = AXIS2_PLACEMENT_3D('',#1964,#1965,#1966);
#1964 = CARTESIAN_POINT('',(0.,-20.5,7.));
#1965 = DIRECTION('',(0.,0.,1.));
#1966 = DIRECTION('',(1.,0.,0.));
#1967 = ADVANCED_FACE('',(#1968),#1987,.T.);
#1968 = FACE_BOUND('',#1969,.T.);
#1969 = EDGE_LOOP('',(#1970,#1971,#1979,#1986));
#1970 = ORIENTED_EDGE('',*,*,#1942,.F.);
#1971 = ORIENTED_EDGE('',*,*,#1972,.F.);
#1972 = EDGE_CURVE('',#1973,#1943,#1975,.T.);
#1973 = VERTEX_POINT('',#1974);
#1974 = CARTESIAN_POINT('',(2.7,-20.5,4.));
#1975 = LINE('',#1976,#1977);
#1976 = CARTESIAN_POINT('',(2.7,-20.5,4.));
#1977 = VECTOR('',#1978,1.);
#1978 = DIRECTION('',(0.,0.,1.));
#1979 = ORIENTED_EDGE('',*,*,#1980,.T.);
#1980 = EDGE_CURVE('',#1973,#1973,#1981,.T.);
#1981 = CIRCLE('',#1982,2.7);
#1982 = AXIS2_PLACEMENT_3D('',#1983,#1984,#1985);
#1983 = CARTESIAN_POINT('',(0.,-20.5,4.));
#1984 = DIRECTION('',(0.,0.,1.));
#1985 = DIRECTION('',(1.,0.,0.));
#1986 = ORIENTED_EDGE('',*,*,#1972,.T.);
#1987 = CYLINDRICAL_SURFACE('',#1988,2.7);
#1988 = AXIS2_PLACEMENT_3D('',#1989,#1990,#1991);
#1989 = CARTESIAN_POINT('',(0.,-20.5,4.));
#1990 = DIRECTION('',(0.,0.,1.));
#1991 = DIRECTION('',(1.,0.,0.));
#1992 = ADVANCED_FACE('',(#1993,#1996),#2007,.F.);
#1993 = FACE_BOUND('',#1994,.F.);
#1994 = EDGE_LOOP('',(#1995));
#1995 = ORIENTED_EDGE('',*,*,#1980,.T.);
#1996 = FACE_BOUND('',#1997,.F.);
#1997 = EDGE_LOOP('',(#1998));
#1998 = ORIENTED_EDGE('',*,*,#1999,.F.);
#1999 = EDGE_CURVE('',#2000,#2000,#2002,.T.);
#2000 = VERTEX_POINT('',#2001);
#2001 = CARTESIAN_POINT('',(1.5,-20.5,4.));
#2002 = CIRCLE('',#2003,1.5);
#2003 = AXIS2_PLACEMENT_3D('',#2004,#2005,#2006);
#2004 = CARTESIAN_POINT('',(0.,-20.5,4.));
#2005 = DIRECTION('',(0.,0.,1.));
#2006 = DIRECTION('',(1.,0.,0.));
#2007 = PLANE('',#2008);
#2008 = AXIS2_PLACEMENT_3D('',#2009,#2010,#2011);
#2009 = CARTESIAN_POINT('',(0.,-20.5,4.));
#2010 = DIRECTION('',(0.,0.,1.));
#2011 = DIRECTION('',(1.,0.,0.));
#2012 = ADVANCED_FACE('',(#2013),#2032,.T.);
#2013 = FACE_BOUND('',#2014,.T.);
#2014 = EDGE_LOOP('',(#2015,#2016,#2024,#2031));
#2015 = ORIENTED_EDGE('',*,*,#1999,.F.);
#2016 = ORIENTED_EDGE('',*,*,#2017,.F.);
#2017 = EDGE_CURVE('',#2018,#2000,#2020,.T.);
#2018 = VERTEX_POINT('',#2019);
#2019 = CARTESIAN_POINT('',(1.5,-20.5,-1.));
#2020 = LINE('',#2021,#2022);
#2021 = CARTESIAN_POINT('',(1.5,-20.5,-1.));
#2022 = VECTOR('',#2023,1.);
#2023 = DIRECTION('',(0.,0.,1.));
#2024 = ORIENTED_EDGE('',*,*,#2025,.T.);
#2025 = EDGE_CURVE('',#2018,#2018,#2026,.T.);
#2026 = CIRCLE('',#2027,1.5);
#2027 = AXIS2_PLACEMENT_3D('',#2028,#2029,#2030);
#2028 = CARTESIAN_POINT('',(0.,-20.5,-1.));
#2029 = DIRECTION('',(0.,0.,1.));
#2030 = DIRECTION('',(1.,0.,0.));
#2031 = ORIENTED_EDGE('',*,*,#2017,.T.);
#2032 = CYLINDRICAL_SURFACE('',#2033,1.5);
#2033 = AXIS2_PLACEMENT_3D('',#2034,#2035,#2036);
#2034 = CARTESIAN_POINT('',(0.,-20.5,-1.));
#2035 = DIRECTION('',(0.,0.,1.));
#2036 = DIRECTION('',(1.,0.,0.));
#2037 = ADVANCED_FACE('',(#2038),#2041,.F.);
#2038 = FACE_BOUND('',#2039,.T.);
#2039 = EDGE_LOOP('',(#2040));
#2040 = ORIENTED_EDGE('',*,*,#2025,.F.);
#2041 = PLANE('',#2042);
#2042 = AXIS2_PLACEMENT_3D('',#2043,#2044,#2045);
#2043 = CARTESIAN_POINT('',(0.,-20.5,-1.));
#2044 = DIRECTION('',(0.,0.,1.));
#2045 = DIRECTION('',(1.,0.,0.));
#2046 = MANIFOLD_SOLID_BREP('',#2047);
#2047 = CLOSED_SHELL('',(#2048,#2081,#2101,#2110,#2135,#2155,#2180));
#2048 = ADVANCED_FACE('',(#2049),#2076,.T.);
#2049 = FACE_BOUND('',#2050,.T.);
#2050 = EDGE_LOOP('',(#2051,#2061,#2068,#2069));
#2051 = ORIENTED_EDGE('',*,*,#2052,.T.);
#2052 = EDGE_CURVE('',#2053,#2055,#2057,.T.);
#2053 = VERTEX_POINT('',#2054);
#2054 = CARTESIAN_POINT('',(1.5,20.5,6.5));
#2055 = VERTEX_POINT('',#2056);
#2056 = CARTESIAN_POINT('',(1.5,20.5,7.));
#2057 = LINE('',#2058,#2059);
#2058 = CARTESIAN_POINT('',(1.5,20.5,-1.));
#2059 = VECTOR('',#2060,1.);
#2060 = DIRECTION('',(0.,0.,1.));
#2061 = ORIENTED_EDGE('',*,*,#2062,.F.);
#2062 = EDGE_CURVE('',#2055,#2055,#2063,.T.);
#2063 = CIRCLE('',#2064,1.5);
#2064 = AXIS2_PLACEMENT_3D('',#2065,#2066,#2067);
#2065 = CARTESIAN_POINT('',(0.,20.5,7.));
#2066 = DIRECTION('',(0.,0.,1.));
#2067 = DIRECTION('',(1.,0.,0.));
#2068 = ORIENTED_EDGE('',*,*,#2052,.F.);
#2069 = ORIENTED_EDGE('',*,*,#2070,.T.);
#2070 = EDGE_CURVE('',#2053,#2053,#2071,.T.);
#2071 = CIRCLE('',#2072,1.5);
#2072 = AXIS2_PLACEMENT_3D('',#2073,#2074,#2075);
#2073 = CARTESIAN_POINT('',(0.,20.5,6.5));
#2074 = DIRECTION('',(0.,0.,1.));
#2075 = DIRECTION('',(1.,0.,0.));
#2076 = CYLINDRICAL_SURFACE('',#2077,1.5);
#2077 = AXIS2_PLACEMENT_3D('',#2078,#2079,#2080);
#2078 = CARTESIAN_POINT('',(0.,20.5,-1.));
#2079 = DIRECTION('',(0.,0.,1.));
#2080 = DIRECTION('',(1.,0.,0.));
#2081 = ADVANCED_FACE('',(#2082,#2093),#2096,.T.);
#2082 = FACE_BOUND('',#2083,.T.);
#2083 = EDGE_LOOP('',(#2084));
#2084 = ORIENTED_EDGE('',*,*,#2085,.T.);
#2085 = EDGE_CURVE('',#2086,#2086,#2088,.T.);
#2086 = VERTEX_POINT('',#2087);
#2087 = CARTESIAN_POINT('',(2.7,20.5,6.5));
#2088 = CIRCLE('',#2089,2.7);
#2089 = AXIS2_PLACEMENT_3D('',#2090,#2091,#2092);
#2090 = CARTESIAN_POINT('',(0.,20.5,6.5));
#2091 = DIRECTION('',(0.,0.,1.));
#2092 = DIRECTION('',(1.,0.,0.));
#2093 = FACE_BOUND('',#2094,.T.);
#2094 = EDGE_LOOP('',(#2095));
#2095 = ORIENTED_EDGE('',*,*,#2070,.F.);
#2096 = PLANE('',#2097);
#2097 = AXIS2_PLACEMENT_3D('',#2098,#2099,#2100);
#2098 = CARTESIAN_POINT('',(0.,20.5,6.5));
#2099 = DIRECTION('',(0.,0.,1.));
#2100 = DIRECTION('',(1.,0.,0.));
#2101 = ADVANCED_FACE('',(#2102),#2105,.T.);
#2102 = FACE_BOUND('',#2103,.T.);
#2103 = EDGE_LOOP('',(#2104));
#2104 = ORIENTED_EDGE('',*,*,#2062,.T.);
#2105 = PLANE('',#2106);
#2106 = AXIS2_PLACEMENT_3D('',#2107,#2108,#2109);
#2107 = CARTESIAN_POINT('',(0.,20.5,7.));
#2108 = DIRECTION('',(0.,0.,1.));
#2109 = DIRECTION('',(1.,0.,0.));
#2110 = ADVANCED_FACE('',(#2111),#2130,.T.);
#2111 = FACE_BOUND('',#2112,.T.);
#2112 = EDGE_LOOP('',(#2113,#2114,#2122,#2129));
#2113 = ORIENTED_EDGE('',*,*,#2085,.F.);
#2114 = ORIENTED_EDGE('',*,*,#2115,.F.);
#2115 = EDGE_CURVE('',#2116,#2086,#2118,.T.);
#2116 = VERTEX_POINT('',#2117);
#2117 = CARTESIAN_POINT('',(2.7,20.5,4.));
#2118 = LINE('',#2119,#2120);
#2119 = CARTESIAN_POINT('',(2.7,20.5,4.));
#2120 = VECTOR('',#2121,1.);
#2121 = DIRECTION('',(0.,0.,1.));
#2122 = ORIENTED_EDGE('',*,*,#2123,.T.);
#2123 = EDGE_CURVE('',#2116,#2116,#2124,.T.);
#2124 = CIRCLE('',#2125,2.7);
#2125 = AXIS2_PLACEMENT_3D('',#2126,#2127,#2128);
#2126 = CARTESIAN_POINT('',(0.,20.5,4.));
#2127 = DIRECTION('',(0.,0.,1.));
#2128 = DIRECTION('',(1.,0.,0.));
#2129 = ORIENTED_EDGE('',*,*,#2115,.T.);
#2130 = CYLINDRICAL_SURFACE('',#2131,2.7);
#2131 = AXIS2_PLACEMENT_3D('',#2132,#2133,#2134);
#2132 = CARTESIAN_POINT('',(0.,20.5,4.));
#2133 = DIRECTION('',(0.,0.,1.));
#2134 = DIRECTION('',(1.,0.,0.));
#2135 = ADVANCED_FACE('',(#2136,#2139),#2150,.F.);
#2136 = FACE_BOUND('',#2137,.F.);
#2137 = EDGE_LOOP('',(#2138));
#2138 = ORIENTED_EDGE('',*,*,#2123,.T.);
#2139 = FACE_BOUND('',#2140,.F.);
#2140 = EDGE_LOOP('',(#2141));
#2141 = ORIENTED_EDGE('',*,*,#2142,.F.);
#2142 = EDGE_CURVE('',#2143,#2143,#2145,.T.);
#2143 = VERTEX_POINT('',#2144);
#2144 = CARTESIAN_POINT('',(1.5,20.5,4.));
#2145 = CIRCLE('',#2146,1.5);
#2146 = AXIS2_PLACEMENT_3D('',#2147,#2148,#2149);
#2147 = CARTESIAN_POINT('',(0.,20.5,4.));
#2148 = DIRECTION('',(0.,0.,1.));
#2149 = DIRECTION('',(1.,0.,0.));
#2150 = PLANE('',#2151);
#2151 = AXIS2_PLACEMENT_3D('',#2152,#2153,#2154);
#2152 = CARTESIAN_POINT('',(0.,20.5,4.));
#2153 = DIRECTION('',(0.,0.,1.));
#2154 = DIRECTION('',(1.,0.,0.));
#2155 = ADVANCED_FACE('',(#2156),#2175,.T.);
#2156 = FACE_BOUND('',#2157,.T.);
#2157 = EDGE_LOOP('',(#2158,#2159,#2167,#2174));
#2158 = ORIENTED_EDGE('',*,*,#2142,.F.);
#2159 = ORIENTED_EDGE('',*,*,#2160,.F.);
#2160 = EDGE_CURVE('',#2161,#2143,#2163,.T.);
#2161 = VERTEX_POINT('',#2162);
#2162 = CARTESIAN_POINT('',(1.5,20.5,-1.));
#2163 = LINE('',#2164,#2165);
#2164 = CARTESIAN_POINT('',(1.5,20.5,-1.));
#2165 = VECTOR('',#2166,1.);
#2166 = DIRECTION('',(0.,0.,1.));
#2167 = ORIENTED_EDGE('',*,*,#2168,.T.);
#2168 = EDGE_CURVE('',#2161,#2161,#2169,.T.);
#2169 = CIRCLE('',#2170,1.5);
#2170 = AXIS2_PLACEMENT_3D('',#2171,#2172,#2173);
#2171 = CARTESIAN_POINT('',(0.,20.5,-1.));
#2172 = DIRECTION('',(0.,0.,1.));
#2173 = DIRECTION('',(1.,0.,0.));
#2174 = ORIENTED_EDGE('',*,*,#2160,.T.);
#2175 = CYLINDRICAL_SURFACE('',#2176,1.5);
#2176 = AXIS2_PLACEMENT_3D('',#2177,#2178,#2179);
#2177 = CARTESIAN_POINT('',(0.,20.5,-1.));
#2178 = DIRECTION('',(0.,0.,1.));
#2179 = DIRECTION('',(1.,0.,0.));
#2180 = ADVANCED_FACE('',(#2181),#2184,.F.);
#2181 = FACE_BOUND('',#2182,.T.);
#2182 = EDGE_LOOP('',(#2183));
#2183 = ORIENTED_EDGE('',*,*,#2168,.F.);
#2184 = PLANE('',#2185);
#2185 = AXIS2_PLACEMENT_3D('',#2186,#2187,#2188);
#2186 = CARTESIAN_POINT('',(0.,20.5,-1.));
#2187 = DIRECTION('',(0.,0.,1.));
#2188 = DIRECTION('',(1.,0.,0.));
#2189 = MANIFOLD_SOLID_BREP('',#2190);
#2190 = CLOSED_SHELL('',(#2191,#2224,#2244,#2253,#2278));
#2191 = ADVANCED_FACE('',(#2192),#2219,.T.);
#2192 = FACE_BOUND('',#2193,.T.);
#2193 = EDGE_LOOP('',(#2194,#2203,#2211,#2218));
#2194 = ORIENTED_EDGE('',*,*,#2195,.F.);
#2195 = EDGE_CURVE('',#2196,#2196,#2198,.T.);
#2196 = VERTEX_POINT('',#2197);
#2197 = CARTESIAN_POINT('',(13.55,-3.061616997868E-16,64.));
#2198 = CIRCLE('',#2199,1.25);
#2199 = AXIS2_PLACEMENT_3D('',#2200,#2201,#2202);
#2200 = CARTESIAN_POINT('',(12.3,0.,64.));
#2201 = DIRECTION('',(0.,0.,1.));
#2202 = DIRECTION('',(1.,0.,0.));
#2203 = ORIENTED_EDGE('',*,*,#2204,.F.);
#2204 = EDGE_CURVE('',#2205,#2196,#2207,.T.);
#2205 = VERTEX_POINT('',#2206);
#2206 = CARTESIAN_POINT('',(13.55,-3.061616997868E-16,56.5));
#2207 = LINE('',#2208,#2209);
#2208 = CARTESIAN_POINT('',(13.55,-3.061616997868E-16,56.5));
#2209 = VECTOR('',#2210,1.);
#2210 = DIRECTION('',(0.,0.,1.));
#2211 = ORIENTED_EDGE('',*,*,#2212,.T.);
#2212 = EDGE_CURVE('',#2205,#2205,#2213,.T.);
#2213 = CIRCLE('',#2214,1.25);
#2214 = AXIS2_PLACEMENT_3D('',#2215,#2216,#2217);
#2215 = CARTESIAN_POINT('',(12.3,0.,56.5));
#2216 = DIRECTION('',(0.,0.,1.));
#2217 = DIRECTION('',(1.,0.,0.));
#2218 = ORIENTED_EDGE('',*,*,#2204,.T.);
#2219 = CYLINDRICAL_SURFACE('',#2220,1.25);
#2220 = AXIS2_PLACEMENT_3D('',#2221,#2222,#2223);
#2221 = CARTESIAN_POINT('',(12.3,0.,56.5));
#2222 = DIRECTION('',(0.,0.,1.));
#2223 = DIRECTION('',(1.,0.,0.));
#2224 = ADVANCED_FACE('',(#2225,#2236),#2239,.F.);
#2225 = FACE_BOUND('',#2226,.F.);
#2226 = EDGE_LOOP('',(#2227));
#2227 = ORIENTED_EDGE('',*,*,#2228,.T.);
#2228 = EDGE_CURVE('',#2229,#2229,#2231,.T.);
#2229 = VERTEX_POINT('',#2230);
#2230 = CARTESIAN_POINT('',(14.55,-5.510910596163E-16,64.));
#2231 = CIRCLE('',#2232,2.25);
#2232 = AXIS2_PLACEMENT_3D('',#2233,#2234,#2235);
#2233 = CARTESIAN_POINT('',(12.3,0.,64.));
#2234 = DIRECTION('',(0.,0.,1.));
#2235 = DIRECTION('',(1.,0.,0.));
#2236 = FACE_BOUND('',#2237,.F.);
#2237 = EDGE_LOOP('',(#2238));
#2238 = ORIENTED_EDGE('',*,*,#2195,.F.);
#2239 = PLANE('',#2240);
#2240 = AXIS2_PLACEMENT_3D('',#2241,#2242,#2243);
#2241 = CARTESIAN_POINT('',(12.3,0.,64.));
#2242 = DIRECTION('',(0.,0.,1.));
#2243 = DIRECTION('',(1.,0.,0.));
#2244 = ADVANCED_FACE('',(#2245),#2248,.F.);
#2245 = FACE_BOUND('',#2246,.T.);
#2246 = EDGE_LOOP('',(#2247));
#2247 = ORIENTED_EDGE('',*,*,#2212,.F.);
#2248 = PLANE('',#2249);
#2249 = AXIS2_PLACEMENT_3D('',#2250,#2251,#2252);
#2250 = CARTESIAN_POINT('',(12.3,0.,56.5));
#2251 = DIRECTION('',(0.,0.,1.));
#2252 = DIRECTION('',(1.,0.,0.));
#2253 = ADVANCED_FACE('',(#2254),#2273,.T.);
#2254 = FACE_BOUND('',#2255,.T.);
#2255 = EDGE_LOOP('',(#2256,#2265,#2271,#2272));
#2256 = ORIENTED_EDGE('',*,*,#2257,.F.);
#2257 = EDGE_CURVE('',#2258,#2258,#2260,.T.);
#2258 = VERTEX_POINT('',#2259);
#2259 = CARTESIAN_POINT('',(14.55,-5.510910596163E-16,66.));
#2260 = CIRCLE('',#2261,2.25);
#2261 = AXIS2_PLACEMENT_3D('',#2262,#2263,#2264);
#2262 = CARTESIAN_POINT('',(12.3,0.,66.));
#2263 = DIRECTION('',(0.,0.,1.));
#2264 = DIRECTION('',(1.,0.,0.));
#2265 = ORIENTED_EDGE('',*,*,#2266,.F.);
#2266 = EDGE_CURVE('',#2229,#2258,#2267,.T.);
#2267 = LINE('',#2268,#2269);
#2268 = CARTESIAN_POINT('',(14.55,-5.510910596163E-16,64.));
#2269 = VECTOR('',#2270,1.);
#2270 = DIRECTION('',(0.,0.,1.));
#2271 = ORIENTED_EDGE('',*,*,#2228,.T.);
#2272 = ORIENTED_EDGE('',*,*,#2266,.T.);
#2273 = CYLINDRICAL_SURFACE('',#2274,2.25);
#2274 = AXIS2_PLACEMENT_3D('',#2275,#2276,#2277);
#2275 = CARTESIAN_POINT('',(12.3,0.,64.));
#2276 = DIRECTION('',(0.,0.,1.));
#2277 = DIRECTION('',(1.,0.,0.));
#2278 = ADVANCED_FACE('',(#2279),#2282,.T.);
#2279 = FACE_BOUND('',#2280,.T.);
#2280 = EDGE_LOOP('',(#2281));
#2281 = ORIENTED_EDGE('',*,*,#2257,.T.);
#2282 = PLANE('',#2283);
#2283 = AXIS2_PLACEMENT_3D('',#2284,#2285,#2286);
#2284 = CARTESIAN_POINT('',(12.3,0.,66.));
#2285 = DIRECTION('',(0.,0.,1.));
#2286 = DIRECTION('',(1.,0.,0.));
#2287 = MANIFOLD_SOLID_BREP('',#2288);
#2288 = CLOSED_SHELL('',(#2289,#2322,#2342,#2351,#2376));
#2289 = ADVANCED_FACE('',(#2290),#2317,.T.);
#2290 = FACE_BOUND('',#2291,.T.);
#2291 = EDGE_LOOP('',(#2292,#2301,#2309,#2316));
#2292 = ORIENTED_EDGE('',*,*,#2293,.F.);
#2293 = EDGE_CURVE('',#2294,#2294,#2296,.T.);
#2294 = VERTEX_POINT('',#2295);
#2295 = CARTESIAN_POINT('',(-11.05,-3.061616997868E-16,64.));
#2296 = CIRCLE('',#2297,1.25);
#2297 = AXIS2_PLACEMENT_3D('',#2298,#2299,#2300);
#2298 = CARTESIAN_POINT('',(-12.3,0.,64.));
#2299 = DIRECTION('',(0.,0.,1.));
#2300 = DIRECTION('',(1.,0.,0.));
#2301 = ORIENTED_EDGE('',*,*,#2302,.F.);
#2302 = EDGE_CURVE('',#2303,#2294,#2305,.T.);
#2303 = VERTEX_POINT('',#2304);
#2304 = CARTESIAN_POINT('',(-11.05,-3.061616997868E-16,56.5));
#2305 = LINE('',#2306,#2307);
#2306 = CARTESIAN_POINT('',(-11.05,-3.061616997868E-16,56.5));
#2307 = VECTOR('',#2308,1.);
#2308 = DIRECTION('',(0.,0.,1.));
#2309 = ORIENTED_EDGE('',*,*,#2310,.T.);
#2310 = EDGE_CURVE('',#2303,#2303,#2311,.T.);
#2311 = CIRCLE('',#2312,1.25);
#2312 = AXIS2_PLACEMENT_3D('',#2313,#2314,#2315);
#2313 = CARTESIAN_POINT('',(-12.3,0.,56.5));
#2314 = DIRECTION('',(0.,0.,1.));
#2315 = DIRECTION('',(1.,0.,0.));
#2316 = ORIENTED_EDGE('',*,*,#2302,.T.);
#2317 = CYLINDRICAL_SURFACE('',#2318,1.25);
#2318 = AXIS2_PLACEMENT_3D('',#2319,#2320,#2321);
#2319 = CARTESIAN_POINT('',(-12.3,0.,56.5));
#2320 = DIRECTION('',(0.,0.,1.));
#2321 = DIRECTION('',(1.,0.,0.));
#2322 = ADVANCED_FACE('',(#2323,#2334),#2337,.F.);
#2323 = FACE_BOUND('',#2324,.F.);
#2324 = EDGE_LOOP('',(#2325));
#2325 = ORIENTED_EDGE('',*,*,#2326,.T.);
#2326 = EDGE_CURVE('',#2327,#2327,#2329,.T.);
#2327 = VERTEX_POINT('',#2328);
#2328 = CARTESIAN_POINT('',(-10.05,-5.510910596163E-16,64.));
#2329 = CIRCLE('',#2330,2.25);
#2330 = AXIS2_PLACEMENT_3D('',#2331,#2332,#2333);
#2331 = CARTESIAN_POINT('',(-12.3,0.,64.));
#2332 = DIRECTION('',(0.,0.,1.));
#2333 = DIRECTION('',(1.,0.,0.));
#2334 = FACE_BOUND('',#2335,.F.);
#2335 = EDGE_LOOP('',(#2336));
#2336 = ORIENTED_EDGE('',*,*,#2293,.F.);
#2337 = PLANE('',#2338);
#2338 = AXIS2_PLACEMENT_3D('',#2339,#2340,#2341);
#2339 = CARTESIAN_POINT('',(-12.3,0.,64.));
#2340 = DIRECTION('',(0.,0.,1.));
#2341 = DIRECTION('',(1.,0.,0.));
#2342 = ADVANCED_FACE('',(#2343),#2346,.F.);
#2343 = FACE_BOUND('',#2344,.T.);
#2344 = EDGE_LOOP('',(#2345));
#2345 = ORIENTED_EDGE('',*,*,#2310,.F.);
#2346 = PLANE('',#2347);
#2347 = AXIS2_PLACEMENT_3D('',#2348,#2349,#2350);
#2348 = CARTESIAN_POINT('',(-12.3,0.,56.5));
#2349 = DIRECTION('',(0.,0.,1.));
#2350 = DIRECTION('',(1.,0.,0.));
#2351 = ADVANCED_FACE('',(#2352),#2371,.T.);
#2352 = FACE_BOUND('',#2353,.T.);
#2353 = EDGE_LOOP('',(#2354,#2363,#2369,#2370));
#2354 = ORIENTED_EDGE('',*,*,#2355,.F.);
#2355 = EDGE_CURVE('',#2356,#2356,#2358,.T.);
#2356 = VERTEX_POINT('',#2357);
#2357 = CARTESIAN_POINT('',(-10.05,-5.510910596163E-16,66.));
#2358 = CIRCLE('',#2359,2.25);
#2359 = AXIS2_PLACEMENT_3D('',#2360,#2361,#2362);
#2360 = CARTESIAN_POINT('',(-12.3,0.,66.));
#2361 = DIRECTION('',(0.,0.,1.));
#2362 = DIRECTION('',(1.,0.,0.));
#2363 = ORIENTED_EDGE('',*,*,#2364,.F.);
#2364 = EDGE_CURVE('',#2327,#2356,#2365,.T.);
#2365 = LINE('',#2366,#2367);
#2366 = CARTESIAN_POINT('',(-10.05,-5.510910596163E-16,64.));
#2367 = VECTOR('',#2368,1.);
#2368 = DIRECTION('',(0.,0.,1.));
#2369 = ORIENTED_EDGE('',*,*,#2326,.T.);
#2370 = ORIENTED_EDGE('',*,*,#2364,.T.);
#2371 = CYLINDRICAL_SURFACE('',#2372,2.25);
#2372 = AXIS2_PLACEMENT_3D('',#2373,#2374,#2375);
#2373 = CARTESIAN_POINT('',(-12.3,0.,64.));
#2374 = DIRECTION('',(0.,0.,1.));
#2375 = DIRECTION('',(1.,0.,0.));
#2376 = ADVANCED_FACE('',(#2377),#2380,.T.);
#2377 = FACE_BOUND('',#2378,.T.);
#2378 = EDGE_LOOP('',(#2379));
#2379 = ORIENTED_EDGE('',*,*,#2355,.T.);
#2380 = PLANE('',#2381);
#2381 = AXIS2_PLACEMENT_3D('',#2382,#2383,#2384);
#2382 = CARTESIAN_POINT('',(-12.3,0.,66.));
#2383 = DIRECTION('',(0.,0.,1.));
#2384 = DIRECTION('',(1.,0.,0.));
#2385 = MANIFOLD_SOLID_BREP('',#2386);
#2386 = CLOSED_SHELL('',(#2387,#2429,#2444,#2461));
#2387 = ADVANCED_FACE('',(#2388),#2424,.T.);
#2388 = FACE_BOUND('',#2389,.T.);
#2389 = EDGE_LOOP('',(#2390,#2401,#2409,#2418));
#2390 = ORIENTED_EDGE('',*,*,#2391,.F.);
#2391 = EDGE_CURVE('',#2392,#2394,#2396,.T.);
#2392 = VERTEX_POINT('',#2393);
#2393 = CARTESIAN_POINT('',(2.2,-5.388445916248E-16,3.));
#2394 = VERTEX_POINT('',#2395);
#2395 = CARTESIAN_POINT('',(-2.2,2.694222958124E-16,3.));
#2396 = CIRCLE('',#2397,2.2);
#2397 = AXIS2_PLACEMENT_3D('',#2398,#2399,#2400);
#2398 = CARTESIAN_POINT('',(0.,0.,3.));
#2399 = DIRECTION('',(0.,0.,1.));
#2400 = DIRECTION('',(1.,0.,0.));
#2401 = ORIENTED_EDGE('',*,*,#2402,.F.);
#2402 = EDGE_CURVE('',#2403,#2392,#2405,.T.);
#2403 = VERTEX_POINT('',#2404);
#2404 = CARTESIAN_POINT('',(2.2,-5.388445916248E-16,0.5));
#2405 = LINE('',#2406,#2407);
#2406 = CARTESIAN_POINT('',(2.2,-5.388445916248E-16,0.5));
#2407 = VECTOR('',#2408,1.);
#2408 = DIRECTION('',(0.,0.,1.));
#2409 = ORIENTED_EDGE('',*,*,#2410,.T.);
#2410 = EDGE_CURVE('',#2403,#2411,#2413,.T.);
#2411 = VERTEX_POINT('',#2412);
#2412 = CARTESIAN_POINT('',(-2.2,2.694222958124E-16,0.5));
#2413 = CIRCLE('',#2414,2.2);
#2414 = AXIS2_PLACEMENT_3D('',#2415,#2416,#2417);
#2415 = CARTESIAN_POINT('',(0.,0.,0.5));
#2416 = DIRECTION('',(0.,0.,1.));
#2417 = DIRECTION('',(1.,0.,0.));
#2418 = ORIENTED_EDGE('',*,*,#2419,.T.);
#2419 = EDGE_CURVE('',#2411,#2394,#2420,.T.);
#2420 = LINE('',#2421,#2422);
#2421 = CARTESIAN_POINT('',(-2.2,0.,0.5));
#2422 = VECTOR('',#2423,1.);
#2423 = DIRECTION('',(0.,0.,1.));
#2424 = CYLINDRICAL_SURFACE('',#2425,2.2);
#2425 = AXIS2_PLACEMENT_3D('',#2426,#2427,#2428);
#2426 = CARTESIAN_POINT('',(0.,0.,0.5));
#2427 = DIRECTION('',(0.,0.,1.));
#2428 = DIRECTION('',(1.,0.,0.));
#2429 = ADVANCED_FACE('',(#2430),#2439,.T.);
#2430 = FACE_BOUND('',#2431,.T.);
#2431 = EDGE_LOOP('',(#2432,#2438));
#2432 = ORIENTED_EDGE('',*,*,#2433,.F.);
#2433 = EDGE_CURVE('',#2392,#2394,#2434,.T.);
#2434 = LINE('',#2435,#2436);
#2435 = CARTESIAN_POINT('',(-1.25,0.,3.));
#2436 = VECTOR('',#2437,1.);
#2437 = DIRECTION('',(-1.,0.,0.));
#2438 = ORIENTED_EDGE('',*,*,#2391,.T.);
#2439 = PLANE('',#2440);
#2440 = AXIS2_PLACEMENT_3D('',#2441,#2442,#2443);
#2441 = CARTESIAN_POINT('',(0.,0.,3.));
#2442 = DIRECTION('',(0.,0.,1.));
#2443 = DIRECTION('',(1.,0.,0.));
#2444 = ADVANCED_FACE('',(#2445),#2456,.F.);
#2445 = FACE_BOUND('',#2446,.F.);
#2446 = EDGE_LOOP('',(#2447,#2448,#2454,#2455));
#2447 = ORIENTED_EDGE('',*,*,#2402,.F.);
#2448 = ORIENTED_EDGE('',*,*,#2449,.T.);
#2449 = EDGE_CURVE('',#2403,#2411,#2450,.T.);
#2450 = LINE('',#2451,#2452);
#2451 = CARTESIAN_POINT('',(-1.25,0.,0.5));
#2452 = VECTOR('',#2453,1.);
#2453 = DIRECTION('',(-1.,0.,0.));
#2454 = ORIENTED_EDGE('',*,*,#2419,.T.);
#2455 = ORIENTED_EDGE('',*,*,#2433,.F.);
#2456 = PLANE('',#2457);
#2457 = AXIS2_PLACEMENT_3D('',#2458,#2459,#2460);
#2458 = CARTESIAN_POINT('',(-2.5,0.,0.3));
#2459 = DIRECTION('',(0.,1.,0.));
#2460 = DIRECTION('',(0.,0.,1.));
#2461 = ADVANCED_FACE('',(#2462),#2466,.F.);
#2462 = FACE_BOUND('',#2463,.F.);
#2463 = EDGE_LOOP('',(#2464,#2465));
#2464 = ORIENTED_EDGE('',*,*,#2449,.F.);
#2465 = ORIENTED_EDGE('',*,*,#2410,.T.);
#2466 = PLANE('',#2467);
#2467 = AXIS2_PLACEMENT_3D('',#2468,#2469,#2470);
#2468 = CARTESIAN_POINT('',(0.,0.,0.5));
#2469 = DIRECTION('',(0.,0.,1.));
#2470 = DIRECTION('',(1.,0.,0.));
#2471 = MANIFOLD_SOLID_BREP('',#2472);
#2472 = CLOSED_SHELL('',(#2473,#2549,#2592,#2610,#2620,#2629));
#2473 = ADVANCED_FACE('',(#2474),#2544,.T.);
#2474 = FACE_BOUND('',#2475,.T.);
#2475 = EDGE_LOOP('',(#2476,#2487,#2495,#2502,#2503,#2512,#2520,#2529,
    #2537));
#2476 = ORIENTED_EDGE('',*,*,#2477,.F.);
#2477 = EDGE_CURVE('',#2478,#2480,#2482,.T.);
#2478 = VERTEX_POINT('',#2479);
#2479 = CARTESIAN_POINT('',(-2.26,-0.8,7.5));
#2480 = VERTEX_POINT('',#2481);
#2481 = CARTESIAN_POINT('',(-2.82,-0.8,7.5));
#2482 = ELLIPSE('',#2483,0.395979797464,0.28);
#2483 = AXIS2_PLACEMENT_3D('',#2484,#2485,#2486);
#2484 = CARTESIAN_POINT('',(-2.54,-0.8,7.5));
#2485 = DIRECTION('',(-0.,0.707106781187,0.707106781187));
#2486 = DIRECTION('',(0.,-0.707106781187,0.707106781187));
#2487 = ORIENTED_EDGE('',*,*,#2488,.F.);
#2488 = EDGE_CURVE('',#2489,#2478,#2491,.T.);
#2489 = VERTEX_POINT('',#2490);
#2490 = CARTESIAN_POINT('',(-2.26,-0.8,3.));
#2491 = LINE('',#2492,#2493);
#2492 = CARTESIAN_POINT('',(-2.26,-0.8,3.));
#2493 = VECTOR('',#2494,1.);
#2494 = DIRECTION('',(0.,0.,1.));
#2495 = ORIENTED_EDGE('',*,*,#2496,.T.);
#2496 = EDGE_CURVE('',#2489,#2489,#2497,.T.);
#2497 = CIRCLE('',#2498,0.28);
#2498 = AXIS2_PLACEMENT_3D('',#2499,#2500,#2501);
#2499 = CARTESIAN_POINT('',(-2.54,-0.8,3.));
#2500 = DIRECTION('',(0.,0.,1.));
#2501 = DIRECTION('',(1.,0.,0.));
#2502 = ORIENTED_EDGE('',*,*,#2488,.T.);
#2503 = ORIENTED_EDGE('',*,*,#2504,.F.);
#2504 = EDGE_CURVE('',#2505,#2478,#2507,.T.);
#2505 = VERTEX_POINT('',#2506);
#2506 = CARTESIAN_POINT('',(-2.344040820577,-1.,7.3));
#2507 = ELLIPSE('',#2508,0.395979797464,0.28);
#2508 = AXIS2_PLACEMENT_3D('',#2509,#2510,#2511);
#2509 = CARTESIAN_POINT('',(-2.54,-0.8,7.5));
#2510 = DIRECTION('',(0.,-0.707106781187,0.707106781187));
#2511 = DIRECTION('',(0.,0.707106781187,0.707106781187));
#2512 = ORIENTED_EDGE('',*,*,#2513,.T.);
#2513 = EDGE_CURVE('',#2505,#2514,#2516,.T.);
#2514 = VERTEX_POINT('',#2515);
#2515 = CARTESIAN_POINT('',(-2.344040820577,-1.,7.5));
#2516 = LINE('',#2517,#2518);
#2517 = CARTESIAN_POINT('',(-2.344040820577,-1.,3.));
#2518 = VECTOR('',#2519,1.);
#2519 = DIRECTION('',(0.,0.,1.));
#2520 = ORIENTED_EDGE('',*,*,#2521,.F.);
#2521 = EDGE_CURVE('',#2522,#2514,#2524,.T.);
#2522 = VERTEX_POINT('',#2523);
#2523 = CARTESIAN_POINT('',(-2.735959179423,-1.,7.5));
#2524 = CIRCLE('',#2525,0.28);
#2525 = AXIS2_PLACEMENT_3D('',#2526,#2527,#2528);
#2526 = CARTESIAN_POINT('',(-2.54,-0.8,7.5));
#2527 = DIRECTION('',(0.,0.,1.));
#2528 = DIRECTION('',(1.,0.,0.));
#2529 = ORIENTED_EDGE('',*,*,#2530,.F.);
#2530 = EDGE_CURVE('',#2531,#2522,#2533,.T.);
#2531 = VERTEX_POINT('',#2532);
#2532 = CARTESIAN_POINT('',(-2.735959179423,-1.,7.3));
#2533 = LINE('',#2534,#2535);
#2534 = CARTESIAN_POINT('',(-2.735959179423,-1.,3.));
#2535 = VECTOR('',#2536,1.);
#2536 = DIRECTION('',(0.,0.,1.));
#2537 = ORIENTED_EDGE('',*,*,#2538,.F.);
#2538 = EDGE_CURVE('',#2480,#2531,#2539,.T.);
#2539 = ELLIPSE('',#2540,0.395979797464,0.28);
#2540 = AXIS2_PLACEMENT_3D('',#2541,#2542,#2543);
#2541 = CARTESIAN_POINT('',(-2.54,-0.8,7.5));
#2542 = DIRECTION('',(0.,-0.707106781187,0.707106781187));
#2543 = DIRECTION('',(0.,0.707106781187,0.707106781187));
#2544 = CYLINDRICAL_SURFACE('',#2545,0.28);
#2545 = AXIS2_PLACEMENT_3D('',#2546,#2547,#2548);
#2546 = CARTESIAN_POINT('',(-2.54,-0.8,3.));
#2547 = DIRECTION('',(0.,0.,1.));
#2548 = DIRECTION('',(1.,0.,0.));
#2549 = ADVANCED_FACE('',(#2550),#2587,.T.);
#2550 = FACE_BOUND('',#2551,.T.);
#2551 = EDGE_LOOP('',(#2552,#2562,#2569,#2570,#2577,#2578,#2579,#2580));
#2552 = ORIENTED_EDGE('',*,*,#2553,.T.);
#2553 = EDGE_CURVE('',#2554,#2556,#2558,.T.);
#2554 = VERTEX_POINT('',#2555);
#2555 = CARTESIAN_POINT('',(-2.54,-1.,7.78));
#2556 = VERTEX_POINT('',#2557);
#2557 = CARTESIAN_POINT('',(-2.54,1.5,7.78));
#2558 = LINE('',#2559,#2560);
#2559 = CARTESIAN_POINT('',(-2.54,-1.,7.78));
#2560 = VECTOR('',#2561,1.);
#2561 = DIRECTION('',(0.,1.,0.));
#2562 = ORIENTED_EDGE('',*,*,#2563,.F.);
#2563 = EDGE_CURVE('',#2556,#2556,#2564,.T.);
#2564 = CIRCLE('',#2565,0.28);
#2565 = AXIS2_PLACEMENT_3D('',#2566,#2567,#2568);
#2566 = CARTESIAN_POINT('',(-2.54,1.5,7.5));
#2567 = DIRECTION('',(0.,1.,0.));
#2568 = DIRECTION('',(0.,0.,1.));
#2569 = ORIENTED_EDGE('',*,*,#2553,.F.);
#2570 = ORIENTED_EDGE('',*,*,#2571,.T.);
#2571 = EDGE_CURVE('',#2554,#2505,#2572,.T.);
#2572 = CIRCLE('',#2573,0.28);
#2573 = AXIS2_PLACEMENT_3D('',#2574,#2575,#2576);
#2574 = CARTESIAN_POINT('',(-2.54,-1.,7.5));
#2575 = DIRECTION('',(0.,1.,0.));
#2576 = DIRECTION('',(0.,0.,1.));
#2577 = ORIENTED_EDGE('',*,*,#2504,.T.);
#2578 = ORIENTED_EDGE('',*,*,#2477,.T.);
#2579 = ORIENTED_EDGE('',*,*,#2538,.T.);
#2580 = ORIENTED_EDGE('',*,*,#2581,.T.);
#2581 = EDGE_CURVE('',#2531,#2554,#2582,.T.);
#2582 = CIRCLE('',#2583,0.28);
#2583 = AXIS2_PLACEMENT_3D('',#2584,#2585,#2586);
#2584 = CARTESIAN_POINT('',(-2.54,-1.,7.5));
#2585 = DIRECTION('',(0.,1.,0.));
#2586 = DIRECTION('',(0.,0.,1.));
#2587 = CYLINDRICAL_SURFACE('',#2588,0.28);
#2588 = AXIS2_PLACEMENT_3D('',#2589,#2590,#2591);
#2589 = CARTESIAN_POINT('',(-2.54,-1.,7.5));
#2590 = DIRECTION('',(0.,1.,0.));
#2591 = DIRECTION('',(0.,0.,1.));
#2592 = ADVANCED_FACE('',(#2593),#2605,.F.);
#2593 = FACE_BOUND('',#2594,.F.);
#2594 = EDGE_LOOP('',(#2595,#2596,#2597,#2598,#2604));
#2595 = ORIENTED_EDGE('',*,*,#2581,.T.);
#2596 = ORIENTED_EDGE('',*,*,#2571,.T.);
#2597 = ORIENTED_EDGE('',*,*,#2513,.T.);
#2598 = ORIENTED_EDGE('',*,*,#2599,.T.);
#2599 = EDGE_CURVE('',#2514,#2522,#2600,.T.);
#2600 = LINE('',#2601,#2602);
#2601 = CARTESIAN_POINT('',(-2.54,-1.,7.5));
#2602 = VECTOR('',#2603,1.);
#2603 = DIRECTION('',(-1.,0.,0.));
#2604 = ORIENTED_EDGE('',*,*,#2530,.F.);
#2605 = PLANE('',#2606);
#2606 = AXIS2_PLACEMENT_3D('',#2607,#2608,#2609);
#2607 = CARTESIAN_POINT('',(-2.54,-1.,7.5));
#2608 = DIRECTION('',(0.,1.,0.));
#2609 = DIRECTION('',(0.,0.,1.));
#2610 = ADVANCED_FACE('',(#2611),#2615,.T.);
#2611 = FACE_BOUND('',#2612,.T.);
#2612 = EDGE_LOOP('',(#2613,#2614));
#2613 = ORIENTED_EDGE('',*,*,#2521,.T.);
#2614 = ORIENTED_EDGE('',*,*,#2599,.T.);
#2615 = PLANE('',#2616);
#2616 = AXIS2_PLACEMENT_3D('',#2617,#2618,#2619);
#2617 = CARTESIAN_POINT('',(-2.54,-0.8,7.5));
#2618 = DIRECTION('',(0.,0.,1.));
#2619 = DIRECTION('',(1.,0.,0.));
#2620 = ADVANCED_FACE('',(#2621),#2624,.F.);
#2621 = FACE_BOUND('',#2622,.T.);
#2622 = EDGE_LOOP('',(#2623));
#2623 = ORIENTED_EDGE('',*,*,#2496,.F.);
#2624 = PLANE('',#2625);
#2625 = AXIS2_PLACEMENT_3D('',#2626,#2627,#2628);
#2626 = CARTESIAN_POINT('',(-2.54,-0.8,3.));
#2627 = DIRECTION('',(0.,0.,1.));
#2628 = DIRECTION('',(1.,0.,0.));
#2629 = ADVANCED_FACE('',(#2630),#2633,.T.);
#2630 = FACE_BOUND('',#2631,.T.);
#2631 = EDGE_LOOP('',(#2632));
#2632 = ORIENTED_EDGE('',*,*,#2563,.T.);
#2633 = PLANE('',#2634);
#2634 = AXIS2_PLACEMENT_3D('',#2635,#2636,#2637);
#2635 = CARTESIAN_POINT('',(-2.54,1.5,7.5));
#2636 = DIRECTION('',(0.,1.,0.));
#2637 = DIRECTION('',(0.,0.,1.));
#2638 = MANIFOLD_SOLID_BREP('',#2639);
#2639 = CLOSED_SHELL('',(#2640,#2716,#2759,#2777,#2787,#2796));
#2640 = ADVANCED_FACE('',(#2641),#2711,.T.);
#2641 = FACE_BOUND('',#2642,.T.);
#2642 = EDGE_LOOP('',(#2643,#2654,#2662,#2669,#2670,#2679,#2687,#2696,
    #2704));
#2643 = ORIENTED_EDGE('',*,*,#2644,.F.);
#2644 = EDGE_CURVE('',#2645,#2647,#2649,.T.);
#2645 = VERTEX_POINT('',#2646);
#2646 = CARTESIAN_POINT('',(0.28,-0.8,7.5));
#2647 = VERTEX_POINT('',#2648);
#2648 = CARTESIAN_POINT('',(-0.28,-0.8,7.5));
#2649 = ELLIPSE('',#2650,0.395979797464,0.28);
#2650 = AXIS2_PLACEMENT_3D('',#2651,#2652,#2653);
#2651 = CARTESIAN_POINT('',(0.,-0.8,7.5));
#2652 = DIRECTION('',(-0.,0.707106781187,0.707106781187));
#2653 = DIRECTION('',(0.,-0.707106781187,0.707106781187));
#2654 = ORIENTED_EDGE('',*,*,#2655,.F.);
#2655 = EDGE_CURVE('',#2656,#2645,#2658,.T.);
#2656 = VERTEX_POINT('',#2657);
#2657 = CARTESIAN_POINT('',(0.28,-0.8,3.));
#2658 = LINE('',#2659,#2660);
#2659 = CARTESIAN_POINT('',(0.28,-0.8,3.));
#2660 = VECTOR('',#2661,1.);
#2661 = DIRECTION('',(0.,0.,1.));
#2662 = ORIENTED_EDGE('',*,*,#2663,.T.);
#2663 = EDGE_CURVE('',#2656,#2656,#2664,.T.);
#2664 = CIRCLE('',#2665,0.28);
#2665 = AXIS2_PLACEMENT_3D('',#2666,#2667,#2668);
#2666 = CARTESIAN_POINT('',(0.,-0.8,3.));
#2667 = DIRECTION('',(0.,0.,1.));
#2668 = DIRECTION('',(1.,0.,0.));
#2669 = ORIENTED_EDGE('',*,*,#2655,.T.);
#2670 = ORIENTED_EDGE('',*,*,#2671,.F.);
#2671 = EDGE_CURVE('',#2672,#2645,#2674,.T.);
#2672 = VERTEX_POINT('',#2673);
#2673 = CARTESIAN_POINT('',(0.195959179423,-1.,7.3));
#2674 = ELLIPSE('',#2675,0.395979797464,0.28);
#2675 = AXIS2_PLACEMENT_3D('',#2676,#2677,#2678);
#2676 = CARTESIAN_POINT('',(0.,-0.8,7.5));
#2677 = DIRECTION('',(0.,-0.707106781187,0.707106781187));
#2678 = DIRECTION('',(0.,0.707106781187,0.707106781187));
#2679 = ORIENTED_EDGE('',*,*,#2680,.T.);
#2680 = EDGE_CURVE('',#2672,#2681,#2683,.T.);
#2681 = VERTEX_POINT('',#2682);
#2682 = CARTESIAN_POINT('',(0.195959179423,-1.,7.5));
#2683 = LINE('',#2684,#2685);
#2684 = CARTESIAN_POINT('',(0.195959179423,-1.,3.));
#2685 = VECTOR('',#2686,1.);
#2686 = DIRECTION('',(0.,0.,1.));
#2687 = ORIENTED_EDGE('',*,*,#2688,.F.);
#2688 = EDGE_CURVE('',#2689,#2681,#2691,.T.);
#2689 = VERTEX_POINT('',#2690);
#2690 = CARTESIAN_POINT('',(-0.195959179423,-1.,7.5));
#2691 = CIRCLE('',#2692,0.28);
#2692 = AXIS2_PLACEMENT_3D('',#2693,#2694,#2695);
#2693 = CARTESIAN_POINT('',(0.,-0.8,7.5));
#2694 = DIRECTION('',(0.,0.,1.));
#2695 = DIRECTION('',(1.,0.,0.));
#2696 = ORIENTED_EDGE('',*,*,#2697,.F.);
#2697 = EDGE_CURVE('',#2698,#2689,#2700,.T.);
#2698 = VERTEX_POINT('',#2699);
#2699 = CARTESIAN_POINT('',(-0.195959179423,-1.,7.3));
#2700 = LINE('',#2701,#2702);
#2701 = CARTESIAN_POINT('',(-0.195959179423,-1.,3.));
#2702 = VECTOR('',#2703,1.);
#2703 = DIRECTION('',(0.,0.,1.));
#2704 = ORIENTED_EDGE('',*,*,#2705,.F.);
#2705 = EDGE_CURVE('',#2647,#2698,#2706,.T.);
#2706 = ELLIPSE('',#2707,0.395979797464,0.28);
#2707 = AXIS2_PLACEMENT_3D('',#2708,#2709,#2710);
#2708 = CARTESIAN_POINT('',(0.,-0.8,7.5));
#2709 = DIRECTION('',(0.,-0.707106781187,0.707106781187));
#2710 = DIRECTION('',(0.,0.707106781187,0.707106781187));
#2711 = CYLINDRICAL_SURFACE('',#2712,0.28);
#2712 = AXIS2_PLACEMENT_3D('',#2713,#2714,#2715);
#2713 = CARTESIAN_POINT('',(0.,-0.8,3.));
#2714 = DIRECTION('',(0.,0.,1.));
#2715 = DIRECTION('',(1.,0.,0.));
#2716 = ADVANCED_FACE('',(#2717),#2754,.T.);
#2717 = FACE_BOUND('',#2718,.T.);
#2718 = EDGE_LOOP('',(#2719,#2729,#2736,#2737,#2744,#2745,#2746,#2747));
#2719 = ORIENTED_EDGE('',*,*,#2720,.T.);
#2720 = EDGE_CURVE('',#2721,#2723,#2725,.T.);
#2721 = VERTEX_POINT('',#2722);
#2722 = CARTESIAN_POINT('',(-6.858022075225E-17,-1.,7.78));
#2723 = VERTEX_POINT('',#2724);
#2724 = CARTESIAN_POINT('',(-6.858022075225E-17,1.5,7.78));
#2725 = LINE('',#2726,#2727);
#2726 = CARTESIAN_POINT('',(-6.858022075225E-17,-1.,7.78));
#2727 = VECTOR('',#2728,1.);
#2728 = DIRECTION('',(0.,1.,0.));
#2729 = ORIENTED_EDGE('',*,*,#2730,.F.);
#2730 = EDGE_CURVE('',#2723,#2723,#2731,.T.);
#2731 = CIRCLE('',#2732,0.28);
#2732 = AXIS2_PLACEMENT_3D('',#2733,#2734,#2735);
#2733 = CARTESIAN_POINT('',(0.,1.5,7.5));
#2734 = DIRECTION('',(0.,1.,0.));
#2735 = DIRECTION('',(0.,0.,1.));
#2736 = ORIENTED_EDGE('',*,*,#2720,.F.);
#2737 = ORIENTED_EDGE('',*,*,#2738,.T.);
#2738 = EDGE_CURVE('',#2721,#2672,#2739,.T.);
#2739 = CIRCLE('',#2740,0.28);
#2740 = AXIS2_PLACEMENT_3D('',#2741,#2742,#2743);
#2741 = CARTESIAN_POINT('',(0.,-1.,7.5));
#2742 = DIRECTION('',(0.,1.,0.));
#2743 = DIRECTION('',(0.,0.,1.));
#2744 = ORIENTED_EDGE('',*,*,#2671,.T.);
#2745 = ORIENTED_EDGE('',*,*,#2644,.T.);
#2746 = ORIENTED_EDGE('',*,*,#2705,.T.);
#2747 = ORIENTED_EDGE('',*,*,#2748,.T.);
#2748 = EDGE_CURVE('',#2698,#2721,#2749,.T.);
#2749 = CIRCLE('',#2750,0.28);
#2750 = AXIS2_PLACEMENT_3D('',#2751,#2752,#2753);
#2751 = CARTESIAN_POINT('',(0.,-1.,7.5));
#2752 = DIRECTION('',(0.,1.,0.));
#2753 = DIRECTION('',(0.,0.,1.));
#2754 = CYLINDRICAL_SURFACE('',#2755,0.28);
#2755 = AXIS2_PLACEMENT_3D('',#2756,#2757,#2758);
#2756 = CARTESIAN_POINT('',(0.,-1.,7.5));
#2757 = DIRECTION('',(0.,1.,0.));
#2758 = DIRECTION('',(0.,0.,1.));
#2759 = ADVANCED_FACE('',(#2760),#2772,.F.);
#2760 = FACE_BOUND('',#2761,.F.);
#2761 = EDGE_LOOP('',(#2762,#2763,#2764,#2765,#2771));
#2762 = ORIENTED_EDGE('',*,*,#2748,.T.);
#2763 = ORIENTED_EDGE('',*,*,#2738,.T.);
#2764 = ORIENTED_EDGE('',*,*,#2680,.T.);
#2765 = ORIENTED_EDGE('',*,*,#2766,.T.);
#2766 = EDGE_CURVE('',#2681,#2689,#2767,.T.);
#2767 = LINE('',#2768,#2769);
#2768 = CARTESIAN_POINT('',(0.,-1.,7.5));
#2769 = VECTOR('',#2770,1.);
#2770 = DIRECTION('',(-1.,0.,0.));
#2771 = ORIENTED_EDGE('',*,*,#2697,.F.);
#2772 = PLANE('',#2773);
#2773 = AXIS2_PLACEMENT_3D('',#2774,#2775,#2776);
#2774 = CARTESIAN_POINT('',(0.,-1.,7.5));
#2775 = DIRECTION('',(0.,1.,0.));
#2776 = DIRECTION('',(0.,0.,1.));
#2777 = ADVANCED_FACE('',(#2778),#2782,.T.);
#2778 = FACE_BOUND('',#2779,.T.);
#2779 = EDGE_LOOP('',(#2780,#2781));
#2780 = ORIENTED_EDGE('',*,*,#2688,.T.);
#2781 = ORIENTED_EDGE('',*,*,#2766,.T.);
#2782 = PLANE('',#2783);
#2783 = AXIS2_PLACEMENT_3D('',#2784,#2785,#2786);
#2784 = CARTESIAN_POINT('',(0.,-0.8,7.5));
#2785 = DIRECTION('',(0.,0.,1.));
#2786 = DIRECTION('',(1.,0.,0.));
#2787 = ADVANCED_FACE('',(#2788),#2791,.F.);
#2788 = FACE_BOUND('',#2789,.T.);
#2789 = EDGE_LOOP('',(#2790));
#2790 = ORIENTED_EDGE('',*,*,#2663,.F.);
#2791 = PLANE('',#2792);
#2792 = AXIS2_PLACEMENT_3D('',#2793,#2794,#2795);
#2793 = CARTESIAN_POINT('',(0.,-0.8,3.));
#2794 = DIRECTION('',(0.,0.,1.));
#2795 = DIRECTION('',(1.,0.,0.));
#2796 = ADVANCED_FACE('',(#2797),#2800,.T.);
#2797 = FACE_BOUND('',#2798,.T.);
#2798 = EDGE_LOOP('',(#2799));
#2799 = ORIENTED_EDGE('',*,*,#2730,.T.);
#2800 = PLANE('',#2801);
#2801 = AXIS2_PLACEMENT_3D('',#2802,#2803,#2804);
#2802 = CARTESIAN_POINT('',(0.,1.5,7.5));
#2803 = DIRECTION('',(0.,1.,0.));
#2804 = DIRECTION('',(0.,0.,1.));
#2805 = MANIFOLD_SOLID_BREP('',#2806);
#2806 = CLOSED_SHELL('',(#2807,#2883,#2926,#2944,#2954,#2963));
#2807 = ADVANCED_FACE('',(#2808),#2878,.T.);
#2808 = FACE_BOUND('',#2809,.T.);
#2809 = EDGE_LOOP('',(#2810,#2821,#2829,#2836,#2837,#2846,#2854,#2863,
    #2871));
#2810 = ORIENTED_EDGE('',*,*,#2811,.F.);
#2811 = EDGE_CURVE('',#2812,#2814,#2816,.T.);
#2812 = VERTEX_POINT('',#2813);
#2813 = CARTESIAN_POINT('',(2.82,-0.8,7.5));
#2814 = VERTEX_POINT('',#2815);
#2815 = CARTESIAN_POINT('',(2.26,-0.8,7.5));
#2816 = ELLIPSE('',#2817,0.395979797464,0.28);
#2817 = AXIS2_PLACEMENT_3D('',#2818,#2819,#2820);
#2818 = CARTESIAN_POINT('',(2.54,-0.8,7.5));
#2819 = DIRECTION('',(-0.,0.707106781187,0.707106781187));
#2820 = DIRECTION('',(0.,-0.707106781187,0.707106781187));
#2821 = ORIENTED_EDGE('',*,*,#2822,.F.);
#2822 = EDGE_CURVE('',#2823,#2812,#2825,.T.);
#2823 = VERTEX_POINT('',#2824);
#2824 = CARTESIAN_POINT('',(2.82,-0.8,3.));
#2825 = LINE('',#2826,#2827);
#2826 = CARTESIAN_POINT('',(2.82,-0.8,3.));
#2827 = VECTOR('',#2828,1.);
#2828 = DIRECTION('',(0.,0.,1.));
#2829 = ORIENTED_EDGE('',*,*,#2830,.T.);
#2830 = EDGE_CURVE('',#2823,#2823,#2831,.T.);
#2831 = CIRCLE('',#2832,0.28);
#2832 = AXIS2_PLACEMENT_3D('',#2833,#2834,#2835);
#2833 = CARTESIAN_POINT('',(2.54,-0.8,3.));
#2834 = DIRECTION('',(0.,0.,1.));
#2835 = DIRECTION('',(1.,0.,0.));
#2836 = ORIENTED_EDGE('',*,*,#2822,.T.);
#2837 = ORIENTED_EDGE('',*,*,#2838,.F.);
#2838 = EDGE_CURVE('',#2839,#2812,#2841,.T.);
#2839 = VERTEX_POINT('',#2840);
#2840 = CARTESIAN_POINT('',(2.735959179423,-1.,7.3));
#2841 = ELLIPSE('',#2842,0.395979797464,0.28);
#2842 = AXIS2_PLACEMENT_3D('',#2843,#2844,#2845);
#2843 = CARTESIAN_POINT('',(2.54,-0.8,7.5));
#2844 = DIRECTION('',(0.,-0.707106781187,0.707106781187));
#2845 = DIRECTION('',(0.,0.707106781187,0.707106781187));
#2846 = ORIENTED_EDGE('',*,*,#2847,.T.);
#2847 = EDGE_CURVE('',#2839,#2848,#2850,.T.);
#2848 = VERTEX_POINT('',#2849);
#2849 = CARTESIAN_POINT('',(2.735959179423,-1.,7.5));
#2850 = LINE('',#2851,#2852);
#2851 = CARTESIAN_POINT('',(2.735959179423,-1.,3.));
#2852 = VECTOR('',#2853,1.);
#2853 = DIRECTION('',(0.,0.,1.));
#2854 = ORIENTED_EDGE('',*,*,#2855,.F.);
#2855 = EDGE_CURVE('',#2856,#2848,#2858,.T.);
#2856 = VERTEX_POINT('',#2857);
#2857 = CARTESIAN_POINT('',(2.344040820577,-1.,7.5));
#2858 = CIRCLE('',#2859,0.28);
#2859 = AXIS2_PLACEMENT_3D('',#2860,#2861,#2862);
#2860 = CARTESIAN_POINT('',(2.54,-0.8,7.5));
#2861 = DIRECTION('',(0.,0.,1.));
#2862 = DIRECTION('',(1.,0.,0.));
#2863 = ORIENTED_EDGE('',*,*,#2864,.F.);
#2864 = EDGE_CURVE('',#2865,#2856,#2867,.T.);
#2865 = VERTEX_POINT('',#2866);
#2866 = CARTESIAN_POINT('',(2.344040820577,-1.,7.3));
#2867 = LINE('',#2868,#2869);
#2868 = CARTESIAN_POINT('',(2.344040820577,-1.,3.));
#2869 = VECTOR('',#2870,1.);
#2870 = DIRECTION('',(0.,0.,1.));
#2871 = ORIENTED_EDGE('',*,*,#2872,.F.);
#2872 = EDGE_CURVE('',#2814,#2865,#2873,.T.);
#2873 = ELLIPSE('',#2874,0.395979797464,0.28);
#2874 = AXIS2_PLACEMENT_3D('',#2875,#2876,#2877);
#2875 = CARTESIAN_POINT('',(2.54,-0.8,7.5));
#2876 = DIRECTION('',(0.,-0.707106781187,0.707106781187));
#2877 = DIRECTION('',(0.,0.707106781187,0.707106781187));
#2878 = CYLINDRICAL_SURFACE('',#2879,0.28);
#2879 = AXIS2_PLACEMENT_3D('',#2880,#2881,#2882);
#2880 = CARTESIAN_POINT('',(2.54,-0.8,3.));
#2881 = DIRECTION('',(0.,0.,1.));
#2882 = DIRECTION('',(1.,0.,0.));
#2883 = ADVANCED_FACE('',(#2884),#2921,.T.);
#2884 = FACE_BOUND('',#2885,.T.);
#2885 = EDGE_LOOP('',(#2886,#2896,#2903,#2904,#2911,#2912,#2913,#2914));
#2886 = ORIENTED_EDGE('',*,*,#2887,.T.);
#2887 = EDGE_CURVE('',#2888,#2890,#2892,.T.);
#2888 = VERTEX_POINT('',#2889);
#2889 = CARTESIAN_POINT('',(2.54,-1.,7.78));
#2890 = VERTEX_POINT('',#2891);
#2891 = CARTESIAN_POINT('',(2.54,1.5,7.78));
#2892 = LINE('',#2893,#2894);
#2893 = CARTESIAN_POINT('',(2.54,-1.,7.78));
#2894 = VECTOR('',#2895,1.);
#2895 = DIRECTION('',(0.,1.,0.));
#2896 = ORIENTED_EDGE('',*,*,#2897,.F.);
#2897 = EDGE_CURVE('',#2890,#2890,#2898,.T.);
#2898 = CIRCLE('',#2899,0.28);
#2899 = AXIS2_PLACEMENT_3D('',#2900,#2901,#2902);
#2900 = CARTESIAN_POINT('',(2.54,1.5,7.5));
#2901 = DIRECTION('',(0.,1.,0.));
#2902 = DIRECTION('',(0.,0.,1.));
#2903 = ORIENTED_EDGE('',*,*,#2887,.F.);
#2904 = ORIENTED_EDGE('',*,*,#2905,.T.);
#2905 = EDGE_CURVE('',#2888,#2839,#2906,.T.);
#2906 = CIRCLE('',#2907,0.28);
#2907 = AXIS2_PLACEMENT_3D('',#2908,#2909,#2910);
#2908 = CARTESIAN_POINT('',(2.54,-1.,7.5));
#2909 = DIRECTION('',(0.,1.,0.));
#2910 = DIRECTION('',(0.,0.,1.));
#2911 = ORIENTED_EDGE('',*,*,#2838,.T.);
#2912 = ORIENTED_EDGE('',*,*,#2811,.T.);
#2913 = ORIENTED_EDGE('',*,*,#2872,.T.);
#2914 = ORIENTED_EDGE('',*,*,#2915,.T.);
#2915 = EDGE_CURVE('',#2865,#2888,#2916,.T.);
#2916 = CIRCLE('',#2917,0.28);
#2917 = AXIS2_PLACEMENT_3D('',#2918,#2919,#2920);
#2918 = CARTESIAN_POINT('',(2.54,-1.,7.5));
#2919 = DIRECTION('',(0.,1.,0.));
#2920 = DIRECTION('',(0.,0.,1.));
#2921 = CYLINDRICAL_SURFACE('',#2922,0.28);
#2922 = AXIS2_PLACEMENT_3D('',#2923,#2924,#2925);
#2923 = CARTESIAN_POINT('',(2.54,-1.,7.5));
#2924 = DIRECTION('',(0.,1.,0.));
#2925 = DIRECTION('',(0.,0.,1.));
#2926 = ADVANCED_FACE('',(#2927),#2939,.F.);
#2927 = FACE_BOUND('',#2928,.F.);
#2928 = EDGE_LOOP('',(#2929,#2930,#2931,#2932,#2938));
#2929 = ORIENTED_EDGE('',*,*,#2915,.T.);
#2930 = ORIENTED_EDGE('',*,*,#2905,.T.);
#2931 = ORIENTED_EDGE('',*,*,#2847,.T.);
#2932 = ORIENTED_EDGE('',*,*,#2933,.T.);
#2933 = EDGE_CURVE('',#2848,#2856,#2934,.T.);
#2934 = LINE('',#2935,#2936);
#2935 = CARTESIAN_POINT('',(2.54,-1.,7.5));
#2936 = VECTOR('',#2937,1.);
#2937 = DIRECTION('',(-1.,0.,0.));
#2938 = ORIENTED_EDGE('',*,*,#2864,.F.);
#2939 = PLANE('',#2940);
#2940 = AXIS2_PLACEMENT_3D('',#2941,#2942,#2943);
#2941 = CARTESIAN_POINT('',(2.54,-1.,7.5));
#2942 = DIRECTION('',(0.,1.,0.));
#2943 = DIRECTION('',(0.,0.,1.));
#2944 = ADVANCED_FACE('',(#2945),#2949,.T.);
#2945 = FACE_BOUND('',#2946,.T.);
#2946 = EDGE_LOOP('',(#2947,#2948));
#2947 = ORIENTED_EDGE('',*,*,#2855,.T.);
#2948 = ORIENTED_EDGE('',*,*,#2933,.T.);
#2949 = PLANE('',#2950);
#2950 = AXIS2_PLACEMENT_3D('',#2951,#2952,#2953);
#2951 = CARTESIAN_POINT('',(2.54,-0.8,7.5));
#2952 = DIRECTION('',(0.,0.,1.));
#2953 = DIRECTION('',(1.,0.,0.));
#2954 = ADVANCED_FACE('',(#2955),#2958,.F.);
#2955 = FACE_BOUND('',#2956,.T.);
#2956 = EDGE_LOOP('',(#2957));
#2957 = ORIENTED_EDGE('',*,*,#2830,.F.);
#2958 = PLANE('',#2959);
#2959 = AXIS2_PLACEMENT_3D('',#2960,#2961,#2962);
#2960 = CARTESIAN_POINT('',(2.54,-0.8,3.));
#2961 = DIRECTION('',(0.,0.,1.));
#2962 = DIRECTION('',(1.,0.,0.));
#2963 = ADVANCED_FACE('',(#2964),#2967,.T.);
#2964 = FACE_BOUND('',#2965,.T.);
#2965 = EDGE_LOOP('',(#2966));
#2966 = ORIENTED_EDGE('',*,*,#2897,.T.);
#2967 = PLANE('',#2968);
#2968 = AXIS2_PLACEMENT_3D('',#2969,#2970,#2971);
#2969 = CARTESIAN_POINT('',(2.54,1.5,7.5));
#2970 = DIRECTION('',(0.,1.,0.));
#2971 = DIRECTION('',(0.,0.,1.));
#2972 = MANIFOLD_SOLID_BREP('',#2973);
#2973 = CLOSED_SHELL('',(#2974,#3007,#3038,#3069,#3094,#3119,#3128,#3137
    ,#3146));
#2974 = ADVANCED_FACE('',(#2975),#3002,.T.);
#2975 = FACE_BOUND('',#2976,.T.);
#2976 = EDGE_LOOP('',(#2977,#2986,#2994,#3001));
#2977 = ORIENTED_EDGE('',*,*,#2978,.F.);
#2978 = EDGE_CURVE('',#2979,#2979,#2981,.T.);
#2979 = VERTEX_POINT('',#2980);
#2980 = CARTESIAN_POINT('',(1.27,-0.8,11.3));
#2981 = CIRCLE('',#2982,1.8);
#2982 = AXIS2_PLACEMENT_3D('',#2983,#2984,#2985);
#2983 = CARTESIAN_POINT('',(1.27,-0.8,9.5));
#2984 = DIRECTION('',(0.,1.,0.));
#2985 = DIRECTION('',(0.,0.,1.));
#2986 = ORIENTED_EDGE('',*,*,#2987,.F.);
#2987 = EDGE_CURVE('',#2988,#2979,#2990,.T.);
#2988 = VERTEX_POINT('',#2989);
#2989 = CARTESIAN_POINT('',(1.27,-2.2,11.3));
#2990 = LINE('',#2991,#2992);
#2991 = CARTESIAN_POINT('',(1.27,-2.2,11.3));
#2992 = VECTOR('',#2993,1.);
#2993 = DIRECTION('',(0.,1.,0.));
#2994 = ORIENTED_EDGE('',*,*,#2995,.T.);
#2995 = EDGE_CURVE('',#2988,#2988,#2996,.T.);
#2996 = CIRCLE('',#2997,1.8);
#2997 = AXIS2_PLACEMENT_3D('',#2998,#2999,#3000);
#2998 = CARTESIAN_POINT('',(1.27,-2.2,9.5));
#2999 = DIRECTION('',(0.,1.,0.));
#3000 = DIRECTION('',(0.,0.,1.));
#3001 = ORIENTED_EDGE('',*,*,#2987,.T.);
#3002 = CYLINDRICAL_SURFACE('',#3003,1.8);
#3003 = AXIS2_PLACEMENT_3D('',#3004,#3005,#3006);
#3004 = CARTESIAN_POINT('',(1.27,-2.2,9.5));
#3005 = DIRECTION('',(0.,1.,0.));
#3006 = DIRECTION('',(0.,0.,1.));
#3007 = ADVANCED_FACE('',(#3008,#3011,#3022),#3033,.T.);
#3008 = FACE_BOUND('',#3009,.T.);
#3009 = EDGE_LOOP('',(#3010));
#3010 = ORIENTED_EDGE('',*,*,#2978,.T.);
#3011 = FACE_BOUND('',#3012,.T.);
#3012 = EDGE_LOOP('',(#3013));
#3013 = ORIENTED_EDGE('',*,*,#3014,.F.);
#3014 = EDGE_CURVE('',#3015,#3015,#3017,.T.);
#3015 = VERTEX_POINT('',#3016);
#3016 = CARTESIAN_POINT('',(-7.347880794884E-17,-0.8,9.8));
#3017 = CIRCLE('',#3018,0.3);
#3018 = AXIS2_PLACEMENT_3D('',#3019,#3020,#3021);
#3019 = CARTESIAN_POINT('',(0.,-0.8,9.5));
#3020 = DIRECTION('',(0.,1.,0.));
#3021 = DIRECTION('',(0.,0.,1.));
#3022 = FACE_BOUND('',#3023,.T.);
#3023 = EDGE_LOOP('',(#3024));
#3024 = ORIENTED_EDGE('',*,*,#3025,.F.);
#3025 = EDGE_CURVE('',#3026,#3026,#3028,.T.);
#3026 = VERTEX_POINT('',#3027);
#3027 = CARTESIAN_POINT('',(2.54,-0.8,9.8));
#3028 = CIRCLE('',#3029,0.3);
#3029 = AXIS2_PLACEMENT_3D('',#3030,#3031,#3032);
#3030 = CARTESIAN_POINT('',(2.54,-0.8,9.5));
#3031 = DIRECTION('',(0.,1.,0.));
#3032 = DIRECTION('',(0.,0.,1.));
#3033 = PLANE('',#3034);
#3034 = AXIS2_PLACEMENT_3D('',#3035,#3036,#3037);
#3035 = CARTESIAN_POINT('',(1.27,-0.8,9.5));
#3036 = DIRECTION('',(0.,1.,0.));
#3037 = DIRECTION('',(0.,0.,1.));
#3038 = ADVANCED_FACE('',(#3039,#3042,#3053),#3064,.F.);
#3039 = FACE_BOUND('',#3040,.F.);
#3040 = EDGE_LOOP('',(#3041));
#3041 = ORIENTED_EDGE('',*,*,#2995,.T.);
#3042 = FACE_BOUND('',#3043,.F.);
#3043 = EDGE_LOOP('',(#3044));
#3044 = ORIENTED_EDGE('',*,*,#3045,.F.);
#3045 = EDGE_CURVE('',#3046,#3046,#3048,.T.);
#3046 = VERTEX_POINT('',#3047);
#3047 = CARTESIAN_POINT('',(-7.347880794884E-17,-2.2,9.8));
#3048 = CIRCLE('',#3049,0.3);
#3049 = AXIS2_PLACEMENT_3D('',#3050,#3051,#3052);
#3050 = CARTESIAN_POINT('',(0.,-2.2,9.5));
#3051 = DIRECTION('',(0.,1.,0.));
#3052 = DIRECTION('',(0.,0.,1.));
#3053 = FACE_BOUND('',#3054,.F.);
#3054 = EDGE_LOOP('',(#3055));
#3055 = ORIENTED_EDGE('',*,*,#3056,.F.);
#3056 = EDGE_CURVE('',#3057,#3057,#3059,.T.);
#3057 = VERTEX_POINT('',#3058);
#3058 = CARTESIAN_POINT('',(2.54,-2.2,9.8));
#3059 = CIRCLE('',#3060,0.3);
#3060 = AXIS2_PLACEMENT_3D('',#3061,#3062,#3063);
#3061 = CARTESIAN_POINT('',(2.54,-2.2,9.5));
#3062 = DIRECTION('',(0.,1.,0.));
#3063 = DIRECTION('',(0.,0.,1.));
#3064 = PLANE('',#3065);
#3065 = AXIS2_PLACEMENT_3D('',#3066,#3067,#3068);
#3066 = CARTESIAN_POINT('',(1.27,-2.2,9.5));
#3067 = DIRECTION('',(0.,1.,0.));
#3068 = DIRECTION('',(0.,0.,1.));
#3069 = ADVANCED_FACE('',(#3070),#3089,.T.);
#3070 = FACE_BOUND('',#3071,.T.);
#3071 = EDGE_LOOP('',(#3072,#3080,#3087,#3088));
#3072 = ORIENTED_EDGE('',*,*,#3073,.T.);
#3073 = EDGE_CURVE('',#3015,#3074,#3076,.T.);
#3074 = VERTEX_POINT('',#3075);
#3075 = CARTESIAN_POINT('',(-7.347880794884E-17,1.5,9.8));
#3076 = LINE('',#3077,#3078);
#3077 = CARTESIAN_POINT('',(-7.347880794884E-17,-2.2,9.8));
#3078 = VECTOR('',#3079,1.);
#3079 = DIRECTION('',(0.,1.,0.));
#3080 = ORIENTED_EDGE('',*,*,#3081,.F.);
#3081 = EDGE_CURVE('',#3074,#3074,#3082,.T.);
#3082 = CIRCLE('',#3083,0.3);
#3083 = AXIS2_PLACEMENT_3D('',#3084,#3085,#3086);
#3084 = CARTESIAN_POINT('',(0.,1.5,9.5));
#3085 = DIRECTION('',(0.,1.,0.));
#3086 = DIRECTION('',(0.,0.,1.));
#3087 = ORIENTED_EDGE('',*,*,#3073,.F.);
#3088 = ORIENTED_EDGE('',*,*,#3014,.T.);
#3089 = CYLINDRICAL_SURFACE('',#3090,0.3);
#3090 = AXIS2_PLACEMENT_3D('',#3091,#3092,#3093);
#3091 = CARTESIAN_POINT('',(0.,-2.2,9.5));
#3092 = DIRECTION('',(0.,1.,0.));
#3093 = DIRECTION('',(0.,0.,1.));
#3094 = ADVANCED_FACE('',(#3095),#3114,.T.);
#3095 = FACE_BOUND('',#3096,.T.);
#3096 = EDGE_LOOP('',(#3097,#3105,#3112,#3113));
#3097 = ORIENTED_EDGE('',*,*,#3098,.T.);
#3098 = EDGE_CURVE('',#3026,#3099,#3101,.T.);
#3099 = VERTEX_POINT('',#3100);
#3100 = CARTESIAN_POINT('',(2.54,1.5,9.8));
#3101 = LINE('',#3102,#3103);
#3102 = CARTESIAN_POINT('',(2.54,-2.2,9.8));
#3103 = VECTOR('',#3104,1.);
#3104 = DIRECTION('',(0.,1.,0.));
#3105 = ORIENTED_EDGE('',*,*,#3106,.F.);
#3106 = EDGE_CURVE('',#3099,#3099,#3107,.T.);
#3107 = CIRCLE('',#3108,0.3);
#3108 = AXIS2_PLACEMENT_3D('',#3109,#3110,#3111);
#3109 = CARTESIAN_POINT('',(2.54,1.5,9.5));
#3110 = DIRECTION('',(0.,1.,0.));
#3111 = DIRECTION('',(0.,0.,1.));
#3112 = ORIENTED_EDGE('',*,*,#3098,.F.);
#3113 = ORIENTED_EDGE('',*,*,#3025,.T.);
#3114 = CYLINDRICAL_SURFACE('',#3115,0.3);
#3115 = AXIS2_PLACEMENT_3D('',#3116,#3117,#3118);
#3116 = CARTESIAN_POINT('',(2.54,-2.2,9.5));
#3117 = DIRECTION('',(0.,1.,0.));
#3118 = DIRECTION('',(0.,0.,1.));
#3119 = ADVANCED_FACE('',(#3120),#3123,.F.);
#3120 = FACE_BOUND('',#3121,.F.);
#3121 = EDGE_LOOP('',(#3122));
#3122 = ORIENTED_EDGE('',*,*,#3045,.T.);
#3123 = PLANE('',#3124);
#3124 = AXIS2_PLACEMENT_3D('',#3125,#3126,#3127);
#3125 = CARTESIAN_POINT('',(1.27,-2.2,9.5));
#3126 = DIRECTION('',(0.,1.,0.));
#3127 = DIRECTION('',(0.,0.,1.));
#3128 = ADVANCED_FACE('',(#3129),#3132,.F.);
#3129 = FACE_BOUND('',#3130,.F.);
#3130 = EDGE_LOOP('',(#3131));
#3131 = ORIENTED_EDGE('',*,*,#3056,.T.);
#3132 = PLANE('',#3133);
#3133 = AXIS2_PLACEMENT_3D('',#3134,#3135,#3136);
#3134 = CARTESIAN_POINT('',(1.27,-2.2,9.5));
#3135 = DIRECTION('',(0.,1.,0.));
#3136 = DIRECTION('',(0.,0.,1.));
#3137 = ADVANCED_FACE('',(#3138),#3141,.T.);
#3138 = FACE_BOUND('',#3139,.T.);
#3139 = EDGE_LOOP('',(#3140));
#3140 = ORIENTED_EDGE('',*,*,#3081,.T.);
#3141 = PLANE('',#3142);
#3142 = AXIS2_PLACEMENT_3D('',#3143,#3144,#3145);
#3143 = CARTESIAN_POINT('',(0.,1.5,9.5));
#3144 = DIRECTION('',(0.,1.,0.));
#3145 = DIRECTION('',(0.,0.,1.));
#3146 = ADVANCED_FACE('',(#3147),#3150,.T.);
#3147 = FACE_BOUND('',#3148,.T.);
#3148 = EDGE_LOOP('',(#3149));
#3149 = ORIENTED_EDGE('',*,*,#3106,.T.);
#3150 = PLANE('',#3151);
#3151 = AXIS2_PLACEMENT_3D('',#3152,#3153,#3154);
#3152 = CARTESIAN_POINT('',(2.54,1.5,9.5));
#3153 = DIRECTION('',(0.,1.,0.));
#3154 = DIRECTION('',(0.,0.,1.));
#3155 = MANIFOLD_SOLID_BREP('',#3156);
#3156 = CLOSED_SHELL('',(#3157,#3190,#3210,#3230,#3264,#3307,#3322,#3354
    ,#3387,#3402,#3412,#3421,#3431));
#3157 = ADVANCED_FACE('',(#3158),#3185,.T.);
#3158 = FACE_BOUND('',#3159,.T.);
#3159 = EDGE_LOOP('',(#3160,#3169,#3177,#3184));
#3160 = ORIENTED_EDGE('',*,*,#3161,.F.);
#3161 = EDGE_CURVE('',#3162,#3162,#3164,.T.);
#3162 = VERTEX_POINT('',#3163);
#3163 = CARTESIAN_POINT('',(1.7,-2.,12.4));
#3164 = CIRCLE('',#3165,0.9);
#3165 = AXIS2_PLACEMENT_3D('',#3166,#3167,#3168);
#3166 = CARTESIAN_POINT('',(1.7,-2.,11.5));
#3167 = DIRECTION('',(1.,0.,-0.));
#3168 = DIRECTION('',(0.,0.,1.));
#3169 = ORIENTED_EDGE('',*,*,#3170,.F.);
#3170 = EDGE_CURVE('',#3171,#3162,#3173,.T.);
#3171 = VERTEX_POINT('',#3172);
#3172 = CARTESIAN_POINT('',(-1.7,-2.,12.4));
#3173 = LINE('',#3174,#3175);
#3174 = CARTESIAN_POINT('',(-1.7,-2.,12.4));
#3175 = VECTOR('',#3176,1.);
#3176 = DIRECTION('',(1.,0.,0.));
#3177 = ORIENTED_EDGE('',*,*,#3178,.T.);
#3178 = EDGE_CURVE('',#3171,#3171,#3179,.T.);
#3179 = CIRCLE('',#3180,0.9);
#3180 = AXIS2_PLACEMENT_3D('',#3181,#3182,#3183);
#3181 = CARTESIAN_POINT('',(-1.7,-2.,11.5));
#3182 = DIRECTION('',(1.,0.,-0.));
#3183 = DIRECTION('',(0.,0.,1.));
#3184 = ORIENTED_EDGE('',*,*,#3170,.T.);
#3185 = CYLINDRICAL_SURFACE('',#3186,0.9);
#3186 = AXIS2_PLACEMENT_3D('',#3187,#3188,#3189);
#3187 = CARTESIAN_POINT('',(-1.7,-2.,11.5));
#3188 = DIRECTION('',(1.,0.,0.));
#3189 = DIRECTION('',(0.,0.,1.));
#3190 = ADVANCED_FACE('',(#3191,#3194),#3205,.T.);
#3191 = FACE_BOUND('',#3192,.T.);
#3192 = EDGE_LOOP('',(#3193));
#3193 = ORIENTED_EDGE('',*,*,#3161,.T.);
#3194 = FACE_BOUND('',#3195,.T.);
#3195 = EDGE_LOOP('',(#3196));
#3196 = ORIENTED_EDGE('',*,*,#3197,.F.);
#3197 = EDGE_CURVE('',#3198,#3198,#3200,.T.);
#3198 = VERTEX_POINT('',#3199);
#3199 = CARTESIAN_POINT('',(1.7,-2.,11.8));
#3200 = CIRCLE('',#3201,0.3);
#3201 = AXIS2_PLACEMENT_3D('',#3202,#3203,#3204);
#3202 = CARTESIAN_POINT('',(1.7,-2.,11.5));
#3203 = DIRECTION('',(1.,0.,-0.));
#3204 = DIRECTION('',(0.,0.,1.));
#3205 = PLANE('',#3206);
#3206 = AXIS2_PLACEMENT_3D('',#3207,#3208,#3209);
#3207 = CARTESIAN_POINT('',(1.7,-2.,11.5));
#3208 = DIRECTION('',(1.,0.,0.));
#3209 = DIRECTION('',(0.,0.,1.));
#3210 = ADVANCED_FACE('',(#3211,#3214),#3225,.F.);
#3211 = FACE_BOUND('',#3212,.F.);
#3212 = EDGE_LOOP('',(#3213));
#3213 = ORIENTED_EDGE('',*,*,#3178,.T.);
#3214 = FACE_BOUND('',#3215,.F.);
#3215 = EDGE_LOOP('',(#3216));
#3216 = ORIENTED_EDGE('',*,*,#3217,.F.);
#3217 = EDGE_CURVE('',#3218,#3218,#3220,.T.);
#3218 = VERTEX_POINT('',#3219);
#3219 = CARTESIAN_POINT('',(-1.7,-2.,11.8));
#3220 = CIRCLE('',#3221,0.3);
#3221 = AXIS2_PLACEMENT_3D('',#3222,#3223,#3224);
#3222 = CARTESIAN_POINT('',(-1.7,-2.,11.5));
#3223 = DIRECTION('',(1.,0.,-0.));
#3224 = DIRECTION('',(0.,0.,1.));
#3225 = PLANE('',#3226);
#3226 = AXIS2_PLACEMENT_3D('',#3227,#3228,#3229);
#3227 = CARTESIAN_POINT('',(-1.7,-2.,11.5));
#3228 = DIRECTION('',(1.,0.,0.));
#3229 = DIRECTION('',(0.,0.,1.));
#3230 = ADVANCED_FACE('',(#3231),#3259,.T.);
#3231 = FACE_BOUND('',#3232,.T.);
#3232 = EDGE_LOOP('',(#3233,#3244,#3250,#3251,#3252));
#3233 = ORIENTED_EDGE('',*,*,#3234,.F.);
#3234 = EDGE_CURVE('',#3235,#3237,#3239,.T.);
#3235 = VERTEX_POINT('',#3236);
#3236 = CARTESIAN_POINT('',(2.54,-2.,11.8));
#3237 = VERTEX_POINT('',#3238);
#3238 = CARTESIAN_POINT('',(2.54,-2.,11.2));
#3239 = CIRCLE('',#3240,0.3);
#3240 = AXIS2_PLACEMENT_3D('',#3241,#3242,#3243);
#3241 = CARTESIAN_POINT('',(2.54,-2.,11.5));
#3242 = DIRECTION('',(1.,0.,-0.));
#3243 = DIRECTION('',(0.,0.,1.));
#3244 = ORIENTED_EDGE('',*,*,#3245,.F.);
#3245 = EDGE_CURVE('',#3198,#3235,#3246,.T.);
#3246 = LINE('',#3247,#3248);
#3247 = CARTESIAN_POINT('',(1.7,-2.,11.8));
#3248 = VECTOR('',#3249,1.);
#3249 = DIRECTION('',(1.,0.,0.));
#3250 = ORIENTED_EDGE('',*,*,#3197,.T.);
#3251 = ORIENTED_EDGE('',*,*,#3245,.T.);
#3252 = ORIENTED_EDGE('',*,*,#3253,.F.);
#3253 = EDGE_CURVE('',#3237,#3235,#3254,.T.);
#3254 = ELLIPSE('',#3255,0.424264068712,0.3);
#3255 = AXIS2_PLACEMENT_3D('',#3256,#3257,#3258);
#3256 = CARTESIAN_POINT('',(2.54,-2.,11.5));
#3257 = DIRECTION('',(0.707106781187,0.707106781187,0.));
#3258 = DIRECTION('',(0.707106781187,-0.707106781187,0.));
#3259 = CYLINDRICAL_SURFACE('',#3260,0.3);
#3260 = AXIS2_PLACEMENT_3D('',#3261,#3262,#3263);
#3261 = CARTESIAN_POINT('',(1.7,-2.,11.5));
#3262 = DIRECTION('',(1.,0.,0.));
#3263 = DIRECTION('',(0.,0.,1.));
#3264 = ADVANCED_FACE('',(#3265),#3302,.T.);
#3265 = FACE_BOUND('',#3266,.T.);
#3266 = EDGE_LOOP('',(#3267,#3275,#3276,#3277,#3286,#3295));
#3267 = ORIENTED_EDGE('',*,*,#3268,.T.);
#3268 = EDGE_CURVE('',#3269,#3218,#3271,.T.);
#3269 = VERTEX_POINT('',#3270);
#3270 = CARTESIAN_POINT('',(-2.54,-2.,11.8));
#3271 = LINE('',#3272,#3273);
#3272 = CARTESIAN_POINT('',(-2.54,-2.,11.8));
#3273 = VECTOR('',#3274,1.);
#3274 = DIRECTION('',(1.,0.,0.));
#3275 = ORIENTED_EDGE('',*,*,#3217,.F.);
#3276 = ORIENTED_EDGE('',*,*,#3268,.F.);
#3277 = ORIENTED_EDGE('',*,*,#3278,.T.);
#3278 = EDGE_CURVE('',#3269,#3279,#3281,.T.);
#3279 = VERTEX_POINT('',#3280);
#3280 = CARTESIAN_POINT('',(-2.54,-2.,11.2));
#3281 = CIRCLE('',#3282,0.3);
#3282 = AXIS2_PLACEMENT_3D('',#3283,#3284,#3285);
#3283 = CARTESIAN_POINT('',(-2.54,-2.,11.5));
#3284 = DIRECTION('',(1.,0.,-0.));
#3285 = DIRECTION('',(0.,0.,1.));
#3286 = ORIENTED_EDGE('',*,*,#3287,.T.);
#3287 = EDGE_CURVE('',#3279,#3288,#3290,.T.);
#3288 = VERTEX_POINT('',#3289);
#3289 = CARTESIAN_POINT('',(-2.24,-1.7,11.5));
#3290 = ELLIPSE('',#3291,0.424264068712,0.3);
#3291 = AXIS2_PLACEMENT_3D('',#3292,#3293,#3294);
#3292 = CARTESIAN_POINT('',(-2.54,-2.,11.5));
#3293 = DIRECTION('',(0.707106781187,-0.707106781187,0.));
#3294 = DIRECTION('',(0.707106781187,0.707106781187,0.));
#3295 = ORIENTED_EDGE('',*,*,#3296,.T.);
#3296 = EDGE_CURVE('',#3288,#3269,#3297,.T.);
#3297 = ELLIPSE('',#3298,0.424264068712,0.3);
#3298 = AXIS2_PLACEMENT_3D('',#3299,#3300,#3301);
#3299 = CARTESIAN_POINT('',(-2.54,-2.,11.5));
#3300 = DIRECTION('',(0.707106781187,-0.707106781187,0.));
#3301 = DIRECTION('',(0.707106781187,0.707106781187,0.));
#3302 = CYLINDRICAL_SURFACE('',#3303,0.3);
#3303 = AXIS2_PLACEMENT_3D('',#3304,#3305,#3306);
#3304 = CARTESIAN_POINT('',(-2.54,-2.,11.5));
#3305 = DIRECTION('',(1.,0.,0.));
#3306 = DIRECTION('',(0.,0.,1.));
#3307 = ADVANCED_FACE('',(#3308),#3317,.T.);
#3308 = FACE_BOUND('',#3309,.T.);
#3309 = EDGE_LOOP('',(#3310,#3316));
#3310 = ORIENTED_EDGE('',*,*,#3311,.T.);
#3311 = EDGE_CURVE('',#3237,#3235,#3312,.T.);
#3312 = LINE('',#3313,#3314);
#3313 = CARTESIAN_POINT('',(2.54,-2.,11.5));
#3314 = VECTOR('',#3315,1.);
#3315 = DIRECTION('',(0.,0.,1.));
#3316 = ORIENTED_EDGE('',*,*,#3234,.T.);
#3317 = PLANE('',#3318);
#3318 = AXIS2_PLACEMENT_3D('',#3319,#3320,#3321);
#3319 = CARTESIAN_POINT('',(2.54,-2.,11.5));
#3320 = DIRECTION('',(1.,0.,0.));
#3321 = DIRECTION('',(0.,0.,1.));
#3322 = ADVANCED_FACE('',(#3323),#3349,.T.);
#3323 = FACE_BOUND('',#3324,.T.);
#3324 = EDGE_LOOP('',(#3325,#3333,#3340,#3341,#3348));
#3325 = ORIENTED_EDGE('',*,*,#3326,.T.);
#3326 = EDGE_CURVE('',#3235,#3327,#3329,.T.);
#3327 = VERTEX_POINT('',#3328);
#3328 = CARTESIAN_POINT('',(2.54,1.5,11.8));
#3329 = LINE('',#3330,#3331);
#3330 = CARTESIAN_POINT('',(2.54,-2.,11.8));
#3331 = VECTOR('',#3332,1.);
#3332 = DIRECTION('',(0.,1.,0.));
#3333 = ORIENTED_EDGE('',*,*,#3334,.F.);
#3334 = EDGE_CURVE('',#3327,#3327,#3335,.T.);
#3335 = CIRCLE('',#3336,0.3);
#3336 = AXIS2_PLACEMENT_3D('',#3337,#3338,#3339);
#3337 = CARTESIAN_POINT('',(2.54,1.5,11.5));
#3338 = DIRECTION('',(0.,1.,0.));
#3339 = DIRECTION('',(0.,0.,1.));
#3340 = ORIENTED_EDGE('',*,*,#3326,.F.);
#3341 = ORIENTED_EDGE('',*,*,#3342,.T.);
#3342 = EDGE_CURVE('',#3235,#3237,#3343,.T.);
#3343 = CIRCLE('',#3344,0.3);
#3344 = AXIS2_PLACEMENT_3D('',#3345,#3346,#3347);
#3345 = CARTESIAN_POINT('',(2.54,-2.,11.5));
#3346 = DIRECTION('',(0.,1.,0.));
#3347 = DIRECTION('',(0.,0.,1.));
#3348 = ORIENTED_EDGE('',*,*,#3253,.T.);
#3349 = CYLINDRICAL_SURFACE('',#3350,0.3);
#3350 = AXIS2_PLACEMENT_3D('',#3351,#3352,#3353);
#3351 = CARTESIAN_POINT('',(2.54,-2.,11.5));
#3352 = DIRECTION('',(0.,1.,0.));
#3353 = DIRECTION('',(0.,0.,1.));
#3354 = ADVANCED_FACE('',(#3355),#3382,.T.);
#3355 = FACE_BOUND('',#3356,.T.);
#3356 = EDGE_LOOP('',(#3357,#3365,#3372,#3373,#3374,#3375));
#3357 = ORIENTED_EDGE('',*,*,#3358,.T.);
#3358 = EDGE_CURVE('',#3269,#3359,#3361,.T.);
#3359 = VERTEX_POINT('',#3360);
#3360 = CARTESIAN_POINT('',(-2.54,1.5,11.8));
#3361 = LINE('',#3362,#3363);
#3362 = CARTESIAN_POINT('',(-2.54,-2.,11.8));
#3363 = VECTOR('',#3364,1.);
#3364 = DIRECTION('',(0.,1.,0.));
#3365 = ORIENTED_EDGE('',*,*,#3366,.F.);
#3366 = EDGE_CURVE('',#3359,#3359,#3367,.T.);
#3367 = CIRCLE('',#3368,0.3);
#3368 = AXIS2_PLACEMENT_3D('',#3369,#3370,#3371);
#3369 = CARTESIAN_POINT('',(-2.54,1.5,11.5));
#3370 = DIRECTION('',(0.,1.,0.));
#3371 = DIRECTION('',(0.,0.,1.));
#3372 = ORIENTED_EDGE('',*,*,#3358,.F.);
#3373 = ORIENTED_EDGE('',*,*,#3296,.F.);
#3374 = ORIENTED_EDGE('',*,*,#3287,.F.);
#3375 = ORIENTED_EDGE('',*,*,#3376,.T.);
#3376 = EDGE_CURVE('',#3279,#3269,#3377,.T.);
#3377 = CIRCLE('',#3378,0.3);
#3378 = AXIS2_PLACEMENT_3D('',#3379,#3380,#3381);
#3379 = CARTESIAN_POINT('',(-2.54,-2.,11.5));
#3380 = DIRECTION('',(0.,1.,0.));
#3381 = DIRECTION('',(0.,0.,1.));
#3382 = CYLINDRICAL_SURFACE('',#3383,0.3);
#3383 = AXIS2_PLACEMENT_3D('',#3384,#3385,#3386);
#3384 = CARTESIAN_POINT('',(-2.54,-2.,11.5));
#3385 = DIRECTION('',(0.,1.,0.));
#3386 = DIRECTION('',(0.,0.,1.));
#3387 = ADVANCED_FACE('',(#3388),#3397,.F.);
#3388 = FACE_BOUND('',#3389,.F.);
#3389 = EDGE_LOOP('',(#3390,#3396));
#3390 = ORIENTED_EDGE('',*,*,#3391,.T.);
#3391 = EDGE_CURVE('',#3279,#3269,#3392,.T.);
#3392 = LINE('',#3393,#3394);
#3393 = CARTESIAN_POINT('',(-2.54,-2.,11.5));
#3394 = VECTOR('',#3395,1.);
#3395 = DIRECTION('',(0.,0.,1.));
#3396 = ORIENTED_EDGE('',*,*,#3278,.T.);
#3397 = PLANE('',#3398);
#3398 = AXIS2_PLACEMENT_3D('',#3399,#3400,#3401);
#3399 = CARTESIAN_POINT('',(-2.54,-2.,11.5));
#3400 = DIRECTION('',(1.,0.,0.));
#3401 = DIRECTION('',(0.,0.,1.));
#3402 = ADVANCED_FACE('',(#3403),#3407,.F.);
#3403 = FACE_BOUND('',#3404,.F.);
#3404 = EDGE_LOOP('',(#3405,#3406));
#3405 = ORIENTED_EDGE('',*,*,#3311,.T.);
#3406 = ORIENTED_EDGE('',*,*,#3342,.T.);
#3407 = PLANE('',#3408);
#3408 = AXIS2_PLACEMENT_3D('',#3409,#3410,#3411);
#3409 = CARTESIAN_POINT('',(2.54,-2.,11.5));
#3410 = DIRECTION('',(0.,1.,0.));
#3411 = DIRECTION('',(0.,0.,1.));
#3412 = ADVANCED_FACE('',(#3413),#3416,.T.);
#3413 = FACE_BOUND('',#3414,.T.);
#3414 = EDGE_LOOP('',(#3415));
#3415 = ORIENTED_EDGE('',*,*,#3334,.T.);
#3416 = PLANE('',#3417);
#3417 = AXIS2_PLACEMENT_3D('',#3418,#3419,#3420);
#3418 = CARTESIAN_POINT('',(2.54,1.5,11.5));
#3419 = DIRECTION('',(0.,1.,0.));
#3420 = DIRECTION('',(0.,0.,1.));
#3421 = ADVANCED_FACE('',(#3422),#3426,.F.);
#3422 = FACE_BOUND('',#3423,.F.);
#3423 = EDGE_LOOP('',(#3424,#3425));
#3424 = ORIENTED_EDGE('',*,*,#3376,.T.);
#3425 = ORIENTED_EDGE('',*,*,#3391,.F.);
#3426 = PLANE('',#3427);
#3427 = AXIS2_PLACEMENT_3D('',#3428,#3429,#3430);
#3428 = CARTESIAN_POINT('',(-2.54,-2.,11.5));
#3429 = DIRECTION('',(0.,1.,0.));
#3430 = DIRECTION('',(0.,0.,1.));
#3431 = ADVANCED_FACE('',(#3432),#3435,.T.);
#3432 = FACE_BOUND('',#3433,.T.);
#3433 = EDGE_LOOP('',(#3434));
#3434 = ORIENTED_EDGE('',*,*,#3366,.T.);
#3435 = PLANE('',#3436);
#3436 = AXIS2_PLACEMENT_3D('',#3437,#3438,#3439);
#3437 = CARTESIAN_POINT('',(-2.54,1.5,11.5));
#3438 = DIRECTION('',(0.,1.,0.));
#3439 = DIRECTION('',(0.,0.,1.));
#3440 = MANIFOLD_SOLID_BREP('',#3441);
#3441 = CLOSED_SHELL('',(#3442,#3482,#3547,#3579,#3603,#3628,#3901,#3932
    ,#3956,#3980,#3997,#4036,#4060,#4092,#4293,#4317,#4341,#4358,#4382,
    #4406,#4423,#4447,#4471,#4488,#4512,#4536,#4553,#4577,#4601,#4618,
    #4642,#4666,#4683,#4707,#4731,#4748,#4772,#4796,#4813,#4825,#5114,
    #5126,#5138,#5150,#5162,#5174,#5186,#5198,#5210,#5222,#5253,#5277,
    #5301,#5318,#5349,#5373,#5397,#5414,#5445,#5469,#5493,#5510,#5541,
    #5565,#5589,#5606,#5637,#5661,#5685,#5702,#5733,#5757,#5781,#5798,
    #5829,#5853,#5877,#5894,#5925,#5949,#5973,#5990,#6002,#6014,#6026,
    #6038,#6050,#6062,#6074));
#3442 = ADVANCED_FACE('',(#3443),#3477,.F.);
#3443 = FACE_BOUND('',#3444,.F.);
#3444 = EDGE_LOOP('',(#3445,#3455,#3463,#3471));
#3445 = ORIENTED_EDGE('',*,*,#3446,.F.);
#3446 = EDGE_CURVE('',#3447,#3449,#3451,.T.);
#3447 = VERTEX_POINT('',#3448);
#3448 = CARTESIAN_POINT('',(-5.5,-3.8,11.5));
#3449 = VERTEX_POINT('',#3450);
#3450 = CARTESIAN_POINT('',(-5.5,-3.8,30.5));
#3451 = LINE('',#3452,#3453);
#3452 = CARTESIAN_POINT('',(-5.5,-3.8,11.5));
#3453 = VECTOR('',#3454,1.);
#3454 = DIRECTION('',(0.,0.,1.));
#3455 = ORIENTED_EDGE('',*,*,#3456,.T.);
#3456 = EDGE_CURVE('',#3447,#3457,#3459,.T.);
#3457 = VERTEX_POINT('',#3458);
#3458 = CARTESIAN_POINT('',(-5.5,-2.6,11.5));
#3459 = LINE('',#3460,#3461);
#3460 = CARTESIAN_POINT('',(-5.5,-3.8,11.5));
#3461 = VECTOR('',#3462,1.);
#3462 = DIRECTION('',(0.,1.,0.));
#3463 = ORIENTED_EDGE('',*,*,#3464,.T.);
#3464 = EDGE_CURVE('',#3457,#3465,#3467,.T.);
#3465 = VERTEX_POINT('',#3466);
#3466 = CARTESIAN_POINT('',(-5.5,-2.6,30.5));
#3467 = LINE('',#3468,#3469);
#3468 = CARTESIAN_POINT('',(-5.5,-2.6,11.5));
#3469 = VECTOR('',#3470,1.);
#3470 = DIRECTION('',(0.,0.,1.));
#3471 = ORIENTED_EDGE('',*,*,#3472,.F.);
#3472 = EDGE_CURVE('',#3449,#3465,#3473,.T.);
#3473 = LINE('',#3474,#3475);
#3474 = CARTESIAN_POINT('',(-5.5,-3.8,30.5));
#3475 = VECTOR('',#3476,1.);
#3476 = DIRECTION('',(0.,1.,0.));
#3477 = PLANE('',#3478);
#3478 = AXIS2_PLACEMENT_3D('',#3479,#3480,#3481);
#3479 = CARTESIAN_POINT('',(-5.5,-3.8,11.5));
#3480 = DIRECTION('',(1.,0.,0.));
#3481 = DIRECTION('',(0.,0.,1.));
#3482 = ADVANCED_FACE('',(#3483,#3508),#3542,.F.);
#3483 = FACE_BOUND('',#3484,.F.);
#3484 = EDGE_LOOP('',(#3485,#3493,#3494,#3502));
#3485 = ORIENTED_EDGE('',*,*,#3486,.F.);
#3486 = EDGE_CURVE('',#3447,#3487,#3489,.T.);
#3487 = VERTEX_POINT('',#3488);
#3488 = CARTESIAN_POINT('',(7.5,-3.8,11.5));
#3489 = LINE('',#3490,#3491);
#3490 = CARTESIAN_POINT('',(-5.5,-3.8,11.5));
#3491 = VECTOR('',#3492,1.);
#3492 = DIRECTION('',(1.,0.,0.));
#3493 = ORIENTED_EDGE('',*,*,#3446,.T.);
#3494 = ORIENTED_EDGE('',*,*,#3495,.T.);
#3495 = EDGE_CURVE('',#3449,#3496,#3498,.T.);
#3496 = VERTEX_POINT('',#3497);
#3497 = CARTESIAN_POINT('',(7.5,-3.8,30.5));
#3498 = LINE('',#3499,#3500);
#3499 = CARTESIAN_POINT('',(-5.5,-3.8,30.5));
#3500 = VECTOR('',#3501,1.);
#3501 = DIRECTION('',(1.,0.,0.));
#3502 = ORIENTED_EDGE('',*,*,#3503,.F.);
#3503 = EDGE_CURVE('',#3487,#3496,#3504,.T.);
#3504 = LINE('',#3505,#3506);
#3505 = CARTESIAN_POINT('',(7.5,-3.8,11.5));
#3506 = VECTOR('',#3507,1.);
#3507 = DIRECTION('',(0.,0.,1.));
#3508 = FACE_BOUND('',#3509,.F.);
#3509 = EDGE_LOOP('',(#3510,#3520,#3528,#3536));
#3510 = ORIENTED_EDGE('',*,*,#3511,.F.);
#3511 = EDGE_CURVE('',#3512,#3514,#3516,.T.);
#3512 = VERTEX_POINT('',#3513);
#3513 = CARTESIAN_POINT('',(-1.,-3.8,18.5));
#3514 = VERTEX_POINT('',#3515);
#3515 = CARTESIAN_POINT('',(-1.,-3.8,22.3));
#3516 = LINE('',#3517,#3518);
#3517 = CARTESIAN_POINT('',(-1.,-3.8,18.5));
#3518 = VECTOR('',#3519,1.);
#3519 = DIRECTION('',(0.,0.,1.));
#3520 = ORIENTED_EDGE('',*,*,#3521,.T.);
#3521 = EDGE_CURVE('',#3512,#3522,#3524,.T.);
#3522 = VERTEX_POINT('',#3523);
#3523 = CARTESIAN_POINT('',(2.8,-3.8,18.5));
#3524 = LINE('',#3525,#3526);
#3525 = CARTESIAN_POINT('',(-1.,-3.8,18.5));
#3526 = VECTOR('',#3527,1.);
#3527 = DIRECTION('',(1.,0.,0.));
#3528 = ORIENTED_EDGE('',*,*,#3529,.T.);
#3529 = EDGE_CURVE('',#3522,#3530,#3532,.T.);
#3530 = VERTEX_POINT('',#3531);
#3531 = CARTESIAN_POINT('',(2.8,-3.8,22.3));
#3532 = LINE('',#3533,#3534);
#3533 = CARTESIAN_POINT('',(2.8,-3.8,18.5));
#3534 = VECTOR('',#3535,1.);
#3535 = DIRECTION('',(0.,0.,1.));
#3536 = ORIENTED_EDGE('',*,*,#3537,.F.);
#3537 = EDGE_CURVE('',#3514,#3530,#3538,.T.);
#3538 = LINE('',#3539,#3540);
#3539 = CARTESIAN_POINT('',(-1.,-3.8,22.3));
#3540 = VECTOR('',#3541,1.);
#3541 = DIRECTION('',(1.,0.,0.));
#3542 = PLANE('',#3543);
#3543 = AXIS2_PLACEMENT_3D('',#3544,#3545,#3546);
#3544 = CARTESIAN_POINT('',(-5.5,-3.8,11.5));
#3545 = DIRECTION('',(0.,1.,0.));
#3546 = DIRECTION('',(0.,0.,1.));
#3547 = ADVANCED_FACE('',(#3548),#3574,.T.);
#3548 = FACE_BOUND('',#3549,.T.);
#3549 = EDGE_LOOP('',(#3550,#3551,#3552,#3560,#3568));
#3550 = ORIENTED_EDGE('',*,*,#3472,.F.);
#3551 = ORIENTED_EDGE('',*,*,#3495,.T.);
#3552 = ORIENTED_EDGE('',*,*,#3553,.T.);
#3553 = EDGE_CURVE('',#3496,#3554,#3556,.T.);
#3554 = VERTEX_POINT('',#3555);
#3555 = CARTESIAN_POINT('',(7.5,-2.6,30.5));
#3556 = LINE('',#3557,#3558);
#3557 = CARTESIAN_POINT('',(7.5,-3.8,30.5));
#3558 = VECTOR('',#3559,1.);
#3559 = DIRECTION('',(0.,1.,0.));
#3560 = ORIENTED_EDGE('',*,*,#3561,.F.);
#3561 = EDGE_CURVE('',#3562,#3554,#3564,.T.);
#3562 = VERTEX_POINT('',#3563);
#3563 = CARTESIAN_POINT('',(6.25,-2.6,30.5));
#3564 = LINE('',#3565,#3566);
#3565 = CARTESIAN_POINT('',(-5.5,-2.6,30.5));
#3566 = VECTOR('',#3567,1.);
#3567 = DIRECTION('',(1.,0.,0.));
#3568 = ORIENTED_EDGE('',*,*,#3569,.F.);
#3569 = EDGE_CURVE('',#3465,#3562,#3570,.T.);
#3570 = LINE('',#3571,#3572);
#3571 = CARTESIAN_POINT('',(-5.5,-2.6,30.5));
#3572 = VECTOR('',#3573,1.);
#3573 = DIRECTION('',(1.,0.,0.));
#3574 = PLANE('',#3575);
#3575 = AXIS2_PLACEMENT_3D('',#3576,#3577,#3578);
#3576 = CARTESIAN_POINT('',(-5.5,-3.8,30.5));
#3577 = DIRECTION('',(0.,0.,1.));
#3578 = DIRECTION('',(1.,0.,0.));
#3579 = ADVANCED_FACE('',(#3580),#3598,.T.);
#3580 = FACE_BOUND('',#3581,.T.);
#3581 = EDGE_LOOP('',(#3582,#3590,#3591,#3592));
#3582 = ORIENTED_EDGE('',*,*,#3583,.F.);
#3583 = EDGE_CURVE('',#3457,#3584,#3586,.T.);
#3584 = VERTEX_POINT('',#3585);
#3585 = CARTESIAN_POINT('',(6.25,-2.6,11.5));
#3586 = LINE('',#3587,#3588);
#3587 = CARTESIAN_POINT('',(-5.5,-2.6,11.5));
#3588 = VECTOR('',#3589,1.);
#3589 = DIRECTION('',(1.,0.,0.));
#3590 = ORIENTED_EDGE('',*,*,#3464,.T.);
#3591 = ORIENTED_EDGE('',*,*,#3569,.T.);
#3592 = ORIENTED_EDGE('',*,*,#3593,.F.);
#3593 = EDGE_CURVE('',#3584,#3562,#3594,.T.);
#3594 = LINE('',#3595,#3596);
#3595 = CARTESIAN_POINT('',(6.25,-2.6,11.5));
#3596 = VECTOR('',#3597,1.);
#3597 = DIRECTION('',(0.,0.,1.));
#3598 = PLANE('',#3599);
#3599 = AXIS2_PLACEMENT_3D('',#3600,#3601,#3602);
#3600 = CARTESIAN_POINT('',(-5.5,-2.6,11.5));
#3601 = DIRECTION('',(0.,1.,0.));
#3602 = DIRECTION('',(0.,0.,1.));
#3603 = ADVANCED_FACE('',(#3604),#3623,.F.);
#3604 = FACE_BOUND('',#3605,.F.);
#3605 = EDGE_LOOP('',(#3606,#3607,#3608,#3616,#3622));
#3606 = ORIENTED_EDGE('',*,*,#3456,.F.);
#3607 = ORIENTED_EDGE('',*,*,#3486,.T.);
#3608 = ORIENTED_EDGE('',*,*,#3609,.T.);
#3609 = EDGE_CURVE('',#3487,#3610,#3612,.T.);
#3610 = VERTEX_POINT('',#3611);
#3611 = CARTESIAN_POINT('',(7.5,-2.6,11.5));
#3612 = LINE('',#3613,#3614);
#3613 = CARTESIAN_POINT('',(7.5,-3.8,11.5));
#3614 = VECTOR('',#3615,1.);
#3615 = DIRECTION('',(0.,1.,0.));
#3616 = ORIENTED_EDGE('',*,*,#3617,.F.);
#3617 = EDGE_CURVE('',#3584,#3610,#3618,.T.);
#3618 = LINE('',#3619,#3620);
#3619 = CARTESIAN_POINT('',(-5.5,-2.6,11.5));
#3620 = VECTOR('',#3621,1.);
#3621 = DIRECTION('',(1.,0.,0.));
#3622 = ORIENTED_EDGE('',*,*,#3583,.F.);
#3623 = PLANE('',#3624);
#3624 = AXIS2_PLACEMENT_3D('',#3625,#3626,#3627);
#3625 = CARTESIAN_POINT('',(-5.5,-3.8,11.5));
#3626 = DIRECTION('',(0.,0.,1.));
#3627 = DIRECTION('',(1.,0.,0.));
#3628 = ADVANCED_FACE('',(#3629),#3896,.T.);
#3629 = FACE_BOUND('',#3630,.T.);
#3630 = EDGE_LOOP('',(#3631,#3632,#3633,#3634,#3642,#3650,#3658,#3666,
    #3674,#3682,#3690,#3698,#3706,#3714,#3722,#3730,#3738,#3746,#3754,
    #3762,#3770,#3778,#3786,#3794,#3802,#3810,#3818,#3826,#3834,#3842,
    #3850,#3858,#3866,#3874,#3882,#3890));
#3631 = ORIENTED_EDGE('',*,*,#3553,.F.);
#3632 = ORIENTED_EDGE('',*,*,#3503,.F.);
#3633 = ORIENTED_EDGE('',*,*,#3609,.T.);
#3634 = ORIENTED_EDGE('',*,*,#3635,.T.);
#3635 = EDGE_CURVE('',#3610,#3636,#3638,.T.);
#3636 = VERTEX_POINT('',#3637);
#3637 = CARTESIAN_POINT('',(7.5,-2.6,11.79));
#3638 = LINE('',#3639,#3640);
#3639 = CARTESIAN_POINT('',(7.5,-2.6,11.5));
#3640 = VECTOR('',#3641,1.);
#3641 = DIRECTION('',(0.,0.,1.));
#3642 = ORIENTED_EDGE('',*,*,#3643,.T.);
#3643 = EDGE_CURVE('',#3636,#3644,#3646,.T.);
#3644 = VERTEX_POINT('',#3645);
#3645 = CARTESIAN_POINT('',(7.5,-3.,11.79));
#3646 = LINE('',#3647,#3648);
#3647 = CARTESIAN_POINT('',(7.5,-3.4,11.79));
#3648 = VECTOR('',#3649,1.);
#3649 = DIRECTION('',(0.,-1.,0.));
#3650 = ORIENTED_EDGE('',*,*,#3651,.T.);
#3651 = EDGE_CURVE('',#3644,#3652,#3654,.T.);
#3652 = VERTEX_POINT('',#3653);
#3653 = CARTESIAN_POINT('',(7.5,-3.,12.43));
#3654 = LINE('',#3655,#3656);
#3655 = CARTESIAN_POINT('',(7.5,-3.,11.645));
#3656 = VECTOR('',#3657,1.);
#3657 = DIRECTION('',(0.,0.,1.));
#3658 = ORIENTED_EDGE('',*,*,#3659,.F.);
#3659 = EDGE_CURVE('',#3660,#3652,#3662,.T.);
#3660 = VERTEX_POINT('',#3661);
#3661 = CARTESIAN_POINT('',(7.5,-2.6,12.43));
#3662 = LINE('',#3663,#3664);
#3663 = CARTESIAN_POINT('',(7.5,-3.4,12.43));
#3664 = VECTOR('',#3665,1.);
#3665 = DIRECTION('',(0.,-1.,0.));
#3666 = ORIENTED_EDGE('',*,*,#3667,.T.);
#3667 = EDGE_CURVE('',#3660,#3668,#3670,.T.);
#3668 = VERTEX_POINT('',#3669);
#3669 = CARTESIAN_POINT('',(7.5,-2.6,14.33));
#3670 = LINE('',#3671,#3672);
#3671 = CARTESIAN_POINT('',(7.5,-2.6,11.5));
#3672 = VECTOR('',#3673,1.);
#3673 = DIRECTION('',(0.,0.,1.));
#3674 = ORIENTED_EDGE('',*,*,#3675,.T.);
#3675 = EDGE_CURVE('',#3668,#3676,#3678,.T.);
#3676 = VERTEX_POINT('',#3677);
#3677 = CARTESIAN_POINT('',(7.5,-3.,14.33));
#3678 = LINE('',#3679,#3680);
#3679 = CARTESIAN_POINT('',(7.5,-3.4,14.33));
#3680 = VECTOR('',#3681,1.);
#3681 = DIRECTION('',(0.,-1.,0.));
#3682 = ORIENTED_EDGE('',*,*,#3683,.T.);
#3683 = EDGE_CURVE('',#3676,#3684,#3686,.T.);
#3684 = VERTEX_POINT('',#3685);
#3685 = CARTESIAN_POINT('',(7.5,-3.,14.97));
#3686 = LINE('',#3687,#3688);
#3687 = CARTESIAN_POINT('',(7.5,-3.,12.915));
#3688 = VECTOR('',#3689,1.);
#3689 = DIRECTION('',(0.,0.,1.));
#3690 = ORIENTED_EDGE('',*,*,#3691,.F.);
#3691 = EDGE_CURVE('',#3692,#3684,#3694,.T.);
#3692 = VERTEX_POINT('',#3693);
#3693 = CARTESIAN_POINT('',(7.5,-2.6,14.97));
#3694 = LINE('',#3695,#3696);
#3695 = CARTESIAN_POINT('',(7.5,-3.4,14.97));
#3696 = VECTOR('',#3697,1.);
#3697 = DIRECTION('',(0.,-1.,0.));
#3698 = ORIENTED_EDGE('',*,*,#3699,.T.);
#3699 = EDGE_CURVE('',#3692,#3700,#3702,.T.);
#3700 = VERTEX_POINT('',#3701);
#3701 = CARTESIAN_POINT('',(7.5,-2.6,16.87));
#3702 = LINE('',#3703,#3704);
#3703 = CARTESIAN_POINT('',(7.5,-2.6,11.5));
#3704 = VECTOR('',#3705,1.);
#3705 = DIRECTION('',(0.,0.,1.));
#3706 = ORIENTED_EDGE('',*,*,#3707,.T.);
#3707 = EDGE_CURVE('',#3700,#3708,#3710,.T.);
#3708 = VERTEX_POINT('',#3709);
#3709 = CARTESIAN_POINT('',(7.5,-3.,16.87));
#3710 = LINE('',#3711,#3712);
#3711 = CARTESIAN_POINT('',(7.5,-3.4,16.87));
#3712 = VECTOR('',#3713,1.);
#3713 = DIRECTION('',(0.,-1.,0.));
#3714 = ORIENTED_EDGE('',*,*,#3715,.T.);
#3715 = EDGE_CURVE('',#3708,#3716,#3718,.T.);
#3716 = VERTEX_POINT('',#3717);
#3717 = CARTESIAN_POINT('',(7.5,-3.,17.51));
#3718 = LINE('',#3719,#3720);
#3719 = CARTESIAN_POINT('',(7.5,-3.,14.185));
#3720 = VECTOR('',#3721,1.);
#3721 = DIRECTION('',(0.,0.,1.));
#3722 = ORIENTED_EDGE('',*,*,#3723,.F.);
#3723 = EDGE_CURVE('',#3724,#3716,#3726,.T.);
#3724 = VERTEX_POINT('',#3725);
#3725 = CARTESIAN_POINT('',(7.5,-2.6,17.51));
#3726 = LINE('',#3727,#3728);
#3727 = CARTESIAN_POINT('',(7.5,-3.4,17.51));
#3728 = VECTOR('',#3729,1.);
#3729 = DIRECTION('',(0.,-1.,0.));
#3730 = ORIENTED_EDGE('',*,*,#3731,.T.);
#3731 = EDGE_CURVE('',#3724,#3732,#3734,.T.);
#3732 = VERTEX_POINT('',#3733);
#3733 = CARTESIAN_POINT('',(7.5,-2.6,19.41));
#3734 = LINE('',#3735,#3736);
#3735 = CARTESIAN_POINT('',(7.5,-2.6,11.5));
#3736 = VECTOR('',#3737,1.);
#3737 = DIRECTION('',(0.,0.,1.));
#3738 = ORIENTED_EDGE('',*,*,#3739,.T.);
#3739 = EDGE_CURVE('',#3732,#3740,#3742,.T.);
#3740 = VERTEX_POINT('',#3741);
#3741 = CARTESIAN_POINT('',(7.5,-3.,19.41));
#3742 = LINE('',#3743,#3744);
#3743 = CARTESIAN_POINT('',(7.5,-3.4,19.41));
#3744 = VECTOR('',#3745,1.);
#3745 = DIRECTION('',(0.,-1.,0.));
#3746 = ORIENTED_EDGE('',*,*,#3747,.T.);
#3747 = EDGE_CURVE('',#3740,#3748,#3750,.T.);
#3748 = VERTEX_POINT('',#3749);
#3749 = CARTESIAN_POINT('',(7.5,-3.,20.05));
#3750 = LINE('',#3751,#3752);
#3751 = CARTESIAN_POINT('',(7.5,-3.,15.455));
#3752 = VECTOR('',#3753,1.);
#3753 = DIRECTION('',(0.,0.,1.));
#3754 = ORIENTED_EDGE('',*,*,#3755,.F.);
#3755 = EDGE_CURVE('',#3756,#3748,#3758,.T.);
#3756 = VERTEX_POINT('',#3757);
#3757 = CARTESIAN_POINT('',(7.5,-2.6,20.05));
#3758 = LINE('',#3759,#3760);
#3759 = CARTESIAN_POINT('',(7.5,-3.4,20.05));
#3760 = VECTOR('',#3761,1.);
#3761 = DIRECTION('',(0.,-1.,0.));
#3762 = ORIENTED_EDGE('',*,*,#3763,.T.);
#3763 = EDGE_CURVE('',#3756,#3764,#3766,.T.);
#3764 = VERTEX_POINT('',#3765);
#3765 = CARTESIAN_POINT('',(7.5,-2.6,21.95));
#3766 = LINE('',#3767,#3768);
#3767 = CARTESIAN_POINT('',(7.5,-2.6,11.5));
#3768 = VECTOR('',#3769,1.);
#3769 = DIRECTION('',(0.,0.,1.));
#3770 = ORIENTED_EDGE('',*,*,#3771,.T.);
#3771 = EDGE_CURVE('',#3764,#3772,#3774,.T.);
#3772 = VERTEX_POINT('',#3773);
#3773 = CARTESIAN_POINT('',(7.5,-3.,21.95));
#3774 = LINE('',#3775,#3776);
#3775 = CARTESIAN_POINT('',(7.5,-3.4,21.95));
#3776 = VECTOR('',#3777,1.);
#3777 = DIRECTION('',(0.,-1.,0.));
#3778 = ORIENTED_EDGE('',*,*,#3779,.T.);
#3779 = EDGE_CURVE('',#3772,#3780,#3782,.T.);
#3780 = VERTEX_POINT('',#3781);
#3781 = CARTESIAN_POINT('',(7.5,-3.,22.59));
#3782 = LINE('',#3783,#3784);
#3783 = CARTESIAN_POINT('',(7.5,-3.,16.725));
#3784 = VECTOR('',#3785,1.);
#3785 = DIRECTION('',(0.,0.,1.));
#3786 = ORIENTED_EDGE('',*,*,#3787,.F.);
#3787 = EDGE_CURVE('',#3788,#3780,#3790,.T.);
#3788 = VERTEX_POINT('',#3789);
#3789 = CARTESIAN_POINT('',(7.5,-2.6,22.59));
#3790 = LINE('',#3791,#3792);
#3791 = CARTESIAN_POINT('',(7.5,-3.4,22.59));
#3792 = VECTOR('',#3793,1.);
#3793 = DIRECTION('',(0.,-1.,0.));
#3794 = ORIENTED_EDGE('',*,*,#3795,.T.);
#3795 = EDGE_CURVE('',#3788,#3796,#3798,.T.);
#3796 = VERTEX_POINT('',#3797);
#3797 = CARTESIAN_POINT('',(7.5,-2.6,24.49));
#3798 = LINE('',#3799,#3800);
#3799 = CARTESIAN_POINT('',(7.5,-2.6,11.5));
#3800 = VECTOR('',#3801,1.);
#3801 = DIRECTION('',(0.,0.,1.));
#3802 = ORIENTED_EDGE('',*,*,#3803,.T.);
#3803 = EDGE_CURVE('',#3796,#3804,#3806,.T.);
#3804 = VERTEX_POINT('',#3805);
#3805 = CARTESIAN_POINT('',(7.5,-3.,24.49));
#3806 = LINE('',#3807,#3808);
#3807 = CARTESIAN_POINT('',(7.5,-3.4,24.49));
#3808 = VECTOR('',#3809,1.);
#3809 = DIRECTION('',(0.,-1.,0.));
#3810 = ORIENTED_EDGE('',*,*,#3811,.T.);
#3811 = EDGE_CURVE('',#3804,#3812,#3814,.T.);
#3812 = VERTEX_POINT('',#3813);
#3813 = CARTESIAN_POINT('',(7.5,-3.,25.13));
#3814 = LINE('',#3815,#3816);
#3815 = CARTESIAN_POINT('',(7.5,-3.,17.995));
#3816 = VECTOR('',#3817,1.);
#3817 = DIRECTION('',(0.,0.,1.));
#3818 = ORIENTED_EDGE('',*,*,#3819,.F.);
#3819 = EDGE_CURVE('',#3820,#3812,#3822,.T.);
#3820 = VERTEX_POINT('',#3821);
#3821 = CARTESIAN_POINT('',(7.5,-2.6,25.13));
#3822 = LINE('',#3823,#3824);
#3823 = CARTESIAN_POINT('',(7.5,-3.4,25.13));
#3824 = VECTOR('',#3825,1.);
#3825 = DIRECTION('',(0.,-1.,0.));
#3826 = ORIENTED_EDGE('',*,*,#3827,.T.);
#3827 = EDGE_CURVE('',#3820,#3828,#3830,.T.);
#3828 = VERTEX_POINT('',#3829);
#3829 = CARTESIAN_POINT('',(7.5,-2.6,27.03));
#3830 = LINE('',#3831,#3832);
#3831 = CARTESIAN_POINT('',(7.5,-2.6,11.5));
#3832 = VECTOR('',#3833,1.);
#3833 = DIRECTION('',(0.,0.,1.));
#3834 = ORIENTED_EDGE('',*,*,#3835,.T.);
#3835 = EDGE_CURVE('',#3828,#3836,#3838,.T.);
#3836 = VERTEX_POINT('',#3837);
#3837 = CARTESIAN_POINT('',(7.5,-3.,27.03));
#3838 = LINE('',#3839,#3840);
#3839 = CARTESIAN_POINT('',(7.5,-3.4,27.03));
#3840 = VECTOR('',#3841,1.);
#3841 = DIRECTION('',(0.,-1.,0.));
#3842 = ORIENTED_EDGE('',*,*,#3843,.T.);
#3843 = EDGE_CURVE('',#3836,#3844,#3846,.T.);
#3844 = VERTEX_POINT('',#3845);
#3845 = CARTESIAN_POINT('',(7.5,-3.,27.67));
#3846 = LINE('',#3847,#3848);
#3847 = CARTESIAN_POINT('',(7.5,-3.,19.265));
#3848 = VECTOR('',#3849,1.);
#3849 = DIRECTION('',(0.,0.,1.));
#3850 = ORIENTED_EDGE('',*,*,#3851,.F.);
#3851 = EDGE_CURVE('',#3852,#3844,#3854,.T.);
#3852 = VERTEX_POINT('',#3853);
#3853 = CARTESIAN_POINT('',(7.5,-2.6,27.67));
#3854 = LINE('',#3855,#3856);
#3855 = CARTESIAN_POINT('',(7.5,-3.4,27.67));
#3856 = VECTOR('',#3857,1.);
#3857 = DIRECTION('',(0.,-1.,0.));
#3858 = ORIENTED_EDGE('',*,*,#3859,.T.);
#3859 = EDGE_CURVE('',#3852,#3860,#3862,.T.);
#3860 = VERTEX_POINT('',#3861);
#3861 = CARTESIAN_POINT('',(7.5,-2.6,29.57));
#3862 = LINE('',#3863,#3864);
#3863 = CARTESIAN_POINT('',(7.5,-2.6,11.5));
#3864 = VECTOR('',#3865,1.);
#3865 = DIRECTION('',(0.,0.,1.));
#3866 = ORIENTED_EDGE('',*,*,#3867,.T.);
#3867 = EDGE_CURVE('',#3860,#3868,#3870,.T.);
#3868 = VERTEX_POINT('',#3869);
#3869 = CARTESIAN_POINT('',(7.5,-3.,29.57));
#3870 = LINE('',#3871,#3872);
#3871 = CARTESIAN_POINT('',(7.5,-3.4,29.57));
#3872 = VECTOR('',#3873,1.);
#3873 = DIRECTION('',(0.,-1.,0.));
#3874 = ORIENTED_EDGE('',*,*,#3875,.T.);
#3875 = EDGE_CURVE('',#3868,#3876,#3878,.T.);
#3876 = VERTEX_POINT('',#3877);
#3877 = CARTESIAN_POINT('',(7.5,-3.,30.21));
#3878 = LINE('',#3879,#3880);
#3879 = CARTESIAN_POINT('',(7.5,-3.,20.535));
#3880 = VECTOR('',#3881,1.);
#3881 = DIRECTION('',(0.,0.,1.));
#3882 = ORIENTED_EDGE('',*,*,#3883,.F.);
#3883 = EDGE_CURVE('',#3884,#3876,#3886,.T.);
#3884 = VERTEX_POINT('',#3885);
#3885 = CARTESIAN_POINT('',(7.5,-2.6,30.21));
#3886 = LINE('',#3887,#3888);
#3887 = CARTESIAN_POINT('',(7.5,-3.4,30.21));
#3888 = VECTOR('',#3889,1.);
#3889 = DIRECTION('',(0.,-1.,0.));
#3890 = ORIENTED_EDGE('',*,*,#3891,.T.);
#3891 = EDGE_CURVE('',#3884,#3554,#3892,.T.);
#3892 = LINE('',#3893,#3894);
#3893 = CARTESIAN_POINT('',(7.5,-2.6,11.5));
#3894 = VECTOR('',#3895,1.);
#3895 = DIRECTION('',(0.,0.,1.));
#3896 = PLANE('',#3897);
#3897 = AXIS2_PLACEMENT_3D('',#3898,#3899,#3900);
#3898 = CARTESIAN_POINT('',(7.5,-3.8,11.5));
#3899 = DIRECTION('',(1.,0.,0.));
#3900 = DIRECTION('',(0.,0.,1.));
#3901 = ADVANCED_FACE('',(#3902),#3927,.F.);
#3902 = FACE_BOUND('',#3903,.F.);
#3903 = EDGE_LOOP('',(#3904,#3914,#3920,#3921));
#3904 = ORIENTED_EDGE('',*,*,#3905,.F.);
#3905 = EDGE_CURVE('',#3906,#3908,#3910,.T.);
#3906 = VERTEX_POINT('',#3907);
#3907 = CARTESIAN_POINT('',(-1.,-4.6,18.5));
#3908 = VERTEX_POINT('',#3909);
#3909 = CARTESIAN_POINT('',(-1.,-4.6,22.3));
#3910 = LINE('',#3911,#3912);
#3911 = CARTESIAN_POINT('',(-1.,-4.6,18.5));
#3912 = VECTOR('',#3913,1.);
#3913 = DIRECTION('',(0.,0.,1.));
#3914 = ORIENTED_EDGE('',*,*,#3915,.T.);
#3915 = EDGE_CURVE('',#3906,#3512,#3916,.T.);
#3916 = LINE('',#3917,#3918);
#3917 = CARTESIAN_POINT('',(-1.,-4.6,18.5));
#3918 = VECTOR('',#3919,1.);
#3919 = DIRECTION('',(0.,1.,0.));
#3920 = ORIENTED_EDGE('',*,*,#3511,.T.);
#3921 = ORIENTED_EDGE('',*,*,#3922,.F.);
#3922 = EDGE_CURVE('',#3908,#3514,#3923,.T.);
#3923 = LINE('',#3924,#3925);
#3924 = CARTESIAN_POINT('',(-1.,-4.6,22.3));
#3925 = VECTOR('',#3926,1.);
#3926 = DIRECTION('',(0.,1.,0.));
#3927 = PLANE('',#3928);
#3928 = AXIS2_PLACEMENT_3D('',#3929,#3930,#3931);
#3929 = CARTESIAN_POINT('',(-1.,-4.6,18.5));
#3930 = DIRECTION('',(1.,0.,0.));
#3931 = DIRECTION('',(0.,0.,1.));
#3932 = ADVANCED_FACE('',(#3933),#3951,.T.);
#3933 = FACE_BOUND('',#3934,.T.);
#3934 = EDGE_LOOP('',(#3935,#3936,#3944,#3950));
#3935 = ORIENTED_EDGE('',*,*,#3922,.F.);
#3936 = ORIENTED_EDGE('',*,*,#3937,.T.);
#3937 = EDGE_CURVE('',#3908,#3938,#3940,.T.);
#3938 = VERTEX_POINT('',#3939);
#3939 = CARTESIAN_POINT('',(2.8,-4.6,22.3));
#3940 = LINE('',#3941,#3942);
#3941 = CARTESIAN_POINT('',(-1.,-4.6,22.3));
#3942 = VECTOR('',#3943,1.);
#3943 = DIRECTION('',(1.,0.,0.));
#3944 = ORIENTED_EDGE('',*,*,#3945,.T.);
#3945 = EDGE_CURVE('',#3938,#3530,#3946,.T.);
#3946 = LINE('',#3947,#3948);
#3947 = CARTESIAN_POINT('',(2.8,-4.6,22.3));
#3948 = VECTOR('',#3949,1.);
#3949 = DIRECTION('',(0.,1.,0.));
#3950 = ORIENTED_EDGE('',*,*,#3537,.F.);
#3951 = PLANE('',#3952);
#3952 = AXIS2_PLACEMENT_3D('',#3953,#3954,#3955);
#3953 = CARTESIAN_POINT('',(-1.,-4.6,22.3));
#3954 = DIRECTION('',(0.,0.,1.));
#3955 = DIRECTION('',(1.,0.,0.));
#3956 = ADVANCED_FACE('',(#3957),#3975,.T.);
#3957 = FACE_BOUND('',#3958,.T.);
#3958 = EDGE_LOOP('',(#3959,#3967,#3973,#3974));
#3959 = ORIENTED_EDGE('',*,*,#3960,.F.);
#3960 = EDGE_CURVE('',#3961,#3938,#3963,.T.);
#3961 = VERTEX_POINT('',#3962);
#3962 = CARTESIAN_POINT('',(2.8,-4.6,18.5));
#3963 = LINE('',#3964,#3965);
#3964 = CARTESIAN_POINT('',(2.8,-4.6,18.5));
#3965 = VECTOR('',#3966,1.);
#3966 = DIRECTION('',(0.,0.,1.));
#3967 = ORIENTED_EDGE('',*,*,#3968,.T.);
#3968 = EDGE_CURVE('',#3961,#3522,#3969,.T.);
#3969 = LINE('',#3970,#3971);
#3970 = CARTESIAN_POINT('',(2.8,-4.6,18.5));
#3971 = VECTOR('',#3972,1.);
#3972 = DIRECTION('',(0.,1.,0.));
#3973 = ORIENTED_EDGE('',*,*,#3529,.T.);
#3974 = ORIENTED_EDGE('',*,*,#3945,.F.);
#3975 = PLANE('',#3976);
#3976 = AXIS2_PLACEMENT_3D('',#3977,#3978,#3979);
#3977 = CARTESIAN_POINT('',(2.8,-4.6,18.5));
#3978 = DIRECTION('',(1.,0.,0.));
#3979 = DIRECTION('',(0.,0.,1.));
#3980 = ADVANCED_FACE('',(#3981),#3992,.F.);
#3981 = FACE_BOUND('',#3982,.F.);
#3982 = EDGE_LOOP('',(#3983,#3984,#3990,#3991));
#3983 = ORIENTED_EDGE('',*,*,#3915,.F.);
#3984 = ORIENTED_EDGE('',*,*,#3985,.T.);
#3985 = EDGE_CURVE('',#3906,#3961,#3986,.T.);
#3986 = LINE('',#3987,#3988);
#3987 = CARTESIAN_POINT('',(-1.,-4.6,18.5));
#3988 = VECTOR('',#3989,1.);
#3989 = DIRECTION('',(1.,0.,0.));
#3990 = ORIENTED_EDGE('',*,*,#3968,.T.);
#3991 = ORIENTED_EDGE('',*,*,#3521,.F.);
#3992 = PLANE('',#3993);
#3993 = AXIS2_PLACEMENT_3D('',#3994,#3995,#3996);
#3994 = CARTESIAN_POINT('',(-1.,-4.6,18.5));
#3995 = DIRECTION('',(0.,0.,1.));
#3996 = DIRECTION('',(1.,0.,0.));
#3997 = ADVANCED_FACE('',(#3998),#4031,.T.);
#3998 = FACE_BOUND('',#3999,.T.);
#3999 = EDGE_LOOP('',(#4000,#4008,#4009,#4017,#4025));
#4000 = ORIENTED_EDGE('',*,*,#4001,.F.);
#4001 = EDGE_CURVE('',#3562,#4002,#4004,.T.);
#4002 = VERTEX_POINT('',#4003);
#4003 = CARTESIAN_POINT('',(6.25,-0.4,30.5));
#4004 = LINE('',#4005,#4006);
#4005 = CARTESIAN_POINT('',(6.25,-2.6,30.5));
#4006 = VECTOR('',#4007,1.);
#4007 = DIRECTION('',(0.,1.,0.));
#4008 = ORIENTED_EDGE('',*,*,#3561,.T.);
#4009 = ORIENTED_EDGE('',*,*,#4010,.T.);
#4010 = EDGE_CURVE('',#3554,#4011,#4013,.T.);
#4011 = VERTEX_POINT('',#4012);
#4012 = CARTESIAN_POINT('',(8.75,-2.6,30.5));
#4013 = LINE('',#4014,#4015);
#4014 = CARTESIAN_POINT('',(6.25,-2.6,30.5));
#4015 = VECTOR('',#4016,1.);
#4016 = DIRECTION('',(1.,0.,0.));
#4017 = ORIENTED_EDGE('',*,*,#4018,.T.);
#4018 = EDGE_CURVE('',#4011,#4019,#4021,.T.);
#4019 = VERTEX_POINT('',#4020);
#4020 = CARTESIAN_POINT('',(8.75,-0.4,30.5));
#4021 = LINE('',#4022,#4023);
#4022 = CARTESIAN_POINT('',(8.75,-2.6,30.5));
#4023 = VECTOR('',#4024,1.);
#4024 = DIRECTION('',(0.,1.,0.));
#4025 = ORIENTED_EDGE('',*,*,#4026,.F.);
#4026 = EDGE_CURVE('',#4002,#4019,#4027,.T.);
#4027 = LINE('',#4028,#4029);
#4028 = CARTESIAN_POINT('',(6.25,-0.4,30.5));
#4029 = VECTOR('',#4030,1.);
#4030 = DIRECTION('',(1.,0.,0.));
#4031 = PLANE('',#4032);
#4032 = AXIS2_PLACEMENT_3D('',#4033,#4034,#4035);
#4033 = CARTESIAN_POINT('',(6.25,-2.6,30.5));
#4034 = DIRECTION('',(0.,0.,1.));
#4035 = DIRECTION('',(1.,0.,0.));
#4036 = ADVANCED_FACE('',(#4037),#4055,.F.);
#4037 = FACE_BOUND('',#4038,.F.);
#4038 = EDGE_LOOP('',(#4039,#4040,#4048,#4054));
#4039 = ORIENTED_EDGE('',*,*,#3593,.F.);
#4040 = ORIENTED_EDGE('',*,*,#4041,.T.);
#4041 = EDGE_CURVE('',#3584,#4042,#4044,.T.);
#4042 = VERTEX_POINT('',#4043);
#4043 = CARTESIAN_POINT('',(6.25,-0.4,11.5));
#4044 = LINE('',#4045,#4046);
#4045 = CARTESIAN_POINT('',(6.25,-2.6,11.5));
#4046 = VECTOR('',#4047,1.);
#4047 = DIRECTION('',(0.,1.,0.));
#4048 = ORIENTED_EDGE('',*,*,#4049,.T.);
#4049 = EDGE_CURVE('',#4042,#4002,#4050,.T.);
#4050 = LINE('',#4051,#4052);
#4051 = CARTESIAN_POINT('',(6.25,-0.4,11.5));
#4052 = VECTOR('',#4053,1.);
#4053 = DIRECTION('',(0.,0.,1.));
#4054 = ORIENTED_EDGE('',*,*,#4001,.F.);
#4055 = PLANE('',#4056);
#4056 = AXIS2_PLACEMENT_3D('',#4057,#4058,#4059);
#4057 = CARTESIAN_POINT('',(6.25,-2.6,11.5));
#4058 = DIRECTION('',(1.,0.,0.));
#4059 = DIRECTION('',(0.,0.,1.));
#4060 = ADVANCED_FACE('',(#4061),#4087,.F.);
#4061 = FACE_BOUND('',#4062,.F.);
#4062 = EDGE_LOOP('',(#4063,#4064,#4065,#4073,#4081));
#4063 = ORIENTED_EDGE('',*,*,#4041,.F.);
#4064 = ORIENTED_EDGE('',*,*,#3617,.T.);
#4065 = ORIENTED_EDGE('',*,*,#4066,.T.);
#4066 = EDGE_CURVE('',#3610,#4067,#4069,.T.);
#4067 = VERTEX_POINT('',#4068);
#4068 = CARTESIAN_POINT('',(8.75,-2.6,11.5));
#4069 = LINE('',#4070,#4071);
#4070 = CARTESIAN_POINT('',(6.25,-2.6,11.5));
#4071 = VECTOR('',#4072,1.);
#4072 = DIRECTION('',(1.,0.,0.));
#4073 = ORIENTED_EDGE('',*,*,#4074,.T.);
#4074 = EDGE_CURVE('',#4067,#4075,#4077,.T.);
#4075 = VERTEX_POINT('',#4076);
#4076 = CARTESIAN_POINT('',(8.75,-0.4,11.5));
#4077 = LINE('',#4078,#4079);
#4078 = CARTESIAN_POINT('',(8.75,-2.6,11.5));
#4079 = VECTOR('',#4080,1.);
#4080 = DIRECTION('',(0.,1.,0.));
#4081 = ORIENTED_EDGE('',*,*,#4082,.F.);
#4082 = EDGE_CURVE('',#4042,#4075,#4083,.T.);
#4083 = LINE('',#4084,#4085);
#4084 = CARTESIAN_POINT('',(6.25,-0.4,11.5));
#4085 = VECTOR('',#4086,1.);
#4086 = DIRECTION('',(1.,0.,0.));
#4087 = PLANE('',#4088);
#4088 = AXIS2_PLACEMENT_3D('',#4089,#4090,#4091);
#4089 = CARTESIAN_POINT('',(6.25,-2.6,11.5));
#4090 = DIRECTION('',(0.,0.,1.));
#4091 = DIRECTION('',(1.,0.,0.));
#4092 = ADVANCED_FACE('',(#4093),#4288,.F.);
#4093 = FACE_BOUND('',#4094,.F.);
#4094 = EDGE_LOOP('',(#4095,#4096,#4097,#4105,#4113,#4119,#4120,#4128,
    #4136,#4142,#4143,#4151,#4159,#4165,#4166,#4174,#4182,#4188,#4189,
    #4197,#4205,#4211,#4212,#4220,#4228,#4234,#4235,#4243,#4251,#4257,
    #4258,#4266,#4274,#4280,#4281,#4282));
#4095 = ORIENTED_EDGE('',*,*,#4066,.F.);
#4096 = ORIENTED_EDGE('',*,*,#3635,.T.);
#4097 = ORIENTED_EDGE('',*,*,#4098,.T.);
#4098 = EDGE_CURVE('',#3636,#4099,#4101,.T.);
#4099 = VERTEX_POINT('',#4100);
#4100 = CARTESIAN_POINT('',(7.82,-2.6,11.79));
#4101 = LINE('',#4102,#4103);
#4102 = CARTESIAN_POINT('',(6.715,-2.6,11.79));
#4103 = VECTOR('',#4104,1.);
#4104 = DIRECTION('',(1.,0.,0.));
#4105 = ORIENTED_EDGE('',*,*,#4106,.F.);
#4106 = EDGE_CURVE('',#4107,#4099,#4109,.T.);
#4107 = VERTEX_POINT('',#4108);
#4108 = CARTESIAN_POINT('',(7.82,-2.6,12.43));
#4109 = LINE('',#4110,#4111);
#4110 = CARTESIAN_POINT('',(7.82,-2.6,11.645));
#4111 = VECTOR('',#4112,1.);
#4112 = DIRECTION('',(0.,0.,-1.));
#4113 = ORIENTED_EDGE('',*,*,#4114,.F.);
#4114 = EDGE_CURVE('',#3660,#4107,#4115,.T.);
#4115 = LINE('',#4116,#4117);
#4116 = CARTESIAN_POINT('',(6.715,-2.6,12.43));
#4117 = VECTOR('',#4118,1.);
#4118 = DIRECTION('',(1.,0.,0.));
#4119 = ORIENTED_EDGE('',*,*,#3667,.T.);
#4120 = ORIENTED_EDGE('',*,*,#4121,.T.);
#4121 = EDGE_CURVE('',#3668,#4122,#4124,.T.);
#4122 = VERTEX_POINT('',#4123);
#4123 = CARTESIAN_POINT('',(7.82,-2.6,14.33));
#4124 = LINE('',#4125,#4126);
#4125 = CARTESIAN_POINT('',(6.715,-2.6,14.33));
#4126 = VECTOR('',#4127,1.);
#4127 = DIRECTION('',(1.,0.,0.));
#4128 = ORIENTED_EDGE('',*,*,#4129,.F.);
#4129 = EDGE_CURVE('',#4130,#4122,#4132,.T.);
#4130 = VERTEX_POINT('',#4131);
#4131 = CARTESIAN_POINT('',(7.82,-2.6,14.97));
#4132 = LINE('',#4133,#4134);
#4133 = CARTESIAN_POINT('',(7.82,-2.6,12.915));
#4134 = VECTOR('',#4135,1.);
#4135 = DIRECTION('',(0.,0.,-1.));
#4136 = ORIENTED_EDGE('',*,*,#4137,.F.);
#4137 = EDGE_CURVE('',#3692,#4130,#4138,.T.);
#4138 = LINE('',#4139,#4140);
#4139 = CARTESIAN_POINT('',(6.715,-2.6,14.97));
#4140 = VECTOR('',#4141,1.);
#4141 = DIRECTION('',(1.,0.,0.));
#4142 = ORIENTED_EDGE('',*,*,#3699,.T.);
#4143 = ORIENTED_EDGE('',*,*,#4144,.T.);
#4144 = EDGE_CURVE('',#3700,#4145,#4147,.T.);
#4145 = VERTEX_POINT('',#4146);
#4146 = CARTESIAN_POINT('',(7.82,-2.6,16.87));
#4147 = LINE('',#4148,#4149);
#4148 = CARTESIAN_POINT('',(6.715,-2.6,16.87));
#4149 = VECTOR('',#4150,1.);
#4150 = DIRECTION('',(1.,0.,0.));
#4151 = ORIENTED_EDGE('',*,*,#4152,.F.);
#4152 = EDGE_CURVE('',#4153,#4145,#4155,.T.);
#4153 = VERTEX_POINT('',#4154);
#4154 = CARTESIAN_POINT('',(7.82,-2.6,17.51));
#4155 = LINE('',#4156,#4157);
#4156 = CARTESIAN_POINT('',(7.82,-2.6,14.185));
#4157 = VECTOR('',#4158,1.);
#4158 = DIRECTION('',(0.,0.,-1.));
#4159 = ORIENTED_EDGE('',*,*,#4160,.F.);
#4160 = EDGE_CURVE('',#3724,#4153,#4161,.T.);
#4161 = LINE('',#4162,#4163);
#4162 = CARTESIAN_POINT('',(6.715,-2.6,17.51));
#4163 = VECTOR('',#4164,1.);
#4164 = DIRECTION('',(1.,0.,0.));
#4165 = ORIENTED_EDGE('',*,*,#3731,.T.);
#4166 = ORIENTED_EDGE('',*,*,#4167,.T.);
#4167 = EDGE_CURVE('',#3732,#4168,#4170,.T.);
#4168 = VERTEX_POINT('',#4169);
#4169 = CARTESIAN_POINT('',(7.82,-2.6,19.41));
#4170 = LINE('',#4171,#4172);
#4171 = CARTESIAN_POINT('',(6.715,-2.6,19.41));
#4172 = VECTOR('',#4173,1.);
#4173 = DIRECTION('',(1.,0.,0.));
#4174 = ORIENTED_EDGE('',*,*,#4175,.F.);
#4175 = EDGE_CURVE('',#4176,#4168,#4178,.T.);
#4176 = VERTEX_POINT('',#4177);
#4177 = CARTESIAN_POINT('',(7.82,-2.6,20.05));
#4178 = LINE('',#4179,#4180);
#4179 = CARTESIAN_POINT('',(7.82,-2.6,15.455));
#4180 = VECTOR('',#4181,1.);
#4181 = DIRECTION('',(0.,0.,-1.));
#4182 = ORIENTED_EDGE('',*,*,#4183,.F.);
#4183 = EDGE_CURVE('',#3756,#4176,#4184,.T.);
#4184 = LINE('',#4185,#4186);
#4185 = CARTESIAN_POINT('',(6.715,-2.6,20.05));
#4186 = VECTOR('',#4187,1.);
#4187 = DIRECTION('',(1.,0.,0.));
#4188 = ORIENTED_EDGE('',*,*,#3763,.T.);
#4189 = ORIENTED_EDGE('',*,*,#4190,.T.);
#4190 = EDGE_CURVE('',#3764,#4191,#4193,.T.);
#4191 = VERTEX_POINT('',#4192);
#4192 = CARTESIAN_POINT('',(7.82,-2.6,21.95));
#4193 = LINE('',#4194,#4195);
#4194 = CARTESIAN_POINT('',(6.715,-2.6,21.95));
#4195 = VECTOR('',#4196,1.);
#4196 = DIRECTION('',(1.,0.,0.));
#4197 = ORIENTED_EDGE('',*,*,#4198,.F.);
#4198 = EDGE_CURVE('',#4199,#4191,#4201,.T.);
#4199 = VERTEX_POINT('',#4200);
#4200 = CARTESIAN_POINT('',(7.82,-2.6,22.59));
#4201 = LINE('',#4202,#4203);
#4202 = CARTESIAN_POINT('',(7.82,-2.6,16.725));
#4203 = VECTOR('',#4204,1.);
#4204 = DIRECTION('',(0.,0.,-1.));
#4205 = ORIENTED_EDGE('',*,*,#4206,.F.);
#4206 = EDGE_CURVE('',#3788,#4199,#4207,.T.);
#4207 = LINE('',#4208,#4209);
#4208 = CARTESIAN_POINT('',(6.715,-2.6,22.59));
#4209 = VECTOR('',#4210,1.);
#4210 = DIRECTION('',(1.,0.,0.));
#4211 = ORIENTED_EDGE('',*,*,#3795,.T.);
#4212 = ORIENTED_EDGE('',*,*,#4213,.T.);
#4213 = EDGE_CURVE('',#3796,#4214,#4216,.T.);
#4214 = VERTEX_POINT('',#4215);
#4215 = CARTESIAN_POINT('',(7.82,-2.6,24.49));
#4216 = LINE('',#4217,#4218);
#4217 = CARTESIAN_POINT('',(6.715,-2.6,24.49));
#4218 = VECTOR('',#4219,1.);
#4219 = DIRECTION('',(1.,0.,0.));
#4220 = ORIENTED_EDGE('',*,*,#4221,.F.);
#4221 = EDGE_CURVE('',#4222,#4214,#4224,.T.);
#4222 = VERTEX_POINT('',#4223);
#4223 = CARTESIAN_POINT('',(7.82,-2.6,25.13));
#4224 = LINE('',#4225,#4226);
#4225 = CARTESIAN_POINT('',(7.82,-2.6,17.995));
#4226 = VECTOR('',#4227,1.);
#4227 = DIRECTION('',(0.,0.,-1.));
#4228 = ORIENTED_EDGE('',*,*,#4229,.F.);
#4229 = EDGE_CURVE('',#3820,#4222,#4230,.T.);
#4230 = LINE('',#4231,#4232);
#4231 = CARTESIAN_POINT('',(6.715,-2.6,25.13));
#4232 = VECTOR('',#4233,1.);
#4233 = DIRECTION('',(1.,0.,0.));
#4234 = ORIENTED_EDGE('',*,*,#3827,.T.);
#4235 = ORIENTED_EDGE('',*,*,#4236,.T.);
#4236 = EDGE_CURVE('',#3828,#4237,#4239,.T.);
#4237 = VERTEX_POINT('',#4238);
#4238 = CARTESIAN_POINT('',(7.82,-2.6,27.03));
#4239 = LINE('',#4240,#4241);
#4240 = CARTESIAN_POINT('',(6.715,-2.6,27.03));
#4241 = VECTOR('',#4242,1.);
#4242 = DIRECTION('',(1.,0.,0.));
#4243 = ORIENTED_EDGE('',*,*,#4244,.F.);
#4244 = EDGE_CURVE('',#4245,#4237,#4247,.T.);
#4245 = VERTEX_POINT('',#4246);
#4246 = CARTESIAN_POINT('',(7.82,-2.6,27.67));
#4247 = LINE('',#4248,#4249);
#4248 = CARTESIAN_POINT('',(7.82,-2.6,19.265));
#4249 = VECTOR('',#4250,1.);
#4250 = DIRECTION('',(0.,0.,-1.));
#4251 = ORIENTED_EDGE('',*,*,#4252,.F.);
#4252 = EDGE_CURVE('',#3852,#4245,#4253,.T.);
#4253 = LINE('',#4254,#4255);
#4254 = CARTESIAN_POINT('',(6.715,-2.6,27.67));
#4255 = VECTOR('',#4256,1.);
#4256 = DIRECTION('',(1.,0.,0.));
#4257 = ORIENTED_EDGE('',*,*,#3859,.T.);
#4258 = ORIENTED_EDGE('',*,*,#4259,.T.);
#4259 = EDGE_CURVE('',#3860,#4260,#4262,.T.);
#4260 = VERTEX_POINT('',#4261);
#4261 = CARTESIAN_POINT('',(7.82,-2.6,29.57));
#4262 = LINE('',#4263,#4264);
#4263 = CARTESIAN_POINT('',(6.715,-2.6,29.57));
#4264 = VECTOR('',#4265,1.);
#4265 = DIRECTION('',(1.,0.,0.));
#4266 = ORIENTED_EDGE('',*,*,#4267,.F.);
#4267 = EDGE_CURVE('',#4268,#4260,#4270,.T.);
#4268 = VERTEX_POINT('',#4269);
#4269 = CARTESIAN_POINT('',(7.82,-2.6,30.21));
#4270 = LINE('',#4271,#4272);
#4271 = CARTESIAN_POINT('',(7.82,-2.6,20.535));
#4272 = VECTOR('',#4273,1.);
#4273 = DIRECTION('',(0.,0.,-1.));
#4274 = ORIENTED_EDGE('',*,*,#4275,.F.);
#4275 = EDGE_CURVE('',#3884,#4268,#4276,.T.);
#4276 = LINE('',#4277,#4278);
#4277 = CARTESIAN_POINT('',(6.715,-2.6,30.21));
#4278 = VECTOR('',#4279,1.);
#4279 = DIRECTION('',(1.,0.,0.));
#4280 = ORIENTED_EDGE('',*,*,#3891,.T.);
#4281 = ORIENTED_EDGE('',*,*,#4010,.T.);
#4282 = ORIENTED_EDGE('',*,*,#4283,.F.);
#4283 = EDGE_CURVE('',#4067,#4011,#4284,.T.);
#4284 = LINE('',#4285,#4286);
#4285 = CARTESIAN_POINT('',(8.75,-2.6,11.5));
#4286 = VECTOR('',#4287,1.);
#4287 = DIRECTION('',(0.,0.,1.));
#4288 = PLANE('',#4289);
#4289 = AXIS2_PLACEMENT_3D('',#4290,#4291,#4292);
#4290 = CARTESIAN_POINT('',(6.25,-2.6,11.5));
#4291 = DIRECTION('',(0.,1.,0.));
#4292 = DIRECTION('',(0.,0.,1.));
#4293 = ADVANCED_FACE('',(#4294),#4312,.T.);
#4294 = FACE_BOUND('',#4295,.T.);
#4295 = EDGE_LOOP('',(#4296,#4297,#4305,#4311));
#4296 = ORIENTED_EDGE('',*,*,#3883,.T.);
#4297 = ORIENTED_EDGE('',*,*,#4298,.T.);
#4298 = EDGE_CURVE('',#3876,#4299,#4301,.T.);
#4299 = VERTEX_POINT('',#4300);
#4300 = CARTESIAN_POINT('',(7.82,-3.,30.21));
#4301 = LINE('',#4302,#4303);
#4302 = CARTESIAN_POINT('',(7.18,-3.,30.21));
#4303 = VECTOR('',#4304,1.);
#4304 = DIRECTION('',(1.,0.,0.));
#4305 = ORIENTED_EDGE('',*,*,#4306,.T.);
#4306 = EDGE_CURVE('',#4299,#4268,#4307,.T.);
#4307 = LINE('',#4308,#4309);
#4308 = CARTESIAN_POINT('',(7.82,-3.,30.21));
#4309 = VECTOR('',#4310,1.);
#4310 = DIRECTION('',(0.,1.,0.));
#4311 = ORIENTED_EDGE('',*,*,#4275,.F.);
#4312 = PLANE('',#4313);
#4313 = AXIS2_PLACEMENT_3D('',#4314,#4315,#4316);
#4314 = CARTESIAN_POINT('',(7.18,-3.,30.21));
#4315 = DIRECTION('',(0.,0.,1.));
#4316 = DIRECTION('',(1.,0.,0.));
#4317 = ADVANCED_FACE('',(#4318),#4336,.F.);
#4318 = FACE_BOUND('',#4319,.F.);
#4319 = EDGE_LOOP('',(#4320,#4328,#4329,#4330));
#4320 = ORIENTED_EDGE('',*,*,#4321,.F.);
#4321 = EDGE_CURVE('',#3868,#4322,#4324,.T.);
#4322 = VERTEX_POINT('',#4323);
#4323 = CARTESIAN_POINT('',(7.82,-3.,29.57));
#4324 = LINE('',#4325,#4326);
#4325 = CARTESIAN_POINT('',(7.18,-3.,29.57));
#4326 = VECTOR('',#4327,1.);
#4327 = DIRECTION('',(1.,0.,0.));
#4328 = ORIENTED_EDGE('',*,*,#3875,.T.);
#4329 = ORIENTED_EDGE('',*,*,#4298,.T.);
#4330 = ORIENTED_EDGE('',*,*,#4331,.F.);
#4331 = EDGE_CURVE('',#4322,#4299,#4332,.T.);
#4332 = LINE('',#4333,#4334);
#4333 = CARTESIAN_POINT('',(7.82,-3.,29.57));
#4334 = VECTOR('',#4335,1.);
#4335 = DIRECTION('',(0.,0.,1.));
#4336 = PLANE('',#4337);
#4337 = AXIS2_PLACEMENT_3D('',#4338,#4339,#4340);
#4338 = CARTESIAN_POINT('',(7.18,-3.,29.57));
#4339 = DIRECTION('',(0.,1.,0.));
#4340 = DIRECTION('',(0.,0.,1.));
#4341 = ADVANCED_FACE('',(#4342),#4353,.F.);
#4342 = FACE_BOUND('',#4343,.F.);
#4343 = EDGE_LOOP('',(#4344,#4345,#4346,#4352));
#4344 = ORIENTED_EDGE('',*,*,#3867,.T.);
#4345 = ORIENTED_EDGE('',*,*,#4321,.T.);
#4346 = ORIENTED_EDGE('',*,*,#4347,.T.);
#4347 = EDGE_CURVE('',#4322,#4260,#4348,.T.);
#4348 = LINE('',#4349,#4350);
#4349 = CARTESIAN_POINT('',(7.82,-3.,29.57));
#4350 = VECTOR('',#4351,1.);
#4351 = DIRECTION('',(0.,1.,0.));
#4352 = ORIENTED_EDGE('',*,*,#4259,.F.);
#4353 = PLANE('',#4354);
#4354 = AXIS2_PLACEMENT_3D('',#4355,#4356,#4357);
#4355 = CARTESIAN_POINT('',(7.18,-3.,29.57));
#4356 = DIRECTION('',(0.,0.,1.));
#4357 = DIRECTION('',(1.,0.,0.));
#4358 = ADVANCED_FACE('',(#4359),#4377,.T.);
#4359 = FACE_BOUND('',#4360,.T.);
#4360 = EDGE_LOOP('',(#4361,#4362,#4370,#4376));
#4361 = ORIENTED_EDGE('',*,*,#3851,.T.);
#4362 = ORIENTED_EDGE('',*,*,#4363,.T.);
#4363 = EDGE_CURVE('',#3844,#4364,#4366,.T.);
#4364 = VERTEX_POINT('',#4365);
#4365 = CARTESIAN_POINT('',(7.82,-3.,27.67));
#4366 = LINE('',#4367,#4368);
#4367 = CARTESIAN_POINT('',(7.18,-3.,27.67));
#4368 = VECTOR('',#4369,1.);
#4369 = DIRECTION('',(1.,0.,0.));
#4370 = ORIENTED_EDGE('',*,*,#4371,.T.);
#4371 = EDGE_CURVE('',#4364,#4245,#4372,.T.);
#4372 = LINE('',#4373,#4374);
#4373 = CARTESIAN_POINT('',(7.82,-3.,27.67));
#4374 = VECTOR('',#4375,1.);
#4375 = DIRECTION('',(0.,1.,0.));
#4376 = ORIENTED_EDGE('',*,*,#4252,.F.);
#4377 = PLANE('',#4378);
#4378 = AXIS2_PLACEMENT_3D('',#4379,#4380,#4381);
#4379 = CARTESIAN_POINT('',(7.18,-3.,27.67));
#4380 = DIRECTION('',(0.,0.,1.));
#4381 = DIRECTION('',(1.,0.,0.));
#4382 = ADVANCED_FACE('',(#4383),#4401,.F.);
#4383 = FACE_BOUND('',#4384,.F.);
#4384 = EDGE_LOOP('',(#4385,#4393,#4394,#4395));
#4385 = ORIENTED_EDGE('',*,*,#4386,.F.);
#4386 = EDGE_CURVE('',#3836,#4387,#4389,.T.);
#4387 = VERTEX_POINT('',#4388);
#4388 = CARTESIAN_POINT('',(7.82,-3.,27.03));
#4389 = LINE('',#4390,#4391);
#4390 = CARTESIAN_POINT('',(7.18,-3.,27.03));
#4391 = VECTOR('',#4392,1.);
#4392 = DIRECTION('',(1.,0.,0.));
#4393 = ORIENTED_EDGE('',*,*,#3843,.T.);
#4394 = ORIENTED_EDGE('',*,*,#4363,.T.);
#4395 = ORIENTED_EDGE('',*,*,#4396,.F.);
#4396 = EDGE_CURVE('',#4387,#4364,#4397,.T.);
#4397 = LINE('',#4398,#4399);
#4398 = CARTESIAN_POINT('',(7.82,-3.,27.03));
#4399 = VECTOR('',#4400,1.);
#4400 = DIRECTION('',(0.,0.,1.));
#4401 = PLANE('',#4402);
#4402 = AXIS2_PLACEMENT_3D('',#4403,#4404,#4405);
#4403 = CARTESIAN_POINT('',(7.18,-3.,27.03));
#4404 = DIRECTION('',(0.,1.,0.));
#4405 = DIRECTION('',(0.,0.,1.));
#4406 = ADVANCED_FACE('',(#4407),#4418,.F.);
#4407 = FACE_BOUND('',#4408,.F.);
#4408 = EDGE_LOOP('',(#4409,#4410,#4411,#4417));
#4409 = ORIENTED_EDGE('',*,*,#3835,.T.);
#4410 = ORIENTED_EDGE('',*,*,#4386,.T.);
#4411 = ORIENTED_EDGE('',*,*,#4412,.T.);
#4412 = EDGE_CURVE('',#4387,#4237,#4413,.T.);
#4413 = LINE('',#4414,#4415);
#4414 = CARTESIAN_POINT('',(7.82,-3.,27.03));
#4415 = VECTOR('',#4416,1.);
#4416 = DIRECTION('',(0.,1.,0.));
#4417 = ORIENTED_EDGE('',*,*,#4236,.F.);
#4418 = PLANE('',#4419);
#4419 = AXIS2_PLACEMENT_3D('',#4420,#4421,#4422);
#4420 = CARTESIAN_POINT('',(7.18,-3.,27.03));
#4421 = DIRECTION('',(0.,0.,1.));
#4422 = DIRECTION('',(1.,0.,0.));
#4423 = ADVANCED_FACE('',(#4424),#4442,.T.);
#4424 = FACE_BOUND('',#4425,.T.);
#4425 = EDGE_LOOP('',(#4426,#4427,#4435,#4441));
#4426 = ORIENTED_EDGE('',*,*,#3819,.T.);
#4427 = ORIENTED_EDGE('',*,*,#4428,.T.);
#4428 = EDGE_CURVE('',#3812,#4429,#4431,.T.);
#4429 = VERTEX_POINT('',#4430);
#4430 = CARTESIAN_POINT('',(7.82,-3.,25.13));
#4431 = LINE('',#4432,#4433);
#4432 = CARTESIAN_POINT('',(7.18,-3.,25.13));
#4433 = VECTOR('',#4434,1.);
#4434 = DIRECTION('',(1.,0.,0.));
#4435 = ORIENTED_EDGE('',*,*,#4436,.T.);
#4436 = EDGE_CURVE('',#4429,#4222,#4437,.T.);
#4437 = LINE('',#4438,#4439);
#4438 = CARTESIAN_POINT('',(7.82,-3.,25.13));
#4439 = VECTOR('',#4440,1.);
#4440 = DIRECTION('',(0.,1.,0.));
#4441 = ORIENTED_EDGE('',*,*,#4229,.F.);
#4442 = PLANE('',#4443);
#4443 = AXIS2_PLACEMENT_3D('',#4444,#4445,#4446);
#4444 = CARTESIAN_POINT('',(7.18,-3.,25.13));
#4445 = DIRECTION('',(0.,0.,1.));
#4446 = DIRECTION('',(1.,0.,0.));
#4447 = ADVANCED_FACE('',(#4448),#4466,.F.);
#4448 = FACE_BOUND('',#4449,.F.);
#4449 = EDGE_LOOP('',(#4450,#4458,#4459,#4460));
#4450 = ORIENTED_EDGE('',*,*,#4451,.F.);
#4451 = EDGE_CURVE('',#3804,#4452,#4454,.T.);
#4452 = VERTEX_POINT('',#4453);
#4453 = CARTESIAN_POINT('',(7.82,-3.,24.49));
#4454 = LINE('',#4455,#4456);
#4455 = CARTESIAN_POINT('',(7.18,-3.,24.49));
#4456 = VECTOR('',#4457,1.);
#4457 = DIRECTION('',(1.,0.,0.));
#4458 = ORIENTED_EDGE('',*,*,#3811,.T.);
#4459 = ORIENTED_EDGE('',*,*,#4428,.T.);
#4460 = ORIENTED_EDGE('',*,*,#4461,.F.);
#4461 = EDGE_CURVE('',#4452,#4429,#4462,.T.);
#4462 = LINE('',#4463,#4464);
#4463 = CARTESIAN_POINT('',(7.82,-3.,24.49));
#4464 = VECTOR('',#4465,1.);
#4465 = DIRECTION('',(0.,0.,1.));
#4466 = PLANE('',#4467);
#4467 = AXIS2_PLACEMENT_3D('',#4468,#4469,#4470);
#4468 = CARTESIAN_POINT('',(7.18,-3.,24.49));
#4469 = DIRECTION('',(0.,1.,0.));
#4470 = DIRECTION('',(0.,0.,1.));
#4471 = ADVANCED_FACE('',(#4472),#4483,.F.);
#4472 = FACE_BOUND('',#4473,.F.);
#4473 = EDGE_LOOP('',(#4474,#4475,#4476,#4482));
#4474 = ORIENTED_EDGE('',*,*,#3803,.T.);
#4475 = ORIENTED_EDGE('',*,*,#4451,.T.);
#4476 = ORIENTED_EDGE('',*,*,#4477,.T.);
#4477 = EDGE_CURVE('',#4452,#4214,#4478,.T.);
#4478 = LINE('',#4479,#4480);
#4479 = CARTESIAN_POINT('',(7.82,-3.,24.49));
#4480 = VECTOR('',#4481,1.);
#4481 = DIRECTION('',(0.,1.,0.));
#4482 = ORIENTED_EDGE('',*,*,#4213,.F.);
#4483 = PLANE('',#4484);
#4484 = AXIS2_PLACEMENT_3D('',#4485,#4486,#4487);
#4485 = CARTESIAN_POINT('',(7.18,-3.,24.49));
#4486 = DIRECTION('',(0.,0.,1.));
#4487 = DIRECTION('',(1.,0.,0.));
#4488 = ADVANCED_FACE('',(#4489),#4507,.T.);
#4489 = FACE_BOUND('',#4490,.T.);
#4490 = EDGE_LOOP('',(#4491,#4492,#4500,#4506));
#4491 = ORIENTED_EDGE('',*,*,#3787,.T.);
#4492 = ORIENTED_EDGE('',*,*,#4493,.T.);
#4493 = EDGE_CURVE('',#3780,#4494,#4496,.T.);
#4494 = VERTEX_POINT('',#4495);
#4495 = CARTESIAN_POINT('',(7.82,-3.,22.59));
#4496 = LINE('',#4497,#4498);
#4497 = CARTESIAN_POINT('',(7.18,-3.,22.59));
#4498 = VECTOR('',#4499,1.);
#4499 = DIRECTION('',(1.,0.,0.));
#4500 = ORIENTED_EDGE('',*,*,#4501,.T.);
#4501 = EDGE_CURVE('',#4494,#4199,#4502,.T.);
#4502 = LINE('',#4503,#4504);
#4503 = CARTESIAN_POINT('',(7.82,-3.,22.59));
#4504 = VECTOR('',#4505,1.);
#4505 = DIRECTION('',(0.,1.,0.));
#4506 = ORIENTED_EDGE('',*,*,#4206,.F.);
#4507 = PLANE('',#4508);
#4508 = AXIS2_PLACEMENT_3D('',#4509,#4510,#4511);
#4509 = CARTESIAN_POINT('',(7.18,-3.,22.59));
#4510 = DIRECTION('',(0.,0.,1.));
#4511 = DIRECTION('',(1.,0.,0.));
#4512 = ADVANCED_FACE('',(#4513),#4531,.F.);
#4513 = FACE_BOUND('',#4514,.F.);
#4514 = EDGE_LOOP('',(#4515,#4523,#4524,#4525));
#4515 = ORIENTED_EDGE('',*,*,#4516,.F.);
#4516 = EDGE_CURVE('',#3772,#4517,#4519,.T.);
#4517 = VERTEX_POINT('',#4518);
#4518 = CARTESIAN_POINT('',(7.82,-3.,21.95));
#4519 = LINE('',#4520,#4521);
#4520 = CARTESIAN_POINT('',(7.18,-3.,21.95));
#4521 = VECTOR('',#4522,1.);
#4522 = DIRECTION('',(1.,0.,0.));
#4523 = ORIENTED_EDGE('',*,*,#3779,.T.);
#4524 = ORIENTED_EDGE('',*,*,#4493,.T.);
#4525 = ORIENTED_EDGE('',*,*,#4526,.F.);
#4526 = EDGE_CURVE('',#4517,#4494,#4527,.T.);
#4527 = LINE('',#4528,#4529);
#4528 = CARTESIAN_POINT('',(7.82,-3.,21.95));
#4529 = VECTOR('',#4530,1.);
#4530 = DIRECTION('',(0.,0.,1.));
#4531 = PLANE('',#4532);
#4532 = AXIS2_PLACEMENT_3D('',#4533,#4534,#4535);
#4533 = CARTESIAN_POINT('',(7.18,-3.,21.95));
#4534 = DIRECTION('',(0.,1.,0.));
#4535 = DIRECTION('',(0.,0.,1.));
#4536 = ADVANCED_FACE('',(#4537),#4548,.F.);
#4537 = FACE_BOUND('',#4538,.F.);
#4538 = EDGE_LOOP('',(#4539,#4540,#4541,#4547));
#4539 = ORIENTED_EDGE('',*,*,#3771,.T.);
#4540 = ORIENTED_EDGE('',*,*,#4516,.T.);
#4541 = ORIENTED_EDGE('',*,*,#4542,.T.);
#4542 = EDGE_CURVE('',#4517,#4191,#4543,.T.);
#4543 = LINE('',#4544,#4545);
#4544 = CARTESIAN_POINT('',(7.82,-3.,21.95));
#4545 = VECTOR('',#4546,1.);
#4546 = DIRECTION('',(0.,1.,0.));
#4547 = ORIENTED_EDGE('',*,*,#4190,.F.);
#4548 = PLANE('',#4549);
#4549 = AXIS2_PLACEMENT_3D('',#4550,#4551,#4552);
#4550 = CARTESIAN_POINT('',(7.18,-3.,21.95));
#4551 = DIRECTION('',(0.,0.,1.));
#4552 = DIRECTION('',(1.,0.,0.));
#4553 = ADVANCED_FACE('',(#4554),#4572,.T.);
#4554 = FACE_BOUND('',#4555,.T.);
#4555 = EDGE_LOOP('',(#4556,#4557,#4565,#4571));
#4556 = ORIENTED_EDGE('',*,*,#3755,.T.);
#4557 = ORIENTED_EDGE('',*,*,#4558,.T.);
#4558 = EDGE_CURVE('',#3748,#4559,#4561,.T.);
#4559 = VERTEX_POINT('',#4560);
#4560 = CARTESIAN_POINT('',(7.82,-3.,20.05));
#4561 = LINE('',#4562,#4563);
#4562 = CARTESIAN_POINT('',(7.18,-3.,20.05));
#4563 = VECTOR('',#4564,1.);
#4564 = DIRECTION('',(1.,0.,0.));
#4565 = ORIENTED_EDGE('',*,*,#4566,.T.);
#4566 = EDGE_CURVE('',#4559,#4176,#4567,.T.);
#4567 = LINE('',#4568,#4569);
#4568 = CARTESIAN_POINT('',(7.82,-3.,20.05));
#4569 = VECTOR('',#4570,1.);
#4570 = DIRECTION('',(0.,1.,0.));
#4571 = ORIENTED_EDGE('',*,*,#4183,.F.);
#4572 = PLANE('',#4573);
#4573 = AXIS2_PLACEMENT_3D('',#4574,#4575,#4576);
#4574 = CARTESIAN_POINT('',(7.18,-3.,20.05));
#4575 = DIRECTION('',(0.,0.,1.));
#4576 = DIRECTION('',(1.,0.,0.));
#4577 = ADVANCED_FACE('',(#4578),#4596,.F.);
#4578 = FACE_BOUND('',#4579,.F.);
#4579 = EDGE_LOOP('',(#4580,#4588,#4589,#4590));
#4580 = ORIENTED_EDGE('',*,*,#4581,.F.);
#4581 = EDGE_CURVE('',#3740,#4582,#4584,.T.);
#4582 = VERTEX_POINT('',#4583);
#4583 = CARTESIAN_POINT('',(7.82,-3.,19.41));
#4584 = LINE('',#4585,#4586);
#4585 = CARTESIAN_POINT('',(7.18,-3.,19.41));
#4586 = VECTOR('',#4587,1.);
#4587 = DIRECTION('',(1.,0.,0.));
#4588 = ORIENTED_EDGE('',*,*,#3747,.T.);
#4589 = ORIENTED_EDGE('',*,*,#4558,.T.);
#4590 = ORIENTED_EDGE('',*,*,#4591,.F.);
#4591 = EDGE_CURVE('',#4582,#4559,#4592,.T.);
#4592 = LINE('',#4593,#4594);
#4593 = CARTESIAN_POINT('',(7.82,-3.,19.41));
#4594 = VECTOR('',#4595,1.);
#4595 = DIRECTION('',(0.,0.,1.));
#4596 = PLANE('',#4597);
#4597 = AXIS2_PLACEMENT_3D('',#4598,#4599,#4600);
#4598 = CARTESIAN_POINT('',(7.18,-3.,19.41));
#4599 = DIRECTION('',(0.,1.,0.));
#4600 = DIRECTION('',(0.,0.,1.));
#4601 = ADVANCED_FACE('',(#4602),#4613,.F.);
#4602 = FACE_BOUND('',#4603,.F.);
#4603 = EDGE_LOOP('',(#4604,#4605,#4606,#4612));
#4604 = ORIENTED_EDGE('',*,*,#3739,.T.);
#4605 = ORIENTED_EDGE('',*,*,#4581,.T.);
#4606 = ORIENTED_EDGE('',*,*,#4607,.T.);
#4607 = EDGE_CURVE('',#4582,#4168,#4608,.T.);
#4608 = LINE('',#4609,#4610);
#4609 = CARTESIAN_POINT('',(7.82,-3.,19.41));
#4610 = VECTOR('',#4611,1.);
#4611 = DIRECTION('',(0.,1.,0.));
#4612 = ORIENTED_EDGE('',*,*,#4167,.F.);
#4613 = PLANE('',#4614);
#4614 = AXIS2_PLACEMENT_3D('',#4615,#4616,#4617);
#4615 = CARTESIAN_POINT('',(7.18,-3.,19.41));
#4616 = DIRECTION('',(0.,0.,1.));
#4617 = DIRECTION('',(1.,0.,0.));
#4618 = ADVANCED_FACE('',(#4619),#4637,.T.);
#4619 = FACE_BOUND('',#4620,.T.);
#4620 = EDGE_LOOP('',(#4621,#4622,#4630,#4636));
#4621 = ORIENTED_EDGE('',*,*,#3723,.T.);
#4622 = ORIENTED_EDGE('',*,*,#4623,.T.);
#4623 = EDGE_CURVE('',#3716,#4624,#4626,.T.);
#4624 = VERTEX_POINT('',#4625);
#4625 = CARTESIAN_POINT('',(7.82,-3.,17.51));
#4626 = LINE('',#4627,#4628);
#4627 = CARTESIAN_POINT('',(7.18,-3.,17.51));
#4628 = VECTOR('',#4629,1.);
#4629 = DIRECTION('',(1.,0.,0.));
#4630 = ORIENTED_EDGE('',*,*,#4631,.T.);
#4631 = EDGE_CURVE('',#4624,#4153,#4632,.T.);
#4632 = LINE('',#4633,#4634);
#4633 = CARTESIAN_POINT('',(7.82,-3.,17.51));
#4634 = VECTOR('',#4635,1.);
#4635 = DIRECTION('',(0.,1.,0.));
#4636 = ORIENTED_EDGE('',*,*,#4160,.F.);
#4637 = PLANE('',#4638);
#4638 = AXIS2_PLACEMENT_3D('',#4639,#4640,#4641);
#4639 = CARTESIAN_POINT('',(7.18,-3.,17.51));
#4640 = DIRECTION('',(0.,0.,1.));
#4641 = DIRECTION('',(1.,0.,0.));
#4642 = ADVANCED_FACE('',(#4643),#4661,.F.);
#4643 = FACE_BOUND('',#4644,.F.);
#4644 = EDGE_LOOP('',(#4645,#4653,#4654,#4655));
#4645 = ORIENTED_EDGE('',*,*,#4646,.F.);
#4646 = EDGE_CURVE('',#3708,#4647,#4649,.T.);
#4647 = VERTEX_POINT('',#4648);
#4648 = CARTESIAN_POINT('',(7.82,-3.,16.87));
#4649 = LINE('',#4650,#4651);
#4650 = CARTESIAN_POINT('',(7.18,-3.,16.87));
#4651 = VECTOR('',#4652,1.);
#4652 = DIRECTION('',(1.,0.,0.));
#4653 = ORIENTED_EDGE('',*,*,#3715,.T.);
#4654 = ORIENTED_EDGE('',*,*,#4623,.T.);
#4655 = ORIENTED_EDGE('',*,*,#4656,.F.);
#4656 = EDGE_CURVE('',#4647,#4624,#4657,.T.);
#4657 = LINE('',#4658,#4659);
#4658 = CARTESIAN_POINT('',(7.82,-3.,16.87));
#4659 = VECTOR('',#4660,1.);
#4660 = DIRECTION('',(0.,0.,1.));
#4661 = PLANE('',#4662);
#4662 = AXIS2_PLACEMENT_3D('',#4663,#4664,#4665);
#4663 = CARTESIAN_POINT('',(7.18,-3.,16.87));
#4664 = DIRECTION('',(0.,1.,0.));
#4665 = DIRECTION('',(0.,0.,1.));
#4666 = ADVANCED_FACE('',(#4667),#4678,.F.);
#4667 = FACE_BOUND('',#4668,.F.);
#4668 = EDGE_LOOP('',(#4669,#4670,#4671,#4677));
#4669 = ORIENTED_EDGE('',*,*,#3707,.T.);
#4670 = ORIENTED_EDGE('',*,*,#4646,.T.);
#4671 = ORIENTED_EDGE('',*,*,#4672,.T.);
#4672 = EDGE_CURVE('',#4647,#4145,#4673,.T.);
#4673 = LINE('',#4674,#4675);
#4674 = CARTESIAN_POINT('',(7.82,-3.,16.87));
#4675 = VECTOR('',#4676,1.);
#4676 = DIRECTION('',(0.,1.,0.));
#4677 = ORIENTED_EDGE('',*,*,#4144,.F.);
#4678 = PLANE('',#4679);
#4679 = AXIS2_PLACEMENT_3D('',#4680,#4681,#4682);
#4680 = CARTESIAN_POINT('',(7.18,-3.,16.87));
#4681 = DIRECTION('',(0.,0.,1.));
#4682 = DIRECTION('',(1.,0.,0.));
#4683 = ADVANCED_FACE('',(#4684),#4702,.T.);
#4684 = FACE_BOUND('',#4685,.T.);
#4685 = EDGE_LOOP('',(#4686,#4687,#4695,#4701));
#4686 = ORIENTED_EDGE('',*,*,#3691,.T.);
#4687 = ORIENTED_EDGE('',*,*,#4688,.T.);
#4688 = EDGE_CURVE('',#3684,#4689,#4691,.T.);
#4689 = VERTEX_POINT('',#4690);
#4690 = CARTESIAN_POINT('',(7.82,-3.,14.97));
#4691 = LINE('',#4692,#4693);
#4692 = CARTESIAN_POINT('',(7.18,-3.,14.97));
#4693 = VECTOR('',#4694,1.);
#4694 = DIRECTION('',(1.,0.,0.));
#4695 = ORIENTED_EDGE('',*,*,#4696,.T.);
#4696 = EDGE_CURVE('',#4689,#4130,#4697,.T.);
#4697 = LINE('',#4698,#4699);
#4698 = CARTESIAN_POINT('',(7.82,-3.,14.97));
#4699 = VECTOR('',#4700,1.);
#4700 = DIRECTION('',(0.,1.,0.));
#4701 = ORIENTED_EDGE('',*,*,#4137,.F.);
#4702 = PLANE('',#4703);
#4703 = AXIS2_PLACEMENT_3D('',#4704,#4705,#4706);
#4704 = CARTESIAN_POINT('',(7.18,-3.,14.97));
#4705 = DIRECTION('',(0.,0.,1.));
#4706 = DIRECTION('',(1.,0.,0.));
#4707 = ADVANCED_FACE('',(#4708),#4726,.F.);
#4708 = FACE_BOUND('',#4709,.F.);
#4709 = EDGE_LOOP('',(#4710,#4718,#4719,#4720));
#4710 = ORIENTED_EDGE('',*,*,#4711,.F.);
#4711 = EDGE_CURVE('',#3676,#4712,#4714,.T.);
#4712 = VERTEX_POINT('',#4713);
#4713 = CARTESIAN_POINT('',(7.82,-3.,14.33));
#4714 = LINE('',#4715,#4716);
#4715 = CARTESIAN_POINT('',(7.18,-3.,14.33));
#4716 = VECTOR('',#4717,1.);
#4717 = DIRECTION('',(1.,0.,0.));
#4718 = ORIENTED_EDGE('',*,*,#3683,.T.);
#4719 = ORIENTED_EDGE('',*,*,#4688,.T.);
#4720 = ORIENTED_EDGE('',*,*,#4721,.F.);
#4721 = EDGE_CURVE('',#4712,#4689,#4722,.T.);
#4722 = LINE('',#4723,#4724);
#4723 = CARTESIAN_POINT('',(7.82,-3.,14.33));
#4724 = VECTOR('',#4725,1.);
#4725 = DIRECTION('',(0.,0.,1.));
#4726 = PLANE('',#4727);
#4727 = AXIS2_PLACEMENT_3D('',#4728,#4729,#4730);
#4728 = CARTESIAN_POINT('',(7.18,-3.,14.33));
#4729 = DIRECTION('',(0.,1.,0.));
#4730 = DIRECTION('',(0.,0.,1.));
#4731 = ADVANCED_FACE('',(#4732),#4743,.F.);
#4732 = FACE_BOUND('',#4733,.F.);
#4733 = EDGE_LOOP('',(#4734,#4735,#4736,#4742));
#4734 = ORIENTED_EDGE('',*,*,#3675,.T.);
#4735 = ORIENTED_EDGE('',*,*,#4711,.T.);
#4736 = ORIENTED_EDGE('',*,*,#4737,.T.);
#4737 = EDGE_CURVE('',#4712,#4122,#4738,.T.);
#4738 = LINE('',#4739,#4740);
#4739 = CARTESIAN_POINT('',(7.82,-3.,14.33));
#4740 = VECTOR('',#4741,1.);
#4741 = DIRECTION('',(0.,1.,0.));
#4742 = ORIENTED_EDGE('',*,*,#4121,.F.);
#4743 = PLANE('',#4744);
#4744 = AXIS2_PLACEMENT_3D('',#4745,#4746,#4747);
#4745 = CARTESIAN_POINT('',(7.18,-3.,14.33));
#4746 = DIRECTION('',(0.,0.,1.));
#4747 = DIRECTION('',(1.,0.,0.));
#4748 = ADVANCED_FACE('',(#4749),#4767,.T.);
#4749 = FACE_BOUND('',#4750,.T.);
#4750 = EDGE_LOOP('',(#4751,#4752,#4760,#4766));
#4751 = ORIENTED_EDGE('',*,*,#3659,.T.);
#4752 = ORIENTED_EDGE('',*,*,#4753,.T.);
#4753 = EDGE_CURVE('',#3652,#4754,#4756,.T.);
#4754 = VERTEX_POINT('',#4755);
#4755 = CARTESIAN_POINT('',(7.82,-3.,12.43));
#4756 = LINE('',#4757,#4758);
#4757 = CARTESIAN_POINT('',(7.18,-3.,12.43));
#4758 = VECTOR('',#4759,1.);
#4759 = DIRECTION('',(1.,0.,0.));
#4760 = ORIENTED_EDGE('',*,*,#4761,.T.);
#4761 = EDGE_CURVE('',#4754,#4107,#4762,.T.);
#4762 = LINE('',#4763,#4764);
#4763 = CARTESIAN_POINT('',(7.82,-3.,12.43));
#4764 = VECTOR('',#4765,1.);
#4765 = DIRECTION('',(0.,1.,0.));
#4766 = ORIENTED_EDGE('',*,*,#4114,.F.);
#4767 = PLANE('',#4768);
#4768 = AXIS2_PLACEMENT_3D('',#4769,#4770,#4771);
#4769 = CARTESIAN_POINT('',(7.18,-3.,12.43));
#4770 = DIRECTION('',(0.,0.,1.));
#4771 = DIRECTION('',(1.,0.,0.));
#4772 = ADVANCED_FACE('',(#4773),#4791,.F.);
#4773 = FACE_BOUND('',#4774,.F.);
#4774 = EDGE_LOOP('',(#4775,#4783,#4784,#4785));
#4775 = ORIENTED_EDGE('',*,*,#4776,.F.);
#4776 = EDGE_CURVE('',#3644,#4777,#4779,.T.);
#4777 = VERTEX_POINT('',#4778);
#4778 = CARTESIAN_POINT('',(7.82,-3.,11.79));
#4779 = LINE('',#4780,#4781);
#4780 = CARTESIAN_POINT('',(7.18,-3.,11.79));
#4781 = VECTOR('',#4782,1.);
#4782 = DIRECTION('',(1.,0.,0.));
#4783 = ORIENTED_EDGE('',*,*,#3651,.T.);
#4784 = ORIENTED_EDGE('',*,*,#4753,.T.);
#4785 = ORIENTED_EDGE('',*,*,#4786,.F.);
#4786 = EDGE_CURVE('',#4777,#4754,#4787,.T.);
#4787 = LINE('',#4788,#4789);
#4788 = CARTESIAN_POINT('',(7.82,-3.,11.79));
#4789 = VECTOR('',#4790,1.);
#4790 = DIRECTION('',(0.,0.,1.));
#4791 = PLANE('',#4792);
#4792 = AXIS2_PLACEMENT_3D('',#4793,#4794,#4795);
#4793 = CARTESIAN_POINT('',(7.18,-3.,11.79));
#4794 = DIRECTION('',(0.,1.,0.));
#4795 = DIRECTION('',(0.,0.,1.));
#4796 = ADVANCED_FACE('',(#4797),#4808,.F.);
#4797 = FACE_BOUND('',#4798,.F.);
#4798 = EDGE_LOOP('',(#4799,#4800,#4801,#4807));
#4799 = ORIENTED_EDGE('',*,*,#3643,.T.);
#4800 = ORIENTED_EDGE('',*,*,#4776,.T.);
#4801 = ORIENTED_EDGE('',*,*,#4802,.T.);
#4802 = EDGE_CURVE('',#4777,#4099,#4803,.T.);
#4803 = LINE('',#4804,#4805);
#4804 = CARTESIAN_POINT('',(7.82,-3.,11.79));
#4805 = VECTOR('',#4806,1.);
#4806 = DIRECTION('',(0.,1.,0.));
#4807 = ORIENTED_EDGE('',*,*,#4098,.F.);
#4808 = PLANE('',#4809);
#4809 = AXIS2_PLACEMENT_3D('',#4810,#4811,#4812);
#4810 = CARTESIAN_POINT('',(7.18,-3.,11.79));
#4811 = DIRECTION('',(0.,0.,1.));
#4812 = DIRECTION('',(1.,0.,0.));
#4813 = ADVANCED_FACE('',(#4814),#4820,.F.);
#4814 = FACE_BOUND('',#4815,.F.);
#4815 = EDGE_LOOP('',(#4816,#4817,#4818,#4819));
#4816 = ORIENTED_EDGE('',*,*,#3985,.F.);
#4817 = ORIENTED_EDGE('',*,*,#3905,.T.);
#4818 = ORIENTED_EDGE('',*,*,#3937,.T.);
#4819 = ORIENTED_EDGE('',*,*,#3960,.F.);
#4820 = PLANE('',#4821);
#4821 = AXIS2_PLACEMENT_3D('',#4822,#4823,#4824);
#4822 = CARTESIAN_POINT('',(-1.,-4.6,18.5));
#4823 = DIRECTION('',(0.,1.,0.));
#4824 = DIRECTION('',(0.,0.,1.));
#4825 = ADVANCED_FACE('',(#4826,#4837,#4871,#4905,#4939,#4973,#5007,
    #5041,#5075),#5109,.T.);
#4826 = FACE_BOUND('',#4827,.T.);
#4827 = EDGE_LOOP('',(#4828,#4829,#4830,#4831));
#4828 = ORIENTED_EDGE('',*,*,#4082,.F.);
#4829 = ORIENTED_EDGE('',*,*,#4049,.T.);
#4830 = ORIENTED_EDGE('',*,*,#4026,.T.);
#4831 = ORIENTED_EDGE('',*,*,#4832,.F.);
#4832 = EDGE_CURVE('',#4075,#4019,#4833,.T.);
#4833 = LINE('',#4834,#4835);
#4834 = CARTESIAN_POINT('',(8.75,-0.4,11.5));
#4835 = VECTOR('',#4836,1.);
#4836 = DIRECTION('',(0.,0.,1.));
#4837 = FACE_BOUND('',#4838,.T.);
#4838 = EDGE_LOOP('',(#4839,#4849,#4857,#4865));
#4839 = ORIENTED_EDGE('',*,*,#4840,.F.);
#4840 = EDGE_CURVE('',#4841,#4843,#4845,.T.);
#4841 = VERTEX_POINT('',#4842);
#4842 = CARTESIAN_POINT('',(7.18,-0.4,12.43));
#4843 = VERTEX_POINT('',#4844);
#4844 = CARTESIAN_POINT('',(7.82,-0.4,12.43));
#4845 = LINE('',#4846,#4847);
#4846 = CARTESIAN_POINT('',(6.715,-0.4,12.43));
#4847 = VECTOR('',#4848,1.);
#4848 = DIRECTION('',(1.,0.,0.));
#4849 = ORIENTED_EDGE('',*,*,#4850,.T.);
#4850 = EDGE_CURVE('',#4841,#4851,#4853,.T.);
#4851 = VERTEX_POINT('',#4852);
#4852 = CARTESIAN_POINT('',(7.18,-0.4,11.79));
#4853 = LINE('',#4854,#4855);
#4854 = CARTESIAN_POINT('',(7.18,-0.4,11.645));
#4855 = VECTOR('',#4856,1.);
#4856 = DIRECTION('',(0.,0.,-1.));
#4857 = ORIENTED_EDGE('',*,*,#4858,.T.);
#4858 = EDGE_CURVE('',#4851,#4859,#4861,.T.);
#4859 = VERTEX_POINT('',#4860);
#4860 = CARTESIAN_POINT('',(7.82,-0.4,11.79));
#4861 = LINE('',#4862,#4863);
#4862 = CARTESIAN_POINT('',(6.715,-0.4,11.79));
#4863 = VECTOR('',#4864,1.);
#4864 = DIRECTION('',(1.,0.,0.));
#4865 = ORIENTED_EDGE('',*,*,#4866,.F.);
#4866 = EDGE_CURVE('',#4843,#4859,#4867,.T.);
#4867 = LINE('',#4868,#4869);
#4868 = CARTESIAN_POINT('',(7.82,-0.4,11.645));
#4869 = VECTOR('',#4870,1.);
#4870 = DIRECTION('',(0.,0.,-1.));
#4871 = FACE_BOUND('',#4872,.T.);
#4872 = EDGE_LOOP('',(#4873,#4883,#4891,#4899));
#4873 = ORIENTED_EDGE('',*,*,#4874,.F.);
#4874 = EDGE_CURVE('',#4875,#4877,#4879,.T.);
#4875 = VERTEX_POINT('',#4876);
#4876 = CARTESIAN_POINT('',(7.18,-0.4,14.97));
#4877 = VERTEX_POINT('',#4878);
#4878 = CARTESIAN_POINT('',(7.82,-0.4,14.97));
#4879 = LINE('',#4880,#4881);
#4880 = CARTESIAN_POINT('',(6.715,-0.4,14.97));
#4881 = VECTOR('',#4882,1.);
#4882 = DIRECTION('',(1.,0.,0.));
#4883 = ORIENTED_EDGE('',*,*,#4884,.T.);
#4884 = EDGE_CURVE('',#4875,#4885,#4887,.T.);
#4885 = VERTEX_POINT('',#4886);
#4886 = CARTESIAN_POINT('',(7.18,-0.4,14.33));
#4887 = LINE('',#4888,#4889);
#4888 = CARTESIAN_POINT('',(7.18,-0.4,12.915));
#4889 = VECTOR('',#4890,1.);
#4890 = DIRECTION('',(0.,0.,-1.));
#4891 = ORIENTED_EDGE('',*,*,#4892,.T.);
#4892 = EDGE_CURVE('',#4885,#4893,#4895,.T.);
#4893 = VERTEX_POINT('',#4894);
#4894 = CARTESIAN_POINT('',(7.82,-0.4,14.33));
#4895 = LINE('',#4896,#4897);
#4896 = CARTESIAN_POINT('',(6.715,-0.4,14.33));
#4897 = VECTOR('',#4898,1.);
#4898 = DIRECTION('',(1.,0.,0.));
#4899 = ORIENTED_EDGE('',*,*,#4900,.F.);
#4900 = EDGE_CURVE('',#4877,#4893,#4901,.T.);
#4901 = LINE('',#4902,#4903);
#4902 = CARTESIAN_POINT('',(7.82,-0.4,12.915));
#4903 = VECTOR('',#4904,1.);
#4904 = DIRECTION('',(0.,0.,-1.));
#4905 = FACE_BOUND('',#4906,.T.);
#4906 = EDGE_LOOP('',(#4907,#4917,#4925,#4933));
#4907 = ORIENTED_EDGE('',*,*,#4908,.F.);
#4908 = EDGE_CURVE('',#4909,#4911,#4913,.T.);
#4909 = VERTEX_POINT('',#4910);
#4910 = CARTESIAN_POINT('',(7.18,-0.4,17.51));
#4911 = VERTEX_POINT('',#4912);
#4912 = CARTESIAN_POINT('',(7.82,-0.4,17.51));
#4913 = LINE('',#4914,#4915);
#4914 = CARTESIAN_POINT('',(6.715,-0.4,17.51));
#4915 = VECTOR('',#4916,1.);
#4916 = DIRECTION('',(1.,0.,0.));
#4917 = ORIENTED_EDGE('',*,*,#4918,.T.);
#4918 = EDGE_CURVE('',#4909,#4919,#4921,.T.);
#4919 = VERTEX_POINT('',#4920);
#4920 = CARTESIAN_POINT('',(7.18,-0.4,16.87));
#4921 = LINE('',#4922,#4923);
#4922 = CARTESIAN_POINT('',(7.18,-0.4,14.185));
#4923 = VECTOR('',#4924,1.);
#4924 = DIRECTION('',(0.,0.,-1.));
#4925 = ORIENTED_EDGE('',*,*,#4926,.T.);
#4926 = EDGE_CURVE('',#4919,#4927,#4929,.T.);
#4927 = VERTEX_POINT('',#4928);
#4928 = CARTESIAN_POINT('',(7.82,-0.4,16.87));
#4929 = LINE('',#4930,#4931);
#4930 = CARTESIAN_POINT('',(6.715,-0.4,16.87));
#4931 = VECTOR('',#4932,1.);
#4932 = DIRECTION('',(1.,0.,0.));
#4933 = ORIENTED_EDGE('',*,*,#4934,.F.);
#4934 = EDGE_CURVE('',#4911,#4927,#4935,.T.);
#4935 = LINE('',#4936,#4937);
#4936 = CARTESIAN_POINT('',(7.82,-0.4,14.185));
#4937 = VECTOR('',#4938,1.);
#4938 = DIRECTION('',(0.,0.,-1.));
#4939 = FACE_BOUND('',#4940,.T.);
#4940 = EDGE_LOOP('',(#4941,#4951,#4959,#4967));
#4941 = ORIENTED_EDGE('',*,*,#4942,.F.);
#4942 = EDGE_CURVE('',#4943,#4945,#4947,.T.);
#4943 = VERTEX_POINT('',#4944);
#4944 = CARTESIAN_POINT('',(7.18,-0.4,20.05));
#4945 = VERTEX_POINT('',#4946);
#4946 = CARTESIAN_POINT('',(7.82,-0.4,20.05));
#4947 = LINE('',#4948,#4949);
#4948 = CARTESIAN_POINT('',(6.715,-0.4,20.05));
#4949 = VECTOR('',#4950,1.);
#4950 = DIRECTION('',(1.,0.,0.));
#4951 = ORIENTED_EDGE('',*,*,#4952,.T.);
#4952 = EDGE_CURVE('',#4943,#4953,#4955,.T.);
#4953 = VERTEX_POINT('',#4954);
#4954 = CARTESIAN_POINT('',(7.18,-0.4,19.41));
#4955 = LINE('',#4956,#4957);
#4956 = CARTESIAN_POINT('',(7.18,-0.4,15.455));
#4957 = VECTOR('',#4958,1.);
#4958 = DIRECTION('',(0.,0.,-1.));
#4959 = ORIENTED_EDGE('',*,*,#4960,.T.);
#4960 = EDGE_CURVE('',#4953,#4961,#4963,.T.);
#4961 = VERTEX_POINT('',#4962);
#4962 = CARTESIAN_POINT('',(7.82,-0.4,19.41));
#4963 = LINE('',#4964,#4965);
#4964 = CARTESIAN_POINT('',(6.715,-0.4,19.41));
#4965 = VECTOR('',#4966,1.);
#4966 = DIRECTION('',(1.,0.,0.));
#4967 = ORIENTED_EDGE('',*,*,#4968,.F.);
#4968 = EDGE_CURVE('',#4945,#4961,#4969,.T.);
#4969 = LINE('',#4970,#4971);
#4970 = CARTESIAN_POINT('',(7.82,-0.4,15.455));
#4971 = VECTOR('',#4972,1.);
#4972 = DIRECTION('',(0.,0.,-1.));
#4973 = FACE_BOUND('',#4974,.T.);
#4974 = EDGE_LOOP('',(#4975,#4985,#4993,#5001));
#4975 = ORIENTED_EDGE('',*,*,#4976,.F.);
#4976 = EDGE_CURVE('',#4977,#4979,#4981,.T.);
#4977 = VERTEX_POINT('',#4978);
#4978 = CARTESIAN_POINT('',(7.18,-0.4,22.59));
#4979 = VERTEX_POINT('',#4980);
#4980 = CARTESIAN_POINT('',(7.82,-0.4,22.59));
#4981 = LINE('',#4982,#4983);
#4982 = CARTESIAN_POINT('',(6.715,-0.4,22.59));
#4983 = VECTOR('',#4984,1.);
#4984 = DIRECTION('',(1.,0.,0.));
#4985 = ORIENTED_EDGE('',*,*,#4986,.T.);
#4986 = EDGE_CURVE('',#4977,#4987,#4989,.T.);
#4987 = VERTEX_POINT('',#4988);
#4988 = CARTESIAN_POINT('',(7.18,-0.4,21.95));
#4989 = LINE('',#4990,#4991);
#4990 = CARTESIAN_POINT('',(7.18,-0.4,16.725));
#4991 = VECTOR('',#4992,1.);
#4992 = DIRECTION('',(0.,0.,-1.));
#4993 = ORIENTED_EDGE('',*,*,#4994,.T.);
#4994 = EDGE_CURVE('',#4987,#4995,#4997,.T.);
#4995 = VERTEX_POINT('',#4996);
#4996 = CARTESIAN_POINT('',(7.82,-0.4,21.95));
#4997 = LINE('',#4998,#4999);
#4998 = CARTESIAN_POINT('',(6.715,-0.4,21.95));
#4999 = VECTOR('',#5000,1.);
#5000 = DIRECTION('',(1.,0.,0.));
#5001 = ORIENTED_EDGE('',*,*,#5002,.F.);
#5002 = EDGE_CURVE('',#4979,#4995,#5003,.T.);
#5003 = LINE('',#5004,#5005);
#5004 = CARTESIAN_POINT('',(7.82,-0.4,16.725));
#5005 = VECTOR('',#5006,1.);
#5006 = DIRECTION('',(0.,0.,-1.));
#5007 = FACE_BOUND('',#5008,.T.);
#5008 = EDGE_LOOP('',(#5009,#5019,#5027,#5035));
#5009 = ORIENTED_EDGE('',*,*,#5010,.F.);
#5010 = EDGE_CURVE('',#5011,#5013,#5015,.T.);
#5011 = VERTEX_POINT('',#5012);
#5012 = CARTESIAN_POINT('',(7.18,-0.4,25.13));
#5013 = VERTEX_POINT('',#5014);
#5014 = CARTESIAN_POINT('',(7.82,-0.4,25.13));
#5015 = LINE('',#5016,#5017);
#5016 = CARTESIAN_POINT('',(6.715,-0.4,25.13));
#5017 = VECTOR('',#5018,1.);
#5018 = DIRECTION('',(1.,0.,0.));
#5019 = ORIENTED_EDGE('',*,*,#5020,.T.);
#5020 = EDGE_CURVE('',#5011,#5021,#5023,.T.);
#5021 = VERTEX_POINT('',#5022);
#5022 = CARTESIAN_POINT('',(7.18,-0.4,24.49));
#5023 = LINE('',#5024,#5025);
#5024 = CARTESIAN_POINT('',(7.18,-0.4,17.995));
#5025 = VECTOR('',#5026,1.);
#5026 = DIRECTION('',(0.,0.,-1.));
#5027 = ORIENTED_EDGE('',*,*,#5028,.T.);
#5028 = EDGE_CURVE('',#5021,#5029,#5031,.T.);
#5029 = VERTEX_POINT('',#5030);
#5030 = CARTESIAN_POINT('',(7.82,-0.4,24.49));
#5031 = LINE('',#5032,#5033);
#5032 = CARTESIAN_POINT('',(6.715,-0.4,24.49));
#5033 = VECTOR('',#5034,1.);
#5034 = DIRECTION('',(1.,0.,0.));
#5035 = ORIENTED_EDGE('',*,*,#5036,.F.);
#5036 = EDGE_CURVE('',#5013,#5029,#5037,.T.);
#5037 = LINE('',#5038,#5039);
#5038 = CARTESIAN_POINT('',(7.82,-0.4,17.995));
#5039 = VECTOR('',#5040,1.);
#5040 = DIRECTION('',(0.,0.,-1.));
#5041 = FACE_BOUND('',#5042,.T.);
#5042 = EDGE_LOOP('',(#5043,#5053,#5061,#5069));
#5043 = ORIENTED_EDGE('',*,*,#5044,.F.);
#5044 = EDGE_CURVE('',#5045,#5047,#5049,.T.);
#5045 = VERTEX_POINT('',#5046);
#5046 = CARTESIAN_POINT('',(7.18,-0.4,27.67));
#5047 = VERTEX_POINT('',#5048);
#5048 = CARTESIAN_POINT('',(7.82,-0.4,27.67));
#5049 = LINE('',#5050,#5051);
#5050 = CARTESIAN_POINT('',(6.715,-0.4,27.67));
#5051 = VECTOR('',#5052,1.);
#5052 = DIRECTION('',(1.,0.,0.));
#5053 = ORIENTED_EDGE('',*,*,#5054,.T.);
#5054 = EDGE_CURVE('',#5045,#5055,#5057,.T.);
#5055 = VERTEX_POINT('',#5056);
#5056 = CARTESIAN_POINT('',(7.18,-0.4,27.03));
#5057 = LINE('',#5058,#5059);
#5058 = CARTESIAN_POINT('',(7.18,-0.4,19.265));
#5059 = VECTOR('',#5060,1.);
#5060 = DIRECTION('',(0.,0.,-1.));
#5061 = ORIENTED_EDGE('',*,*,#5062,.T.);
#5062 = EDGE_CURVE('',#5055,#5063,#5065,.T.);
#5063 = VERTEX_POINT('',#5064);
#5064 = CARTESIAN_POINT('',(7.82,-0.4,27.03));
#5065 = LINE('',#5066,#5067);
#5066 = CARTESIAN_POINT('',(6.715,-0.4,27.03));
#5067 = VECTOR('',#5068,1.);
#5068 = DIRECTION('',(1.,0.,0.));
#5069 = ORIENTED_EDGE('',*,*,#5070,.F.);
#5070 = EDGE_CURVE('',#5047,#5063,#5071,.T.);
#5071 = LINE('',#5072,#5073);
#5072 = CARTESIAN_POINT('',(7.82,-0.4,19.265));
#5073 = VECTOR('',#5074,1.);
#5074 = DIRECTION('',(0.,0.,-1.));
#5075 = FACE_BOUND('',#5076,.T.);
#5076 = EDGE_LOOP('',(#5077,#5087,#5095,#5103));
#5077 = ORIENTED_EDGE('',*,*,#5078,.F.);
#5078 = EDGE_CURVE('',#5079,#5081,#5083,.T.);
#5079 = VERTEX_POINT('',#5080);
#5080 = CARTESIAN_POINT('',(7.18,-0.4,30.21));
#5081 = VERTEX_POINT('',#5082);
#5082 = CARTESIAN_POINT('',(7.82,-0.4,30.21));
#5083 = LINE('',#5084,#5085);
#5084 = CARTESIAN_POINT('',(6.715,-0.4,30.21));
#5085 = VECTOR('',#5086,1.);
#5086 = DIRECTION('',(1.,0.,0.));
#5087 = ORIENTED_EDGE('',*,*,#5088,.T.);
#5088 = EDGE_CURVE('',#5079,#5089,#5091,.T.);
#5089 = VERTEX_POINT('',#5090);
#5090 = CARTESIAN_POINT('',(7.18,-0.4,29.57));
#5091 = LINE('',#5092,#5093);
#5092 = CARTESIAN_POINT('',(7.18,-0.4,20.535));
#5093 = VECTOR('',#5094,1.);
#5094 = DIRECTION('',(0.,0.,-1.));
#5095 = ORIENTED_EDGE('',*,*,#5096,.T.);
#5096 = EDGE_CURVE('',#5089,#5097,#5099,.T.);
#5097 = VERTEX_POINT('',#5098);
#5098 = CARTESIAN_POINT('',(7.82,-0.4,29.57));
#5099 = LINE('',#5100,#5101);
#5100 = CARTESIAN_POINT('',(6.715,-0.4,29.57));
#5101 = VECTOR('',#5102,1.);
#5102 = DIRECTION('',(1.,0.,0.));
#5103 = ORIENTED_EDGE('',*,*,#5104,.F.);
#5104 = EDGE_CURVE('',#5081,#5097,#5105,.T.);
#5105 = LINE('',#5106,#5107);
#5106 = CARTESIAN_POINT('',(7.82,-0.4,20.535));
#5107 = VECTOR('',#5108,1.);
#5108 = DIRECTION('',(0.,0.,-1.));
#5109 = PLANE('',#5110);
#5110 = AXIS2_PLACEMENT_3D('',#5111,#5112,#5113);
#5111 = CARTESIAN_POINT('',(6.25,-0.4,11.5));
#5112 = DIRECTION('',(0.,1.,0.));
#5113 = DIRECTION('',(0.,0.,1.));
#5114 = ADVANCED_FACE('',(#5115),#5121,.T.);
#5115 = FACE_BOUND('',#5116,.T.);
#5116 = EDGE_LOOP('',(#5117,#5118,#5119,#5120));
#5117 = ORIENTED_EDGE('',*,*,#4283,.F.);
#5118 = ORIENTED_EDGE('',*,*,#4074,.T.);
#5119 = ORIENTED_EDGE('',*,*,#4832,.T.);
#5120 = ORIENTED_EDGE('',*,*,#4018,.F.);
#5121 = PLANE('',#5122);
#5122 = AXIS2_PLACEMENT_3D('',#5123,#5124,#5125);
#5123 = CARTESIAN_POINT('',(8.75,-2.6,11.5));
#5124 = DIRECTION('',(1.,0.,0.));
#5125 = DIRECTION('',(0.,0.,1.));
#5126 = ADVANCED_FACE('',(#5127),#5133,.T.);
#5127 = FACE_BOUND('',#5128,.T.);
#5128 = EDGE_LOOP('',(#5129,#5130,#5131,#5132));
#5129 = ORIENTED_EDGE('',*,*,#4306,.F.);
#5130 = ORIENTED_EDGE('',*,*,#4331,.F.);
#5131 = ORIENTED_EDGE('',*,*,#4347,.T.);
#5132 = ORIENTED_EDGE('',*,*,#4267,.F.);
#5133 = PLANE('',#5134);
#5134 = AXIS2_PLACEMENT_3D('',#5135,#5136,#5137);
#5135 = CARTESIAN_POINT('',(7.82,-3.,29.57));
#5136 = DIRECTION('',(1.,0.,0.));
#5137 = DIRECTION('',(0.,0.,1.));
#5138 = ADVANCED_FACE('',(#5139),#5145,.T.);
#5139 = FACE_BOUND('',#5140,.T.);
#5140 = EDGE_LOOP('',(#5141,#5142,#5143,#5144));
#5141 = ORIENTED_EDGE('',*,*,#4371,.F.);
#5142 = ORIENTED_EDGE('',*,*,#4396,.F.);
#5143 = ORIENTED_EDGE('',*,*,#4412,.T.);
#5144 = ORIENTED_EDGE('',*,*,#4244,.F.);
#5145 = PLANE('',#5146);
#5146 = AXIS2_PLACEMENT_3D('',#5147,#5148,#5149);
#5147 = CARTESIAN_POINT('',(7.82,-3.,27.03));
#5148 = DIRECTION('',(1.,0.,0.));
#5149 = DIRECTION('',(0.,0.,1.));
#5150 = ADVANCED_FACE('',(#5151),#5157,.T.);
#5151 = FACE_BOUND('',#5152,.T.);
#5152 = EDGE_LOOP('',(#5153,#5154,#5155,#5156));
#5153 = ORIENTED_EDGE('',*,*,#4436,.F.);
#5154 = ORIENTED_EDGE('',*,*,#4461,.F.);
#5155 = ORIENTED_EDGE('',*,*,#4477,.T.);
#5156 = ORIENTED_EDGE('',*,*,#4221,.F.);
#5157 = PLANE('',#5158);
#5158 = AXIS2_PLACEMENT_3D('',#5159,#5160,#5161);
#5159 = CARTESIAN_POINT('',(7.82,-3.,24.49));
#5160 = DIRECTION('',(1.,0.,0.));
#5161 = DIRECTION('',(0.,0.,1.));
#5162 = ADVANCED_FACE('',(#5163),#5169,.T.);
#5163 = FACE_BOUND('',#5164,.T.);
#5164 = EDGE_LOOP('',(#5165,#5166,#5167,#5168));
#5165 = ORIENTED_EDGE('',*,*,#4501,.F.);
#5166 = ORIENTED_EDGE('',*,*,#4526,.F.);
#5167 = ORIENTED_EDGE('',*,*,#4542,.T.);
#5168 = ORIENTED_EDGE('',*,*,#4198,.F.);
#5169 = PLANE('',#5170);
#5170 = AXIS2_PLACEMENT_3D('',#5171,#5172,#5173);
#5171 = CARTESIAN_POINT('',(7.82,-3.,21.95));
#5172 = DIRECTION('',(1.,0.,0.));
#5173 = DIRECTION('',(0.,0.,1.));
#5174 = ADVANCED_FACE('',(#5175),#5181,.T.);
#5175 = FACE_BOUND('',#5176,.T.);
#5176 = EDGE_LOOP('',(#5177,#5178,#5179,#5180));
#5177 = ORIENTED_EDGE('',*,*,#4566,.F.);
#5178 = ORIENTED_EDGE('',*,*,#4591,.F.);
#5179 = ORIENTED_EDGE('',*,*,#4607,.T.);
#5180 = ORIENTED_EDGE('',*,*,#4175,.F.);
#5181 = PLANE('',#5182);
#5182 = AXIS2_PLACEMENT_3D('',#5183,#5184,#5185);
#5183 = CARTESIAN_POINT('',(7.82,-3.,19.41));
#5184 = DIRECTION('',(1.,0.,0.));
#5185 = DIRECTION('',(0.,0.,1.));
#5186 = ADVANCED_FACE('',(#5187),#5193,.T.);
#5187 = FACE_BOUND('',#5188,.T.);
#5188 = EDGE_LOOP('',(#5189,#5190,#5191,#5192));
#5189 = ORIENTED_EDGE('',*,*,#4631,.F.);
#5190 = ORIENTED_EDGE('',*,*,#4656,.F.);
#5191 = ORIENTED_EDGE('',*,*,#4672,.T.);
#5192 = ORIENTED_EDGE('',*,*,#4152,.F.);
#5193 = PLANE('',#5194);
#5194 = AXIS2_PLACEMENT_3D('',#5195,#5196,#5197);
#5195 = CARTESIAN_POINT('',(7.82,-3.,16.87));
#5196 = DIRECTION('',(1.,0.,0.));
#5197 = DIRECTION('',(0.,0.,1.));
#5198 = ADVANCED_FACE('',(#5199),#5205,.T.);
#5199 = FACE_BOUND('',#5200,.T.);
#5200 = EDGE_LOOP('',(#5201,#5202,#5203,#5204));
#5201 = ORIENTED_EDGE('',*,*,#4696,.F.);
#5202 = ORIENTED_EDGE('',*,*,#4721,.F.);
#5203 = ORIENTED_EDGE('',*,*,#4737,.T.);
#5204 = ORIENTED_EDGE('',*,*,#4129,.F.);
#5205 = PLANE('',#5206);
#5206 = AXIS2_PLACEMENT_3D('',#5207,#5208,#5209);
#5207 = CARTESIAN_POINT('',(7.82,-3.,14.33));
#5208 = DIRECTION('',(1.,0.,0.));
#5209 = DIRECTION('',(0.,0.,1.));
#5210 = ADVANCED_FACE('',(#5211),#5217,.T.);
#5211 = FACE_BOUND('',#5212,.T.);
#5212 = EDGE_LOOP('',(#5213,#5214,#5215,#5216));
#5213 = ORIENTED_EDGE('',*,*,#4761,.F.);
#5214 = ORIENTED_EDGE('',*,*,#4786,.F.);
#5215 = ORIENTED_EDGE('',*,*,#4802,.T.);
#5216 = ORIENTED_EDGE('',*,*,#4106,.F.);
#5217 = PLANE('',#5218);
#5218 = AXIS2_PLACEMENT_3D('',#5219,#5220,#5221);
#5219 = CARTESIAN_POINT('',(7.82,-3.,11.79));
#5220 = DIRECTION('',(1.,0.,0.));
#5221 = DIRECTION('',(0.,0.,1.));
#5222 = ADVANCED_FACE('',(#5223),#5248,.T.);
#5223 = FACE_BOUND('',#5224,.T.);
#5224 = EDGE_LOOP('',(#5225,#5233,#5234,#5242));
#5225 = ORIENTED_EDGE('',*,*,#5226,.F.);
#5226 = EDGE_CURVE('',#4841,#5227,#5229,.T.);
#5227 = VERTEX_POINT('',#5228);
#5228 = CARTESIAN_POINT('',(7.18,2.,12.43));
#5229 = LINE('',#5230,#5231);
#5230 = CARTESIAN_POINT('',(7.18,-3.,12.43));
#5231 = VECTOR('',#5232,1.);
#5232 = DIRECTION('',(0.,1.,0.));
#5233 = ORIENTED_EDGE('',*,*,#4840,.T.);
#5234 = ORIENTED_EDGE('',*,*,#5235,.T.);
#5235 = EDGE_CURVE('',#4843,#5236,#5238,.T.);
#5236 = VERTEX_POINT('',#5237);
#5237 = CARTESIAN_POINT('',(7.82,2.,12.43));
#5238 = LINE('',#5239,#5240);
#5239 = CARTESIAN_POINT('',(7.82,-3.,12.43));
#5240 = VECTOR('',#5241,1.);
#5241 = DIRECTION('',(0.,1.,0.));
#5242 = ORIENTED_EDGE('',*,*,#5243,.F.);
#5243 = EDGE_CURVE('',#5227,#5236,#5244,.T.);
#5244 = LINE('',#5245,#5246);
#5245 = CARTESIAN_POINT('',(7.18,2.,12.43));
#5246 = VECTOR('',#5247,1.);
#5247 = DIRECTION('',(1.,0.,0.));
#5248 = PLANE('',#5249);
#5249 = AXIS2_PLACEMENT_3D('',#5250,#5251,#5252);
#5250 = CARTESIAN_POINT('',(7.18,-3.,12.43));
#5251 = DIRECTION('',(0.,0.,1.));
#5252 = DIRECTION('',(1.,0.,0.));
#5253 = ADVANCED_FACE('',(#5254),#5272,.T.);
#5254 = FACE_BOUND('',#5255,.T.);
#5255 = EDGE_LOOP('',(#5256,#5257,#5258,#5266));
#5256 = ORIENTED_EDGE('',*,*,#5235,.F.);
#5257 = ORIENTED_EDGE('',*,*,#4866,.T.);
#5258 = ORIENTED_EDGE('',*,*,#5259,.T.);
#5259 = EDGE_CURVE('',#4859,#5260,#5262,.T.);
#5260 = VERTEX_POINT('',#5261);
#5261 = CARTESIAN_POINT('',(7.82,2.,11.79));
#5262 = LINE('',#5263,#5264);
#5263 = CARTESIAN_POINT('',(7.82,-3.,11.79));
#5264 = VECTOR('',#5265,1.);
#5265 = DIRECTION('',(0.,1.,0.));
#5266 = ORIENTED_EDGE('',*,*,#5267,.T.);
#5267 = EDGE_CURVE('',#5260,#5236,#5268,.T.);
#5268 = LINE('',#5269,#5270);
#5269 = CARTESIAN_POINT('',(7.82,2.,11.79));
#5270 = VECTOR('',#5271,1.);
#5271 = DIRECTION('',(0.,0.,1.));
#5272 = PLANE('',#5273);
#5273 = AXIS2_PLACEMENT_3D('',#5274,#5275,#5276);
#5274 = CARTESIAN_POINT('',(7.82,-3.,11.79));
#5275 = DIRECTION('',(1.,0.,0.));
#5276 = DIRECTION('',(0.,0.,1.));
#5277 = ADVANCED_FACE('',(#5278),#5296,.F.);
#5278 = FACE_BOUND('',#5279,.F.);
#5279 = EDGE_LOOP('',(#5280,#5288,#5289,#5290));
#5280 = ORIENTED_EDGE('',*,*,#5281,.F.);
#5281 = EDGE_CURVE('',#4851,#5282,#5284,.T.);
#5282 = VERTEX_POINT('',#5283);
#5283 = CARTESIAN_POINT('',(7.18,2.,11.79));
#5284 = LINE('',#5285,#5286);
#5285 = CARTESIAN_POINT('',(7.18,-3.,11.79));
#5286 = VECTOR('',#5287,1.);
#5287 = DIRECTION('',(0.,1.,0.));
#5288 = ORIENTED_EDGE('',*,*,#4858,.T.);
#5289 = ORIENTED_EDGE('',*,*,#5259,.T.);
#5290 = ORIENTED_EDGE('',*,*,#5291,.F.);
#5291 = EDGE_CURVE('',#5282,#5260,#5292,.T.);
#5292 = LINE('',#5293,#5294);
#5293 = CARTESIAN_POINT('',(7.18,2.,11.79));
#5294 = VECTOR('',#5295,1.);
#5295 = DIRECTION('',(1.,0.,0.));
#5296 = PLANE('',#5297);
#5297 = AXIS2_PLACEMENT_3D('',#5298,#5299,#5300);
#5298 = CARTESIAN_POINT('',(7.18,-3.,11.79));
#5299 = DIRECTION('',(0.,0.,1.));
#5300 = DIRECTION('',(1.,0.,0.));
#5301 = ADVANCED_FACE('',(#5302),#5313,.F.);
#5302 = FACE_BOUND('',#5303,.F.);
#5303 = EDGE_LOOP('',(#5304,#5305,#5306,#5307));
#5304 = ORIENTED_EDGE('',*,*,#5226,.F.);
#5305 = ORIENTED_EDGE('',*,*,#4850,.T.);
#5306 = ORIENTED_EDGE('',*,*,#5281,.T.);
#5307 = ORIENTED_EDGE('',*,*,#5308,.T.);
#5308 = EDGE_CURVE('',#5282,#5227,#5309,.T.);
#5309 = LINE('',#5310,#5311);
#5310 = CARTESIAN_POINT('',(7.18,2.,11.79));
#5311 = VECTOR('',#5312,1.);
#5312 = DIRECTION('',(0.,0.,1.));
#5313 = PLANE('',#5314);
#5314 = AXIS2_PLACEMENT_3D('',#5315,#5316,#5317);
#5315 = CARTESIAN_POINT('',(7.18,-3.,11.79));
#5316 = DIRECTION('',(1.,0.,0.));
#5317 = DIRECTION('',(0.,0.,1.));
#5318 = ADVANCED_FACE('',(#5319),#5344,.T.);
#5319 = FACE_BOUND('',#5320,.T.);
#5320 = EDGE_LOOP('',(#5321,#5329,#5330,#5338));
#5321 = ORIENTED_EDGE('',*,*,#5322,.F.);
#5322 = EDGE_CURVE('',#4875,#5323,#5325,.T.);
#5323 = VERTEX_POINT('',#5324);
#5324 = CARTESIAN_POINT('',(7.18,2.,14.97));
#5325 = LINE('',#5326,#5327);
#5326 = CARTESIAN_POINT('',(7.18,-3.,14.97));
#5327 = VECTOR('',#5328,1.);
#5328 = DIRECTION('',(0.,1.,0.));
#5329 = ORIENTED_EDGE('',*,*,#4874,.T.);
#5330 = ORIENTED_EDGE('',*,*,#5331,.T.);
#5331 = EDGE_CURVE('',#4877,#5332,#5334,.T.);
#5332 = VERTEX_POINT('',#5333);
#5333 = CARTESIAN_POINT('',(7.82,2.,14.97));
#5334 = LINE('',#5335,#5336);
#5335 = CARTESIAN_POINT('',(7.82,-3.,14.97));
#5336 = VECTOR('',#5337,1.);
#5337 = DIRECTION('',(0.,1.,0.));
#5338 = ORIENTED_EDGE('',*,*,#5339,.F.);
#5339 = EDGE_CURVE('',#5323,#5332,#5340,.T.);
#5340 = LINE('',#5341,#5342);
#5341 = CARTESIAN_POINT('',(7.18,2.,14.97));
#5342 = VECTOR('',#5343,1.);
#5343 = DIRECTION('',(1.,0.,0.));
#5344 = PLANE('',#5345);
#5345 = AXIS2_PLACEMENT_3D('',#5346,#5347,#5348);
#5346 = CARTESIAN_POINT('',(7.18,-3.,14.97));
#5347 = DIRECTION('',(0.,0.,1.));
#5348 = DIRECTION('',(1.,0.,0.));
#5349 = ADVANCED_FACE('',(#5350),#5368,.T.);
#5350 = FACE_BOUND('',#5351,.T.);
#5351 = EDGE_LOOP('',(#5352,#5353,#5354,#5362));
#5352 = ORIENTED_EDGE('',*,*,#5331,.F.);
#5353 = ORIENTED_EDGE('',*,*,#4900,.T.);
#5354 = ORIENTED_EDGE('',*,*,#5355,.T.);
#5355 = EDGE_CURVE('',#4893,#5356,#5358,.T.);
#5356 = VERTEX_POINT('',#5357);
#5357 = CARTESIAN_POINT('',(7.82,2.,14.33));
#5358 = LINE('',#5359,#5360);
#5359 = CARTESIAN_POINT('',(7.82,-3.,14.33));
#5360 = VECTOR('',#5361,1.);
#5361 = DIRECTION('',(0.,1.,0.));
#5362 = ORIENTED_EDGE('',*,*,#5363,.T.);
#5363 = EDGE_CURVE('',#5356,#5332,#5364,.T.);
#5364 = LINE('',#5365,#5366);
#5365 = CARTESIAN_POINT('',(7.82,2.,14.33));
#5366 = VECTOR('',#5367,1.);
#5367 = DIRECTION('',(0.,0.,1.));
#5368 = PLANE('',#5369);
#5369 = AXIS2_PLACEMENT_3D('',#5370,#5371,#5372);
#5370 = CARTESIAN_POINT('',(7.82,-3.,14.33));
#5371 = DIRECTION('',(1.,0.,0.));
#5372 = DIRECTION('',(0.,0.,1.));
#5373 = ADVANCED_FACE('',(#5374),#5392,.F.);
#5374 = FACE_BOUND('',#5375,.F.);
#5375 = EDGE_LOOP('',(#5376,#5384,#5385,#5386));
#5376 = ORIENTED_EDGE('',*,*,#5377,.F.);
#5377 = EDGE_CURVE('',#4885,#5378,#5380,.T.);
#5378 = VERTEX_POINT('',#5379);
#5379 = CARTESIAN_POINT('',(7.18,2.,14.33));
#5380 = LINE('',#5381,#5382);
#5381 = CARTESIAN_POINT('',(7.18,-3.,14.33));
#5382 = VECTOR('',#5383,1.);
#5383 = DIRECTION('',(0.,1.,0.));
#5384 = ORIENTED_EDGE('',*,*,#4892,.T.);
#5385 = ORIENTED_EDGE('',*,*,#5355,.T.);
#5386 = ORIENTED_EDGE('',*,*,#5387,.F.);
#5387 = EDGE_CURVE('',#5378,#5356,#5388,.T.);
#5388 = LINE('',#5389,#5390);
#5389 = CARTESIAN_POINT('',(7.18,2.,14.33));
#5390 = VECTOR('',#5391,1.);
#5391 = DIRECTION('',(1.,0.,0.));
#5392 = PLANE('',#5393);
#5393 = AXIS2_PLACEMENT_3D('',#5394,#5395,#5396);
#5394 = CARTESIAN_POINT('',(7.18,-3.,14.33));
#5395 = DIRECTION('',(0.,0.,1.));
#5396 = DIRECTION('',(1.,0.,0.));
#5397 = ADVANCED_FACE('',(#5398),#5409,.F.);
#5398 = FACE_BOUND('',#5399,.F.);
#5399 = EDGE_LOOP('',(#5400,#5401,#5402,#5403));
#5400 = ORIENTED_EDGE('',*,*,#5322,.F.);
#5401 = ORIENTED_EDGE('',*,*,#4884,.T.);
#5402 = ORIENTED_EDGE('',*,*,#5377,.T.);
#5403 = ORIENTED_EDGE('',*,*,#5404,.T.);
#5404 = EDGE_CURVE('',#5378,#5323,#5405,.T.);
#5405 = LINE('',#5406,#5407);
#5406 = CARTESIAN_POINT('',(7.18,2.,14.33));
#5407 = VECTOR('',#5408,1.);
#5408 = DIRECTION('',(0.,0.,1.));
#5409 = PLANE('',#5410);
#5410 = AXIS2_PLACEMENT_3D('',#5411,#5412,#5413);
#5411 = CARTESIAN_POINT('',(7.18,-3.,14.33));
#5412 = DIRECTION('',(1.,0.,0.));
#5413 = DIRECTION('',(0.,0.,1.));
#5414 = ADVANCED_FACE('',(#5415),#5440,.T.);
#5415 = FACE_BOUND('',#5416,.T.);
#5416 = EDGE_LOOP('',(#5417,#5425,#5426,#5434));
#5417 = ORIENTED_EDGE('',*,*,#5418,.F.);
#5418 = EDGE_CURVE('',#4909,#5419,#5421,.T.);
#5419 = VERTEX_POINT('',#5420);
#5420 = CARTESIAN_POINT('',(7.18,2.,17.51));
#5421 = LINE('',#5422,#5423);
#5422 = CARTESIAN_POINT('',(7.18,-3.,17.51));
#5423 = VECTOR('',#5424,1.);
#5424 = DIRECTION('',(0.,1.,0.));
#5425 = ORIENTED_EDGE('',*,*,#4908,.T.);
#5426 = ORIENTED_EDGE('',*,*,#5427,.T.);
#5427 = EDGE_CURVE('',#4911,#5428,#5430,.T.);
#5428 = VERTEX_POINT('',#5429);
#5429 = CARTESIAN_POINT('',(7.82,2.,17.51));
#5430 = LINE('',#5431,#5432);
#5431 = CARTESIAN_POINT('',(7.82,-3.,17.51));
#5432 = VECTOR('',#5433,1.);
#5433 = DIRECTION('',(0.,1.,0.));
#5434 = ORIENTED_EDGE('',*,*,#5435,.F.);
#5435 = EDGE_CURVE('',#5419,#5428,#5436,.T.);
#5436 = LINE('',#5437,#5438);
#5437 = CARTESIAN_POINT('',(7.18,2.,17.51));
#5438 = VECTOR('',#5439,1.);
#5439 = DIRECTION('',(1.,0.,0.));
#5440 = PLANE('',#5441);
#5441 = AXIS2_PLACEMENT_3D('',#5442,#5443,#5444);
#5442 = CARTESIAN_POINT('',(7.18,-3.,17.51));
#5443 = DIRECTION('',(0.,0.,1.));
#5444 = DIRECTION('',(1.,0.,0.));
#5445 = ADVANCED_FACE('',(#5446),#5464,.T.);
#5446 = FACE_BOUND('',#5447,.T.);
#5447 = EDGE_LOOP('',(#5448,#5449,#5450,#5458));
#5448 = ORIENTED_EDGE('',*,*,#5427,.F.);
#5449 = ORIENTED_EDGE('',*,*,#4934,.T.);
#5450 = ORIENTED_EDGE('',*,*,#5451,.T.);
#5451 = EDGE_CURVE('',#4927,#5452,#5454,.T.);
#5452 = VERTEX_POINT('',#5453);
#5453 = CARTESIAN_POINT('',(7.82,2.,16.87));
#5454 = LINE('',#5455,#5456);
#5455 = CARTESIAN_POINT('',(7.82,-3.,16.87));
#5456 = VECTOR('',#5457,1.);
#5457 = DIRECTION('',(0.,1.,0.));
#5458 = ORIENTED_EDGE('',*,*,#5459,.T.);
#5459 = EDGE_CURVE('',#5452,#5428,#5460,.T.);
#5460 = LINE('',#5461,#5462);
#5461 = CARTESIAN_POINT('',(7.82,2.,16.87));
#5462 = VECTOR('',#5463,1.);
#5463 = DIRECTION('',(0.,0.,1.));
#5464 = PLANE('',#5465);
#5465 = AXIS2_PLACEMENT_3D('',#5466,#5467,#5468);
#5466 = CARTESIAN_POINT('',(7.82,-3.,16.87));
#5467 = DIRECTION('',(1.,0.,0.));
#5468 = DIRECTION('',(0.,0.,1.));
#5469 = ADVANCED_FACE('',(#5470),#5488,.F.);
#5470 = FACE_BOUND('',#5471,.F.);
#5471 = EDGE_LOOP('',(#5472,#5480,#5481,#5482));
#5472 = ORIENTED_EDGE('',*,*,#5473,.F.);
#5473 = EDGE_CURVE('',#4919,#5474,#5476,.T.);
#5474 = VERTEX_POINT('',#5475);
#5475 = CARTESIAN_POINT('',(7.18,2.,16.87));
#5476 = LINE('',#5477,#5478);
#5477 = CARTESIAN_POINT('',(7.18,-3.,16.87));
#5478 = VECTOR('',#5479,1.);
#5479 = DIRECTION('',(0.,1.,0.));
#5480 = ORIENTED_EDGE('',*,*,#4926,.T.);
#5481 = ORIENTED_EDGE('',*,*,#5451,.T.);
#5482 = ORIENTED_EDGE('',*,*,#5483,.F.);
#5483 = EDGE_CURVE('',#5474,#5452,#5484,.T.);
#5484 = LINE('',#5485,#5486);
#5485 = CARTESIAN_POINT('',(7.18,2.,16.87));
#5486 = VECTOR('',#5487,1.);
#5487 = DIRECTION('',(1.,0.,0.));
#5488 = PLANE('',#5489);
#5489 = AXIS2_PLACEMENT_3D('',#5490,#5491,#5492);
#5490 = CARTESIAN_POINT('',(7.18,-3.,16.87));
#5491 = DIRECTION('',(0.,0.,1.));
#5492 = DIRECTION('',(1.,0.,0.));
#5493 = ADVANCED_FACE('',(#5494),#5505,.F.);
#5494 = FACE_BOUND('',#5495,.F.);
#5495 = EDGE_LOOP('',(#5496,#5497,#5498,#5499));
#5496 = ORIENTED_EDGE('',*,*,#5418,.F.);
#5497 = ORIENTED_EDGE('',*,*,#4918,.T.);
#5498 = ORIENTED_EDGE('',*,*,#5473,.T.);
#5499 = ORIENTED_EDGE('',*,*,#5500,.T.);
#5500 = EDGE_CURVE('',#5474,#5419,#5501,.T.);
#5501 = LINE('',#5502,#5503);
#5502 = CARTESIAN_POINT('',(7.18,2.,16.87));
#5503 = VECTOR('',#5504,1.);
#5504 = DIRECTION('',(0.,0.,1.));
#5505 = PLANE('',#5506);
#5506 = AXIS2_PLACEMENT_3D('',#5507,#5508,#5509);
#5507 = CARTESIAN_POINT('',(7.18,-3.,16.87));
#5508 = DIRECTION('',(1.,0.,0.));
#5509 = DIRECTION('',(0.,0.,1.));
#5510 = ADVANCED_FACE('',(#5511),#5536,.T.);
#5511 = FACE_BOUND('',#5512,.T.);
#5512 = EDGE_LOOP('',(#5513,#5521,#5522,#5530));
#5513 = ORIENTED_EDGE('',*,*,#5514,.F.);
#5514 = EDGE_CURVE('',#4943,#5515,#5517,.T.);
#5515 = VERTEX_POINT('',#5516);
#5516 = CARTESIAN_POINT('',(7.18,2.,20.05));
#5517 = LINE('',#5518,#5519);
#5518 = CARTESIAN_POINT('',(7.18,-3.,20.05));
#5519 = VECTOR('',#5520,1.);
#5520 = DIRECTION('',(0.,1.,0.));
#5521 = ORIENTED_EDGE('',*,*,#4942,.T.);
#5522 = ORIENTED_EDGE('',*,*,#5523,.T.);
#5523 = EDGE_CURVE('',#4945,#5524,#5526,.T.);
#5524 = VERTEX_POINT('',#5525);
#5525 = CARTESIAN_POINT('',(7.82,2.,20.05));
#5526 = LINE('',#5527,#5528);
#5527 = CARTESIAN_POINT('',(7.82,-3.,20.05));
#5528 = VECTOR('',#5529,1.);
#5529 = DIRECTION('',(0.,1.,0.));
#5530 = ORIENTED_EDGE('',*,*,#5531,.F.);
#5531 = EDGE_CURVE('',#5515,#5524,#5532,.T.);
#5532 = LINE('',#5533,#5534);
#5533 = CARTESIAN_POINT('',(7.18,2.,20.05));
#5534 = VECTOR('',#5535,1.);
#5535 = DIRECTION('',(1.,0.,0.));
#5536 = PLANE('',#5537);
#5537 = AXIS2_PLACEMENT_3D('',#5538,#5539,#5540);
#5538 = CARTESIAN_POINT('',(7.18,-3.,20.05));
#5539 = DIRECTION('',(0.,0.,1.));
#5540 = DIRECTION('',(1.,0.,0.));
#5541 = ADVANCED_FACE('',(#5542),#5560,.T.);
#5542 = FACE_BOUND('',#5543,.T.);
#5543 = EDGE_LOOP('',(#5544,#5545,#5546,#5554));
#5544 = ORIENTED_EDGE('',*,*,#5523,.F.);
#5545 = ORIENTED_EDGE('',*,*,#4968,.T.);
#5546 = ORIENTED_EDGE('',*,*,#5547,.T.);
#5547 = EDGE_CURVE('',#4961,#5548,#5550,.T.);
#5548 = VERTEX_POINT('',#5549);
#5549 = CARTESIAN_POINT('',(7.82,2.,19.41));
#5550 = LINE('',#5551,#5552);
#5551 = CARTESIAN_POINT('',(7.82,-3.,19.41));
#5552 = VECTOR('',#5553,1.);
#5553 = DIRECTION('',(0.,1.,0.));
#5554 = ORIENTED_EDGE('',*,*,#5555,.T.);
#5555 = EDGE_CURVE('',#5548,#5524,#5556,.T.);
#5556 = LINE('',#5557,#5558);
#5557 = CARTESIAN_POINT('',(7.82,2.,19.41));
#5558 = VECTOR('',#5559,1.);
#5559 = DIRECTION('',(0.,0.,1.));
#5560 = PLANE('',#5561);
#5561 = AXIS2_PLACEMENT_3D('',#5562,#5563,#5564);
#5562 = CARTESIAN_POINT('',(7.82,-3.,19.41));
#5563 = DIRECTION('',(1.,0.,0.));
#5564 = DIRECTION('',(0.,0.,1.));
#5565 = ADVANCED_FACE('',(#5566),#5584,.F.);
#5566 = FACE_BOUND('',#5567,.F.);
#5567 = EDGE_LOOP('',(#5568,#5576,#5577,#5578));
#5568 = ORIENTED_EDGE('',*,*,#5569,.F.);
#5569 = EDGE_CURVE('',#4953,#5570,#5572,.T.);
#5570 = VERTEX_POINT('',#5571);
#5571 = CARTESIAN_POINT('',(7.18,2.,19.41));
#5572 = LINE('',#5573,#5574);
#5573 = CARTESIAN_POINT('',(7.18,-3.,19.41));
#5574 = VECTOR('',#5575,1.);
#5575 = DIRECTION('',(0.,1.,0.));
#5576 = ORIENTED_EDGE('',*,*,#4960,.T.);
#5577 = ORIENTED_EDGE('',*,*,#5547,.T.);
#5578 = ORIENTED_EDGE('',*,*,#5579,.F.);
#5579 = EDGE_CURVE('',#5570,#5548,#5580,.T.);
#5580 = LINE('',#5581,#5582);
#5581 = CARTESIAN_POINT('',(7.18,2.,19.41));
#5582 = VECTOR('',#5583,1.);
#5583 = DIRECTION('',(1.,0.,0.));
#5584 = PLANE('',#5585);
#5585 = AXIS2_PLACEMENT_3D('',#5586,#5587,#5588);
#5586 = CARTESIAN_POINT('',(7.18,-3.,19.41));
#5587 = DIRECTION('',(0.,0.,1.));
#5588 = DIRECTION('',(1.,0.,0.));
#5589 = ADVANCED_FACE('',(#5590),#5601,.F.);
#5590 = FACE_BOUND('',#5591,.F.);
#5591 = EDGE_LOOP('',(#5592,#5593,#5594,#5595));
#5592 = ORIENTED_EDGE('',*,*,#5514,.F.);
#5593 = ORIENTED_EDGE('',*,*,#4952,.T.);
#5594 = ORIENTED_EDGE('',*,*,#5569,.T.);
#5595 = ORIENTED_EDGE('',*,*,#5596,.T.);
#5596 = EDGE_CURVE('',#5570,#5515,#5597,.T.);
#5597 = LINE('',#5598,#5599);
#5598 = CARTESIAN_POINT('',(7.18,2.,19.41));
#5599 = VECTOR('',#5600,1.);
#5600 = DIRECTION('',(0.,0.,1.));
#5601 = PLANE('',#5602);
#5602 = AXIS2_PLACEMENT_3D('',#5603,#5604,#5605);
#5603 = CARTESIAN_POINT('',(7.18,-3.,19.41));
#5604 = DIRECTION('',(1.,0.,0.));
#5605 = DIRECTION('',(0.,0.,1.));
#5606 = ADVANCED_FACE('',(#5607),#5632,.T.);
#5607 = FACE_BOUND('',#5608,.T.);
#5608 = EDGE_LOOP('',(#5609,#5617,#5618,#5626));
#5609 = ORIENTED_EDGE('',*,*,#5610,.F.);
#5610 = EDGE_CURVE('',#4977,#5611,#5613,.T.);
#5611 = VERTEX_POINT('',#5612);
#5612 = CARTESIAN_POINT('',(7.18,2.,22.59));
#5613 = LINE('',#5614,#5615);
#5614 = CARTESIAN_POINT('',(7.18,-3.,22.59));
#5615 = VECTOR('',#5616,1.);
#5616 = DIRECTION('',(0.,1.,0.));
#5617 = ORIENTED_EDGE('',*,*,#4976,.T.);
#5618 = ORIENTED_EDGE('',*,*,#5619,.T.);
#5619 = EDGE_CURVE('',#4979,#5620,#5622,.T.);
#5620 = VERTEX_POINT('',#5621);
#5621 = CARTESIAN_POINT('',(7.82,2.,22.59));
#5622 = LINE('',#5623,#5624);
#5623 = CARTESIAN_POINT('',(7.82,-3.,22.59));
#5624 = VECTOR('',#5625,1.);
#5625 = DIRECTION('',(0.,1.,0.));
#5626 = ORIENTED_EDGE('',*,*,#5627,.F.);
#5627 = EDGE_CURVE('',#5611,#5620,#5628,.T.);
#5628 = LINE('',#5629,#5630);
#5629 = CARTESIAN_POINT('',(7.18,2.,22.59));
#5630 = VECTOR('',#5631,1.);
#5631 = DIRECTION('',(1.,0.,0.));
#5632 = PLANE('',#5633);
#5633 = AXIS2_PLACEMENT_3D('',#5634,#5635,#5636);
#5634 = CARTESIAN_POINT('',(7.18,-3.,22.59));
#5635 = DIRECTION('',(0.,0.,1.));
#5636 = DIRECTION('',(1.,0.,0.));
#5637 = ADVANCED_FACE('',(#5638),#5656,.T.);
#5638 = FACE_BOUND('',#5639,.T.);
#5639 = EDGE_LOOP('',(#5640,#5641,#5642,#5650));
#5640 = ORIENTED_EDGE('',*,*,#5619,.F.);
#5641 = ORIENTED_EDGE('',*,*,#5002,.T.);
#5642 = ORIENTED_EDGE('',*,*,#5643,.T.);
#5643 = EDGE_CURVE('',#4995,#5644,#5646,.T.);
#5644 = VERTEX_POINT('',#5645);
#5645 = CARTESIAN_POINT('',(7.82,2.,21.95));
#5646 = LINE('',#5647,#5648);
#5647 = CARTESIAN_POINT('',(7.82,-3.,21.95));
#5648 = VECTOR('',#5649,1.);
#5649 = DIRECTION('',(0.,1.,0.));
#5650 = ORIENTED_EDGE('',*,*,#5651,.T.);
#5651 = EDGE_CURVE('',#5644,#5620,#5652,.T.);
#5652 = LINE('',#5653,#5654);
#5653 = CARTESIAN_POINT('',(7.82,2.,21.95));
#5654 = VECTOR('',#5655,1.);
#5655 = DIRECTION('',(0.,0.,1.));
#5656 = PLANE('',#5657);
#5657 = AXIS2_PLACEMENT_3D('',#5658,#5659,#5660);
#5658 = CARTESIAN_POINT('',(7.82,-3.,21.95));
#5659 = DIRECTION('',(1.,0.,0.));
#5660 = DIRECTION('',(0.,0.,1.));
#5661 = ADVANCED_FACE('',(#5662),#5680,.F.);
#5662 = FACE_BOUND('',#5663,.F.);
#5663 = EDGE_LOOP('',(#5664,#5672,#5673,#5674));
#5664 = ORIENTED_EDGE('',*,*,#5665,.F.);
#5665 = EDGE_CURVE('',#4987,#5666,#5668,.T.);
#5666 = VERTEX_POINT('',#5667);
#5667 = CARTESIAN_POINT('',(7.18,2.,21.95));
#5668 = LINE('',#5669,#5670);
#5669 = CARTESIAN_POINT('',(7.18,-3.,21.95));
#5670 = VECTOR('',#5671,1.);
#5671 = DIRECTION('',(0.,1.,0.));
#5672 = ORIENTED_EDGE('',*,*,#4994,.T.);
#5673 = ORIENTED_EDGE('',*,*,#5643,.T.);
#5674 = ORIENTED_EDGE('',*,*,#5675,.F.);
#5675 = EDGE_CURVE('',#5666,#5644,#5676,.T.);
#5676 = LINE('',#5677,#5678);
#5677 = CARTESIAN_POINT('',(7.18,2.,21.95));
#5678 = VECTOR('',#5679,1.);
#5679 = DIRECTION('',(1.,0.,0.));
#5680 = PLANE('',#5681);
#5681 = AXIS2_PLACEMENT_3D('',#5682,#5683,#5684);
#5682 = CARTESIAN_POINT('',(7.18,-3.,21.95));
#5683 = DIRECTION('',(0.,0.,1.));
#5684 = DIRECTION('',(1.,0.,0.));
#5685 = ADVANCED_FACE('',(#5686),#5697,.F.);
#5686 = FACE_BOUND('',#5687,.F.);
#5687 = EDGE_LOOP('',(#5688,#5689,#5690,#5691));
#5688 = ORIENTED_EDGE('',*,*,#5610,.F.);
#5689 = ORIENTED_EDGE('',*,*,#4986,.T.);
#5690 = ORIENTED_EDGE('',*,*,#5665,.T.);
#5691 = ORIENTED_EDGE('',*,*,#5692,.T.);
#5692 = EDGE_CURVE('',#5666,#5611,#5693,.T.);
#5693 = LINE('',#5694,#5695);
#5694 = CARTESIAN_POINT('',(7.18,2.,21.95));
#5695 = VECTOR('',#5696,1.);
#5696 = DIRECTION('',(0.,0.,1.));
#5697 = PLANE('',#5698);
#5698 = AXIS2_PLACEMENT_3D('',#5699,#5700,#5701);
#5699 = CARTESIAN_POINT('',(7.18,-3.,21.95));
#5700 = DIRECTION('',(1.,0.,0.));
#5701 = DIRECTION('',(0.,0.,1.));
#5702 = ADVANCED_FACE('',(#5703),#5728,.T.);
#5703 = FACE_BOUND('',#5704,.T.);
#5704 = EDGE_LOOP('',(#5705,#5713,#5714,#5722));
#5705 = ORIENTED_EDGE('',*,*,#5706,.F.);
#5706 = EDGE_CURVE('',#5011,#5707,#5709,.T.);
#5707 = VERTEX_POINT('',#5708);
#5708 = CARTESIAN_POINT('',(7.18,2.,25.13));
#5709 = LINE('',#5710,#5711);
#5710 = CARTESIAN_POINT('',(7.18,-3.,25.13));
#5711 = VECTOR('',#5712,1.);
#5712 = DIRECTION('',(0.,1.,0.));
#5713 = ORIENTED_EDGE('',*,*,#5010,.T.);
#5714 = ORIENTED_EDGE('',*,*,#5715,.T.);
#5715 = EDGE_CURVE('',#5013,#5716,#5718,.T.);
#5716 = VERTEX_POINT('',#5717);
#5717 = CARTESIAN_POINT('',(7.82,2.,25.13));
#5718 = LINE('',#5719,#5720);
#5719 = CARTESIAN_POINT('',(7.82,-3.,25.13));
#5720 = VECTOR('',#5721,1.);
#5721 = DIRECTION('',(0.,1.,0.));
#5722 = ORIENTED_EDGE('',*,*,#5723,.F.);
#5723 = EDGE_CURVE('',#5707,#5716,#5724,.T.);
#5724 = LINE('',#5725,#5726);
#5725 = CARTESIAN_POINT('',(7.18,2.,25.13));
#5726 = VECTOR('',#5727,1.);
#5727 = DIRECTION('',(1.,0.,0.));
#5728 = PLANE('',#5729);
#5729 = AXIS2_PLACEMENT_3D('',#5730,#5731,#5732);
#5730 = CARTESIAN_POINT('',(7.18,-3.,25.13));
#5731 = DIRECTION('',(0.,0.,1.));
#5732 = DIRECTION('',(1.,0.,0.));
#5733 = ADVANCED_FACE('',(#5734),#5752,.T.);
#5734 = FACE_BOUND('',#5735,.T.);
#5735 = EDGE_LOOP('',(#5736,#5737,#5738,#5746));
#5736 = ORIENTED_EDGE('',*,*,#5715,.F.);
#5737 = ORIENTED_EDGE('',*,*,#5036,.T.);
#5738 = ORIENTED_EDGE('',*,*,#5739,.T.);
#5739 = EDGE_CURVE('',#5029,#5740,#5742,.T.);
#5740 = VERTEX_POINT('',#5741);
#5741 = CARTESIAN_POINT('',(7.82,2.,24.49));
#5742 = LINE('',#5743,#5744);
#5743 = CARTESIAN_POINT('',(7.82,-3.,24.49));
#5744 = VECTOR('',#5745,1.);
#5745 = DIRECTION('',(0.,1.,0.));
#5746 = ORIENTED_EDGE('',*,*,#5747,.T.);
#5747 = EDGE_CURVE('',#5740,#5716,#5748,.T.);
#5748 = LINE('',#5749,#5750);
#5749 = CARTESIAN_POINT('',(7.82,2.,24.49));
#5750 = VECTOR('',#5751,1.);
#5751 = DIRECTION('',(0.,0.,1.));
#5752 = PLANE('',#5753);
#5753 = AXIS2_PLACEMENT_3D('',#5754,#5755,#5756);
#5754 = CARTESIAN_POINT('',(7.82,-3.,24.49));
#5755 = DIRECTION('',(1.,0.,0.));
#5756 = DIRECTION('',(0.,0.,1.));
#5757 = ADVANCED_FACE('',(#5758),#5776,.F.);
#5758 = FACE_BOUND('',#5759,.F.);
#5759 = EDGE_LOOP('',(#5760,#5768,#5769,#5770));
#5760 = ORIENTED_EDGE('',*,*,#5761,.F.);
#5761 = EDGE_CURVE('',#5021,#5762,#5764,.T.);
#5762 = VERTEX_POINT('',#5763);
#5763 = CARTESIAN_POINT('',(7.18,2.,24.49));
#5764 = LINE('',#5765,#5766);
#5765 = CARTESIAN_POINT('',(7.18,-3.,24.49));
#5766 = VECTOR('',#5767,1.);
#5767 = DIRECTION('',(0.,1.,0.));
#5768 = ORIENTED_EDGE('',*,*,#5028,.T.);
#5769 = ORIENTED_EDGE('',*,*,#5739,.T.);
#5770 = ORIENTED_EDGE('',*,*,#5771,.F.);
#5771 = EDGE_CURVE('',#5762,#5740,#5772,.T.);
#5772 = LINE('',#5773,#5774);
#5773 = CARTESIAN_POINT('',(7.18,2.,24.49));
#5774 = VECTOR('',#5775,1.);
#5775 = DIRECTION('',(1.,0.,0.));
#5776 = PLANE('',#5777);
#5777 = AXIS2_PLACEMENT_3D('',#5778,#5779,#5780);
#5778 = CARTESIAN_POINT('',(7.18,-3.,24.49));
#5779 = DIRECTION('',(0.,0.,1.));
#5780 = DIRECTION('',(1.,0.,0.));
#5781 = ADVANCED_FACE('',(#5782),#5793,.F.);
#5782 = FACE_BOUND('',#5783,.F.);
#5783 = EDGE_LOOP('',(#5784,#5785,#5786,#5787));
#5784 = ORIENTED_EDGE('',*,*,#5706,.F.);
#5785 = ORIENTED_EDGE('',*,*,#5020,.T.);
#5786 = ORIENTED_EDGE('',*,*,#5761,.T.);
#5787 = ORIENTED_EDGE('',*,*,#5788,.T.);
#5788 = EDGE_CURVE('',#5762,#5707,#5789,.T.);
#5789 = LINE('',#5790,#5791);
#5790 = CARTESIAN_POINT('',(7.18,2.,24.49));
#5791 = VECTOR('',#5792,1.);
#5792 = DIRECTION('',(0.,0.,1.));
#5793 = PLANE('',#5794);
#5794 = AXIS2_PLACEMENT_3D('',#5795,#5796,#5797);
#5795 = CARTESIAN_POINT('',(7.18,-3.,24.49));
#5796 = DIRECTION('',(1.,0.,0.));
#5797 = DIRECTION('',(0.,0.,1.));
#5798 = ADVANCED_FACE('',(#5799),#5824,.T.);
#5799 = FACE_BOUND('',#5800,.T.);
#5800 = EDGE_LOOP('',(#5801,#5809,#5810,#5818));
#5801 = ORIENTED_EDGE('',*,*,#5802,.F.);
#5802 = EDGE_CURVE('',#5045,#5803,#5805,.T.);
#5803 = VERTEX_POINT('',#5804);
#5804 = CARTESIAN_POINT('',(7.18,2.,27.67));
#5805 = LINE('',#5806,#5807);
#5806 = CARTESIAN_POINT('',(7.18,-3.,27.67));
#5807 = VECTOR('',#5808,1.);
#5808 = DIRECTION('',(0.,1.,0.));
#5809 = ORIENTED_EDGE('',*,*,#5044,.T.);
#5810 = ORIENTED_EDGE('',*,*,#5811,.T.);
#5811 = EDGE_CURVE('',#5047,#5812,#5814,.T.);
#5812 = VERTEX_POINT('',#5813);
#5813 = CARTESIAN_POINT('',(7.82,2.,27.67));
#5814 = LINE('',#5815,#5816);
#5815 = CARTESIAN_POINT('',(7.82,-3.,27.67));
#5816 = VECTOR('',#5817,1.);
#5817 = DIRECTION('',(0.,1.,0.));
#5818 = ORIENTED_EDGE('',*,*,#5819,.F.);
#5819 = EDGE_CURVE('',#5803,#5812,#5820,.T.);
#5820 = LINE('',#5821,#5822);
#5821 = CARTESIAN_POINT('',(7.18,2.,27.67));
#5822 = VECTOR('',#5823,1.);
#5823 = DIRECTION('',(1.,0.,0.));
#5824 = PLANE('',#5825);
#5825 = AXIS2_PLACEMENT_3D('',#5826,#5827,#5828);
#5826 = CARTESIAN_POINT('',(7.18,-3.,27.67));
#5827 = DIRECTION('',(0.,0.,1.));
#5828 = DIRECTION('',(1.,0.,0.));
#5829 = ADVANCED_FACE('',(#5830),#5848,.T.);
#5830 = FACE_BOUND('',#5831,.T.);
#5831 = EDGE_LOOP('',(#5832,#5833,#5834,#5842));
#5832 = ORIENTED_EDGE('',*,*,#5811,.F.);
#5833 = ORIENTED_EDGE('',*,*,#5070,.T.);
#5834 = ORIENTED_EDGE('',*,*,#5835,.T.);
#5835 = EDGE_CURVE('',#5063,#5836,#5838,.T.);
#5836 = VERTEX_POINT('',#5837);
#5837 = CARTESIAN_POINT('',(7.82,2.,27.03));
#5838 = LINE('',#5839,#5840);
#5839 = CARTESIAN_POINT('',(7.82,-3.,27.03));
#5840 = VECTOR('',#5841,1.);
#5841 = DIRECTION('',(0.,1.,0.));
#5842 = ORIENTED_EDGE('',*,*,#5843,.T.);
#5843 = EDGE_CURVE('',#5836,#5812,#5844,.T.);
#5844 = LINE('',#5845,#5846);
#5845 = CARTESIAN_POINT('',(7.82,2.,27.03));
#5846 = VECTOR('',#5847,1.);
#5847 = DIRECTION('',(0.,0.,1.));
#5848 = PLANE('',#5849);
#5849 = AXIS2_PLACEMENT_3D('',#5850,#5851,#5852);
#5850 = CARTESIAN_POINT('',(7.82,-3.,27.03));
#5851 = DIRECTION('',(1.,0.,0.));
#5852 = DIRECTION('',(0.,0.,1.));
#5853 = ADVANCED_FACE('',(#5854),#5872,.F.);
#5854 = FACE_BOUND('',#5855,.F.);
#5855 = EDGE_LOOP('',(#5856,#5864,#5865,#5866));
#5856 = ORIENTED_EDGE('',*,*,#5857,.F.);
#5857 = EDGE_CURVE('',#5055,#5858,#5860,.T.);
#5858 = VERTEX_POINT('',#5859);
#5859 = CARTESIAN_POINT('',(7.18,2.,27.03));
#5860 = LINE('',#5861,#5862);
#5861 = CARTESIAN_POINT('',(7.18,-3.,27.03));
#5862 = VECTOR('',#5863,1.);
#5863 = DIRECTION('',(0.,1.,0.));
#5864 = ORIENTED_EDGE('',*,*,#5062,.T.);
#5865 = ORIENTED_EDGE('',*,*,#5835,.T.);
#5866 = ORIENTED_EDGE('',*,*,#5867,.F.);
#5867 = EDGE_CURVE('',#5858,#5836,#5868,.T.);
#5868 = LINE('',#5869,#5870);
#5869 = CARTESIAN_POINT('',(7.18,2.,27.03));
#5870 = VECTOR('',#5871,1.);
#5871 = DIRECTION('',(1.,0.,0.));
#5872 = PLANE('',#5873);
#5873 = AXIS2_PLACEMENT_3D('',#5874,#5875,#5876);
#5874 = CARTESIAN_POINT('',(7.18,-3.,27.03));
#5875 = DIRECTION('',(0.,0.,1.));
#5876 = DIRECTION('',(1.,0.,0.));
#5877 = ADVANCED_FACE('',(#5878),#5889,.F.);
#5878 = FACE_BOUND('',#5879,.F.);
#5879 = EDGE_LOOP('',(#5880,#5881,#5882,#5883));
#5880 = ORIENTED_EDGE('',*,*,#5802,.F.);
#5881 = ORIENTED_EDGE('',*,*,#5054,.T.);
#5882 = ORIENTED_EDGE('',*,*,#5857,.T.);
#5883 = ORIENTED_EDGE('',*,*,#5884,.T.);
#5884 = EDGE_CURVE('',#5858,#5803,#5885,.T.);
#5885 = LINE('',#5886,#5887);
#5886 = CARTESIAN_POINT('',(7.18,2.,27.03));
#5887 = VECTOR('',#5888,1.);
#5888 = DIRECTION('',(0.,0.,1.));
#5889 = PLANE('',#5890);
#5890 = AXIS2_PLACEMENT_3D('',#5891,#5892,#5893);
#5891 = CARTESIAN_POINT('',(7.18,-3.,27.03));
#5892 = DIRECTION('',(1.,0.,0.));
#5893 = DIRECTION('',(0.,0.,1.));
#5894 = ADVANCED_FACE('',(#5895),#5920,.T.);
#5895 = FACE_BOUND('',#5896,.T.);
#5896 = EDGE_LOOP('',(#5897,#5905,#5906,#5914));
#5897 = ORIENTED_EDGE('',*,*,#5898,.F.);
#5898 = EDGE_CURVE('',#5079,#5899,#5901,.T.);
#5899 = VERTEX_POINT('',#5900);
#5900 = CARTESIAN_POINT('',(7.18,2.,30.21));
#5901 = LINE('',#5902,#5903);
#5902 = CARTESIAN_POINT('',(7.18,-3.,30.21));
#5903 = VECTOR('',#5904,1.);
#5904 = DIRECTION('',(0.,1.,0.));
#5905 = ORIENTED_EDGE('',*,*,#5078,.T.);
#5906 = ORIENTED_EDGE('',*,*,#5907,.T.);
#5907 = EDGE_CURVE('',#5081,#5908,#5910,.T.);
#5908 = VERTEX_POINT('',#5909);
#5909 = CARTESIAN_POINT('',(7.82,2.,30.21));
#5910 = LINE('',#5911,#5912);
#5911 = CARTESIAN_POINT('',(7.82,-3.,30.21));
#5912 = VECTOR('',#5913,1.);
#5913 = DIRECTION('',(0.,1.,0.));
#5914 = ORIENTED_EDGE('',*,*,#5915,.F.);
#5915 = EDGE_CURVE('',#5899,#5908,#5916,.T.);
#5916 = LINE('',#5917,#5918);
#5917 = CARTESIAN_POINT('',(7.18,2.,30.21));
#5918 = VECTOR('',#5919,1.);
#5919 = DIRECTION('',(1.,0.,0.));
#5920 = PLANE('',#5921);
#5921 = AXIS2_PLACEMENT_3D('',#5922,#5923,#5924);
#5922 = CARTESIAN_POINT('',(7.18,-3.,30.21));
#5923 = DIRECTION('',(0.,0.,1.));
#5924 = DIRECTION('',(1.,0.,0.));
#5925 = ADVANCED_FACE('',(#5926),#5944,.T.);
#5926 = FACE_BOUND('',#5927,.T.);
#5927 = EDGE_LOOP('',(#5928,#5929,#5930,#5938));
#5928 = ORIENTED_EDGE('',*,*,#5907,.F.);
#5929 = ORIENTED_EDGE('',*,*,#5104,.T.);
#5930 = ORIENTED_EDGE('',*,*,#5931,.T.);
#5931 = EDGE_CURVE('',#5097,#5932,#5934,.T.);
#5932 = VERTEX_POINT('',#5933);
#5933 = CARTESIAN_POINT('',(7.82,2.,29.57));
#5934 = LINE('',#5935,#5936);
#5935 = CARTESIAN_POINT('',(7.82,-3.,29.57));
#5936 = VECTOR('',#5937,1.);
#5937 = DIRECTION('',(0.,1.,0.));
#5938 = ORIENTED_EDGE('',*,*,#5939,.T.);
#5939 = EDGE_CURVE('',#5932,#5908,#5940,.T.);
#5940 = LINE('',#5941,#5942);
#5941 = CARTESIAN_POINT('',(7.82,2.,29.57));
#5942 = VECTOR('',#5943,1.);
#5943 = DIRECTION('',(0.,0.,1.));
#5944 = PLANE('',#5945);
#5945 = AXIS2_PLACEMENT_3D('',#5946,#5947,#5948);
#5946 = CARTESIAN_POINT('',(7.82,-3.,29.57));
#5947 = DIRECTION('',(1.,0.,0.));
#5948 = DIRECTION('',(0.,0.,1.));
#5949 = ADVANCED_FACE('',(#5950),#5968,.F.);
#5950 = FACE_BOUND('',#5951,.F.);
#5951 = EDGE_LOOP('',(#5952,#5960,#5961,#5962));
#5952 = ORIENTED_EDGE('',*,*,#5953,.F.);
#5953 = EDGE_CURVE('',#5089,#5954,#5956,.T.);
#5954 = VERTEX_POINT('',#5955);
#5955 = CARTESIAN_POINT('',(7.18,2.,29.57));
#5956 = LINE('',#5957,#5958);
#5957 = CARTESIAN_POINT('',(7.18,-3.,29.57));
#5958 = VECTOR('',#5959,1.);
#5959 = DIRECTION('',(0.,1.,0.));
#5960 = ORIENTED_EDGE('',*,*,#5096,.T.);
#5961 = ORIENTED_EDGE('',*,*,#5931,.T.);
#5962 = ORIENTED_EDGE('',*,*,#5963,.F.);
#5963 = EDGE_CURVE('',#5954,#5932,#5964,.T.);
#5964 = LINE('',#5965,#5966);
#5965 = CARTESIAN_POINT('',(7.18,2.,29.57));
#5966 = VECTOR('',#5967,1.);
#5967 = DIRECTION('',(1.,0.,0.));
#5968 = PLANE('',#5969);
#5969 = AXIS2_PLACEMENT_3D('',#5970,#5971,#5972);
#5970 = CARTESIAN_POINT('',(7.18,-3.,29.57));
#5971 = DIRECTION('',(0.,0.,1.));
#5972 = DIRECTION('',(1.,0.,0.));
#5973 = ADVANCED_FACE('',(#5974),#5985,.F.);
#5974 = FACE_BOUND('',#5975,.F.);
#5975 = EDGE_LOOP('',(#5976,#5977,#5978,#5979));
#5976 = ORIENTED_EDGE('',*,*,#5898,.F.);
#5977 = ORIENTED_EDGE('',*,*,#5088,.T.);
#5978 = ORIENTED_EDGE('',*,*,#5953,.T.);
#5979 = ORIENTED_EDGE('',*,*,#5980,.T.);
#5980 = EDGE_CURVE('',#5954,#5899,#5981,.T.);
#5981 = LINE('',#5982,#5983);
#5982 = CARTESIAN_POINT('',(7.18,2.,29.57));
#5983 = VECTOR('',#5984,1.);
#5984 = DIRECTION('',(0.,0.,1.));
#5985 = PLANE('',#5986);
#5986 = AXIS2_PLACEMENT_3D('',#5987,#5988,#5989);
#5987 = CARTESIAN_POINT('',(7.18,-3.,29.57));
#5988 = DIRECTION('',(1.,0.,0.));
#5989 = DIRECTION('',(0.,0.,1.));
#5990 = ADVANCED_FACE('',(#5991),#5997,.T.);
#5991 = FACE_BOUND('',#5992,.T.);
#5992 = EDGE_LOOP('',(#5993,#5994,#5995,#5996));
#5993 = ORIENTED_EDGE('',*,*,#5291,.F.);
#5994 = ORIENTED_EDGE('',*,*,#5308,.T.);
#5995 = ORIENTED_EDGE('',*,*,#5243,.T.);
#5996 = ORIENTED_EDGE('',*,*,#5267,.F.);
#5997 = PLANE('',#5998);
#5998 = AXIS2_PLACEMENT_3D('',#5999,#6000,#6001);
#5999 = CARTESIAN_POINT('',(7.18,2.,11.79));
#6000 = DIRECTION('',(0.,1.,0.));
#6001 = DIRECTION('',(0.,0.,1.));
#6002 = ADVANCED_FACE('',(#6003),#6009,.T.);
#6003 = FACE_BOUND('',#6004,.T.);
#6004 = EDGE_LOOP('',(#6005,#6006,#6007,#6008));
#6005 = ORIENTED_EDGE('',*,*,#5387,.F.);
#6006 = ORIENTED_EDGE('',*,*,#5404,.T.);
#6007 = ORIENTED_EDGE('',*,*,#5339,.T.);
#6008 = ORIENTED_EDGE('',*,*,#5363,.F.);
#6009 = PLANE('',#6010);
#6010 = AXIS2_PLACEMENT_3D('',#6011,#6012,#6013);
#6011 = CARTESIAN_POINT('',(7.18,2.,14.33));
#6012 = DIRECTION('',(0.,1.,0.));
#6013 = DIRECTION('',(0.,0.,1.));
#6014 = ADVANCED_FACE('',(#6015),#6021,.T.);
#6015 = FACE_BOUND('',#6016,.T.);
#6016 = EDGE_LOOP('',(#6017,#6018,#6019,#6020));
#6017 = ORIENTED_EDGE('',*,*,#5483,.F.);
#6018 = ORIENTED_EDGE('',*,*,#5500,.T.);
#6019 = ORIENTED_EDGE('',*,*,#5435,.T.);
#6020 = ORIENTED_EDGE('',*,*,#5459,.F.);
#6021 = PLANE('',#6022);
#6022 = AXIS2_PLACEMENT_3D('',#6023,#6024,#6025);
#6023 = CARTESIAN_POINT('',(7.18,2.,16.87));
#6024 = DIRECTION('',(0.,1.,0.));
#6025 = DIRECTION('',(0.,0.,1.));
#6026 = ADVANCED_FACE('',(#6027),#6033,.T.);
#6027 = FACE_BOUND('',#6028,.T.);
#6028 = EDGE_LOOP('',(#6029,#6030,#6031,#6032));
#6029 = ORIENTED_EDGE('',*,*,#5579,.F.);
#6030 = ORIENTED_EDGE('',*,*,#5596,.T.);
#6031 = ORIENTED_EDGE('',*,*,#5531,.T.);
#6032 = ORIENTED_EDGE('',*,*,#5555,.F.);
#6033 = PLANE('',#6034);
#6034 = AXIS2_PLACEMENT_3D('',#6035,#6036,#6037);
#6035 = CARTESIAN_POINT('',(7.18,2.,19.41));
#6036 = DIRECTION('',(0.,1.,0.));
#6037 = DIRECTION('',(0.,0.,1.));
#6038 = ADVANCED_FACE('',(#6039),#6045,.T.);
#6039 = FACE_BOUND('',#6040,.T.);
#6040 = EDGE_LOOP('',(#6041,#6042,#6043,#6044));
#6041 = ORIENTED_EDGE('',*,*,#5675,.F.);
#6042 = ORIENTED_EDGE('',*,*,#5692,.T.);
#6043 = ORIENTED_EDGE('',*,*,#5627,.T.);
#6044 = ORIENTED_EDGE('',*,*,#5651,.F.);
#6045 = PLANE('',#6046);
#6046 = AXIS2_PLACEMENT_3D('',#6047,#6048,#6049);
#6047 = CARTESIAN_POINT('',(7.18,2.,21.95));
#6048 = DIRECTION('',(0.,1.,0.));
#6049 = DIRECTION('',(0.,0.,1.));
#6050 = ADVANCED_FACE('',(#6051),#6057,.T.);
#6051 = FACE_BOUND('',#6052,.T.);
#6052 = EDGE_LOOP('',(#6053,#6054,#6055,#6056));
#6053 = ORIENTED_EDGE('',*,*,#5771,.F.);
#6054 = ORIENTED_EDGE('',*,*,#5788,.T.);
#6055 = ORIENTED_EDGE('',*,*,#5723,.T.);
#6056 = ORIENTED_EDGE('',*,*,#5747,.F.);
#6057 = PLANE('',#6058);
#6058 = AXIS2_PLACEMENT_3D('',#6059,#6060,#6061);
#6059 = CARTESIAN_POINT('',(7.18,2.,24.49));
#6060 = DIRECTION('',(0.,1.,0.));
#6061 = DIRECTION('',(0.,0.,1.));
#6062 = ADVANCED_FACE('',(#6063),#6069,.T.);
#6063 = FACE_BOUND('',#6064,.T.);
#6064 = EDGE_LOOP('',(#6065,#6066,#6067,#6068));
#6065 = ORIENTED_EDGE('',*,*,#5867,.F.);
#6066 = ORIENTED_EDGE('',*,*,#5884,.T.);
#6067 = ORIENTED_EDGE('',*,*,#5819,.T.);
#6068 = ORIENTED_EDGE('',*,*,#5843,.F.);
#6069 = PLANE('',#6070);
#6070 = AXIS2_PLACEMENT_3D('',#6071,#6072,#6073);
#6071 = CARTESIAN_POINT('',(7.18,2.,27.03));
#6072 = DIRECTION('',(0.,1.,0.));
#6073 = DIRECTION('',(0.,0.,1.));
#6074 = ADVANCED_FACE('',(#6075),#6081,.T.);
#6075 = FACE_BOUND('',#6076,.T.);
#6076 = EDGE_LOOP('',(#6077,#6078,#6079,#6080));
#6077 = ORIENTED_EDGE('',*,*,#5963,.F.);
#6078 = ORIENTED_EDGE('',*,*,#5980,.T.);
#6079 = ORIENTED_EDGE('',*,*,#5915,.T.);
#6080 = ORIENTED_EDGE('',*,*,#5939,.F.);
#6081 = PLANE('',#6082);
#6082 = AXIS2_PLACEMENT_3D('',#6083,#6084,#6085);
#6083 = CARTESIAN_POINT('',(7.18,2.,29.57));
#6084 = DIRECTION('',(0.,1.,0.));
#6085 = DIRECTION('',(0.,0.,1.));
#6086 = MANIFOLD_SOLID_BREP('',#6087);
#6087 = CLOSED_SHELL('',(#6088,#6130,#6163,#6198,#6223,#6352,#6369,#6381
    ,#6412,#6436,#6460,#6477,#6508,#6532,#6556,#6573,#6604,#6628,#6652,
    #6669,#6681,#6693));
#6088 = ADVANCED_FACE('',(#6089),#6125,.T.);
#6089 = FACE_BOUND('',#6090,.T.);
#6090 = EDGE_LOOP('',(#6091,#6101,#6110,#6118));
#6091 = ORIENTED_EDGE('',*,*,#6092,.T.);
#6092 = EDGE_CURVE('',#6093,#6095,#6097,.T.);
#6093 = VERTEX_POINT('',#6094);
#6094 = CARTESIAN_POINT('',(-1.714505518806E-15,-2.5,29.));
#6095 = VERTEX_POINT('',#6096);
#6096 = CARTESIAN_POINT('',(-1.714505518806E-15,-3.7,29.));
#6097 = LINE('',#6098,#6099);
#6098 = CARTESIAN_POINT('',(-1.714505518806E-15,-2.5,29.));
#6099 = VECTOR('',#6100,1.);
#6100 = DIRECTION('',(0.,-1.,0.));
#6101 = ORIENTED_EDGE('',*,*,#6102,.F.);
#6102 = EDGE_CURVE('',#6103,#6095,#6105,.T.);
#6103 = VERTEX_POINT('',#6104);
#6104 = CARTESIAN_POINT('',(-6.954285714286,-3.7,35.201307190416));
#6105 = CIRCLE('',#6106,7.);
#6106 = AXIS2_PLACEMENT_3D('',#6107,#6108,#6109);
#6107 = CARTESIAN_POINT('',(0.,-3.7,36.));
#6108 = DIRECTION('',(0.,-1.,0.));
#6109 = DIRECTION('',(0.,0.,-1.));
#6110 = ORIENTED_EDGE('',*,*,#6111,.F.);
#6111 = EDGE_CURVE('',#6112,#6103,#6114,.T.);
#6112 = VERTEX_POINT('',#6113);
#6113 = CARTESIAN_POINT('',(-6.954285714286,-2.5,35.201307190416));
#6114 = LINE('',#6115,#6116);
#6115 = CARTESIAN_POINT('',(-6.954285714286,-2.5,35.201307190416));
#6116 = VECTOR('',#6117,1.);
#6117 = DIRECTION('',(0.,-1.,0.));
#6118 = ORIENTED_EDGE('',*,*,#6119,.T.);
#6119 = EDGE_CURVE('',#6112,#6093,#6120,.T.);
#6120 = CIRCLE('',#6121,7.);
#6121 = AXIS2_PLACEMENT_3D('',#6122,#6123,#6124);
#6122 = CARTESIAN_POINT('',(0.,-2.5,36.));
#6123 = DIRECTION('',(0.,-1.,0.));
#6124 = DIRECTION('',(0.,0.,-1.));
#6125 = CYLINDRICAL_SURFACE('',#6126,7.);
#6126 = AXIS2_PLACEMENT_3D('',#6127,#6128,#6129);
#6127 = CARTESIAN_POINT('',(0.,-2.5,36.));
#6128 = DIRECTION('',(0.,-1.,0.));
#6129 = DIRECTION('',(0.,0.,-1.));
#6130 = ADVANCED_FACE('',(#6131),#6158,.T.);
#6131 = FACE_BOUND('',#6132,.T.);
#6132 = EDGE_LOOP('',(#6133,#6142,#6143,#6152));
#6133 = ORIENTED_EDGE('',*,*,#6134,.F.);
#6134 = EDGE_CURVE('',#6095,#6135,#6137,.T.);
#6135 = VERTEX_POINT('',#6136);
#6136 = CARTESIAN_POINT('',(6.954285714286,-3.7,35.201307190416));
#6137 = CIRCLE('',#6138,7.);
#6138 = AXIS2_PLACEMENT_3D('',#6139,#6140,#6141);
#6139 = CARTESIAN_POINT('',(0.,-3.7,36.));
#6140 = DIRECTION('',(0.,-1.,0.));
#6141 = DIRECTION('',(0.,0.,-1.));
#6142 = ORIENTED_EDGE('',*,*,#6092,.F.);
#6143 = ORIENTED_EDGE('',*,*,#6144,.T.);
#6144 = EDGE_CURVE('',#6093,#6145,#6147,.T.);
#6145 = VERTEX_POINT('',#6146);
#6146 = CARTESIAN_POINT('',(6.954285714286,-2.5,35.201307190416));
#6147 = CIRCLE('',#6148,7.);
#6148 = AXIS2_PLACEMENT_3D('',#6149,#6150,#6151);
#6149 = CARTESIAN_POINT('',(0.,-2.5,36.));
#6150 = DIRECTION('',(0.,-1.,0.));
#6151 = DIRECTION('',(0.,0.,-1.));
#6152 = ORIENTED_EDGE('',*,*,#6153,.T.);
#6153 = EDGE_CURVE('',#6145,#6135,#6154,.T.);
#6154 = LINE('',#6155,#6156);
#6155 = CARTESIAN_POINT('',(6.954285714286,-2.5,35.201307190416));
#6156 = VECTOR('',#6157,1.);
#6157 = DIRECTION('',(0.,-1.,0.));
#6158 = CYLINDRICAL_SURFACE('',#6159,7.);
#6159 = AXIS2_PLACEMENT_3D('',#6160,#6161,#6162);
#6160 = CARTESIAN_POINT('',(0.,-2.5,36.));
#6161 = DIRECTION('',(0.,-1.,0.));
#6162 = DIRECTION('',(0.,0.,-1.));
#6163 = ADVANCED_FACE('',(#6164),#6193,.F.);
#6164 = FACE_BOUND('',#6165,.F.);
#6165 = EDGE_LOOP('',(#6166,#6175,#6176,#6177,#6186));
#6166 = ORIENTED_EDGE('',*,*,#6167,.F.);
#6167 = EDGE_CURVE('',#6112,#6168,#6170,.T.);
#6168 = VERTEX_POINT('',#6169);
#6169 = CARTESIAN_POINT('',(-6.954285714286,-2.5,36.798692809584));
#6170 = CIRCLE('',#6171,0.8);
#6171 = AXIS2_PLACEMENT_3D('',#6172,#6173,#6174);
#6172 = CARTESIAN_POINT('',(-7.,-2.5,36.));
#6173 = DIRECTION('',(0.,-1.,0.));
#6174 = DIRECTION('',(0.,0.,-1.));
#6175 = ORIENTED_EDGE('',*,*,#6119,.T.);
#6176 = ORIENTED_EDGE('',*,*,#6144,.T.);
#6177 = ORIENTED_EDGE('',*,*,#6178,.F.);
#6178 = EDGE_CURVE('',#6179,#6145,#6181,.T.);
#6179 = VERTEX_POINT('',#6180);
#6180 = CARTESIAN_POINT('',(6.954285714286,-2.5,36.798692809584));
#6181 = CIRCLE('',#6182,0.8);
#6182 = AXIS2_PLACEMENT_3D('',#6183,#6184,#6185);
#6183 = CARTESIAN_POINT('',(7.,-2.5,36.));
#6184 = DIRECTION('',(0.,-1.,0.));
#6185 = DIRECTION('',(0.,0.,-1.));
#6186 = ORIENTED_EDGE('',*,*,#6187,.T.);
#6187 = EDGE_CURVE('',#6179,#6168,#6188,.T.);
#6188 = CIRCLE('',#6189,7.);
#6189 = AXIS2_PLACEMENT_3D('',#6190,#6191,#6192);
#6190 = CARTESIAN_POINT('',(0.,-2.5,36.));
#6191 = DIRECTION('',(0.,-1.,0.));
#6192 = DIRECTION('',(0.,0.,-1.));
#6193 = PLANE('',#6194);
#6194 = AXIS2_PLACEMENT_3D('',#6195,#6196,#6197);
#6195 = CARTESIAN_POINT('',(0.,-2.5,36.));
#6196 = DIRECTION('',(0.,-1.,0.));
#6197 = DIRECTION('',(0.,0.,-1.));
#6198 = ADVANCED_FACE('',(#6199),#6218,.F.);
#6199 = FACE_BOUND('',#6200,.F.);
#6200 = EDGE_LOOP('',(#6201,#6202,#6203,#6211));
#6201 = ORIENTED_EDGE('',*,*,#6111,.F.);
#6202 = ORIENTED_EDGE('',*,*,#6167,.T.);
#6203 = ORIENTED_EDGE('',*,*,#6204,.T.);
#6204 = EDGE_CURVE('',#6168,#6205,#6207,.T.);
#6205 = VERTEX_POINT('',#6206);
#6206 = CARTESIAN_POINT('',(-6.954285714286,-3.7,36.798692809584));
#6207 = LINE('',#6208,#6209);
#6208 = CARTESIAN_POINT('',(-6.954285714286,-2.5,36.798692809584));
#6209 = VECTOR('',#6210,1.);
#6210 = DIRECTION('',(0.,-1.,0.));
#6211 = ORIENTED_EDGE('',*,*,#6212,.F.);
#6212 = EDGE_CURVE('',#6103,#6205,#6213,.T.);
#6213 = CIRCLE('',#6214,0.8);
#6214 = AXIS2_PLACEMENT_3D('',#6215,#6216,#6217);
#6215 = CARTESIAN_POINT('',(-7.,-3.7,36.));
#6216 = DIRECTION('',(0.,-1.,0.));
#6217 = DIRECTION('',(0.,0.,-1.));
#6218 = CYLINDRICAL_SURFACE('',#6219,0.8);
#6219 = AXIS2_PLACEMENT_3D('',#6220,#6221,#6222);
#6220 = CARTESIAN_POINT('',(-7.,-2.4,36.));
#6221 = DIRECTION('',(0.,-1.,0.));
#6222 = DIRECTION('',(0.,0.,-1.));
#6223 = ADVANCED_FACE('',(#6224,#6245,#6279,#6313),#6347,.T.);
#6224 = FACE_BOUND('',#6225,.T.);
#6225 = EDGE_LOOP('',(#6226,#6227,#6228,#6229,#6238));
#6226 = ORIENTED_EDGE('',*,*,#6212,.F.);
#6227 = ORIENTED_EDGE('',*,*,#6102,.T.);
#6228 = ORIENTED_EDGE('',*,*,#6134,.T.);
#6229 = ORIENTED_EDGE('',*,*,#6230,.F.);
#6230 = EDGE_CURVE('',#6231,#6135,#6233,.T.);
#6231 = VERTEX_POINT('',#6232);
#6232 = CARTESIAN_POINT('',(6.954285714286,-3.7,36.798692809584));
#6233 = CIRCLE('',#6234,0.8);
#6234 = AXIS2_PLACEMENT_3D('',#6235,#6236,#6237);
#6235 = CARTESIAN_POINT('',(7.,-3.7,36.));
#6236 = DIRECTION('',(0.,-1.,0.));
#6237 = DIRECTION('',(0.,0.,-1.));
#6238 = ORIENTED_EDGE('',*,*,#6239,.T.);
#6239 = EDGE_CURVE('',#6231,#6205,#6240,.T.);
#6240 = CIRCLE('',#6241,7.);
#6241 = AXIS2_PLACEMENT_3D('',#6242,#6243,#6244);
#6242 = CARTESIAN_POINT('',(0.,-3.7,36.));
#6243 = DIRECTION('',(0.,-1.,0.));
#6244 = DIRECTION('',(0.,0.,-1.));
#6245 = FACE_BOUND('',#6246,.T.);
#6246 = EDGE_LOOP('',(#6247,#6257,#6265,#6273));
#6247 = ORIENTED_EDGE('',*,*,#6248,.F.);
#6248 = EDGE_CURVE('',#6249,#6251,#6253,.T.);
#6249 = VERTEX_POINT('',#6250);
#6250 = CARTESIAN_POINT('',(-1.8,-3.7,38.2));
#6251 = VERTEX_POINT('',#6252);
#6252 = CARTESIAN_POINT('',(-0.2,-3.7,38.2));
#6253 = LINE('',#6254,#6255);
#6254 = CARTESIAN_POINT('',(-1.8,-3.7,38.2));
#6255 = VECTOR('',#6256,1.);
#6256 = DIRECTION('',(1.,0.,0.));
#6257 = ORIENTED_EDGE('',*,*,#6258,.T.);
#6258 = EDGE_CURVE('',#6249,#6259,#6261,.T.);
#6259 = VERTEX_POINT('',#6260);
#6260 = CARTESIAN_POINT('',(-1.8,-3.7,39.1));
#6261 = LINE('',#6262,#6263);
#6262 = CARTESIAN_POINT('',(-1.8,-3.7,38.2));
#6263 = VECTOR('',#6264,1.);
#6264 = DIRECTION('',(0.,0.,1.));
#6265 = ORIENTED_EDGE('',*,*,#6266,.T.);
#6266 = EDGE_CURVE('',#6259,#6267,#6269,.T.);
#6267 = VERTEX_POINT('',#6268);
#6268 = CARTESIAN_POINT('',(-0.2,-3.7,39.1));
#6269 = LINE('',#6270,#6271);
#6270 = CARTESIAN_POINT('',(-1.8,-3.7,39.1));
#6271 = VECTOR('',#6272,1.);
#6272 = DIRECTION('',(1.,0.,0.));
#6273 = ORIENTED_EDGE('',*,*,#6274,.F.);
#6274 = EDGE_CURVE('',#6251,#6267,#6275,.T.);
#6275 = LINE('',#6276,#6277);
#6276 = CARTESIAN_POINT('',(-0.2,-3.7,38.2));
#6277 = VECTOR('',#6278,1.);
#6278 = DIRECTION('',(0.,0.,1.));
#6279 = FACE_BOUND('',#6280,.T.);
#6280 = EDGE_LOOP('',(#6281,#6291,#6299,#6307));
#6281 = ORIENTED_EDGE('',*,*,#6282,.F.);
#6282 = EDGE_CURVE('',#6283,#6285,#6287,.T.);
#6283 = VERTEX_POINT('',#6284);
#6284 = CARTESIAN_POINT('',(-1.9,-3.7,34.5));
#6285 = VERTEX_POINT('',#6286);
#6286 = CARTESIAN_POINT('',(1.9,-3.7,34.5));
#6287 = LINE('',#6288,#6289);
#6288 = CARTESIAN_POINT('',(-1.9,-3.7,34.5));
#6289 = VECTOR('',#6290,1.);
#6290 = DIRECTION('',(1.,0.,0.));
#6291 = ORIENTED_EDGE('',*,*,#6292,.T.);
#6292 = EDGE_CURVE('',#6283,#6293,#6295,.T.);
#6293 = VERTEX_POINT('',#6294);
#6294 = CARTESIAN_POINT('',(-1.9,-3.7,37.5));
#6295 = LINE('',#6296,#6297);
#6296 = CARTESIAN_POINT('',(-1.9,-3.7,34.5));
#6297 = VECTOR('',#6298,1.);
#6298 = DIRECTION('',(0.,0.,1.));
#6299 = ORIENTED_EDGE('',*,*,#6300,.T.);
#6300 = EDGE_CURVE('',#6293,#6301,#6303,.T.);
#6301 = VERTEX_POINT('',#6302);
#6302 = CARTESIAN_POINT('',(1.9,-3.7,37.5));
#6303 = LINE('',#6304,#6305);
#6304 = CARTESIAN_POINT('',(-1.9,-3.7,37.5));
#6305 = VECTOR('',#6306,1.);
#6306 = DIRECTION('',(1.,0.,0.));
#6307 = ORIENTED_EDGE('',*,*,#6308,.F.);
#6308 = EDGE_CURVE('',#6285,#6301,#6309,.T.);
#6309 = LINE('',#6310,#6311);
#6310 = CARTESIAN_POINT('',(1.9,-3.7,34.5));
#6311 = VECTOR('',#6312,1.);
#6312 = DIRECTION('',(0.,0.,1.));
#6313 = FACE_BOUND('',#6314,.T.);
#6314 = EDGE_LOOP('',(#6315,#6325,#6333,#6341));
#6315 = ORIENTED_EDGE('',*,*,#6316,.F.);
#6316 = EDGE_CURVE('',#6317,#6319,#6321,.T.);
#6317 = VERTEX_POINT('',#6318);
#6318 = CARTESIAN_POINT('',(0.2,-3.7,38.2));
#6319 = VERTEX_POINT('',#6320);
#6320 = CARTESIAN_POINT('',(1.8,-3.7,38.2));
#6321 = LINE('',#6322,#6323);
#6322 = CARTESIAN_POINT('',(0.2,-3.7,38.2));
#6323 = VECTOR('',#6324,1.);
#6324 = DIRECTION('',(1.,0.,0.));
#6325 = ORIENTED_EDGE('',*,*,#6326,.T.);
#6326 = EDGE_CURVE('',#6317,#6327,#6329,.T.);
#6327 = VERTEX_POINT('',#6328);
#6328 = CARTESIAN_POINT('',(0.2,-3.7,39.1));
#6329 = LINE('',#6330,#6331);
#6330 = CARTESIAN_POINT('',(0.2,-3.7,38.2));
#6331 = VECTOR('',#6332,1.);
#6332 = DIRECTION('',(0.,0.,1.));
#6333 = ORIENTED_EDGE('',*,*,#6334,.T.);
#6334 = EDGE_CURVE('',#6327,#6335,#6337,.T.);
#6335 = VERTEX_POINT('',#6336);
#6336 = CARTESIAN_POINT('',(1.8,-3.7,39.1));
#6337 = LINE('',#6338,#6339);
#6338 = CARTESIAN_POINT('',(0.2,-3.7,39.1));
#6339 = VECTOR('',#6340,1.);
#6340 = DIRECTION('',(1.,0.,0.));
#6341 = ORIENTED_EDGE('',*,*,#6342,.F.);
#6342 = EDGE_CURVE('',#6319,#6335,#6343,.T.);
#6343 = LINE('',#6344,#6345);
#6344 = CARTESIAN_POINT('',(1.8,-3.7,38.2));
#6345 = VECTOR('',#6346,1.);
#6346 = DIRECTION('',(0.,0.,1.));
#6347 = PLANE('',#6348);
#6348 = AXIS2_PLACEMENT_3D('',#6349,#6350,#6351);
#6349 = CARTESIAN_POINT('',(0.,-3.7,36.));
#6350 = DIRECTION('',(0.,-1.,0.));
#6351 = DIRECTION('',(0.,0.,-1.));
#6352 = ADVANCED_FACE('',(#6353),#6364,.F.);
#6353 = FACE_BOUND('',#6354,.F.);
#6354 = EDGE_LOOP('',(#6355,#6361,#6362,#6363));
#6355 = ORIENTED_EDGE('',*,*,#6356,.F.);
#6356 = EDGE_CURVE('',#6179,#6231,#6357,.T.);
#6357 = LINE('',#6358,#6359);
#6358 = CARTESIAN_POINT('',(6.954285714286,-2.5,36.798692809584));
#6359 = VECTOR('',#6360,1.);
#6360 = DIRECTION('',(0.,-1.,0.));
#6361 = ORIENTED_EDGE('',*,*,#6178,.T.);
#6362 = ORIENTED_EDGE('',*,*,#6153,.T.);
#6363 = ORIENTED_EDGE('',*,*,#6230,.F.);
#6364 = CYLINDRICAL_SURFACE('',#6365,0.8);
#6365 = AXIS2_PLACEMENT_3D('',#6366,#6367,#6368);
#6366 = CARTESIAN_POINT('',(7.,-2.4,36.));
#6367 = DIRECTION('',(0.,-1.,0.));
#6368 = DIRECTION('',(0.,0.,-1.));
#6369 = ADVANCED_FACE('',(#6370),#6376,.T.);
#6370 = FACE_BOUND('',#6371,.T.);
#6371 = EDGE_LOOP('',(#6372,#6373,#6374,#6375));
#6372 = ORIENTED_EDGE('',*,*,#6239,.F.);
#6373 = ORIENTED_EDGE('',*,*,#6356,.F.);
#6374 = ORIENTED_EDGE('',*,*,#6187,.T.);
#6375 = ORIENTED_EDGE('',*,*,#6204,.T.);
#6376 = CYLINDRICAL_SURFACE('',#6377,7.);
#6377 = AXIS2_PLACEMENT_3D('',#6378,#6379,#6380);
#6378 = CARTESIAN_POINT('',(0.,-2.5,36.));
#6379 = DIRECTION('',(0.,-1.,0.));
#6380 = DIRECTION('',(0.,0.,-1.));
#6381 = ADVANCED_FACE('',(#6382),#6407,.F.);
#6382 = FACE_BOUND('',#6383,.F.);
#6383 = EDGE_LOOP('',(#6384,#6392,#6400,#6406));
#6384 = ORIENTED_EDGE('',*,*,#6385,.F.);
#6385 = EDGE_CURVE('',#6386,#6249,#6388,.T.);
#6386 = VERTEX_POINT('',#6387);
#6387 = CARTESIAN_POINT('',(-1.8,-4.4,38.2));
#6388 = LINE('',#6389,#6390);
#6389 = CARTESIAN_POINT('',(-1.8,-4.4,38.2));
#6390 = VECTOR('',#6391,1.);
#6391 = DIRECTION('',(0.,1.,0.));
#6392 = ORIENTED_EDGE('',*,*,#6393,.T.);
#6393 = EDGE_CURVE('',#6386,#6394,#6396,.T.);
#6394 = VERTEX_POINT('',#6395);
#6395 = CARTESIAN_POINT('',(-0.2,-4.4,38.2));
#6396 = LINE('',#6397,#6398);
#6397 = CARTESIAN_POINT('',(-1.8,-4.4,38.2));
#6398 = VECTOR('',#6399,1.);
#6399 = DIRECTION('',(1.,0.,0.));
#6400 = ORIENTED_EDGE('',*,*,#6401,.T.);
#6401 = EDGE_CURVE('',#6394,#6251,#6402,.T.);
#6402 = LINE('',#6403,#6404);
#6403 = CARTESIAN_POINT('',(-0.2,-4.4,38.2));
#6404 = VECTOR('',#6405,1.);
#6405 = DIRECTION('',(0.,1.,0.));
#6406 = ORIENTED_EDGE('',*,*,#6248,.F.);
#6407 = PLANE('',#6408);
#6408 = AXIS2_PLACEMENT_3D('',#6409,#6410,#6411);
#6409 = CARTESIAN_POINT('',(-1.8,-4.4,38.2));
#6410 = DIRECTION('',(0.,0.,1.));
#6411 = DIRECTION('',(1.,0.,0.));
#6412 = ADVANCED_FACE('',(#6413),#6431,.F.);
#6413 = FACE_BOUND('',#6414,.F.);
#6414 = EDGE_LOOP('',(#6415,#6423,#6424,#6425));
#6415 = ORIENTED_EDGE('',*,*,#6416,.F.);
#6416 = EDGE_CURVE('',#6386,#6417,#6419,.T.);
#6417 = VERTEX_POINT('',#6418);
#6418 = CARTESIAN_POINT('',(-1.8,-4.4,39.1));
#6419 = LINE('',#6420,#6421);
#6420 = CARTESIAN_POINT('',(-1.8,-4.4,38.2));
#6421 = VECTOR('',#6422,1.);
#6422 = DIRECTION('',(0.,0.,1.));
#6423 = ORIENTED_EDGE('',*,*,#6385,.T.);
#6424 = ORIENTED_EDGE('',*,*,#6258,.T.);
#6425 = ORIENTED_EDGE('',*,*,#6426,.F.);
#6426 = EDGE_CURVE('',#6417,#6259,#6427,.T.);
#6427 = LINE('',#6428,#6429);
#6428 = CARTESIAN_POINT('',(-1.8,-4.4,39.1));
#6429 = VECTOR('',#6430,1.);
#6430 = DIRECTION('',(0.,1.,0.));
#6431 = PLANE('',#6432);
#6432 = AXIS2_PLACEMENT_3D('',#6433,#6434,#6435);
#6433 = CARTESIAN_POINT('',(-1.8,-4.4,38.2));
#6434 = DIRECTION('',(1.,0.,0.));
#6435 = DIRECTION('',(0.,0.,1.));
#6436 = ADVANCED_FACE('',(#6437),#6455,.T.);
#6437 = FACE_BOUND('',#6438,.T.);
#6438 = EDGE_LOOP('',(#6439,#6447,#6448,#6449));
#6439 = ORIENTED_EDGE('',*,*,#6440,.F.);
#6440 = EDGE_CURVE('',#6394,#6441,#6443,.T.);
#6441 = VERTEX_POINT('',#6442);
#6442 = CARTESIAN_POINT('',(-0.2,-4.4,39.1));
#6443 = LINE('',#6444,#6445);
#6444 = CARTESIAN_POINT('',(-0.2,-4.4,38.2));
#6445 = VECTOR('',#6446,1.);
#6446 = DIRECTION('',(0.,0.,1.));
#6447 = ORIENTED_EDGE('',*,*,#6401,.T.);
#6448 = ORIENTED_EDGE('',*,*,#6274,.T.);
#6449 = ORIENTED_EDGE('',*,*,#6450,.F.);
#6450 = EDGE_CURVE('',#6441,#6267,#6451,.T.);
#6451 = LINE('',#6452,#6453);
#6452 = CARTESIAN_POINT('',(-0.2,-4.4,39.1));
#6453 = VECTOR('',#6454,1.);
#6454 = DIRECTION('',(0.,1.,0.));
#6455 = PLANE('',#6456);
#6456 = AXIS2_PLACEMENT_3D('',#6457,#6458,#6459);
#6457 = CARTESIAN_POINT('',(-0.2,-4.4,38.2));
#6458 = DIRECTION('',(1.,0.,0.));
#6459 = DIRECTION('',(0.,0.,1.));
#6460 = ADVANCED_FACE('',(#6461),#6472,.T.);
#6461 = FACE_BOUND('',#6462,.T.);
#6462 = EDGE_LOOP('',(#6463,#6464,#6470,#6471));
#6463 = ORIENTED_EDGE('',*,*,#6426,.F.);
#6464 = ORIENTED_EDGE('',*,*,#6465,.T.);
#6465 = EDGE_CURVE('',#6417,#6441,#6466,.T.);
#6466 = LINE('',#6467,#6468);
#6467 = CARTESIAN_POINT('',(-1.8,-4.4,39.1));
#6468 = VECTOR('',#6469,1.);
#6469 = DIRECTION('',(1.,0.,0.));
#6470 = ORIENTED_EDGE('',*,*,#6450,.T.);
#6471 = ORIENTED_EDGE('',*,*,#6266,.F.);
#6472 = PLANE('',#6473);
#6473 = AXIS2_PLACEMENT_3D('',#6474,#6475,#6476);
#6474 = CARTESIAN_POINT('',(-1.8,-4.4,39.1));
#6475 = DIRECTION('',(0.,0.,1.));
#6476 = DIRECTION('',(1.,0.,0.));
#6477 = ADVANCED_FACE('',(#6478),#6503,.F.);
#6478 = FACE_BOUND('',#6479,.F.);
#6479 = EDGE_LOOP('',(#6480,#6488,#6496,#6502));
#6480 = ORIENTED_EDGE('',*,*,#6481,.F.);
#6481 = EDGE_CURVE('',#6482,#6283,#6484,.T.);
#6482 = VERTEX_POINT('',#6483);
#6483 = CARTESIAN_POINT('',(-1.9,-4.8,34.5));
#6484 = LINE('',#6485,#6486);
#6485 = CARTESIAN_POINT('',(-1.9,-4.8,34.5));
#6486 = VECTOR('',#6487,1.);
#6487 = DIRECTION('',(0.,1.,0.));
#6488 = ORIENTED_EDGE('',*,*,#6489,.T.);
#6489 = EDGE_CURVE('',#6482,#6490,#6492,.T.);
#6490 = VERTEX_POINT('',#6491);
#6491 = CARTESIAN_POINT('',(1.9,-4.8,34.5));
#6492 = LINE('',#6493,#6494);
#6493 = CARTESIAN_POINT('',(-1.9,-4.8,34.5));
#6494 = VECTOR('',#6495,1.);
#6495 = DIRECTION('',(1.,0.,0.));
#6496 = ORIENTED_EDGE('',*,*,#6497,.T.);
#6497 = EDGE_CURVE('',#6490,#6285,#6498,.T.);
#6498 = LINE('',#6499,#6500);
#6499 = CARTESIAN_POINT('',(1.9,-4.8,34.5));
#6500 = VECTOR('',#6501,1.);
#6501 = DIRECTION('',(0.,1.,0.));
#6502 = ORIENTED_EDGE('',*,*,#6282,.F.);
#6503 = PLANE('',#6504);
#6504 = AXIS2_PLACEMENT_3D('',#6505,#6506,#6507);
#6505 = CARTESIAN_POINT('',(-1.9,-4.8,34.5));
#6506 = DIRECTION('',(0.,0.,1.));
#6507 = DIRECTION('',(1.,0.,0.));
#6508 = ADVANCED_FACE('',(#6509),#6527,.F.);
#6509 = FACE_BOUND('',#6510,.F.);
#6510 = EDGE_LOOP('',(#6511,#6519,#6520,#6521));
#6511 = ORIENTED_EDGE('',*,*,#6512,.F.);
#6512 = EDGE_CURVE('',#6482,#6513,#6515,.T.);
#6513 = VERTEX_POINT('',#6514);
#6514 = CARTESIAN_POINT('',(-1.9,-4.8,37.5));
#6515 = LINE('',#6516,#6517);
#6516 = CARTESIAN_POINT('',(-1.9,-4.8,34.5));
#6517 = VECTOR('',#6518,1.);
#6518 = DIRECTION('',(0.,0.,1.));
#6519 = ORIENTED_EDGE('',*,*,#6481,.T.);
#6520 = ORIENTED_EDGE('',*,*,#6292,.T.);
#6521 = ORIENTED_EDGE('',*,*,#6522,.F.);
#6522 = EDGE_CURVE('',#6513,#6293,#6523,.T.);
#6523 = LINE('',#6524,#6525);
#6524 = CARTESIAN_POINT('',(-1.9,-4.8,37.5));
#6525 = VECTOR('',#6526,1.);
#6526 = DIRECTION('',(0.,1.,0.));
#6527 = PLANE('',#6528);
#6528 = AXIS2_PLACEMENT_3D('',#6529,#6530,#6531);
#6529 = CARTESIAN_POINT('',(-1.9,-4.8,34.5));
#6530 = DIRECTION('',(1.,0.,0.));
#6531 = DIRECTION('',(0.,0.,1.));
#6532 = ADVANCED_FACE('',(#6533),#6551,.T.);
#6533 = FACE_BOUND('',#6534,.T.);
#6534 = EDGE_LOOP('',(#6535,#6543,#6544,#6545));
#6535 = ORIENTED_EDGE('',*,*,#6536,.F.);
#6536 = EDGE_CURVE('',#6490,#6537,#6539,.T.);
#6537 = VERTEX_POINT('',#6538);
#6538 = CARTESIAN_POINT('',(1.9,-4.8,37.5));
#6539 = LINE('',#6540,#6541);
#6540 = CARTESIAN_POINT('',(1.9,-4.8,34.5));
#6541 = VECTOR('',#6542,1.);
#6542 = DIRECTION('',(0.,0.,1.));
#6543 = ORIENTED_EDGE('',*,*,#6497,.T.);
#6544 = ORIENTED_EDGE('',*,*,#6308,.T.);
#6545 = ORIENTED_EDGE('',*,*,#6546,.F.);
#6546 = EDGE_CURVE('',#6537,#6301,#6547,.T.);
#6547 = LINE('',#6548,#6549);
#6548 = CARTESIAN_POINT('',(1.9,-4.8,37.5));
#6549 = VECTOR('',#6550,1.);
#6550 = DIRECTION('',(0.,1.,0.));
#6551 = PLANE('',#6552);
#6552 = AXIS2_PLACEMENT_3D('',#6553,#6554,#6555);
#6553 = CARTESIAN_POINT('',(1.9,-4.8,34.5));
#6554 = DIRECTION('',(1.,0.,0.));
#6555 = DIRECTION('',(0.,0.,1.));
#6556 = ADVANCED_FACE('',(#6557),#6568,.T.);
#6557 = FACE_BOUND('',#6558,.T.);
#6558 = EDGE_LOOP('',(#6559,#6560,#6566,#6567));
#6559 = ORIENTED_EDGE('',*,*,#6522,.F.);
#6560 = ORIENTED_EDGE('',*,*,#6561,.T.);
#6561 = EDGE_CURVE('',#6513,#6537,#6562,.T.);
#6562 = LINE('',#6563,#6564);
#6563 = CARTESIAN_POINT('',(-1.9,-4.8,37.5));
#6564 = VECTOR('',#6565,1.);
#6565 = DIRECTION('',(1.,0.,0.));
#6566 = ORIENTED_EDGE('',*,*,#6546,.T.);
#6567 = ORIENTED_EDGE('',*,*,#6300,.F.);
#6568 = PLANE('',#6569);
#6569 = AXIS2_PLACEMENT_3D('',#6570,#6571,#6572);
#6570 = CARTESIAN_POINT('',(-1.9,-4.8,37.5));
#6571 = DIRECTION('',(0.,0.,1.));
#6572 = DIRECTION('',(1.,0.,0.));
#6573 = ADVANCED_FACE('',(#6574),#6599,.F.);
#6574 = FACE_BOUND('',#6575,.F.);
#6575 = EDGE_LOOP('',(#6576,#6584,#6592,#6598));
#6576 = ORIENTED_EDGE('',*,*,#6577,.F.);
#6577 = EDGE_CURVE('',#6578,#6317,#6580,.T.);
#6578 = VERTEX_POINT('',#6579);
#6579 = CARTESIAN_POINT('',(0.2,-4.4,38.2));
#6580 = LINE('',#6581,#6582);
#6581 = CARTESIAN_POINT('',(0.2,-4.4,38.2));
#6582 = VECTOR('',#6583,1.);
#6583 = DIRECTION('',(0.,1.,0.));
#6584 = ORIENTED_EDGE('',*,*,#6585,.T.);
#6585 = EDGE_CURVE('',#6578,#6586,#6588,.T.);
#6586 = VERTEX_POINT('',#6587);
#6587 = CARTESIAN_POINT('',(1.8,-4.4,38.2));
#6588 = LINE('',#6589,#6590);
#6589 = CARTESIAN_POINT('',(0.2,-4.4,38.2));
#6590 = VECTOR('',#6591,1.);
#6591 = DIRECTION('',(1.,0.,0.));
#6592 = ORIENTED_EDGE('',*,*,#6593,.T.);
#6593 = EDGE_CURVE('',#6586,#6319,#6594,.T.);
#6594 = LINE('',#6595,#6596);
#6595 = CARTESIAN_POINT('',(1.8,-4.4,38.2));
#6596 = VECTOR('',#6597,1.);
#6597 = DIRECTION('',(0.,1.,0.));
#6598 = ORIENTED_EDGE('',*,*,#6316,.F.);
#6599 = PLANE('',#6600);
#6600 = AXIS2_PLACEMENT_3D('',#6601,#6602,#6603);
#6601 = CARTESIAN_POINT('',(0.2,-4.4,38.2));
#6602 = DIRECTION('',(0.,0.,1.));
#6603 = DIRECTION('',(1.,0.,0.));
#6604 = ADVANCED_FACE('',(#6605),#6623,.T.);
#6605 = FACE_BOUND('',#6606,.T.);
#6606 = EDGE_LOOP('',(#6607,#6615,#6616,#6617));
#6607 = ORIENTED_EDGE('',*,*,#6608,.F.);
#6608 = EDGE_CURVE('',#6586,#6609,#6611,.T.);
#6609 = VERTEX_POINT('',#6610);
#6610 = CARTESIAN_POINT('',(1.8,-4.4,39.1));
#6611 = LINE('',#6612,#6613);
#6612 = CARTESIAN_POINT('',(1.8,-4.4,38.2));
#6613 = VECTOR('',#6614,1.);
#6614 = DIRECTION('',(0.,0.,1.));
#6615 = ORIENTED_EDGE('',*,*,#6593,.T.);
#6616 = ORIENTED_EDGE('',*,*,#6342,.T.);
#6617 = ORIENTED_EDGE('',*,*,#6618,.F.);
#6618 = EDGE_CURVE('',#6609,#6335,#6619,.T.);
#6619 = LINE('',#6620,#6621);
#6620 = CARTESIAN_POINT('',(1.8,-4.4,39.1));
#6621 = VECTOR('',#6622,1.);
#6622 = DIRECTION('',(0.,1.,0.));
#6623 = PLANE('',#6624);
#6624 = AXIS2_PLACEMENT_3D('',#6625,#6626,#6627);
#6625 = CARTESIAN_POINT('',(1.8,-4.4,38.2));
#6626 = DIRECTION('',(1.,0.,0.));
#6627 = DIRECTION('',(0.,0.,1.));
#6628 = ADVANCED_FACE('',(#6629),#6647,.T.);
#6629 = FACE_BOUND('',#6630,.T.);
#6630 = EDGE_LOOP('',(#6631,#6639,#6645,#6646));
#6631 = ORIENTED_EDGE('',*,*,#6632,.F.);
#6632 = EDGE_CURVE('',#6633,#6327,#6635,.T.);
#6633 = VERTEX_POINT('',#6634);
#6634 = CARTESIAN_POINT('',(0.2,-4.4,39.1));
#6635 = LINE('',#6636,#6637);
#6636 = CARTESIAN_POINT('',(0.2,-4.4,39.1));
#6637 = VECTOR('',#6638,1.);
#6638 = DIRECTION('',(0.,1.,0.));
#6639 = ORIENTED_EDGE('',*,*,#6640,.T.);
#6640 = EDGE_CURVE('',#6633,#6609,#6641,.T.);
#6641 = LINE('',#6642,#6643);
#6642 = CARTESIAN_POINT('',(0.2,-4.4,39.1));
#6643 = VECTOR('',#6644,1.);
#6644 = DIRECTION('',(1.,0.,0.));
#6645 = ORIENTED_EDGE('',*,*,#6618,.T.);
#6646 = ORIENTED_EDGE('',*,*,#6334,.F.);
#6647 = PLANE('',#6648);
#6648 = AXIS2_PLACEMENT_3D('',#6649,#6650,#6651);
#6649 = CARTESIAN_POINT('',(0.2,-4.4,39.1));
#6650 = DIRECTION('',(0.,0.,1.));
#6651 = DIRECTION('',(1.,0.,0.));
#6652 = ADVANCED_FACE('',(#6653),#6664,.F.);
#6653 = FACE_BOUND('',#6654,.F.);
#6654 = EDGE_LOOP('',(#6655,#6661,#6662,#6663));
#6655 = ORIENTED_EDGE('',*,*,#6656,.F.);
#6656 = EDGE_CURVE('',#6578,#6633,#6657,.T.);
#6657 = LINE('',#6658,#6659);
#6658 = CARTESIAN_POINT('',(0.2,-4.4,38.2));
#6659 = VECTOR('',#6660,1.);
#6660 = DIRECTION('',(0.,0.,1.));
#6661 = ORIENTED_EDGE('',*,*,#6577,.T.);
#6662 = ORIENTED_EDGE('',*,*,#6326,.T.);
#6663 = ORIENTED_EDGE('',*,*,#6632,.F.);
#6664 = PLANE('',#6665);
#6665 = AXIS2_PLACEMENT_3D('',#6666,#6667,#6668);
#6666 = CARTESIAN_POINT('',(0.2,-4.4,38.2));
#6667 = DIRECTION('',(1.,0.,0.));
#6668 = DIRECTION('',(0.,0.,1.));
#6669 = ADVANCED_FACE('',(#6670),#6676,.F.);
#6670 = FACE_BOUND('',#6671,.F.);
#6671 = EDGE_LOOP('',(#6672,#6673,#6674,#6675));
#6672 = ORIENTED_EDGE('',*,*,#6393,.F.);
#6673 = ORIENTED_EDGE('',*,*,#6416,.T.);
#6674 = ORIENTED_EDGE('',*,*,#6465,.T.);
#6675 = ORIENTED_EDGE('',*,*,#6440,.F.);
#6676 = PLANE('',#6677);
#6677 = AXIS2_PLACEMENT_3D('',#6678,#6679,#6680);
#6678 = CARTESIAN_POINT('',(-1.8,-4.4,38.2));
#6679 = DIRECTION('',(0.,1.,0.));
#6680 = DIRECTION('',(0.,0.,1.));
#6681 = ADVANCED_FACE('',(#6682),#6688,.F.);
#6682 = FACE_BOUND('',#6683,.F.);
#6683 = EDGE_LOOP('',(#6684,#6685,#6686,#6687));
#6684 = ORIENTED_EDGE('',*,*,#6489,.F.);
#6685 = ORIENTED_EDGE('',*,*,#6512,.T.);
#6686 = ORIENTED_EDGE('',*,*,#6561,.T.);
#6687 = ORIENTED_EDGE('',*,*,#6536,.F.);
#6688 = PLANE('',#6689);
#6689 = AXIS2_PLACEMENT_3D('',#6690,#6691,#6692);
#6690 = CARTESIAN_POINT('',(-1.9,-4.8,34.5));
#6691 = DIRECTION('',(0.,1.,0.));
#6692 = DIRECTION('',(0.,0.,1.));
#6693 = ADVANCED_FACE('',(#6694),#6700,.F.);
#6694 = FACE_BOUND('',#6695,.F.);
#6695 = EDGE_LOOP('',(#6696,#6697,#6698,#6699));
#6696 = ORIENTED_EDGE('',*,*,#6585,.F.);
#6697 = ORIENTED_EDGE('',*,*,#6656,.T.);
#6698 = ORIENTED_EDGE('',*,*,#6640,.T.);
#6699 = ORIENTED_EDGE('',*,*,#6608,.F.);
#6700 = PLANE('',#6701);
#6701 = AXIS2_PLACEMENT_3D('',#6702,#6703,#6704);
#6702 = CARTESIAN_POINT('',(0.2,-4.4,38.2));
#6703 = DIRECTION('',(0.,1.,0.));
#6704 = DIRECTION('',(0.,0.,1.));
#6705 = MANIFOLD_SOLID_BREP('',#6706);
#6706 = CLOSED_SHELL('',(#6707,#6747,#6787,#6809,#6831,#6843));
#6707 = ADVANCED_FACE('',(#6708),#6742,.F.);
#6708 = FACE_BOUND('',#6709,.F.);
#6709 = EDGE_LOOP('',(#6710,#6720,#6728,#6736));
#6710 = ORIENTED_EDGE('',*,*,#6711,.F.);
#6711 = EDGE_CURVE('',#6712,#6714,#6716,.T.);
#6712 = VERTEX_POINT('',#6713);
#6713 = CARTESIAN_POINT('',(3.98,-6.2,32.19));
#6714 = VERTEX_POINT('',#6715);
#6715 = CARTESIAN_POINT('',(3.98,-6.2,39.81));
#6716 = LINE('',#6717,#6718);
#6717 = CARTESIAN_POINT('',(3.98,-6.2,32.19));
#6718 = VECTOR('',#6719,1.);
#6719 = DIRECTION('',(0.,0.,1.));
#6720 = ORIENTED_EDGE('',*,*,#6721,.T.);
#6721 = EDGE_CURVE('',#6712,#6722,#6724,.T.);
#6722 = VERTEX_POINT('',#6723);
#6723 = CARTESIAN_POINT('',(3.98,-3.7,32.19));
#6724 = LINE('',#6725,#6726);
#6725 = CARTESIAN_POINT('',(3.98,-6.2,32.19));
#6726 = VECTOR('',#6727,1.);
#6727 = DIRECTION('',(0.,1.,0.));
#6728 = ORIENTED_EDGE('',*,*,#6729,.T.);
#6729 = EDGE_CURVE('',#6722,#6730,#6732,.T.);
#6730 = VERTEX_POINT('',#6731);
#6731 = CARTESIAN_POINT('',(3.98,-3.7,39.81));
#6732 = LINE('',#6733,#6734);
#6733 = CARTESIAN_POINT('',(3.98,-3.7,32.19));
#6734 = VECTOR('',#6735,1.);
#6735 = DIRECTION('',(0.,0.,1.));
#6736 = ORIENTED_EDGE('',*,*,#6737,.F.);
#6737 = EDGE_CURVE('',#6714,#6730,#6738,.T.);
#6738 = LINE('',#6739,#6740);
#6739 = CARTESIAN_POINT('',(3.98,-6.2,39.81));
#6740 = VECTOR('',#6741,1.);
#6741 = DIRECTION('',(0.,1.,0.));
#6742 = PLANE('',#6743);
#6743 = AXIS2_PLACEMENT_3D('',#6744,#6745,#6746);
#6744 = CARTESIAN_POINT('',(3.98,-6.2,32.19));
#6745 = DIRECTION('',(1.,0.,0.));
#6746 = DIRECTION('',(0.,0.,1.));
#6747 = ADVANCED_FACE('',(#6748),#6782,.T.);
#6748 = FACE_BOUND('',#6749,.T.);
#6749 = EDGE_LOOP('',(#6750,#6760,#6768,#6776));
#6750 = ORIENTED_EDGE('',*,*,#6751,.F.);
#6751 = EDGE_CURVE('',#6752,#6754,#6756,.T.);
#6752 = VERTEX_POINT('',#6753);
#6753 = CARTESIAN_POINT('',(6.18,-6.2,32.19));
#6754 = VERTEX_POINT('',#6755);
#6755 = CARTESIAN_POINT('',(6.18,-6.2,39.81));
#6756 = LINE('',#6757,#6758);
#6757 = CARTESIAN_POINT('',(6.18,-6.2,32.19));
#6758 = VECTOR('',#6759,1.);
#6759 = DIRECTION('',(0.,0.,1.));
#6760 = ORIENTED_EDGE('',*,*,#6761,.T.);
#6761 = EDGE_CURVE('',#6752,#6762,#6764,.T.);
#6762 = VERTEX_POINT('',#6763);
#6763 = CARTESIAN_POINT('',(6.18,-3.7,32.19));
#6764 = LINE('',#6765,#6766);
#6765 = CARTESIAN_POINT('',(6.18,-6.2,32.19));
#6766 = VECTOR('',#6767,1.);
#6767 = DIRECTION('',(0.,1.,0.));
#6768 = ORIENTED_EDGE('',*,*,#6769,.T.);
#6769 = EDGE_CURVE('',#6762,#6770,#6772,.T.);
#6770 = VERTEX_POINT('',#6771);
#6771 = CARTESIAN_POINT('',(6.18,-3.7,39.81));
#6772 = LINE('',#6773,#6774);
#6773 = CARTESIAN_POINT('',(6.18,-3.7,32.19));
#6774 = VECTOR('',#6775,1.);
#6775 = DIRECTION('',(0.,0.,1.));
#6776 = ORIENTED_EDGE('',*,*,#6777,.F.);
#6777 = EDGE_CURVE('',#6754,#6770,#6778,.T.);
#6778 = LINE('',#6779,#6780);
#6779 = CARTESIAN_POINT('',(6.18,-6.2,39.81));
#6780 = VECTOR('',#6781,1.);
#6781 = DIRECTION('',(0.,1.,0.));
#6782 = PLANE('',#6783);
#6783 = AXIS2_PLACEMENT_3D('',#6784,#6785,#6786);
#6784 = CARTESIAN_POINT('',(6.18,-6.2,32.19));
#6785 = DIRECTION('',(1.,0.,0.));
#6786 = DIRECTION('',(0.,0.,1.));
#6787 = ADVANCED_FACE('',(#6788),#6804,.F.);
#6788 = FACE_BOUND('',#6789,.F.);
#6789 = EDGE_LOOP('',(#6790,#6796,#6797,#6803));
#6790 = ORIENTED_EDGE('',*,*,#6791,.F.);
#6791 = EDGE_CURVE('',#6712,#6752,#6792,.T.);
#6792 = LINE('',#6793,#6794);
#6793 = CARTESIAN_POINT('',(3.98,-6.2,32.19));
#6794 = VECTOR('',#6795,1.);
#6795 = DIRECTION('',(1.,0.,0.));
#6796 = ORIENTED_EDGE('',*,*,#6711,.T.);
#6797 = ORIENTED_EDGE('',*,*,#6798,.T.);
#6798 = EDGE_CURVE('',#6714,#6754,#6799,.T.);
#6799 = LINE('',#6800,#6801);
#6800 = CARTESIAN_POINT('',(3.98,-6.2,39.81));
#6801 = VECTOR('',#6802,1.);
#6802 = DIRECTION('',(1.,0.,0.));
#6803 = ORIENTED_EDGE('',*,*,#6751,.F.);
#6804 = PLANE('',#6805);
#6805 = AXIS2_PLACEMENT_3D('',#6806,#6807,#6808);
#6806 = CARTESIAN_POINT('',(3.98,-6.2,32.19));
#6807 = DIRECTION('',(0.,1.,0.));
#6808 = DIRECTION('',(0.,0.,1.));
#6809 = ADVANCED_FACE('',(#6810),#6826,.T.);
#6810 = FACE_BOUND('',#6811,.T.);
#6811 = EDGE_LOOP('',(#6812,#6818,#6819,#6825));
#6812 = ORIENTED_EDGE('',*,*,#6813,.F.);
#6813 = EDGE_CURVE('',#6722,#6762,#6814,.T.);
#6814 = LINE('',#6815,#6816);
#6815 = CARTESIAN_POINT('',(3.98,-3.7,32.19));
#6816 = VECTOR('',#6817,1.);
#6817 = DIRECTION('',(1.,0.,0.));
#6818 = ORIENTED_EDGE('',*,*,#6729,.T.);
#6819 = ORIENTED_EDGE('',*,*,#6820,.T.);
#6820 = EDGE_CURVE('',#6730,#6770,#6821,.T.);
#6821 = LINE('',#6822,#6823);
#6822 = CARTESIAN_POINT('',(3.98,-3.7,39.81));
#6823 = VECTOR('',#6824,1.);
#6824 = DIRECTION('',(1.,0.,0.));
#6825 = ORIENTED_EDGE('',*,*,#6769,.F.);
#6826 = PLANE('',#6827);
#6827 = AXIS2_PLACEMENT_3D('',#6828,#6829,#6830);
#6828 = CARTESIAN_POINT('',(3.98,-3.7,32.19));
#6829 = DIRECTION('',(0.,1.,0.));
#6830 = DIRECTION('',(0.,0.,1.));
#6831 = ADVANCED_FACE('',(#6832),#6838,.F.);
#6832 = FACE_BOUND('',#6833,.F.);
#6833 = EDGE_LOOP('',(#6834,#6835,#6836,#6837));
#6834 = ORIENTED_EDGE('',*,*,#6721,.F.);
#6835 = ORIENTED_EDGE('',*,*,#6791,.T.);
#6836 = ORIENTED_EDGE('',*,*,#6761,.T.);
#6837 = ORIENTED_EDGE('',*,*,#6813,.F.);
#6838 = PLANE('',#6839);
#6839 = AXIS2_PLACEMENT_3D('',#6840,#6841,#6842);
#6840 = CARTESIAN_POINT('',(3.98,-6.2,32.19));
#6841 = DIRECTION('',(0.,0.,1.));
#6842 = DIRECTION('',(1.,0.,0.));
#6843 = ADVANCED_FACE('',(#6844),#6850,.T.);
#6844 = FACE_BOUND('',#6845,.T.);
#6845 = EDGE_LOOP('',(#6846,#6847,#6848,#6849));
#6846 = ORIENTED_EDGE('',*,*,#6737,.F.);
#6847 = ORIENTED_EDGE('',*,*,#6798,.T.);
#6848 = ORIENTED_EDGE('',*,*,#6777,.T.);
#6849 = ORIENTED_EDGE('',*,*,#6820,.F.);
#6850 = PLANE('',#6851);
#6851 = AXIS2_PLACEMENT_3D('',#6852,#6853,#6854);
#6852 = CARTESIAN_POINT('',(3.98,-6.2,39.81));
#6853 = DIRECTION('',(0.,0.,1.));
#6854 = DIRECTION('',(1.,0.,0.));
#6855 = MANIFOLD_SOLID_BREP('',#6856);
#6856 = CLOSED_SHELL('',(#6857,#6897,#6937,#6959,#6981,#6993));
#6857 = ADVANCED_FACE('',(#6858),#6892,.F.);
#6858 = FACE_BOUND('',#6859,.F.);
#6859 = EDGE_LOOP('',(#6860,#6870,#6878,#6886));
#6860 = ORIENTED_EDGE('',*,*,#6861,.F.);
#6861 = EDGE_CURVE('',#6862,#6864,#6866,.T.);
#6862 = VERTEX_POINT('',#6863);
#6863 = CARTESIAN_POINT('',(-6.18,-6.2,32.19));
#6864 = VERTEX_POINT('',#6865);
#6865 = CARTESIAN_POINT('',(-6.18,-6.2,39.81));
#6866 = LINE('',#6867,#6868);
#6867 = CARTESIAN_POINT('',(-6.18,-6.2,32.19));
#6868 = VECTOR('',#6869,1.);
#6869 = DIRECTION('',(0.,0.,1.));
#6870 = ORIENTED_EDGE('',*,*,#6871,.T.);
#6871 = EDGE_CURVE('',#6862,#6872,#6874,.T.);
#6872 = VERTEX_POINT('',#6873);
#6873 = CARTESIAN_POINT('',(-6.18,-3.7,32.19));
#6874 = LINE('',#6875,#6876);
#6875 = CARTESIAN_POINT('',(-6.18,-6.2,32.19));
#6876 = VECTOR('',#6877,1.);
#6877 = DIRECTION('',(0.,1.,0.));
#6878 = ORIENTED_EDGE('',*,*,#6879,.T.);
#6879 = EDGE_CURVE('',#6872,#6880,#6882,.T.);
#6880 = VERTEX_POINT('',#6881);
#6881 = CARTESIAN_POINT('',(-6.18,-3.7,39.81));
#6882 = LINE('',#6883,#6884);
#6883 = CARTESIAN_POINT('',(-6.18,-3.7,32.19));
#6884 = VECTOR('',#6885,1.);
#6885 = DIRECTION('',(0.,0.,1.));
#6886 = ORIENTED_EDGE('',*,*,#6887,.F.);
#6887 = EDGE_CURVE('',#6864,#6880,#6888,.T.);
#6888 = LINE('',#6889,#6890);
#6889 = CARTESIAN_POINT('',(-6.18,-6.2,39.81));
#6890 = VECTOR('',#6891,1.);
#6891 = DIRECTION('',(0.,1.,0.));
#6892 = PLANE('',#6893);
#6893 = AXIS2_PLACEMENT_3D('',#6894,#6895,#6896);
#6894 = CARTESIAN_POINT('',(-6.18,-6.2,32.19));
#6895 = DIRECTION('',(1.,0.,0.));
#6896 = DIRECTION('',(0.,0.,1.));
#6897 = ADVANCED_FACE('',(#6898),#6932,.T.);
#6898 = FACE_BOUND('',#6899,.T.);
#6899 = EDGE_LOOP('',(#6900,#6910,#6918,#6926));
#6900 = ORIENTED_EDGE('',*,*,#6901,.F.);
#6901 = EDGE_CURVE('',#6902,#6904,#6906,.T.);
#6902 = VERTEX_POINT('',#6903);
#6903 = CARTESIAN_POINT('',(-3.98,-6.2,32.19));
#6904 = VERTEX_POINT('',#6905);
#6905 = CARTESIAN_POINT('',(-3.98,-6.2,39.81));
#6906 = LINE('',#6907,#6908);
#6907 = CARTESIAN_POINT('',(-3.98,-6.2,32.19));
#6908 = VECTOR('',#6909,1.);
#6909 = DIRECTION('',(0.,0.,1.));
#6910 = ORIENTED_EDGE('',*,*,#6911,.T.);
#6911 = EDGE_CURVE('',#6902,#6912,#6914,.T.);
#6912 = VERTEX_POINT('',#6913);
#6913 = CARTESIAN_POINT('',(-3.98,-3.7,32.19));
#6914 = LINE('',#6915,#6916);
#6915 = CARTESIAN_POINT('',(-3.98,-6.2,32.19));
#6916 = VECTOR('',#6917,1.);
#6917 = DIRECTION('',(0.,1.,0.));
#6918 = ORIENTED_EDGE('',*,*,#6919,.T.);
#6919 = EDGE_CURVE('',#6912,#6920,#6922,.T.);
#6920 = VERTEX_POINT('',#6921);
#6921 = CARTESIAN_POINT('',(-3.98,-3.7,39.81));
#6922 = LINE('',#6923,#6924);
#6923 = CARTESIAN_POINT('',(-3.98,-3.7,32.19));
#6924 = VECTOR('',#6925,1.);
#6925 = DIRECTION('',(0.,0.,1.));
#6926 = ORIENTED_EDGE('',*,*,#6927,.F.);
#6927 = EDGE_CURVE('',#6904,#6920,#6928,.T.);
#6928 = LINE('',#6929,#6930);
#6929 = CARTESIAN_POINT('',(-3.98,-6.2,39.81));
#6930 = VECTOR('',#6931,1.);
#6931 = DIRECTION('',(0.,1.,0.));
#6932 = PLANE('',#6933);
#6933 = AXIS2_PLACEMENT_3D('',#6934,#6935,#6936);
#6934 = CARTESIAN_POINT('',(-3.98,-6.2,32.19));
#6935 = DIRECTION('',(1.,0.,0.));
#6936 = DIRECTION('',(0.,0.,1.));
#6937 = ADVANCED_FACE('',(#6938),#6954,.F.);
#6938 = FACE_BOUND('',#6939,.F.);
#6939 = EDGE_LOOP('',(#6940,#6946,#6947,#6953));
#6940 = ORIENTED_EDGE('',*,*,#6941,.F.);
#6941 = EDGE_CURVE('',#6862,#6902,#6942,.T.);
#6942 = LINE('',#6943,#6944);
#6943 = CARTESIAN_POINT('',(-6.18,-6.2,32.19));
#6944 = VECTOR('',#6945,1.);
#6945 = DIRECTION('',(1.,0.,0.));
#6946 = ORIENTED_EDGE('',*,*,#6861,.T.);
#6947 = ORIENTED_EDGE('',*,*,#6948,.T.);
#6948 = EDGE_CURVE('',#6864,#6904,#6949,.T.);
#6949 = LINE('',#6950,#6951);
#6950 = CARTESIAN_POINT('',(-6.18,-6.2,39.81));
#6951 = VECTOR('',#6952,1.);
#6952 = DIRECTION('',(1.,0.,0.));
#6953 = ORIENTED_EDGE('',*,*,#6901,.F.);
#6954 = PLANE('',#6955);
#6955 = AXIS2_PLACEMENT_3D('',#6956,#6957,#6958);
#6956 = CARTESIAN_POINT('',(-6.18,-6.2,32.19));
#6957 = DIRECTION('',(0.,1.,0.));
#6958 = DIRECTION('',(0.,0.,1.));
#6959 = ADVANCED_FACE('',(#6960),#6976,.T.);
#6960 = FACE_BOUND('',#6961,.T.);
#6961 = EDGE_LOOP('',(#6962,#6968,#6969,#6975));
#6962 = ORIENTED_EDGE('',*,*,#6963,.F.);
#6963 = EDGE_CURVE('',#6872,#6912,#6964,.T.);
#6964 = LINE('',#6965,#6966);
#6965 = CARTESIAN_POINT('',(-6.18,-3.7,32.19));
#6966 = VECTOR('',#6967,1.);
#6967 = DIRECTION('',(1.,0.,0.));
#6968 = ORIENTED_EDGE('',*,*,#6879,.T.);
#6969 = ORIENTED_EDGE('',*,*,#6970,.T.);
#6970 = EDGE_CURVE('',#6880,#6920,#6971,.T.);
#6971 = LINE('',#6972,#6973);
#6972 = CARTESIAN_POINT('',(-6.18,-3.7,39.81));
#6973 = VECTOR('',#6974,1.);
#6974 = DIRECTION('',(1.,0.,0.));
#6975 = ORIENTED_EDGE('',*,*,#6919,.F.);
#6976 = PLANE('',#6977);
#6977 = AXIS2_PLACEMENT_3D('',#6978,#6979,#6980);
#6978 = CARTESIAN_POINT('',(-6.18,-3.7,32.19));
#6979 = DIRECTION('',(0.,1.,0.));
#6980 = DIRECTION('',(0.,0.,1.));
#6981 = ADVANCED_FACE('',(#6982),#6988,.F.);
#6982 = FACE_BOUND('',#6983,.F.);
#6983 = EDGE_LOOP('',(#6984,#6985,#6986,#6987));
#6984 = ORIENTED_EDGE('',*,*,#6871,.F.);
#6985 = ORIENTED_EDGE('',*,*,#6941,.T.);
#6986 = ORIENTED_EDGE('',*,*,#6911,.T.);
#6987 = ORIENTED_EDGE('',*,*,#6963,.F.);
#6988 = PLANE('',#6989);
#6989 = AXIS2_PLACEMENT_3D('',#6990,#6991,#6992);
#6990 = CARTESIAN_POINT('',(-6.18,-6.2,32.19));
#6991 = DIRECTION('',(0.,0.,1.));
#6992 = DIRECTION('',(1.,0.,0.));
#6993 = ADVANCED_FACE('',(#6994),#7000,.T.);
#6994 = FACE_BOUND('',#6995,.T.);
#6995 = EDGE_LOOP('',(#6996,#6997,#6998,#6999));
#6996 = ORIENTED_EDGE('',*,*,#6887,.F.);
#6997 = ORIENTED_EDGE('',*,*,#6948,.T.);
#6998 = ORIENTED_EDGE('',*,*,#6927,.T.);
#6999 = ORIENTED_EDGE('',*,*,#6970,.F.);
#7000 = PLANE('',#7001);
#7001 = AXIS2_PLACEMENT_3D('',#7002,#7003,#7004);
#7002 = CARTESIAN_POINT('',(-6.18,-6.2,39.81));
#7003 = DIRECTION('',(0.,0.,1.));
#7004 = DIRECTION('',(1.,0.,0.));
#7005 = MANIFOLD_SOLID_BREP('',#7006);
#7006 = CLOSED_SHELL('',(#7007,#7047,#7087,#7109,#7131,#7143));
#7007 = ADVANCED_FACE('',(#7008),#7042,.F.);
#7008 = FACE_BOUND('',#7009,.F.);
#7009 = EDGE_LOOP('',(#7010,#7020,#7028,#7036));
#7010 = ORIENTED_EDGE('',*,*,#7011,.F.);
#7011 = EDGE_CURVE('',#7012,#7014,#7016,.T.);
#7012 = VERTEX_POINT('',#7013);
#7013 = CARTESIAN_POINT('',(4.76,-7.2,33.14));
#7014 = VERTEX_POINT('',#7015);
#7015 = CARTESIAN_POINT('',(4.76,-7.2,33.78));
#7016 = LINE('',#7017,#7018);
#7017 = CARTESIAN_POINT('',(4.76,-7.2,33.14));
#7018 = VECTOR('',#7019,1.);
#7019 = DIRECTION('',(0.,0.,1.));
#7020 = ORIENTED_EDGE('',*,*,#7021,.T.);
#7021 = EDGE_CURVE('',#7012,#7022,#7024,.T.);
#7022 = VERTEX_POINT('',#7023);
#7023 = CARTESIAN_POINT('',(4.76,3.8,33.14));
#7024 = LINE('',#7025,#7026);
#7025 = CARTESIAN_POINT('',(4.76,-7.2,33.14));
#7026 = VECTOR('',#7027,1.);
#7027 = DIRECTION('',(0.,1.,0.));
#7028 = ORIENTED_EDGE('',*,*,#7029,.T.);
#7029 = EDGE_CURVE('',#7022,#7030,#7032,.T.);
#7030 = VERTEX_POINT('',#7031);
#7031 = CARTESIAN_POINT('',(4.76,3.8,33.78));
#7032 = LINE('',#7033,#7034);
#7033 = CARTESIAN_POINT('',(4.76,3.8,33.14));
#7034 = VECTOR('',#7035,1.);
#7035 = DIRECTION('',(0.,0.,1.));
#7036 = ORIENTED_EDGE('',*,*,#7037,.F.);
#7037 = EDGE_CURVE('',#7014,#7030,#7038,.T.);
#7038 = LINE('',#7039,#7040);
#7039 = CARTESIAN_POINT('',(4.76,-7.2,33.78));
#7040 = VECTOR('',#7041,1.);
#7041 = DIRECTION('',(0.,1.,0.));
#7042 = PLANE('',#7043);
#7043 = AXIS2_PLACEMENT_3D('',#7044,#7045,#7046);
#7044 = CARTESIAN_POINT('',(4.76,-7.2,33.14));
#7045 = DIRECTION('',(1.,0.,0.));
#7046 = DIRECTION('',(0.,0.,1.));
#7047 = ADVANCED_FACE('',(#7048),#7082,.T.);
#7048 = FACE_BOUND('',#7049,.T.);
#7049 = EDGE_LOOP('',(#7050,#7060,#7068,#7076));
#7050 = ORIENTED_EDGE('',*,*,#7051,.F.);
#7051 = EDGE_CURVE('',#7052,#7054,#7056,.T.);
#7052 = VERTEX_POINT('',#7053);
#7053 = CARTESIAN_POINT('',(5.4,-7.2,33.14));
#7054 = VERTEX_POINT('',#7055);
#7055 = CARTESIAN_POINT('',(5.4,-7.2,33.78));
#7056 = LINE('',#7057,#7058);
#7057 = CARTESIAN_POINT('',(5.4,-7.2,33.14));
#7058 = VECTOR('',#7059,1.);
#7059 = DIRECTION('',(0.,0.,1.));
#7060 = ORIENTED_EDGE('',*,*,#7061,.T.);
#7061 = EDGE_CURVE('',#7052,#7062,#7064,.T.);
#7062 = VERTEX_POINT('',#7063);
#7063 = CARTESIAN_POINT('',(5.4,3.8,33.14));
#7064 = LINE('',#7065,#7066);
#7065 = CARTESIAN_POINT('',(5.4,-7.2,33.14));
#7066 = VECTOR('',#7067,1.);
#7067 = DIRECTION('',(0.,1.,0.));
#7068 = ORIENTED_EDGE('',*,*,#7069,.T.);
#7069 = EDGE_CURVE('',#7062,#7070,#7072,.T.);
#7070 = VERTEX_POINT('',#7071);
#7071 = CARTESIAN_POINT('',(5.4,3.8,33.78));
#7072 = LINE('',#7073,#7074);
#7073 = CARTESIAN_POINT('',(5.4,3.8,33.14));
#7074 = VECTOR('',#7075,1.);
#7075 = DIRECTION('',(0.,0.,1.));
#7076 = ORIENTED_EDGE('',*,*,#7077,.F.);
#7077 = EDGE_CURVE('',#7054,#7070,#7078,.T.);
#7078 = LINE('',#7079,#7080);
#7079 = CARTESIAN_POINT('',(5.4,-7.2,33.78));
#7080 = VECTOR('',#7081,1.);
#7081 = DIRECTION('',(0.,1.,0.));
#7082 = PLANE('',#7083);
#7083 = AXIS2_PLACEMENT_3D('',#7084,#7085,#7086);
#7084 = CARTESIAN_POINT('',(5.4,-7.2,33.14));
#7085 = DIRECTION('',(1.,0.,0.));
#7086 = DIRECTION('',(0.,0.,1.));
#7087 = ADVANCED_FACE('',(#7088),#7104,.F.);
#7088 = FACE_BOUND('',#7089,.F.);
#7089 = EDGE_LOOP('',(#7090,#7096,#7097,#7103));
#7090 = ORIENTED_EDGE('',*,*,#7091,.F.);
#7091 = EDGE_CURVE('',#7012,#7052,#7092,.T.);
#7092 = LINE('',#7093,#7094);
#7093 = CARTESIAN_POINT('',(4.76,-7.2,33.14));
#7094 = VECTOR('',#7095,1.);
#7095 = DIRECTION('',(1.,0.,0.));
#7096 = ORIENTED_EDGE('',*,*,#7011,.T.);
#7097 = ORIENTED_EDGE('',*,*,#7098,.T.);
#7098 = EDGE_CURVE('',#7014,#7054,#7099,.T.);
#7099 = LINE('',#7100,#7101);
#7100 = CARTESIAN_POINT('',(4.76,-7.2,33.78));
#7101 = VECTOR('',#7102,1.);
#7102 = DIRECTION('',(1.,0.,0.));
#7103 = ORIENTED_EDGE('',*,*,#7051,.F.);
#7104 = PLANE('',#7105);
#7105 = AXIS2_PLACEMENT_3D('',#7106,#7107,#7108);
#7106 = CARTESIAN_POINT('',(4.76,-7.2,33.14));
#7107 = DIRECTION('',(0.,1.,0.));
#7108 = DIRECTION('',(0.,0.,1.));
#7109 = ADVANCED_FACE('',(#7110),#7126,.T.);
#7110 = FACE_BOUND('',#7111,.T.);
#7111 = EDGE_LOOP('',(#7112,#7118,#7119,#7125));
#7112 = ORIENTED_EDGE('',*,*,#7113,.F.);
#7113 = EDGE_CURVE('',#7022,#7062,#7114,.T.);
#7114 = LINE('',#7115,#7116);
#7115 = CARTESIAN_POINT('',(4.76,3.8,33.14));
#7116 = VECTOR('',#7117,1.);
#7117 = DIRECTION('',(1.,0.,0.));
#7118 = ORIENTED_EDGE('',*,*,#7029,.T.);
#7119 = ORIENTED_EDGE('',*,*,#7120,.T.);
#7120 = EDGE_CURVE('',#7030,#7070,#7121,.T.);
#7121 = LINE('',#7122,#7123);
#7122 = CARTESIAN_POINT('',(4.76,3.8,33.78));
#7123 = VECTOR('',#7124,1.);
#7124 = DIRECTION('',(1.,0.,0.));
#7125 = ORIENTED_EDGE('',*,*,#7069,.F.);
#7126 = PLANE('',#7127);
#7127 = AXIS2_PLACEMENT_3D('',#7128,#7129,#7130);
#7128 = CARTESIAN_POINT('',(4.76,3.8,33.14));
#7129 = DIRECTION('',(0.,1.,0.));
#7130 = DIRECTION('',(0.,0.,1.));
#7131 = ADVANCED_FACE('',(#7132),#7138,.F.);
#7132 = FACE_BOUND('',#7133,.F.);
#7133 = EDGE_LOOP('',(#7134,#7135,#7136,#7137));
#7134 = ORIENTED_EDGE('',*,*,#7021,.F.);
#7135 = ORIENTED_EDGE('',*,*,#7091,.T.);
#7136 = ORIENTED_EDGE('',*,*,#7061,.T.);
#7137 = ORIENTED_EDGE('',*,*,#7113,.F.);
#7138 = PLANE('',#7139);
#7139 = AXIS2_PLACEMENT_3D('',#7140,#7141,#7142);
#7140 = CARTESIAN_POINT('',(4.76,-7.2,33.14));
#7141 = DIRECTION('',(0.,0.,1.));
#7142 = DIRECTION('',(1.,0.,0.));
#7143 = ADVANCED_FACE('',(#7144),#7150,.T.);
#7144 = FACE_BOUND('',#7145,.T.);
#7145 = EDGE_LOOP('',(#7146,#7147,#7148,#7149));
#7146 = ORIENTED_EDGE('',*,*,#7037,.F.);
#7147 = ORIENTED_EDGE('',*,*,#7098,.T.);
#7148 = ORIENTED_EDGE('',*,*,#7077,.T.);
#7149 = ORIENTED_EDGE('',*,*,#7120,.F.);
#7150 = PLANE('',#7151);
#7151 = AXIS2_PLACEMENT_3D('',#7152,#7153,#7154);
#7152 = CARTESIAN_POINT('',(4.76,-7.2,33.78));
#7153 = DIRECTION('',(0.,0.,1.));
#7154 = DIRECTION('',(1.,0.,0.));
#7155 = MANIFOLD_SOLID_BREP('',#7156);
#7156 = CLOSED_SHELL('',(#7157,#7197,#7237,#7259,#7281,#7293));
#7157 = ADVANCED_FACE('',(#7158),#7192,.F.);
#7158 = FACE_BOUND('',#7159,.F.);
#7159 = EDGE_LOOP('',(#7160,#7170,#7178,#7186));
#7160 = ORIENTED_EDGE('',*,*,#7161,.F.);
#7161 = EDGE_CURVE('',#7162,#7164,#7166,.T.);
#7162 = VERTEX_POINT('',#7163);
#7163 = CARTESIAN_POINT('',(-5.4,-7.2,33.14));
#7164 = VERTEX_POINT('',#7165);
#7165 = CARTESIAN_POINT('',(-5.4,-7.2,33.78));
#7166 = LINE('',#7167,#7168);
#7167 = CARTESIAN_POINT('',(-5.4,-7.2,33.14));
#7168 = VECTOR('',#7169,1.);
#7169 = DIRECTION('',(0.,0.,1.));
#7170 = ORIENTED_EDGE('',*,*,#7171,.T.);
#7171 = EDGE_CURVE('',#7162,#7172,#7174,.T.);
#7172 = VERTEX_POINT('',#7173);
#7173 = CARTESIAN_POINT('',(-5.4,3.8,33.14));
#7174 = LINE('',#7175,#7176);
#7175 = CARTESIAN_POINT('',(-5.4,-7.2,33.14));
#7176 = VECTOR('',#7177,1.);
#7177 = DIRECTION('',(0.,1.,0.));
#7178 = ORIENTED_EDGE('',*,*,#7179,.T.);
#7179 = EDGE_CURVE('',#7172,#7180,#7182,.T.);
#7180 = VERTEX_POINT('',#7181);
#7181 = CARTESIAN_POINT('',(-5.4,3.8,33.78));
#7182 = LINE('',#7183,#7184);
#7183 = CARTESIAN_POINT('',(-5.4,3.8,33.14));
#7184 = VECTOR('',#7185,1.);
#7185 = DIRECTION('',(0.,0.,1.));
#7186 = ORIENTED_EDGE('',*,*,#7187,.F.);
#7187 = EDGE_CURVE('',#7164,#7180,#7188,.T.);
#7188 = LINE('',#7189,#7190);
#7189 = CARTESIAN_POINT('',(-5.4,-7.2,33.78));
#7190 = VECTOR('',#7191,1.);
#7191 = DIRECTION('',(0.,1.,0.));
#7192 = PLANE('',#7193);
#7193 = AXIS2_PLACEMENT_3D('',#7194,#7195,#7196);
#7194 = CARTESIAN_POINT('',(-5.4,-7.2,33.14));
#7195 = DIRECTION('',(1.,0.,0.));
#7196 = DIRECTION('',(0.,0.,1.));
#7197 = ADVANCED_FACE('',(#7198),#7232,.T.);
#7198 = FACE_BOUND('',#7199,.T.);
#7199 = EDGE_LOOP('',(#7200,#7210,#7218,#7226));
#7200 = ORIENTED_EDGE('',*,*,#7201,.F.);
#7201 = EDGE_CURVE('',#7202,#7204,#7206,.T.);
#7202 = VERTEX_POINT('',#7203);
#7203 = CARTESIAN_POINT('',(-4.76,-7.2,33.14));
#7204 = VERTEX_POINT('',#7205);
#7205 = CARTESIAN_POINT('',(-4.76,-7.2,33.78));
#7206 = LINE('',#7207,#7208);
#7207 = CARTESIAN_POINT('',(-4.76,-7.2,33.14));
#7208 = VECTOR('',#7209,1.);
#7209 = DIRECTION('',(0.,0.,1.));
#7210 = ORIENTED_EDGE('',*,*,#7211,.T.);
#7211 = EDGE_CURVE('',#7202,#7212,#7214,.T.);
#7212 = VERTEX_POINT('',#7213);
#7213 = CARTESIAN_POINT('',(-4.76,3.8,33.14));
#7214 = LINE('',#7215,#7216);
#7215 = CARTESIAN_POINT('',(-4.76,-7.2,33.14));
#7216 = VECTOR('',#7217,1.);
#7217 = DIRECTION('',(0.,1.,0.));
#7218 = ORIENTED_EDGE('',*,*,#7219,.T.);
#7219 = EDGE_CURVE('',#7212,#7220,#7222,.T.);
#7220 = VERTEX_POINT('',#7221);
#7221 = CARTESIAN_POINT('',(-4.76,3.8,33.78));
#7222 = LINE('',#7223,#7224);
#7223 = CARTESIAN_POINT('',(-4.76,3.8,33.14));
#7224 = VECTOR('',#7225,1.);
#7225 = DIRECTION('',(0.,0.,1.));
#7226 = ORIENTED_EDGE('',*,*,#7227,.F.);
#7227 = EDGE_CURVE('',#7204,#7220,#7228,.T.);
#7228 = LINE('',#7229,#7230);
#7229 = CARTESIAN_POINT('',(-4.76,-7.2,33.78));
#7230 = VECTOR('',#7231,1.);
#7231 = DIRECTION('',(0.,1.,0.));
#7232 = PLANE('',#7233);
#7233 = AXIS2_PLACEMENT_3D('',#7234,#7235,#7236);
#7234 = CARTESIAN_POINT('',(-4.76,-7.2,33.14));
#7235 = DIRECTION('',(1.,0.,0.));
#7236 = DIRECTION('',(0.,0.,1.));
#7237 = ADVANCED_FACE('',(#7238),#7254,.F.);
#7238 = FACE_BOUND('',#7239,.F.);
#7239 = EDGE_LOOP('',(#7240,#7246,#7247,#7253));
#7240 = ORIENTED_EDGE('',*,*,#7241,.F.);
#7241 = EDGE_CURVE('',#7162,#7202,#7242,.T.);
#7242 = LINE('',#7243,#7244);
#7243 = CARTESIAN_POINT('',(-5.4,-7.2,33.14));
#7244 = VECTOR('',#7245,1.);
#7245 = DIRECTION('',(1.,0.,0.));
#7246 = ORIENTED_EDGE('',*,*,#7161,.T.);
#7247 = ORIENTED_EDGE('',*,*,#7248,.T.);
#7248 = EDGE_CURVE('',#7164,#7204,#7249,.T.);
#7249 = LINE('',#7250,#7251);
#7250 = CARTESIAN_POINT('',(-5.4,-7.2,33.78));
#7251 = VECTOR('',#7252,1.);
#7252 = DIRECTION('',(1.,0.,0.));
#7253 = ORIENTED_EDGE('',*,*,#7201,.F.);
#7254 = PLANE('',#7255);
#7255 = AXIS2_PLACEMENT_3D('',#7256,#7257,#7258);
#7256 = CARTESIAN_POINT('',(-5.4,-7.2,33.14));
#7257 = DIRECTION('',(0.,1.,0.));
#7258 = DIRECTION('',(0.,0.,1.));
#7259 = ADVANCED_FACE('',(#7260),#7276,.T.);
#7260 = FACE_BOUND('',#7261,.T.);
#7261 = EDGE_LOOP('',(#7262,#7268,#7269,#7275));
#7262 = ORIENTED_EDGE('',*,*,#7263,.F.);
#7263 = EDGE_CURVE('',#7172,#7212,#7264,.T.);
#7264 = LINE('',#7265,#7266);
#7265 = CARTESIAN_POINT('',(-5.4,3.8,33.14));
#7266 = VECTOR('',#7267,1.);
#7267 = DIRECTION('',(1.,0.,0.));
#7268 = ORIENTED_EDGE('',*,*,#7179,.T.);
#7269 = ORIENTED_EDGE('',*,*,#7270,.T.);
#7270 = EDGE_CURVE('',#7180,#7220,#7271,.T.);
#7271 = LINE('',#7272,#7273);
#7272 = CARTESIAN_POINT('',(-5.4,3.8,33.78));
#7273 = VECTOR('',#7274,1.);
#7274 = DIRECTION('',(1.,0.,0.));
#7275 = ORIENTED_EDGE('',*,*,#7219,.F.);
#7276 = PLANE('',#7277);
#7277 = AXIS2_PLACEMENT_3D('',#7278,#7279,#7280);
#7278 = CARTESIAN_POINT('',(-5.4,3.8,33.14));
#7279 = DIRECTION('',(0.,1.,0.));
#7280 = DIRECTION('',(0.,0.,1.));
#7281 = ADVANCED_FACE('',(#7282),#7288,.F.);
#7282 = FACE_BOUND('',#7283,.F.);
#7283 = EDGE_LOOP('',(#7284,#7285,#7286,#7287));
#7284 = ORIENTED_EDGE('',*,*,#7171,.F.);
#7285 = ORIENTED_EDGE('',*,*,#7241,.T.);
#7286 = ORIENTED_EDGE('',*,*,#7211,.T.);
#7287 = ORIENTED_EDGE('',*,*,#7263,.F.);
#7288 = PLANE('',#7289);
#7289 = AXIS2_PLACEMENT_3D('',#7290,#7291,#7292);
#7290 = CARTESIAN_POINT('',(-5.4,-7.2,33.14));
#7291 = DIRECTION('',(0.,0.,1.));
#7292 = DIRECTION('',(1.,0.,0.));
#7293 = ADVANCED_FACE('',(#7294),#7300,.T.);
#7294 = FACE_BOUND('',#7295,.T.);
#7295 = EDGE_LOOP('',(#7296,#7297,#7298,#7299));
#7296 = ORIENTED_EDGE('',*,*,#7187,.F.);
#7297 = ORIENTED_EDGE('',*,*,#7248,.T.);
#7298 = ORIENTED_EDGE('',*,*,#7227,.T.);
#7299 = ORIENTED_EDGE('',*,*,#7270,.F.);
#7300 = PLANE('',#7301);
#7301 = AXIS2_PLACEMENT_3D('',#7302,#7303,#7304);
#7302 = CARTESIAN_POINT('',(-5.4,-7.2,33.78));
#7303 = DIRECTION('',(0.,0.,1.));
#7304 = DIRECTION('',(1.,0.,0.));
#7305 = MANIFOLD_SOLID_BREP('',#7306);
#7306 = CLOSED_SHELL('',(#7307,#7347,#7387,#7409,#7431,#7443));
#7307 = ADVANCED_FACE('',(#7308),#7342,.F.);
#7308 = FACE_BOUND('',#7309,.F.);
#7309 = EDGE_LOOP('',(#7310,#7320,#7328,#7336));
#7310 = ORIENTED_EDGE('',*,*,#7311,.F.);
#7311 = EDGE_CURVE('',#7312,#7314,#7316,.T.);
#7312 = VERTEX_POINT('',#7313);
#7313 = CARTESIAN_POINT('',(4.76,-7.2,35.68));
#7314 = VERTEX_POINT('',#7315);
#7315 = CARTESIAN_POINT('',(4.76,-7.2,36.32));
#7316 = LINE('',#7317,#7318);
#7317 = CARTESIAN_POINT('',(4.76,-7.2,35.68));
#7318 = VECTOR('',#7319,1.);
#7319 = DIRECTION('',(0.,0.,1.));
#7320 = ORIENTED_EDGE('',*,*,#7321,.T.);
#7321 = EDGE_CURVE('',#7312,#7322,#7324,.T.);
#7322 = VERTEX_POINT('',#7323);
#7323 = CARTESIAN_POINT('',(4.76,3.8,35.68));
#7324 = LINE('',#7325,#7326);
#7325 = CARTESIAN_POINT('',(4.76,-7.2,35.68));
#7326 = VECTOR('',#7327,1.);
#7327 = DIRECTION('',(0.,1.,0.));
#7328 = ORIENTED_EDGE('',*,*,#7329,.T.);
#7329 = EDGE_CURVE('',#7322,#7330,#7332,.T.);
#7330 = VERTEX_POINT('',#7331);
#7331 = CARTESIAN_POINT('',(4.76,3.8,36.32));
#7332 = LINE('',#7333,#7334);
#7333 = CARTESIAN_POINT('',(4.76,3.8,35.68));
#7334 = VECTOR('',#7335,1.);
#7335 = DIRECTION('',(0.,0.,1.));
#7336 = ORIENTED_EDGE('',*,*,#7337,.F.);
#7337 = EDGE_CURVE('',#7314,#7330,#7338,.T.);
#7338 = LINE('',#7339,#7340);
#7339 = CARTESIAN_POINT('',(4.76,-7.2,36.32));
#7340 = VECTOR('',#7341,1.);
#7341 = DIRECTION('',(0.,1.,0.));
#7342 = PLANE('',#7343);
#7343 = AXIS2_PLACEMENT_3D('',#7344,#7345,#7346);
#7344 = CARTESIAN_POINT('',(4.76,-7.2,35.68));
#7345 = DIRECTION('',(1.,0.,0.));
#7346 = DIRECTION('',(0.,0.,1.));
#7347 = ADVANCED_FACE('',(#7348),#7382,.T.);
#7348 = FACE_BOUND('',#7349,.T.);
#7349 = EDGE_LOOP('',(#7350,#7360,#7368,#7376));
#7350 = ORIENTED_EDGE('',*,*,#7351,.F.);
#7351 = EDGE_CURVE('',#7352,#7354,#7356,.T.);
#7352 = VERTEX_POINT('',#7353);
#7353 = CARTESIAN_POINT('',(5.4,-7.2,35.68));
#7354 = VERTEX_POINT('',#7355);
#7355 = CARTESIAN_POINT('',(5.4,-7.2,36.32));
#7356 = LINE('',#7357,#7358);
#7357 = CARTESIAN_POINT('',(5.4,-7.2,35.68));
#7358 = VECTOR('',#7359,1.);
#7359 = DIRECTION('',(0.,0.,1.));
#7360 = ORIENTED_EDGE('',*,*,#7361,.T.);
#7361 = EDGE_CURVE('',#7352,#7362,#7364,.T.);
#7362 = VERTEX_POINT('',#7363);
#7363 = CARTESIAN_POINT('',(5.4,3.8,35.68));
#7364 = LINE('',#7365,#7366);
#7365 = CARTESIAN_POINT('',(5.4,-7.2,35.68));
#7366 = VECTOR('',#7367,1.);
#7367 = DIRECTION('',(0.,1.,0.));
#7368 = ORIENTED_EDGE('',*,*,#7369,.T.);
#7369 = EDGE_CURVE('',#7362,#7370,#7372,.T.);
#7370 = VERTEX_POINT('',#7371);
#7371 = CARTESIAN_POINT('',(5.4,3.8,36.32));
#7372 = LINE('',#7373,#7374);
#7373 = CARTESIAN_POINT('',(5.4,3.8,35.68));
#7374 = VECTOR('',#7375,1.);
#7375 = DIRECTION('',(0.,0.,1.));
#7376 = ORIENTED_EDGE('',*,*,#7377,.F.);
#7377 = EDGE_CURVE('',#7354,#7370,#7378,.T.);
#7378 = LINE('',#7379,#7380);
#7379 = CARTESIAN_POINT('',(5.4,-7.2,36.32));
#7380 = VECTOR('',#7381,1.);
#7381 = DIRECTION('',(0.,1.,0.));
#7382 = PLANE('',#7383);
#7383 = AXIS2_PLACEMENT_3D('',#7384,#7385,#7386);
#7384 = CARTESIAN_POINT('',(5.4,-7.2,35.68));
#7385 = DIRECTION('',(1.,0.,0.));
#7386 = DIRECTION('',(0.,0.,1.));
#7387 = ADVANCED_FACE('',(#7388),#7404,.F.);
#7388 = FACE_BOUND('',#7389,.F.);
#7389 = EDGE_LOOP('',(#7390,#7396,#7397,#7403));
#7390 = ORIENTED_EDGE('',*,*,#7391,.F.);
#7391 = EDGE_CURVE('',#7312,#7352,#7392,.T.);
#7392 = LINE('',#7393,#7394);
#7393 = CARTESIAN_POINT('',(4.76,-7.2,35.68));
#7394 = VECTOR('',#7395,1.);
#7395 = DIRECTION('',(1.,0.,0.));
#7396 = ORIENTED_EDGE('',*,*,#7311,.T.);
#7397 = ORIENTED_EDGE('',*,*,#7398,.T.);
#7398 = EDGE_CURVE('',#7314,#7354,#7399,.T.);
#7399 = LINE('',#7400,#7401);
#7400 = CARTESIAN_POINT('',(4.76,-7.2,36.32));
#7401 = VECTOR('',#7402,1.);
#7402 = DIRECTION('',(1.,0.,0.));
#7403 = ORIENTED_EDGE('',*,*,#7351,.F.);
#7404 = PLANE('',#7405);
#7405 = AXIS2_PLACEMENT_3D('',#7406,#7407,#7408);
#7406 = CARTESIAN_POINT('',(4.76,-7.2,35.68));
#7407 = DIRECTION('',(0.,1.,0.));
#7408 = DIRECTION('',(0.,0.,1.));
#7409 = ADVANCED_FACE('',(#7410),#7426,.T.);
#7410 = FACE_BOUND('',#7411,.T.);
#7411 = EDGE_LOOP('',(#7412,#7418,#7419,#7425));
#7412 = ORIENTED_EDGE('',*,*,#7413,.F.);
#7413 = EDGE_CURVE('',#7322,#7362,#7414,.T.);
#7414 = LINE('',#7415,#7416);
#7415 = CARTESIAN_POINT('',(4.76,3.8,35.68));
#7416 = VECTOR('',#7417,1.);
#7417 = DIRECTION('',(1.,0.,0.));
#7418 = ORIENTED_EDGE('',*,*,#7329,.T.);
#7419 = ORIENTED_EDGE('',*,*,#7420,.T.);
#7420 = EDGE_CURVE('',#7330,#7370,#7421,.T.);
#7421 = LINE('',#7422,#7423);
#7422 = CARTESIAN_POINT('',(4.76,3.8,36.32));
#7423 = VECTOR('',#7424,1.);
#7424 = DIRECTION('',(1.,0.,0.));
#7425 = ORIENTED_EDGE('',*,*,#7369,.F.);
#7426 = PLANE('',#7427);
#7427 = AXIS2_PLACEMENT_3D('',#7428,#7429,#7430);
#7428 = CARTESIAN_POINT('',(4.76,3.8,35.68));
#7429 = DIRECTION('',(0.,1.,0.));
#7430 = DIRECTION('',(0.,0.,1.));
#7431 = ADVANCED_FACE('',(#7432),#7438,.F.);
#7432 = FACE_BOUND('',#7433,.F.);
#7433 = EDGE_LOOP('',(#7434,#7435,#7436,#7437));
#7434 = ORIENTED_EDGE('',*,*,#7321,.F.);
#7435 = ORIENTED_EDGE('',*,*,#7391,.T.);
#7436 = ORIENTED_EDGE('',*,*,#7361,.T.);
#7437 = ORIENTED_EDGE('',*,*,#7413,.F.);
#7438 = PLANE('',#7439);
#7439 = AXIS2_PLACEMENT_3D('',#7440,#7441,#7442);
#7440 = CARTESIAN_POINT('',(4.76,-7.2,35.68));
#7441 = DIRECTION('',(0.,0.,1.));
#7442 = DIRECTION('',(1.,0.,0.));
#7443 = ADVANCED_FACE('',(#7444),#7450,.T.);
#7444 = FACE_BOUND('',#7445,.T.);
#7445 = EDGE_LOOP('',(#7446,#7447,#7448,#7449));
#7446 = ORIENTED_EDGE('',*,*,#7337,.F.);
#7447 = ORIENTED_EDGE('',*,*,#7398,.T.);
#7448 = ORIENTED_EDGE('',*,*,#7377,.T.);
#7449 = ORIENTED_EDGE('',*,*,#7420,.F.);
#7450 = PLANE('',#7451);
#7451 = AXIS2_PLACEMENT_3D('',#7452,#7453,#7454);
#7452 = CARTESIAN_POINT('',(4.76,-7.2,36.32));
#7453 = DIRECTION('',(0.,0.,1.));
#7454 = DIRECTION('',(1.,0.,0.));
#7455 = MANIFOLD_SOLID_BREP('',#7456);
#7456 = CLOSED_SHELL('',(#7457,#7497,#7537,#7559,#7581,#7593));
#7457 = ADVANCED_FACE('',(#7458),#7492,.F.);
#7458 = FACE_BOUND('',#7459,.F.);
#7459 = EDGE_LOOP('',(#7460,#7470,#7478,#7486));
#7460 = ORIENTED_EDGE('',*,*,#7461,.F.);
#7461 = EDGE_CURVE('',#7462,#7464,#7466,.T.);
#7462 = VERTEX_POINT('',#7463);
#7463 = CARTESIAN_POINT('',(-5.4,-7.2,35.68));
#7464 = VERTEX_POINT('',#7465);
#7465 = CARTESIAN_POINT('',(-5.4,-7.2,36.32));
#7466 = LINE('',#7467,#7468);
#7467 = CARTESIAN_POINT('',(-5.4,-7.2,35.68));
#7468 = VECTOR('',#7469,1.);
#7469 = DIRECTION('',(0.,0.,1.));
#7470 = ORIENTED_EDGE('',*,*,#7471,.T.);
#7471 = EDGE_CURVE('',#7462,#7472,#7474,.T.);
#7472 = VERTEX_POINT('',#7473);
#7473 = CARTESIAN_POINT('',(-5.4,3.8,35.68));
#7474 = LINE('',#7475,#7476);
#7475 = CARTESIAN_POINT('',(-5.4,-7.2,35.68));
#7476 = VECTOR('',#7477,1.);
#7477 = DIRECTION('',(0.,1.,0.));
#7478 = ORIENTED_EDGE('',*,*,#7479,.T.);
#7479 = EDGE_CURVE('',#7472,#7480,#7482,.T.);
#7480 = VERTEX_POINT('',#7481);
#7481 = CARTESIAN_POINT('',(-5.4,3.8,36.32));
#7482 = LINE('',#7483,#7484);
#7483 = CARTESIAN_POINT('',(-5.4,3.8,35.68));
#7484 = VECTOR('',#7485,1.);
#7485 = DIRECTION('',(0.,0.,1.));
#7486 = ORIENTED_EDGE('',*,*,#7487,.F.);
#7487 = EDGE_CURVE('',#7464,#7480,#7488,.T.);
#7488 = LINE('',#7489,#7490);
#7489 = CARTESIAN_POINT('',(-5.4,-7.2,36.32));
#7490 = VECTOR('',#7491,1.);
#7491 = DIRECTION('',(0.,1.,0.));
#7492 = PLANE('',#7493);
#7493 = AXIS2_PLACEMENT_3D('',#7494,#7495,#7496);
#7494 = CARTESIAN_POINT('',(-5.4,-7.2,35.68));
#7495 = DIRECTION('',(1.,0.,0.));
#7496 = DIRECTION('',(0.,0.,1.));
#7497 = ADVANCED_FACE('',(#7498),#7532,.T.);
#7498 = FACE_BOUND('',#7499,.T.);
#7499 = EDGE_LOOP('',(#7500,#7510,#7518,#7526));
#7500 = ORIENTED_EDGE('',*,*,#7501,.F.);
#7501 = EDGE_CURVE('',#7502,#7504,#7506,.T.);
#7502 = VERTEX_POINT('',#7503);
#7503 = CARTESIAN_POINT('',(-4.76,-7.2,35.68));
#7504 = VERTEX_POINT('',#7505);
#7505 = CARTESIAN_POINT('',(-4.76,-7.2,36.32));
#7506 = LINE('',#7507,#7508);
#7507 = CARTESIAN_POINT('',(-4.76,-7.2,35.68));
#7508 = VECTOR('',#7509,1.);
#7509 = DIRECTION('',(0.,0.,1.));
#7510 = ORIENTED_EDGE('',*,*,#7511,.T.);
#7511 = EDGE_CURVE('',#7502,#7512,#7514,.T.);
#7512 = VERTEX_POINT('',#7513);
#7513 = CARTESIAN_POINT('',(-4.76,3.8,35.68));
#7514 = LINE('',#7515,#7516);
#7515 = CARTESIAN_POINT('',(-4.76,-7.2,35.68));
#7516 = VECTOR('',#7517,1.);
#7517 = DIRECTION('',(0.,1.,0.));
#7518 = ORIENTED_EDGE('',*,*,#7519,.T.);
#7519 = EDGE_CURVE('',#7512,#7520,#7522,.T.);
#7520 = VERTEX_POINT('',#7521);
#7521 = CARTESIAN_POINT('',(-4.76,3.8,36.32));
#7522 = LINE('',#7523,#7524);
#7523 = CARTESIAN_POINT('',(-4.76,3.8,35.68));
#7524 = VECTOR('',#7525,1.);
#7525 = DIRECTION('',(0.,0.,1.));
#7526 = ORIENTED_EDGE('',*,*,#7527,.F.);
#7527 = EDGE_CURVE('',#7504,#7520,#7528,.T.);
#7528 = LINE('',#7529,#7530);
#7529 = CARTESIAN_POINT('',(-4.76,-7.2,36.32));
#7530 = VECTOR('',#7531,1.);
#7531 = DIRECTION('',(0.,1.,0.));
#7532 = PLANE('',#7533);
#7533 = AXIS2_PLACEMENT_3D('',#7534,#7535,#7536);
#7534 = CARTESIAN_POINT('',(-4.76,-7.2,35.68));
#7535 = DIRECTION('',(1.,0.,0.));
#7536 = DIRECTION('',(0.,0.,1.));
#7537 = ADVANCED_FACE('',(#7538),#7554,.F.);
#7538 = FACE_BOUND('',#7539,.F.);
#7539 = EDGE_LOOP('',(#7540,#7546,#7547,#7553));
#7540 = ORIENTED_EDGE('',*,*,#7541,.F.);
#7541 = EDGE_CURVE('',#7462,#7502,#7542,.T.);
#7542 = LINE('',#7543,#7544);
#7543 = CARTESIAN_POINT('',(-5.4,-7.2,35.68));
#7544 = VECTOR('',#7545,1.);
#7545 = DIRECTION('',(1.,0.,0.));
#7546 = ORIENTED_EDGE('',*,*,#7461,.T.);
#7547 = ORIENTED_EDGE('',*,*,#7548,.T.);
#7548 = EDGE_CURVE('',#7464,#7504,#7549,.T.);
#7549 = LINE('',#7550,#7551);
#7550 = CARTESIAN_POINT('',(-5.4,-7.2,36.32));
#7551 = VECTOR('',#7552,1.);
#7552 = DIRECTION('',(1.,0.,0.));
#7553 = ORIENTED_EDGE('',*,*,#7501,.F.);
#7554 = PLANE('',#7555);
#7555 = AXIS2_PLACEMENT_3D('',#7556,#7557,#7558);
#7556 = CARTESIAN_POINT('',(-5.4,-7.2,35.68));
#7557 = DIRECTION('',(0.,1.,0.));
#7558 = DIRECTION('',(0.,0.,1.));
#7559 = ADVANCED_FACE('',(#7560),#7576,.T.);
#7560 = FACE_BOUND('',#7561,.T.);
#7561 = EDGE_LOOP('',(#7562,#7568,#7569,#7575));
#7562 = ORIENTED_EDGE('',*,*,#7563,.F.);
#7563 = EDGE_CURVE('',#7472,#7512,#7564,.T.);
#7564 = LINE('',#7565,#7566);
#7565 = CARTESIAN_POINT('',(-5.4,3.8,35.68));
#7566 = VECTOR('',#7567,1.);
#7567 = DIRECTION('',(1.,0.,0.));
#7568 = ORIENTED_EDGE('',*,*,#7479,.T.);
#7569 = ORIENTED_EDGE('',*,*,#7570,.T.);
#7570 = EDGE_CURVE('',#7480,#7520,#7571,.T.);
#7571 = LINE('',#7572,#7573);
#7572 = CARTESIAN_POINT('',(-5.4,3.8,36.32));
#7573 = VECTOR('',#7574,1.);
#7574 = DIRECTION('',(1.,0.,0.));
#7575 = ORIENTED_EDGE('',*,*,#7519,.F.);
#7576 = PLANE('',#7577);
#7577 = AXIS2_PLACEMENT_3D('',#7578,#7579,#7580);
#7578 = CARTESIAN_POINT('',(-5.4,3.8,35.68));
#7579 = DIRECTION('',(0.,1.,0.));
#7580 = DIRECTION('',(0.,0.,1.));
#7581 = ADVANCED_FACE('',(#7582),#7588,.F.);
#7582 = FACE_BOUND('',#7583,.F.);
#7583 = EDGE_LOOP('',(#7584,#7585,#7586,#7587));
#7584 = ORIENTED_EDGE('',*,*,#7471,.F.);
#7585 = ORIENTED_EDGE('',*,*,#7541,.T.);
#7586 = ORIENTED_EDGE('',*,*,#7511,.T.);
#7587 = ORIENTED_EDGE('',*,*,#7563,.F.);
#7588 = PLANE('',#7589);
#7589 = AXIS2_PLACEMENT_3D('',#7590,#7591,#7592);
#7590 = CARTESIAN_POINT('',(-5.4,-7.2,35.68));
#7591 = DIRECTION('',(0.,0.,1.));
#7592 = DIRECTION('',(1.,0.,0.));
#7593 = ADVANCED_FACE('',(#7594),#7600,.T.);
#7594 = FACE_BOUND('',#7595,.T.);
#7595 = EDGE_LOOP('',(#7596,#7597,#7598,#7599));
#7596 = ORIENTED_EDGE('',*,*,#7487,.F.);
#7597 = ORIENTED_EDGE('',*,*,#7548,.T.);
#7598 = ORIENTED_EDGE('',*,*,#7527,.T.);
#7599 = ORIENTED_EDGE('',*,*,#7570,.F.);
#7600 = PLANE('',#7601);
#7601 = AXIS2_PLACEMENT_3D('',#7602,#7603,#7604);
#7602 = CARTESIAN_POINT('',(-5.4,-7.2,36.32));
#7603 = DIRECTION('',(0.,0.,1.));
#7604 = DIRECTION('',(1.,0.,0.));
#7605 = MANIFOLD_SOLID_BREP('',#7606);
#7606 = CLOSED_SHELL('',(#7607,#7647,#7687,#7709,#7731,#7743));
#7607 = ADVANCED_FACE('',(#7608),#7642,.F.);
#7608 = FACE_BOUND('',#7609,.F.);
#7609 = EDGE_LOOP('',(#7610,#7620,#7628,#7636));
#7610 = ORIENTED_EDGE('',*,*,#7611,.F.);
#7611 = EDGE_CURVE('',#7612,#7614,#7616,.T.);
#7612 = VERTEX_POINT('',#7613);
#7613 = CARTESIAN_POINT('',(4.76,-7.2,38.22));
#7614 = VERTEX_POINT('',#7615);
#7615 = CARTESIAN_POINT('',(4.76,-7.2,38.86));
#7616 = LINE('',#7617,#7618);
#7617 = CARTESIAN_POINT('',(4.76,-7.2,38.22));
#7618 = VECTOR('',#7619,1.);
#7619 = DIRECTION('',(0.,0.,1.));
#7620 = ORIENTED_EDGE('',*,*,#7621,.T.);
#7621 = EDGE_CURVE('',#7612,#7622,#7624,.T.);
#7622 = VERTEX_POINT('',#7623);
#7623 = CARTESIAN_POINT('',(4.76,3.8,38.22));
#7624 = LINE('',#7625,#7626);
#7625 = CARTESIAN_POINT('',(4.76,-7.2,38.22));
#7626 = VECTOR('',#7627,1.);
#7627 = DIRECTION('',(0.,1.,0.));
#7628 = ORIENTED_EDGE('',*,*,#7629,.T.);
#7629 = EDGE_CURVE('',#7622,#7630,#7632,.T.);
#7630 = VERTEX_POINT('',#7631);
#7631 = CARTESIAN_POINT('',(4.76,3.8,38.86));
#7632 = LINE('',#7633,#7634);
#7633 = CARTESIAN_POINT('',(4.76,3.8,38.22));
#7634 = VECTOR('',#7635,1.);
#7635 = DIRECTION('',(0.,0.,1.));
#7636 = ORIENTED_EDGE('',*,*,#7637,.F.);
#7637 = EDGE_CURVE('',#7614,#7630,#7638,.T.);
#7638 = LINE('',#7639,#7640);
#7639 = CARTESIAN_POINT('',(4.76,-7.2,38.86));
#7640 = VECTOR('',#7641,1.);
#7641 = DIRECTION('',(0.,1.,0.));
#7642 = PLANE('',#7643);
#7643 = AXIS2_PLACEMENT_3D('',#7644,#7645,#7646);
#7644 = CARTESIAN_POINT('',(4.76,-7.2,38.22));
#7645 = DIRECTION('',(1.,0.,0.));
#7646 = DIRECTION('',(0.,0.,1.));
#7647 = ADVANCED_FACE('',(#7648),#7682,.T.);
#7648 = FACE_BOUND('',#7649,.T.);
#7649 = EDGE_LOOP('',(#7650,#7660,#7668,#7676));
#7650 = ORIENTED_EDGE('',*,*,#7651,.F.);
#7651 = EDGE_CURVE('',#7652,#7654,#7656,.T.);
#7652 = VERTEX_POINT('',#7653);
#7653 = CARTESIAN_POINT('',(5.4,-7.2,38.22));
#7654 = VERTEX_POINT('',#7655);
#7655 = CARTESIAN_POINT('',(5.4,-7.2,38.86));
#7656 = LINE('',#7657,#7658);
#7657 = CARTESIAN_POINT('',(5.4,-7.2,38.22));
#7658 = VECTOR('',#7659,1.);
#7659 = DIRECTION('',(0.,0.,1.));
#7660 = ORIENTED_EDGE('',*,*,#7661,.T.);
#7661 = EDGE_CURVE('',#7652,#7662,#7664,.T.);
#7662 = VERTEX_POINT('',#7663);
#7663 = CARTESIAN_POINT('',(5.4,3.8,38.22));
#7664 = LINE('',#7665,#7666);
#7665 = CARTESIAN_POINT('',(5.4,-7.2,38.22));
#7666 = VECTOR('',#7667,1.);
#7667 = DIRECTION('',(0.,1.,0.));
#7668 = ORIENTED_EDGE('',*,*,#7669,.T.);
#7669 = EDGE_CURVE('',#7662,#7670,#7672,.T.);
#7670 = VERTEX_POINT('',#7671);
#7671 = CARTESIAN_POINT('',(5.4,3.8,38.86));
#7672 = LINE('',#7673,#7674);
#7673 = CARTESIAN_POINT('',(5.4,3.8,38.22));
#7674 = VECTOR('',#7675,1.);
#7675 = DIRECTION('',(0.,0.,1.));
#7676 = ORIENTED_EDGE('',*,*,#7677,.F.);
#7677 = EDGE_CURVE('',#7654,#7670,#7678,.T.);
#7678 = LINE('',#7679,#7680);
#7679 = CARTESIAN_POINT('',(5.4,-7.2,38.86));
#7680 = VECTOR('',#7681,1.);
#7681 = DIRECTION('',(0.,1.,0.));
#7682 = PLANE('',#7683);
#7683 = AXIS2_PLACEMENT_3D('',#7684,#7685,#7686);
#7684 = CARTESIAN_POINT('',(5.4,-7.2,38.22));
#7685 = DIRECTION('',(1.,0.,0.));
#7686 = DIRECTION('',(0.,0.,1.));
#7687 = ADVANCED_FACE('',(#7688),#7704,.F.);
#7688 = FACE_BOUND('',#7689,.F.);
#7689 = EDGE_LOOP('',(#7690,#7696,#7697,#7703));
#7690 = ORIENTED_EDGE('',*,*,#7691,.F.);
#7691 = EDGE_CURVE('',#7612,#7652,#7692,.T.);
#7692 = LINE('',#7693,#7694);
#7693 = CARTESIAN_POINT('',(4.76,-7.2,38.22));
#7694 = VECTOR('',#7695,1.);
#7695 = DIRECTION('',(1.,0.,0.));
#7696 = ORIENTED_EDGE('',*,*,#7611,.T.);
#7697 = ORIENTED_EDGE('',*,*,#7698,.T.);
#7698 = EDGE_CURVE('',#7614,#7654,#7699,.T.);
#7699 = LINE('',#7700,#7701);
#7700 = CARTESIAN_POINT('',(4.76,-7.2,38.86));
#7701 = VECTOR('',#7702,1.);
#7702 = DIRECTION('',(1.,0.,0.));
#7703 = ORIENTED_EDGE('',*,*,#7651,.F.);
#7704 = PLANE('',#7705);
#7705 = AXIS2_PLACEMENT_3D('',#7706,#7707,#7708);
#7706 = CARTESIAN_POINT('',(4.76,-7.2,38.22));
#7707 = DIRECTION('',(0.,1.,0.));
#7708 = DIRECTION('',(0.,0.,1.));
#7709 = ADVANCED_FACE('',(#7710),#7726,.T.);
#7710 = FACE_BOUND('',#7711,.T.);
#7711 = EDGE_LOOP('',(#7712,#7718,#7719,#7725));
#7712 = ORIENTED_EDGE('',*,*,#7713,.F.);
#7713 = EDGE_CURVE('',#7622,#7662,#7714,.T.);
#7714 = LINE('',#7715,#7716);
#7715 = CARTESIAN_POINT('',(4.76,3.8,38.22));
#7716 = VECTOR('',#7717,1.);
#7717 = DIRECTION('',(1.,0.,0.));
#7718 = ORIENTED_EDGE('',*,*,#7629,.T.);
#7719 = ORIENTED_EDGE('',*,*,#7720,.T.);
#7720 = EDGE_CURVE('',#7630,#7670,#7721,.T.);
#7721 = LINE('',#7722,#7723);
#7722 = CARTESIAN_POINT('',(4.76,3.8,38.86));
#7723 = VECTOR('',#7724,1.);
#7724 = DIRECTION('',(1.,0.,0.));
#7725 = ORIENTED_EDGE('',*,*,#7669,.F.);
#7726 = PLANE('',#7727);
#7727 = AXIS2_PLACEMENT_3D('',#7728,#7729,#7730);
#7728 = CARTESIAN_POINT('',(4.76,3.8,38.22));
#7729 = DIRECTION('',(0.,1.,0.));
#7730 = DIRECTION('',(0.,0.,1.));
#7731 = ADVANCED_FACE('',(#7732),#7738,.F.);
#7732 = FACE_BOUND('',#7733,.F.);
#7733 = EDGE_LOOP('',(#7734,#7735,#7736,#7737));
#7734 = ORIENTED_EDGE('',*,*,#7621,.F.);
#7735 = ORIENTED_EDGE('',*,*,#7691,.T.);
#7736 = ORIENTED_EDGE('',*,*,#7661,.T.);
#7737 = ORIENTED_EDGE('',*,*,#7713,.F.);
#7738 = PLANE('',#7739);
#7739 = AXIS2_PLACEMENT_3D('',#7740,#7741,#7742);
#7740 = CARTESIAN_POINT('',(4.76,-7.2,38.22));
#7741 = DIRECTION('',(0.,0.,1.));
#7742 = DIRECTION('',(1.,0.,0.));
#7743 = ADVANCED_FACE('',(#7744),#7750,.T.);
#7744 = FACE_BOUND('',#7745,.T.);
#7745 = EDGE_LOOP('',(#7746,#7747,#7748,#7749));
#7746 = ORIENTED_EDGE('',*,*,#7637,.F.);
#7747 = ORIENTED_EDGE('',*,*,#7698,.T.);
#7748 = ORIENTED_EDGE('',*,*,#7677,.T.);
#7749 = ORIENTED_EDGE('',*,*,#7720,.F.);
#7750 = PLANE('',#7751);
#7751 = AXIS2_PLACEMENT_3D('',#7752,#7753,#7754);
#7752 = CARTESIAN_POINT('',(4.76,-7.2,38.86));
#7753 = DIRECTION('',(0.,0.,1.));
#7754 = DIRECTION('',(1.,0.,0.));
#7755 = MANIFOLD_SOLID_BREP('',#7756);
#7756 = CLOSED_SHELL('',(#7757,#7797,#7837,#7859,#7881,#7893));
#7757 = ADVANCED_FACE('',(#7758),#7792,.F.);
#7758 = FACE_BOUND('',#7759,.F.);
#7759 = EDGE_LOOP('',(#7760,#7770,#7778,#7786));
#7760 = ORIENTED_EDGE('',*,*,#7761,.F.);
#7761 = EDGE_CURVE('',#7762,#7764,#7766,.T.);
#7762 = VERTEX_POINT('',#7763);
#7763 = CARTESIAN_POINT('',(-5.4,-7.2,38.22));
#7764 = VERTEX_POINT('',#7765);
#7765 = CARTESIAN_POINT('',(-5.4,-7.2,38.86));
#7766 = LINE('',#7767,#7768);
#7767 = CARTESIAN_POINT('',(-5.4,-7.2,38.22));
#7768 = VECTOR('',#7769,1.);
#7769 = DIRECTION('',(0.,0.,1.));
#7770 = ORIENTED_EDGE('',*,*,#7771,.T.);
#7771 = EDGE_CURVE('',#7762,#7772,#7774,.T.);
#7772 = VERTEX_POINT('',#7773);
#7773 = CARTESIAN_POINT('',(-5.4,3.8,38.22));
#7774 = LINE('',#7775,#7776);
#7775 = CARTESIAN_POINT('',(-5.4,-7.2,38.22));
#7776 = VECTOR('',#7777,1.);
#7777 = DIRECTION('',(0.,1.,0.));
#7778 = ORIENTED_EDGE('',*,*,#7779,.T.);
#7779 = EDGE_CURVE('',#7772,#7780,#7782,.T.);
#7780 = VERTEX_POINT('',#7781);
#7781 = CARTESIAN_POINT('',(-5.4,3.8,38.86));
#7782 = LINE('',#7783,#7784);
#7783 = CARTESIAN_POINT('',(-5.4,3.8,38.22));
#7784 = VECTOR('',#7785,1.);
#7785 = DIRECTION('',(0.,0.,1.));
#7786 = ORIENTED_EDGE('',*,*,#7787,.F.);
#7787 = EDGE_CURVE('',#7764,#7780,#7788,.T.);
#7788 = LINE('',#7789,#7790);
#7789 = CARTESIAN_POINT('',(-5.4,-7.2,38.86));
#7790 = VECTOR('',#7791,1.);
#7791 = DIRECTION('',(0.,1.,0.));
#7792 = PLANE('',#7793);
#7793 = AXIS2_PLACEMENT_3D('',#7794,#7795,#7796);
#7794 = CARTESIAN_POINT('',(-5.4,-7.2,38.22));
#7795 = DIRECTION('',(1.,0.,0.));
#7796 = DIRECTION('',(0.,0.,1.));
#7797 = ADVANCED_FACE('',(#7798),#7832,.T.);
#7798 = FACE_BOUND('',#7799,.T.);
#7799 = EDGE_LOOP('',(#7800,#7810,#7818,#7826));
#7800 = ORIENTED_EDGE('',*,*,#7801,.F.);
#7801 = EDGE_CURVE('',#7802,#7804,#7806,.T.);
#7802 = VERTEX_POINT('',#7803);
#7803 = CARTESIAN_POINT('',(-4.76,-7.2,38.22));
#7804 = VERTEX_POINT('',#7805);
#7805 = CARTESIAN_POINT('',(-4.76,-7.2,38.86));
#7806 = LINE('',#7807,#7808);
#7807 = CARTESIAN_POINT('',(-4.76,-7.2,38.22));
#7808 = VECTOR('',#7809,1.);
#7809 = DIRECTION('',(0.,0.,1.));
#7810 = ORIENTED_EDGE('',*,*,#7811,.T.);
#7811 = EDGE_CURVE('',#7802,#7812,#7814,.T.);
#7812 = VERTEX_POINT('',#7813);
#7813 = CARTESIAN_POINT('',(-4.76,3.8,38.22));
#7814 = LINE('',#7815,#7816);
#7815 = CARTESIAN_POINT('',(-4.76,-7.2,38.22));
#7816 = VECTOR('',#7817,1.);
#7817 = DIRECTION('',(0.,1.,0.));
#7818 = ORIENTED_EDGE('',*,*,#7819,.T.);
#7819 = EDGE_CURVE('',#7812,#7820,#7822,.T.);
#7820 = VERTEX_POINT('',#7821);
#7821 = CARTESIAN_POINT('',(-4.76,3.8,38.86));
#7822 = LINE('',#7823,#7824);
#7823 = CARTESIAN_POINT('',(-4.76,3.8,38.22));
#7824 = VECTOR('',#7825,1.);
#7825 = DIRECTION('',(0.,0.,1.));
#7826 = ORIENTED_EDGE('',*,*,#7827,.F.);
#7827 = EDGE_CURVE('',#7804,#7820,#7828,.T.);
#7828 = LINE('',#7829,#7830);
#7829 = CARTESIAN_POINT('',(-4.76,-7.2,38.86));
#7830 = VECTOR('',#7831,1.);
#7831 = DIRECTION('',(0.,1.,0.));
#7832 = PLANE('',#7833);
#7833 = AXIS2_PLACEMENT_3D('',#7834,#7835,#7836);
#7834 = CARTESIAN_POINT('',(-4.76,-7.2,38.22));
#7835 = DIRECTION('',(1.,0.,0.));
#7836 = DIRECTION('',(0.,0.,1.));
#7837 = ADVANCED_FACE('',(#7838),#7854,.F.);
#7838 = FACE_BOUND('',#7839,.F.);
#7839 = EDGE_LOOP('',(#7840,#7846,#7847,#7853));
#7840 = ORIENTED_EDGE('',*,*,#7841,.F.);
#7841 = EDGE_CURVE('',#7762,#7802,#7842,.T.);
#7842 = LINE('',#7843,#7844);
#7843 = CARTESIAN_POINT('',(-5.4,-7.2,38.22));
#7844 = VECTOR('',#7845,1.);
#7845 = DIRECTION('',(1.,0.,0.));
#7846 = ORIENTED_EDGE('',*,*,#7761,.T.);
#7847 = ORIENTED_EDGE('',*,*,#7848,.T.);
#7848 = EDGE_CURVE('',#7764,#7804,#7849,.T.);
#7849 = LINE('',#7850,#7851);
#7850 = CARTESIAN_POINT('',(-5.4,-7.2,38.86));
#7851 = VECTOR('',#7852,1.);
#7852 = DIRECTION('',(1.,0.,0.));
#7853 = ORIENTED_EDGE('',*,*,#7801,.F.);
#7854 = PLANE('',#7855);
#7855 = AXIS2_PLACEMENT_3D('',#7856,#7857,#7858);
#7856 = CARTESIAN_POINT('',(-5.4,-7.2,38.22));
#7857 = DIRECTION('',(0.,1.,0.));
#7858 = DIRECTION('',(0.,0.,1.));
#7859 = ADVANCED_FACE('',(#7860),#7876,.T.);
#7860 = FACE_BOUND('',#7861,.T.);
#7861 = EDGE_LOOP('',(#7862,#7868,#7869,#7875));
#7862 = ORIENTED_EDGE('',*,*,#7863,.F.);
#7863 = EDGE_CURVE('',#7772,#7812,#7864,.T.);
#7864 = LINE('',#7865,#7866);
#7865 = CARTESIAN_POINT('',(-5.4,3.8,38.22));
#7866 = VECTOR('',#7867,1.);
#7867 = DIRECTION('',(1.,0.,0.));
#7868 = ORIENTED_EDGE('',*,*,#7779,.T.);
#7869 = ORIENTED_EDGE('',*,*,#7870,.T.);
#7870 = EDGE_CURVE('',#7780,#7820,#7871,.T.);
#7871 = LINE('',#7872,#7873);
#7872 = CARTESIAN_POINT('',(-5.4,3.8,38.86));
#7873 = VECTOR('',#7874,1.);
#7874 = DIRECTION('',(1.,0.,0.));
#7875 = ORIENTED_EDGE('',*,*,#7819,.F.);
#7876 = PLANE('',#7877);
#7877 = AXIS2_PLACEMENT_3D('',#7878,#7879,#7880);
#7878 = CARTESIAN_POINT('',(-5.4,3.8,38.22));
#7879 = DIRECTION('',(0.,1.,0.));
#7880 = DIRECTION('',(0.,0.,1.));
#7881 = ADVANCED_FACE('',(#7882),#7888,.F.);
#7882 = FACE_BOUND('',#7883,.F.);
#7883 = EDGE_LOOP('',(#7884,#7885,#7886,#7887));
#7884 = ORIENTED_EDGE('',*,*,#7771,.F.);
#7885 = ORIENTED_EDGE('',*,*,#7841,.T.);
#7886 = ORIENTED_EDGE('',*,*,#7811,.T.);
#7887 = ORIENTED_EDGE('',*,*,#7863,.F.);
#7888 = PLANE('',#7889);
#7889 = AXIS2_PLACEMENT_3D('',#7890,#7891,#7892);
#7890 = CARTESIAN_POINT('',(-5.4,-7.2,38.22));
#7891 = DIRECTION('',(0.,0.,1.));
#7892 = DIRECTION('',(1.,0.,0.));
#7893 = ADVANCED_FACE('',(#7894),#7900,.T.);
#7894 = FACE_BOUND('',#7895,.T.);
#7895 = EDGE_LOOP('',(#7896,#7897,#7898,#7899));
#7896 = ORIENTED_EDGE('',*,*,#7787,.F.);
#7897 = ORIENTED_EDGE('',*,*,#7848,.T.);
#7898 = ORIENTED_EDGE('',*,*,#7827,.T.);
#7899 = ORIENTED_EDGE('',*,*,#7870,.F.);
#7900 = PLANE('',#7901);
#7901 = AXIS2_PLACEMENT_3D('',#7902,#7903,#7904);
#7902 = CARTESIAN_POINT('',(-5.4,-7.2,38.86));
#7903 = DIRECTION('',(0.,0.,1.));
#7904 = DIRECTION('',(1.,0.,0.));
#7905 = MANIFOLD_SOLID_BREP('',#7906);
#7906 = CLOSED_SHELL('',(#7907,#7947,#7978,#8036,#8332,#8349,#8361,#8392
    ,#8416,#8712,#8729,#8760,#8784,#8808,#8825,#8856,#8880,#8904,#8921,
    #8952,#8976,#9000,#9017,#9048,#9072,#9096,#9113,#9144,#9168,#9192,
    #9209,#9240,#9264,#9288,#9305,#9336,#9360,#9384,#9401,#9432,#9456,
    #9480,#9497,#9509,#9540,#9580,#9604,#9637,#9668,#9708,#9732,#9765,
    #9796,#9836,#9860,#9893,#9924,#9964,#9988,#10021,#10052,#10092,
    #10116,#10149,#10180,#10220,#10244,#10277,#10308,#10348,#10372,
    #10405,#10436,#10476,#10500,#10533,#10545,#10557,#10569,#10581,
    #10593,#10605,#10617,#10629,#10660,#10677,#10701,#10725,#10756,
    #10773,#10797,#10821,#10852,#10869,#10893,#10917,#10948,#10965,
    #10989,#11013,#11044,#11061,#11085,#11109,#11140,#11157,#11181,
    #11205,#11236,#11253,#11277,#11301,#11332,#11349,#11373,#11397,
    #11421,#11445,#11462,#11479,#11503,#11527,#11544,#11561,#11585,
    #11609,#11626,#11643,#11667,#11691,#11708,#11725,#11749,#11773,
    #11790,#11807,#11831,#11855,#11872,#11889,#11913,#11937,#11954,
    #11971,#11995,#12019,#12036,#12053,#12065,#12077,#12089,#12101,
    #12113,#12125,#12137));
#7907 = ADVANCED_FACE('',(#7908),#7942,.F.);
#7908 = FACE_BOUND('',#7909,.F.);
#7909 = EDGE_LOOP('',(#7910,#7920,#7928,#7936));
#7910 = ORIENTED_EDGE('',*,*,#7911,.F.);
#7911 = EDGE_CURVE('',#7912,#7914,#7916,.T.);
#7912 = VERTEX_POINT('',#7913);
#7913 = CARTESIAN_POINT('',(-10.75,-4.5,46.));
#7914 = VERTEX_POINT('',#7915);
#7915 = CARTESIAN_POINT('',(-10.75,-4.5,51.5));
#7916 = LINE('',#7917,#7918);
#7917 = CARTESIAN_POINT('',(-10.75,-4.5,46.));
#7918 = VECTOR('',#7919,1.);
#7919 = DIRECTION('',(0.,0.,1.));
#7920 = ORIENTED_EDGE('',*,*,#7921,.T.);
#7921 = EDGE_CURVE('',#7912,#7922,#7924,.T.);
#7922 = VERTEX_POINT('',#7923);
#7923 = CARTESIAN_POINT('',(-10.75,0.,46.));
#7924 = LINE('',#7925,#7926);
#7925 = CARTESIAN_POINT('',(-10.75,-4.5,46.));
#7926 = VECTOR('',#7927,1.);
#7927 = DIRECTION('',(0.,1.,0.));
#7928 = ORIENTED_EDGE('',*,*,#7929,.T.);
#7929 = EDGE_CURVE('',#7922,#7930,#7932,.T.);
#7930 = VERTEX_POINT('',#7931);
#7931 = CARTESIAN_POINT('',(-10.75,0.,51.5));
#7932 = LINE('',#7933,#7934);
#7933 = CARTESIAN_POINT('',(-10.75,0.,46.));
#7934 = VECTOR('',#7935,1.);
#7935 = DIRECTION('',(0.,0.,1.));
#7936 = ORIENTED_EDGE('',*,*,#7937,.F.);
#7937 = EDGE_CURVE('',#7914,#7930,#7938,.T.);
#7938 = LINE('',#7939,#7940);
#7939 = CARTESIAN_POINT('',(-10.75,-4.5,51.5));
#7940 = VECTOR('',#7941,1.);
#7941 = DIRECTION('',(0.,1.,0.));
#7942 = PLANE('',#7943);
#7943 = AXIS2_PLACEMENT_3D('',#7944,#7945,#7946);
#7944 = CARTESIAN_POINT('',(-10.75,-4.5,46.));
#7945 = DIRECTION('',(1.,0.,0.));
#7946 = DIRECTION('',(0.,0.,1.));
#7947 = ADVANCED_FACE('',(#7948),#7973,.F.);
#7948 = FACE_BOUND('',#7949,.F.);
#7949 = EDGE_LOOP('',(#7950,#7958,#7959,#7967));
#7950 = ORIENTED_EDGE('',*,*,#7951,.F.);
#7951 = EDGE_CURVE('',#7912,#7952,#7954,.T.);
#7952 = VERTEX_POINT('',#7953);
#7953 = CARTESIAN_POINT('',(10.75,-4.5,46.));
#7954 = LINE('',#7955,#7956);
#7955 = CARTESIAN_POINT('',(-10.75,-4.5,46.));
#7956 = VECTOR('',#7957,1.);
#7957 = DIRECTION('',(1.,0.,0.));
#7958 = ORIENTED_EDGE('',*,*,#7911,.T.);
#7959 = ORIENTED_EDGE('',*,*,#7960,.T.);
#7960 = EDGE_CURVE('',#7914,#7961,#7963,.T.);
#7961 = VERTEX_POINT('',#7962);
#7962 = CARTESIAN_POINT('',(10.75,-4.5,51.5));
#7963 = LINE('',#7964,#7965);
#7964 = CARTESIAN_POINT('',(-10.75,-4.5,51.5));
#7965 = VECTOR('',#7966,1.);
#7966 = DIRECTION('',(1.,0.,0.));
#7967 = ORIENTED_EDGE('',*,*,#7968,.F.);
#7968 = EDGE_CURVE('',#7952,#7961,#7969,.T.);
#7969 = LINE('',#7970,#7971);
#7970 = CARTESIAN_POINT('',(10.75,-4.5,46.));
#7971 = VECTOR('',#7972,1.);
#7972 = DIRECTION('',(0.,0.,1.));
#7973 = PLANE('',#7974);
#7974 = AXIS2_PLACEMENT_3D('',#7975,#7976,#7977);
#7975 = CARTESIAN_POINT('',(-10.75,-4.5,46.));
#7976 = DIRECTION('',(0.,1.,0.));
#7977 = DIRECTION('',(0.,0.,1.));
#7978 = ADVANCED_FACE('',(#7979,#7997),#8031,.T.);
#7979 = FACE_BOUND('',#7980,.T.);
#7980 = EDGE_LOOP('',(#7981,#7982,#7983,#7991));
#7981 = ORIENTED_EDGE('',*,*,#7937,.F.);
#7982 = ORIENTED_EDGE('',*,*,#7960,.T.);
#7983 = ORIENTED_EDGE('',*,*,#7984,.T.);
#7984 = EDGE_CURVE('',#7961,#7985,#7987,.T.);
#7985 = VERTEX_POINT('',#7986);
#7986 = CARTESIAN_POINT('',(10.75,0.,51.5));
#7987 = LINE('',#7988,#7989);
#7988 = CARTESIAN_POINT('',(10.75,-4.5,51.5));
#7989 = VECTOR('',#7990,1.);
#7990 = DIRECTION('',(0.,1.,0.));
#7991 = ORIENTED_EDGE('',*,*,#7992,.F.);
#7992 = EDGE_CURVE('',#7930,#7985,#7993,.T.);
#7993 = LINE('',#7994,#7995);
#7994 = CARTESIAN_POINT('',(-10.75,0.,51.5));
#7995 = VECTOR('',#7996,1.);
#7996 = DIRECTION('',(1.,0.,0.));
#7997 = FACE_BOUND('',#7998,.T.);
#7998 = EDGE_LOOP('',(#7999,#8009,#8017,#8025));
#7999 = ORIENTED_EDGE('',*,*,#8000,.F.);
#8000 = EDGE_CURVE('',#8001,#8003,#8005,.T.);
#8001 = VERTEX_POINT('',#8002);
#8002 = CARTESIAN_POINT('',(-9.95,-4.,51.5));
#8003 = VERTEX_POINT('',#8004);
#8004 = CARTESIAN_POINT('',(9.95,-4.,51.5));
#8005 = LINE('',#8006,#8007);
#8006 = CARTESIAN_POINT('',(-9.95,-4.,51.5));
#8007 = VECTOR('',#8008,1.);
#8008 = DIRECTION('',(1.,0.,0.));
#8009 = ORIENTED_EDGE('',*,*,#8010,.T.);
#8010 = EDGE_CURVE('',#8001,#8011,#8013,.T.);
#8011 = VERTEX_POINT('',#8012);
#8012 = CARTESIAN_POINT('',(-9.95,-0.7,51.5));
#8013 = LINE('',#8014,#8015);
#8014 = CARTESIAN_POINT('',(-9.95,-4.,51.5));
#8015 = VECTOR('',#8016,1.);
#8016 = DIRECTION('',(0.,1.,0.));
#8017 = ORIENTED_EDGE('',*,*,#8018,.T.);
#8018 = EDGE_CURVE('',#8011,#8019,#8021,.T.);
#8019 = VERTEX_POINT('',#8020);
#8020 = CARTESIAN_POINT('',(9.95,-0.7,51.5));
#8021 = LINE('',#8022,#8023);
#8022 = CARTESIAN_POINT('',(-9.95,-0.7,51.5));
#8023 = VECTOR('',#8024,1.);
#8024 = DIRECTION('',(1.,0.,0.));
#8025 = ORIENTED_EDGE('',*,*,#8026,.F.);
#8026 = EDGE_CURVE('',#8003,#8019,#8027,.T.);
#8027 = LINE('',#8028,#8029);
#8028 = CARTESIAN_POINT('',(9.95,-4.,51.5));
#8029 = VECTOR('',#8030,1.);
#8030 = DIRECTION('',(0.,1.,0.));
#8031 = PLANE('',#8032);
#8032 = AXIS2_PLACEMENT_3D('',#8033,#8034,#8035);
#8033 = CARTESIAN_POINT('',(-10.75,-4.5,51.5));
#8034 = DIRECTION('',(0.,0.,1.));
#8035 = DIRECTION('',(1.,0.,0.));
#8036 = ADVANCED_FACE('',(#8037,#8055,#8089,#8123,#8157,#8191,#8225,
    #8259,#8293),#8327,.T.);
#8037 = FACE_BOUND('',#8038,.T.);
#8038 = EDGE_LOOP('',(#8039,#8047,#8048,#8049));
#8039 = ORIENTED_EDGE('',*,*,#8040,.F.);
#8040 = EDGE_CURVE('',#7922,#8041,#8043,.T.);
#8041 = VERTEX_POINT('',#8042);
#8042 = CARTESIAN_POINT('',(10.75,0.,46.));
#8043 = LINE('',#8044,#8045);
#8044 = CARTESIAN_POINT('',(-10.75,0.,46.));
#8045 = VECTOR('',#8046,1.);
#8046 = DIRECTION('',(1.,0.,0.));
#8047 = ORIENTED_EDGE('',*,*,#7929,.T.);
#8048 = ORIENTED_EDGE('',*,*,#7992,.T.);
#8049 = ORIENTED_EDGE('',*,*,#8050,.F.);
#8050 = EDGE_CURVE('',#8041,#7985,#8051,.T.);
#8051 = LINE('',#8052,#8053);
#8052 = CARTESIAN_POINT('',(10.75,0.,46.));
#8053 = VECTOR('',#8054,1.);
#8054 = DIRECTION('',(0.,0.,1.));
#8055 = FACE_BOUND('',#8056,.T.);
#8056 = EDGE_LOOP('',(#8057,#8067,#8075,#8083));
#8057 = ORIENTED_EDGE('',*,*,#8058,.F.);
#8058 = EDGE_CURVE('',#8059,#8061,#8063,.T.);
#8059 = VERTEX_POINT('',#8060);
#8060 = CARTESIAN_POINT('',(-9.21,0.,47.82));
#8061 = VERTEX_POINT('',#8062);
#8062 = CARTESIAN_POINT('',(-8.57,0.,47.82));
#8063 = LINE('',#8064,#8065);
#8064 = CARTESIAN_POINT('',(-9.98,0.,47.82));
#8065 = VECTOR('',#8066,1.);
#8066 = DIRECTION('',(1.,0.,0.));
#8067 = ORIENTED_EDGE('',*,*,#8068,.T.);
#8068 = EDGE_CURVE('',#8059,#8069,#8071,.T.);
#8069 = VERTEX_POINT('',#8070);
#8070 = CARTESIAN_POINT('',(-9.21,0.,47.18));
#8071 = LINE('',#8072,#8073);
#8072 = CARTESIAN_POINT('',(-9.21,0.,46.59));
#8073 = VECTOR('',#8074,1.);
#8074 = DIRECTION('',(0.,0.,-1.));
#8075 = ORIENTED_EDGE('',*,*,#8076,.T.);
#8076 = EDGE_CURVE('',#8069,#8077,#8079,.T.);
#8077 = VERTEX_POINT('',#8078);
#8078 = CARTESIAN_POINT('',(-8.57,0.,47.18));
#8079 = LINE('',#8080,#8081);
#8080 = CARTESIAN_POINT('',(-9.98,0.,47.18));
#8081 = VECTOR('',#8082,1.);
#8082 = DIRECTION('',(1.,0.,0.));
#8083 = ORIENTED_EDGE('',*,*,#8084,.F.);
#8084 = EDGE_CURVE('',#8061,#8077,#8085,.T.);
#8085 = LINE('',#8086,#8087);
#8086 = CARTESIAN_POINT('',(-8.57,0.,46.59));
#8087 = VECTOR('',#8088,1.);
#8088 = DIRECTION('',(0.,0.,-1.));
#8089 = FACE_BOUND('',#8090,.T.);
#8090 = EDGE_LOOP('',(#8091,#8101,#8109,#8117));
#8091 = ORIENTED_EDGE('',*,*,#8092,.F.);
#8092 = EDGE_CURVE('',#8093,#8095,#8097,.T.);
#8093 = VERTEX_POINT('',#8094);
#8094 = CARTESIAN_POINT('',(-6.67,0.,47.82));
#8095 = VERTEX_POINT('',#8096);
#8096 = CARTESIAN_POINT('',(-6.03,0.,47.82));
#8097 = LINE('',#8098,#8099);
#8098 = CARTESIAN_POINT('',(-8.71,0.,47.82));
#8099 = VECTOR('',#8100,1.);
#8100 = DIRECTION('',(1.,0.,0.));
#8101 = ORIENTED_EDGE('',*,*,#8102,.T.);
#8102 = EDGE_CURVE('',#8093,#8103,#8105,.T.);
#8103 = VERTEX_POINT('',#8104);
#8104 = CARTESIAN_POINT('',(-6.67,0.,47.18));
#8105 = LINE('',#8106,#8107);
#8106 = CARTESIAN_POINT('',(-6.67,0.,46.59));
#8107 = VECTOR('',#8108,1.);
#8108 = DIRECTION('',(0.,0.,-1.));
#8109 = ORIENTED_EDGE('',*,*,#8110,.T.);
#8110 = EDGE_CURVE('',#8103,#8111,#8113,.T.);
#8111 = VERTEX_POINT('',#8112);
#8112 = CARTESIAN_POINT('',(-6.03,0.,47.18));
#8113 = LINE('',#8114,#8115);
#8114 = CARTESIAN_POINT('',(-8.71,0.,47.18));
#8115 = VECTOR('',#8116,1.);
#8116 = DIRECTION('',(1.,0.,0.));
#8117 = ORIENTED_EDGE('',*,*,#8118,.F.);
#8118 = EDGE_CURVE('',#8095,#8111,#8119,.T.);
#8119 = LINE('',#8120,#8121);
#8120 = CARTESIAN_POINT('',(-6.03,0.,46.59));
#8121 = VECTOR('',#8122,1.);
#8122 = DIRECTION('',(0.,0.,-1.));
#8123 = FACE_BOUND('',#8124,.T.);
#8124 = EDGE_LOOP('',(#8125,#8135,#8143,#8151));
#8125 = ORIENTED_EDGE('',*,*,#8126,.F.);
#8126 = EDGE_CURVE('',#8127,#8129,#8131,.T.);
#8127 = VERTEX_POINT('',#8128);
#8128 = CARTESIAN_POINT('',(-4.13,0.,47.82));
#8129 = VERTEX_POINT('',#8130);
#8130 = CARTESIAN_POINT('',(-3.49,0.,47.82));
#8131 = LINE('',#8132,#8133);
#8132 = CARTESIAN_POINT('',(-7.44,0.,47.82));
#8133 = VECTOR('',#8134,1.);
#8134 = DIRECTION('',(1.,0.,0.));
#8135 = ORIENTED_EDGE('',*,*,#8136,.T.);
#8136 = EDGE_CURVE('',#8127,#8137,#8139,.T.);
#8137 = VERTEX_POINT('',#8138);
#8138 = CARTESIAN_POINT('',(-4.13,0.,47.18));
#8139 = LINE('',#8140,#8141);
#8140 = CARTESIAN_POINT('',(-4.13,0.,46.59));
#8141 = VECTOR('',#8142,1.);
#8142 = DIRECTION('',(0.,0.,-1.));
#8143 = ORIENTED_EDGE('',*,*,#8144,.T.);
#8144 = EDGE_CURVE('',#8137,#8145,#8147,.T.);
#8145 = VERTEX_POINT('',#8146);
#8146 = CARTESIAN_POINT('',(-3.49,0.,47.18));
#8147 = LINE('',#8148,#8149);
#8148 = CARTESIAN_POINT('',(-7.44,0.,47.18));
#8149 = VECTOR('',#8150,1.);
#8150 = DIRECTION('',(1.,0.,0.));
#8151 = ORIENTED_EDGE('',*,*,#8152,.F.);
#8152 = EDGE_CURVE('',#8129,#8145,#8153,.T.);
#8153 = LINE('',#8154,#8155);
#8154 = CARTESIAN_POINT('',(-3.49,0.,46.59));
#8155 = VECTOR('',#8156,1.);
#8156 = DIRECTION('',(0.,0.,-1.));
#8157 = FACE_BOUND('',#8158,.T.);
#8158 = EDGE_LOOP('',(#8159,#8169,#8177,#8185));
#8159 = ORIENTED_EDGE('',*,*,#8160,.F.);
#8160 = EDGE_CURVE('',#8161,#8163,#8165,.T.);
#8161 = VERTEX_POINT('',#8162);
#8162 = CARTESIAN_POINT('',(-1.59,0.,47.82));
#8163 = VERTEX_POINT('',#8164);
#8164 = CARTESIAN_POINT('',(-0.95,0.,47.82));
#8165 = LINE('',#8166,#8167);
#8166 = CARTESIAN_POINT('',(-6.17,0.,47.82));
#8167 = VECTOR('',#8168,1.);
#8168 = DIRECTION('',(1.,0.,0.));
#8169 = ORIENTED_EDGE('',*,*,#8170,.T.);
#8170 = EDGE_CURVE('',#8161,#8171,#8173,.T.);
#8171 = VERTEX_POINT('',#8172);
#8172 = CARTESIAN_POINT('',(-1.59,0.,47.18));
#8173 = LINE('',#8174,#8175);
#8174 = CARTESIAN_POINT('',(-1.59,0.,46.59));
#8175 = VECTOR('',#8176,1.);
#8176 = DIRECTION('',(0.,0.,-1.));
#8177 = ORIENTED_EDGE('',*,*,#8178,.T.);
#8178 = EDGE_CURVE('',#8171,#8179,#8181,.T.);
#8179 = VERTEX_POINT('',#8180);
#8180 = CARTESIAN_POINT('',(-0.95,0.,47.18));
#8181 = LINE('',#8182,#8183);
#8182 = CARTESIAN_POINT('',(-6.17,0.,47.18));
#8183 = VECTOR('',#8184,1.);
#8184 = DIRECTION('',(1.,0.,0.));
#8185 = ORIENTED_EDGE('',*,*,#8186,.F.);
#8186 = EDGE_CURVE('',#8163,#8179,#8187,.T.);
#8187 = LINE('',#8188,#8189);
#8188 = CARTESIAN_POINT('',(-0.95,0.,46.59));
#8189 = VECTOR('',#8190,1.);
#8190 = DIRECTION('',(0.,0.,-1.));
#8191 = FACE_BOUND('',#8192,.T.);
#8192 = EDGE_LOOP('',(#8193,#8203,#8211,#8219));
#8193 = ORIENTED_EDGE('',*,*,#8194,.F.);
#8194 = EDGE_CURVE('',#8195,#8197,#8199,.T.);
#8195 = VERTEX_POINT('',#8196);
#8196 = CARTESIAN_POINT('',(0.95,0.,47.82));
#8197 = VERTEX_POINT('',#8198);
#8198 = CARTESIAN_POINT('',(1.59,0.,47.82));
#8199 = LINE('',#8200,#8201);
#8200 = CARTESIAN_POINT('',(-4.9,0.,47.82));
#8201 = VECTOR('',#8202,1.);
#8202 = DIRECTION('',(1.,0.,0.));
#8203 = ORIENTED_EDGE('',*,*,#8204,.T.);
#8204 = EDGE_CURVE('',#8195,#8205,#8207,.T.);
#8205 = VERTEX_POINT('',#8206);
#8206 = CARTESIAN_POINT('',(0.95,0.,47.18));
#8207 = LINE('',#8208,#8209);
#8208 = CARTESIAN_POINT('',(0.95,0.,46.59));
#8209 = VECTOR('',#8210,1.);
#8210 = DIRECTION('',(0.,0.,-1.));
#8211 = ORIENTED_EDGE('',*,*,#8212,.T.);
#8212 = EDGE_CURVE('',#8205,#8213,#8215,.T.);
#8213 = VERTEX_POINT('',#8214);
#8214 = CARTESIAN_POINT('',(1.59,0.,47.18));
#8215 = LINE('',#8216,#8217);
#8216 = CARTESIAN_POINT('',(-4.9,0.,47.18));
#8217 = VECTOR('',#8218,1.);
#8218 = DIRECTION('',(1.,0.,0.));
#8219 = ORIENTED_EDGE('',*,*,#8220,.F.);
#8220 = EDGE_CURVE('',#8197,#8213,#8221,.T.);
#8221 = LINE('',#8222,#8223);
#8222 = CARTESIAN_POINT('',(1.59,0.,46.59));
#8223 = VECTOR('',#8224,1.);
#8224 = DIRECTION('',(0.,0.,-1.));
#8225 = FACE_BOUND('',#8226,.T.);
#8226 = EDGE_LOOP('',(#8227,#8237,#8245,#8253));
#8227 = ORIENTED_EDGE('',*,*,#8228,.F.);
#8228 = EDGE_CURVE('',#8229,#8231,#8233,.T.);
#8229 = VERTEX_POINT('',#8230);
#8230 = CARTESIAN_POINT('',(3.49,0.,47.82));
#8231 = VERTEX_POINT('',#8232);
#8232 = CARTESIAN_POINT('',(4.13,0.,47.82));
#8233 = LINE('',#8234,#8235);
#8234 = CARTESIAN_POINT('',(-3.63,0.,47.82));
#8235 = VECTOR('',#8236,1.);
#8236 = DIRECTION('',(1.,0.,0.));
#8237 = ORIENTED_EDGE('',*,*,#8238,.T.);
#8238 = EDGE_CURVE('',#8229,#8239,#8241,.T.);
#8239 = VERTEX_POINT('',#8240);
#8240 = CARTESIAN_POINT('',(3.49,0.,47.18));
#8241 = LINE('',#8242,#8243);
#8242 = CARTESIAN_POINT('',(3.49,0.,46.59));
#8243 = VECTOR('',#8244,1.);
#8244 = DIRECTION('',(0.,0.,-1.));
#8245 = ORIENTED_EDGE('',*,*,#8246,.T.);
#8246 = EDGE_CURVE('',#8239,#8247,#8249,.T.);
#8247 = VERTEX_POINT('',#8248);
#8248 = CARTESIAN_POINT('',(4.13,0.,47.18));
#8249 = LINE('',#8250,#8251);
#8250 = CARTESIAN_POINT('',(-3.63,0.,47.18));
#8251 = VECTOR('',#8252,1.);
#8252 = DIRECTION('',(1.,0.,0.));
#8253 = ORIENTED_EDGE('',*,*,#8254,.F.);
#8254 = EDGE_CURVE('',#8231,#8247,#8255,.T.);
#8255 = LINE('',#8256,#8257);
#8256 = CARTESIAN_POINT('',(4.13,0.,46.59));
#8257 = VECTOR('',#8258,1.);
#8258 = DIRECTION('',(0.,0.,-1.));
#8259 = FACE_BOUND('',#8260,.T.);
#8260 = EDGE_LOOP('',(#8261,#8271,#8279,#8287));
#8261 = ORIENTED_EDGE('',*,*,#8262,.F.);
#8262 = EDGE_CURVE('',#8263,#8265,#8267,.T.);
#8263 = VERTEX_POINT('',#8264);
#8264 = CARTESIAN_POINT('',(6.03,0.,47.82));
#8265 = VERTEX_POINT('',#8266);
#8266 = CARTESIAN_POINT('',(6.67,0.,47.82));
#8267 = LINE('',#8268,#8269);
#8268 = CARTESIAN_POINT('',(-2.36,0.,47.82));
#8269 = VECTOR('',#8270,1.);
#8270 = DIRECTION('',(1.,0.,0.));
#8271 = ORIENTED_EDGE('',*,*,#8272,.T.);
#8272 = EDGE_CURVE('',#8263,#8273,#8275,.T.);
#8273 = VERTEX_POINT('',#8274);
#8274 = CARTESIAN_POINT('',(6.03,0.,47.18));
#8275 = LINE('',#8276,#8277);
#8276 = CARTESIAN_POINT('',(6.03,0.,46.59));
#8277 = VECTOR('',#8278,1.);
#8278 = DIRECTION('',(0.,0.,-1.));
#8279 = ORIENTED_EDGE('',*,*,#8280,.T.);
#8280 = EDGE_CURVE('',#8273,#8281,#8283,.T.);
#8281 = VERTEX_POINT('',#8282);
#8282 = CARTESIAN_POINT('',(6.67,0.,47.18));
#8283 = LINE('',#8284,#8285);
#8284 = CARTESIAN_POINT('',(-2.36,0.,47.18));
#8285 = VECTOR('',#8286,1.);
#8286 = DIRECTION('',(1.,0.,0.));
#8287 = ORIENTED_EDGE('',*,*,#8288,.F.);
#8288 = EDGE_CURVE('',#8265,#8281,#8289,.T.);
#8289 = LINE('',#8290,#8291);
#8290 = CARTESIAN_POINT('',(6.67,0.,46.59));
#8291 = VECTOR('',#8292,1.);
#8292 = DIRECTION('',(0.,0.,-1.));
#8293 = FACE_BOUND('',#8294,.T.);
#8294 = EDGE_LOOP('',(#8295,#8305,#8313,#8321));
#8295 = ORIENTED_EDGE('',*,*,#8296,.F.);
#8296 = EDGE_CURVE('',#8297,#8299,#8301,.T.);
#8297 = VERTEX_POINT('',#8298);
#8298 = CARTESIAN_POINT('',(8.57,0.,47.82));
#8299 = VERTEX_POINT('',#8300);
#8300 = CARTESIAN_POINT('',(9.21,0.,47.82));
#8301 = LINE('',#8302,#8303);
#8302 = CARTESIAN_POINT('',(-1.09,0.,47.82));
#8303 = VECTOR('',#8304,1.);
#8304 = DIRECTION('',(1.,0.,0.));
#8305 = ORIENTED_EDGE('',*,*,#8306,.T.);
#8306 = EDGE_CURVE('',#8297,#8307,#8309,.T.);
#8307 = VERTEX_POINT('',#8308);
#8308 = CARTESIAN_POINT('',(8.57,0.,47.18));
#8309 = LINE('',#8310,#8311);
#8310 = CARTESIAN_POINT('',(8.57,0.,46.59));
#8311 = VECTOR('',#8312,1.);
#8312 = DIRECTION('',(0.,0.,-1.));
#8313 = ORIENTED_EDGE('',*,*,#8314,.T.);
#8314 = EDGE_CURVE('',#8307,#8315,#8317,.T.);
#8315 = VERTEX_POINT('',#8316);
#8316 = CARTESIAN_POINT('',(9.21,0.,47.18));
#8317 = LINE('',#8318,#8319);
#8318 = CARTESIAN_POINT('',(-1.09,0.,47.18));
#8319 = VECTOR('',#8320,1.);
#8320 = DIRECTION('',(1.,0.,0.));
#8321 = ORIENTED_EDGE('',*,*,#8322,.F.);
#8322 = EDGE_CURVE('',#8299,#8315,#8323,.T.);
#8323 = LINE('',#8324,#8325);
#8324 = CARTESIAN_POINT('',(9.21,0.,46.59));
#8325 = VECTOR('',#8326,1.);
#8326 = DIRECTION('',(0.,0.,-1.));
#8327 = PLANE('',#8328);
#8328 = AXIS2_PLACEMENT_3D('',#8329,#8330,#8331);
#8329 = CARTESIAN_POINT('',(-10.75,0.,46.));
#8330 = DIRECTION('',(0.,1.,0.));
#8331 = DIRECTION('',(0.,0.,1.));
#8332 = ADVANCED_FACE('',(#8333),#8344,.F.);
#8333 = FACE_BOUND('',#8334,.F.);
#8334 = EDGE_LOOP('',(#8335,#8336,#8337,#8343));
#8335 = ORIENTED_EDGE('',*,*,#7921,.F.);
#8336 = ORIENTED_EDGE('',*,*,#7951,.T.);
#8337 = ORIENTED_EDGE('',*,*,#8338,.T.);
#8338 = EDGE_CURVE('',#7952,#8041,#8339,.T.);
#8339 = LINE('',#8340,#8341);
#8340 = CARTESIAN_POINT('',(10.75,-4.5,46.));
#8341 = VECTOR('',#8342,1.);
#8342 = DIRECTION('',(0.,1.,0.));
#8343 = ORIENTED_EDGE('',*,*,#8040,.F.);
#8344 = PLANE('',#8345);
#8345 = AXIS2_PLACEMENT_3D('',#8346,#8347,#8348);
#8346 = CARTESIAN_POINT('',(-10.75,-4.5,46.));
#8347 = DIRECTION('',(0.,0.,1.));
#8348 = DIRECTION('',(1.,0.,0.));
#8349 = ADVANCED_FACE('',(#8350),#8356,.T.);
#8350 = FACE_BOUND('',#8351,.T.);
#8351 = EDGE_LOOP('',(#8352,#8353,#8354,#8355));
#8352 = ORIENTED_EDGE('',*,*,#7968,.F.);
#8353 = ORIENTED_EDGE('',*,*,#8338,.T.);
#8354 = ORIENTED_EDGE('',*,*,#8050,.T.);
#8355 = ORIENTED_EDGE('',*,*,#7984,.F.);
#8356 = PLANE('',#8357);
#8357 = AXIS2_PLACEMENT_3D('',#8358,#8359,#8360);
#8358 = CARTESIAN_POINT('',(10.75,-4.5,46.));
#8359 = DIRECTION('',(1.,0.,0.));
#8360 = DIRECTION('',(0.,0.,1.));
#8361 = ADVANCED_FACE('',(#8362),#8387,.T.);
#8362 = FACE_BOUND('',#8363,.T.);
#8363 = EDGE_LOOP('',(#8364,#8374,#8380,#8381));
#8364 = ORIENTED_EDGE('',*,*,#8365,.F.);
#8365 = EDGE_CURVE('',#8366,#8368,#8370,.T.);
#8366 = VERTEX_POINT('',#8367);
#8367 = CARTESIAN_POINT('',(-9.95,-4.,47.));
#8368 = VERTEX_POINT('',#8369);
#8369 = CARTESIAN_POINT('',(9.95,-4.,47.));
#8370 = LINE('',#8371,#8372);
#8371 = CARTESIAN_POINT('',(-9.95,-4.,47.));
#8372 = VECTOR('',#8373,1.);
#8373 = DIRECTION('',(1.,0.,0.));
#8374 = ORIENTED_EDGE('',*,*,#8375,.T.);
#8375 = EDGE_CURVE('',#8366,#8001,#8376,.T.);
#8376 = LINE('',#8377,#8378);
#8377 = CARTESIAN_POINT('',(-9.95,-4.,47.));
#8378 = VECTOR('',#8379,1.);
#8379 = DIRECTION('',(0.,0.,1.));
#8380 = ORIENTED_EDGE('',*,*,#8000,.T.);
#8381 = ORIENTED_EDGE('',*,*,#8382,.F.);
#8382 = EDGE_CURVE('',#8368,#8003,#8383,.T.);
#8383 = LINE('',#8384,#8385);
#8384 = CARTESIAN_POINT('',(9.95,-4.,47.));
#8385 = VECTOR('',#8386,1.);
#8386 = DIRECTION('',(0.,0.,1.));
#8387 = PLANE('',#8388);
#8388 = AXIS2_PLACEMENT_3D('',#8389,#8390,#8391);
#8389 = CARTESIAN_POINT('',(-9.95,-4.,47.));
#8390 = DIRECTION('',(0.,1.,0.));
#8391 = DIRECTION('',(0.,0.,1.));
#8392 = ADVANCED_FACE('',(#8393),#8411,.F.);
#8393 = FACE_BOUND('',#8394,.F.);
#8394 = EDGE_LOOP('',(#8395,#8396,#8404,#8410));
#8395 = ORIENTED_EDGE('',*,*,#8382,.F.);
#8396 = ORIENTED_EDGE('',*,*,#8397,.T.);
#8397 = EDGE_CURVE('',#8368,#8398,#8400,.T.);
#8398 = VERTEX_POINT('',#8399);
#8399 = CARTESIAN_POINT('',(9.95,-0.7,47.));
#8400 = LINE('',#8401,#8402);
#8401 = CARTESIAN_POINT('',(9.95,-4.,47.));
#8402 = VECTOR('',#8403,1.);
#8403 = DIRECTION('',(0.,1.,0.));
#8404 = ORIENTED_EDGE('',*,*,#8405,.T.);
#8405 = EDGE_CURVE('',#8398,#8019,#8406,.T.);
#8406 = LINE('',#8407,#8408);
#8407 = CARTESIAN_POINT('',(9.95,-0.7,47.));
#8408 = VECTOR('',#8409,1.);
#8409 = DIRECTION('',(0.,0.,1.));
#8410 = ORIENTED_EDGE('',*,*,#8026,.F.);
#8411 = PLANE('',#8412);
#8412 = AXIS2_PLACEMENT_3D('',#8413,#8414,#8415);
#8413 = CARTESIAN_POINT('',(9.95,-4.,47.));
#8414 = DIRECTION('',(1.,0.,0.));
#8415 = DIRECTION('',(0.,0.,1.));
#8416 = ADVANCED_FACE('',(#8417,#8435,#8469,#8503,#8537,#8571,#8605,
    #8639,#8673),#8707,.F.);
#8417 = FACE_BOUND('',#8418,.F.);
#8418 = EDGE_LOOP('',(#8419,#8427,#8433,#8434));
#8419 = ORIENTED_EDGE('',*,*,#8420,.F.);
#8420 = EDGE_CURVE('',#8421,#8398,#8423,.T.);
#8421 = VERTEX_POINT('',#8422);
#8422 = CARTESIAN_POINT('',(-9.95,-0.7,47.));
#8423 = LINE('',#8424,#8425);
#8424 = CARTESIAN_POINT('',(-9.95,-0.7,47.));
#8425 = VECTOR('',#8426,1.);
#8426 = DIRECTION('',(1.,0.,0.));
#8427 = ORIENTED_EDGE('',*,*,#8428,.T.);
#8428 = EDGE_CURVE('',#8421,#8011,#8429,.T.);
#8429 = LINE('',#8430,#8431);
#8430 = CARTESIAN_POINT('',(-9.95,-0.7,47.));
#8431 = VECTOR('',#8432,1.);
#8432 = DIRECTION('',(0.,0.,1.));
#8433 = ORIENTED_EDGE('',*,*,#8018,.T.);
#8434 = ORIENTED_EDGE('',*,*,#8405,.F.);
#8435 = FACE_BOUND('',#8436,.F.);
#8436 = EDGE_LOOP('',(#8437,#8447,#8455,#8463));
#8437 = ORIENTED_EDGE('',*,*,#8438,.F.);
#8438 = EDGE_CURVE('',#8439,#8441,#8443,.T.);
#8439 = VERTEX_POINT('',#8440);
#8440 = CARTESIAN_POINT('',(-9.21,-0.7,47.82));
#8441 = VERTEX_POINT('',#8442);
#8442 = CARTESIAN_POINT('',(-8.57,-0.7,47.82));
#8443 = LINE('',#8444,#8445);
#8444 = CARTESIAN_POINT('',(-9.58,-0.7,47.82));
#8445 = VECTOR('',#8446,1.);
#8446 = DIRECTION('',(1.,0.,0.));
#8447 = ORIENTED_EDGE('',*,*,#8448,.T.);
#8448 = EDGE_CURVE('',#8439,#8449,#8451,.T.);
#8449 = VERTEX_POINT('',#8450);
#8450 = CARTESIAN_POINT('',(-9.21,-0.7,47.18));
#8451 = LINE('',#8452,#8453);
#8452 = CARTESIAN_POINT('',(-9.21,-0.7,47.09));
#8453 = VECTOR('',#8454,1.);
#8454 = DIRECTION('',(0.,0.,-1.));
#8455 = ORIENTED_EDGE('',*,*,#8456,.T.);
#8456 = EDGE_CURVE('',#8449,#8457,#8459,.T.);
#8457 = VERTEX_POINT('',#8458);
#8458 = CARTESIAN_POINT('',(-8.57,-0.7,47.18));
#8459 = LINE('',#8460,#8461);
#8460 = CARTESIAN_POINT('',(-9.58,-0.7,47.18));
#8461 = VECTOR('',#8462,1.);
#8462 = DIRECTION('',(1.,0.,0.));
#8463 = ORIENTED_EDGE('',*,*,#8464,.F.);
#8464 = EDGE_CURVE('',#8441,#8457,#8465,.T.);
#8465 = LINE('',#8466,#8467);
#8466 = CARTESIAN_POINT('',(-8.57,-0.7,47.09));
#8467 = VECTOR('',#8468,1.);
#8468 = DIRECTION('',(0.,0.,-1.));
#8469 = FACE_BOUND('',#8470,.F.);
#8470 = EDGE_LOOP('',(#8471,#8481,#8489,#8497));
#8471 = ORIENTED_EDGE('',*,*,#8472,.F.);
#8472 = EDGE_CURVE('',#8473,#8475,#8477,.T.);
#8473 = VERTEX_POINT('',#8474);
#8474 = CARTESIAN_POINT('',(-6.67,-0.7,47.82));
#8475 = VERTEX_POINT('',#8476);
#8476 = CARTESIAN_POINT('',(-6.03,-0.7,47.82));
#8477 = LINE('',#8478,#8479);
#8478 = CARTESIAN_POINT('',(-8.31,-0.7,47.82));
#8479 = VECTOR('',#8480,1.);
#8480 = DIRECTION('',(1.,0.,0.));
#8481 = ORIENTED_EDGE('',*,*,#8482,.T.);
#8482 = EDGE_CURVE('',#8473,#8483,#8485,.T.);
#8483 = VERTEX_POINT('',#8484);
#8484 = CARTESIAN_POINT('',(-6.67,-0.7,47.18));
#8485 = LINE('',#8486,#8487);
#8486 = CARTESIAN_POINT('',(-6.67,-0.7,47.09));
#8487 = VECTOR('',#8488,1.);
#8488 = DIRECTION('',(0.,0.,-1.));
#8489 = ORIENTED_EDGE('',*,*,#8490,.T.);
#8490 = EDGE_CURVE('',#8483,#8491,#8493,.T.);
#8491 = VERTEX_POINT('',#8492);
#8492 = CARTESIAN_POINT('',(-6.03,-0.7,47.18));
#8493 = LINE('',#8494,#8495);
#8494 = CARTESIAN_POINT('',(-8.31,-0.7,47.18));
#8495 = VECTOR('',#8496,1.);
#8496 = DIRECTION('',(1.,0.,0.));
#8497 = ORIENTED_EDGE('',*,*,#8498,.F.);
#8498 = EDGE_CURVE('',#8475,#8491,#8499,.T.);
#8499 = LINE('',#8500,#8501);
#8500 = CARTESIAN_POINT('',(-6.03,-0.7,47.09));
#8501 = VECTOR('',#8502,1.);
#8502 = DIRECTION('',(0.,0.,-1.));
#8503 = FACE_BOUND('',#8504,.F.);
#8504 = EDGE_LOOP('',(#8505,#8515,#8523,#8531));
#8505 = ORIENTED_EDGE('',*,*,#8506,.F.);
#8506 = EDGE_CURVE('',#8507,#8509,#8511,.T.);
#8507 = VERTEX_POINT('',#8508);
#8508 = CARTESIAN_POINT('',(-4.13,-0.7,47.82));
#8509 = VERTEX_POINT('',#8510);
#8510 = CARTESIAN_POINT('',(-3.49,-0.7,47.82));
#8511 = LINE('',#8512,#8513);
#8512 = CARTESIAN_POINT('',(-7.04,-0.7,47.82));
#8513 = VECTOR('',#8514,1.);
#8514 = DIRECTION('',(1.,0.,0.));
#8515 = ORIENTED_EDGE('',*,*,#8516,.T.);
#8516 = EDGE_CURVE('',#8507,#8517,#8519,.T.);
#8517 = VERTEX_POINT('',#8518);
#8518 = CARTESIAN_POINT('',(-4.13,-0.7,47.18));
#8519 = LINE('',#8520,#8521);
#8520 = CARTESIAN_POINT('',(-4.13,-0.7,47.09));
#8521 = VECTOR('',#8522,1.);
#8522 = DIRECTION('',(0.,0.,-1.));
#8523 = ORIENTED_EDGE('',*,*,#8524,.T.);
#8524 = EDGE_CURVE('',#8517,#8525,#8527,.T.);
#8525 = VERTEX_POINT('',#8526);
#8526 = CARTESIAN_POINT('',(-3.49,-0.7,47.18));
#8527 = LINE('',#8528,#8529);
#8528 = CARTESIAN_POINT('',(-7.04,-0.7,47.18));
#8529 = VECTOR('',#8530,1.);
#8530 = DIRECTION('',(1.,0.,0.));
#8531 = ORIENTED_EDGE('',*,*,#8532,.F.);
#8532 = EDGE_CURVE('',#8509,#8525,#8533,.T.);
#8533 = LINE('',#8534,#8535);
#8534 = CARTESIAN_POINT('',(-3.49,-0.7,47.09));
#8535 = VECTOR('',#8536,1.);
#8536 = DIRECTION('',(0.,0.,-1.));
#8537 = FACE_BOUND('',#8538,.F.);
#8538 = EDGE_LOOP('',(#8539,#8549,#8557,#8565));
#8539 = ORIENTED_EDGE('',*,*,#8540,.F.);
#8540 = EDGE_CURVE('',#8541,#8543,#8545,.T.);
#8541 = VERTEX_POINT('',#8542);
#8542 = CARTESIAN_POINT('',(-1.59,-0.7,47.82));
#8543 = VERTEX_POINT('',#8544);
#8544 = CARTESIAN_POINT('',(-0.95,-0.7,47.82));
#8545 = LINE('',#8546,#8547);
#8546 = CARTESIAN_POINT('',(-5.77,-0.7,47.82));
#8547 = VECTOR('',#8548,1.);
#8548 = DIRECTION('',(1.,0.,0.));
#8549 = ORIENTED_EDGE('',*,*,#8550,.T.);
#8550 = EDGE_CURVE('',#8541,#8551,#8553,.T.);
#8551 = VERTEX_POINT('',#8552);
#8552 = CARTESIAN_POINT('',(-1.59,-0.7,47.18));
#8553 = LINE('',#8554,#8555);
#8554 = CARTESIAN_POINT('',(-1.59,-0.7,47.09));
#8555 = VECTOR('',#8556,1.);
#8556 = DIRECTION('',(0.,0.,-1.));
#8557 = ORIENTED_EDGE('',*,*,#8558,.T.);
#8558 = EDGE_CURVE('',#8551,#8559,#8561,.T.);
#8559 = VERTEX_POINT('',#8560);
#8560 = CARTESIAN_POINT('',(-0.95,-0.7,47.18));
#8561 = LINE('',#8562,#8563);
#8562 = CARTESIAN_POINT('',(-5.77,-0.7,47.18));
#8563 = VECTOR('',#8564,1.);
#8564 = DIRECTION('',(1.,0.,0.));
#8565 = ORIENTED_EDGE('',*,*,#8566,.F.);
#8566 = EDGE_CURVE('',#8543,#8559,#8567,.T.);
#8567 = LINE('',#8568,#8569);
#8568 = CARTESIAN_POINT('',(-0.95,-0.7,47.09));
#8569 = VECTOR('',#8570,1.);
#8570 = DIRECTION('',(0.,0.,-1.));
#8571 = FACE_BOUND('',#8572,.F.);
#8572 = EDGE_LOOP('',(#8573,#8583,#8591,#8599));
#8573 = ORIENTED_EDGE('',*,*,#8574,.F.);
#8574 = EDGE_CURVE('',#8575,#8577,#8579,.T.);
#8575 = VERTEX_POINT('',#8576);
#8576 = CARTESIAN_POINT('',(0.95,-0.7,47.82));
#8577 = VERTEX_POINT('',#8578);
#8578 = CARTESIAN_POINT('',(1.59,-0.7,47.82));
#8579 = LINE('',#8580,#8581);
#8580 = CARTESIAN_POINT('',(-4.5,-0.7,47.82));
#8581 = VECTOR('',#8582,1.);
#8582 = DIRECTION('',(1.,0.,0.));
#8583 = ORIENTED_EDGE('',*,*,#8584,.T.);
#8584 = EDGE_CURVE('',#8575,#8585,#8587,.T.);
#8585 = VERTEX_POINT('',#8586);
#8586 = CARTESIAN_POINT('',(0.95,-0.7,47.18));
#8587 = LINE('',#8588,#8589);
#8588 = CARTESIAN_POINT('',(0.95,-0.7,47.09));
#8589 = VECTOR('',#8590,1.);
#8590 = DIRECTION('',(0.,0.,-1.));
#8591 = ORIENTED_EDGE('',*,*,#8592,.T.);
#8592 = EDGE_CURVE('',#8585,#8593,#8595,.T.);
#8593 = VERTEX_POINT('',#8594);
#8594 = CARTESIAN_POINT('',(1.59,-0.7,47.18));
#8595 = LINE('',#8596,#8597);
#8596 = CARTESIAN_POINT('',(-4.5,-0.7,47.18));
#8597 = VECTOR('',#8598,1.);
#8598 = DIRECTION('',(1.,0.,0.));
#8599 = ORIENTED_EDGE('',*,*,#8600,.F.);
#8600 = EDGE_CURVE('',#8577,#8593,#8601,.T.);
#8601 = LINE('',#8602,#8603);
#8602 = CARTESIAN_POINT('',(1.59,-0.7,47.09));
#8603 = VECTOR('',#8604,1.);
#8604 = DIRECTION('',(0.,0.,-1.));
#8605 = FACE_BOUND('',#8606,.F.);
#8606 = EDGE_LOOP('',(#8607,#8617,#8625,#8633));
#8607 = ORIENTED_EDGE('',*,*,#8608,.F.);
#8608 = EDGE_CURVE('',#8609,#8611,#8613,.T.);
#8609 = VERTEX_POINT('',#8610);
#8610 = CARTESIAN_POINT('',(3.49,-0.7,47.82));
#8611 = VERTEX_POINT('',#8612);
#8612 = CARTESIAN_POINT('',(4.13,-0.7,47.82));
#8613 = LINE('',#8614,#8615);
#8614 = CARTESIAN_POINT('',(-3.23,-0.7,47.82));
#8615 = VECTOR('',#8616,1.);
#8616 = DIRECTION('',(1.,0.,0.));
#8617 = ORIENTED_EDGE('',*,*,#8618,.T.);
#8618 = EDGE_CURVE('',#8609,#8619,#8621,.T.);
#8619 = VERTEX_POINT('',#8620);
#8620 = CARTESIAN_POINT('',(3.49,-0.7,47.18));
#8621 = LINE('',#8622,#8623);
#8622 = CARTESIAN_POINT('',(3.49,-0.7,47.09));
#8623 = VECTOR('',#8624,1.);
#8624 = DIRECTION('',(0.,0.,-1.));
#8625 = ORIENTED_EDGE('',*,*,#8626,.T.);
#8626 = EDGE_CURVE('',#8619,#8627,#8629,.T.);
#8627 = VERTEX_POINT('',#8628);
#8628 = CARTESIAN_POINT('',(4.13,-0.7,47.18));
#8629 = LINE('',#8630,#8631);
#8630 = CARTESIAN_POINT('',(-3.23,-0.7,47.18));
#8631 = VECTOR('',#8632,1.);
#8632 = DIRECTION('',(1.,0.,0.));
#8633 = ORIENTED_EDGE('',*,*,#8634,.F.);
#8634 = EDGE_CURVE('',#8611,#8627,#8635,.T.);
#8635 = LINE('',#8636,#8637);
#8636 = CARTESIAN_POINT('',(4.13,-0.7,47.09));
#8637 = VECTOR('',#8638,1.);
#8638 = DIRECTION('',(0.,0.,-1.));
#8639 = FACE_BOUND('',#8640,.F.);
#8640 = EDGE_LOOP('',(#8641,#8651,#8659,#8667));
#8641 = ORIENTED_EDGE('',*,*,#8642,.F.);
#8642 = EDGE_CURVE('',#8643,#8645,#8647,.T.);
#8643 = VERTEX_POINT('',#8644);
#8644 = CARTESIAN_POINT('',(6.03,-0.7,47.82));
#8645 = VERTEX_POINT('',#8646);
#8646 = CARTESIAN_POINT('',(6.67,-0.7,47.82));
#8647 = LINE('',#8648,#8649);
#8648 = CARTESIAN_POINT('',(-1.96,-0.7,47.82));
#8649 = VECTOR('',#8650,1.);
#8650 = DIRECTION('',(1.,0.,0.));
#8651 = ORIENTED_EDGE('',*,*,#8652,.T.);
#8652 = EDGE_CURVE('',#8643,#8653,#8655,.T.);
#8653 = VERTEX_POINT('',#8654);
#8654 = CARTESIAN_POINT('',(6.03,-0.7,47.18));
#8655 = LINE('',#8656,#8657);
#8656 = CARTESIAN_POINT('',(6.03,-0.7,47.09));
#8657 = VECTOR('',#8658,1.);
#8658 = DIRECTION('',(0.,0.,-1.));
#8659 = ORIENTED_EDGE('',*,*,#8660,.T.);
#8660 = EDGE_CURVE('',#8653,#8661,#8663,.T.);
#8661 = VERTEX_POINT('',#8662);
#8662 = CARTESIAN_POINT('',(6.67,-0.7,47.18));
#8663 = LINE('',#8664,#8665);
#8664 = CARTESIAN_POINT('',(-1.96,-0.7,47.18));
#8665 = VECTOR('',#8666,1.);
#8666 = DIRECTION('',(1.,0.,0.));
#8667 = ORIENTED_EDGE('',*,*,#8668,.F.);
#8668 = EDGE_CURVE('',#8645,#8661,#8669,.T.);
#8669 = LINE('',#8670,#8671);
#8670 = CARTESIAN_POINT('',(6.67,-0.7,47.09));
#8671 = VECTOR('',#8672,1.);
#8672 = DIRECTION('',(0.,0.,-1.));
#8673 = FACE_BOUND('',#8674,.F.);
#8674 = EDGE_LOOP('',(#8675,#8685,#8693,#8701));
#8675 = ORIENTED_EDGE('',*,*,#8676,.F.);
#8676 = EDGE_CURVE('',#8677,#8679,#8681,.T.);
#8677 = VERTEX_POINT('',#8678);
#8678 = CARTESIAN_POINT('',(8.57,-0.7,47.82));
#8679 = VERTEX_POINT('',#8680);
#8680 = CARTESIAN_POINT('',(9.21,-0.7,47.82));
#8681 = LINE('',#8682,#8683);
#8682 = CARTESIAN_POINT('',(-0.69,-0.7,47.82));
#8683 = VECTOR('',#8684,1.);
#8684 = DIRECTION('',(1.,0.,0.));
#8685 = ORIENTED_EDGE('',*,*,#8686,.T.);
#8686 = EDGE_CURVE('',#8677,#8687,#8689,.T.);
#8687 = VERTEX_POINT('',#8688);
#8688 = CARTESIAN_POINT('',(8.57,-0.7,47.18));
#8689 = LINE('',#8690,#8691);
#8690 = CARTESIAN_POINT('',(8.57,-0.7,47.09));
#8691 = VECTOR('',#8692,1.);
#8692 = DIRECTION('',(0.,0.,-1.));
#8693 = ORIENTED_EDGE('',*,*,#8694,.T.);
#8694 = EDGE_CURVE('',#8687,#8695,#8697,.T.);
#8695 = VERTEX_POINT('',#8696);
#8696 = CARTESIAN_POINT('',(9.21,-0.7,47.18));
#8697 = LINE('',#8698,#8699);
#8698 = CARTESIAN_POINT('',(-0.69,-0.7,47.18));
#8699 = VECTOR('',#8700,1.);
#8700 = DIRECTION('',(1.,0.,0.));
#8701 = ORIENTED_EDGE('',*,*,#8702,.F.);
#8702 = EDGE_CURVE('',#8679,#8695,#8703,.T.);
#8703 = LINE('',#8704,#8705);
#8704 = CARTESIAN_POINT('',(9.21,-0.7,47.09));
#8705 = VECTOR('',#8706,1.);
#8706 = DIRECTION('',(0.,0.,-1.));
#8707 = PLANE('',#8708);
#8708 = AXIS2_PLACEMENT_3D('',#8709,#8710,#8711);
#8709 = CARTESIAN_POINT('',(-9.95,-0.7,47.));
#8710 = DIRECTION('',(0.,1.,0.));
#8711 = DIRECTION('',(0.,0.,1.));
#8712 = ADVANCED_FACE('',(#8713),#8724,.T.);
#8713 = FACE_BOUND('',#8714,.T.);
#8714 = EDGE_LOOP('',(#8715,#8716,#8722,#8723));
#8715 = ORIENTED_EDGE('',*,*,#8375,.F.);
#8716 = ORIENTED_EDGE('',*,*,#8717,.T.);
#8717 = EDGE_CURVE('',#8366,#8421,#8718,.T.);
#8718 = LINE('',#8719,#8720);
#8719 = CARTESIAN_POINT('',(-9.95,-4.,47.));
#8720 = VECTOR('',#8721,1.);
#8721 = DIRECTION('',(0.,1.,0.));
#8722 = ORIENTED_EDGE('',*,*,#8428,.T.);
#8723 = ORIENTED_EDGE('',*,*,#8010,.F.);
#8724 = PLANE('',#8725);
#8725 = AXIS2_PLACEMENT_3D('',#8726,#8727,#8728);
#8726 = CARTESIAN_POINT('',(-9.95,-4.,47.));
#8727 = DIRECTION('',(1.,0.,0.));
#8728 = DIRECTION('',(0.,0.,1.));
#8729 = ADVANCED_FACE('',(#8730),#8755,.T.);
#8730 = FACE_BOUND('',#8731,.T.);
#8731 = EDGE_LOOP('',(#8732,#8740,#8741,#8749));
#8732 = ORIENTED_EDGE('',*,*,#8733,.F.);
#8733 = EDGE_CURVE('',#8059,#8734,#8736,.T.);
#8734 = VERTEX_POINT('',#8735);
#8735 = CARTESIAN_POINT('',(-9.21,1.5,47.82));
#8736 = LINE('',#8737,#8738);
#8737 = CARTESIAN_POINT('',(-9.21,-2.5,47.82));
#8738 = VECTOR('',#8739,1.);
#8739 = DIRECTION('',(0.,1.,0.));
#8740 = ORIENTED_EDGE('',*,*,#8058,.T.);
#8741 = ORIENTED_EDGE('',*,*,#8742,.T.);
#8742 = EDGE_CURVE('',#8061,#8743,#8745,.T.);
#8743 = VERTEX_POINT('',#8744);
#8744 = CARTESIAN_POINT('',(-8.57,1.5,47.82));
#8745 = LINE('',#8746,#8747);
#8746 = CARTESIAN_POINT('',(-8.57,-2.5,47.82));
#8747 = VECTOR('',#8748,1.);
#8748 = DIRECTION('',(0.,1.,0.));
#8749 = ORIENTED_EDGE('',*,*,#8750,.F.);
#8750 = EDGE_CURVE('',#8734,#8743,#8751,.T.);
#8751 = LINE('',#8752,#8753);
#8752 = CARTESIAN_POINT('',(-9.21,1.5,47.82));
#8753 = VECTOR('',#8754,1.);
#8754 = DIRECTION('',(1.,0.,0.));
#8755 = PLANE('',#8756);
#8756 = AXIS2_PLACEMENT_3D('',#8757,#8758,#8759);
#8757 = CARTESIAN_POINT('',(-9.21,-2.5,47.82));
#8758 = DIRECTION('',(0.,0.,1.));
#8759 = DIRECTION('',(1.,0.,0.));
#8760 = ADVANCED_FACE('',(#8761),#8779,.T.);
#8761 = FACE_BOUND('',#8762,.T.);
#8762 = EDGE_LOOP('',(#8763,#8764,#8772,#8778));
#8763 = ORIENTED_EDGE('',*,*,#8084,.T.);
#8764 = ORIENTED_EDGE('',*,*,#8765,.T.);
#8765 = EDGE_CURVE('',#8077,#8766,#8768,.T.);
#8766 = VERTEX_POINT('',#8767);
#8767 = CARTESIAN_POINT('',(-8.57,1.5,47.18));
#8768 = LINE('',#8769,#8770);
#8769 = CARTESIAN_POINT('',(-8.57,-2.5,47.18));
#8770 = VECTOR('',#8771,1.);
#8771 = DIRECTION('',(0.,1.,0.));
#8772 = ORIENTED_EDGE('',*,*,#8773,.T.);
#8773 = EDGE_CURVE('',#8766,#8743,#8774,.T.);
#8774 = LINE('',#8775,#8776);
#8775 = CARTESIAN_POINT('',(-8.57,1.5,47.18));
#8776 = VECTOR('',#8777,1.);
#8777 = DIRECTION('',(0.,0.,1.));
#8778 = ORIENTED_EDGE('',*,*,#8742,.F.);
#8779 = PLANE('',#8780);
#8780 = AXIS2_PLACEMENT_3D('',#8781,#8782,#8783);
#8781 = CARTESIAN_POINT('',(-8.57,-2.5,47.18));
#8782 = DIRECTION('',(1.,0.,0.));
#8783 = DIRECTION('',(0.,0.,1.));
#8784 = ADVANCED_FACE('',(#8785),#8803,.F.);
#8785 = FACE_BOUND('',#8786,.F.);
#8786 = EDGE_LOOP('',(#8787,#8795,#8796,#8797));
#8787 = ORIENTED_EDGE('',*,*,#8788,.F.);
#8788 = EDGE_CURVE('',#8069,#8789,#8791,.T.);
#8789 = VERTEX_POINT('',#8790);
#8790 = CARTESIAN_POINT('',(-9.21,1.5,47.18));
#8791 = LINE('',#8792,#8793);
#8792 = CARTESIAN_POINT('',(-9.21,-2.5,47.18));
#8793 = VECTOR('',#8794,1.);
#8794 = DIRECTION('',(0.,1.,0.));
#8795 = ORIENTED_EDGE('',*,*,#8076,.T.);
#8796 = ORIENTED_EDGE('',*,*,#8765,.T.);
#8797 = ORIENTED_EDGE('',*,*,#8798,.F.);
#8798 = EDGE_CURVE('',#8789,#8766,#8799,.T.);
#8799 = LINE('',#8800,#8801);
#8800 = CARTESIAN_POINT('',(-9.21,1.5,47.18));
#8801 = VECTOR('',#8802,1.);
#8802 = DIRECTION('',(1.,0.,0.));
#8803 = PLANE('',#8804);
#8804 = AXIS2_PLACEMENT_3D('',#8805,#8806,#8807);
#8805 = CARTESIAN_POINT('',(-9.21,-2.5,47.18));
#8806 = DIRECTION('',(0.,0.,1.));
#8807 = DIRECTION('',(1.,0.,0.));
#8808 = ADVANCED_FACE('',(#8809),#8820,.F.);
#8809 = FACE_BOUND('',#8810,.F.);
#8810 = EDGE_LOOP('',(#8811,#8812,#8813,#8819));
#8811 = ORIENTED_EDGE('',*,*,#8068,.T.);
#8812 = ORIENTED_EDGE('',*,*,#8788,.T.);
#8813 = ORIENTED_EDGE('',*,*,#8814,.T.);
#8814 = EDGE_CURVE('',#8789,#8734,#8815,.T.);
#8815 = LINE('',#8816,#8817);
#8816 = CARTESIAN_POINT('',(-9.21,1.5,47.18));
#8817 = VECTOR('',#8818,1.);
#8818 = DIRECTION('',(0.,0.,1.));
#8819 = ORIENTED_EDGE('',*,*,#8733,.F.);
#8820 = PLANE('',#8821);
#8821 = AXIS2_PLACEMENT_3D('',#8822,#8823,#8824);
#8822 = CARTESIAN_POINT('',(-9.21,-2.5,47.18));
#8823 = DIRECTION('',(1.,0.,0.));
#8824 = DIRECTION('',(0.,0.,1.));
#8825 = ADVANCED_FACE('',(#8826),#8851,.T.);
#8826 = FACE_BOUND('',#8827,.T.);
#8827 = EDGE_LOOP('',(#8828,#8836,#8837,#8845));
#8828 = ORIENTED_EDGE('',*,*,#8829,.F.);
#8829 = EDGE_CURVE('',#8093,#8830,#8832,.T.);
#8830 = VERTEX_POINT('',#8831);
#8831 = CARTESIAN_POINT('',(-6.67,1.5,47.82));
#8832 = LINE('',#8833,#8834);
#8833 = CARTESIAN_POINT('',(-6.67,-2.5,47.82));
#8834 = VECTOR('',#8835,1.);
#8835 = DIRECTION('',(0.,1.,0.));
#8836 = ORIENTED_EDGE('',*,*,#8092,.T.);
#8837 = ORIENTED_EDGE('',*,*,#8838,.T.);
#8838 = EDGE_CURVE('',#8095,#8839,#8841,.T.);
#8839 = VERTEX_POINT('',#8840);
#8840 = CARTESIAN_POINT('',(-6.03,1.5,47.82));
#8841 = LINE('',#8842,#8843);
#8842 = CARTESIAN_POINT('',(-6.03,-2.5,47.82));
#8843 = VECTOR('',#8844,1.);
#8844 = DIRECTION('',(0.,1.,0.));
#8845 = ORIENTED_EDGE('',*,*,#8846,.F.);
#8846 = EDGE_CURVE('',#8830,#8839,#8847,.T.);
#8847 = LINE('',#8848,#8849);
#8848 = CARTESIAN_POINT('',(-6.67,1.5,47.82));
#8849 = VECTOR('',#8850,1.);
#8850 = DIRECTION('',(1.,0.,0.));
#8851 = PLANE('',#8852);
#8852 = AXIS2_PLACEMENT_3D('',#8853,#8854,#8855);
#8853 = CARTESIAN_POINT('',(-6.67,-2.5,47.82));
#8854 = DIRECTION('',(0.,0.,1.));
#8855 = DIRECTION('',(1.,0.,0.));
#8856 = ADVANCED_FACE('',(#8857),#8875,.T.);
#8857 = FACE_BOUND('',#8858,.T.);
#8858 = EDGE_LOOP('',(#8859,#8860,#8868,#8874));
#8859 = ORIENTED_EDGE('',*,*,#8118,.T.);
#8860 = ORIENTED_EDGE('',*,*,#8861,.T.);
#8861 = EDGE_CURVE('',#8111,#8862,#8864,.T.);
#8862 = VERTEX_POINT('',#8863);
#8863 = CARTESIAN_POINT('',(-6.03,1.5,47.18));
#8864 = LINE('',#8865,#8866);
#8865 = CARTESIAN_POINT('',(-6.03,-2.5,47.18));
#8866 = VECTOR('',#8867,1.);
#8867 = DIRECTION('',(0.,1.,0.));
#8868 = ORIENTED_EDGE('',*,*,#8869,.T.);
#8869 = EDGE_CURVE('',#8862,#8839,#8870,.T.);
#8870 = LINE('',#8871,#8872);
#8871 = CARTESIAN_POINT('',(-6.03,1.5,47.18));
#8872 = VECTOR('',#8873,1.);
#8873 = DIRECTION('',(0.,0.,1.));
#8874 = ORIENTED_EDGE('',*,*,#8838,.F.);
#8875 = PLANE('',#8876);
#8876 = AXIS2_PLACEMENT_3D('',#8877,#8878,#8879);
#8877 = CARTESIAN_POINT('',(-6.03,-2.5,47.18));
#8878 = DIRECTION('',(1.,0.,0.));
#8879 = DIRECTION('',(0.,0.,1.));
#8880 = ADVANCED_FACE('',(#8881),#8899,.F.);
#8881 = FACE_BOUND('',#8882,.F.);
#8882 = EDGE_LOOP('',(#8883,#8891,#8892,#8893));
#8883 = ORIENTED_EDGE('',*,*,#8884,.F.);
#8884 = EDGE_CURVE('',#8103,#8885,#8887,.T.);
#8885 = VERTEX_POINT('',#8886);
#8886 = CARTESIAN_POINT('',(-6.67,1.5,47.18));
#8887 = LINE('',#8888,#8889);
#8888 = CARTESIAN_POINT('',(-6.67,-2.5,47.18));
#8889 = VECTOR('',#8890,1.);
#8890 = DIRECTION('',(0.,1.,0.));
#8891 = ORIENTED_EDGE('',*,*,#8110,.T.);
#8892 = ORIENTED_EDGE('',*,*,#8861,.T.);
#8893 = ORIENTED_EDGE('',*,*,#8894,.F.);
#8894 = EDGE_CURVE('',#8885,#8862,#8895,.T.);
#8895 = LINE('',#8896,#8897);
#8896 = CARTESIAN_POINT('',(-6.67,1.5,47.18));
#8897 = VECTOR('',#8898,1.);
#8898 = DIRECTION('',(1.,0.,0.));
#8899 = PLANE('',#8900);
#8900 = AXIS2_PLACEMENT_3D('',#8901,#8902,#8903);
#8901 = CARTESIAN_POINT('',(-6.67,-2.5,47.18));
#8902 = DIRECTION('',(0.,0.,1.));
#8903 = DIRECTION('',(1.,0.,0.));
#8904 = ADVANCED_FACE('',(#8905),#8916,.F.);
#8905 = FACE_BOUND('',#8906,.F.);
#8906 = EDGE_LOOP('',(#8907,#8908,#8909,#8915));
#8907 = ORIENTED_EDGE('',*,*,#8102,.T.);
#8908 = ORIENTED_EDGE('',*,*,#8884,.T.);
#8909 = ORIENTED_EDGE('',*,*,#8910,.T.);
#8910 = EDGE_CURVE('',#8885,#8830,#8911,.T.);
#8911 = LINE('',#8912,#8913);
#8912 = CARTESIAN_POINT('',(-6.67,1.5,47.18));
#8913 = VECTOR('',#8914,1.);
#8914 = DIRECTION('',(0.,0.,1.));
#8915 = ORIENTED_EDGE('',*,*,#8829,.F.);
#8916 = PLANE('',#8917);
#8917 = AXIS2_PLACEMENT_3D('',#8918,#8919,#8920);
#8918 = CARTESIAN_POINT('',(-6.67,-2.5,47.18));
#8919 = DIRECTION('',(1.,0.,0.));
#8920 = DIRECTION('',(0.,0.,1.));
#8921 = ADVANCED_FACE('',(#8922),#8947,.T.);
#8922 = FACE_BOUND('',#8923,.T.);
#8923 = EDGE_LOOP('',(#8924,#8932,#8933,#8941));
#8924 = ORIENTED_EDGE('',*,*,#8925,.F.);
#8925 = EDGE_CURVE('',#8127,#8926,#8928,.T.);
#8926 = VERTEX_POINT('',#8927);
#8927 = CARTESIAN_POINT('',(-4.13,1.5,47.82));
#8928 = LINE('',#8929,#8930);
#8929 = CARTESIAN_POINT('',(-4.13,-2.5,47.82));
#8930 = VECTOR('',#8931,1.);
#8931 = DIRECTION('',(0.,1.,0.));
#8932 = ORIENTED_EDGE('',*,*,#8126,.T.);
#8933 = ORIENTED_EDGE('',*,*,#8934,.T.);
#8934 = EDGE_CURVE('',#8129,#8935,#8937,.T.);
#8935 = VERTEX_POINT('',#8936);
#8936 = CARTESIAN_POINT('',(-3.49,1.5,47.82));
#8937 = LINE('',#8938,#8939);
#8938 = CARTESIAN_POINT('',(-3.49,-2.5,47.82));
#8939 = VECTOR('',#8940,1.);
#8940 = DIRECTION('',(0.,1.,0.));
#8941 = ORIENTED_EDGE('',*,*,#8942,.F.);
#8942 = EDGE_CURVE('',#8926,#8935,#8943,.T.);
#8943 = LINE('',#8944,#8945);
#8944 = CARTESIAN_POINT('',(-4.13,1.5,47.82));
#8945 = VECTOR('',#8946,1.);
#8946 = DIRECTION('',(1.,0.,0.));
#8947 = PLANE('',#8948);
#8948 = AXIS2_PLACEMENT_3D('',#8949,#8950,#8951);
#8949 = CARTESIAN_POINT('',(-4.13,-2.5,47.82));
#8950 = DIRECTION('',(0.,0.,1.));
#8951 = DIRECTION('',(1.,0.,0.));
#8952 = ADVANCED_FACE('',(#8953),#8971,.T.);
#8953 = FACE_BOUND('',#8954,.T.);
#8954 = EDGE_LOOP('',(#8955,#8956,#8964,#8970));
#8955 = ORIENTED_EDGE('',*,*,#8152,.T.);
#8956 = ORIENTED_EDGE('',*,*,#8957,.T.);
#8957 = EDGE_CURVE('',#8145,#8958,#8960,.T.);
#8958 = VERTEX_POINT('',#8959);
#8959 = CARTESIAN_POINT('',(-3.49,1.5,47.18));
#8960 = LINE('',#8961,#8962);
#8961 = CARTESIAN_POINT('',(-3.49,-2.5,47.18));
#8962 = VECTOR('',#8963,1.);
#8963 = DIRECTION('',(0.,1.,0.));
#8964 = ORIENTED_EDGE('',*,*,#8965,.T.);
#8965 = EDGE_CURVE('',#8958,#8935,#8966,.T.);
#8966 = LINE('',#8967,#8968);
#8967 = CARTESIAN_POINT('',(-3.49,1.5,47.18));
#8968 = VECTOR('',#8969,1.);
#8969 = DIRECTION('',(0.,0.,1.));
#8970 = ORIENTED_EDGE('',*,*,#8934,.F.);
#8971 = PLANE('',#8972);
#8972 = AXIS2_PLACEMENT_3D('',#8973,#8974,#8975);
#8973 = CARTESIAN_POINT('',(-3.49,-2.5,47.18));
#8974 = DIRECTION('',(1.,0.,0.));
#8975 = DIRECTION('',(0.,0.,1.));
#8976 = ADVANCED_FACE('',(#8977),#8995,.F.);
#8977 = FACE_BOUND('',#8978,.F.);
#8978 = EDGE_LOOP('',(#8979,#8987,#8988,#8989));
#8979 = ORIENTED_EDGE('',*,*,#8980,.F.);
#8980 = EDGE_CURVE('',#8137,#8981,#8983,.T.);
#8981 = VERTEX_POINT('',#8982);
#8982 = CARTESIAN_POINT('',(-4.13,1.5,47.18));
#8983 = LINE('',#8984,#8985);
#8984 = CARTESIAN_POINT('',(-4.13,-2.5,47.18));
#8985 = VECTOR('',#8986,1.);
#8986 = DIRECTION('',(0.,1.,0.));
#8987 = ORIENTED_EDGE('',*,*,#8144,.T.);
#8988 = ORIENTED_EDGE('',*,*,#8957,.T.);
#8989 = ORIENTED_EDGE('',*,*,#8990,.F.);
#8990 = EDGE_CURVE('',#8981,#8958,#8991,.T.);
#8991 = LINE('',#8992,#8993);
#8992 = CARTESIAN_POINT('',(-4.13,1.5,47.18));
#8993 = VECTOR('',#8994,1.);
#8994 = DIRECTION('',(1.,0.,0.));
#8995 = PLANE('',#8996);
#8996 = AXIS2_PLACEMENT_3D('',#8997,#8998,#8999);
#8997 = CARTESIAN_POINT('',(-4.13,-2.5,47.18));
#8998 = DIRECTION('',(0.,0.,1.));
#8999 = DIRECTION('',(1.,0.,0.));
#9000 = ADVANCED_FACE('',(#9001),#9012,.F.);
#9001 = FACE_BOUND('',#9002,.F.);
#9002 = EDGE_LOOP('',(#9003,#9004,#9005,#9011));
#9003 = ORIENTED_EDGE('',*,*,#8136,.T.);
#9004 = ORIENTED_EDGE('',*,*,#8980,.T.);
#9005 = ORIENTED_EDGE('',*,*,#9006,.T.);
#9006 = EDGE_CURVE('',#8981,#8926,#9007,.T.);
#9007 = LINE('',#9008,#9009);
#9008 = CARTESIAN_POINT('',(-4.13,1.5,47.18));
#9009 = VECTOR('',#9010,1.);
#9010 = DIRECTION('',(0.,0.,1.));
#9011 = ORIENTED_EDGE('',*,*,#8925,.F.);
#9012 = PLANE('',#9013);
#9013 = AXIS2_PLACEMENT_3D('',#9014,#9015,#9016);
#9014 = CARTESIAN_POINT('',(-4.13,-2.5,47.18));
#9015 = DIRECTION('',(1.,0.,0.));
#9016 = DIRECTION('',(0.,0.,1.));
#9017 = ADVANCED_FACE('',(#9018),#9043,.T.);
#9018 = FACE_BOUND('',#9019,.T.);
#9019 = EDGE_LOOP('',(#9020,#9028,#9029,#9037));
#9020 = ORIENTED_EDGE('',*,*,#9021,.F.);
#9021 = EDGE_CURVE('',#8161,#9022,#9024,.T.);
#9022 = VERTEX_POINT('',#9023);
#9023 = CARTESIAN_POINT('',(-1.59,1.5,47.82));
#9024 = LINE('',#9025,#9026);
#9025 = CARTESIAN_POINT('',(-1.59,-2.5,47.82));
#9026 = VECTOR('',#9027,1.);
#9027 = DIRECTION('',(0.,1.,0.));
#9028 = ORIENTED_EDGE('',*,*,#8160,.T.);
#9029 = ORIENTED_EDGE('',*,*,#9030,.T.);
#9030 = EDGE_CURVE('',#8163,#9031,#9033,.T.);
#9031 = VERTEX_POINT('',#9032);
#9032 = CARTESIAN_POINT('',(-0.95,1.5,47.82));
#9033 = LINE('',#9034,#9035);
#9034 = CARTESIAN_POINT('',(-0.95,-2.5,47.82));
#9035 = VECTOR('',#9036,1.);
#9036 = DIRECTION('',(0.,1.,0.));
#9037 = ORIENTED_EDGE('',*,*,#9038,.F.);
#9038 = EDGE_CURVE('',#9022,#9031,#9039,.T.);
#9039 = LINE('',#9040,#9041);
#9040 = CARTESIAN_POINT('',(-1.59,1.5,47.82));
#9041 = VECTOR('',#9042,1.);
#9042 = DIRECTION('',(1.,0.,0.));
#9043 = PLANE('',#9044);
#9044 = AXIS2_PLACEMENT_3D('',#9045,#9046,#9047);
#9045 = CARTESIAN_POINT('',(-1.59,-2.5,47.82));
#9046 = DIRECTION('',(0.,0.,1.));
#9047 = DIRECTION('',(1.,0.,0.));
#9048 = ADVANCED_FACE('',(#9049),#9067,.T.);
#9049 = FACE_BOUND('',#9050,.T.);
#9050 = EDGE_LOOP('',(#9051,#9052,#9060,#9066));
#9051 = ORIENTED_EDGE('',*,*,#8186,.T.);
#9052 = ORIENTED_EDGE('',*,*,#9053,.T.);
#9053 = EDGE_CURVE('',#8179,#9054,#9056,.T.);
#9054 = VERTEX_POINT('',#9055);
#9055 = CARTESIAN_POINT('',(-0.95,1.5,47.18));
#9056 = LINE('',#9057,#9058);
#9057 = CARTESIAN_POINT('',(-0.95,-2.5,47.18));
#9058 = VECTOR('',#9059,1.);
#9059 = DIRECTION('',(0.,1.,0.));
#9060 = ORIENTED_EDGE('',*,*,#9061,.T.);
#9061 = EDGE_CURVE('',#9054,#9031,#9062,.T.);
#9062 = LINE('',#9063,#9064);
#9063 = CARTESIAN_POINT('',(-0.95,1.5,47.18));
#9064 = VECTOR('',#9065,1.);
#9065 = DIRECTION('',(0.,0.,1.));
#9066 = ORIENTED_EDGE('',*,*,#9030,.F.);
#9067 = PLANE('',#9068);
#9068 = AXIS2_PLACEMENT_3D('',#9069,#9070,#9071);
#9069 = CARTESIAN_POINT('',(-0.95,-2.5,47.18));
#9070 = DIRECTION('',(1.,0.,0.));
#9071 = DIRECTION('',(0.,0.,1.));
#9072 = ADVANCED_FACE('',(#9073),#9091,.F.);
#9073 = FACE_BOUND('',#9074,.F.);
#9074 = EDGE_LOOP('',(#9075,#9083,#9084,#9085));
#9075 = ORIENTED_EDGE('',*,*,#9076,.F.);
#9076 = EDGE_CURVE('',#8171,#9077,#9079,.T.);
#9077 = VERTEX_POINT('',#9078);
#9078 = CARTESIAN_POINT('',(-1.59,1.5,47.18));
#9079 = LINE('',#9080,#9081);
#9080 = CARTESIAN_POINT('',(-1.59,-2.5,47.18));
#9081 = VECTOR('',#9082,1.);
#9082 = DIRECTION('',(0.,1.,0.));
#9083 = ORIENTED_EDGE('',*,*,#8178,.T.);
#9084 = ORIENTED_EDGE('',*,*,#9053,.T.);
#9085 = ORIENTED_EDGE('',*,*,#9086,.F.);
#9086 = EDGE_CURVE('',#9077,#9054,#9087,.T.);
#9087 = LINE('',#9088,#9089);
#9088 = CARTESIAN_POINT('',(-1.59,1.5,47.18));
#9089 = VECTOR('',#9090,1.);
#9090 = DIRECTION('',(1.,0.,0.));
#9091 = PLANE('',#9092);
#9092 = AXIS2_PLACEMENT_3D('',#9093,#9094,#9095);
#9093 = CARTESIAN_POINT('',(-1.59,-2.5,47.18));
#9094 = DIRECTION('',(0.,0.,1.));
#9095 = DIRECTION('',(1.,0.,0.));
#9096 = ADVANCED_FACE('',(#9097),#9108,.F.);
#9097 = FACE_BOUND('',#9098,.F.);
#9098 = EDGE_LOOP('',(#9099,#9100,#9101,#9107));
#9099 = ORIENTED_EDGE('',*,*,#8170,.T.);
#9100 = ORIENTED_EDGE('',*,*,#9076,.T.);
#9101 = ORIENTED_EDGE('',*,*,#9102,.T.);
#9102 = EDGE_CURVE('',#9077,#9022,#9103,.T.);
#9103 = LINE('',#9104,#9105);
#9104 = CARTESIAN_POINT('',(-1.59,1.5,47.18));
#9105 = VECTOR('',#9106,1.);
#9106 = DIRECTION('',(0.,0.,1.));
#9107 = ORIENTED_EDGE('',*,*,#9021,.F.);
#9108 = PLANE('',#9109);
#9109 = AXIS2_PLACEMENT_3D('',#9110,#9111,#9112);
#9110 = CARTESIAN_POINT('',(-1.59,-2.5,47.18));
#9111 = DIRECTION('',(1.,0.,0.));
#9112 = DIRECTION('',(0.,0.,1.));
#9113 = ADVANCED_FACE('',(#9114),#9139,.T.);
#9114 = FACE_BOUND('',#9115,.T.);
#9115 = EDGE_LOOP('',(#9116,#9124,#9125,#9133));
#9116 = ORIENTED_EDGE('',*,*,#9117,.F.);
#9117 = EDGE_CURVE('',#8195,#9118,#9120,.T.);
#9118 = VERTEX_POINT('',#9119);
#9119 = CARTESIAN_POINT('',(0.95,1.5,47.82));
#9120 = LINE('',#9121,#9122);
#9121 = CARTESIAN_POINT('',(0.95,-2.5,47.82));
#9122 = VECTOR('',#9123,1.);
#9123 = DIRECTION('',(0.,1.,0.));
#9124 = ORIENTED_EDGE('',*,*,#8194,.T.);
#9125 = ORIENTED_EDGE('',*,*,#9126,.T.);
#9126 = EDGE_CURVE('',#8197,#9127,#9129,.T.);
#9127 = VERTEX_POINT('',#9128);
#9128 = CARTESIAN_POINT('',(1.59,1.5,47.82));
#9129 = LINE('',#9130,#9131);
#9130 = CARTESIAN_POINT('',(1.59,-2.5,47.82));
#9131 = VECTOR('',#9132,1.);
#9132 = DIRECTION('',(0.,1.,0.));
#9133 = ORIENTED_EDGE('',*,*,#9134,.F.);
#9134 = EDGE_CURVE('',#9118,#9127,#9135,.T.);
#9135 = LINE('',#9136,#9137);
#9136 = CARTESIAN_POINT('',(0.95,1.5,47.82));
#9137 = VECTOR('',#9138,1.);
#9138 = DIRECTION('',(1.,0.,0.));
#9139 = PLANE('',#9140);
#9140 = AXIS2_PLACEMENT_3D('',#9141,#9142,#9143);
#9141 = CARTESIAN_POINT('',(0.95,-2.5,47.82));
#9142 = DIRECTION('',(0.,0.,1.));
#9143 = DIRECTION('',(1.,0.,0.));
#9144 = ADVANCED_FACE('',(#9145),#9163,.T.);
#9145 = FACE_BOUND('',#9146,.T.);
#9146 = EDGE_LOOP('',(#9147,#9148,#9156,#9162));
#9147 = ORIENTED_EDGE('',*,*,#8220,.T.);
#9148 = ORIENTED_EDGE('',*,*,#9149,.T.);
#9149 = EDGE_CURVE('',#8213,#9150,#9152,.T.);
#9150 = VERTEX_POINT('',#9151);
#9151 = CARTESIAN_POINT('',(1.59,1.5,47.18));
#9152 = LINE('',#9153,#9154);
#9153 = CARTESIAN_POINT('',(1.59,-2.5,47.18));
#9154 = VECTOR('',#9155,1.);
#9155 = DIRECTION('',(0.,1.,0.));
#9156 = ORIENTED_EDGE('',*,*,#9157,.T.);
#9157 = EDGE_CURVE('',#9150,#9127,#9158,.T.);
#9158 = LINE('',#9159,#9160);
#9159 = CARTESIAN_POINT('',(1.59,1.5,47.18));
#9160 = VECTOR('',#9161,1.);
#9161 = DIRECTION('',(0.,0.,1.));
#9162 = ORIENTED_EDGE('',*,*,#9126,.F.);
#9163 = PLANE('',#9164);
#9164 = AXIS2_PLACEMENT_3D('',#9165,#9166,#9167);
#9165 = CARTESIAN_POINT('',(1.59,-2.5,47.18));
#9166 = DIRECTION('',(1.,0.,0.));
#9167 = DIRECTION('',(0.,0.,1.));
#9168 = ADVANCED_FACE('',(#9169),#9187,.F.);
#9169 = FACE_BOUND('',#9170,.F.);
#9170 = EDGE_LOOP('',(#9171,#9179,#9180,#9181));
#9171 = ORIENTED_EDGE('',*,*,#9172,.F.);
#9172 = EDGE_CURVE('',#8205,#9173,#9175,.T.);
#9173 = VERTEX_POINT('',#9174);
#9174 = CARTESIAN_POINT('',(0.95,1.5,47.18));
#9175 = LINE('',#9176,#9177);
#9176 = CARTESIAN_POINT('',(0.95,-2.5,47.18));
#9177 = VECTOR('',#9178,1.);
#9178 = DIRECTION('',(0.,1.,0.));
#9179 = ORIENTED_EDGE('',*,*,#8212,.T.);
#9180 = ORIENTED_EDGE('',*,*,#9149,.T.);
#9181 = ORIENTED_EDGE('',*,*,#9182,.F.);
#9182 = EDGE_CURVE('',#9173,#9150,#9183,.T.);
#9183 = LINE('',#9184,#9185);
#9184 = CARTESIAN_POINT('',(0.95,1.5,47.18));
#9185 = VECTOR('',#9186,1.);
#9186 = DIRECTION('',(1.,0.,0.));
#9187 = PLANE('',#9188);
#9188 = AXIS2_PLACEMENT_3D('',#9189,#9190,#9191);
#9189 = CARTESIAN_POINT('',(0.95,-2.5,47.18));
#9190 = DIRECTION('',(0.,0.,1.));
#9191 = DIRECTION('',(1.,0.,0.));
#9192 = ADVANCED_FACE('',(#9193),#9204,.F.);
#9193 = FACE_BOUND('',#9194,.F.);
#9194 = EDGE_LOOP('',(#9195,#9196,#9197,#9203));
#9195 = ORIENTED_EDGE('',*,*,#8204,.T.);
#9196 = ORIENTED_EDGE('',*,*,#9172,.T.);
#9197 = ORIENTED_EDGE('',*,*,#9198,.T.);
#9198 = EDGE_CURVE('',#9173,#9118,#9199,.T.);
#9199 = LINE('',#9200,#9201);
#9200 = CARTESIAN_POINT('',(0.95,1.5,47.18));
#9201 = VECTOR('',#9202,1.);
#9202 = DIRECTION('',(0.,0.,1.));
#9203 = ORIENTED_EDGE('',*,*,#9117,.F.);
#9204 = PLANE('',#9205);
#9205 = AXIS2_PLACEMENT_3D('',#9206,#9207,#9208);
#9206 = CARTESIAN_POINT('',(0.95,-2.5,47.18));
#9207 = DIRECTION('',(1.,0.,0.));
#9208 = DIRECTION('',(0.,0.,1.));
#9209 = ADVANCED_FACE('',(#9210),#9235,.T.);
#9210 = FACE_BOUND('',#9211,.T.);
#9211 = EDGE_LOOP('',(#9212,#9220,#9221,#9229));
#9212 = ORIENTED_EDGE('',*,*,#9213,.F.);
#9213 = EDGE_CURVE('',#8229,#9214,#9216,.T.);
#9214 = VERTEX_POINT('',#9215);
#9215 = CARTESIAN_POINT('',(3.49,1.5,47.82));
#9216 = LINE('',#9217,#9218);
#9217 = CARTESIAN_POINT('',(3.49,-2.5,47.82));
#9218 = VECTOR('',#9219,1.);
#9219 = DIRECTION('',(0.,1.,0.));
#9220 = ORIENTED_EDGE('',*,*,#8228,.T.);
#9221 = ORIENTED_EDGE('',*,*,#9222,.T.);
#9222 = EDGE_CURVE('',#8231,#9223,#9225,.T.);
#9223 = VERTEX_POINT('',#9224);
#9224 = CARTESIAN_POINT('',(4.13,1.5,47.82));
#9225 = LINE('',#9226,#9227);
#9226 = CARTESIAN_POINT('',(4.13,-2.5,47.82));
#9227 = VECTOR('',#9228,1.);
#9228 = DIRECTION('',(0.,1.,0.));
#9229 = ORIENTED_EDGE('',*,*,#9230,.F.);
#9230 = EDGE_CURVE('',#9214,#9223,#9231,.T.);
#9231 = LINE('',#9232,#9233);
#9232 = CARTESIAN_POINT('',(3.49,1.5,47.82));
#9233 = VECTOR('',#9234,1.);
#9234 = DIRECTION('',(1.,0.,0.));
#9235 = PLANE('',#9236);
#9236 = AXIS2_PLACEMENT_3D('',#9237,#9238,#9239);
#9237 = CARTESIAN_POINT('',(3.49,-2.5,47.82));
#9238 = DIRECTION('',(0.,0.,1.));
#9239 = DIRECTION('',(1.,0.,0.));
#9240 = ADVANCED_FACE('',(#9241),#9259,.T.);
#9241 = FACE_BOUND('',#9242,.T.);
#9242 = EDGE_LOOP('',(#9243,#9244,#9252,#9258));
#9243 = ORIENTED_EDGE('',*,*,#8254,.T.);
#9244 = ORIENTED_EDGE('',*,*,#9245,.T.);
#9245 = EDGE_CURVE('',#8247,#9246,#9248,.T.);
#9246 = VERTEX_POINT('',#9247);
#9247 = CARTESIAN_POINT('',(4.13,1.5,47.18));
#9248 = LINE('',#9249,#9250);
#9249 = CARTESIAN_POINT('',(4.13,-2.5,47.18));
#9250 = VECTOR('',#9251,1.);
#9251 = DIRECTION('',(0.,1.,0.));
#9252 = ORIENTED_EDGE('',*,*,#9253,.T.);
#9253 = EDGE_CURVE('',#9246,#9223,#9254,.T.);
#9254 = LINE('',#9255,#9256);
#9255 = CARTESIAN_POINT('',(4.13,1.5,47.18));
#9256 = VECTOR('',#9257,1.);
#9257 = DIRECTION('',(0.,0.,1.));
#9258 = ORIENTED_EDGE('',*,*,#9222,.F.);
#9259 = PLANE('',#9260);
#9260 = AXIS2_PLACEMENT_3D('',#9261,#9262,#9263);
#9261 = CARTESIAN_POINT('',(4.13,-2.5,47.18));
#9262 = DIRECTION('',(1.,0.,0.));
#9263 = DIRECTION('',(0.,0.,1.));
#9264 = ADVANCED_FACE('',(#9265),#9283,.F.);
#9265 = FACE_BOUND('',#9266,.F.);
#9266 = EDGE_LOOP('',(#9267,#9275,#9276,#9277));
#9267 = ORIENTED_EDGE('',*,*,#9268,.F.);
#9268 = EDGE_CURVE('',#8239,#9269,#9271,.T.);
#9269 = VERTEX_POINT('',#9270);
#9270 = CARTESIAN_POINT('',(3.49,1.5,47.18));
#9271 = LINE('',#9272,#9273);
#9272 = CARTESIAN_POINT('',(3.49,-2.5,47.18));
#9273 = VECTOR('',#9274,1.);
#9274 = DIRECTION('',(0.,1.,0.));
#9275 = ORIENTED_EDGE('',*,*,#8246,.T.);
#9276 = ORIENTED_EDGE('',*,*,#9245,.T.);
#9277 = ORIENTED_EDGE('',*,*,#9278,.F.);
#9278 = EDGE_CURVE('',#9269,#9246,#9279,.T.);
#9279 = LINE('',#9280,#9281);
#9280 = CARTESIAN_POINT('',(3.49,1.5,47.18));
#9281 = VECTOR('',#9282,1.);
#9282 = DIRECTION('',(1.,0.,0.));
#9283 = PLANE('',#9284);
#9284 = AXIS2_PLACEMENT_3D('',#9285,#9286,#9287);
#9285 = CARTESIAN_POINT('',(3.49,-2.5,47.18));
#9286 = DIRECTION('',(0.,0.,1.));
#9287 = DIRECTION('',(1.,0.,0.));
#9288 = ADVANCED_FACE('',(#9289),#9300,.F.);
#9289 = FACE_BOUND('',#9290,.F.);
#9290 = EDGE_LOOP('',(#9291,#9292,#9293,#9299));
#9291 = ORIENTED_EDGE('',*,*,#8238,.T.);
#9292 = ORIENTED_EDGE('',*,*,#9268,.T.);
#9293 = ORIENTED_EDGE('',*,*,#9294,.T.);
#9294 = EDGE_CURVE('',#9269,#9214,#9295,.T.);
#9295 = LINE('',#9296,#9297);
#9296 = CARTESIAN_POINT('',(3.49,1.5,47.18));
#9297 = VECTOR('',#9298,1.);
#9298 = DIRECTION('',(0.,0.,1.));
#9299 = ORIENTED_EDGE('',*,*,#9213,.F.);
#9300 = PLANE('',#9301);
#9301 = AXIS2_PLACEMENT_3D('',#9302,#9303,#9304);
#9302 = CARTESIAN_POINT('',(3.49,-2.5,47.18));
#9303 = DIRECTION('',(1.,0.,0.));
#9304 = DIRECTION('',(0.,0.,1.));
#9305 = ADVANCED_FACE('',(#9306),#9331,.T.);
#9306 = FACE_BOUND('',#9307,.T.);
#9307 = EDGE_LOOP('',(#9308,#9316,#9317,#9325));
#9308 = ORIENTED_EDGE('',*,*,#9309,.F.);
#9309 = EDGE_CURVE('',#8263,#9310,#9312,.T.);
#9310 = VERTEX_POINT('',#9311);
#9311 = CARTESIAN_POINT('',(6.03,1.5,47.82));
#9312 = LINE('',#9313,#9314);
#9313 = CARTESIAN_POINT('',(6.03,-2.5,47.82));
#9314 = VECTOR('',#9315,1.);
#9315 = DIRECTION('',(0.,1.,0.));
#9316 = ORIENTED_EDGE('',*,*,#8262,.T.);
#9317 = ORIENTED_EDGE('',*,*,#9318,.T.);
#9318 = EDGE_CURVE('',#8265,#9319,#9321,.T.);
#9319 = VERTEX_POINT('',#9320);
#9320 = CARTESIAN_POINT('',(6.67,1.5,47.82));
#9321 = LINE('',#9322,#9323);
#9322 = CARTESIAN_POINT('',(6.67,-2.5,47.82));
#9323 = VECTOR('',#9324,1.);
#9324 = DIRECTION('',(0.,1.,0.));
#9325 = ORIENTED_EDGE('',*,*,#9326,.F.);
#9326 = EDGE_CURVE('',#9310,#9319,#9327,.T.);
#9327 = LINE('',#9328,#9329);
#9328 = CARTESIAN_POINT('',(6.03,1.5,47.82));
#9329 = VECTOR('',#9330,1.);
#9330 = DIRECTION('',(1.,0.,0.));
#9331 = PLANE('',#9332);
#9332 = AXIS2_PLACEMENT_3D('',#9333,#9334,#9335);
#9333 = CARTESIAN_POINT('',(6.03,-2.5,47.82));
#9334 = DIRECTION('',(0.,0.,1.));
#9335 = DIRECTION('',(1.,0.,0.));
#9336 = ADVANCED_FACE('',(#9337),#9355,.T.);
#9337 = FACE_BOUND('',#9338,.T.);
#9338 = EDGE_LOOP('',(#9339,#9340,#9348,#9354));
#9339 = ORIENTED_EDGE('',*,*,#8288,.T.);
#9340 = ORIENTED_EDGE('',*,*,#9341,.T.);
#9341 = EDGE_CURVE('',#8281,#9342,#9344,.T.);
#9342 = VERTEX_POINT('',#9343);
#9343 = CARTESIAN_POINT('',(6.67,1.5,47.18));
#9344 = LINE('',#9345,#9346);
#9345 = CARTESIAN_POINT('',(6.67,-2.5,47.18));
#9346 = VECTOR('',#9347,1.);
#9347 = DIRECTION('',(0.,1.,0.));
#9348 = ORIENTED_EDGE('',*,*,#9349,.T.);
#9349 = EDGE_CURVE('',#9342,#9319,#9350,.T.);
#9350 = LINE('',#9351,#9352);
#9351 = CARTESIAN_POINT('',(6.67,1.5,47.18));
#9352 = VECTOR('',#9353,1.);
#9353 = DIRECTION('',(0.,0.,1.));
#9354 = ORIENTED_EDGE('',*,*,#9318,.F.);
#9355 = PLANE('',#9356);
#9356 = AXIS2_PLACEMENT_3D('',#9357,#9358,#9359);
#9357 = CARTESIAN_POINT('',(6.67,-2.5,47.18));
#9358 = DIRECTION('',(1.,0.,0.));
#9359 = DIRECTION('',(0.,0.,1.));
#9360 = ADVANCED_FACE('',(#9361),#9379,.F.);
#9361 = FACE_BOUND('',#9362,.F.);
#9362 = EDGE_LOOP('',(#9363,#9371,#9372,#9373));
#9363 = ORIENTED_EDGE('',*,*,#9364,.F.);
#9364 = EDGE_CURVE('',#8273,#9365,#9367,.T.);
#9365 = VERTEX_POINT('',#9366);
#9366 = CARTESIAN_POINT('',(6.03,1.5,47.18));
#9367 = LINE('',#9368,#9369);
#9368 = CARTESIAN_POINT('',(6.03,-2.5,47.18));
#9369 = VECTOR('',#9370,1.);
#9370 = DIRECTION('',(0.,1.,0.));
#9371 = ORIENTED_EDGE('',*,*,#8280,.T.);
#9372 = ORIENTED_EDGE('',*,*,#9341,.T.);
#9373 = ORIENTED_EDGE('',*,*,#9374,.F.);
#9374 = EDGE_CURVE('',#9365,#9342,#9375,.T.);
#9375 = LINE('',#9376,#9377);
#9376 = CARTESIAN_POINT('',(6.03,1.5,47.18));
#9377 = VECTOR('',#9378,1.);
#9378 = DIRECTION('',(1.,0.,0.));
#9379 = PLANE('',#9380);
#9380 = AXIS2_PLACEMENT_3D('',#9381,#9382,#9383);
#9381 = CARTESIAN_POINT('',(6.03,-2.5,47.18));
#9382 = DIRECTION('',(0.,0.,1.));
#9383 = DIRECTION('',(1.,0.,0.));
#9384 = ADVANCED_FACE('',(#9385),#9396,.F.);
#9385 = FACE_BOUND('',#9386,.F.);
#9386 = EDGE_LOOP('',(#9387,#9388,#9389,#9395));
#9387 = ORIENTED_EDGE('',*,*,#8272,.T.);
#9388 = ORIENTED_EDGE('',*,*,#9364,.T.);
#9389 = ORIENTED_EDGE('',*,*,#9390,.T.);
#9390 = EDGE_CURVE('',#9365,#9310,#9391,.T.);
#9391 = LINE('',#9392,#9393);
#9392 = CARTESIAN_POINT('',(6.03,1.5,47.18));
#9393 = VECTOR('',#9394,1.);
#9394 = DIRECTION('',(0.,0.,1.));
#9395 = ORIENTED_EDGE('',*,*,#9309,.F.);
#9396 = PLANE('',#9397);
#9397 = AXIS2_PLACEMENT_3D('',#9398,#9399,#9400);
#9398 = CARTESIAN_POINT('',(6.03,-2.5,47.18));
#9399 = DIRECTION('',(1.,0.,0.));
#9400 = DIRECTION('',(0.,0.,1.));
#9401 = ADVANCED_FACE('',(#9402),#9427,.T.);
#9402 = FACE_BOUND('',#9403,.T.);
#9403 = EDGE_LOOP('',(#9404,#9412,#9413,#9421));
#9404 = ORIENTED_EDGE('',*,*,#9405,.F.);
#9405 = EDGE_CURVE('',#8297,#9406,#9408,.T.);
#9406 = VERTEX_POINT('',#9407);
#9407 = CARTESIAN_POINT('',(8.57,1.5,47.82));
#9408 = LINE('',#9409,#9410);
#9409 = CARTESIAN_POINT('',(8.57,-2.5,47.82));
#9410 = VECTOR('',#9411,1.);
#9411 = DIRECTION('',(0.,1.,0.));
#9412 = ORIENTED_EDGE('',*,*,#8296,.T.);
#9413 = ORIENTED_EDGE('',*,*,#9414,.T.);
#9414 = EDGE_CURVE('',#8299,#9415,#9417,.T.);
#9415 = VERTEX_POINT('',#9416);
#9416 = CARTESIAN_POINT('',(9.21,1.5,47.82));
#9417 = LINE('',#9418,#9419);
#9418 = CARTESIAN_POINT('',(9.21,-2.5,47.82));
#9419 = VECTOR('',#9420,1.);
#9420 = DIRECTION('',(0.,1.,0.));
#9421 = ORIENTED_EDGE('',*,*,#9422,.F.);
#9422 = EDGE_CURVE('',#9406,#9415,#9423,.T.);
#9423 = LINE('',#9424,#9425);
#9424 = CARTESIAN_POINT('',(8.57,1.5,47.82));
#9425 = VECTOR('',#9426,1.);
#9426 = DIRECTION('',(1.,0.,0.));
#9427 = PLANE('',#9428);
#9428 = AXIS2_PLACEMENT_3D('',#9429,#9430,#9431);
#9429 = CARTESIAN_POINT('',(8.57,-2.5,47.82));
#9430 = DIRECTION('',(0.,0.,1.));
#9431 = DIRECTION('',(1.,0.,0.));
#9432 = ADVANCED_FACE('',(#9433),#9451,.T.);
#9433 = FACE_BOUND('',#9434,.T.);
#9434 = EDGE_LOOP('',(#9435,#9436,#9444,#9450));
#9435 = ORIENTED_EDGE('',*,*,#8322,.T.);
#9436 = ORIENTED_EDGE('',*,*,#9437,.T.);
#9437 = EDGE_CURVE('',#8315,#9438,#9440,.T.);
#9438 = VERTEX_POINT('',#9439);
#9439 = CARTESIAN_POINT('',(9.21,1.5,47.18));
#9440 = LINE('',#9441,#9442);
#9441 = CARTESIAN_POINT('',(9.21,-2.5,47.18));
#9442 = VECTOR('',#9443,1.);
#9443 = DIRECTION('',(0.,1.,0.));
#9444 = ORIENTED_EDGE('',*,*,#9445,.T.);
#9445 = EDGE_CURVE('',#9438,#9415,#9446,.T.);
#9446 = LINE('',#9447,#9448);
#9447 = CARTESIAN_POINT('',(9.21,1.5,47.18));
#9448 = VECTOR('',#9449,1.);
#9449 = DIRECTION('',(0.,0.,1.));
#9450 = ORIENTED_EDGE('',*,*,#9414,.F.);
#9451 = PLANE('',#9452);
#9452 = AXIS2_PLACEMENT_3D('',#9453,#9454,#9455);
#9453 = CARTESIAN_POINT('',(9.21,-2.5,47.18));
#9454 = DIRECTION('',(1.,0.,0.));
#9455 = DIRECTION('',(0.,0.,1.));
#9456 = ADVANCED_FACE('',(#9457),#9475,.F.);
#9457 = FACE_BOUND('',#9458,.F.);
#9458 = EDGE_LOOP('',(#9459,#9467,#9468,#9469));
#9459 = ORIENTED_EDGE('',*,*,#9460,.F.);
#9460 = EDGE_CURVE('',#8307,#9461,#9463,.T.);
#9461 = VERTEX_POINT('',#9462);
#9462 = CARTESIAN_POINT('',(8.57,1.5,47.18));
#9463 = LINE('',#9464,#9465);
#9464 = CARTESIAN_POINT('',(8.57,-2.5,47.18));
#9465 = VECTOR('',#9466,1.);
#9466 = DIRECTION('',(0.,1.,0.));
#9467 = ORIENTED_EDGE('',*,*,#8314,.T.);
#9468 = ORIENTED_EDGE('',*,*,#9437,.T.);
#9469 = ORIENTED_EDGE('',*,*,#9470,.F.);
#9470 = EDGE_CURVE('',#9461,#9438,#9471,.T.);
#9471 = LINE('',#9472,#9473);
#9472 = CARTESIAN_POINT('',(8.57,1.5,47.18));
#9473 = VECTOR('',#9474,1.);
#9474 = DIRECTION('',(1.,0.,0.));
#9475 = PLANE('',#9476);
#9476 = AXIS2_PLACEMENT_3D('',#9477,#9478,#9479);
#9477 = CARTESIAN_POINT('',(8.57,-2.5,47.18));
#9478 = DIRECTION('',(0.,0.,1.));
#9479 = DIRECTION('',(1.,0.,0.));
#9480 = ADVANCED_FACE('',(#9481),#9492,.F.);
#9481 = FACE_BOUND('',#9482,.F.);
#9482 = EDGE_LOOP('',(#9483,#9484,#9485,#9491));
#9483 = ORIENTED_EDGE('',*,*,#8306,.T.);
#9484 = ORIENTED_EDGE('',*,*,#9460,.T.);
#9485 = ORIENTED_EDGE('',*,*,#9486,.T.);
#9486 = EDGE_CURVE('',#9461,#9406,#9487,.T.);
#9487 = LINE('',#9488,#9489);
#9488 = CARTESIAN_POINT('',(8.57,1.5,47.18));
#9489 = VECTOR('',#9490,1.);
#9490 = DIRECTION('',(0.,0.,1.));
#9491 = ORIENTED_EDGE('',*,*,#9405,.F.);
#9492 = PLANE('',#9493);
#9493 = AXIS2_PLACEMENT_3D('',#9494,#9495,#9496);
#9494 = CARTESIAN_POINT('',(8.57,-2.5,47.18));
#9495 = DIRECTION('',(1.,0.,0.));
#9496 = DIRECTION('',(0.,0.,1.));
#9497 = ADVANCED_FACE('',(#9498),#9504,.T.);
#9498 = FACE_BOUND('',#9499,.T.);
#9499 = EDGE_LOOP('',(#9500,#9501,#9502,#9503));
#9500 = ORIENTED_EDGE('',*,*,#8717,.F.);
#9501 = ORIENTED_EDGE('',*,*,#8365,.T.);
#9502 = ORIENTED_EDGE('',*,*,#8397,.T.);
#9503 = ORIENTED_EDGE('',*,*,#8420,.F.);
#9504 = PLANE('',#9505);
#9505 = AXIS2_PLACEMENT_3D('',#9506,#9507,#9508);
#9506 = CARTESIAN_POINT('',(-9.95,-4.,47.));
#9507 = DIRECTION('',(0.,0.,1.));
#9508 = DIRECTION('',(1.,0.,0.));
#9509 = ADVANCED_FACE('',(#9510),#9535,.T.);
#9510 = FACE_BOUND('',#9511,.T.);
#9511 = EDGE_LOOP('',(#9512,#9520,#9528,#9534));
#9512 = ORIENTED_EDGE('',*,*,#9513,.F.);
#9513 = EDGE_CURVE('',#9514,#8439,#9516,.T.);
#9514 = VERTEX_POINT('',#9515);
#9515 = CARTESIAN_POINT('',(-9.21,-1.86,47.82));
#9516 = LINE('',#9517,#9518);
#9517 = CARTESIAN_POINT('',(-9.21,-2.5,47.82));
#9518 = VECTOR('',#9519,1.);
#9519 = DIRECTION('',(0.,1.,0.));
#9520 = ORIENTED_EDGE('',*,*,#9521,.F.);
#9521 = EDGE_CURVE('',#9522,#9514,#9524,.T.);
#9522 = VERTEX_POINT('',#9523);
#9523 = CARTESIAN_POINT('',(-8.57,-1.86,47.82));
#9524 = LINE('',#9525,#9526);
#9525 = CARTESIAN_POINT('',(-9.21,-1.86,47.82));
#9526 = VECTOR('',#9527,1.);
#9527 = DIRECTION('',(-1.,0.,0.));
#9528 = ORIENTED_EDGE('',*,*,#9529,.T.);
#9529 = EDGE_CURVE('',#9522,#8441,#9530,.T.);
#9530 = LINE('',#9531,#9532);
#9531 = CARTESIAN_POINT('',(-8.57,-2.5,47.82));
#9532 = VECTOR('',#9533,1.);
#9533 = DIRECTION('',(0.,1.,0.));
#9534 = ORIENTED_EDGE('',*,*,#8438,.F.);
#9535 = PLANE('',#9536);
#9536 = AXIS2_PLACEMENT_3D('',#9537,#9538,#9539);
#9537 = CARTESIAN_POINT('',(-9.21,-2.5,47.82));
#9538 = DIRECTION('',(0.,0.,1.));
#9539 = DIRECTION('',(1.,0.,0.));
#9540 = ADVANCED_FACE('',(#9541),#9575,.T.);
#9541 = FACE_BOUND('',#9542,.T.);
#9542 = EDGE_LOOP('',(#9543,#9553,#9559,#9560,#9561,#9569));
#9543 = ORIENTED_EDGE('',*,*,#9544,.F.);
#9544 = EDGE_CURVE('',#9545,#9547,#9549,.T.);
#9545 = VERTEX_POINT('',#9546);
#9546 = CARTESIAN_POINT('',(-8.57,-2.5,47.18));
#9547 = VERTEX_POINT('',#9548);
#9548 = CARTESIAN_POINT('',(-8.57,-2.5,47.5));
#9549 = LINE('',#9550,#9551);
#9550 = CARTESIAN_POINT('',(-8.57,-2.5,47.18));
#9551 = VECTOR('',#9552,1.);
#9552 = DIRECTION('',(0.,0.,1.));
#9553 = ORIENTED_EDGE('',*,*,#9554,.T.);
#9554 = EDGE_CURVE('',#9545,#8457,#9555,.T.);
#9555 = LINE('',#9556,#9557);
#9556 = CARTESIAN_POINT('',(-8.57,-2.5,47.18));
#9557 = VECTOR('',#9558,1.);
#9558 = DIRECTION('',(0.,1.,0.));
#9559 = ORIENTED_EDGE('',*,*,#8464,.F.);
#9560 = ORIENTED_EDGE('',*,*,#9529,.F.);
#9561 = ORIENTED_EDGE('',*,*,#9562,.F.);
#9562 = EDGE_CURVE('',#9563,#9522,#9565,.T.);
#9563 = VERTEX_POINT('',#9564);
#9564 = CARTESIAN_POINT('',(-8.57,-1.86,47.5));
#9565 = LINE('',#9566,#9567);
#9566 = CARTESIAN_POINT('',(-8.57,-1.86,47.5));
#9567 = VECTOR('',#9568,1.);
#9568 = DIRECTION('',(0.,0.,1.));
#9569 = ORIENTED_EDGE('',*,*,#9570,.F.);
#9570 = EDGE_CURVE('',#9547,#9563,#9571,.T.);
#9571 = LINE('',#9572,#9573);
#9572 = CARTESIAN_POINT('',(-8.57,-2.5,47.5));
#9573 = VECTOR('',#9574,1.);
#9574 = DIRECTION('',(0.,1.,0.));
#9575 = PLANE('',#9576);
#9576 = AXIS2_PLACEMENT_3D('',#9577,#9578,#9579);
#9577 = CARTESIAN_POINT('',(-8.57,-2.5,47.18));
#9578 = DIRECTION('',(1.,0.,0.));
#9579 = DIRECTION('',(0.,0.,1.));
#9580 = ADVANCED_FACE('',(#9581),#9599,.F.);
#9581 = FACE_BOUND('',#9582,.F.);
#9582 = EDGE_LOOP('',(#9583,#9591,#9597,#9598));
#9583 = ORIENTED_EDGE('',*,*,#9584,.F.);
#9584 = EDGE_CURVE('',#9585,#8449,#9587,.T.);
#9585 = VERTEX_POINT('',#9586);
#9586 = CARTESIAN_POINT('',(-9.21,-2.5,47.18));
#9587 = LINE('',#9588,#9589);
#9588 = CARTESIAN_POINT('',(-9.21,-2.5,47.18));
#9589 = VECTOR('',#9590,1.);
#9590 = DIRECTION('',(0.,1.,0.));
#9591 = ORIENTED_EDGE('',*,*,#9592,.T.);
#9592 = EDGE_CURVE('',#9585,#9545,#9593,.T.);
#9593 = LINE('',#9594,#9595);
#9594 = CARTESIAN_POINT('',(-9.21,-2.5,47.18));
#9595 = VECTOR('',#9596,1.);
#9596 = DIRECTION('',(1.,0.,0.));
#9597 = ORIENTED_EDGE('',*,*,#9554,.T.);
#9598 = ORIENTED_EDGE('',*,*,#8456,.F.);
#9599 = PLANE('',#9600);
#9600 = AXIS2_PLACEMENT_3D('',#9601,#9602,#9603);
#9601 = CARTESIAN_POINT('',(-9.21,-2.5,47.18));
#9602 = DIRECTION('',(0.,0.,1.));
#9603 = DIRECTION('',(1.,0.,0.));
#9604 = ADVANCED_FACE('',(#9605),#9632,.F.);
#9605 = FACE_BOUND('',#9606,.F.);
#9606 = EDGE_LOOP('',(#9607,#9615,#9616,#9617,#9618,#9626));
#9607 = ORIENTED_EDGE('',*,*,#9608,.F.);
#9608 = EDGE_CURVE('',#9585,#9609,#9611,.T.);
#9609 = VERTEX_POINT('',#9610);
#9610 = CARTESIAN_POINT('',(-9.21,-2.5,47.5));
#9611 = LINE('',#9612,#9613);
#9612 = CARTESIAN_POINT('',(-9.21,-2.5,47.18));
#9613 = VECTOR('',#9614,1.);
#9614 = DIRECTION('',(0.,0.,1.));
#9615 = ORIENTED_EDGE('',*,*,#9584,.T.);
#9616 = ORIENTED_EDGE('',*,*,#8448,.F.);
#9617 = ORIENTED_EDGE('',*,*,#9513,.F.);
#9618 = ORIENTED_EDGE('',*,*,#9619,.F.);
#9619 = EDGE_CURVE('',#9620,#9514,#9622,.T.);
#9620 = VERTEX_POINT('',#9621);
#9621 = CARTESIAN_POINT('',(-9.21,-1.86,47.5));
#9622 = LINE('',#9623,#9624);
#9623 = CARTESIAN_POINT('',(-9.21,-1.86,47.5));
#9624 = VECTOR('',#9625,1.);
#9625 = DIRECTION('',(0.,0.,1.));
#9626 = ORIENTED_EDGE('',*,*,#9627,.F.);
#9627 = EDGE_CURVE('',#9609,#9620,#9628,.T.);
#9628 = LINE('',#9629,#9630);
#9629 = CARTESIAN_POINT('',(-9.21,-2.5,47.5));
#9630 = VECTOR('',#9631,1.);
#9631 = DIRECTION('',(0.,1.,0.));
#9632 = PLANE('',#9633);
#9633 = AXIS2_PLACEMENT_3D('',#9634,#9635,#9636);
#9634 = CARTESIAN_POINT('',(-9.21,-2.5,47.18));
#9635 = DIRECTION('',(1.,0.,0.));
#9636 = DIRECTION('',(0.,0.,1.));
#9637 = ADVANCED_FACE('',(#9638),#9663,.T.);
#9638 = FACE_BOUND('',#9639,.T.);
#9639 = EDGE_LOOP('',(#9640,#9648,#9656,#9662));
#9640 = ORIENTED_EDGE('',*,*,#9641,.F.);
#9641 = EDGE_CURVE('',#9642,#8473,#9644,.T.);
#9642 = VERTEX_POINT('',#9643);
#9643 = CARTESIAN_POINT('',(-6.67,-1.86,47.82));
#9644 = LINE('',#9645,#9646);
#9645 = CARTESIAN_POINT('',(-6.67,-2.5,47.82));
#9646 = VECTOR('',#9647,1.);
#9647 = DIRECTION('',(0.,1.,0.));
#9648 = ORIENTED_EDGE('',*,*,#9649,.F.);
#9649 = EDGE_CURVE('',#9650,#9642,#9652,.T.);
#9650 = VERTEX_POINT('',#9651);
#9651 = CARTESIAN_POINT('',(-6.03,-1.86,47.82));
#9652 = LINE('',#9653,#9654);
#9653 = CARTESIAN_POINT('',(-6.67,-1.86,47.82));
#9654 = VECTOR('',#9655,1.);
#9655 = DIRECTION('',(-1.,0.,0.));
#9656 = ORIENTED_EDGE('',*,*,#9657,.T.);
#9657 = EDGE_CURVE('',#9650,#8475,#9658,.T.);
#9658 = LINE('',#9659,#9660);
#9659 = CARTESIAN_POINT('',(-6.03,-2.5,47.82));
#9660 = VECTOR('',#9661,1.);
#9661 = DIRECTION('',(0.,1.,0.));
#9662 = ORIENTED_EDGE('',*,*,#8472,.F.);
#9663 = PLANE('',#9664);
#9664 = AXIS2_PLACEMENT_3D('',#9665,#9666,#9667);
#9665 = CARTESIAN_POINT('',(-6.67,-2.5,47.82));
#9666 = DIRECTION('',(0.,0.,1.));
#9667 = DIRECTION('',(1.,0.,0.));
#9668 = ADVANCED_FACE('',(#9669),#9703,.T.);
#9669 = FACE_BOUND('',#9670,.T.);
#9670 = EDGE_LOOP('',(#9671,#9681,#9687,#9688,#9689,#9697));
#9671 = ORIENTED_EDGE('',*,*,#9672,.F.);
#9672 = EDGE_CURVE('',#9673,#9675,#9677,.T.);
#9673 = VERTEX_POINT('',#9674);
#9674 = CARTESIAN_POINT('',(-6.03,-2.5,47.18));
#9675 = VERTEX_POINT('',#9676);
#9676 = CARTESIAN_POINT('',(-6.03,-2.5,47.5));
#9677 = LINE('',#9678,#9679);
#9678 = CARTESIAN_POINT('',(-6.03,-2.5,47.18));
#9679 = VECTOR('',#9680,1.);
#9680 = DIRECTION('',(0.,0.,1.));
#9681 = ORIENTED_EDGE('',*,*,#9682,.T.);
#9682 = EDGE_CURVE('',#9673,#8491,#9683,.T.);
#9683 = LINE('',#9684,#9685);
#9684 = CARTESIAN_POINT('',(-6.03,-2.5,47.18));
#9685 = VECTOR('',#9686,1.);
#9686 = DIRECTION('',(0.,1.,0.));
#9687 = ORIENTED_EDGE('',*,*,#8498,.F.);
#9688 = ORIENTED_EDGE('',*,*,#9657,.F.);
#9689 = ORIENTED_EDGE('',*,*,#9690,.F.);
#9690 = EDGE_CURVE('',#9691,#9650,#9693,.T.);
#9691 = VERTEX_POINT('',#9692);
#9692 = CARTESIAN_POINT('',(-6.03,-1.86,47.5));
#9693 = LINE('',#9694,#9695);
#9694 = CARTESIAN_POINT('',(-6.03,-1.86,47.5));
#9695 = VECTOR('',#9696,1.);
#9696 = DIRECTION('',(0.,0.,1.));
#9697 = ORIENTED_EDGE('',*,*,#9698,.F.);
#9698 = EDGE_CURVE('',#9675,#9691,#9699,.T.);
#9699 = LINE('',#9700,#9701);
#9700 = CARTESIAN_POINT('',(-6.03,-2.5,47.5));
#9701 = VECTOR('',#9702,1.);
#9702 = DIRECTION('',(0.,1.,0.));
#9703 = PLANE('',#9704);
#9704 = AXIS2_PLACEMENT_3D('',#9705,#9706,#9707);
#9705 = CARTESIAN_POINT('',(-6.03,-2.5,47.18));
#9706 = DIRECTION('',(1.,0.,0.));
#9707 = DIRECTION('',(0.,0.,1.));
#9708 = ADVANCED_FACE('',(#9709),#9727,.F.);
#9709 = FACE_BOUND('',#9710,.F.);
#9710 = EDGE_LOOP('',(#9711,#9719,#9725,#9726));
#9711 = ORIENTED_EDGE('',*,*,#9712,.F.);
#9712 = EDGE_CURVE('',#9713,#8483,#9715,.T.);
#9713 = VERTEX_POINT('',#9714);
#9714 = CARTESIAN_POINT('',(-6.67,-2.5,47.18));
#9715 = LINE('',#9716,#9717);
#9716 = CARTESIAN_POINT('',(-6.67,-2.5,47.18));
#9717 = VECTOR('',#9718,1.);
#9718 = DIRECTION('',(0.,1.,0.));
#9719 = ORIENTED_EDGE('',*,*,#9720,.T.);
#9720 = EDGE_CURVE('',#9713,#9673,#9721,.T.);
#9721 = LINE('',#9722,#9723);
#9722 = CARTESIAN_POINT('',(-6.67,-2.5,47.18));
#9723 = VECTOR('',#9724,1.);
#9724 = DIRECTION('',(1.,0.,0.));
#9725 = ORIENTED_EDGE('',*,*,#9682,.T.);
#9726 = ORIENTED_EDGE('',*,*,#8490,.F.);
#9727 = PLANE('',#9728);
#9728 = AXIS2_PLACEMENT_3D('',#9729,#9730,#9731);
#9729 = CARTESIAN_POINT('',(-6.67,-2.5,47.18));
#9730 = DIRECTION('',(0.,0.,1.));
#9731 = DIRECTION('',(1.,0.,0.));
#9732 = ADVANCED_FACE('',(#9733),#9760,.F.);
#9733 = FACE_BOUND('',#9734,.F.);
#9734 = EDGE_LOOP('',(#9735,#9743,#9744,#9745,#9746,#9754));
#9735 = ORIENTED_EDGE('',*,*,#9736,.F.);
#9736 = EDGE_CURVE('',#9713,#9737,#9739,.T.);
#9737 = VERTEX_POINT('',#9738);
#9738 = CARTESIAN_POINT('',(-6.67,-2.5,47.5));
#9739 = LINE('',#9740,#9741);
#9740 = CARTESIAN_POINT('',(-6.67,-2.5,47.18));
#9741 = VECTOR('',#9742,1.);
#9742 = DIRECTION('',(0.,0.,1.));
#9743 = ORIENTED_EDGE('',*,*,#9712,.T.);
#9744 = ORIENTED_EDGE('',*,*,#8482,.F.);
#9745 = ORIENTED_EDGE('',*,*,#9641,.F.);
#9746 = ORIENTED_EDGE('',*,*,#9747,.F.);
#9747 = EDGE_CURVE('',#9748,#9642,#9750,.T.);
#9748 = VERTEX_POINT('',#9749);
#9749 = CARTESIAN_POINT('',(-6.67,-1.86,47.5));
#9750 = LINE('',#9751,#9752);
#9751 = CARTESIAN_POINT('',(-6.67,-1.86,47.5));
#9752 = VECTOR('',#9753,1.);
#9753 = DIRECTION('',(0.,0.,1.));
#9754 = ORIENTED_EDGE('',*,*,#9755,.F.);
#9755 = EDGE_CURVE('',#9737,#9748,#9756,.T.);
#9756 = LINE('',#9757,#9758);
#9757 = CARTESIAN_POINT('',(-6.67,-2.5,47.5));
#9758 = VECTOR('',#9759,1.);
#9759 = DIRECTION('',(0.,1.,0.));
#9760 = PLANE('',#9761);
#9761 = AXIS2_PLACEMENT_3D('',#9762,#9763,#9764);
#9762 = CARTESIAN_POINT('',(-6.67,-2.5,47.18));
#9763 = DIRECTION('',(1.,0.,0.));
#9764 = DIRECTION('',(0.,0.,1.));
#9765 = ADVANCED_FACE('',(#9766),#9791,.T.);
#9766 = FACE_BOUND('',#9767,.T.);
#9767 = EDGE_LOOP('',(#9768,#9776,#9784,#9790));
#9768 = ORIENTED_EDGE('',*,*,#9769,.F.);
#9769 = EDGE_CURVE('',#9770,#8507,#9772,.T.);
#9770 = VERTEX_POINT('',#9771);
#9771 = CARTESIAN_POINT('',(-4.13,-1.86,47.82));
#9772 = LINE('',#9773,#9774);
#9773 = CARTESIAN_POINT('',(-4.13,-2.5,47.82));
#9774 = VECTOR('',#9775,1.);
#9775 = DIRECTION('',(0.,1.,0.));
#9776 = ORIENTED_EDGE('',*,*,#9777,.F.);
#9777 = EDGE_CURVE('',#9778,#9770,#9780,.T.);
#9778 = VERTEX_POINT('',#9779);
#9779 = CARTESIAN_POINT('',(-3.49,-1.86,47.82));
#9780 = LINE('',#9781,#9782);
#9781 = CARTESIAN_POINT('',(-4.13,-1.86,47.82));
#9782 = VECTOR('',#9783,1.);
#9783 = DIRECTION('',(-1.,0.,0.));
#9784 = ORIENTED_EDGE('',*,*,#9785,.T.);
#9785 = EDGE_CURVE('',#9778,#8509,#9786,.T.);
#9786 = LINE('',#9787,#9788);
#9787 = CARTESIAN_POINT('',(-3.49,-2.5,47.82));
#9788 = VECTOR('',#9789,1.);
#9789 = DIRECTION('',(0.,1.,0.));
#9790 = ORIENTED_EDGE('',*,*,#8506,.F.);
#9791 = PLANE('',#9792);
#9792 = AXIS2_PLACEMENT_3D('',#9793,#9794,#9795);
#9793 = CARTESIAN_POINT('',(-4.13,-2.5,47.82));
#9794 = DIRECTION('',(0.,0.,1.));
#9795 = DIRECTION('',(1.,0.,0.));
#9796 = ADVANCED_FACE('',(#9797),#9831,.T.);
#9797 = FACE_BOUND('',#9798,.T.);
#9798 = EDGE_LOOP('',(#9799,#9809,#9815,#9816,#9817,#9825));
#9799 = ORIENTED_EDGE('',*,*,#9800,.F.);
#9800 = EDGE_CURVE('',#9801,#9803,#9805,.T.);
#9801 = VERTEX_POINT('',#9802);
#9802 = CARTESIAN_POINT('',(-3.49,-2.5,47.18));
#9803 = VERTEX_POINT('',#9804);
#9804 = CARTESIAN_POINT('',(-3.49,-2.5,47.5));
#9805 = LINE('',#9806,#9807);
#9806 = CARTESIAN_POINT('',(-3.49,-2.5,47.18));
#9807 = VECTOR('',#9808,1.);
#9808 = DIRECTION('',(0.,0.,1.));
#9809 = ORIENTED_EDGE('',*,*,#9810,.T.);
#9810 = EDGE_CURVE('',#9801,#8525,#9811,.T.);
#9811 = LINE('',#9812,#9813);
#9812 = CARTESIAN_POINT('',(-3.49,-2.5,47.18));
#9813 = VECTOR('',#9814,1.);
#9814 = DIRECTION('',(0.,1.,0.));
#9815 = ORIENTED_EDGE('',*,*,#8532,.F.);
#9816 = ORIENTED_EDGE('',*,*,#9785,.F.);
#9817 = ORIENTED_EDGE('',*,*,#9818,.F.);
#9818 = EDGE_CURVE('',#9819,#9778,#9821,.T.);
#9819 = VERTEX_POINT('',#9820);
#9820 = CARTESIAN_POINT('',(-3.49,-1.86,47.5));
#9821 = LINE('',#9822,#9823);
#9822 = CARTESIAN_POINT('',(-3.49,-1.86,47.5));
#9823 = VECTOR('',#9824,1.);
#9824 = DIRECTION('',(0.,0.,1.));
#9825 = ORIENTED_EDGE('',*,*,#9826,.F.);
#9826 = EDGE_CURVE('',#9803,#9819,#9827,.T.);
#9827 = LINE('',#9828,#9829);
#9828 = CARTESIAN_POINT('',(-3.49,-2.5,47.5));
#9829 = VECTOR('',#9830,1.);
#9830 = DIRECTION('',(0.,1.,0.));
#9831 = PLANE('',#9832);
#9832 = AXIS2_PLACEMENT_3D('',#9833,#9834,#9835);
#9833 = CARTESIAN_POINT('',(-3.49,-2.5,47.18));
#9834 = DIRECTION('',(1.,0.,0.));
#9835 = DIRECTION('',(0.,0.,1.));
#9836 = ADVANCED_FACE('',(#9837),#9855,.F.);
#9837 = FACE_BOUND('',#9838,.F.);
#9838 = EDGE_LOOP('',(#9839,#9847,#9853,#9854));
#9839 = ORIENTED_EDGE('',*,*,#9840,.F.);
#9840 = EDGE_CURVE('',#9841,#8517,#9843,.T.);
#9841 = VERTEX_POINT('',#9842);
#9842 = CARTESIAN_POINT('',(-4.13,-2.5,47.18));
#9843 = LINE('',#9844,#9845);
#9844 = CARTESIAN_POINT('',(-4.13,-2.5,47.18));
#9845 = VECTOR('',#9846,1.);
#9846 = DIRECTION('',(0.,1.,0.));
#9847 = ORIENTED_EDGE('',*,*,#9848,.T.);
#9848 = EDGE_CURVE('',#9841,#9801,#9849,.T.);
#9849 = LINE('',#9850,#9851);
#9850 = CARTESIAN_POINT('',(-4.13,-2.5,47.18));
#9851 = VECTOR('',#9852,1.);
#9852 = DIRECTION('',(1.,0.,0.));
#9853 = ORIENTED_EDGE('',*,*,#9810,.T.);
#9854 = ORIENTED_EDGE('',*,*,#8524,.F.);
#9855 = PLANE('',#9856);
#9856 = AXIS2_PLACEMENT_3D('',#9857,#9858,#9859);
#9857 = CARTESIAN_POINT('',(-4.13,-2.5,47.18));
#9858 = DIRECTION('',(0.,0.,1.));
#9859 = DIRECTION('',(1.,0.,0.));
#9860 = ADVANCED_FACE('',(#9861),#9888,.F.);
#9861 = FACE_BOUND('',#9862,.F.);
#9862 = EDGE_LOOP('',(#9863,#9871,#9872,#9873,#9874,#9882));
#9863 = ORIENTED_EDGE('',*,*,#9864,.F.);
#9864 = EDGE_CURVE('',#9841,#9865,#9867,.T.);
#9865 = VERTEX_POINT('',#9866);
#9866 = CARTESIAN_POINT('',(-4.13,-2.5,47.5));
#9867 = LINE('',#9868,#9869);
#9868 = CARTESIAN_POINT('',(-4.13,-2.5,47.18));
#9869 = VECTOR('',#9870,1.);
#9870 = DIRECTION('',(0.,0.,1.));
#9871 = ORIENTED_EDGE('',*,*,#9840,.T.);
#9872 = ORIENTED_EDGE('',*,*,#8516,.F.);
#9873 = ORIENTED_EDGE('',*,*,#9769,.F.);
#9874 = ORIENTED_EDGE('',*,*,#9875,.F.);
#9875 = EDGE_CURVE('',#9876,#9770,#9878,.T.);
#9876 = VERTEX_POINT('',#9877);
#9877 = CARTESIAN_POINT('',(-4.13,-1.86,47.5));
#9878 = LINE('',#9879,#9880);
#9879 = CARTESIAN_POINT('',(-4.13,-1.86,47.5));
#9880 = VECTOR('',#9881,1.);
#9881 = DIRECTION('',(0.,0.,1.));
#9882 = ORIENTED_EDGE('',*,*,#9883,.F.);
#9883 = EDGE_CURVE('',#9865,#9876,#9884,.T.);
#9884 = LINE('',#9885,#9886);
#9885 = CARTESIAN_POINT('',(-4.13,-2.5,47.5));
#9886 = VECTOR('',#9887,1.);
#9887 = DIRECTION('',(0.,1.,0.));
#9888 = PLANE('',#9889);
#9889 = AXIS2_PLACEMENT_3D('',#9890,#9891,#9892);
#9890 = CARTESIAN_POINT('',(-4.13,-2.5,47.18));
#9891 = DIRECTION('',(1.,0.,0.));
#9892 = DIRECTION('',(0.,0.,1.));
#9893 = ADVANCED_FACE('',(#9894),#9919,.T.);
#9894 = FACE_BOUND('',#9895,.T.);
#9895 = EDGE_LOOP('',(#9896,#9904,#9912,#9918));
#9896 = ORIENTED_EDGE('',*,*,#9897,.F.);
#9897 = EDGE_CURVE('',#9898,#8541,#9900,.T.);
#9898 = VERTEX_POINT('',#9899);
#9899 = CARTESIAN_POINT('',(-1.59,-1.86,47.82));
#9900 = LINE('',#9901,#9902);
#9901 = CARTESIAN_POINT('',(-1.59,-2.5,47.82));
#9902 = VECTOR('',#9903,1.);
#9903 = DIRECTION('',(0.,1.,0.));
#9904 = ORIENTED_EDGE('',*,*,#9905,.F.);
#9905 = EDGE_CURVE('',#9906,#9898,#9908,.T.);
#9906 = VERTEX_POINT('',#9907);
#9907 = CARTESIAN_POINT('',(-0.95,-1.86,47.82));
#9908 = LINE('',#9909,#9910);
#9909 = CARTESIAN_POINT('',(-1.59,-1.86,47.82));
#9910 = VECTOR('',#9911,1.);
#9911 = DIRECTION('',(-1.,0.,0.));
#9912 = ORIENTED_EDGE('',*,*,#9913,.T.);
#9913 = EDGE_CURVE('',#9906,#8543,#9914,.T.);
#9914 = LINE('',#9915,#9916);
#9915 = CARTESIAN_POINT('',(-0.95,-2.5,47.82));
#9916 = VECTOR('',#9917,1.);
#9917 = DIRECTION('',(0.,1.,0.));
#9918 = ORIENTED_EDGE('',*,*,#8540,.F.);
#9919 = PLANE('',#9920);
#9920 = AXIS2_PLACEMENT_3D('',#9921,#9922,#9923);
#9921 = CARTESIAN_POINT('',(-1.59,-2.5,47.82));
#9922 = DIRECTION('',(0.,0.,1.));
#9923 = DIRECTION('',(1.,0.,0.));
#9924 = ADVANCED_FACE('',(#9925),#9959,.T.);
#9925 = FACE_BOUND('',#9926,.T.);
#9926 = EDGE_LOOP('',(#9927,#9937,#9943,#9944,#9945,#9953));
#9927 = ORIENTED_EDGE('',*,*,#9928,.F.);
#9928 = EDGE_CURVE('',#9929,#9931,#9933,.T.);
#9929 = VERTEX_POINT('',#9930);
#9930 = CARTESIAN_POINT('',(-0.95,-2.5,47.18));
#9931 = VERTEX_POINT('',#9932);
#9932 = CARTESIAN_POINT('',(-0.95,-2.5,47.5));
#9933 = LINE('',#9934,#9935);
#9934 = CARTESIAN_POINT('',(-0.95,-2.5,47.18));
#9935 = VECTOR('',#9936,1.);
#9936 = DIRECTION('',(0.,0.,1.));
#9937 = ORIENTED_EDGE('',*,*,#9938,.T.);
#9938 = EDGE_CURVE('',#9929,#8559,#9939,.T.);
#9939 = LINE('',#9940,#9941);
#9940 = CARTESIAN_POINT('',(-0.95,-2.5,47.18));
#9941 = VECTOR('',#9942,1.);
#9942 = DIRECTION('',(0.,1.,0.));
#9943 = ORIENTED_EDGE('',*,*,#8566,.F.);
#9944 = ORIENTED_EDGE('',*,*,#9913,.F.);
#9945 = ORIENTED_EDGE('',*,*,#9946,.F.);
#9946 = EDGE_CURVE('',#9947,#9906,#9949,.T.);
#9947 = VERTEX_POINT('',#9948);
#9948 = CARTESIAN_POINT('',(-0.95,-1.86,47.5));
#9949 = LINE('',#9950,#9951);
#9950 = CARTESIAN_POINT('',(-0.95,-1.86,47.5));
#9951 = VECTOR('',#9952,1.);
#9952 = DIRECTION('',(0.,0.,1.));
#9953 = ORIENTED_EDGE('',*,*,#9954,.F.);
#9954 = EDGE_CURVE('',#9931,#9947,#9955,.T.);
#9955 = LINE('',#9956,#9957);
#9956 = CARTESIAN_POINT('',(-0.95,-2.5,47.5));
#9957 = VECTOR('',#9958,1.);
#9958 = DIRECTION('',(0.,1.,0.));
#9959 = PLANE('',#9960);
#9960 = AXIS2_PLACEMENT_3D('',#9961,#9962,#9963);
#9961 = CARTESIAN_POINT('',(-0.95,-2.5,47.18));
#9962 = DIRECTION('',(1.,0.,0.));
#9963 = DIRECTION('',(0.,0.,1.));
#9964 = ADVANCED_FACE('',(#9965),#9983,.F.);
#9965 = FACE_BOUND('',#9966,.F.);
#9966 = EDGE_LOOP('',(#9967,#9975,#9981,#9982));
#9967 = ORIENTED_EDGE('',*,*,#9968,.F.);
#9968 = EDGE_CURVE('',#9969,#8551,#9971,.T.);
#9969 = VERTEX_POINT('',#9970);
#9970 = CARTESIAN_POINT('',(-1.59,-2.5,47.18));
#9971 = LINE('',#9972,#9973);
#9972 = CARTESIAN_POINT('',(-1.59,-2.5,47.18));
#9973 = VECTOR('',#9974,1.);
#9974 = DIRECTION('',(0.,1.,0.));
#9975 = ORIENTED_EDGE('',*,*,#9976,.T.);
#9976 = EDGE_CURVE('',#9969,#9929,#9977,.T.);
#9977 = LINE('',#9978,#9979);
#9978 = CARTESIAN_POINT('',(-1.59,-2.5,47.18));
#9979 = VECTOR('',#9980,1.);
#9980 = DIRECTION('',(1.,0.,0.));
#9981 = ORIENTED_EDGE('',*,*,#9938,.T.);
#9982 = ORIENTED_EDGE('',*,*,#8558,.F.);
#9983 = PLANE('',#9984);
#9984 = AXIS2_PLACEMENT_3D('',#9985,#9986,#9987);
#9985 = CARTESIAN_POINT('',(-1.59,-2.5,47.18));
#9986 = DIRECTION('',(0.,0.,1.));
#9987 = DIRECTION('',(1.,0.,0.));
#9988 = ADVANCED_FACE('',(#9989),#10016,.F.);
#9989 = FACE_BOUND('',#9990,.F.);
#9990 = EDGE_LOOP('',(#9991,#9999,#10000,#10001,#10002,#10010));
#9991 = ORIENTED_EDGE('',*,*,#9992,.F.);
#9992 = EDGE_CURVE('',#9969,#9993,#9995,.T.);
#9993 = VERTEX_POINT('',#9994);
#9994 = CARTESIAN_POINT('',(-1.59,-2.5,47.5));
#9995 = LINE('',#9996,#9997);
#9996 = CARTESIAN_POINT('',(-1.59,-2.5,47.18));
#9997 = VECTOR('',#9998,1.);
#9998 = DIRECTION('',(0.,0.,1.));
#9999 = ORIENTED_EDGE('',*,*,#9968,.T.);
#10000 = ORIENTED_EDGE('',*,*,#8550,.F.);
#10001 = ORIENTED_EDGE('',*,*,#9897,.F.);
#10002 = ORIENTED_EDGE('',*,*,#10003,.F.);
#10003 = EDGE_CURVE('',#10004,#9898,#10006,.T.);
#10004 = VERTEX_POINT('',#10005);
#10005 = CARTESIAN_POINT('',(-1.59,-1.86,47.5));
#10006 = LINE('',#10007,#10008);
#10007 = CARTESIAN_POINT('',(-1.59,-1.86,47.5));
#10008 = VECTOR('',#10009,1.);
#10009 = DIRECTION('',(0.,0.,1.));
#10010 = ORIENTED_EDGE('',*,*,#10011,.F.);
#10011 = EDGE_CURVE('',#9993,#10004,#10012,.T.);
#10012 = LINE('',#10013,#10014);
#10013 = CARTESIAN_POINT('',(-1.59,-2.5,47.5));
#10014 = VECTOR('',#10015,1.);
#10015 = DIRECTION('',(0.,1.,0.));
#10016 = PLANE('',#10017);
#10017 = AXIS2_PLACEMENT_3D('',#10018,#10019,#10020);
#10018 = CARTESIAN_POINT('',(-1.59,-2.5,47.18));
#10019 = DIRECTION('',(1.,0.,0.));
#10020 = DIRECTION('',(0.,0.,1.));
#10021 = ADVANCED_FACE('',(#10022),#10047,.T.);
#10022 = FACE_BOUND('',#10023,.T.);
#10023 = EDGE_LOOP('',(#10024,#10032,#10040,#10046));
#10024 = ORIENTED_EDGE('',*,*,#10025,.F.);
#10025 = EDGE_CURVE('',#10026,#8575,#10028,.T.);
#10026 = VERTEX_POINT('',#10027);
#10027 = CARTESIAN_POINT('',(0.95,-1.86,47.82));
#10028 = LINE('',#10029,#10030);
#10029 = CARTESIAN_POINT('',(0.95,-2.5,47.82));
#10030 = VECTOR('',#10031,1.);
#10031 = DIRECTION('',(0.,1.,0.));
#10032 = ORIENTED_EDGE('',*,*,#10033,.F.);
#10033 = EDGE_CURVE('',#10034,#10026,#10036,.T.);
#10034 = VERTEX_POINT('',#10035);
#10035 = CARTESIAN_POINT('',(1.59,-1.86,47.82));
#10036 = LINE('',#10037,#10038);
#10037 = CARTESIAN_POINT('',(0.95,-1.86,47.82));
#10038 = VECTOR('',#10039,1.);
#10039 = DIRECTION('',(-1.,0.,0.));
#10040 = ORIENTED_EDGE('',*,*,#10041,.T.);
#10041 = EDGE_CURVE('',#10034,#8577,#10042,.T.);
#10042 = LINE('',#10043,#10044);
#10043 = CARTESIAN_POINT('',(1.59,-2.5,47.82));
#10044 = VECTOR('',#10045,1.);
#10045 = DIRECTION('',(0.,1.,0.));
#10046 = ORIENTED_EDGE('',*,*,#8574,.F.);
#10047 = PLANE('',#10048);
#10048 = AXIS2_PLACEMENT_3D('',#10049,#10050,#10051);
#10049 = CARTESIAN_POINT('',(0.95,-2.5,47.82));
#10050 = DIRECTION('',(0.,0.,1.));
#10051 = DIRECTION('',(1.,0.,0.));
#10052 = ADVANCED_FACE('',(#10053),#10087,.T.);
#10053 = FACE_BOUND('',#10054,.T.);
#10054 = EDGE_LOOP('',(#10055,#10065,#10071,#10072,#10073,#10081));
#10055 = ORIENTED_EDGE('',*,*,#10056,.F.);
#10056 = EDGE_CURVE('',#10057,#10059,#10061,.T.);
#10057 = VERTEX_POINT('',#10058);
#10058 = CARTESIAN_POINT('',(1.59,-2.5,47.18));
#10059 = VERTEX_POINT('',#10060);
#10060 = CARTESIAN_POINT('',(1.59,-2.5,47.5));
#10061 = LINE('',#10062,#10063);
#10062 = CARTESIAN_POINT('',(1.59,-2.5,47.18));
#10063 = VECTOR('',#10064,1.);
#10064 = DIRECTION('',(0.,0.,1.));
#10065 = ORIENTED_EDGE('',*,*,#10066,.T.);
#10066 = EDGE_CURVE('',#10057,#8593,#10067,.T.);
#10067 = LINE('',#10068,#10069);
#10068 = CARTESIAN_POINT('',(1.59,-2.5,47.18));
#10069 = VECTOR('',#10070,1.);
#10070 = DIRECTION('',(0.,1.,0.));
#10071 = ORIENTED_EDGE('',*,*,#8600,.F.);
#10072 = ORIENTED_EDGE('',*,*,#10041,.F.);
#10073 = ORIENTED_EDGE('',*,*,#10074,.F.);
#10074 = EDGE_CURVE('',#10075,#10034,#10077,.T.);
#10075 = VERTEX_POINT('',#10076);
#10076 = CARTESIAN_POINT('',(1.59,-1.86,47.5));
#10077 = LINE('',#10078,#10079);
#10078 = CARTESIAN_POINT('',(1.59,-1.86,47.5));
#10079 = VECTOR('',#10080,1.);
#10080 = DIRECTION('',(0.,0.,1.));
#10081 = ORIENTED_EDGE('',*,*,#10082,.F.);
#10082 = EDGE_CURVE('',#10059,#10075,#10083,.T.);
#10083 = LINE('',#10084,#10085);
#10084 = CARTESIAN_POINT('',(1.59,-2.5,47.5));
#10085 = VECTOR('',#10086,1.);
#10086 = DIRECTION('',(0.,1.,0.));
#10087 = PLANE('',#10088);
#10088 = AXIS2_PLACEMENT_3D('',#10089,#10090,#10091);
#10089 = CARTESIAN_POINT('',(1.59,-2.5,47.18));
#10090 = DIRECTION('',(1.,0.,0.));
#10091 = DIRECTION('',(0.,0.,1.));
#10092 = ADVANCED_FACE('',(#10093),#10111,.F.);
#10093 = FACE_BOUND('',#10094,.F.);
#10094 = EDGE_LOOP('',(#10095,#10103,#10109,#10110));
#10095 = ORIENTED_EDGE('',*,*,#10096,.F.);
#10096 = EDGE_CURVE('',#10097,#8585,#10099,.T.);
#10097 = VERTEX_POINT('',#10098);
#10098 = CARTESIAN_POINT('',(0.95,-2.5,47.18));
#10099 = LINE('',#10100,#10101);
#10100 = CARTESIAN_POINT('',(0.95,-2.5,47.18));
#10101 = VECTOR('',#10102,1.);
#10102 = DIRECTION('',(0.,1.,0.));
#10103 = ORIENTED_EDGE('',*,*,#10104,.T.);
#10104 = EDGE_CURVE('',#10097,#10057,#10105,.T.);
#10105 = LINE('',#10106,#10107);
#10106 = CARTESIAN_POINT('',(0.95,-2.5,47.18));
#10107 = VECTOR('',#10108,1.);
#10108 = DIRECTION('',(1.,0.,0.));
#10109 = ORIENTED_EDGE('',*,*,#10066,.T.);
#10110 = ORIENTED_EDGE('',*,*,#8592,.F.);
#10111 = PLANE('',#10112);
#10112 = AXIS2_PLACEMENT_3D('',#10113,#10114,#10115);
#10113 = CARTESIAN_POINT('',(0.95,-2.5,47.18));
#10114 = DIRECTION('',(0.,0.,1.));
#10115 = DIRECTION('',(1.,0.,0.));
#10116 = ADVANCED_FACE('',(#10117),#10144,.F.);
#10117 = FACE_BOUND('',#10118,.F.);
#10118 = EDGE_LOOP('',(#10119,#10127,#10128,#10129,#10130,#10138));
#10119 = ORIENTED_EDGE('',*,*,#10120,.F.);
#10120 = EDGE_CURVE('',#10097,#10121,#10123,.T.);
#10121 = VERTEX_POINT('',#10122);
#10122 = CARTESIAN_POINT('',(0.95,-2.5,47.5));
#10123 = LINE('',#10124,#10125);
#10124 = CARTESIAN_POINT('',(0.95,-2.5,47.18));
#10125 = VECTOR('',#10126,1.);
#10126 = DIRECTION('',(0.,0.,1.));
#10127 = ORIENTED_EDGE('',*,*,#10096,.T.);
#10128 = ORIENTED_EDGE('',*,*,#8584,.F.);
#10129 = ORIENTED_EDGE('',*,*,#10025,.F.);
#10130 = ORIENTED_EDGE('',*,*,#10131,.F.);
#10131 = EDGE_CURVE('',#10132,#10026,#10134,.T.);
#10132 = VERTEX_POINT('',#10133);
#10133 = CARTESIAN_POINT('',(0.95,-1.86,47.5));
#10134 = LINE('',#10135,#10136);
#10135 = CARTESIAN_POINT('',(0.95,-1.86,47.5));
#10136 = VECTOR('',#10137,1.);
#10137 = DIRECTION('',(0.,0.,1.));
#10138 = ORIENTED_EDGE('',*,*,#10139,.F.);
#10139 = EDGE_CURVE('',#10121,#10132,#10140,.T.);
#10140 = LINE('',#10141,#10142);
#10141 = CARTESIAN_POINT('',(0.95,-2.5,47.5));
#10142 = VECTOR('',#10143,1.);
#10143 = DIRECTION('',(0.,1.,0.));
#10144 = PLANE('',#10145);
#10145 = AXIS2_PLACEMENT_3D('',#10146,#10147,#10148);
#10146 = CARTESIAN_POINT('',(0.95,-2.5,47.18));
#10147 = DIRECTION('',(1.,0.,0.));
#10148 = DIRECTION('',(0.,0.,1.));
#10149 = ADVANCED_FACE('',(#10150),#10175,.T.);
#10150 = FACE_BOUND('',#10151,.T.);
#10151 = EDGE_LOOP('',(#10152,#10160,#10168,#10174));
#10152 = ORIENTED_EDGE('',*,*,#10153,.F.);
#10153 = EDGE_CURVE('',#10154,#8609,#10156,.T.);
#10154 = VERTEX_POINT('',#10155);
#10155 = CARTESIAN_POINT('',(3.49,-1.86,47.82));
#10156 = LINE('',#10157,#10158);
#10157 = CARTESIAN_POINT('',(3.49,-2.5,47.82));
#10158 = VECTOR('',#10159,1.);
#10159 = DIRECTION('',(0.,1.,0.));
#10160 = ORIENTED_EDGE('',*,*,#10161,.F.);
#10161 = EDGE_CURVE('',#10162,#10154,#10164,.T.);
#10162 = VERTEX_POINT('',#10163);
#10163 = CARTESIAN_POINT('',(4.13,-1.86,47.82));
#10164 = LINE('',#10165,#10166);
#10165 = CARTESIAN_POINT('',(3.49,-1.86,47.82));
#10166 = VECTOR('',#10167,1.);
#10167 = DIRECTION('',(-1.,0.,0.));
#10168 = ORIENTED_EDGE('',*,*,#10169,.T.);
#10169 = EDGE_CURVE('',#10162,#8611,#10170,.T.);
#10170 = LINE('',#10171,#10172);
#10171 = CARTESIAN_POINT('',(4.13,-2.5,47.82));
#10172 = VECTOR('',#10173,1.);
#10173 = DIRECTION('',(0.,1.,0.));
#10174 = ORIENTED_EDGE('',*,*,#8608,.F.);
#10175 = PLANE('',#10176);
#10176 = AXIS2_PLACEMENT_3D('',#10177,#10178,#10179);
#10177 = CARTESIAN_POINT('',(3.49,-2.5,47.82));
#10178 = DIRECTION('',(0.,0.,1.));
#10179 = DIRECTION('',(1.,0.,0.));
#10180 = ADVANCED_FACE('',(#10181),#10215,.T.);
#10181 = FACE_BOUND('',#10182,.T.);
#10182 = EDGE_LOOP('',(#10183,#10193,#10199,#10200,#10201,#10209));
#10183 = ORIENTED_EDGE('',*,*,#10184,.F.);
#10184 = EDGE_CURVE('',#10185,#10187,#10189,.T.);
#10185 = VERTEX_POINT('',#10186);
#10186 = CARTESIAN_POINT('',(4.13,-2.5,47.18));
#10187 = VERTEX_POINT('',#10188);
#10188 = CARTESIAN_POINT('',(4.13,-2.5,47.5));
#10189 = LINE('',#10190,#10191);
#10190 = CARTESIAN_POINT('',(4.13,-2.5,47.18));
#10191 = VECTOR('',#10192,1.);
#10192 = DIRECTION('',(0.,0.,1.));
#10193 = ORIENTED_EDGE('',*,*,#10194,.T.);
#10194 = EDGE_CURVE('',#10185,#8627,#10195,.T.);
#10195 = LINE('',#10196,#10197);
#10196 = CARTESIAN_POINT('',(4.13,-2.5,47.18));
#10197 = VECTOR('',#10198,1.);
#10198 = DIRECTION('',(0.,1.,0.));
#10199 = ORIENTED_EDGE('',*,*,#8634,.F.);
#10200 = ORIENTED_EDGE('',*,*,#10169,.F.);
#10201 = ORIENTED_EDGE('',*,*,#10202,.F.);
#10202 = EDGE_CURVE('',#10203,#10162,#10205,.T.);
#10203 = VERTEX_POINT('',#10204);
#10204 = CARTESIAN_POINT('',(4.13,-1.86,47.5));
#10205 = LINE('',#10206,#10207);
#10206 = CARTESIAN_POINT('',(4.13,-1.86,47.5));
#10207 = VECTOR('',#10208,1.);
#10208 = DIRECTION('',(0.,0.,1.));
#10209 = ORIENTED_EDGE('',*,*,#10210,.F.);
#10210 = EDGE_CURVE('',#10187,#10203,#10211,.T.);
#10211 = LINE('',#10212,#10213);
#10212 = CARTESIAN_POINT('',(4.13,-2.5,47.5));
#10213 = VECTOR('',#10214,1.);
#10214 = DIRECTION('',(0.,1.,0.));
#10215 = PLANE('',#10216);
#10216 = AXIS2_PLACEMENT_3D('',#10217,#10218,#10219);
#10217 = CARTESIAN_POINT('',(4.13,-2.5,47.18));
#10218 = DIRECTION('',(1.,0.,0.));
#10219 = DIRECTION('',(0.,0.,1.));
#10220 = ADVANCED_FACE('',(#10221),#10239,.F.);
#10221 = FACE_BOUND('',#10222,.F.);
#10222 = EDGE_LOOP('',(#10223,#10231,#10237,#10238));
#10223 = ORIENTED_EDGE('',*,*,#10224,.F.);
#10224 = EDGE_CURVE('',#10225,#8619,#10227,.T.);
#10225 = VERTEX_POINT('',#10226);
#10226 = CARTESIAN_POINT('',(3.49,-2.5,47.18));
#10227 = LINE('',#10228,#10229);
#10228 = CARTESIAN_POINT('',(3.49,-2.5,47.18));
#10229 = VECTOR('',#10230,1.);
#10230 = DIRECTION('',(0.,1.,0.));
#10231 = ORIENTED_EDGE('',*,*,#10232,.T.);
#10232 = EDGE_CURVE('',#10225,#10185,#10233,.T.);
#10233 = LINE('',#10234,#10235);
#10234 = CARTESIAN_POINT('',(3.49,-2.5,47.18));
#10235 = VECTOR('',#10236,1.);
#10236 = DIRECTION('',(1.,0.,0.));
#10237 = ORIENTED_EDGE('',*,*,#10194,.T.);
#10238 = ORIENTED_EDGE('',*,*,#8626,.F.);
#10239 = PLANE('',#10240);
#10240 = AXIS2_PLACEMENT_3D('',#10241,#10242,#10243);
#10241 = CARTESIAN_POINT('',(3.49,-2.5,47.18));
#10242 = DIRECTION('',(0.,0.,1.));
#10243 = DIRECTION('',(1.,0.,0.));
#10244 = ADVANCED_FACE('',(#10245),#10272,.F.);
#10245 = FACE_BOUND('',#10246,.F.);
#10246 = EDGE_LOOP('',(#10247,#10255,#10256,#10257,#10258,#10266));
#10247 = ORIENTED_EDGE('',*,*,#10248,.F.);
#10248 = EDGE_CURVE('',#10225,#10249,#10251,.T.);
#10249 = VERTEX_POINT('',#10250);
#10250 = CARTESIAN_POINT('',(3.49,-2.5,47.5));
#10251 = LINE('',#10252,#10253);
#10252 = CARTESIAN_POINT('',(3.49,-2.5,47.18));
#10253 = VECTOR('',#10254,1.);
#10254 = DIRECTION('',(0.,0.,1.));
#10255 = ORIENTED_EDGE('',*,*,#10224,.T.);
#10256 = ORIENTED_EDGE('',*,*,#8618,.F.);
#10257 = ORIENTED_EDGE('',*,*,#10153,.F.);
#10258 = ORIENTED_EDGE('',*,*,#10259,.F.);
#10259 = EDGE_CURVE('',#10260,#10154,#10262,.T.);
#10260 = VERTEX_POINT('',#10261);
#10261 = CARTESIAN_POINT('',(3.49,-1.86,47.5));
#10262 = LINE('',#10263,#10264);
#10263 = CARTESIAN_POINT('',(3.49,-1.86,47.5));
#10264 = VECTOR('',#10265,1.);
#10265 = DIRECTION('',(0.,0.,1.));
#10266 = ORIENTED_EDGE('',*,*,#10267,.F.);
#10267 = EDGE_CURVE('',#10249,#10260,#10268,.T.);
#10268 = LINE('',#10269,#10270);
#10269 = CARTESIAN_POINT('',(3.49,-2.5,47.5));
#10270 = VECTOR('',#10271,1.);
#10271 = DIRECTION('',(0.,1.,0.));
#10272 = PLANE('',#10273);
#10273 = AXIS2_PLACEMENT_3D('',#10274,#10275,#10276);
#10274 = CARTESIAN_POINT('',(3.49,-2.5,47.18));
#10275 = DIRECTION('',(1.,0.,0.));
#10276 = DIRECTION('',(0.,0.,1.));
#10277 = ADVANCED_FACE('',(#10278),#10303,.T.);
#10278 = FACE_BOUND('',#10279,.T.);
#10279 = EDGE_LOOP('',(#10280,#10288,#10296,#10302));
#10280 = ORIENTED_EDGE('',*,*,#10281,.F.);
#10281 = EDGE_CURVE('',#10282,#8643,#10284,.T.);
#10282 = VERTEX_POINT('',#10283);
#10283 = CARTESIAN_POINT('',(6.03,-1.86,47.82));
#10284 = LINE('',#10285,#10286);
#10285 = CARTESIAN_POINT('',(6.03,-2.5,47.82));
#10286 = VECTOR('',#10287,1.);
#10287 = DIRECTION('',(0.,1.,0.));
#10288 = ORIENTED_EDGE('',*,*,#10289,.F.);
#10289 = EDGE_CURVE('',#10290,#10282,#10292,.T.);
#10290 = VERTEX_POINT('',#10291);
#10291 = CARTESIAN_POINT('',(6.67,-1.86,47.82));
#10292 = LINE('',#10293,#10294);
#10293 = CARTESIAN_POINT('',(6.03,-1.86,47.82));
#10294 = VECTOR('',#10295,1.);
#10295 = DIRECTION('',(-1.,0.,0.));
#10296 = ORIENTED_EDGE('',*,*,#10297,.T.);
#10297 = EDGE_CURVE('',#10290,#8645,#10298,.T.);
#10298 = LINE('',#10299,#10300);
#10299 = CARTESIAN_POINT('',(6.67,-2.5,47.82));
#10300 = VECTOR('',#10301,1.);
#10301 = DIRECTION('',(0.,1.,0.));
#10302 = ORIENTED_EDGE('',*,*,#8642,.F.);
#10303 = PLANE('',#10304);
#10304 = AXIS2_PLACEMENT_3D('',#10305,#10306,#10307);
#10305 = CARTESIAN_POINT('',(6.03,-2.5,47.82));
#10306 = DIRECTION('',(0.,0.,1.));
#10307 = DIRECTION('',(1.,0.,0.));
#10308 = ADVANCED_FACE('',(#10309),#10343,.T.);
#10309 = FACE_BOUND('',#10310,.T.);
#10310 = EDGE_LOOP('',(#10311,#10321,#10327,#10328,#10329,#10337));
#10311 = ORIENTED_EDGE('',*,*,#10312,.F.);
#10312 = EDGE_CURVE('',#10313,#10315,#10317,.T.);
#10313 = VERTEX_POINT('',#10314);
#10314 = CARTESIAN_POINT('',(6.67,-2.5,47.18));
#10315 = VERTEX_POINT('',#10316);
#10316 = CARTESIAN_POINT('',(6.67,-2.5,47.5));
#10317 = LINE('',#10318,#10319);
#10318 = CARTESIAN_POINT('',(6.67,-2.5,47.18));
#10319 = VECTOR('',#10320,1.);
#10320 = DIRECTION('',(0.,0.,1.));
#10321 = ORIENTED_EDGE('',*,*,#10322,.T.);
#10322 = EDGE_CURVE('',#10313,#8661,#10323,.T.);
#10323 = LINE('',#10324,#10325);
#10324 = CARTESIAN_POINT('',(6.67,-2.5,47.18));
#10325 = VECTOR('',#10326,1.);
#10326 = DIRECTION('',(0.,1.,0.));
#10327 = ORIENTED_EDGE('',*,*,#8668,.F.);
#10328 = ORIENTED_EDGE('',*,*,#10297,.F.);
#10329 = ORIENTED_EDGE('',*,*,#10330,.F.);
#10330 = EDGE_CURVE('',#10331,#10290,#10333,.T.);
#10331 = VERTEX_POINT('',#10332);
#10332 = CARTESIAN_POINT('',(6.67,-1.86,47.5));
#10333 = LINE('',#10334,#10335);
#10334 = CARTESIAN_POINT('',(6.67,-1.86,47.5));
#10335 = VECTOR('',#10336,1.);
#10336 = DIRECTION('',(0.,0.,1.));
#10337 = ORIENTED_EDGE('',*,*,#10338,.F.);
#10338 = EDGE_CURVE('',#10315,#10331,#10339,.T.);
#10339 = LINE('',#10340,#10341);
#10340 = CARTESIAN_POINT('',(6.67,-2.5,47.5));
#10341 = VECTOR('',#10342,1.);
#10342 = DIRECTION('',(0.,1.,0.));
#10343 = PLANE('',#10344);
#10344 = AXIS2_PLACEMENT_3D('',#10345,#10346,#10347);
#10345 = CARTESIAN_POINT('',(6.67,-2.5,47.18));
#10346 = DIRECTION('',(1.,0.,0.));
#10347 = DIRECTION('',(0.,0.,1.));
#10348 = ADVANCED_FACE('',(#10349),#10367,.F.);
#10349 = FACE_BOUND('',#10350,.F.);
#10350 = EDGE_LOOP('',(#10351,#10359,#10365,#10366));
#10351 = ORIENTED_EDGE('',*,*,#10352,.F.);
#10352 = EDGE_CURVE('',#10353,#8653,#10355,.T.);
#10353 = VERTEX_POINT('',#10354);
#10354 = CARTESIAN_POINT('',(6.03,-2.5,47.18));
#10355 = LINE('',#10356,#10357);
#10356 = CARTESIAN_POINT('',(6.03,-2.5,47.18));
#10357 = VECTOR('',#10358,1.);
#10358 = DIRECTION('',(0.,1.,0.));
#10359 = ORIENTED_EDGE('',*,*,#10360,.T.);
#10360 = EDGE_CURVE('',#10353,#10313,#10361,.T.);
#10361 = LINE('',#10362,#10363);
#10362 = CARTESIAN_POINT('',(6.03,-2.5,47.18));
#10363 = VECTOR('',#10364,1.);
#10364 = DIRECTION('',(1.,0.,0.));
#10365 = ORIENTED_EDGE('',*,*,#10322,.T.);
#10366 = ORIENTED_EDGE('',*,*,#8660,.F.);
#10367 = PLANE('',#10368);
#10368 = AXIS2_PLACEMENT_3D('',#10369,#10370,#10371);
#10369 = CARTESIAN_POINT('',(6.03,-2.5,47.18));
#10370 = DIRECTION('',(0.,0.,1.));
#10371 = DIRECTION('',(1.,0.,0.));
#10372 = ADVANCED_FACE('',(#10373),#10400,.F.);
#10373 = FACE_BOUND('',#10374,.F.);
#10374 = EDGE_LOOP('',(#10375,#10383,#10384,#10385,#10386,#10394));
#10375 = ORIENTED_EDGE('',*,*,#10376,.F.);
#10376 = EDGE_CURVE('',#10353,#10377,#10379,.T.);
#10377 = VERTEX_POINT('',#10378);
#10378 = CARTESIAN_POINT('',(6.03,-2.5,47.5));
#10379 = LINE('',#10380,#10381);
#10380 = CARTESIAN_POINT('',(6.03,-2.5,47.18));
#10381 = VECTOR('',#10382,1.);
#10382 = DIRECTION('',(0.,0.,1.));
#10383 = ORIENTED_EDGE('',*,*,#10352,.T.);
#10384 = ORIENTED_EDGE('',*,*,#8652,.F.);
#10385 = ORIENTED_EDGE('',*,*,#10281,.F.);
#10386 = ORIENTED_EDGE('',*,*,#10387,.F.);
#10387 = EDGE_CURVE('',#10388,#10282,#10390,.T.);
#10388 = VERTEX_POINT('',#10389);
#10389 = CARTESIAN_POINT('',(6.03,-1.86,47.5));
#10390 = LINE('',#10391,#10392);
#10391 = CARTESIAN_POINT('',(6.03,-1.86,47.5));
#10392 = VECTOR('',#10393,1.);
#10393 = DIRECTION('',(0.,0.,1.));
#10394 = ORIENTED_EDGE('',*,*,#10395,.F.);
#10395 = EDGE_CURVE('',#10377,#10388,#10396,.T.);
#10396 = LINE('',#10397,#10398);
#10397 = CARTESIAN_POINT('',(6.03,-2.5,47.5));
#10398 = VECTOR('',#10399,1.);
#10399 = DIRECTION('',(0.,1.,0.));
#10400 = PLANE('',#10401);
#10401 = AXIS2_PLACEMENT_3D('',#10402,#10403,#10404);
#10402 = CARTESIAN_POINT('',(6.03,-2.5,47.18));
#10403 = DIRECTION('',(1.,0.,0.));
#10404 = DIRECTION('',(0.,0.,1.));
#10405 = ADVANCED_FACE('',(#10406),#10431,.T.);
#10406 = FACE_BOUND('',#10407,.T.);
#10407 = EDGE_LOOP('',(#10408,#10416,#10424,#10430));
#10408 = ORIENTED_EDGE('',*,*,#10409,.F.);
#10409 = EDGE_CURVE('',#10410,#8677,#10412,.T.);
#10410 = VERTEX_POINT('',#10411);
#10411 = CARTESIAN_POINT('',(8.57,-1.86,47.82));
#10412 = LINE('',#10413,#10414);
#10413 = CARTESIAN_POINT('',(8.57,-2.5,47.82));
#10414 = VECTOR('',#10415,1.);
#10415 = DIRECTION('',(0.,1.,0.));
#10416 = ORIENTED_EDGE('',*,*,#10417,.F.);
#10417 = EDGE_CURVE('',#10418,#10410,#10420,.T.);
#10418 = VERTEX_POINT('',#10419);
#10419 = CARTESIAN_POINT('',(9.21,-1.86,47.82));
#10420 = LINE('',#10421,#10422);
#10421 = CARTESIAN_POINT('',(8.57,-1.86,47.82));
#10422 = VECTOR('',#10423,1.);
#10423 = DIRECTION('',(-1.,0.,0.));
#10424 = ORIENTED_EDGE('',*,*,#10425,.T.);
#10425 = EDGE_CURVE('',#10418,#8679,#10426,.T.);
#10426 = LINE('',#10427,#10428);
#10427 = CARTESIAN_POINT('',(9.21,-2.5,47.82));
#10428 = VECTOR('',#10429,1.);
#10429 = DIRECTION('',(0.,1.,0.));
#10430 = ORIENTED_EDGE('',*,*,#8676,.F.);
#10431 = PLANE('',#10432);
#10432 = AXIS2_PLACEMENT_3D('',#10433,#10434,#10435);
#10433 = CARTESIAN_POINT('',(8.57,-2.5,47.82));
#10434 = DIRECTION('',(0.,0.,1.));
#10435 = DIRECTION('',(1.,0.,0.));
#10436 = ADVANCED_FACE('',(#10437),#10471,.T.);
#10437 = FACE_BOUND('',#10438,.T.);
#10438 = EDGE_LOOP('',(#10439,#10449,#10455,#10456,#10457,#10465));
#10439 = ORIENTED_EDGE('',*,*,#10440,.F.);
#10440 = EDGE_CURVE('',#10441,#10443,#10445,.T.);
#10441 = VERTEX_POINT('',#10442);
#10442 = CARTESIAN_POINT('',(9.21,-2.5,47.18));
#10443 = VERTEX_POINT('',#10444);
#10444 = CARTESIAN_POINT('',(9.21,-2.5,47.5));
#10445 = LINE('',#10446,#10447);
#10446 = CARTESIAN_POINT('',(9.21,-2.5,47.18));
#10447 = VECTOR('',#10448,1.);
#10448 = DIRECTION('',(0.,0.,1.));
#10449 = ORIENTED_EDGE('',*,*,#10450,.T.);
#10450 = EDGE_CURVE('',#10441,#8695,#10451,.T.);
#10451 = LINE('',#10452,#10453);
#10452 = CARTESIAN_POINT('',(9.21,-2.5,47.18));
#10453 = VECTOR('',#10454,1.);
#10454 = DIRECTION('',(0.,1.,0.));
#10455 = ORIENTED_EDGE('',*,*,#8702,.F.);
#10456 = ORIENTED_EDGE('',*,*,#10425,.F.);
#10457 = ORIENTED_EDGE('',*,*,#10458,.F.);
#10458 = EDGE_CURVE('',#10459,#10418,#10461,.T.);
#10459 = VERTEX_POINT('',#10460);
#10460 = CARTESIAN_POINT('',(9.21,-1.86,47.5));
#10461 = LINE('',#10462,#10463);
#10462 = CARTESIAN_POINT('',(9.21,-1.86,47.5));
#10463 = VECTOR('',#10464,1.);
#10464 = DIRECTION('',(0.,0.,1.));
#10465 = ORIENTED_EDGE('',*,*,#10466,.F.);
#10466 = EDGE_CURVE('',#10443,#10459,#10467,.T.);
#10467 = LINE('',#10468,#10469);
#10468 = CARTESIAN_POINT('',(9.21,-2.5,47.5));
#10469 = VECTOR('',#10470,1.);
#10470 = DIRECTION('',(0.,1.,0.));
#10471 = PLANE('',#10472);
#10472 = AXIS2_PLACEMENT_3D('',#10473,#10474,#10475);
#10473 = CARTESIAN_POINT('',(9.21,-2.5,47.18));
#10474 = DIRECTION('',(1.,0.,0.));
#10475 = DIRECTION('',(0.,0.,1.));
#10476 = ADVANCED_FACE('',(#10477),#10495,.F.);
#10477 = FACE_BOUND('',#10478,.F.);
#10478 = EDGE_LOOP('',(#10479,#10487,#10493,#10494));
#10479 = ORIENTED_EDGE('',*,*,#10480,.F.);
#10480 = EDGE_CURVE('',#10481,#8687,#10483,.T.);
#10481 = VERTEX_POINT('',#10482);
#10482 = CARTESIAN_POINT('',(8.57,-2.5,47.18));
#10483 = LINE('',#10484,#10485);
#10484 = CARTESIAN_POINT('',(8.57,-2.5,47.18));
#10485 = VECTOR('',#10486,1.);
#10486 = DIRECTION('',(0.,1.,0.));
#10487 = ORIENTED_EDGE('',*,*,#10488,.T.);
#10488 = EDGE_CURVE('',#10481,#10441,#10489,.T.);
#10489 = LINE('',#10490,#10491);
#10490 = CARTESIAN_POINT('',(8.57,-2.5,47.18));
#10491 = VECTOR('',#10492,1.);
#10492 = DIRECTION('',(1.,0.,0.));
#10493 = ORIENTED_EDGE('',*,*,#10450,.T.);
#10494 = ORIENTED_EDGE('',*,*,#8694,.F.);
#10495 = PLANE('',#10496);
#10496 = AXIS2_PLACEMENT_3D('',#10497,#10498,#10499);
#10497 = CARTESIAN_POINT('',(8.57,-2.5,47.18));
#10498 = DIRECTION('',(0.,0.,1.));
#10499 = DIRECTION('',(1.,0.,0.));
#10500 = ADVANCED_FACE('',(#10501),#10528,.F.);
#10501 = FACE_BOUND('',#10502,.F.);
#10502 = EDGE_LOOP('',(#10503,#10511,#10512,#10513,#10514,#10522));
#10503 = ORIENTED_EDGE('',*,*,#10504,.F.);
#10504 = EDGE_CURVE('',#10481,#10505,#10507,.T.);
#10505 = VERTEX_POINT('',#10506);
#10506 = CARTESIAN_POINT('',(8.57,-2.5,47.5));
#10507 = LINE('',#10508,#10509);
#10508 = CARTESIAN_POINT('',(8.57,-2.5,47.18));
#10509 = VECTOR('',#10510,1.);
#10510 = DIRECTION('',(0.,0.,1.));
#10511 = ORIENTED_EDGE('',*,*,#10480,.T.);
#10512 = ORIENTED_EDGE('',*,*,#8686,.F.);
#10513 = ORIENTED_EDGE('',*,*,#10409,.F.);
#10514 = ORIENTED_EDGE('',*,*,#10515,.F.);
#10515 = EDGE_CURVE('',#10516,#10410,#10518,.T.);
#10516 = VERTEX_POINT('',#10517);
#10517 = CARTESIAN_POINT('',(8.57,-1.86,47.5));
#10518 = LINE('',#10519,#10520);
#10519 = CARTESIAN_POINT('',(8.57,-1.86,47.5));
#10520 = VECTOR('',#10521,1.);
#10521 = DIRECTION('',(0.,0.,1.));
#10522 = ORIENTED_EDGE('',*,*,#10523,.F.);
#10523 = EDGE_CURVE('',#10505,#10516,#10524,.T.);
#10524 = LINE('',#10525,#10526);
#10525 = CARTESIAN_POINT('',(8.57,-2.5,47.5));
#10526 = VECTOR('',#10527,1.);
#10527 = DIRECTION('',(0.,1.,0.));
#10528 = PLANE('',#10529);
#10529 = AXIS2_PLACEMENT_3D('',#10530,#10531,#10532);
#10530 = CARTESIAN_POINT('',(8.57,-2.5,47.18));
#10531 = DIRECTION('',(1.,0.,0.));
#10532 = DIRECTION('',(0.,0.,1.));
#10533 = ADVANCED_FACE('',(#10534),#10540,.T.);
#10534 = FACE_BOUND('',#10535,.T.);
#10535 = EDGE_LOOP('',(#10536,#10537,#10538,#10539));
#10536 = ORIENTED_EDGE('',*,*,#8798,.F.);
#10537 = ORIENTED_EDGE('',*,*,#8814,.T.);
#10538 = ORIENTED_EDGE('',*,*,#8750,.T.);
#10539 = ORIENTED_EDGE('',*,*,#8773,.F.);
#10540 = PLANE('',#10541);
#10541 = AXIS2_PLACEMENT_3D('',#10542,#10543,#10544);
#10542 = CARTESIAN_POINT('',(-9.21,1.5,47.18));
#10543 = DIRECTION('',(0.,1.,0.));
#10544 = DIRECTION('',(0.,0.,1.));
#10545 = ADVANCED_FACE('',(#10546),#10552,.T.);
#10546 = FACE_BOUND('',#10547,.T.);
#10547 = EDGE_LOOP('',(#10548,#10549,#10550,#10551));
#10548 = ORIENTED_EDGE('',*,*,#8894,.F.);
#10549 = ORIENTED_EDGE('',*,*,#8910,.T.);
#10550 = ORIENTED_EDGE('',*,*,#8846,.T.);
#10551 = ORIENTED_EDGE('',*,*,#8869,.F.);
#10552 = PLANE('',#10553);
#10553 = AXIS2_PLACEMENT_3D('',#10554,#10555,#10556);
#10554 = CARTESIAN_POINT('',(-6.67,1.5,47.18));
#10555 = DIRECTION('',(0.,1.,0.));
#10556 = DIRECTION('',(0.,0.,1.));
#10557 = ADVANCED_FACE('',(#10558),#10564,.T.);
#10558 = FACE_BOUND('',#10559,.T.);
#10559 = EDGE_LOOP('',(#10560,#10561,#10562,#10563));
#10560 = ORIENTED_EDGE('',*,*,#8990,.F.);
#10561 = ORIENTED_EDGE('',*,*,#9006,.T.);
#10562 = ORIENTED_EDGE('',*,*,#8942,.T.);
#10563 = ORIENTED_EDGE('',*,*,#8965,.F.);
#10564 = PLANE('',#10565);
#10565 = AXIS2_PLACEMENT_3D('',#10566,#10567,#10568);
#10566 = CARTESIAN_POINT('',(-4.13,1.5,47.18));
#10567 = DIRECTION('',(0.,1.,0.));
#10568 = DIRECTION('',(0.,0.,1.));
#10569 = ADVANCED_FACE('',(#10570),#10576,.T.);
#10570 = FACE_BOUND('',#10571,.T.);
#10571 = EDGE_LOOP('',(#10572,#10573,#10574,#10575));
#10572 = ORIENTED_EDGE('',*,*,#9086,.F.);
#10573 = ORIENTED_EDGE('',*,*,#9102,.T.);
#10574 = ORIENTED_EDGE('',*,*,#9038,.T.);
#10575 = ORIENTED_EDGE('',*,*,#9061,.F.);
#10576 = PLANE('',#10577);
#10577 = AXIS2_PLACEMENT_3D('',#10578,#10579,#10580);
#10578 = CARTESIAN_POINT('',(-1.59,1.5,47.18));
#10579 = DIRECTION('',(0.,1.,0.));
#10580 = DIRECTION('',(0.,0.,1.));
#10581 = ADVANCED_FACE('',(#10582),#10588,.T.);
#10582 = FACE_BOUND('',#10583,.T.);
#10583 = EDGE_LOOP('',(#10584,#10585,#10586,#10587));
#10584 = ORIENTED_EDGE('',*,*,#9182,.F.);
#10585 = ORIENTED_EDGE('',*,*,#9198,.T.);
#10586 = ORIENTED_EDGE('',*,*,#9134,.T.);
#10587 = ORIENTED_EDGE('',*,*,#9157,.F.);
#10588 = PLANE('',#10589);
#10589 = AXIS2_PLACEMENT_3D('',#10590,#10591,#10592);
#10590 = CARTESIAN_POINT('',(0.95,1.5,47.18));
#10591 = DIRECTION('',(0.,1.,0.));
#10592 = DIRECTION('',(0.,0.,1.));
#10593 = ADVANCED_FACE('',(#10594),#10600,.T.);
#10594 = FACE_BOUND('',#10595,.T.);
#10595 = EDGE_LOOP('',(#10596,#10597,#10598,#10599));
#10596 = ORIENTED_EDGE('',*,*,#9278,.F.);
#10597 = ORIENTED_EDGE('',*,*,#9294,.T.);
#10598 = ORIENTED_EDGE('',*,*,#9230,.T.);
#10599 = ORIENTED_EDGE('',*,*,#9253,.F.);
#10600 = PLANE('',#10601);
#10601 = AXIS2_PLACEMENT_3D('',#10602,#10603,#10604);
#10602 = CARTESIAN_POINT('',(3.49,1.5,47.18));
#10603 = DIRECTION('',(0.,1.,0.));
#10604 = DIRECTION('',(0.,0.,1.));
#10605 = ADVANCED_FACE('',(#10606),#10612,.T.);
#10606 = FACE_BOUND('',#10607,.T.);
#10607 = EDGE_LOOP('',(#10608,#10609,#10610,#10611));
#10608 = ORIENTED_EDGE('',*,*,#9374,.F.);
#10609 = ORIENTED_EDGE('',*,*,#9390,.T.);
#10610 = ORIENTED_EDGE('',*,*,#9326,.T.);
#10611 = ORIENTED_EDGE('',*,*,#9349,.F.);
#10612 = PLANE('',#10613);
#10613 = AXIS2_PLACEMENT_3D('',#10614,#10615,#10616);
#10614 = CARTESIAN_POINT('',(6.03,1.5,47.18));
#10615 = DIRECTION('',(0.,1.,0.));
#10616 = DIRECTION('',(0.,0.,1.));
#10617 = ADVANCED_FACE('',(#10618),#10624,.T.);
#10618 = FACE_BOUND('',#10619,.T.);
#10619 = EDGE_LOOP('',(#10620,#10621,#10622,#10623));
#10620 = ORIENTED_EDGE('',*,*,#9470,.F.);
#10621 = ORIENTED_EDGE('',*,*,#9486,.T.);
#10622 = ORIENTED_EDGE('',*,*,#9422,.T.);
#10623 = ORIENTED_EDGE('',*,*,#9445,.F.);
#10624 = PLANE('',#10625);
#10625 = AXIS2_PLACEMENT_3D('',#10626,#10627,#10628);
#10626 = CARTESIAN_POINT('',(8.57,1.5,47.18));
#10627 = DIRECTION('',(0.,1.,0.));
#10628 = DIRECTION('',(0.,0.,1.));
#10629 = ADVANCED_FACE('',(#10630),#10655,.T.);
#10630 = FACE_BOUND('',#10631,.T.);
#10631 = EDGE_LOOP('',(#10632,#10633,#10641,#10649));
#10632 = ORIENTED_EDGE('',*,*,#9521,.T.);
#10633 = ORIENTED_EDGE('',*,*,#10634,.T.);
#10634 = EDGE_CURVE('',#9514,#10635,#10637,.T.);
#10635 = VERTEX_POINT('',#10636);
#10636 = CARTESIAN_POINT('',(-9.21,-1.86,52.));
#10637 = LINE('',#10638,#10639);
#10638 = CARTESIAN_POINT('',(-9.21,-1.86,47.5));
#10639 = VECTOR('',#10640,1.);
#10640 = DIRECTION('',(0.,0.,1.));
#10641 = ORIENTED_EDGE('',*,*,#10642,.T.);
#10642 = EDGE_CURVE('',#10635,#10643,#10645,.T.);
#10643 = VERTEX_POINT('',#10644);
#10644 = CARTESIAN_POINT('',(-8.57,-1.86,52.));
#10645 = LINE('',#10646,#10647);
#10646 = CARTESIAN_POINT('',(-9.21,-1.86,52.));
#10647 = VECTOR('',#10648,1.);
#10648 = DIRECTION('',(1.,0.,0.));
#10649 = ORIENTED_EDGE('',*,*,#10650,.F.);
#10650 = EDGE_CURVE('',#9522,#10643,#10651,.T.);
#10651 = LINE('',#10652,#10653);
#10652 = CARTESIAN_POINT('',(-8.57,-1.86,47.5));
#10653 = VECTOR('',#10654,1.);
#10654 = DIRECTION('',(0.,0.,1.));
#10655 = PLANE('',#10656);
#10656 = AXIS2_PLACEMENT_3D('',#10657,#10658,#10659);
#10657 = CARTESIAN_POINT('',(-9.21,-1.86,47.5));
#10658 = DIRECTION('',(0.,1.,0.));
#10659 = DIRECTION('',(0.,0.,1.));
#10660 = ADVANCED_FACE('',(#10661),#10672,.F.);
#10661 = FACE_BOUND('',#10662,.F.);
#10662 = EDGE_LOOP('',(#10663,#10664,#10665,#10666));
#10663 = ORIENTED_EDGE('',*,*,#9544,.F.);
#10664 = ORIENTED_EDGE('',*,*,#9592,.F.);
#10665 = ORIENTED_EDGE('',*,*,#9608,.T.);
#10666 = ORIENTED_EDGE('',*,*,#10667,.T.);
#10667 = EDGE_CURVE('',#9609,#9547,#10668,.T.);
#10668 = LINE('',#10669,#10670);
#10669 = CARTESIAN_POINT('',(-9.21,-2.5,47.5));
#10670 = VECTOR('',#10671,1.);
#10671 = DIRECTION('',(1.,0.,0.));
#10672 = PLANE('',#10673);
#10673 = AXIS2_PLACEMENT_3D('',#10674,#10675,#10676);
#10674 = CARTESIAN_POINT('',(-9.21,-2.5,47.18));
#10675 = DIRECTION('',(0.,1.,0.));
#10676 = DIRECTION('',(0.,0.,1.));
#10677 = ADVANCED_FACE('',(#10678),#10696,.T.);
#10678 = FACE_BOUND('',#10679,.T.);
#10679 = EDGE_LOOP('',(#10680,#10688,#10689,#10690));
#10680 = ORIENTED_EDGE('',*,*,#10681,.F.);
#10681 = EDGE_CURVE('',#9547,#10682,#10684,.T.);
#10682 = VERTEX_POINT('',#10683);
#10683 = CARTESIAN_POINT('',(-8.57,-2.5,47.82));
#10684 = LINE('',#10685,#10686);
#10685 = CARTESIAN_POINT('',(-8.57,-2.5,47.18));
#10686 = VECTOR('',#10687,1.);
#10687 = DIRECTION('',(0.,0.,1.));
#10688 = ORIENTED_EDGE('',*,*,#9570,.T.);
#10689 = ORIENTED_EDGE('',*,*,#9562,.T.);
#10690 = ORIENTED_EDGE('',*,*,#10691,.F.);
#10691 = EDGE_CURVE('',#10682,#9522,#10692,.T.);
#10692 = LINE('',#10693,#10694);
#10693 = CARTESIAN_POINT('',(-8.57,-2.5,47.82));
#10694 = VECTOR('',#10695,1.);
#10695 = DIRECTION('',(0.,1.,0.));
#10696 = PLANE('',#10697);
#10697 = AXIS2_PLACEMENT_3D('',#10698,#10699,#10700);
#10698 = CARTESIAN_POINT('',(-8.57,-2.5,47.18));
#10699 = DIRECTION('',(1.,0.,0.));
#10700 = DIRECTION('',(0.,0.,1.));
#10701 = ADVANCED_FACE('',(#10702),#10720,.F.);
#10702 = FACE_BOUND('',#10703,.F.);
#10703 = EDGE_LOOP('',(#10704,#10712,#10713,#10714));
#10704 = ORIENTED_EDGE('',*,*,#10705,.F.);
#10705 = EDGE_CURVE('',#9609,#10706,#10708,.T.);
#10706 = VERTEX_POINT('',#10707);
#10707 = CARTESIAN_POINT('',(-9.21,-2.5,47.82));
#10708 = LINE('',#10709,#10710);
#10709 = CARTESIAN_POINT('',(-9.21,-2.5,47.18));
#10710 = VECTOR('',#10711,1.);
#10711 = DIRECTION('',(0.,0.,1.));
#10712 = ORIENTED_EDGE('',*,*,#9627,.T.);
#10713 = ORIENTED_EDGE('',*,*,#9619,.T.);
#10714 = ORIENTED_EDGE('',*,*,#10715,.F.);
#10715 = EDGE_CURVE('',#10706,#9514,#10716,.T.);
#10716 = LINE('',#10717,#10718);
#10717 = CARTESIAN_POINT('',(-9.21,-2.5,47.82));
#10718 = VECTOR('',#10719,1.);
#10719 = DIRECTION('',(0.,1.,0.));
#10720 = PLANE('',#10721);
#10721 = AXIS2_PLACEMENT_3D('',#10722,#10723,#10724);
#10722 = CARTESIAN_POINT('',(-9.21,-2.5,47.18));
#10723 = DIRECTION('',(1.,0.,0.));
#10724 = DIRECTION('',(0.,0.,1.));
#10725 = ADVANCED_FACE('',(#10726),#10751,.T.);
#10726 = FACE_BOUND('',#10727,.T.);
#10727 = EDGE_LOOP('',(#10728,#10729,#10737,#10745));
#10728 = ORIENTED_EDGE('',*,*,#9649,.T.);
#10729 = ORIENTED_EDGE('',*,*,#10730,.T.);
#10730 = EDGE_CURVE('',#9642,#10731,#10733,.T.);
#10731 = VERTEX_POINT('',#10732);
#10732 = CARTESIAN_POINT('',(-6.67,-1.86,52.));
#10733 = LINE('',#10734,#10735);
#10734 = CARTESIAN_POINT('',(-6.67,-1.86,47.5));
#10735 = VECTOR('',#10736,1.);
#10736 = DIRECTION('',(0.,0.,1.));
#10737 = ORIENTED_EDGE('',*,*,#10738,.T.);
#10738 = EDGE_CURVE('',#10731,#10739,#10741,.T.);
#10739 = VERTEX_POINT('',#10740);
#10740 = CARTESIAN_POINT('',(-6.03,-1.86,52.));
#10741 = LINE('',#10742,#10743);
#10742 = CARTESIAN_POINT('',(-6.67,-1.86,52.));
#10743 = VECTOR('',#10744,1.);
#10744 = DIRECTION('',(1.,0.,0.));
#10745 = ORIENTED_EDGE('',*,*,#10746,.F.);
#10746 = EDGE_CURVE('',#9650,#10739,#10747,.T.);
#10747 = LINE('',#10748,#10749);
#10748 = CARTESIAN_POINT('',(-6.03,-1.86,47.5));
#10749 = VECTOR('',#10750,1.);
#10750 = DIRECTION('',(0.,0.,1.));
#10751 = PLANE('',#10752);
#10752 = AXIS2_PLACEMENT_3D('',#10753,#10754,#10755);
#10753 = CARTESIAN_POINT('',(-6.67,-1.86,47.5));
#10754 = DIRECTION('',(0.,1.,0.));
#10755 = DIRECTION('',(0.,0.,1.));
#10756 = ADVANCED_FACE('',(#10757),#10768,.F.);
#10757 = FACE_BOUND('',#10758,.F.);
#10758 = EDGE_LOOP('',(#10759,#10760,#10761,#10762));
#10759 = ORIENTED_EDGE('',*,*,#9672,.F.);
#10760 = ORIENTED_EDGE('',*,*,#9720,.F.);
#10761 = ORIENTED_EDGE('',*,*,#9736,.T.);
#10762 = ORIENTED_EDGE('',*,*,#10763,.T.);
#10763 = EDGE_CURVE('',#9737,#9675,#10764,.T.);
#10764 = LINE('',#10765,#10766);
#10765 = CARTESIAN_POINT('',(-6.67,-2.5,47.5));
#10766 = VECTOR('',#10767,1.);
#10767 = DIRECTION('',(1.,0.,0.));
#10768 = PLANE('',#10769);
#10769 = AXIS2_PLACEMENT_3D('',#10770,#10771,#10772);
#10770 = CARTESIAN_POINT('',(-6.67,-2.5,47.18));
#10771 = DIRECTION('',(0.,1.,0.));
#10772 = DIRECTION('',(0.,0.,1.));
#10773 = ADVANCED_FACE('',(#10774),#10792,.T.);
#10774 = FACE_BOUND('',#10775,.T.);
#10775 = EDGE_LOOP('',(#10776,#10784,#10785,#10786));
#10776 = ORIENTED_EDGE('',*,*,#10777,.F.);
#10777 = EDGE_CURVE('',#9675,#10778,#10780,.T.);
#10778 = VERTEX_POINT('',#10779);
#10779 = CARTESIAN_POINT('',(-6.03,-2.5,47.82));
#10780 = LINE('',#10781,#10782);
#10781 = CARTESIAN_POINT('',(-6.03,-2.5,47.18));
#10782 = VECTOR('',#10783,1.);
#10783 = DIRECTION('',(0.,0.,1.));
#10784 = ORIENTED_EDGE('',*,*,#9698,.T.);
#10785 = ORIENTED_EDGE('',*,*,#9690,.T.);
#10786 = ORIENTED_EDGE('',*,*,#10787,.F.);
#10787 = EDGE_CURVE('',#10778,#9650,#10788,.T.);
#10788 = LINE('',#10789,#10790);
#10789 = CARTESIAN_POINT('',(-6.03,-2.5,47.82));
#10790 = VECTOR('',#10791,1.);
#10791 = DIRECTION('',(0.,1.,0.));
#10792 = PLANE('',#10793);
#10793 = AXIS2_PLACEMENT_3D('',#10794,#10795,#10796);
#10794 = CARTESIAN_POINT('',(-6.03,-2.5,47.18));
#10795 = DIRECTION('',(1.,0.,0.));
#10796 = DIRECTION('',(0.,0.,1.));
#10797 = ADVANCED_FACE('',(#10798),#10816,.F.);
#10798 = FACE_BOUND('',#10799,.F.);
#10799 = EDGE_LOOP('',(#10800,#10808,#10809,#10810));
#10800 = ORIENTED_EDGE('',*,*,#10801,.F.);
#10801 = EDGE_CURVE('',#9737,#10802,#10804,.T.);
#10802 = VERTEX_POINT('',#10803);
#10803 = CARTESIAN_POINT('',(-6.67,-2.5,47.82));
#10804 = LINE('',#10805,#10806);
#10805 = CARTESIAN_POINT('',(-6.67,-2.5,47.18));
#10806 = VECTOR('',#10807,1.);
#10807 = DIRECTION('',(0.,0.,1.));
#10808 = ORIENTED_EDGE('',*,*,#9755,.T.);
#10809 = ORIENTED_EDGE('',*,*,#9747,.T.);
#10810 = ORIENTED_EDGE('',*,*,#10811,.F.);
#10811 = EDGE_CURVE('',#10802,#9642,#10812,.T.);
#10812 = LINE('',#10813,#10814);
#10813 = CARTESIAN_POINT('',(-6.67,-2.5,47.82));
#10814 = VECTOR('',#10815,1.);
#10815 = DIRECTION('',(0.,1.,0.));
#10816 = PLANE('',#10817);
#10817 = AXIS2_PLACEMENT_3D('',#10818,#10819,#10820);
#10818 = CARTESIAN_POINT('',(-6.67,-2.5,47.18));
#10819 = DIRECTION('',(1.,0.,0.));
#10820 = DIRECTION('',(0.,0.,1.));
#10821 = ADVANCED_FACE('',(#10822),#10847,.T.);
#10822 = FACE_BOUND('',#10823,.T.);
#10823 = EDGE_LOOP('',(#10824,#10825,#10833,#10841));
#10824 = ORIENTED_EDGE('',*,*,#9777,.T.);
#10825 = ORIENTED_EDGE('',*,*,#10826,.T.);
#10826 = EDGE_CURVE('',#9770,#10827,#10829,.T.);
#10827 = VERTEX_POINT('',#10828);
#10828 = CARTESIAN_POINT('',(-4.13,-1.86,52.));
#10829 = LINE('',#10830,#10831);
#10830 = CARTESIAN_POINT('',(-4.13,-1.86,47.5));
#10831 = VECTOR('',#10832,1.);
#10832 = DIRECTION('',(0.,0.,1.));
#10833 = ORIENTED_EDGE('',*,*,#10834,.T.);
#10834 = EDGE_CURVE('',#10827,#10835,#10837,.T.);
#10835 = VERTEX_POINT('',#10836);
#10836 = CARTESIAN_POINT('',(-3.49,-1.86,52.));
#10837 = LINE('',#10838,#10839);
#10838 = CARTESIAN_POINT('',(-4.13,-1.86,52.));
#10839 = VECTOR('',#10840,1.);
#10840 = DIRECTION('',(1.,0.,0.));
#10841 = ORIENTED_EDGE('',*,*,#10842,.F.);
#10842 = EDGE_CURVE('',#9778,#10835,#10843,.T.);
#10843 = LINE('',#10844,#10845);
#10844 = CARTESIAN_POINT('',(-3.49,-1.86,47.5));
#10845 = VECTOR('',#10846,1.);
#10846 = DIRECTION('',(0.,0.,1.));
#10847 = PLANE('',#10848);
#10848 = AXIS2_PLACEMENT_3D('',#10849,#10850,#10851);
#10849 = CARTESIAN_POINT('',(-4.13,-1.86,47.5));
#10850 = DIRECTION('',(0.,1.,0.));
#10851 = DIRECTION('',(0.,0.,1.));
#10852 = ADVANCED_FACE('',(#10853),#10864,.F.);
#10853 = FACE_BOUND('',#10854,.F.);
#10854 = EDGE_LOOP('',(#10855,#10856,#10857,#10858));
#10855 = ORIENTED_EDGE('',*,*,#9800,.F.);
#10856 = ORIENTED_EDGE('',*,*,#9848,.F.);
#10857 = ORIENTED_EDGE('',*,*,#9864,.T.);
#10858 = ORIENTED_EDGE('',*,*,#10859,.T.);
#10859 = EDGE_CURVE('',#9865,#9803,#10860,.T.);
#10860 = LINE('',#10861,#10862);
#10861 = CARTESIAN_POINT('',(-4.13,-2.5,47.5));
#10862 = VECTOR('',#10863,1.);
#10863 = DIRECTION('',(1.,0.,0.));
#10864 = PLANE('',#10865);
#10865 = AXIS2_PLACEMENT_3D('',#10866,#10867,#10868);
#10866 = CARTESIAN_POINT('',(-4.13,-2.5,47.18));
#10867 = DIRECTION('',(0.,1.,0.));
#10868 = DIRECTION('',(0.,0.,1.));
#10869 = ADVANCED_FACE('',(#10870),#10888,.T.);
#10870 = FACE_BOUND('',#10871,.T.);
#10871 = EDGE_LOOP('',(#10872,#10880,#10881,#10882));
#10872 = ORIENTED_EDGE('',*,*,#10873,.F.);
#10873 = EDGE_CURVE('',#9803,#10874,#10876,.T.);
#10874 = VERTEX_POINT('',#10875);
#10875 = CARTESIAN_POINT('',(-3.49,-2.5,47.82));
#10876 = LINE('',#10877,#10878);
#10877 = CARTESIAN_POINT('',(-3.49,-2.5,47.18));
#10878 = VECTOR('',#10879,1.);
#10879 = DIRECTION('',(0.,0.,1.));
#10880 = ORIENTED_EDGE('',*,*,#9826,.T.);
#10881 = ORIENTED_EDGE('',*,*,#9818,.T.);
#10882 = ORIENTED_EDGE('',*,*,#10883,.F.);
#10883 = EDGE_CURVE('',#10874,#9778,#10884,.T.);
#10884 = LINE('',#10885,#10886);
#10885 = CARTESIAN_POINT('',(-3.49,-2.5,47.82));
#10886 = VECTOR('',#10887,1.);
#10887 = DIRECTION('',(0.,1.,0.));
#10888 = PLANE('',#10889);
#10889 = AXIS2_PLACEMENT_3D('',#10890,#10891,#10892);
#10890 = CARTESIAN_POINT('',(-3.49,-2.5,47.18));
#10891 = DIRECTION('',(1.,0.,0.));
#10892 = DIRECTION('',(0.,0.,1.));
#10893 = ADVANCED_FACE('',(#10894),#10912,.F.);
#10894 = FACE_BOUND('',#10895,.F.);
#10895 = EDGE_LOOP('',(#10896,#10904,#10905,#10906));
#10896 = ORIENTED_EDGE('',*,*,#10897,.F.);
#10897 = EDGE_CURVE('',#9865,#10898,#10900,.T.);
#10898 = VERTEX_POINT('',#10899);
#10899 = CARTESIAN_POINT('',(-4.13,-2.5,47.82));
#10900 = LINE('',#10901,#10902);
#10901 = CARTESIAN_POINT('',(-4.13,-2.5,47.18));
#10902 = VECTOR('',#10903,1.);
#10903 = DIRECTION('',(0.,0.,1.));
#10904 = ORIENTED_EDGE('',*,*,#9883,.T.);
#10905 = ORIENTED_EDGE('',*,*,#9875,.T.);
#10906 = ORIENTED_EDGE('',*,*,#10907,.F.);
#10907 = EDGE_CURVE('',#10898,#9770,#10908,.T.);
#10908 = LINE('',#10909,#10910);
#10909 = CARTESIAN_POINT('',(-4.13,-2.5,47.82));
#10910 = VECTOR('',#10911,1.);
#10911 = DIRECTION('',(0.,1.,0.));
#10912 = PLANE('',#10913);
#10913 = AXIS2_PLACEMENT_3D('',#10914,#10915,#10916);
#10914 = CARTESIAN_POINT('',(-4.13,-2.5,47.18));
#10915 = DIRECTION('',(1.,0.,0.));
#10916 = DIRECTION('',(0.,0.,1.));
#10917 = ADVANCED_FACE('',(#10918),#10943,.T.);
#10918 = FACE_BOUND('',#10919,.T.);
#10919 = EDGE_LOOP('',(#10920,#10921,#10929,#10937));
#10920 = ORIENTED_EDGE('',*,*,#9905,.T.);
#10921 = ORIENTED_EDGE('',*,*,#10922,.T.);
#10922 = EDGE_CURVE('',#9898,#10923,#10925,.T.);
#10923 = VERTEX_POINT('',#10924);
#10924 = CARTESIAN_POINT('',(-1.59,-1.86,52.));
#10925 = LINE('',#10926,#10927);
#10926 = CARTESIAN_POINT('',(-1.59,-1.86,47.5));
#10927 = VECTOR('',#10928,1.);
#10928 = DIRECTION('',(0.,0.,1.));
#10929 = ORIENTED_EDGE('',*,*,#10930,.T.);
#10930 = EDGE_CURVE('',#10923,#10931,#10933,.T.);
#10931 = VERTEX_POINT('',#10932);
#10932 = CARTESIAN_POINT('',(-0.95,-1.86,52.));
#10933 = LINE('',#10934,#10935);
#10934 = CARTESIAN_POINT('',(-1.59,-1.86,52.));
#10935 = VECTOR('',#10936,1.);
#10936 = DIRECTION('',(1.,0.,0.));
#10937 = ORIENTED_EDGE('',*,*,#10938,.F.);
#10938 = EDGE_CURVE('',#9906,#10931,#10939,.T.);
#10939 = LINE('',#10940,#10941);
#10940 = CARTESIAN_POINT('',(-0.95,-1.86,47.5));
#10941 = VECTOR('',#10942,1.);
#10942 = DIRECTION('',(0.,0.,1.));
#10943 = PLANE('',#10944);
#10944 = AXIS2_PLACEMENT_3D('',#10945,#10946,#10947);
#10945 = CARTESIAN_POINT('',(-1.59,-1.86,47.5));
#10946 = DIRECTION('',(0.,1.,0.));
#10947 = DIRECTION('',(0.,0.,1.));
#10948 = ADVANCED_FACE('',(#10949),#10960,.F.);
#10949 = FACE_BOUND('',#10950,.F.);
#10950 = EDGE_LOOP('',(#10951,#10952,#10953,#10954));
#10951 = ORIENTED_EDGE('',*,*,#9928,.F.);
#10952 = ORIENTED_EDGE('',*,*,#9976,.F.);
#10953 = ORIENTED_EDGE('',*,*,#9992,.T.);
#10954 = ORIENTED_EDGE('',*,*,#10955,.T.);
#10955 = EDGE_CURVE('',#9993,#9931,#10956,.T.);
#10956 = LINE('',#10957,#10958);
#10957 = CARTESIAN_POINT('',(-1.59,-2.5,47.5));
#10958 = VECTOR('',#10959,1.);
#10959 = DIRECTION('',(1.,0.,0.));
#10960 = PLANE('',#10961);
#10961 = AXIS2_PLACEMENT_3D('',#10962,#10963,#10964);
#10962 = CARTESIAN_POINT('',(-1.59,-2.5,47.18));
#10963 = DIRECTION('',(0.,1.,0.));
#10964 = DIRECTION('',(0.,0.,1.));
#10965 = ADVANCED_FACE('',(#10966),#10984,.T.);
#10966 = FACE_BOUND('',#10967,.T.);
#10967 = EDGE_LOOP('',(#10968,#10976,#10977,#10978));
#10968 = ORIENTED_EDGE('',*,*,#10969,.F.);
#10969 = EDGE_CURVE('',#9931,#10970,#10972,.T.);
#10970 = VERTEX_POINT('',#10971);
#10971 = CARTESIAN_POINT('',(-0.95,-2.5,47.82));
#10972 = LINE('',#10973,#10974);
#10973 = CARTESIAN_POINT('',(-0.95,-2.5,47.18));
#10974 = VECTOR('',#10975,1.);
#10975 = DIRECTION('',(0.,0.,1.));
#10976 = ORIENTED_EDGE('',*,*,#9954,.T.);
#10977 = ORIENTED_EDGE('',*,*,#9946,.T.);
#10978 = ORIENTED_EDGE('',*,*,#10979,.F.);
#10979 = EDGE_CURVE('',#10970,#9906,#10980,.T.);
#10980 = LINE('',#10981,#10982);
#10981 = CARTESIAN_POINT('',(-0.95,-2.5,47.82));
#10982 = VECTOR('',#10983,1.);
#10983 = DIRECTION('',(0.,1.,0.));
#10984 = PLANE('',#10985);
#10985 = AXIS2_PLACEMENT_3D('',#10986,#10987,#10988);
#10986 = CARTESIAN_POINT('',(-0.95,-2.5,47.18));
#10987 = DIRECTION('',(1.,0.,0.));
#10988 = DIRECTION('',(0.,0.,1.));
#10989 = ADVANCED_FACE('',(#10990),#11008,.F.);
#10990 = FACE_BOUND('',#10991,.F.);
#10991 = EDGE_LOOP('',(#10992,#11000,#11001,#11002));
#10992 = ORIENTED_EDGE('',*,*,#10993,.F.);
#10993 = EDGE_CURVE('',#9993,#10994,#10996,.T.);
#10994 = VERTEX_POINT('',#10995);
#10995 = CARTESIAN_POINT('',(-1.59,-2.5,47.82));
#10996 = LINE('',#10997,#10998);
#10997 = CARTESIAN_POINT('',(-1.59,-2.5,47.18));
#10998 = VECTOR('',#10999,1.);
#10999 = DIRECTION('',(0.,0.,1.));
#11000 = ORIENTED_EDGE('',*,*,#10011,.T.);
#11001 = ORIENTED_EDGE('',*,*,#10003,.T.);
#11002 = ORIENTED_EDGE('',*,*,#11003,.F.);
#11003 = EDGE_CURVE('',#10994,#9898,#11004,.T.);
#11004 = LINE('',#11005,#11006);
#11005 = CARTESIAN_POINT('',(-1.59,-2.5,47.82));
#11006 = VECTOR('',#11007,1.);
#11007 = DIRECTION('',(0.,1.,0.));
#11008 = PLANE('',#11009);
#11009 = AXIS2_PLACEMENT_3D('',#11010,#11011,#11012);
#11010 = CARTESIAN_POINT('',(-1.59,-2.5,47.18));
#11011 = DIRECTION('',(1.,0.,0.));
#11012 = DIRECTION('',(0.,0.,1.));
#11013 = ADVANCED_FACE('',(#11014),#11039,.T.);
#11014 = FACE_BOUND('',#11015,.T.);
#11015 = EDGE_LOOP('',(#11016,#11017,#11025,#11033));
#11016 = ORIENTED_EDGE('',*,*,#10033,.T.);
#11017 = ORIENTED_EDGE('',*,*,#11018,.T.);
#11018 = EDGE_CURVE('',#10026,#11019,#11021,.T.);
#11019 = VERTEX_POINT('',#11020);
#11020 = CARTESIAN_POINT('',(0.95,-1.86,52.));
#11021 = LINE('',#11022,#11023);
#11022 = CARTESIAN_POINT('',(0.95,-1.86,47.5));
#11023 = VECTOR('',#11024,1.);
#11024 = DIRECTION('',(0.,0.,1.));
#11025 = ORIENTED_EDGE('',*,*,#11026,.T.);
#11026 = EDGE_CURVE('',#11019,#11027,#11029,.T.);
#11027 = VERTEX_POINT('',#11028);
#11028 = CARTESIAN_POINT('',(1.59,-1.86,52.));
#11029 = LINE('',#11030,#11031);
#11030 = CARTESIAN_POINT('',(0.95,-1.86,52.));
#11031 = VECTOR('',#11032,1.);
#11032 = DIRECTION('',(1.,0.,0.));
#11033 = ORIENTED_EDGE('',*,*,#11034,.F.);
#11034 = EDGE_CURVE('',#10034,#11027,#11035,.T.);
#11035 = LINE('',#11036,#11037);
#11036 = CARTESIAN_POINT('',(1.59,-1.86,47.5));
#11037 = VECTOR('',#11038,1.);
#11038 = DIRECTION('',(0.,0.,1.));
#11039 = PLANE('',#11040);
#11040 = AXIS2_PLACEMENT_3D('',#11041,#11042,#11043);
#11041 = CARTESIAN_POINT('',(0.95,-1.86,47.5));
#11042 = DIRECTION('',(0.,1.,0.));
#11043 = DIRECTION('',(0.,0.,1.));
#11044 = ADVANCED_FACE('',(#11045),#11056,.F.);
#11045 = FACE_BOUND('',#11046,.F.);
#11046 = EDGE_LOOP('',(#11047,#11048,#11049,#11050));
#11047 = ORIENTED_EDGE('',*,*,#10056,.F.);
#11048 = ORIENTED_EDGE('',*,*,#10104,.F.);
#11049 = ORIENTED_EDGE('',*,*,#10120,.T.);
#11050 = ORIENTED_EDGE('',*,*,#11051,.T.);
#11051 = EDGE_CURVE('',#10121,#10059,#11052,.T.);
#11052 = LINE('',#11053,#11054);
#11053 = CARTESIAN_POINT('',(0.95,-2.5,47.5));
#11054 = VECTOR('',#11055,1.);
#11055 = DIRECTION('',(1.,0.,0.));
#11056 = PLANE('',#11057);
#11057 = AXIS2_PLACEMENT_3D('',#11058,#11059,#11060);
#11058 = CARTESIAN_POINT('',(0.95,-2.5,47.18));
#11059 = DIRECTION('',(0.,1.,0.));
#11060 = DIRECTION('',(0.,0.,1.));
#11061 = ADVANCED_FACE('',(#11062),#11080,.T.);
#11062 = FACE_BOUND('',#11063,.T.);
#11063 = EDGE_LOOP('',(#11064,#11072,#11073,#11074));
#11064 = ORIENTED_EDGE('',*,*,#11065,.F.);
#11065 = EDGE_CURVE('',#10059,#11066,#11068,.T.);
#11066 = VERTEX_POINT('',#11067);
#11067 = CARTESIAN_POINT('',(1.59,-2.5,47.82));
#11068 = LINE('',#11069,#11070);
#11069 = CARTESIAN_POINT('',(1.59,-2.5,47.18));
#11070 = VECTOR('',#11071,1.);
#11071 = DIRECTION('',(0.,0.,1.));
#11072 = ORIENTED_EDGE('',*,*,#10082,.T.);
#11073 = ORIENTED_EDGE('',*,*,#10074,.T.);
#11074 = ORIENTED_EDGE('',*,*,#11075,.F.);
#11075 = EDGE_CURVE('',#11066,#10034,#11076,.T.);
#11076 = LINE('',#11077,#11078);
#11077 = CARTESIAN_POINT('',(1.59,-2.5,47.82));
#11078 = VECTOR('',#11079,1.);
#11079 = DIRECTION('',(0.,1.,0.));
#11080 = PLANE('',#11081);
#11081 = AXIS2_PLACEMENT_3D('',#11082,#11083,#11084);
#11082 = CARTESIAN_POINT('',(1.59,-2.5,47.18));
#11083 = DIRECTION('',(1.,0.,0.));
#11084 = DIRECTION('',(0.,0.,1.));
#11085 = ADVANCED_FACE('',(#11086),#11104,.F.);
#11086 = FACE_BOUND('',#11087,.F.);
#11087 = EDGE_LOOP('',(#11088,#11096,#11097,#11098));
#11088 = ORIENTED_EDGE('',*,*,#11089,.F.);
#11089 = EDGE_CURVE('',#10121,#11090,#11092,.T.);
#11090 = VERTEX_POINT('',#11091);
#11091 = CARTESIAN_POINT('',(0.95,-2.5,47.82));
#11092 = LINE('',#11093,#11094);
#11093 = CARTESIAN_POINT('',(0.95,-2.5,47.18));
#11094 = VECTOR('',#11095,1.);
#11095 = DIRECTION('',(0.,0.,1.));
#11096 = ORIENTED_EDGE('',*,*,#10139,.T.);
#11097 = ORIENTED_EDGE('',*,*,#10131,.T.);
#11098 = ORIENTED_EDGE('',*,*,#11099,.F.);
#11099 = EDGE_CURVE('',#11090,#10026,#11100,.T.);
#11100 = LINE('',#11101,#11102);
#11101 = CARTESIAN_POINT('',(0.95,-2.5,47.82));
#11102 = VECTOR('',#11103,1.);
#11103 = DIRECTION('',(0.,1.,0.));
#11104 = PLANE('',#11105);
#11105 = AXIS2_PLACEMENT_3D('',#11106,#11107,#11108);
#11106 = CARTESIAN_POINT('',(0.95,-2.5,47.18));
#11107 = DIRECTION('',(1.,0.,0.));
#11108 = DIRECTION('',(0.,0.,1.));
#11109 = ADVANCED_FACE('',(#11110),#11135,.T.);
#11110 = FACE_BOUND('',#11111,.T.);
#11111 = EDGE_LOOP('',(#11112,#11113,#11121,#11129));
#11112 = ORIENTED_EDGE('',*,*,#10161,.T.);
#11113 = ORIENTED_EDGE('',*,*,#11114,.T.);
#11114 = EDGE_CURVE('',#10154,#11115,#11117,.T.);
#11115 = VERTEX_POINT('',#11116);
#11116 = CARTESIAN_POINT('',(3.49,-1.86,52.));
#11117 = LINE('',#11118,#11119);
#11118 = CARTESIAN_POINT('',(3.49,-1.86,47.5));
#11119 = VECTOR('',#11120,1.);
#11120 = DIRECTION('',(0.,0.,1.));
#11121 = ORIENTED_EDGE('',*,*,#11122,.T.);
#11122 = EDGE_CURVE('',#11115,#11123,#11125,.T.);
#11123 = VERTEX_POINT('',#11124);
#11124 = CARTESIAN_POINT('',(4.13,-1.86,52.));
#11125 = LINE('',#11126,#11127);
#11126 = CARTESIAN_POINT('',(3.49,-1.86,52.));
#11127 = VECTOR('',#11128,1.);
#11128 = DIRECTION('',(1.,0.,0.));
#11129 = ORIENTED_EDGE('',*,*,#11130,.F.);
#11130 = EDGE_CURVE('',#10162,#11123,#11131,.T.);
#11131 = LINE('',#11132,#11133);
#11132 = CARTESIAN_POINT('',(4.13,-1.86,47.5));
#11133 = VECTOR('',#11134,1.);
#11134 = DIRECTION('',(0.,0.,1.));
#11135 = PLANE('',#11136);
#11136 = AXIS2_PLACEMENT_3D('',#11137,#11138,#11139);
#11137 = CARTESIAN_POINT('',(3.49,-1.86,47.5));
#11138 = DIRECTION('',(0.,1.,0.));
#11139 = DIRECTION('',(0.,0.,1.));
#11140 = ADVANCED_FACE('',(#11141),#11152,.F.);
#11141 = FACE_BOUND('',#11142,.F.);
#11142 = EDGE_LOOP('',(#11143,#11144,#11145,#11146));
#11143 = ORIENTED_EDGE('',*,*,#10184,.F.);
#11144 = ORIENTED_EDGE('',*,*,#10232,.F.);
#11145 = ORIENTED_EDGE('',*,*,#10248,.T.);
#11146 = ORIENTED_EDGE('',*,*,#11147,.T.);
#11147 = EDGE_CURVE('',#10249,#10187,#11148,.T.);
#11148 = LINE('',#11149,#11150);
#11149 = CARTESIAN_POINT('',(3.49,-2.5,47.5));
#11150 = VECTOR('',#11151,1.);
#11151 = DIRECTION('',(1.,0.,0.));
#11152 = PLANE('',#11153);
#11153 = AXIS2_PLACEMENT_3D('',#11154,#11155,#11156);
#11154 = CARTESIAN_POINT('',(3.49,-2.5,47.18));
#11155 = DIRECTION('',(0.,1.,0.));
#11156 = DIRECTION('',(0.,0.,1.));
#11157 = ADVANCED_FACE('',(#11158),#11176,.T.);
#11158 = FACE_BOUND('',#11159,.T.);
#11159 = EDGE_LOOP('',(#11160,#11168,#11169,#11170));
#11160 = ORIENTED_EDGE('',*,*,#11161,.F.);
#11161 = EDGE_CURVE('',#10187,#11162,#11164,.T.);
#11162 = VERTEX_POINT('',#11163);
#11163 = CARTESIAN_POINT('',(4.13,-2.5,47.82));
#11164 = LINE('',#11165,#11166);
#11165 = CARTESIAN_POINT('',(4.13,-2.5,47.18));
#11166 = VECTOR('',#11167,1.);
#11167 = DIRECTION('',(0.,0.,1.));
#11168 = ORIENTED_EDGE('',*,*,#10210,.T.);
#11169 = ORIENTED_EDGE('',*,*,#10202,.T.);
#11170 = ORIENTED_EDGE('',*,*,#11171,.F.);
#11171 = EDGE_CURVE('',#11162,#10162,#11172,.T.);
#11172 = LINE('',#11173,#11174);
#11173 = CARTESIAN_POINT('',(4.13,-2.5,47.82));
#11174 = VECTOR('',#11175,1.);
#11175 = DIRECTION('',(0.,1.,0.));
#11176 = PLANE('',#11177);
#11177 = AXIS2_PLACEMENT_3D('',#11178,#11179,#11180);
#11178 = CARTESIAN_POINT('',(4.13,-2.5,47.18));
#11179 = DIRECTION('',(1.,0.,0.));
#11180 = DIRECTION('',(0.,0.,1.));
#11181 = ADVANCED_FACE('',(#11182),#11200,.F.);
#11182 = FACE_BOUND('',#11183,.F.);
#11183 = EDGE_LOOP('',(#11184,#11192,#11193,#11194));
#11184 = ORIENTED_EDGE('',*,*,#11185,.F.);
#11185 = EDGE_CURVE('',#10249,#11186,#11188,.T.);
#11186 = VERTEX_POINT('',#11187);
#11187 = CARTESIAN_POINT('',(3.49,-2.5,47.82));
#11188 = LINE('',#11189,#11190);
#11189 = CARTESIAN_POINT('',(3.49,-2.5,47.18));
#11190 = VECTOR('',#11191,1.);
#11191 = DIRECTION('',(0.,0.,1.));
#11192 = ORIENTED_EDGE('',*,*,#10267,.T.);
#11193 = ORIENTED_EDGE('',*,*,#10259,.T.);
#11194 = ORIENTED_EDGE('',*,*,#11195,.F.);
#11195 = EDGE_CURVE('',#11186,#10154,#11196,.T.);
#11196 = LINE('',#11197,#11198);
#11197 = CARTESIAN_POINT('',(3.49,-2.5,47.82));
#11198 = VECTOR('',#11199,1.);
#11199 = DIRECTION('',(0.,1.,0.));
#11200 = PLANE('',#11201);
#11201 = AXIS2_PLACEMENT_3D('',#11202,#11203,#11204);
#11202 = CARTESIAN_POINT('',(3.49,-2.5,47.18));
#11203 = DIRECTION('',(1.,0.,0.));
#11204 = DIRECTION('',(0.,0.,1.));
#11205 = ADVANCED_FACE('',(#11206),#11231,.T.);
#11206 = FACE_BOUND('',#11207,.T.);
#11207 = EDGE_LOOP('',(#11208,#11209,#11217,#11225));
#11208 = ORIENTED_EDGE('',*,*,#10289,.T.);
#11209 = ORIENTED_EDGE('',*,*,#11210,.T.);
#11210 = EDGE_CURVE('',#10282,#11211,#11213,.T.);
#11211 = VERTEX_POINT('',#11212);
#11212 = CARTESIAN_POINT('',(6.03,-1.86,52.));
#11213 = LINE('',#11214,#11215);
#11214 = CARTESIAN_POINT('',(6.03,-1.86,47.5));
#11215 = VECTOR('',#11216,1.);
#11216 = DIRECTION('',(0.,0.,1.));
#11217 = ORIENTED_EDGE('',*,*,#11218,.T.);
#11218 = EDGE_CURVE('',#11211,#11219,#11221,.T.);
#11219 = VERTEX_POINT('',#11220);
#11220 = CARTESIAN_POINT('',(6.67,-1.86,52.));
#11221 = LINE('',#11222,#11223);
#11222 = CARTESIAN_POINT('',(6.03,-1.86,52.));
#11223 = VECTOR('',#11224,1.);
#11224 = DIRECTION('',(1.,0.,0.));
#11225 = ORIENTED_EDGE('',*,*,#11226,.F.);
#11226 = EDGE_CURVE('',#10290,#11219,#11227,.T.);
#11227 = LINE('',#11228,#11229);
#11228 = CARTESIAN_POINT('',(6.67,-1.86,47.5));
#11229 = VECTOR('',#11230,1.);
#11230 = DIRECTION('',(0.,0.,1.));
#11231 = PLANE('',#11232);
#11232 = AXIS2_PLACEMENT_3D('',#11233,#11234,#11235);
#11233 = CARTESIAN_POINT('',(6.03,-1.86,47.5));
#11234 = DIRECTION('',(0.,1.,0.));
#11235 = DIRECTION('',(0.,0.,1.));
#11236 = ADVANCED_FACE('',(#11237),#11248,.F.);
#11237 = FACE_BOUND('',#11238,.F.);
#11238 = EDGE_LOOP('',(#11239,#11240,#11241,#11242));
#11239 = ORIENTED_EDGE('',*,*,#10312,.F.);
#11240 = ORIENTED_EDGE('',*,*,#10360,.F.);
#11241 = ORIENTED_EDGE('',*,*,#10376,.T.);
#11242 = ORIENTED_EDGE('',*,*,#11243,.T.);
#11243 = EDGE_CURVE('',#10377,#10315,#11244,.T.);
#11244 = LINE('',#11245,#11246);
#11245 = CARTESIAN_POINT('',(6.03,-2.5,47.5));
#11246 = VECTOR('',#11247,1.);
#11247 = DIRECTION('',(1.,0.,0.));
#11248 = PLANE('',#11249);
#11249 = AXIS2_PLACEMENT_3D('',#11250,#11251,#11252);
#11250 = CARTESIAN_POINT('',(6.03,-2.5,47.18));
#11251 = DIRECTION('',(0.,1.,0.));
#11252 = DIRECTION('',(0.,0.,1.));
#11253 = ADVANCED_FACE('',(#11254),#11272,.T.);
#11254 = FACE_BOUND('',#11255,.T.);
#11255 = EDGE_LOOP('',(#11256,#11264,#11265,#11266));
#11256 = ORIENTED_EDGE('',*,*,#11257,.F.);
#11257 = EDGE_CURVE('',#10315,#11258,#11260,.T.);
#11258 = VERTEX_POINT('',#11259);
#11259 = CARTESIAN_POINT('',(6.67,-2.5,47.82));
#11260 = LINE('',#11261,#11262);
#11261 = CARTESIAN_POINT('',(6.67,-2.5,47.18));
#11262 = VECTOR('',#11263,1.);
#11263 = DIRECTION('',(0.,0.,1.));
#11264 = ORIENTED_EDGE('',*,*,#10338,.T.);
#11265 = ORIENTED_EDGE('',*,*,#10330,.T.);
#11266 = ORIENTED_EDGE('',*,*,#11267,.F.);
#11267 = EDGE_CURVE('',#11258,#10290,#11268,.T.);
#11268 = LINE('',#11269,#11270);
#11269 = CARTESIAN_POINT('',(6.67,-2.5,47.82));
#11270 = VECTOR('',#11271,1.);
#11271 = DIRECTION('',(0.,1.,0.));
#11272 = PLANE('',#11273);
#11273 = AXIS2_PLACEMENT_3D('',#11274,#11275,#11276);
#11274 = CARTESIAN_POINT('',(6.67,-2.5,47.18));
#11275 = DIRECTION('',(1.,0.,0.));
#11276 = DIRECTION('',(0.,0.,1.));
#11277 = ADVANCED_FACE('',(#11278),#11296,.F.);
#11278 = FACE_BOUND('',#11279,.F.);
#11279 = EDGE_LOOP('',(#11280,#11288,#11289,#11290));
#11280 = ORIENTED_EDGE('',*,*,#11281,.F.);
#11281 = EDGE_CURVE('',#10377,#11282,#11284,.T.);
#11282 = VERTEX_POINT('',#11283);
#11283 = CARTESIAN_POINT('',(6.03,-2.5,47.82));
#11284 = LINE('',#11285,#11286);
#11285 = CARTESIAN_POINT('',(6.03,-2.5,47.18));
#11286 = VECTOR('',#11287,1.);
#11287 = DIRECTION('',(0.,0.,1.));
#11288 = ORIENTED_EDGE('',*,*,#10395,.T.);
#11289 = ORIENTED_EDGE('',*,*,#10387,.T.);
#11290 = ORIENTED_EDGE('',*,*,#11291,.F.);
#11291 = EDGE_CURVE('',#11282,#10282,#11292,.T.);
#11292 = LINE('',#11293,#11294);
#11293 = CARTESIAN_POINT('',(6.03,-2.5,47.82));
#11294 = VECTOR('',#11295,1.);
#11295 = DIRECTION('',(0.,1.,0.));
#11296 = PLANE('',#11297);
#11297 = AXIS2_PLACEMENT_3D('',#11298,#11299,#11300);
#11298 = CARTESIAN_POINT('',(6.03,-2.5,47.18));
#11299 = DIRECTION('',(1.,0.,0.));
#11300 = DIRECTION('',(0.,0.,1.));
#11301 = ADVANCED_FACE('',(#11302),#11327,.T.);
#11302 = FACE_BOUND('',#11303,.T.);
#11303 = EDGE_LOOP('',(#11304,#11305,#11313,#11321));
#11304 = ORIENTED_EDGE('',*,*,#10417,.T.);
#11305 = ORIENTED_EDGE('',*,*,#11306,.T.);
#11306 = EDGE_CURVE('',#10410,#11307,#11309,.T.);
#11307 = VERTEX_POINT('',#11308);
#11308 = CARTESIAN_POINT('',(8.57,-1.86,52.));
#11309 = LINE('',#11310,#11311);
#11310 = CARTESIAN_POINT('',(8.57,-1.86,47.5));
#11311 = VECTOR('',#11312,1.);
#11312 = DIRECTION('',(0.,0.,1.));
#11313 = ORIENTED_EDGE('',*,*,#11314,.T.);
#11314 = EDGE_CURVE('',#11307,#11315,#11317,.T.);
#11315 = VERTEX_POINT('',#11316);
#11316 = CARTESIAN_POINT('',(9.21,-1.86,52.));
#11317 = LINE('',#11318,#11319);
#11318 = CARTESIAN_POINT('',(8.57,-1.86,52.));
#11319 = VECTOR('',#11320,1.);
#11320 = DIRECTION('',(1.,0.,0.));
#11321 = ORIENTED_EDGE('',*,*,#11322,.F.);
#11322 = EDGE_CURVE('',#10418,#11315,#11323,.T.);
#11323 = LINE('',#11324,#11325);
#11324 = CARTESIAN_POINT('',(9.21,-1.86,47.5));
#11325 = VECTOR('',#11326,1.);
#11326 = DIRECTION('',(0.,0.,1.));
#11327 = PLANE('',#11328);
#11328 = AXIS2_PLACEMENT_3D('',#11329,#11330,#11331);
#11329 = CARTESIAN_POINT('',(8.57,-1.86,47.5));
#11330 = DIRECTION('',(0.,1.,0.));
#11331 = DIRECTION('',(0.,0.,1.));
#11332 = ADVANCED_FACE('',(#11333),#11344,.F.);
#11333 = FACE_BOUND('',#11334,.F.);
#11334 = EDGE_LOOP('',(#11335,#11336,#11337,#11338));
#11335 = ORIENTED_EDGE('',*,*,#10440,.F.);
#11336 = ORIENTED_EDGE('',*,*,#10488,.F.);
#11337 = ORIENTED_EDGE('',*,*,#10504,.T.);
#11338 = ORIENTED_EDGE('',*,*,#11339,.T.);
#11339 = EDGE_CURVE('',#10505,#10443,#11340,.T.);
#11340 = LINE('',#11341,#11342);
#11341 = CARTESIAN_POINT('',(8.57,-2.5,47.5));
#11342 = VECTOR('',#11343,1.);
#11343 = DIRECTION('',(1.,0.,0.));
#11344 = PLANE('',#11345);
#11345 = AXIS2_PLACEMENT_3D('',#11346,#11347,#11348);
#11346 = CARTESIAN_POINT('',(8.57,-2.5,47.18));
#11347 = DIRECTION('',(0.,1.,0.));
#11348 = DIRECTION('',(0.,0.,1.));
#11349 = ADVANCED_FACE('',(#11350),#11368,.T.);
#11350 = FACE_BOUND('',#11351,.T.);
#11351 = EDGE_LOOP('',(#11352,#11360,#11361,#11362));
#11352 = ORIENTED_EDGE('',*,*,#11353,.F.);
#11353 = EDGE_CURVE('',#10443,#11354,#11356,.T.);
#11354 = VERTEX_POINT('',#11355);
#11355 = CARTESIAN_POINT('',(9.21,-2.5,47.82));
#11356 = LINE('',#11357,#11358);
#11357 = CARTESIAN_POINT('',(9.21,-2.5,47.18));
#11358 = VECTOR('',#11359,1.);
#11359 = DIRECTION('',(0.,0.,1.));
#11360 = ORIENTED_EDGE('',*,*,#10466,.T.);
#11361 = ORIENTED_EDGE('',*,*,#10458,.T.);
#11362 = ORIENTED_EDGE('',*,*,#11363,.F.);
#11363 = EDGE_CURVE('',#11354,#10418,#11364,.T.);
#11364 = LINE('',#11365,#11366);
#11365 = CARTESIAN_POINT('',(9.21,-2.5,47.82));
#11366 = VECTOR('',#11367,1.);
#11367 = DIRECTION('',(0.,1.,0.));
#11368 = PLANE('',#11369);
#11369 = AXIS2_PLACEMENT_3D('',#11370,#11371,#11372);
#11370 = CARTESIAN_POINT('',(9.21,-2.5,47.18));
#11371 = DIRECTION('',(1.,0.,0.));
#11372 = DIRECTION('',(0.,0.,1.));
#11373 = ADVANCED_FACE('',(#11374),#11392,.F.);
#11374 = FACE_BOUND('',#11375,.F.);
#11375 = EDGE_LOOP('',(#11376,#11384,#11385,#11386));
#11376 = ORIENTED_EDGE('',*,*,#11377,.F.);
#11377 = EDGE_CURVE('',#10505,#11378,#11380,.T.);
#11378 = VERTEX_POINT('',#11379);
#11379 = CARTESIAN_POINT('',(8.57,-2.5,47.82));
#11380 = LINE('',#11381,#11382);
#11381 = CARTESIAN_POINT('',(8.57,-2.5,47.18));
#11382 = VECTOR('',#11383,1.);
#11383 = DIRECTION('',(0.,0.,1.));
#11384 = ORIENTED_EDGE('',*,*,#10523,.T.);
#11385 = ORIENTED_EDGE('',*,*,#10515,.T.);
#11386 = ORIENTED_EDGE('',*,*,#11387,.F.);
#11387 = EDGE_CURVE('',#11378,#10410,#11388,.T.);
#11388 = LINE('',#11389,#11390);
#11389 = CARTESIAN_POINT('',(8.57,-2.5,47.82));
#11390 = VECTOR('',#11391,1.);
#11391 = DIRECTION('',(0.,1.,0.));
#11392 = PLANE('',#11393);
#11393 = AXIS2_PLACEMENT_3D('',#11394,#11395,#11396);
#11394 = CARTESIAN_POINT('',(8.57,-2.5,47.18));
#11395 = DIRECTION('',(1.,0.,0.));
#11396 = DIRECTION('',(0.,0.,1.));
#11397 = ADVANCED_FACE('',(#11398),#11416,.T.);
#11398 = FACE_BOUND('',#11399,.T.);
#11399 = EDGE_LOOP('',(#11400,#11408,#11409,#11410));
#11400 = ORIENTED_EDGE('',*,*,#11401,.F.);
#11401 = EDGE_CURVE('',#10682,#11402,#11404,.T.);
#11402 = VERTEX_POINT('',#11403);
#11403 = CARTESIAN_POINT('',(-8.57,-2.5,52.));
#11404 = LINE('',#11405,#11406);
#11405 = CARTESIAN_POINT('',(-8.57,-2.5,47.5));
#11406 = VECTOR('',#11407,1.);
#11407 = DIRECTION('',(0.,0.,1.));
#11408 = ORIENTED_EDGE('',*,*,#10691,.T.);
#11409 = ORIENTED_EDGE('',*,*,#10650,.T.);
#11410 = ORIENTED_EDGE('',*,*,#11411,.F.);
#11411 = EDGE_CURVE('',#11402,#10643,#11412,.T.);
#11412 = LINE('',#11413,#11414);
#11413 = CARTESIAN_POINT('',(-8.57,-2.5,52.));
#11414 = VECTOR('',#11415,1.);
#11415 = DIRECTION('',(0.,1.,0.));
#11416 = PLANE('',#11417);
#11417 = AXIS2_PLACEMENT_3D('',#11418,#11419,#11420);
#11418 = CARTESIAN_POINT('',(-8.57,-2.5,47.5));
#11419 = DIRECTION('',(1.,0.,0.));
#11420 = DIRECTION('',(0.,0.,1.));
#11421 = ADVANCED_FACE('',(#11422),#11440,.T.);
#11422 = FACE_BOUND('',#11423,.T.);
#11423 = EDGE_LOOP('',(#11424,#11432,#11438,#11439));
#11424 = ORIENTED_EDGE('',*,*,#11425,.F.);
#11425 = EDGE_CURVE('',#11426,#10635,#11428,.T.);
#11426 = VERTEX_POINT('',#11427);
#11427 = CARTESIAN_POINT('',(-9.21,-2.5,52.));
#11428 = LINE('',#11429,#11430);
#11429 = CARTESIAN_POINT('',(-9.21,-2.5,52.));
#11430 = VECTOR('',#11431,1.);
#11431 = DIRECTION('',(0.,1.,0.));
#11432 = ORIENTED_EDGE('',*,*,#11433,.T.);
#11433 = EDGE_CURVE('',#11426,#11402,#11434,.T.);
#11434 = LINE('',#11435,#11436);
#11435 = CARTESIAN_POINT('',(-9.21,-2.5,52.));
#11436 = VECTOR('',#11437,1.);
#11437 = DIRECTION('',(1.,0.,0.));
#11438 = ORIENTED_EDGE('',*,*,#11411,.T.);
#11439 = ORIENTED_EDGE('',*,*,#10642,.F.);
#11440 = PLANE('',#11441);
#11441 = AXIS2_PLACEMENT_3D('',#11442,#11443,#11444);
#11442 = CARTESIAN_POINT('',(-9.21,-2.5,52.));
#11443 = DIRECTION('',(0.,0.,1.));
#11444 = DIRECTION('',(1.,0.,0.));
#11445 = ADVANCED_FACE('',(#11446),#11457,.F.);
#11446 = FACE_BOUND('',#11447,.F.);
#11447 = EDGE_LOOP('',(#11448,#11454,#11455,#11456));
#11448 = ORIENTED_EDGE('',*,*,#11449,.F.);
#11449 = EDGE_CURVE('',#10706,#11426,#11450,.T.);
#11450 = LINE('',#11451,#11452);
#11451 = CARTESIAN_POINT('',(-9.21,-2.5,47.5));
#11452 = VECTOR('',#11453,1.);
#11453 = DIRECTION('',(0.,0.,1.));
#11454 = ORIENTED_EDGE('',*,*,#10715,.T.);
#11455 = ORIENTED_EDGE('',*,*,#10634,.T.);
#11456 = ORIENTED_EDGE('',*,*,#11425,.F.);
#11457 = PLANE('',#11458);
#11458 = AXIS2_PLACEMENT_3D('',#11459,#11460,#11461);
#11459 = CARTESIAN_POINT('',(-9.21,-2.5,47.5));
#11460 = DIRECTION('',(1.,0.,0.));
#11461 = DIRECTION('',(0.,0.,1.));
#11462 = ADVANCED_FACE('',(#11463),#11474,.F.);
#11463 = FACE_BOUND('',#11464,.F.);
#11464 = EDGE_LOOP('',(#11465,#11466,#11467,#11468));
#11465 = ORIENTED_EDGE('',*,*,#10681,.F.);
#11466 = ORIENTED_EDGE('',*,*,#10667,.F.);
#11467 = ORIENTED_EDGE('',*,*,#10705,.T.);
#11468 = ORIENTED_EDGE('',*,*,#11469,.T.);
#11469 = EDGE_CURVE('',#10706,#10682,#11470,.T.);
#11470 = LINE('',#11471,#11472);
#11471 = CARTESIAN_POINT('',(-9.21,-2.5,47.82));
#11472 = VECTOR('',#11473,1.);
#11473 = DIRECTION('',(1.,0.,0.));
#11474 = PLANE('',#11475);
#11475 = AXIS2_PLACEMENT_3D('',#11476,#11477,#11478);
#11476 = CARTESIAN_POINT('',(-9.21,-2.5,47.18));
#11477 = DIRECTION('',(0.,1.,0.));
#11478 = DIRECTION('',(0.,0.,1.));
#11479 = ADVANCED_FACE('',(#11480),#11498,.T.);
#11480 = FACE_BOUND('',#11481,.T.);
#11481 = EDGE_LOOP('',(#11482,#11490,#11491,#11492));
#11482 = ORIENTED_EDGE('',*,*,#11483,.F.);
#11483 = EDGE_CURVE('',#10778,#11484,#11486,.T.);
#11484 = VERTEX_POINT('',#11485);
#11485 = CARTESIAN_POINT('',(-6.03,-2.5,52.));
#11486 = LINE('',#11487,#11488);
#11487 = CARTESIAN_POINT('',(-6.03,-2.5,47.5));
#11488 = VECTOR('',#11489,1.);
#11489 = DIRECTION('',(0.,0.,1.));
#11490 = ORIENTED_EDGE('',*,*,#10787,.T.);
#11491 = ORIENTED_EDGE('',*,*,#10746,.T.);
#11492 = ORIENTED_EDGE('',*,*,#11493,.F.);
#11493 = EDGE_CURVE('',#11484,#10739,#11494,.T.);
#11494 = LINE('',#11495,#11496);
#11495 = CARTESIAN_POINT('',(-6.03,-2.5,52.));
#11496 = VECTOR('',#11497,1.);
#11497 = DIRECTION('',(0.,1.,0.));
#11498 = PLANE('',#11499);
#11499 = AXIS2_PLACEMENT_3D('',#11500,#11501,#11502);
#11500 = CARTESIAN_POINT('',(-6.03,-2.5,47.5));
#11501 = DIRECTION('',(1.,0.,0.));
#11502 = DIRECTION('',(0.,0.,1.));
#11503 = ADVANCED_FACE('',(#11504),#11522,.T.);
#11504 = FACE_BOUND('',#11505,.T.);
#11505 = EDGE_LOOP('',(#11506,#11514,#11520,#11521));
#11506 = ORIENTED_EDGE('',*,*,#11507,.F.);
#11507 = EDGE_CURVE('',#11508,#10731,#11510,.T.);
#11508 = VERTEX_POINT('',#11509);
#11509 = CARTESIAN_POINT('',(-6.67,-2.5,52.));
#11510 = LINE('',#11511,#11512);
#11511 = CARTESIAN_POINT('',(-6.67,-2.5,52.));
#11512 = VECTOR('',#11513,1.);
#11513 = DIRECTION('',(0.,1.,0.));
#11514 = ORIENTED_EDGE('',*,*,#11515,.T.);
#11515 = EDGE_CURVE('',#11508,#11484,#11516,.T.);
#11516 = LINE('',#11517,#11518);
#11517 = CARTESIAN_POINT('',(-6.67,-2.5,52.));
#11518 = VECTOR('',#11519,1.);
#11519 = DIRECTION('',(1.,0.,0.));
#11520 = ORIENTED_EDGE('',*,*,#11493,.T.);
#11521 = ORIENTED_EDGE('',*,*,#10738,.F.);
#11522 = PLANE('',#11523);
#11523 = AXIS2_PLACEMENT_3D('',#11524,#11525,#11526);
#11524 = CARTESIAN_POINT('',(-6.67,-2.5,52.));
#11525 = DIRECTION('',(0.,0.,1.));
#11526 = DIRECTION('',(1.,0.,0.));
#11527 = ADVANCED_FACE('',(#11528),#11539,.F.);
#11528 = FACE_BOUND('',#11529,.F.);
#11529 = EDGE_LOOP('',(#11530,#11536,#11537,#11538));
#11530 = ORIENTED_EDGE('',*,*,#11531,.F.);
#11531 = EDGE_CURVE('',#10802,#11508,#11532,.T.);
#11532 = LINE('',#11533,#11534);
#11533 = CARTESIAN_POINT('',(-6.67,-2.5,47.5));
#11534 = VECTOR('',#11535,1.);
#11535 = DIRECTION('',(0.,0.,1.));
#11536 = ORIENTED_EDGE('',*,*,#10811,.T.);
#11537 = ORIENTED_EDGE('',*,*,#10730,.T.);
#11538 = ORIENTED_EDGE('',*,*,#11507,.F.);
#11539 = PLANE('',#11540);
#11540 = AXIS2_PLACEMENT_3D('',#11541,#11542,#11543);
#11541 = CARTESIAN_POINT('',(-6.67,-2.5,47.5));
#11542 = DIRECTION('',(1.,0.,0.));
#11543 = DIRECTION('',(0.,0.,1.));
#11544 = ADVANCED_FACE('',(#11545),#11556,.F.);
#11545 = FACE_BOUND('',#11546,.F.);
#11546 = EDGE_LOOP('',(#11547,#11548,#11549,#11550));
#11547 = ORIENTED_EDGE('',*,*,#10777,.F.);
#11548 = ORIENTED_EDGE('',*,*,#10763,.F.);
#11549 = ORIENTED_EDGE('',*,*,#10801,.T.);
#11550 = ORIENTED_EDGE('',*,*,#11551,.T.);
#11551 = EDGE_CURVE('',#10802,#10778,#11552,.T.);
#11552 = LINE('',#11553,#11554);
#11553 = CARTESIAN_POINT('',(-6.67,-2.5,47.82));
#11554 = VECTOR('',#11555,1.);
#11555 = DIRECTION('',(1.,0.,0.));
#11556 = PLANE('',#11557);
#11557 = AXIS2_PLACEMENT_3D('',#11558,#11559,#11560);
#11558 = CARTESIAN_POINT('',(-6.67,-2.5,47.18));
#11559 = DIRECTION('',(0.,1.,0.));
#11560 = DIRECTION('',(0.,0.,1.));
#11561 = ADVANCED_FACE('',(#11562),#11580,.T.);
#11562 = FACE_BOUND('',#11563,.T.);
#11563 = EDGE_LOOP('',(#11564,#11572,#11573,#11574));
#11564 = ORIENTED_EDGE('',*,*,#11565,.F.);
#11565 = EDGE_CURVE('',#10874,#11566,#11568,.T.);
#11566 = VERTEX_POINT('',#11567);
#11567 = CARTESIAN_POINT('',(-3.49,-2.5,52.));
#11568 = LINE('',#11569,#11570);
#11569 = CARTESIAN_POINT('',(-3.49,-2.5,47.5));
#11570 = VECTOR('',#11571,1.);
#11571 = DIRECTION('',(0.,0.,1.));
#11572 = ORIENTED_EDGE('',*,*,#10883,.T.);
#11573 = ORIENTED_EDGE('',*,*,#10842,.T.);
#11574 = ORIENTED_EDGE('',*,*,#11575,.F.);
#11575 = EDGE_CURVE('',#11566,#10835,#11576,.T.);
#11576 = LINE('',#11577,#11578);
#11577 = CARTESIAN_POINT('',(-3.49,-2.5,52.));
#11578 = VECTOR('',#11579,1.);
#11579 = DIRECTION('',(0.,1.,0.));
#11580 = PLANE('',#11581);
#11581 = AXIS2_PLACEMENT_3D('',#11582,#11583,#11584);
#11582 = CARTESIAN_POINT('',(-3.49,-2.5,47.5));
#11583 = DIRECTION('',(1.,0.,0.));
#11584 = DIRECTION('',(0.,0.,1.));
#11585 = ADVANCED_FACE('',(#11586),#11604,.T.);
#11586 = FACE_BOUND('',#11587,.T.);
#11587 = EDGE_LOOP('',(#11588,#11596,#11602,#11603));
#11588 = ORIENTED_EDGE('',*,*,#11589,.F.);
#11589 = EDGE_CURVE('',#11590,#10827,#11592,.T.);
#11590 = VERTEX_POINT('',#11591);
#11591 = CARTESIAN_POINT('',(-4.13,-2.5,52.));
#11592 = LINE('',#11593,#11594);
#11593 = CARTESIAN_POINT('',(-4.13,-2.5,52.));
#11594 = VECTOR('',#11595,1.);
#11595 = DIRECTION('',(0.,1.,0.));
#11596 = ORIENTED_EDGE('',*,*,#11597,.T.);
#11597 = EDGE_CURVE('',#11590,#11566,#11598,.T.);
#11598 = LINE('',#11599,#11600);
#11599 = CARTESIAN_POINT('',(-4.13,-2.5,52.));
#11600 = VECTOR('',#11601,1.);
#11601 = DIRECTION('',(1.,0.,0.));
#11602 = ORIENTED_EDGE('',*,*,#11575,.T.);
#11603 = ORIENTED_EDGE('',*,*,#10834,.F.);
#11604 = PLANE('',#11605);
#11605 = AXIS2_PLACEMENT_3D('',#11606,#11607,#11608);
#11606 = CARTESIAN_POINT('',(-4.13,-2.5,52.));
#11607 = DIRECTION('',(0.,0.,1.));
#11608 = DIRECTION('',(1.,0.,0.));
#11609 = ADVANCED_FACE('',(#11610),#11621,.F.);
#11610 = FACE_BOUND('',#11611,.F.);
#11611 = EDGE_LOOP('',(#11612,#11618,#11619,#11620));
#11612 = ORIENTED_EDGE('',*,*,#11613,.F.);
#11613 = EDGE_CURVE('',#10898,#11590,#11614,.T.);
#11614 = LINE('',#11615,#11616);
#11615 = CARTESIAN_POINT('',(-4.13,-2.5,47.5));
#11616 = VECTOR('',#11617,1.);
#11617 = DIRECTION('',(0.,0.,1.));
#11618 = ORIENTED_EDGE('',*,*,#10907,.T.);
#11619 = ORIENTED_EDGE('',*,*,#10826,.T.);
#11620 = ORIENTED_EDGE('',*,*,#11589,.F.);
#11621 = PLANE('',#11622);
#11622 = AXIS2_PLACEMENT_3D('',#11623,#11624,#11625);
#11623 = CARTESIAN_POINT('',(-4.13,-2.5,47.5));
#11624 = DIRECTION('',(1.,0.,0.));
#11625 = DIRECTION('',(0.,0.,1.));
#11626 = ADVANCED_FACE('',(#11627),#11638,.F.);
#11627 = FACE_BOUND('',#11628,.F.);
#11628 = EDGE_LOOP('',(#11629,#11630,#11631,#11632));
#11629 = ORIENTED_EDGE('',*,*,#10873,.F.);
#11630 = ORIENTED_EDGE('',*,*,#10859,.F.);
#11631 = ORIENTED_EDGE('',*,*,#10897,.T.);
#11632 = ORIENTED_EDGE('',*,*,#11633,.T.);
#11633 = EDGE_CURVE('',#10898,#10874,#11634,.T.);
#11634 = LINE('',#11635,#11636);
#11635 = CARTESIAN_POINT('',(-4.13,-2.5,47.82));
#11636 = VECTOR('',#11637,1.);
#11637 = DIRECTION('',(1.,0.,0.));
#11638 = PLANE('',#11639);
#11639 = AXIS2_PLACEMENT_3D('',#11640,#11641,#11642);
#11640 = CARTESIAN_POINT('',(-4.13,-2.5,47.18));
#11641 = DIRECTION('',(0.,1.,0.));
#11642 = DIRECTION('',(0.,0.,1.));
#11643 = ADVANCED_FACE('',(#11644),#11662,.T.);
#11644 = FACE_BOUND('',#11645,.T.);
#11645 = EDGE_LOOP('',(#11646,#11654,#11655,#11656));
#11646 = ORIENTED_EDGE('',*,*,#11647,.F.);
#11647 = EDGE_CURVE('',#10970,#11648,#11650,.T.);
#11648 = VERTEX_POINT('',#11649);
#11649 = CARTESIAN_POINT('',(-0.95,-2.5,52.));
#11650 = LINE('',#11651,#11652);
#11651 = CARTESIAN_POINT('',(-0.95,-2.5,47.5));
#11652 = VECTOR('',#11653,1.);
#11653 = DIRECTION('',(0.,0.,1.));
#11654 = ORIENTED_EDGE('',*,*,#10979,.T.);
#11655 = ORIENTED_EDGE('',*,*,#10938,.T.);
#11656 = ORIENTED_EDGE('',*,*,#11657,.F.);
#11657 = EDGE_CURVE('',#11648,#10931,#11658,.T.);
#11658 = LINE('',#11659,#11660);
#11659 = CARTESIAN_POINT('',(-0.95,-2.5,52.));
#11660 = VECTOR('',#11661,1.);
#11661 = DIRECTION('',(0.,1.,0.));
#11662 = PLANE('',#11663);
#11663 = AXIS2_PLACEMENT_3D('',#11664,#11665,#11666);
#11664 = CARTESIAN_POINT('',(-0.95,-2.5,47.5));
#11665 = DIRECTION('',(1.,0.,0.));
#11666 = DIRECTION('',(0.,0.,1.));
#11667 = ADVANCED_FACE('',(#11668),#11686,.T.);
#11668 = FACE_BOUND('',#11669,.T.);
#11669 = EDGE_LOOP('',(#11670,#11678,#11684,#11685));
#11670 = ORIENTED_EDGE('',*,*,#11671,.F.);
#11671 = EDGE_CURVE('',#11672,#10923,#11674,.T.);
#11672 = VERTEX_POINT('',#11673);
#11673 = CARTESIAN_POINT('',(-1.59,-2.5,52.));
#11674 = LINE('',#11675,#11676);
#11675 = CARTESIAN_POINT('',(-1.59,-2.5,52.));
#11676 = VECTOR('',#11677,1.);
#11677 = DIRECTION('',(0.,1.,0.));
#11678 = ORIENTED_EDGE('',*,*,#11679,.T.);
#11679 = EDGE_CURVE('',#11672,#11648,#11680,.T.);
#11680 = LINE('',#11681,#11682);
#11681 = CARTESIAN_POINT('',(-1.59,-2.5,52.));
#11682 = VECTOR('',#11683,1.);
#11683 = DIRECTION('',(1.,0.,0.));
#11684 = ORIENTED_EDGE('',*,*,#11657,.T.);
#11685 = ORIENTED_EDGE('',*,*,#10930,.F.);
#11686 = PLANE('',#11687);
#11687 = AXIS2_PLACEMENT_3D('',#11688,#11689,#11690);
#11688 = CARTESIAN_POINT('',(-1.59,-2.5,52.));
#11689 = DIRECTION('',(0.,0.,1.));
#11690 = DIRECTION('',(1.,0.,0.));
#11691 = ADVANCED_FACE('',(#11692),#11703,.F.);
#11692 = FACE_BOUND('',#11693,.F.);
#11693 = EDGE_LOOP('',(#11694,#11700,#11701,#11702));
#11694 = ORIENTED_EDGE('',*,*,#11695,.F.);
#11695 = EDGE_CURVE('',#10994,#11672,#11696,.T.);
#11696 = LINE('',#11697,#11698);
#11697 = CARTESIAN_POINT('',(-1.59,-2.5,47.5));
#11698 = VECTOR('',#11699,1.);
#11699 = DIRECTION('',(0.,0.,1.));
#11700 = ORIENTED_EDGE('',*,*,#11003,.T.);
#11701 = ORIENTED_EDGE('',*,*,#10922,.T.);
#11702 = ORIENTED_EDGE('',*,*,#11671,.F.);
#11703 = PLANE('',#11704);
#11704 = AXIS2_PLACEMENT_3D('',#11705,#11706,#11707);
#11705 = CARTESIAN_POINT('',(-1.59,-2.5,47.5));
#11706 = DIRECTION('',(1.,0.,0.));
#11707 = DIRECTION('',(0.,0.,1.));
#11708 = ADVANCED_FACE('',(#11709),#11720,.F.);
#11709 = FACE_BOUND('',#11710,.F.);
#11710 = EDGE_LOOP('',(#11711,#11712,#11713,#11714));
#11711 = ORIENTED_EDGE('',*,*,#10969,.F.);
#11712 = ORIENTED_EDGE('',*,*,#10955,.F.);
#11713 = ORIENTED_EDGE('',*,*,#10993,.T.);
#11714 = ORIENTED_EDGE('',*,*,#11715,.T.);
#11715 = EDGE_CURVE('',#10994,#10970,#11716,.T.);
#11716 = LINE('',#11717,#11718);
#11717 = CARTESIAN_POINT('',(-1.59,-2.5,47.82));
#11718 = VECTOR('',#11719,1.);
#11719 = DIRECTION('',(1.,0.,0.));
#11720 = PLANE('',#11721);
#11721 = AXIS2_PLACEMENT_3D('',#11722,#11723,#11724);
#11722 = CARTESIAN_POINT('',(-1.59,-2.5,47.18));
#11723 = DIRECTION('',(0.,1.,0.));
#11724 = DIRECTION('',(0.,0.,1.));
#11725 = ADVANCED_FACE('',(#11726),#11744,.T.);
#11726 = FACE_BOUND('',#11727,.T.);
#11727 = EDGE_LOOP('',(#11728,#11736,#11737,#11738));
#11728 = ORIENTED_EDGE('',*,*,#11729,.F.);
#11729 = EDGE_CURVE('',#11066,#11730,#11732,.T.);
#11730 = VERTEX_POINT('',#11731);
#11731 = CARTESIAN_POINT('',(1.59,-2.5,52.));
#11732 = LINE('',#11733,#11734);
#11733 = CARTESIAN_POINT('',(1.59,-2.5,47.5));
#11734 = VECTOR('',#11735,1.);
#11735 = DIRECTION('',(0.,0.,1.));
#11736 = ORIENTED_EDGE('',*,*,#11075,.T.);
#11737 = ORIENTED_EDGE('',*,*,#11034,.T.);
#11738 = ORIENTED_EDGE('',*,*,#11739,.F.);
#11739 = EDGE_CURVE('',#11730,#11027,#11740,.T.);
#11740 = LINE('',#11741,#11742);
#11741 = CARTESIAN_POINT('',(1.59,-2.5,52.));
#11742 = VECTOR('',#11743,1.);
#11743 = DIRECTION('',(0.,1.,0.));
#11744 = PLANE('',#11745);
#11745 = AXIS2_PLACEMENT_3D('',#11746,#11747,#11748);
#11746 = CARTESIAN_POINT('',(1.59,-2.5,47.5));
#11747 = DIRECTION('',(1.,0.,0.));
#11748 = DIRECTION('',(0.,0.,1.));
#11749 = ADVANCED_FACE('',(#11750),#11768,.T.);
#11750 = FACE_BOUND('',#11751,.T.);
#11751 = EDGE_LOOP('',(#11752,#11760,#11766,#11767));
#11752 = ORIENTED_EDGE('',*,*,#11753,.F.);
#11753 = EDGE_CURVE('',#11754,#11019,#11756,.T.);
#11754 = VERTEX_POINT('',#11755);
#11755 = CARTESIAN_POINT('',(0.95,-2.5,52.));
#11756 = LINE('',#11757,#11758);
#11757 = CARTESIAN_POINT('',(0.95,-2.5,52.));
#11758 = VECTOR('',#11759,1.);
#11759 = DIRECTION('',(0.,1.,0.));
#11760 = ORIENTED_EDGE('',*,*,#11761,.T.);
#11761 = EDGE_CURVE('',#11754,#11730,#11762,.T.);
#11762 = LINE('',#11763,#11764);
#11763 = CARTESIAN_POINT('',(0.95,-2.5,52.));
#11764 = VECTOR('',#11765,1.);
#11765 = DIRECTION('',(1.,0.,0.));
#11766 = ORIENTED_EDGE('',*,*,#11739,.T.);
#11767 = ORIENTED_EDGE('',*,*,#11026,.F.);
#11768 = PLANE('',#11769);
#11769 = AXIS2_PLACEMENT_3D('',#11770,#11771,#11772);
#11770 = CARTESIAN_POINT('',(0.95,-2.5,52.));
#11771 = DIRECTION('',(0.,0.,1.));
#11772 = DIRECTION('',(1.,0.,0.));
#11773 = ADVANCED_FACE('',(#11774),#11785,.F.);
#11774 = FACE_BOUND('',#11775,.F.);
#11775 = EDGE_LOOP('',(#11776,#11782,#11783,#11784));
#11776 = ORIENTED_EDGE('',*,*,#11777,.F.);
#11777 = EDGE_CURVE('',#11090,#11754,#11778,.T.);
#11778 = LINE('',#11779,#11780);
#11779 = CARTESIAN_POINT('',(0.95,-2.5,47.5));
#11780 = VECTOR('',#11781,1.);
#11781 = DIRECTION('',(0.,0.,1.));
#11782 = ORIENTED_EDGE('',*,*,#11099,.T.);
#11783 = ORIENTED_EDGE('',*,*,#11018,.T.);
#11784 = ORIENTED_EDGE('',*,*,#11753,.F.);
#11785 = PLANE('',#11786);
#11786 = AXIS2_PLACEMENT_3D('',#11787,#11788,#11789);
#11787 = CARTESIAN_POINT('',(0.95,-2.5,47.5));
#11788 = DIRECTION('',(1.,0.,0.));
#11789 = DIRECTION('',(0.,0.,1.));
#11790 = ADVANCED_FACE('',(#11791),#11802,.F.);
#11791 = FACE_BOUND('',#11792,.F.);
#11792 = EDGE_LOOP('',(#11793,#11794,#11795,#11796));
#11793 = ORIENTED_EDGE('',*,*,#11065,.F.);
#11794 = ORIENTED_EDGE('',*,*,#11051,.F.);
#11795 = ORIENTED_EDGE('',*,*,#11089,.T.);
#11796 = ORIENTED_EDGE('',*,*,#11797,.T.);
#11797 = EDGE_CURVE('',#11090,#11066,#11798,.T.);
#11798 = LINE('',#11799,#11800);
#11799 = CARTESIAN_POINT('',(0.95,-2.5,47.82));
#11800 = VECTOR('',#11801,1.);
#11801 = DIRECTION('',(1.,0.,0.));
#11802 = PLANE('',#11803);
#11803 = AXIS2_PLACEMENT_3D('',#11804,#11805,#11806);
#11804 = CARTESIAN_POINT('',(0.95,-2.5,47.18));
#11805 = DIRECTION('',(0.,1.,0.));
#11806 = DIRECTION('',(0.,0.,1.));
#11807 = ADVANCED_FACE('',(#11808),#11826,.T.);
#11808 = FACE_BOUND('',#11809,.T.);
#11809 = EDGE_LOOP('',(#11810,#11818,#11819,#11820));
#11810 = ORIENTED_EDGE('',*,*,#11811,.F.);
#11811 = EDGE_CURVE('',#11162,#11812,#11814,.T.);
#11812 = VERTEX_POINT('',#11813);
#11813 = CARTESIAN_POINT('',(4.13,-2.5,52.));
#11814 = LINE('',#11815,#11816);
#11815 = CARTESIAN_POINT('',(4.13,-2.5,47.5));
#11816 = VECTOR('',#11817,1.);
#11817 = DIRECTION('',(0.,0.,1.));
#11818 = ORIENTED_EDGE('',*,*,#11171,.T.);
#11819 = ORIENTED_EDGE('',*,*,#11130,.T.);
#11820 = ORIENTED_EDGE('',*,*,#11821,.F.);
#11821 = EDGE_CURVE('',#11812,#11123,#11822,.T.);
#11822 = LINE('',#11823,#11824);
#11823 = CARTESIAN_POINT('',(4.13,-2.5,52.));
#11824 = VECTOR('',#11825,1.);
#11825 = DIRECTION('',(0.,1.,0.));
#11826 = PLANE('',#11827);
#11827 = AXIS2_PLACEMENT_3D('',#11828,#11829,#11830);
#11828 = CARTESIAN_POINT('',(4.13,-2.5,47.5));
#11829 = DIRECTION('',(1.,0.,0.));
#11830 = DIRECTION('',(0.,0.,1.));
#11831 = ADVANCED_FACE('',(#11832),#11850,.T.);
#11832 = FACE_BOUND('',#11833,.T.);
#11833 = EDGE_LOOP('',(#11834,#11842,#11848,#11849));
#11834 = ORIENTED_EDGE('',*,*,#11835,.F.);
#11835 = EDGE_CURVE('',#11836,#11115,#11838,.T.);
#11836 = VERTEX_POINT('',#11837);
#11837 = CARTESIAN_POINT('',(3.49,-2.5,52.));
#11838 = LINE('',#11839,#11840);
#11839 = CARTESIAN_POINT('',(3.49,-2.5,52.));
#11840 = VECTOR('',#11841,1.);
#11841 = DIRECTION('',(0.,1.,0.));
#11842 = ORIENTED_EDGE('',*,*,#11843,.T.);
#11843 = EDGE_CURVE('',#11836,#11812,#11844,.T.);
#11844 = LINE('',#11845,#11846);
#11845 = CARTESIAN_POINT('',(3.49,-2.5,52.));
#11846 = VECTOR('',#11847,1.);
#11847 = DIRECTION('',(1.,0.,0.));
#11848 = ORIENTED_EDGE('',*,*,#11821,.T.);
#11849 = ORIENTED_EDGE('',*,*,#11122,.F.);
#11850 = PLANE('',#11851);
#11851 = AXIS2_PLACEMENT_3D('',#11852,#11853,#11854);
#11852 = CARTESIAN_POINT('',(3.49,-2.5,52.));
#11853 = DIRECTION('',(0.,0.,1.));
#11854 = DIRECTION('',(1.,0.,0.));
#11855 = ADVANCED_FACE('',(#11856),#11867,.F.);
#11856 = FACE_BOUND('',#11857,.F.);
#11857 = EDGE_LOOP('',(#11858,#11864,#11865,#11866));
#11858 = ORIENTED_EDGE('',*,*,#11859,.F.);
#11859 = EDGE_CURVE('',#11186,#11836,#11860,.T.);
#11860 = LINE('',#11861,#11862);
#11861 = CARTESIAN_POINT('',(3.49,-2.5,47.5));
#11862 = VECTOR('',#11863,1.);
#11863 = DIRECTION('',(0.,0.,1.));
#11864 = ORIENTED_EDGE('',*,*,#11195,.T.);
#11865 = ORIENTED_EDGE('',*,*,#11114,.T.);
#11866 = ORIENTED_EDGE('',*,*,#11835,.F.);
#11867 = PLANE('',#11868);
#11868 = AXIS2_PLACEMENT_3D('',#11869,#11870,#11871);
#11869 = CARTESIAN_POINT('',(3.49,-2.5,47.5));
#11870 = DIRECTION('',(1.,0.,0.));
#11871 = DIRECTION('',(0.,0.,1.));
#11872 = ADVANCED_FACE('',(#11873),#11884,.F.);
#11873 = FACE_BOUND('',#11874,.F.);
#11874 = EDGE_LOOP('',(#11875,#11876,#11877,#11878));
#11875 = ORIENTED_EDGE('',*,*,#11161,.F.);
#11876 = ORIENTED_EDGE('',*,*,#11147,.F.);
#11877 = ORIENTED_EDGE('',*,*,#11185,.T.);
#11878 = ORIENTED_EDGE('',*,*,#11879,.T.);
#11879 = EDGE_CURVE('',#11186,#11162,#11880,.T.);
#11880 = LINE('',#11881,#11882);
#11881 = CARTESIAN_POINT('',(3.49,-2.5,47.82));
#11882 = VECTOR('',#11883,1.);
#11883 = DIRECTION('',(1.,0.,0.));
#11884 = PLANE('',#11885);
#11885 = AXIS2_PLACEMENT_3D('',#11886,#11887,#11888);
#11886 = CARTESIAN_POINT('',(3.49,-2.5,47.18));
#11887 = DIRECTION('',(0.,1.,0.));
#11888 = DIRECTION('',(0.,0.,1.));
#11889 = ADVANCED_FACE('',(#11890),#11908,.T.);
#11890 = FACE_BOUND('',#11891,.T.);
#11891 = EDGE_LOOP('',(#11892,#11900,#11901,#11902));
#11892 = ORIENTED_EDGE('',*,*,#11893,.F.);
#11893 = EDGE_CURVE('',#11258,#11894,#11896,.T.);
#11894 = VERTEX_POINT('',#11895);
#11895 = CARTESIAN_POINT('',(6.67,-2.5,52.));
#11896 = LINE('',#11897,#11898);
#11897 = CARTESIAN_POINT('',(6.67,-2.5,47.5));
#11898 = VECTOR('',#11899,1.);
#11899 = DIRECTION('',(0.,0.,1.));
#11900 = ORIENTED_EDGE('',*,*,#11267,.T.);
#11901 = ORIENTED_EDGE('',*,*,#11226,.T.);
#11902 = ORIENTED_EDGE('',*,*,#11903,.F.);
#11903 = EDGE_CURVE('',#11894,#11219,#11904,.T.);
#11904 = LINE('',#11905,#11906);
#11905 = CARTESIAN_POINT('',(6.67,-2.5,52.));
#11906 = VECTOR('',#11907,1.);
#11907 = DIRECTION('',(0.,1.,0.));
#11908 = PLANE('',#11909);
#11909 = AXIS2_PLACEMENT_3D('',#11910,#11911,#11912);
#11910 = CARTESIAN_POINT('',(6.67,-2.5,47.5));
#11911 = DIRECTION('',(1.,0.,0.));
#11912 = DIRECTION('',(0.,0.,1.));
#11913 = ADVANCED_FACE('',(#11914),#11932,.T.);
#11914 = FACE_BOUND('',#11915,.T.);
#11915 = EDGE_LOOP('',(#11916,#11924,#11930,#11931));
#11916 = ORIENTED_EDGE('',*,*,#11917,.F.);
#11917 = EDGE_CURVE('',#11918,#11211,#11920,.T.);
#11918 = VERTEX_POINT('',#11919);
#11919 = CARTESIAN_POINT('',(6.03,-2.5,52.));
#11920 = LINE('',#11921,#11922);
#11921 = CARTESIAN_POINT('',(6.03,-2.5,52.));
#11922 = VECTOR('',#11923,1.);
#11923 = DIRECTION('',(0.,1.,0.));
#11924 = ORIENTED_EDGE('',*,*,#11925,.T.);
#11925 = EDGE_CURVE('',#11918,#11894,#11926,.T.);
#11926 = LINE('',#11927,#11928);
#11927 = CARTESIAN_POINT('',(6.03,-2.5,52.));
#11928 = VECTOR('',#11929,1.);
#11929 = DIRECTION('',(1.,0.,0.));
#11930 = ORIENTED_EDGE('',*,*,#11903,.T.);
#11931 = ORIENTED_EDGE('',*,*,#11218,.F.);
#11932 = PLANE('',#11933);
#11933 = AXIS2_PLACEMENT_3D('',#11934,#11935,#11936);
#11934 = CARTESIAN_POINT('',(6.03,-2.5,52.));
#11935 = DIRECTION('',(0.,0.,1.));
#11936 = DIRECTION('',(1.,0.,0.));
#11937 = ADVANCED_FACE('',(#11938),#11949,.F.);
#11938 = FACE_BOUND('',#11939,.F.);
#11939 = EDGE_LOOP('',(#11940,#11946,#11947,#11948));
#11940 = ORIENTED_EDGE('',*,*,#11941,.F.);
#11941 = EDGE_CURVE('',#11282,#11918,#11942,.T.);
#11942 = LINE('',#11943,#11944);
#11943 = CARTESIAN_POINT('',(6.03,-2.5,47.5));
#11944 = VECTOR('',#11945,1.);
#11945 = DIRECTION('',(0.,0.,1.));
#11946 = ORIENTED_EDGE('',*,*,#11291,.T.);
#11947 = ORIENTED_EDGE('',*,*,#11210,.T.);
#11948 = ORIENTED_EDGE('',*,*,#11917,.F.);
#11949 = PLANE('',#11950);
#11950 = AXIS2_PLACEMENT_3D('',#11951,#11952,#11953);
#11951 = CARTESIAN_POINT('',(6.03,-2.5,47.5));
#11952 = DIRECTION('',(1.,0.,0.));
#11953 = DIRECTION('',(0.,0.,1.));
#11954 = ADVANCED_FACE('',(#11955),#11966,.F.);
#11955 = FACE_BOUND('',#11956,.F.);
#11956 = EDGE_LOOP('',(#11957,#11958,#11959,#11960));
#11957 = ORIENTED_EDGE('',*,*,#11257,.F.);
#11958 = ORIENTED_EDGE('',*,*,#11243,.F.);
#11959 = ORIENTED_EDGE('',*,*,#11281,.T.);
#11960 = ORIENTED_EDGE('',*,*,#11961,.T.);
#11961 = EDGE_CURVE('',#11282,#11258,#11962,.T.);
#11962 = LINE('',#11963,#11964);
#11963 = CARTESIAN_POINT('',(6.03,-2.5,47.82));
#11964 = VECTOR('',#11965,1.);
#11965 = DIRECTION('',(1.,0.,0.));
#11966 = PLANE('',#11967);
#11967 = AXIS2_PLACEMENT_3D('',#11968,#11969,#11970);
#11968 = CARTESIAN_POINT('',(6.03,-2.5,47.18));
#11969 = DIRECTION('',(0.,1.,0.));
#11970 = DIRECTION('',(0.,0.,1.));
#11971 = ADVANCED_FACE('',(#11972),#11990,.T.);
#11972 = FACE_BOUND('',#11973,.T.);
#11973 = EDGE_LOOP('',(#11974,#11982,#11983,#11984));
#11974 = ORIENTED_EDGE('',*,*,#11975,.F.);
#11975 = EDGE_CURVE('',#11354,#11976,#11978,.T.);
#11976 = VERTEX_POINT('',#11977);
#11977 = CARTESIAN_POINT('',(9.21,-2.5,52.));
#11978 = LINE('',#11979,#11980);
#11979 = CARTESIAN_POINT('',(9.21,-2.5,47.5));
#11980 = VECTOR('',#11981,1.);
#11981 = DIRECTION('',(0.,0.,1.));
#11982 = ORIENTED_EDGE('',*,*,#11363,.T.);
#11983 = ORIENTED_EDGE('',*,*,#11322,.T.);
#11984 = ORIENTED_EDGE('',*,*,#11985,.F.);
#11985 = EDGE_CURVE('',#11976,#11315,#11986,.T.);
#11986 = LINE('',#11987,#11988);
#11987 = CARTESIAN_POINT('',(9.21,-2.5,52.));
#11988 = VECTOR('',#11989,1.);
#11989 = DIRECTION('',(0.,1.,0.));
#11990 = PLANE('',#11991);
#11991 = AXIS2_PLACEMENT_3D('',#11992,#11993,#11994);
#11992 = CARTESIAN_POINT('',(9.21,-2.5,47.5));
#11993 = DIRECTION('',(1.,0.,0.));
#11994 = DIRECTION('',(0.,0.,1.));
#11995 = ADVANCED_FACE('',(#11996),#12014,.T.);
#11996 = FACE_BOUND('',#11997,.T.);
#11997 = EDGE_LOOP('',(#11998,#12006,#12012,#12013));
#11998 = ORIENTED_EDGE('',*,*,#11999,.F.);
#11999 = EDGE_CURVE('',#12000,#11307,#12002,.T.);
#12000 = VERTEX_POINT('',#12001);
#12001 = CARTESIAN_POINT('',(8.57,-2.5,52.));
#12002 = LINE('',#12003,#12004);
#12003 = CARTESIAN_POINT('',(8.57,-2.5,52.));
#12004 = VECTOR('',#12005,1.);
#12005 = DIRECTION('',(0.,1.,0.));
#12006 = ORIENTED_EDGE('',*,*,#12007,.T.);
#12007 = EDGE_CURVE('',#12000,#11976,#12008,.T.);
#12008 = LINE('',#12009,#12010);
#12009 = CARTESIAN_POINT('',(8.57,-2.5,52.));
#12010 = VECTOR('',#12011,1.);
#12011 = DIRECTION('',(1.,0.,0.));
#12012 = ORIENTED_EDGE('',*,*,#11985,.T.);
#12013 = ORIENTED_EDGE('',*,*,#11314,.F.);
#12014 = PLANE('',#12015);
#12015 = AXIS2_PLACEMENT_3D('',#12016,#12017,#12018);
#12016 = CARTESIAN_POINT('',(8.57,-2.5,52.));
#12017 = DIRECTION('',(0.,0.,1.));
#12018 = DIRECTION('',(1.,0.,0.));
#12019 = ADVANCED_FACE('',(#12020),#12031,.F.);
#12020 = FACE_BOUND('',#12021,.F.);
#12021 = EDGE_LOOP('',(#12022,#12028,#12029,#12030));
#12022 = ORIENTED_EDGE('',*,*,#12023,.F.);
#12023 = EDGE_CURVE('',#11378,#12000,#12024,.T.);
#12024 = LINE('',#12025,#12026);
#12025 = CARTESIAN_POINT('',(8.57,-2.5,47.5));
#12026 = VECTOR('',#12027,1.);
#12027 = DIRECTION('',(0.,0.,1.));
#12028 = ORIENTED_EDGE('',*,*,#11387,.T.);
#12029 = ORIENTED_EDGE('',*,*,#11306,.T.);
#12030 = ORIENTED_EDGE('',*,*,#11999,.F.);
#12031 = PLANE('',#12032);
#12032 = AXIS2_PLACEMENT_3D('',#12033,#12034,#12035);
#12033 = CARTESIAN_POINT('',(8.57,-2.5,47.5));
#12034 = DIRECTION('',(1.,0.,0.));
#12035 = DIRECTION('',(0.,0.,1.));
#12036 = ADVANCED_FACE('',(#12037),#12048,.F.);
#12037 = FACE_BOUND('',#12038,.F.);
#12038 = EDGE_LOOP('',(#12039,#12040,#12041,#12042));
#12039 = ORIENTED_EDGE('',*,*,#11353,.F.);
#12040 = ORIENTED_EDGE('',*,*,#11339,.F.);
#12041 = ORIENTED_EDGE('',*,*,#11377,.T.);
#12042 = ORIENTED_EDGE('',*,*,#12043,.T.);
#12043 = EDGE_CURVE('',#11378,#11354,#12044,.T.);
#12044 = LINE('',#12045,#12046);
#12045 = CARTESIAN_POINT('',(8.57,-2.5,47.82));
#12046 = VECTOR('',#12047,1.);
#12047 = DIRECTION('',(1.,0.,0.));
#12048 = PLANE('',#12049);
#12049 = AXIS2_PLACEMENT_3D('',#12050,#12051,#12052);
#12050 = CARTESIAN_POINT('',(8.57,-2.5,47.18));
#12051 = DIRECTION('',(0.,1.,0.));
#12052 = DIRECTION('',(0.,0.,1.));
#12053 = ADVANCED_FACE('',(#12054),#12060,.F.);
#12054 = FACE_BOUND('',#12055,.F.);
#12055 = EDGE_LOOP('',(#12056,#12057,#12058,#12059));
#12056 = ORIENTED_EDGE('',*,*,#11469,.F.);
#12057 = ORIENTED_EDGE('',*,*,#11449,.T.);
#12058 = ORIENTED_EDGE('',*,*,#11433,.T.);
#12059 = ORIENTED_EDGE('',*,*,#11401,.F.);
#12060 = PLANE('',#12061);
#12061 = AXIS2_PLACEMENT_3D('',#12062,#12063,#12064);
#12062 = CARTESIAN_POINT('',(-9.21,-2.5,47.5));
#12063 = DIRECTION('',(0.,1.,0.));
#12064 = DIRECTION('',(0.,0.,1.));
#12065 = ADVANCED_FACE('',(#12066),#12072,.F.);
#12066 = FACE_BOUND('',#12067,.F.);
#12067 = EDGE_LOOP('',(#12068,#12069,#12070,#12071));
#12068 = ORIENTED_EDGE('',*,*,#11551,.F.);
#12069 = ORIENTED_EDGE('',*,*,#11531,.T.);
#12070 = ORIENTED_EDGE('',*,*,#11515,.T.);
#12071 = ORIENTED_EDGE('',*,*,#11483,.F.);
#12072 = PLANE('',#12073);
#12073 = AXIS2_PLACEMENT_3D('',#12074,#12075,#12076);
#12074 = CARTESIAN_POINT('',(-6.67,-2.5,47.5));
#12075 = DIRECTION('',(0.,1.,0.));
#12076 = DIRECTION('',(0.,0.,1.));
#12077 = ADVANCED_FACE('',(#12078),#12084,.F.);
#12078 = FACE_BOUND('',#12079,.F.);
#12079 = EDGE_LOOP('',(#12080,#12081,#12082,#12083));
#12080 = ORIENTED_EDGE('',*,*,#11633,.F.);
#12081 = ORIENTED_EDGE('',*,*,#11613,.T.);
#12082 = ORIENTED_EDGE('',*,*,#11597,.T.);
#12083 = ORIENTED_EDGE('',*,*,#11565,.F.);
#12084 = PLANE('',#12085);
#12085 = AXIS2_PLACEMENT_3D('',#12086,#12087,#12088);
#12086 = CARTESIAN_POINT('',(-4.13,-2.5,47.5));
#12087 = DIRECTION('',(0.,1.,0.));
#12088 = DIRECTION('',(0.,0.,1.));
#12089 = ADVANCED_FACE('',(#12090),#12096,.F.);
#12090 = FACE_BOUND('',#12091,.F.);
#12091 = EDGE_LOOP('',(#12092,#12093,#12094,#12095));
#12092 = ORIENTED_EDGE('',*,*,#11715,.F.);
#12093 = ORIENTED_EDGE('',*,*,#11695,.T.);
#12094 = ORIENTED_EDGE('',*,*,#11679,.T.);
#12095 = ORIENTED_EDGE('',*,*,#11647,.F.);
#12096 = PLANE('',#12097);
#12097 = AXIS2_PLACEMENT_3D('',#12098,#12099,#12100);
#12098 = CARTESIAN_POINT('',(-1.59,-2.5,47.5));
#12099 = DIRECTION('',(0.,1.,0.));
#12100 = DIRECTION('',(0.,0.,1.));
#12101 = ADVANCED_FACE('',(#12102),#12108,.F.);
#12102 = FACE_BOUND('',#12103,.F.);
#12103 = EDGE_LOOP('',(#12104,#12105,#12106,#12107));
#12104 = ORIENTED_EDGE('',*,*,#11797,.F.);
#12105 = ORIENTED_EDGE('',*,*,#11777,.T.);
#12106 = ORIENTED_EDGE('',*,*,#11761,.T.);
#12107 = ORIENTED_EDGE('',*,*,#11729,.F.);
#12108 = PLANE('',#12109);
#12109 = AXIS2_PLACEMENT_3D('',#12110,#12111,#12112);
#12110 = CARTESIAN_POINT('',(0.95,-2.5,47.5));
#12111 = DIRECTION('',(0.,1.,0.));
#12112 = DIRECTION('',(0.,0.,1.));
#12113 = ADVANCED_FACE('',(#12114),#12120,.F.);
#12114 = FACE_BOUND('',#12115,.F.);
#12115 = EDGE_LOOP('',(#12116,#12117,#12118,#12119));
#12116 = ORIENTED_EDGE('',*,*,#11879,.F.);
#12117 = ORIENTED_EDGE('',*,*,#11859,.T.);
#12118 = ORIENTED_EDGE('',*,*,#11843,.T.);
#12119 = ORIENTED_EDGE('',*,*,#11811,.F.);
#12120 = PLANE('',#12121);
#12121 = AXIS2_PLACEMENT_3D('',#12122,#12123,#12124);
#12122 = CARTESIAN_POINT('',(3.49,-2.5,47.5));
#12123 = DIRECTION('',(0.,1.,0.));
#12124 = DIRECTION('',(0.,0.,1.));
#12125 = ADVANCED_FACE('',(#12126),#12132,.F.);
#12126 = FACE_BOUND('',#12127,.F.);
#12127 = EDGE_LOOP('',(#12128,#12129,#12130,#12131));
#12128 = ORIENTED_EDGE('',*,*,#11961,.F.);
#12129 = ORIENTED_EDGE('',*,*,#11941,.T.);
#12130 = ORIENTED_EDGE('',*,*,#11925,.T.);
#12131 = ORIENTED_EDGE('',*,*,#11893,.F.);
#12132 = PLANE('',#12133);
#12133 = AXIS2_PLACEMENT_3D('',#12134,#12135,#12136);
#12134 = CARTESIAN_POINT('',(6.03,-2.5,47.5));
#12135 = DIRECTION('',(0.,1.,0.));
#12136 = DIRECTION('',(0.,0.,1.));
#12137 = ADVANCED_FACE('',(#12138),#12144,.F.);
#12138 = FACE_BOUND('',#12139,.F.);
#12139 = EDGE_LOOP('',(#12140,#12141,#12142,#12143));
#12140 = ORIENTED_EDGE('',*,*,#12043,.F.);
#12141 = ORIENTED_EDGE('',*,*,#12023,.T.);
#12142 = ORIENTED_EDGE('',*,*,#12007,.T.);
#12143 = ORIENTED_EDGE('',*,*,#11975,.F.);
#12144 = PLANE('',#12145);
#12145 = AXIS2_PLACEMENT_3D('',#12146,#12147,#12148);
#12146 = CARTESIAN_POINT('',(8.57,-2.5,47.5));
#12147 = DIRECTION('',(0.,1.,0.));
#12148 = DIRECTION('',(0.,0.,1.));
#12149 = MANIFOLD_SOLID_BREP('',#12150);
#12150 = CLOSED_SHELL('',(#12151,#12191,#12254,#12301,#12325,#12342,
    #12354,#12385,#12409,#12433,#12450,#12467));
#12151 = ADVANCED_FACE('',(#12152),#12186,.F.);
#12152 = FACE_BOUND('',#12153,.F.);
#12153 = EDGE_LOOP('',(#12154,#12164,#12172,#12180));
#12154 = ORIENTED_EDGE('',*,*,#12155,.F.);
#12155 = EDGE_CURVE('',#12156,#12158,#12160,.T.);
#12156 = VERTEX_POINT('',#12157);
#12157 = CARTESIAN_POINT('',(-9.75,-3.85,47.5));
#12158 = VERTEX_POINT('',#12159);
#12159 = CARTESIAN_POINT('',(-9.75,-3.85,51.5));
#12160 = LINE('',#12161,#12162);
#12161 = CARTESIAN_POINT('',(-9.75,-3.85,47.5));
#12162 = VECTOR('',#12163,1.);
#12163 = DIRECTION('',(0.,0.,1.));
#12164 = ORIENTED_EDGE('',*,*,#12165,.T.);
#12165 = EDGE_CURVE('',#12156,#12166,#12168,.T.);
#12166 = VERTEX_POINT('',#12167);
#12167 = CARTESIAN_POINT('',(-9.75,-0.85,47.5));
#12168 = LINE('',#12169,#12170);
#12169 = CARTESIAN_POINT('',(-9.75,-3.85,47.5));
#12170 = VECTOR('',#12171,1.);
#12171 = DIRECTION('',(0.,1.,0.));
#12172 = ORIENTED_EDGE('',*,*,#12173,.T.);
#12173 = EDGE_CURVE('',#12166,#12174,#12176,.T.);
#12174 = VERTEX_POINT('',#12175);
#12175 = CARTESIAN_POINT('',(-9.75,-0.85,51.5));
#12176 = LINE('',#12177,#12178);
#12177 = CARTESIAN_POINT('',(-9.75,-0.85,47.5));
#12178 = VECTOR('',#12179,1.);
#12179 = DIRECTION('',(0.,0.,1.));
#12180 = ORIENTED_EDGE('',*,*,#12181,.F.);
#12181 = EDGE_CURVE('',#12158,#12174,#12182,.T.);
#12182 = LINE('',#12183,#12184);
#12183 = CARTESIAN_POINT('',(-9.75,-3.85,51.5));
#12184 = VECTOR('',#12185,1.);
#12185 = DIRECTION('',(0.,1.,0.));
#12186 = PLANE('',#12187);
#12187 = AXIS2_PLACEMENT_3D('',#12188,#12189,#12190);
#12188 = CARTESIAN_POINT('',(-9.75,-3.85,47.5));
#12189 = DIRECTION('',(1.,0.,0.));
#12190 = DIRECTION('',(0.,0.,1.));
#12191 = ADVANCED_FACE('',(#12192),#12249,.F.);
#12192 = FACE_BOUND('',#12193,.F.);
#12193 = EDGE_LOOP('',(#12194,#12204,#12210,#12211,#12219,#12227,#12235,
    #12243));
#12194 = ORIENTED_EDGE('',*,*,#12195,.F.);
#12195 = EDGE_CURVE('',#12196,#12198,#12200,.T.);
#12196 = VERTEX_POINT('',#12197);
#12197 = CARTESIAN_POINT('',(9.75,-3.85,47.5));
#12198 = VERTEX_POINT('',#12199);
#12199 = CARTESIAN_POINT('',(9.75,-3.85,51.5));
#12200 = LINE('',#12201,#12202);
#12201 = CARTESIAN_POINT('',(9.75,-3.85,47.5));
#12202 = VECTOR('',#12203,1.);
#12203 = DIRECTION('',(0.,0.,1.));
#12204 = ORIENTED_EDGE('',*,*,#12205,.F.);
#12205 = EDGE_CURVE('',#12156,#12196,#12206,.T.);
#12206 = LINE('',#12207,#12208);
#12207 = CARTESIAN_POINT('',(-9.75,-3.85,47.5));
#12208 = VECTOR('',#12209,1.);
#12209 = DIRECTION('',(1.,0.,0.));
#12210 = ORIENTED_EDGE('',*,*,#12155,.T.);
#12211 = ORIENTED_EDGE('',*,*,#12212,.T.);
#12212 = EDGE_CURVE('',#12158,#12213,#12215,.T.);
#12213 = VERTEX_POINT('',#12214);
#12214 = CARTESIAN_POINT('',(-2.,-3.85,51.5));
#12215 = LINE('',#12216,#12217);
#12216 = CARTESIAN_POINT('',(-9.75,-3.85,51.5));
#12217 = VECTOR('',#12218,1.);
#12218 = DIRECTION('',(1.,0.,0.));
#12219 = ORIENTED_EDGE('',*,*,#12220,.T.);
#12220 = EDGE_CURVE('',#12213,#12221,#12223,.T.);
#12221 = VERTEX_POINT('',#12222);
#12222 = CARTESIAN_POINT('',(-2.,-3.85,48.));
#12223 = LINE('',#12224,#12225);
#12224 = CARTESIAN_POINT('',(-2.,-3.85,47.75));
#12225 = VECTOR('',#12226,1.);
#12226 = DIRECTION('',(0.,0.,-1.));
#12227 = ORIENTED_EDGE('',*,*,#12228,.T.);
#12228 = EDGE_CURVE('',#12221,#12229,#12231,.T.);
#12229 = VERTEX_POINT('',#12230);
#12230 = CARTESIAN_POINT('',(2.,-3.85,48.));
#12231 = LINE('',#12232,#12233);
#12232 = CARTESIAN_POINT('',(-5.875,-3.85,48.));
#12233 = VECTOR('',#12234,1.);
#12234 = DIRECTION('',(1.,0.,0.));
#12235 = ORIENTED_EDGE('',*,*,#12236,.F.);
#12236 = EDGE_CURVE('',#12237,#12229,#12239,.T.);
#12237 = VERTEX_POINT('',#12238);
#12238 = CARTESIAN_POINT('',(2.,-3.85,51.5));
#12239 = LINE('',#12240,#12241);
#12240 = CARTESIAN_POINT('',(2.,-3.85,47.75));
#12241 = VECTOR('',#12242,1.);
#12242 = DIRECTION('',(0.,0.,-1.));
#12243 = ORIENTED_EDGE('',*,*,#12244,.T.);
#12244 = EDGE_CURVE('',#12237,#12198,#12245,.T.);
#12245 = LINE('',#12246,#12247);
#12246 = CARTESIAN_POINT('',(-9.75,-3.85,51.5));
#12247 = VECTOR('',#12248,1.);
#12248 = DIRECTION('',(1.,0.,0.));
#12249 = PLANE('',#12250);
#12250 = AXIS2_PLACEMENT_3D('',#12251,#12252,#12253);
#12251 = CARTESIAN_POINT('',(-9.75,-3.85,47.5));
#12252 = DIRECTION('',(0.,1.,0.));
#12253 = DIRECTION('',(0.,0.,1.));
#12254 = ADVANCED_FACE('',(#12255),#12296,.T.);
#12255 = FACE_BOUND('',#12256,.T.);
#12256 = EDGE_LOOP('',(#12257,#12265,#12266,#12267,#12275,#12283,#12289,
    #12290));
#12257 = ORIENTED_EDGE('',*,*,#12258,.F.);
#12258 = EDGE_CURVE('',#12174,#12259,#12261,.T.);
#12259 = VERTEX_POINT('',#12260);
#12260 = CARTESIAN_POINT('',(9.75,-0.85,51.5));
#12261 = LINE('',#12262,#12263);
#12262 = CARTESIAN_POINT('',(-9.75,-0.85,51.5));
#12263 = VECTOR('',#12264,1.);
#12264 = DIRECTION('',(1.,0.,0.));
#12265 = ORIENTED_EDGE('',*,*,#12181,.F.);
#12266 = ORIENTED_EDGE('',*,*,#12212,.T.);
#12267 = ORIENTED_EDGE('',*,*,#12268,.T.);
#12268 = EDGE_CURVE('',#12213,#12269,#12271,.T.);
#12269 = VERTEX_POINT('',#12270);
#12270 = CARTESIAN_POINT('',(-2.,-3.8,51.5));
#12271 = LINE('',#12272,#12273);
#12272 = CARTESIAN_POINT('',(-2.,-5.,51.5));
#12273 = VECTOR('',#12274,1.);
#12274 = DIRECTION('',(0.,1.,0.));
#12275 = ORIENTED_EDGE('',*,*,#12276,.T.);
#12276 = EDGE_CURVE('',#12269,#12277,#12279,.T.);
#12277 = VERTEX_POINT('',#12278);
#12278 = CARTESIAN_POINT('',(2.,-3.8,51.5));
#12279 = LINE('',#12280,#12281);
#12280 = CARTESIAN_POINT('',(-2.,-3.8,51.5));
#12281 = VECTOR('',#12282,1.);
#12282 = DIRECTION('',(1.,0.,0.));
#12283 = ORIENTED_EDGE('',*,*,#12284,.F.);
#12284 = EDGE_CURVE('',#12237,#12277,#12285,.T.);
#12285 = LINE('',#12286,#12287);
#12286 = CARTESIAN_POINT('',(2.,-5.,51.5));
#12287 = VECTOR('',#12288,1.);
#12288 = DIRECTION('',(0.,1.,0.));
#12289 = ORIENTED_EDGE('',*,*,#12244,.T.);
#12290 = ORIENTED_EDGE('',*,*,#12291,.T.);
#12291 = EDGE_CURVE('',#12198,#12259,#12292,.T.);
#12292 = LINE('',#12293,#12294);
#12293 = CARTESIAN_POINT('',(9.75,-3.85,51.5));
#12294 = VECTOR('',#12295,1.);
#12295 = DIRECTION('',(0.,1.,0.));
#12296 = PLANE('',#12297);
#12297 = AXIS2_PLACEMENT_3D('',#12298,#12299,#12300);
#12298 = CARTESIAN_POINT('',(-9.75,-3.85,51.5));
#12299 = DIRECTION('',(0.,0.,1.));
#12300 = DIRECTION('',(1.,0.,0.));
#12301 = ADVANCED_FACE('',(#12302),#12320,.T.);
#12302 = FACE_BOUND('',#12303,.T.);
#12303 = EDGE_LOOP('',(#12304,#12312,#12313,#12314));
#12304 = ORIENTED_EDGE('',*,*,#12305,.F.);
#12305 = EDGE_CURVE('',#12166,#12306,#12308,.T.);
#12306 = VERTEX_POINT('',#12307);
#12307 = CARTESIAN_POINT('',(9.75,-0.85,47.5));
#12308 = LINE('',#12309,#12310);
#12309 = CARTESIAN_POINT('',(-9.75,-0.85,47.5));
#12310 = VECTOR('',#12311,1.);
#12311 = DIRECTION('',(1.,0.,0.));
#12312 = ORIENTED_EDGE('',*,*,#12173,.T.);
#12313 = ORIENTED_EDGE('',*,*,#12258,.T.);
#12314 = ORIENTED_EDGE('',*,*,#12315,.F.);
#12315 = EDGE_CURVE('',#12306,#12259,#12316,.T.);
#12316 = LINE('',#12317,#12318);
#12317 = CARTESIAN_POINT('',(9.75,-0.85,47.5));
#12318 = VECTOR('',#12319,1.);
#12319 = DIRECTION('',(0.,0.,1.));
#12320 = PLANE('',#12321);
#12321 = AXIS2_PLACEMENT_3D('',#12322,#12323,#12324);
#12322 = CARTESIAN_POINT('',(-9.75,-0.85,47.5));
#12323 = DIRECTION('',(0.,1.,0.));
#12324 = DIRECTION('',(0.,0.,1.));
#12325 = ADVANCED_FACE('',(#12326),#12337,.F.);
#12326 = FACE_BOUND('',#12327,.F.);
#12327 = EDGE_LOOP('',(#12328,#12329,#12330,#12336));
#12328 = ORIENTED_EDGE('',*,*,#12165,.F.);
#12329 = ORIENTED_EDGE('',*,*,#12205,.T.);
#12330 = ORIENTED_EDGE('',*,*,#12331,.T.);
#12331 = EDGE_CURVE('',#12196,#12306,#12332,.T.);
#12332 = LINE('',#12333,#12334);
#12333 = CARTESIAN_POINT('',(9.75,-3.85,47.5));
#12334 = VECTOR('',#12335,1.);
#12335 = DIRECTION('',(0.,1.,0.));
#12336 = ORIENTED_EDGE('',*,*,#12305,.F.);
#12337 = PLANE('',#12338);
#12338 = AXIS2_PLACEMENT_3D('',#12339,#12340,#12341);
#12339 = CARTESIAN_POINT('',(-9.75,-3.85,47.5));
#12340 = DIRECTION('',(0.,0.,1.));
#12341 = DIRECTION('',(1.,0.,0.));
#12342 = ADVANCED_FACE('',(#12343),#12349,.T.);
#12343 = FACE_BOUND('',#12344,.T.);
#12344 = EDGE_LOOP('',(#12345,#12346,#12347,#12348));
#12345 = ORIENTED_EDGE('',*,*,#12195,.F.);
#12346 = ORIENTED_EDGE('',*,*,#12331,.T.);
#12347 = ORIENTED_EDGE('',*,*,#12315,.T.);
#12348 = ORIENTED_EDGE('',*,*,#12291,.F.);
#12349 = PLANE('',#12350);
#12350 = AXIS2_PLACEMENT_3D('',#12351,#12352,#12353);
#12351 = CARTESIAN_POINT('',(9.75,-3.85,47.5));
#12352 = DIRECTION('',(1.,0.,0.));
#12353 = DIRECTION('',(0.,0.,1.));
#12354 = ADVANCED_FACE('',(#12355),#12380,.T.);
#12355 = FACE_BOUND('',#12356,.T.);
#12356 = EDGE_LOOP('',(#12357,#12365,#12373,#12379));
#12357 = ORIENTED_EDGE('',*,*,#12358,.F.);
#12358 = EDGE_CURVE('',#12359,#12237,#12361,.T.);
#12359 = VERTEX_POINT('',#12360);
#12360 = CARTESIAN_POINT('',(2.,-5.,51.5));
#12361 = LINE('',#12362,#12363);
#12362 = CARTESIAN_POINT('',(2.,-5.,51.5));
#12363 = VECTOR('',#12364,1.);
#12364 = DIRECTION('',(0.,1.,0.));
#12365 = ORIENTED_EDGE('',*,*,#12366,.F.);
#12366 = EDGE_CURVE('',#12367,#12359,#12369,.T.);
#12367 = VERTEX_POINT('',#12368);
#12368 = CARTESIAN_POINT('',(2.,-5.,48.));
#12369 = LINE('',#12370,#12371);
#12370 = CARTESIAN_POINT('',(2.,-5.,48.));
#12371 = VECTOR('',#12372,1.);
#12372 = DIRECTION('',(0.,0.,1.));
#12373 = ORIENTED_EDGE('',*,*,#12374,.T.);
#12374 = EDGE_CURVE('',#12367,#12229,#12375,.T.);
#12375 = LINE('',#12376,#12377);
#12376 = CARTESIAN_POINT('',(2.,-5.,48.));
#12377 = VECTOR('',#12378,1.);
#12378 = DIRECTION('',(0.,1.,0.));
#12379 = ORIENTED_EDGE('',*,*,#12236,.F.);
#12380 = PLANE('',#12381);
#12381 = AXIS2_PLACEMENT_3D('',#12382,#12383,#12384);
#12382 = CARTESIAN_POINT('',(2.,-5.,48.));
#12383 = DIRECTION('',(1.,0.,0.));
#12384 = DIRECTION('',(0.,0.,1.));
#12385 = ADVANCED_FACE('',(#12386),#12404,.F.);
#12386 = FACE_BOUND('',#12387,.F.);
#12387 = EDGE_LOOP('',(#12388,#12396,#12402,#12403));
#12388 = ORIENTED_EDGE('',*,*,#12389,.F.);
#12389 = EDGE_CURVE('',#12390,#12221,#12392,.T.);
#12390 = VERTEX_POINT('',#12391);
#12391 = CARTESIAN_POINT('',(-2.,-5.,48.));
#12392 = LINE('',#12393,#12394);
#12393 = CARTESIAN_POINT('',(-2.,-5.,48.));
#12394 = VECTOR('',#12395,1.);
#12395 = DIRECTION('',(0.,1.,0.));
#12396 = ORIENTED_EDGE('',*,*,#12397,.T.);
#12397 = EDGE_CURVE('',#12390,#12367,#12398,.T.);
#12398 = LINE('',#12399,#12400);
#12399 = CARTESIAN_POINT('',(-2.,-5.,48.));
#12400 = VECTOR('',#12401,1.);
#12401 = DIRECTION('',(1.,0.,0.));
#12402 = ORIENTED_EDGE('',*,*,#12374,.T.);
#12403 = ORIENTED_EDGE('',*,*,#12228,.F.);
#12404 = PLANE('',#12405);
#12405 = AXIS2_PLACEMENT_3D('',#12406,#12407,#12408);
#12406 = CARTESIAN_POINT('',(-2.,-5.,48.));
#12407 = DIRECTION('',(0.,0.,1.));
#12408 = DIRECTION('',(1.,0.,0.));
#12409 = ADVANCED_FACE('',(#12410),#12428,.F.);
#12410 = FACE_BOUND('',#12411,.F.);
#12411 = EDGE_LOOP('',(#12412,#12420,#12426,#12427));
#12412 = ORIENTED_EDGE('',*,*,#12413,.F.);
#12413 = EDGE_CURVE('',#12414,#12213,#12416,.T.);
#12414 = VERTEX_POINT('',#12415);
#12415 = CARTESIAN_POINT('',(-2.,-5.,51.5));
#12416 = LINE('',#12417,#12418);
#12417 = CARTESIAN_POINT('',(-2.,-5.,51.5));
#12418 = VECTOR('',#12419,1.);
#12419 = DIRECTION('',(0.,1.,0.));
#12420 = ORIENTED_EDGE('',*,*,#12421,.F.);
#12421 = EDGE_CURVE('',#12390,#12414,#12422,.T.);
#12422 = LINE('',#12423,#12424);
#12423 = CARTESIAN_POINT('',(-2.,-5.,48.));
#12424 = VECTOR('',#12425,1.);
#12425 = DIRECTION('',(0.,0.,1.));
#12426 = ORIENTED_EDGE('',*,*,#12389,.T.);
#12427 = ORIENTED_EDGE('',*,*,#12220,.F.);
#12428 = PLANE('',#12429);
#12429 = AXIS2_PLACEMENT_3D('',#12430,#12431,#12432);
#12430 = CARTESIAN_POINT('',(-2.,-5.,48.));
#12431 = DIRECTION('',(1.,0.,0.));
#12432 = DIRECTION('',(0.,0.,1.));
#12433 = ADVANCED_FACE('',(#12434),#12445,.T.);
#12434 = FACE_BOUND('',#12435,.T.);
#12435 = EDGE_LOOP('',(#12436,#12437,#12443,#12444));
#12436 = ORIENTED_EDGE('',*,*,#12268,.F.);
#12437 = ORIENTED_EDGE('',*,*,#12438,.T.);
#12438 = EDGE_CURVE('',#12213,#12237,#12439,.T.);
#12439 = LINE('',#12440,#12441);
#12440 = CARTESIAN_POINT('',(-9.75,-3.85,51.5));
#12441 = VECTOR('',#12442,1.);
#12442 = DIRECTION('',(1.,0.,0.));
#12443 = ORIENTED_EDGE('',*,*,#12284,.T.);
#12444 = ORIENTED_EDGE('',*,*,#12276,.F.);
#12445 = PLANE('',#12446);
#12446 = AXIS2_PLACEMENT_3D('',#12447,#12448,#12449);
#12447 = CARTESIAN_POINT('',(-9.75,-3.85,51.5));
#12448 = DIRECTION('',(0.,0.,1.));
#12449 = DIRECTION('',(1.,0.,0.));
#12450 = ADVANCED_FACE('',(#12451),#12462,.T.);
#12451 = FACE_BOUND('',#12452,.T.);
#12452 = EDGE_LOOP('',(#12453,#12454,#12460,#12461));
#12453 = ORIENTED_EDGE('',*,*,#12413,.F.);
#12454 = ORIENTED_EDGE('',*,*,#12455,.T.);
#12455 = EDGE_CURVE('',#12414,#12359,#12456,.T.);
#12456 = LINE('',#12457,#12458);
#12457 = CARTESIAN_POINT('',(-2.,-5.,51.5));
#12458 = VECTOR('',#12459,1.);
#12459 = DIRECTION('',(1.,0.,0.));
#12460 = ORIENTED_EDGE('',*,*,#12358,.T.);
#12461 = ORIENTED_EDGE('',*,*,#12438,.F.);
#12462 = PLANE('',#12463);
#12463 = AXIS2_PLACEMENT_3D('',#12464,#12465,#12466);
#12464 = CARTESIAN_POINT('',(-2.,-5.,51.5));
#12465 = DIRECTION('',(0.,0.,1.));
#12466 = DIRECTION('',(1.,0.,0.));
#12467 = ADVANCED_FACE('',(#12468),#12474,.F.);
#12468 = FACE_BOUND('',#12469,.F.);
#12469 = EDGE_LOOP('',(#12470,#12471,#12472,#12473));
#12470 = ORIENTED_EDGE('',*,*,#12397,.F.);
#12471 = ORIENTED_EDGE('',*,*,#12421,.T.);
#12472 = ORIENTED_EDGE('',*,*,#12455,.T.);
#12473 = ORIENTED_EDGE('',*,*,#12366,.F.);
#12474 = PLANE('',#12475);
#12475 = AXIS2_PLACEMENT_3D('',#12476,#12477,#12478);
#12476 = CARTESIAN_POINT('',(-2.,-5.,48.));
#12477 = DIRECTION('',(0.,1.,0.));
#12478 = DIRECTION('',(0.,0.,1.));
#12479 = MANIFOLD_SOLID_BREP('',#12480);
#12480 = CLOSED_SHELL('',(#12481,#12514,#12523));
#12481 = ADVANCED_FACE('',(#12482),#12509,.T.);
#12482 = FACE_BOUND('',#12483,.T.);
#12483 = EDGE_LOOP('',(#12484,#12493,#12501,#12508));
#12484 = ORIENTED_EDGE('',*,*,#12485,.F.);
#12485 = EDGE_CURVE('',#12486,#12486,#12488,.T.);
#12486 = VERTEX_POINT('',#12487);
#12487 = CARTESIAN_POINT('',(-4.244416325212,-0.742420284395,
    57.1323943278));
#12488 = CIRCLE('',#12489,0.38);
#12489 = AXIS2_PLACEMENT_3D('',#12490,#12491,#12492);
#12490 = CARTESIAN_POINT('',(-4.54975453563,-0.742420284395,
    57.358599052018));
#12491 = DIRECTION('',(0.578699395249,0.234343962081,0.781146540269));
#12492 = DIRECTION('',(0.803521606364,1.387778780781E-17,-0.595275590048
    ));
#12493 = ORIENTED_EDGE('',*,*,#12494,.F.);
#12494 = EDGE_CURVE('',#12495,#12486,#12497,.T.);
#12495 = VERTEX_POINT('',#12496);
#12496 = CARTESIAN_POINT('',(-8.584661789582,-2.5,51.273795275782));
#12497 = LINE('',#12498,#12499);
#12498 = CARTESIAN_POINT('',(-8.584661789582,-2.5,51.273795275782));
#12499 = VECTOR('',#12500,1.);
#12500 = DIRECTION('',(0.578699395249,0.234343962081,0.781146540269));
#12501 = ORIENTED_EDGE('',*,*,#12502,.T.);
#12502 = EDGE_CURVE('',#12495,#12495,#12503,.T.);
#12503 = CIRCLE('',#12504,0.38);
#12504 = AXIS2_PLACEMENT_3D('',#12505,#12506,#12507);
#12505 = CARTESIAN_POINT('',(-8.89,-2.5,51.5));
#12506 = DIRECTION('',(0.578699395249,0.234343962081,0.781146540269));
#12507 = DIRECTION('',(0.803521606364,1.387778780781E-17,-0.595275590048
    ));
#12508 = ORIENTED_EDGE('',*,*,#12494,.T.);
#12509 = CYLINDRICAL_SURFACE('',#12510,0.38);
#12510 = AXIS2_PLACEMENT_3D('',#12511,#12512,#12513);
#12511 = CARTESIAN_POINT('',(-8.89,-2.5,51.5));
#12512 = DIRECTION('',(0.578699395249,0.234343962081,0.781146540269));
#12513 = DIRECTION('',(0.803521606364,1.387778780781E-17,-0.595275590048
    ));
#12514 = ADVANCED_FACE('',(#12515),#12518,.T.);
#12515 = FACE_BOUND('',#12516,.T.);
#12516 = EDGE_LOOP('',(#12517));
#12517 = ORIENTED_EDGE('',*,*,#12485,.T.);
#12518 = PLANE('',#12519);
#12519 = AXIS2_PLACEMENT_3D('',#12520,#12521,#12522);
#12520 = CARTESIAN_POINT('',(-4.54975453563,-0.742420284395,
    57.358599052018));
#12521 = DIRECTION('',(0.578699395249,0.234343962081,0.781146540269));
#12522 = DIRECTION('',(0.803521606364,1.387778780781E-17,-0.595275590048
    ));
#12523 = ADVANCED_FACE('',(#12524),#12527,.F.);
#12524 = FACE_BOUND('',#12525,.T.);
#12525 = EDGE_LOOP('',(#12526));
#12526 = ORIENTED_EDGE('',*,*,#12502,.F.);
#12527 = PLANE('',#12528);
#12528 = AXIS2_PLACEMENT_3D('',#12529,#12530,#12531);
#12529 = CARTESIAN_POINT('',(-8.89,-2.5,51.5));
#12530 = DIRECTION('',(0.578699395249,0.234343962081,0.781146540269));
#12531 = DIRECTION('',(0.803521606364,1.387778780781E-17,-0.595275590048
    ));
#12532 = MANIFOLD_SOLID_BREP('',#12533);
#12533 = CLOSED_SHELL('',(#12534,#12567,#12576));
#12534 = ADVANCED_FACE('',(#12535),#12562,.T.);
#12535 = FACE_BOUND('',#12536,.T.);
#12536 = EDGE_LOOP('',(#12537,#12546,#12554,#12561));
#12537 = ORIENTED_EDGE('',*,*,#12538,.F.);
#12538 = EDGE_CURVE('',#12539,#12539,#12541,.T.);
#12539 = VERTEX_POINT('',#12540);
#12540 = CARTESIAN_POINT('',(-2.623416086709,-0.577707450075,
    57.72990880268));
#12541 = CIRCLE('',#12542,0.38);
#12542 = AXIS2_PLACEMENT_3D('',#12543,#12544,#12545);
#12543 = CARTESIAN_POINT('',(-2.959289529993,-0.577707450075,
    57.907641833084));
#12544 = DIRECTION('',(0.452094729334,0.256305673323,0.854352244411));
#12545 = DIRECTION('',(0.883877482326,-1.387778780781E-17,
    -0.467718501064));
#12546 = ORIENTED_EDGE('',*,*,#12547,.F.);
#12547 = EDGE_CURVE('',#12548,#12539,#12550,.T.);
#12548 = VERTEX_POINT('',#12549);
#12549 = CARTESIAN_POINT('',(-6.014126556716,-2.5,51.322266969596));
#12550 = LINE('',#12551,#12552);
#12551 = CARTESIAN_POINT('',(-6.014126556716,-2.5,51.322266969596));
#12552 = VECTOR('',#12553,1.);
#12553 = DIRECTION('',(0.452094729334,0.256305673323,0.854352244411));
#12554 = ORIENTED_EDGE('',*,*,#12555,.T.);
#12555 = EDGE_CURVE('',#12548,#12548,#12556,.T.);
#12556 = CIRCLE('',#12557,0.38);
#12557 = AXIS2_PLACEMENT_3D('',#12558,#12559,#12560);
#12558 = CARTESIAN_POINT('',(-6.35,-2.5,51.5));
#12559 = DIRECTION('',(0.452094729334,0.256305673323,0.854352244411));
#12560 = DIRECTION('',(0.883877482326,-1.387778780781E-17,
    -0.467718501064));
#12561 = ORIENTED_EDGE('',*,*,#12547,.T.);
#12562 = CYLINDRICAL_SURFACE('',#12563,0.38);
#12563 = AXIS2_PLACEMENT_3D('',#12564,#12565,#12566);
#12564 = CARTESIAN_POINT('',(-6.35,-2.5,51.5));
#12565 = DIRECTION('',(0.452094729334,0.256305673323,0.854352244411));
#12566 = DIRECTION('',(0.883877482326,0.,-0.467718501064));
#12567 = ADVANCED_FACE('',(#12568),#12571,.T.);
#12568 = FACE_BOUND('',#12569,.T.);
#12569 = EDGE_LOOP('',(#12570));
#12570 = ORIENTED_EDGE('',*,*,#12538,.T.);
#12571 = PLANE('',#12572);
#12572 = AXIS2_PLACEMENT_3D('',#12573,#12574,#12575);
#12573 = CARTESIAN_POINT('',(-2.959289529993,-0.577707450075,
    57.907641833084));
#12574 = DIRECTION('',(0.452094729334,0.256305673323,0.854352244411));
#12575 = DIRECTION('',(0.883877482326,0.,-0.467718501064));
#12576 = ADVANCED_FACE('',(#12577),#12580,.F.);
#12577 = FACE_BOUND('',#12578,.T.);
#12578 = EDGE_LOOP('',(#12579));
#12579 = ORIENTED_EDGE('',*,*,#12555,.F.);
#12580 = PLANE('',#12581);
#12581 = AXIS2_PLACEMENT_3D('',#12582,#12583,#12584);
#12582 = CARTESIAN_POINT('',(-6.35,-2.5,51.5));
#12583 = DIRECTION('',(0.452094729334,0.256305673323,0.854352244411));
#12584 = DIRECTION('',(0.883877482326,0.,-0.467718501064));
#12585 = MANIFOLD_SOLID_BREP('',#12586);
#12586 = CLOSED_SHELL('',(#12587,#12620,#12629));
#12587 = ADVANCED_FACE('',(#12588),#12615,.T.);
#12588 = FACE_BOUND('',#12589,.T.);
#12589 = EDGE_LOOP('',(#12590,#12599,#12607,#12614));
#12590 = ORIENTED_EDGE('',*,*,#12591,.F.);
#12591 = EDGE_CURVE('',#12592,#12592,#12594,.T.);
#12592 = VERTEX_POINT('',#12593);
#12593 = CARTESIAN_POINT('',(-1.265667728385,-0.438126744641,
    58.257917724452));
#12594 = CIRCLE('',#12595,0.38);
#12595 = AXIS2_PLACEMENT_3D('',#12596,#12597,#12598);
#12596 = CARTESIAN_POINT('',(-1.627850804745,-0.438126744641,
    58.372910851196));
#12597 = DIRECTION('',(0.290953226034,0.274916434048,0.916388113493));
#12598 = DIRECTION('',(0.953113358842,-1.387778780781E-17,
    -0.302613491432));
#12599 = ORIENTED_EDGE('',*,*,#12600,.F.);
#12600 = EDGE_CURVE('',#12601,#12592,#12603,.T.);
#12601 = VERTEX_POINT('',#12602);
#12602 = CARTESIAN_POINT('',(-3.44781692364,-2.5,51.385006873256));
#12603 = LINE('',#12604,#12605);
#12604 = CARTESIAN_POINT('',(-3.44781692364,-2.5,51.385006873256));
#12605 = VECTOR('',#12606,1.);
#12606 = DIRECTION('',(0.290953226034,0.274916434048,0.916388113493));
#12607 = ORIENTED_EDGE('',*,*,#12608,.T.);
#12608 = EDGE_CURVE('',#12601,#12601,#12609,.T.);
#12609 = CIRCLE('',#12610,0.38);
#12610 = AXIS2_PLACEMENT_3D('',#12611,#12612,#12613);
#12611 = CARTESIAN_POINT('',(-3.81,-2.5,51.5));
#12612 = DIRECTION('',(0.290953226034,0.274916434048,0.916388113493));
#12613 = DIRECTION('',(0.953113358842,-1.387778780781E-17,
    -0.302613491432));
#12614 = ORIENTED_EDGE('',*,*,#12600,.T.);
#12615 = CYLINDRICAL_SURFACE('',#12616,0.38);
#12616 = AXIS2_PLACEMENT_3D('',#12617,#12618,#12619);
#12617 = CARTESIAN_POINT('',(-3.81,-2.5,51.5));
#12618 = DIRECTION('',(0.290953226034,0.274916434048,0.916388113493));
#12619 = DIRECTION('',(0.953113358842,-1.387778780781E-17,
    -0.302613491432));
#12620 = ADVANCED_FACE('',(#12621),#12624,.T.);
#12621 = FACE_BOUND('',#12622,.T.);
#12622 = EDGE_LOOP('',(#12623));
#12623 = ORIENTED_EDGE('',*,*,#12591,.T.);
#12624 = PLANE('',#12625);
#12625 = AXIS2_PLACEMENT_3D('',#12626,#12627,#12628);
#12626 = CARTESIAN_POINT('',(-1.627850804745,-0.438126744641,
    58.372910851196));
#12627 = DIRECTION('',(0.290953226034,0.274916434048,0.916388113493));
#12628 = DIRECTION('',(0.953113358842,-1.387778780781E-17,
    -0.302613491432));
#12629 = ADVANCED_FACE('',(#12630),#12633,.F.);
#12630 = FACE_BOUND('',#12631,.T.);
#12631 = EDGE_LOOP('',(#12632));
#12632 = ORIENTED_EDGE('',*,*,#12608,.F.);
#12633 = PLANE('',#12634);
#12634 = AXIS2_PLACEMENT_3D('',#12635,#12636,#12637);
#12635 = CARTESIAN_POINT('',(-3.81,-2.5,51.5));
#12636 = DIRECTION('',(0.290953226034,0.274916434048,0.916388113493));
#12637 = DIRECTION('',(0.953113358842,-1.387778780781E-17,
    -0.302613491432));
#12638 = MANIFOLD_SOLID_BREP('',#12639);
#12639 = CLOSED_SHELL('',(#12640,#12673,#12682));
#12640 = ADVANCED_FACE('',(#12641),#12668,.T.);
#12641 = FACE_BOUND('',#12642,.T.);
#12642 = EDGE_LOOP('',(#12643,#12652,#12660,#12667));
#12643 = ORIENTED_EDGE('',*,*,#12644,.F.);
#12644 = EDGE_CURVE('',#12645,#12645,#12647,.T.);
#12645 = VERTEX_POINT('',#12646);
#12646 = CARTESIAN_POINT('',(-0.513601776807,8.094936019126E-03,
    58.537877628935));
#12647 = CIRCLE('',#12648,0.38);
#12648 = AXIS2_PLACEMENT_3D('',#12649,#12650,#12651);
#12649 = CARTESIAN_POINT('',(-0.513601776807,-0.355879052365,
    58.64706982545));
#12650 = DIRECTION('',(0.100853096426,0.285882793018,0.952942643393));
#12651 = DIRECTION('',(0.,0.957826285221,-0.287347885566));
#12652 = ORIENTED_EDGE('',*,*,#12653,.F.);
#12653 = EDGE_CURVE('',#12654,#12645,#12656,.T.);
#12654 = VERTEX_POINT('',#12655);
#12655 = CARTESIAN_POINT('',(-1.27,-2.136026011616,51.390807803485));
#12656 = LINE('',#12657,#12658);
#12657 = CARTESIAN_POINT('',(-1.27,-2.136026011616,51.390807803485));
#12658 = VECTOR('',#12659,1.);
#12659 = DIRECTION('',(0.100853096426,0.285882793018,0.952942643393));
#12660 = ORIENTED_EDGE('',*,*,#12661,.T.);
#12661 = EDGE_CURVE('',#12654,#12654,#12662,.T.);
#12662 = CIRCLE('',#12663,0.38);
#12663 = AXIS2_PLACEMENT_3D('',#12664,#12665,#12666);
#12664 = CARTESIAN_POINT('',(-1.27,-2.5,51.5));
#12665 = DIRECTION('',(0.100853096426,0.285882793018,0.952942643393));
#12666 = DIRECTION('',(0.,0.957826285221,-0.287347885566));
#12667 = ORIENTED_EDGE('',*,*,#12653,.T.);
#12668 = CYLINDRICAL_SURFACE('',#12669,0.38);
#12669 = AXIS2_PLACEMENT_3D('',#12670,#12671,#12672);
#12670 = CARTESIAN_POINT('',(-1.27,-2.5,51.5));
#12671 = DIRECTION('',(0.100853096426,0.285882793018,0.952942643393));
#12672 = DIRECTION('',(-3.469446951954E-18,0.957826285221,
    -0.287347885566));
#12673 = ADVANCED_FACE('',(#12674),#12677,.T.);
#12674 = FACE_BOUND('',#12675,.T.);
#12675 = EDGE_LOOP('',(#12676));
#12676 = ORIENTED_EDGE('',*,*,#12644,.T.);
#12677 = PLANE('',#12678);
#12678 = AXIS2_PLACEMENT_3D('',#12679,#12680,#12681);
#12679 = CARTESIAN_POINT('',(-0.513601776807,-0.355879052365,
    58.64706982545));
#12680 = DIRECTION('',(0.100853096426,0.285882793018,0.952942643393));
#12681 = DIRECTION('',(-3.469446951954E-18,0.957826285221,
    -0.287347885566));
#12682 = ADVANCED_FACE('',(#12683),#12686,.F.);
#12683 = FACE_BOUND('',#12684,.T.);
#12684 = EDGE_LOOP('',(#12685));
#12685 = ORIENTED_EDGE('',*,*,#12661,.F.);
#12686 = PLANE('',#12687);
#12687 = AXIS2_PLACEMENT_3D('',#12688,#12689,#12690);
#12688 = CARTESIAN_POINT('',(-1.27,-2.5,51.5));
#12689 = DIRECTION('',(0.100853096426,0.285882793018,0.952942643393));
#12690 = DIRECTION('',(-3.469446951954E-18,0.957826285221,
    -0.287347885566));
#12691 = MANIFOLD_SOLID_BREP('',#12692);
#12692 = CLOSED_SHELL('',(#12693,#12726,#12735));
#12693 = ADVANCED_FACE('',(#12694),#12721,.T.);
#12694 = FACE_BOUND('',#12695,.T.);
#12695 = EDGE_LOOP('',(#12696,#12705,#12713,#12720));
#12696 = ORIENTED_EDGE('',*,*,#12697,.F.);
#12697 = EDGE_CURVE('',#12698,#12698,#12700,.T.);
#12698 = VERTEX_POINT('',#12699);
#12699 = CARTESIAN_POINT('',(0.513601776807,8.094936019127E-03,
    58.537877628935));
#12700 = CIRCLE('',#12701,0.38);
#12701 = AXIS2_PLACEMENT_3D('',#12702,#12703,#12704);
#12702 = CARTESIAN_POINT('',(0.513601776807,-0.355879052365,
    58.64706982545));
#12703 = DIRECTION('',(-0.100853096426,0.285882793018,0.952942643393));
#12704 = DIRECTION('',(-6.938893903907E-18,0.957826285221,
    -0.287347885566));
#12705 = ORIENTED_EDGE('',*,*,#12706,.F.);
#12706 = EDGE_CURVE('',#12707,#12698,#12709,.T.);
#12707 = VERTEX_POINT('',#12708);
#12708 = CARTESIAN_POINT('',(1.27,-2.136026011616,51.390807803485));
#12709 = LINE('',#12710,#12711);
#12710 = CARTESIAN_POINT('',(1.27,-2.136026011616,51.390807803485));
#12711 = VECTOR('',#12712,1.);
#12712 = DIRECTION('',(-0.100853096426,0.285882793018,0.952942643393));
#12713 = ORIENTED_EDGE('',*,*,#12714,.T.);
#12714 = EDGE_CURVE('',#12707,#12707,#12715,.T.);
#12715 = CIRCLE('',#12716,0.38);
#12716 = AXIS2_PLACEMENT_3D('',#12717,#12718,#12719);
#12717 = CARTESIAN_POINT('',(1.27,-2.5,51.5));
#12718 = DIRECTION('',(-0.100853096426,0.285882793018,0.952942643393));
#12719 = DIRECTION('',(-6.938893903907E-18,0.957826285221,
    -0.287347885566));
#12720 = ORIENTED_EDGE('',*,*,#12706,.T.);
#12721 = CYLINDRICAL_SURFACE('',#12722,0.38);
#12722 = AXIS2_PLACEMENT_3D('',#12723,#12724,#12725);
#12723 = CARTESIAN_POINT('',(1.27,-2.5,51.5));
#12724 = DIRECTION('',(-0.100853096426,0.285882793018,0.952942643393));
#12725 = DIRECTION('',(0.,0.957826285221,-0.287347885566));
#12726 = ADVANCED_FACE('',(#12727),#12730,.T.);
#12727 = FACE_BOUND('',#12728,.T.);
#12728 = EDGE_LOOP('',(#12729));
#12729 = ORIENTED_EDGE('',*,*,#12697,.T.);
#12730 = PLANE('',#12731);
#12731 = AXIS2_PLACEMENT_3D('',#12732,#12733,#12734);
#12732 = CARTESIAN_POINT('',(0.513601776807,-0.355879052365,
    58.64706982545));
#12733 = DIRECTION('',(-0.100853096426,0.285882793018,0.952942643393));
#12734 = DIRECTION('',(0.,0.957826285221,-0.287347885566));
#12735 = ADVANCED_FACE('',(#12736),#12739,.F.);
#12736 = FACE_BOUND('',#12737,.T.);
#12737 = EDGE_LOOP('',(#12738));
#12738 = ORIENTED_EDGE('',*,*,#12714,.F.);
#12739 = PLANE('',#12740);
#12740 = AXIS2_PLACEMENT_3D('',#12741,#12742,#12743);
#12741 = CARTESIAN_POINT('',(1.27,-2.5,51.5));
#12742 = DIRECTION('',(-0.100853096426,0.285882793018,0.952942643393));
#12743 = DIRECTION('',(0.,0.957826285221,-0.287347885566));
#12744 = MANIFOLD_SOLID_BREP('',#12745);
#12745 = CLOSED_SHELL('',(#12746,#12779,#12788));
#12746 = ADVANCED_FACE('',(#12747),#12774,.T.);
#12747 = FACE_BOUND('',#12748,.T.);
#12748 = EDGE_LOOP('',(#12749,#12758,#12766,#12773));
#12749 = ORIENTED_EDGE('',*,*,#12750,.F.);
#12750 = EDGE_CURVE('',#12751,#12751,#12753,.T.);
#12751 = VERTEX_POINT('',#12752);
#12752 = CARTESIAN_POINT('',(1.990033881105,-0.438126744641,
    58.48790397794));
#12753 = CIRCLE('',#12754,0.38);
#12754 = AXIS2_PLACEMENT_3D('',#12755,#12756,#12757);
#12755 = CARTESIAN_POINT('',(1.627850804745,-0.438126744641,
    58.372910851196));
#12756 = DIRECTION('',(-0.290953226034,0.274916434048,0.916388113493));
#12757 = DIRECTION('',(0.953113358842,0.,0.302613491432));
#12758 = ORIENTED_EDGE('',*,*,#12759,.F.);
#12759 = EDGE_CURVE('',#12760,#12751,#12762,.T.);
#12760 = VERTEX_POINT('',#12761);
#12761 = CARTESIAN_POINT('',(4.17218307636,-2.5,51.614993126744));
#12762 = LINE('',#12763,#12764);
#12763 = CARTESIAN_POINT('',(4.17218307636,-2.5,51.614993126744));
#12764 = VECTOR('',#12765,1.);
#12765 = DIRECTION('',(-0.290953226034,0.274916434048,0.916388113493));
#12766 = ORIENTED_EDGE('',*,*,#12767,.T.);
#12767 = EDGE_CURVE('',#12760,#12760,#12768,.T.);
#12768 = CIRCLE('',#12769,0.38);
#12769 = AXIS2_PLACEMENT_3D('',#12770,#12771,#12772);
#12770 = CARTESIAN_POINT('',(3.81,-2.5,51.5));
#12771 = DIRECTION('',(-0.290953226034,0.274916434048,0.916388113493));
#12772 = DIRECTION('',(0.953113358842,0.,0.302613491432));
#12773 = ORIENTED_EDGE('',*,*,#12759,.T.);
#12774 = CYLINDRICAL_SURFACE('',#12775,0.38);
#12775 = AXIS2_PLACEMENT_3D('',#12776,#12777,#12778);
#12776 = CARTESIAN_POINT('',(3.81,-2.5,51.5));
#12777 = DIRECTION('',(-0.290953226034,0.274916434048,0.916388113493));
#12778 = DIRECTION('',(0.953113358842,-1.387778780781E-17,0.302613491432
    ));
#12779 = ADVANCED_FACE('',(#12780),#12783,.T.);
#12780 = FACE_BOUND('',#12781,.T.);
#12781 = EDGE_LOOP('',(#12782));
#12782 = ORIENTED_EDGE('',*,*,#12750,.T.);
#12783 = PLANE('',#12784);
#12784 = AXIS2_PLACEMENT_3D('',#12785,#12786,#12787);
#12785 = CARTESIAN_POINT('',(1.627850804745,-0.438126744641,
    58.372910851196));
#12786 = DIRECTION('',(-0.290953226034,0.274916434048,0.916388113493));
#12787 = DIRECTION('',(0.953113358842,-1.387778780781E-17,0.302613491432
    ));
#12788 = ADVANCED_FACE('',(#12789),#12792,.F.);
#12789 = FACE_BOUND('',#12790,.T.);
#12790 = EDGE_LOOP('',(#12791));
#12791 = ORIENTED_EDGE('',*,*,#12767,.F.);
#12792 = PLANE('',#12793);
#12793 = AXIS2_PLACEMENT_3D('',#12794,#12795,#12796);
#12794 = CARTESIAN_POINT('',(3.81,-2.5,51.5));
#12795 = DIRECTION('',(-0.290953226034,0.274916434048,0.916388113493));
#12796 = DIRECTION('',(0.953113358842,-1.387778780781E-17,0.302613491432
    ));
#12797 = MANIFOLD_SOLID_BREP('',#12798);
#12798 = CLOSED_SHELL('',(#12799,#12832,#12841));
#12799 = ADVANCED_FACE('',(#12800),#12827,.T.);
#12800 = FACE_BOUND('',#12801,.T.);
#12801 = EDGE_LOOP('',(#12802,#12811,#12819,#12826));
#12802 = ORIENTED_EDGE('',*,*,#12803,.F.);
#12803 = EDGE_CURVE('',#12804,#12804,#12806,.T.);
#12804 = VERTEX_POINT('',#12805);
#12805 = CARTESIAN_POINT('',(3.295162973277,-0.577707450075,
    58.085374863488));
#12806 = CIRCLE('',#12807,0.38);
#12807 = AXIS2_PLACEMENT_3D('',#12808,#12809,#12810);
#12808 = CARTESIAN_POINT('',(2.959289529993,-0.577707450075,
    57.907641833084));
#12809 = DIRECTION('',(-0.452094729334,0.256305673323,0.854352244411));
#12810 = DIRECTION('',(0.883877482326,1.387778780781E-17,0.467718501064)
  );
#12811 = ORIENTED_EDGE('',*,*,#12812,.F.);
#12812 = EDGE_CURVE('',#12813,#12804,#12815,.T.);
#12813 = VERTEX_POINT('',#12814);
#12814 = CARTESIAN_POINT('',(6.685873443284,-2.5,51.677733030404));
#12815 = LINE('',#12816,#12817);
#12816 = CARTESIAN_POINT('',(6.685873443284,-2.5,51.677733030404));
#12817 = VECTOR('',#12818,1.);
#12818 = DIRECTION('',(-0.452094729334,0.256305673323,0.854352244411));
#12819 = ORIENTED_EDGE('',*,*,#12820,.T.);
#12820 = EDGE_CURVE('',#12813,#12813,#12821,.T.);
#12821 = CIRCLE('',#12822,0.38);
#12822 = AXIS2_PLACEMENT_3D('',#12823,#12824,#12825);
#12823 = CARTESIAN_POINT('',(6.35,-2.5,51.5));
#12824 = DIRECTION('',(-0.452094729334,0.256305673323,0.854352244411));
#12825 = DIRECTION('',(0.883877482326,1.387778780781E-17,0.467718501064)
  );
#12826 = ORIENTED_EDGE('',*,*,#12812,.T.);
#12827 = CYLINDRICAL_SURFACE('',#12828,0.38);
#12828 = AXIS2_PLACEMENT_3D('',#12829,#12830,#12831);
#12829 = CARTESIAN_POINT('',(6.35,-2.5,51.5));
#12830 = DIRECTION('',(-0.452094729334,0.256305673323,0.854352244411));
#12831 = DIRECTION('',(0.883877482326,0.,0.467718501064));
#12832 = ADVANCED_FACE('',(#12833),#12836,.T.);
#12833 = FACE_BOUND('',#12834,.T.);
#12834 = EDGE_LOOP('',(#12835));
#12835 = ORIENTED_EDGE('',*,*,#12803,.T.);
#12836 = PLANE('',#12837);
#12837 = AXIS2_PLACEMENT_3D('',#12838,#12839,#12840);
#12838 = CARTESIAN_POINT('',(2.959289529993,-0.577707450075,
    57.907641833084));
#12839 = DIRECTION('',(-0.452094729334,0.256305673323,0.854352244411));
#12840 = DIRECTION('',(0.883877482326,0.,0.467718501064));
#12841 = ADVANCED_FACE('',(#12842),#12845,.F.);
#12842 = FACE_BOUND('',#12843,.T.);
#12843 = EDGE_LOOP('',(#12844));
#12844 = ORIENTED_EDGE('',*,*,#12820,.F.);
#12845 = PLANE('',#12846);
#12846 = AXIS2_PLACEMENT_3D('',#12847,#12848,#12849);
#12847 = CARTESIAN_POINT('',(6.35,-2.5,51.5));
#12848 = DIRECTION('',(-0.452094729334,0.256305673323,0.854352244411));
#12849 = DIRECTION('',(0.883877482326,0.,0.467718501064));
#12850 = MANIFOLD_SOLID_BREP('',#12851);
#12851 = CLOSED_SHELL('',(#12852,#12885,#12894));
#12852 = ADVANCED_FACE('',(#12853),#12880,.T.);
#12853 = FACE_BOUND('',#12854,.T.);
#12854 = EDGE_LOOP('',(#12855,#12864,#12872,#12879));
#12855 = ORIENTED_EDGE('',*,*,#12856,.F.);
#12856 = EDGE_CURVE('',#12857,#12857,#12859,.T.);
#12857 = VERTEX_POINT('',#12858);
#12858 = CARTESIAN_POINT('',(4.855092746048,-0.742420284395,
    57.584803776236));
#12859 = CIRCLE('',#12860,0.38);
#12860 = AXIS2_PLACEMENT_3D('',#12861,#12862,#12863);
#12861 = CARTESIAN_POINT('',(4.54975453563,-0.742420284395,
    57.358599052018));
#12862 = DIRECTION('',(-0.578699395249,0.234343962081,0.781146540269));
#12863 = DIRECTION('',(0.803521606364,-1.387778780781E-17,0.595275590048
    ));
#12864 = ORIENTED_EDGE('',*,*,#12865,.F.);
#12865 = EDGE_CURVE('',#12866,#12857,#12868,.T.);
#12866 = VERTEX_POINT('',#12867);
#12867 = CARTESIAN_POINT('',(9.195338210418,-2.5,51.726204724218));
#12868 = LINE('',#12869,#12870);
#12869 = CARTESIAN_POINT('',(9.195338210418,-2.5,51.726204724218));
#12870 = VECTOR('',#12871,1.);
#12871 = DIRECTION('',(-0.578699395249,0.234343962081,0.781146540269));
#12872 = ORIENTED_EDGE('',*,*,#12873,.T.);
#12873 = EDGE_CURVE('',#12866,#12866,#12874,.T.);
#12874 = CIRCLE('',#12875,0.38);
#12875 = AXIS2_PLACEMENT_3D('',#12876,#12877,#12878);
#12876 = CARTESIAN_POINT('',(8.89,-2.5,51.5));
#12877 = DIRECTION('',(-0.578699395249,0.234343962081,0.781146540269));
#12878 = DIRECTION('',(0.803521606364,-1.387778780781E-17,0.595275590048
    ));
#12879 = ORIENTED_EDGE('',*,*,#12865,.T.);
#12880 = CYLINDRICAL_SURFACE('',#12881,0.38);
#12881 = AXIS2_PLACEMENT_3D('',#12882,#12883,#12884);
#12882 = CARTESIAN_POINT('',(8.89,-2.5,51.5));
#12883 = DIRECTION('',(-0.578699395249,0.234343962081,0.781146540269));
#12884 = DIRECTION('',(0.803521606364,-1.387778780781E-17,0.595275590048
    ));
#12885 = ADVANCED_FACE('',(#12886),#12889,.T.);
#12886 = FACE_BOUND('',#12887,.T.);
#12887 = EDGE_LOOP('',(#12888));
#12888 = ORIENTED_EDGE('',*,*,#12856,.T.);
#12889 = PLANE('',#12890);
#12890 = AXIS2_PLACEMENT_3D('',#12891,#12892,#12893);
#12891 = CARTESIAN_POINT('',(4.54975453563,-0.742420284395,
    57.358599052018));
#12892 = DIRECTION('',(-0.578699395249,0.234343962081,0.781146540269));
#12893 = DIRECTION('',(0.803521606364,-1.387778780781E-17,0.595275590048
    ));
#12894 = ADVANCED_FACE('',(#12895),#12898,.F.);
#12895 = FACE_BOUND('',#12896,.T.);
#12896 = EDGE_LOOP('',(#12897));
#12897 = ORIENTED_EDGE('',*,*,#12873,.F.);
#12898 = PLANE('',#12899);
#12899 = AXIS2_PLACEMENT_3D('',#12900,#12901,#12902);
#12900 = CARTESIAN_POINT('',(8.89,-2.5,51.5));
#12901 = DIRECTION('',(-0.578699395249,0.234343962081,0.781146540269));
#12902 = DIRECTION('',(0.803521606364,-1.387778780781E-17,0.595275590048
    ));
#12903 = ( GEOMETRIC_REPRESENTATION_CONTEXT(3) 
GLOBAL_UNCERTAINTY_ASSIGNED_CONTEXT((#12907)) 
GLOBAL_UNIT_ASSIGNED_CONTEXT((#12904,#12905,#12906)) 
REPRESENTATION_CONTEXT('Context #1',
  '3D Context with UNIT and UNCERTAINTY') );
#12904 = ( LENGTH_UNIT() NAMED_UNIT(*) SI_UNIT(.MILLI.,.METRE.) );
#12905 = ( NAMED_UNIT(*) PLANE_ANGLE_UNIT() SI_UNIT($,.RADIAN.) );
#12906 = ( NAMED_UNIT(*) SI_UNIT($,.STERADIAN.) SOLID_ANGLE_UNIT() );
#12907 = UNCERTAINTY_MEASURE_WITH_UNIT(LENGTH_MEASURE(5.E-07),#12904,
  'distance_accuracy_value','confusion accuracy');
#12908 = PRODUCT_RELATED_PRODUCT_CATEGORY('part',$,(#7));
ENDSEC;
END-ISO-10303-21;
